id,league,player,currency,gross_pw_eur,gross_py_eur,base_py_eur,signed,expiration,years_remaining,gross_remaining_eur,release_clause_eur,status,pos_broad,position,age,country,club
35562,Premier League,Erling Haaland,EUR,624750.0,54145000.0,32487000.0,2025-01-17,2034-06-30,8.0,259896000.0,,ACTIVE,F,CF,26,Norway,Manchester City
35563,Premier League,Virgil van Dijk,EUR,416500.0,28155400.0,21658000.0,2025-04-17,2027-06-30,1.0,21658000.0,,ACTIVE,D,CB,35,Netherlands,Liverpool
35564,Premier League,Enzo Fernández,EUR,416500.0,28155400.0,21658000.0,2026-09-01,2031-06-30,5.0,108290000.0,,ACTIVE,M,CM,25,Argentina,Manchester City
35565,Premier League,Bruno Fernandes,EUR,380800.0,25742080.0,19801600.0,2024-08-14,2027-06-30,1.0,19801600.0,67830000.0,ACTIVE,F,AM,31,Portugal,Manchester United
35566,Premier League,Dominik Szoboszlai,EUR,380800.0,25742080.0,19801600.0,2026-07-17,2031-06-30,5.0,99008000.0,,ACTIVE,F,AM,25,Hungary,Liverpool
35567,Premier League,Cody Gakpo,EUR,368900.0,24937640.0,19182800.0,2025-08-30,2030-06-30,4.0,76731200.0,,ACTIVE,F,LW,27,Netherlands,Liverpool
35568,Premier League,Marcus Rashford,EUR,357000.0,24133200.0,18564000.0,2023-07-18,2028-06-30,2.0,37128000.0,,ACTIVE,F,LW,28,England,Manchester United
35569,Premier League,Phil Foden,EUR,357000.0,24133200.0,18564000.0,2026-07-22,2030-06-30,4.0,74256000.0,,ACTIVE,F,AM,26,England,Manchester City
35570,Premier League,Bukayo Saka,EUR,357000.0,24133200.0,18564000.0,2026-02-19,2030-06-30,4.0,74256000.0,,ACTIVE,F,RW,24,England,Arsenal
35571,Premier League,Alexander Isak,EUR,357000.0,24133200.0,18564000.0,2025-09-01,2031-06-30,5.0,92820000.0,,ACTIVE,F,CF,26,Sweden,Liverpool
35572,Premier League,Ryan Gravenberch,EUR,357000.0,24133200.0,18564000.0,2026-03-07,2032-06-30,6.0,111384000.0,,ACTIVE,M,DM,24,Netherlands,Liverpool
35573,Premier League,Kai Havertz,EUR,333200.0,22524320.0,17326400.0,2023-07-01,2028-06-30,2.0,34652800.0,,ACTIVE,F,CF,27,Germany,Arsenal
35574,Premier League,Morgan Rogers,EUR,333200.0,22524320.0,17326400.0,2026-07-21,2033-06-30,7.0,121284800.0,,ACTIVE,F,AM,24,England,Chelsea
35575,Premier League,Bradley Barcola,EUR,333200.0,22524320.0,17326400.0,2026-08-31,2031-06-30,5.0,86632000.0,,ACTIVE,F,LW,24,France,Liverpool
35576,Premier League,Gianluigi Donnarumma,EUR,327250.0,22122100.0,17017000.0,2025-09-01,2030-06-30,4.0,68068000.0,,ACTIVE,K,GK,27,Italy,Manchester City
35577,Premier League,William Saliba,EUR,321300.0,21719880.0,16707600.0,2025-09-30,2030-06-30,4.0,66830400.0,,ACTIVE,D,CB,25,France,Arsenal
35578,Premier League,Marc Guéhi,EUR,321300.0,21719880.0,16707600.0,2026-01-19,2031-06-30,5.0,83538000.0,,ACTIVE,D,CB,26,England,Manchester City
35579,Premier League,Martin Ødegaard,EUR,309400.0,20915440.0,16088800.0,2023-09-22,2028-06-30,2.0,32177600.0,,ACTIVE,F,AM,27,Norway,Arsenal
35580,Premier League,Josko Gvardiol,EUR,309400.0,20915440.0,16088800.0,2026-07-28,2031-06-30,5.0,80444000.0,,ACTIVE,D,CB,24,Croatia,Manchester City
35581,Premier League,Declan Rice,EUR,309400.0,20915440.0,16088800.0,2023-07-15,2028-06-30,2.0,32177600.0,,ACTIVE,M,CM,27,England,Arsenal
35582,Premier League,Rúben Dias,EUR,309400.0,20915440.0,16088800.0,2025-08-22,2029-06-30,3.0,48266400.0,,ACTIVE,D,CB,29,Portugal,Manchester City
35583,Premier League,Bruno Guimarães,EUR,297500.0,20111000.0,15470000.0,2026-08-08,2030-06-30,4.0,61880000.0,,ACTIVE,M,CM,28,Brazil,Arsenal
35584,Premier League,Florian Wirtz,EUR,297500.0,20111000.0,15470000.0,2025-07-01,2030-06-30,4.0,61880000.0,,ACTIVE,F,AM,23,Germany,Liverpool
35585,Premier League,Moisés Caicedo,EUR,297500.0,20111000.0,15470000.0,2026-04-17,2033-06-30,7.0,108290000.0,,ACTIVE,M,DM,24,Ecuador,Chelsea
35586,Premier League,Omar Marmoush,EUR,297500.0,19337500.0,15470000.0,2026-08-27,2027-06-30,1.0,15470000.0,,LOAN,F,CF,27,Egypt,Tottenham
35587,Premier League,Hugo Ekitiké,EUR,297500.0,20111000.0,15470000.0,2025-07-23,2031-06-30,5.0,77350000.0,,ACTIVE,F,CF,24,France,Liverpool
35588,Premier League,Elliot Anderson,EUR,297500.0,20111000.0,15470000.0,2026-07-23,2032-06-30,6.0,92820000.0,,ACTIVE,M,CM,23,England,Manchester City
35589,Premier League,Youri Tielemans,EUR,297500.0,20111000.0,15470000.0,2026-07-14,2031-06-30,5.0,77350000.0,,ACTIVE,M,CM,29,Belgium,Manchester United
35590,Premier League,Alisson,EUR,297500.0,20111000.0,15470000.0,2021-08-04,2027-06-30,1.0,15470000.0,,ACTIVE,K,GK,33,Brazil,Liverpool
35591,Premier League,Reece James,EUR,273700.0,18502120.0,14232400.0,2026-03-13,2032-06-30,6.0,85394400.0,,ACTIVE,D,RB,26,England,Chelsea
35592,Premier League,Jack Grealish,EUR,267750.0,17403750.0,13923000.0,2026-09-01,2027-06-30,1.0,13923000.0,,LOAN,F,LW,30,England,Everton
35593,Premier League,Cole Palmer,EUR,261800.0,17697680.0,13613600.0,2024-08-13,2033-06-30,7.0,95295200.0,,ACTIVE,F,AM,24,England,Chelsea
35594,Premier League,Viktor Gyökeres,EUR,261800.0,17697680.0,13613600.0,2025-07-26,2030-06-30,4.0,54454400.0,,ACTIVE,F,CF,28,Sweden,Arsenal
35595,Premier League,Leon Goretzka,EUR,261800.0,17697680.0,13613600.0,2026-08-27,2028-06-30,2.0,27227200.0,,ACTIVE,M,CM,31,Germany,Aston Villa
35596,Premier League,Wesley Fofana,EUR,261800.0,17697680.0,13613600.0,2022-08-31,2029-06-30,3.0,40840800.0,,ACTIVE,D,CB,25,France,Chelsea
35597,Premier League,Pedro Neto,EUR,261800.0,17697680.0,13613600.0,2024-08-11,2031-06-30,5.0,68068000.0,,ACTIVE,F,RW,26,Portugal,Chelsea
35598,Premier League,Matheus Cunha,EUR,261800.0,17697680.0,13613600.0,2025-07-01,2030-06-30,4.0,54454400.0,,ACTIVE,F,CF,27,Brazil,Manchester United
35599,Premier League,Benjamin Sesko,EUR,249900.0,16893240.0,12994800.0,2025-08-09,2030-06-30,4.0,51979200.0,,ACTIVE,F,CF,23,Slovenia,Manchester United
35600,Premier League,Ronald Araujo,EUR,249900.0,16893240.0,12994800.0,2026-08-10,2027-06-30,1.0,12994800.0,,LOAN,D,CB,27,Uruguay,Liverpool
35601,Premier League,Matthijs de Ligt,EUR,243950.0,16491020.0,12685400.0,2024-08-13,2029-06-30,3.0,38056200.0,,ACTIVE,D,CB,27,Netherlands,Manchester United
35602,Premier League,Xavi Simons,EUR,238000.0,15470000.0,12376000.0,2025-08-29,2030-06-30,4.0,49504000.0,,ACTIVE,F,AM,23,Netherlands,Tottenham
35603,Premier League,Sandro Tonali,EUR,238000.0,15470000.0,12376000.0,2026-07-06,2032-06-30,6.0,74256000.0,,ACTIVE,M,DM,26,Italy,Tottenham
35604,Premier League,Eberechi Eze,EUR,238000.0,16088800.0,12376000.0,2025-08-23,2029-06-30,3.0,37128000.0,,ACTIVE,F,AM,28,England,Arsenal
35605,Premier League,Rayan Cherki,EUR,238000.0,16088800.0,12376000.0,2025-06-10,2030-06-30,4.0,49504000.0,,ACTIVE,F,AM,23,France,Manchester City
35606,Premier League,João Pedro,EUR,238000.0,16088800.0,12376000.0,2026-08-22,2034-06-30,8.0,99008000.0,,ACTIVE,F,CF,24,Brazil,Chelsea
35607,Premier League,Maxence Lacroix,EUR,226100.0,15284360.0,11757200.0,2026-07-30,2032-06-30,6.0,70543200.0,,ACTIVE,D,CB,26,France,Chelsea
35608,Premier League,Joelinton,EUR,226100.0,14696500.0,11757200.0,2024-04-11,2028-06-30,2.0,23514400.0,,ACTIVE,M,CM,30,Brazil,Newcastle
35609,Premier League,Antoine Semenyo,EUR,214200.0,14479920.0,11138400.0,2026-01-09,2031-06-30,5.0,55692000.0,,ACTIVE,F,RW,26,Ghana,Manchester City
35610,Premier League,Gabriel Magalhães,EUR,214200.0,14479920.0,11138400.0,2025-06-06,2029-06-30,3.0,33415200.0,,ACTIVE,D,CB,28,Brazil,Arsenal
35611,Premier League,Mateus Fernandes,EUR,214200.0,13923000.0,11138400.0,2026-07-02,2031-06-30,5.0,55692000.0,,ACTIVE,M,CM,22,Portugal,Tottenham
35612,Premier League,Ezri Konsa,EUR,214200.0,14479920.0,11138400.0,2026-08-21,2027-06-30,1.0,11138400.0,,ACTIVE,D,CB,28,England,Arsenal
35613,Premier League,Emiliano Martínez,EUR,214200.0,14479920.0,11138400.0,2026-08-30,2029-06-30,3.0,33415200.0,,ACTIVE,K,GK,34,Argentina,Chelsea
35614,Premier League,Alexis Mac Allister,EUR,214200.0,14479920.0,11138400.0,2023-07-01,2028-06-30,2.0,22276800.0,,ACTIVE,M,CM,27,Argentina,Liverpool
35615,Premier League,Nicolas Jackson,EUR,214200.0,14479920.0,11138400.0,2026-08-28,2031-06-30,5.0,55692000.0,,ACTIVE,F,CF,25,Senegal,Aston Villa
35616,Premier League,Harry Maguire,EUR,214200.0,14479920.0,11138400.0,2026-04-07,2027-06-30,1.0,11138400.0,,ACTIVE,D,CB,33,England,Manchester United
35617,Premier League,Iliman Ndiaye,EUR,214200.0,14479920.0,11138400.0,2026-09-01,2031-06-30,5.0,55692000.0,,ACTIVE,F,RW,26,Senegal,Manchester City
35618,Premier League,Boubacar Kamara,EUR,202300.0,13675480.0,10519600.0,2025-07-24,2030-06-30,4.0,42078400.0,,ACTIVE,M,DM,26,France,Aston Villa
35619,Premier League,João Gomes,EUR,202300.0,13675480.0,10519600.0,2026-07-20,2031-06-30,5.0,52598000.0,,ACTIVE,M,CM,25,Brazil,Aston Villa
35620,Premier League,Yoane Wissa,EUR,202300.0,13149500.0,10519600.0,2025-09-01,2029-06-30,3.0,31558800.0,,ACTIVE,F,CF,29,Democratic Republic of the Congo,Newcastle
35621,Premier League,Bryan Mbeumo,EUR,202300.0,13675480.0,10519600.0,2025-07-21,2030-06-30,4.0,42078400.0,,ACTIVE,F,RW,27,Cameroon,Manchester United
35622,Premier League,Jan Paul van Hecke,EUR,202300.0,13149500.0,10519600.0,2026-07-01,2027-06-30,1.0,10519600.0,,ACTIVE,D,CB,26,Netherlands,Tottenham
35623,Premier League,James Maddison,EUR,202300.0,13149500.0,10519600.0,2023-07-01,2028-06-30,2.0,21039200.0,,ACTIVE,F,AM,29,England,Tottenham
35624,Premier League,Jérémy Doku,EUR,202300.0,13675480.0,10519600.0,2026-08-13,2031-06-30,5.0,52598000.0,,ACTIVE,F,LW,24,Belgium,Manchester City
35625,Premier League,Matheus Nunes,EUR,190400.0,12871040.0,9900800.0,2023-09-01,2028-06-30,2.0,19801600.0,,ACTIVE,D,RB,28,Portugal,Manchester City
35626,Premier League,Amadou Onana,EUR,190400.0,12871040.0,9900800.0,2024-07-22,2029-06-30,3.0,29702400.0,,ACTIVE,M,DM,25,Belgium,Aston Villa
35627,Premier League,Sven Botman,EUR,190400.0,12376000.0,9900800.0,2026-01-12,2030-06-30,4.0,39603200.0,,ACTIVE,D,CB,26,Netherlands,Newcastle
35628,Premier League,Conor Gallagher,EUR,190400.0,12376000.0,9900800.0,2026-01-14,2031-06-30,5.0,49504000.0,,ACTIVE,M,CM,26,England,Tottenham
35629,Premier League,Federico Chiesa,EUR,190400.0,12871040.0,9900800.0,2024-08-29,2028-06-30,2.0,19801600.0,,ACTIVE,F,RW,28,Italy,Liverpool
35630,Premier League,Kobbie Mainoo,EUR,190400.0,12871040.0,9900800.0,2026-04-30,2031-06-30,5.0,49504000.0,,ACTIVE,M,CM,21,England,Manchester United
35631,Premier League,Noni Madueke,EUR,190400.0,12871040.0,9900800.0,2025-07-18,2030-06-30,4.0,39603200.0,,ACTIVE,F,RW,24,England,Arsenal
35632,Premier League,Andrew Robertson,EUR,190400.0,12376000.0,9900800.0,2026-07-01,2030-06-30,4.0,39603200.0,,ACTIVE,D,LB,32,Scotland,Tottenham
35633,Premier League,Mateo Kovacic,EUR,178500.0,12066600.0,9282000.0,2023-07-01,2027-06-30,1.0,9282000.0,,ACTIVE,M,CM,32,Croatia,Manchester City
35634,Premier League,Mason Mount,EUR,178500.0,12066600.0,9282000.0,2023-07-05,2028-06-30,2.0,18564000.0,,ACTIVE,F,AM,27,England,Manchester United
35635,Premier League,Jacob Ramsey,EUR,178500.0,11602500.0,9282000.0,2025-08-17,2030-06-30,4.0,37128000.0,,ACTIVE,M,CM,25,England,Newcastle
35636,Premier League,Marcos Senesi,EUR,178500.0,11602500.0,9282000.0,2026-07-01,2030-06-30,4.0,37128000.0,,ACTIVE,D,CB,29,Argentina,Tottenham
35637,Premier League,Mohammed Kudus,EUR,178500.0,11602500.0,9282000.0,2025-07-10,2031-06-30,5.0,46410000.0,,ACTIVE,F,RW,26,Ghana,Tottenham
35638,Premier League,Jordan Pickford,EUR,178500.0,11602500.0,9282000.0,2025-10-16,2029-06-30,3.0,27846000.0,,ACTIVE,K,GK,32,England,Everton
35639,Premier League,Pedro Porro,EUR,178500.0,11602500.0,9282000.0,2026-06-14,2031-06-30,5.0,46410000.0,,ACTIVE,D,RB,26,Spain,Tottenham
35640,Premier League,Carlos Baleba,EUR,178500.0,12066600.0,9282000.0,2026-08-25,2031-06-30,5.0,46410000.0,,ACTIVE,M,DM,22,Cameroon,Manchester United
35641,Premier League,Ayyoub Bouaddi,EUR,178500.0,12066600.0,9282000.0,2026-08-26,2031-06-30,5.0,46410000.0,,ACTIVE,M,CM,18,Morocco,Manchester City
35642,Premier League,Anthony Elanga,EUR,178500.0,11602500.0,9282000.0,2025-07-11,2030-06-30,4.0,37128000.0,,ACTIVE,F,RW,24,Sweden,Newcastle
35643,Premier League,Ben White,EUR,178500.0,12066600.0,9282000.0,2024-03-14,2028-06-30,2.0,18564000.0,,ACTIVE,D,RB,28,England,Arsenal
35644,Premier League,Marco Palestra,EUR,178500.0,12066600.0,9282000.0,2026-07-01,2033-06-30,7.0,64974000.0,,ACTIVE,D,RB,21,Italy,Chelsea
35645,Premier League,Luke Shaw,EUR,178500.0,12066600.0,9282000.0,2023-04-04,2027-06-30,1.0,9282000.0,,ACTIVE,D,LB,31,England,Manchester United
35646,Premier League,Jérémy Jacquet,EUR,178500.0,12066600.0,9282000.0,2026-07-01,2031-06-30,5.0,46410000.0,,ACTIVE,D,CB,21,France,Liverpool
35647,Premier League,Tammy Abraham,EUR,172550.0,11664380.0,8972600.0,2026-01-27,2030-06-30,4.0,35890400.0,,ACTIVE,F,CF,28,England,Aston Villa
35648,Premier League,Nico González,EUR,166600.0,10829000.0,8663200.0,2026-08-26,2027-06-30,1.0,8663200.0,,ACTIVE,M,DM,24,Spain,Newcastle
35649,Premier League,Morgan Gibbs-White,EUR,166600.0,10829000.0,8663200.0,2025-07-26,2028-06-30,2.0,17326400.0,,ACTIVE,F,AM,26,England,Nottingham Forest
35650,Premier League,Riccardo Calafiori,EUR,166600.0,11262160.0,8663200.0,2024-07-29,2029-06-30,3.0,25989600.0,,ACTIVE,D,LB,24,Italy,Arsenal
35651,Premier League,David Raya,EUR,166600.0,11262160.0,8663200.0,2024-07-04,2028-06-30,2.0,17326400.0,,ACTIVE,K,GK,30,Spain,Arsenal
35652,Premier League,Mikel Merino,EUR,166600.0,11262160.0,8663200.0,2024-08-27,2028-06-30,2.0,17326400.0,,ACTIVE,M,CM,30,Spain,Arsenal
35653,Premier League,Dominic Solanke,EUR,166600.0,10829000.0,8663200.0,2024-08-10,2030-06-30,4.0,34652800.0,,ACTIVE,F,CF,28,England,Tottenham
35654,Premier League,Noussair Mazraoui,EUR,160650.0,10859940.0,8353800.0,2024-08-13,2028-06-30,2.0,16707600.0,,ACTIVE,D,RB,28,Morocco,Manchester United
35655,Premier League,Jorrel Hato,EUR,154700.0,10457720.0,8044400.0,2025-08-03,2032-06-30,6.0,48266400.0,,ACTIVE,D,LB,20,Netherlands,Chelsea
35656,Premier League,Jarrad Branthwaite,EUR,154700.0,10055500.0,8044400.0,2025-07-02,2030-06-30,4.0,32177600.0,,ACTIVE,D,CB,24,England,Everton
35657,Premier League,Amad Diallo,EUR,154700.0,10457720.0,8044400.0,2025-01-09,2030-06-30,4.0,32177600.0,,ACTIVE,F,RW,24,Cote d'Ivoire,Manchester United
35658,Premier League,Micky van de Ven,EUR,154700.0,10055500.0,8044400.0,2026-08-10,2031-06-30,5.0,40222000.0,,ACTIVE,D,CB,25,Netherlands,Tottenham
35659,Premier League,John McGinn,EUR,154700.0,10457720.0,8044400.0,2025-11-05,2028-06-30,2.0,16088800.0,,ACTIVE,M,CM,31,Scotland,Aston Villa
35660,Premier League,Lisandro Martínez,EUR,154700.0,10457720.0,8044400.0,2022-07-27,2027-06-30,1.0,8044400.0,,ACTIVE,D,CB,28,Argentina,Manchester United
35661,Premier League,Manuel Ugarte,EUR,154700.0,10457720.0,8044400.0,2024-08-30,2029-06-30,3.0,24133200.0,,ACTIVE,M,DM,25,Uruguay,Manchester United
35662,Premier League,Bernd Leno,EUR,154700.0,10055500.0,8044400.0,2023-12-13,2027-06-30,1.0,8044400.0,,ACTIVE,K,GK,34,Germany,Fulham
35663,Premier League,Rayan Aït-Nouri,EUR,154700.0,10457720.0,8044400.0,2025-06-09,2030-06-30,4.0,32177600.0,,ACTIVE,D,LB,25,Algeria,Manchester City
35664,Premier League,Sávio,EUR,154700.0,10055500.0,8044400.0,2026-08-25,2031-06-30,5.0,40222000.0,,ACTIVE,F,LW,22,Brazil,Tottenham
35665,Premier League,Evanilson,EUR,148750.0,10055500.0,7735000.0,2024-08-16,2029-06-30,3.0,23205000.0,,ACTIVE,F,CF,26,Brazil,Bournemouth
35666,Premier League,Harvey Barnes,EUR,148750.0,9668750.0,7735000.0,2026-07-27,2027-06-30,1.0,7735000.0,,ACTIVE,F,LW,28,England,Newcastle
35667,Premier League,Jørgen Strand Larsen,EUR,148750.0,9668750.0,7735000.0,2026-02-02,2030-06-30,4.0,30940000.0,,ACTIVE,F,CF,26,Norway,Crystal Palace
35668,Premier League,Murillo,EUR,142800.0,9282000.0,7425600.0,2026-05-23,2030-06-30,4.0,29702400.0,,ACTIVE,D,CB,24,Brazil,Nottingham Forest
35669,Premier League,Jamie Bynoe-Gittens,EUR,142800.0,9653280.0,7425600.0,2025-07-05,2032-06-30,6.0,44553600.0,,ACTIVE,F,LW,22,England,Chelsea
35670,Premier League,Andrey Santos,EUR,142800.0,9653280.0,7425600.0,2026-07-13,2031-06-30,5.0,37128000.0,,ACTIVE,M,DM,22,Brazil,Manchester United
35671,Premier League,Víctor Muñoz,EUR,142800.0,9653280.0,7425600.0,2026-07-01,2032-06-30,6.0,44553600.0,,ACTIVE,F,LW,23,Spain,Liverpool
35672,Premier League,Leny Yoro,EUR,142800.0,9653280.0,7425600.0,2024-07-18,2029-06-30,3.0,22276800.0,,ACTIVE,D,CB,20,France,Manchester United
35673,Premier League,Victor Lindelöf,EUR,142800.0,9653280.0,7425600.0,2025-09-01,2027-06-30,1.0,7425600.0,,ACTIVE,D,CB,32,Sweden,Aston Villa
35674,Premier League,Richarlison,EUR,142800.0,9282000.0,7425600.0,2022-07-01,2027-06-30,1.0,7425600.0,,ACTIVE,F,CF,29,Brazil,Tottenham
35675,Premier League,Piero Hincapié,EUR,142800.0,9653280.0,7425600.0,2026-07-01,2031-06-30,5.0,37128000.0,,ACTIVE,D,CB,24,Ecuador,Arsenal
35676,Premier League,Dejan Kulusevski,EUR,142800.0,9282000.0,7425600.0,2023-07-01,2028-06-30,2.0,14851200.0,,ACTIVE,F,AM,26,Sweden,Tottenham
35677,Premier League,James Tarkowski,EUR,142800.0,9282000.0,7425600.0,2025-10-08,2028-06-30,2.0,14851200.0,,ACTIVE,D,CB,33,England,Everton
35678,Premier League,Dominic Calvert-Lewin,EUR,142800.0,9282000.0,7425600.0,2025-08-15,2028-06-30,2.0,14851200.0,,ACTIVE,F,CF,29,England,Leeds
35679,Premier League,Tosin Adarabioyo,EUR,142800.0,9282000.0,7425600.0,2026-09-01,2027-06-30,1.0,7425600.0,,ACTIVE,D,CB,28,England,Tottenham
35680,Premier League,Daniel Muñoz,EUR,142800.0,9282000.0,7425600.0,2026-08-31,2029-06-30,3.0,22276800.0,,ACTIVE,D,RB,30,Colombia,Nottingham Forest
35681,Premier League,Matteo Ruggeri,EUR,142800.0,9653280.0,7425600.0,2026-08-19,2027-06-30,1.0,7425600.0,,ACTIVE,D,LB,24,Italy,Aston Villa
35682,Premier League,Sander Berge,EUR,142800.0,9282000.0,7425600.0,2024-08-22,2029-06-30,3.0,22276800.0,,ACTIVE,M,DM,28,Norway,Fulham
35683,Premier League,Callum Hudson-Odoi,EUR,142800.0,9282000.0,7425600.0,2025-08-30,2028-06-30,2.0,14851200.0,,ACTIVE,F,LW,25,England,Nottingham Forest
35684,Premier League,Alejandro Garnacho,EUR,142800.0,9653280.0,7425600.0,2026-07-23,2027-06-30,1.0,7425600.0,,LOAN,F,LW,22,Argentina,Aston Villa
35685,Premier League,Taylor Harwood-Bellis,EUR,142800.0,9653280.0,7425600.0,2026-09-01,2027-06-30,1.0,7425600.0,,ACTIVE,D,CB,24,England,Aston Villa
35686,Premier League,Estêvão,EUR,142800.0,9653280.0,7425600.0,2025-07-14,2033-06-30,7.0,51979200.0,,ACTIVE,F,RW,19,Brazil,Chelsea
35687,Premier League,Jeremie Frimpong,EUR,142800.0,9653280.0,7425600.0,2025-07-01,2030-06-30,4.0,29702400.0,,ACTIVE,D,RB,25,Netherlands,Liverpool
35688,Premier League,Jurriën Timber,EUR,142800.0,9653280.0,7425600.0,2023-07-14,2028-06-30,2.0,14851200.0,,ACTIVE,D,RB,25,Netherlands,Arsenal
35689,Premier League,Valentín Barco,EUR,130900.0,8848840.0,6806800.0,2026-08-02,2033-06-30,7.0,47647600.0,,ACTIVE,M,CM,22,Argentina,Chelsea
35690,Premier League,Pau Torres,EUR,130900.0,8848840.0,6806800.0,2023-07-12,2028-06-30,2.0,13613600.0,,ACTIVE,D,CB,29,Spain,Aston Villa
35691,Premier League,Tyrone Mings,EUR,130900.0,8848840.0,6806800.0,2025-06-04,2027-06-30,1.0,6806800.0,,ACTIVE,D,CB,33,England,Aston Villa
35692,Premier League,Zion Suzuki,EUR,130900.0,8848840.0,6806800.0,2026-08-19,2027-06-30,1.0,6806800.0,,ACTIVE,K,GK,24,Japan,Aston Villa
35693,Premier League,Ian Maatsen,EUR,130900.0,8848840.0,6806800.0,2024-07-01,2030-06-30,4.0,27227200.0,,ACTIVE,D,LB,24,Netherlands,Aston Villa
35694,Premier League,Justin Kluivert,EUR,130900.0,8848840.0,6806800.0,2023-07-01,2028-06-30,2.0,13613600.0,,ACTIVE,F,AM,27,Netherlands,Bournemouth
35695,Premier League,Brennan Johnson,EUR,130900.0,8508500.0,6806800.0,2026-08-11,2030-06-30,4.0,27227200.0,,ACTIVE,F,RW,25,Wales,Everton
35696,Premier League,Granit Xhaka,EUR,130900.0,8848840.0,6806800.0,2025-07-30,2028-06-30,2.0,13613600.0,,ACTIVE,M,DM,33,Switzerland,Sunderland
35697,Premier League,Igor Thiago,EUR,130900.0,8508500.0,6806800.0,2026-02-13,2031-06-30,5.0,34034000.0,,ACTIVE,F,CF,25,Brazil,Brentford
35698,Premier League,Nikola Milenković,EUR,130900.0,8508500.0,6806800.0,2024-07-18,2029-06-30,3.0,20420400.0,,ACTIVE,D,CB,28,Serbia,Nottingham Forest
35699,Premier League,Abdukodir Khusanov,EUR,130900.0,8848840.0,6806800.0,2026-07-25,2031-06-30,5.0,34034000.0,,ACTIVE,D,CB,22,Uzbekistan,Manchester City
35700,Premier League,Alex Iwobi,EUR,130900.0,8508500.0,6806800.0,2023-09-01,2028-06-30,2.0,13613600.0,,ACTIVE,F,LW,30,Nigeria,Fulham
35701,Premier League,Joachim Andersen,EUR,130900.0,8508500.0,6806800.0,2024-08-23,2029-06-30,3.0,20420400.0,,ACTIVE,D,CB,30,Denmark,Fulham
35702,Premier League,Matty Cash,EUR,130900.0,8848840.0,6806800.0,2025-10-27,2029-06-30,3.0,20420400.0,,ACTIVE,D,RB,29,Poland,Aston Villa
35703,Premier League,Levi Colwill,EUR,130900.0,8848840.0,6806800.0,2023-08-02,2029-06-30,3.0,20420400.0,,ACTIVE,D,CB,23,England,Chelsea
35704,Premier League,Joshua Zirkzee,EUR,130900.0,8848840.0,6806800.0,2024-07-14,2029-06-30,3.0,20420400.0,,ACTIVE,F,CF,25,Netherlands,Manchester United
35705,Premier League,Mykhailo Mudryk,EUR,130900.0,8508500.0,6806800.0,2026-09-01,2027-06-30,1.0,6806800.0,,LOAN,F,LW,25,Ukraine,Tottenham
35706,Premier League,Daichi Kamada,EUR,124950.0,9282000.0,6497400.0,2026-07-08,2027-06-30,1.0,6497400.0,,ACTIVE,F,AM,30,Japan,Crystal Palace
35707,Premier League,Kiernan Dewsbury-Hall,EUR,119000.0,7735000.0,6188000.0,2025-08-06,2030-06-30,4.0,24752000.0,,ACTIVE,M,CM,27,England,Everton
35708,Premier League,Jordan Henderson,EUR,119000.0,8044400.0,6188000.0,2026-08-03,2028-06-30,2.0,12376000.0,,ACTIVE,M,CM,36,England,Chelsea
35709,Premier League,Chris Wood,EUR,119000.0,7735000.0,6188000.0,2025-01-23,2027-06-30,1.0,6188000.0,,ACTIVE,F,CF,34,New Zealand,Nottingham Forest
35710,Premier League,Giorgi Mamardashvili,EUR,119000.0,8044400.0,6188000.0,2024-08-27,2031-06-30,5.0,30940000.0,,ACTIVE,K,GK,25,Georgia,Liverpool
35711,Premier League,Dean Henderson,EUR,119000.0,7735000.0,6188000.0,2023-08-31,2028-06-30,2.0,12376000.0,,ACTIVE,K,GK,29,England,Crystal Palace
35712,Premier League,Mamadou Sangaré,EUR,119000.0,7735000.0,6188000.0,2026-08-01,2031-06-30,5.0,30940000.0,,ACTIVE,M,CM,24,Mali,Brentford
35713,Premier League,Kalvin Phillips,EUR,119000.0,8044400.0,6188000.0,2022-07-04,2028-06-30,2.0,12376000.0,,INACTIVE,M,DM,30,England,Manchester City
35714,Premier League,Liam Delap,EUR,119000.0,7735000.0,6188000.0,2026-08-27,2031-06-30,5.0,30940000.0,,ACTIVE,F,CF,23,England,Nottingham Forest
35715,Premier League,Enzo Le Fée,EUR,119000.0,8044400.0,6188000.0,2026-09-23,2031-06-30,5.0,30940000.0,,ACTIVE,M,CM,26,France,Sunderland
35716,Premier League,Exequiel Palacios,EUR,119000.0,7735000.0,6188000.0,2026-08-27,2030-06-30,4.0,24752000.0,,ACTIVE,M,CM,27,Argentina,Ipswich Town
35717,Premier League,James Trafford,EUR,119000.0,7735000.0,6188000.0,2026-08-06,2031-06-30,5.0,30940000.0,,ACTIVE,K,GK,23,England,Leeds
35718,Premier League,Matias Fernandez-Pardo,EUR,119000.0,7735000.0,6188000.0,2026-09-01,2027-06-30,1.0,6188000.0,,ACTIVE,F,CF,21,Belgium,Newcastle
35719,Premier League,Nordi Mukiele,EUR,119000.0,8044400.0,6188000.0,2025-08-17,2029-06-30,3.0,18564000.0,,ACTIVE,D,RB,28,France,Sunderland
35720,Premier League,Luka Vuskovic,EUR,119000.0,8044400.0,6188000.0,2026-07-14,2031-06-30,5.0,30940000.0,,ACTIVE,D,CB,19,Croatia,Brighton
35721,Premier League,Tarik Muharemović,EUR,119000.0,7735000.0,6188000.0,2026-07-17,2031-06-30,5.0,30940000.0,,ACTIVE,D,CB,23,Bosnia-Herzegovina,Leeds
35722,Premier League,Aaron Wan-Bissaka,EUR,119000.0,8044400.0,6188000.0,2026-08-21,2027-06-30,1.0,6188000.0,,LOAN,D,RB,28,Democratic Republic of the Congo,Aston Villa
35723,Premier League,Diogo Dalot,EUR,113050.0,7642180.0,5878600.0,2023-05-31,2028-06-30,2.0,11757200.0,,ACTIVE,D,RB,27,Portugal,Manchester United
35724,Premier League,Ferdi Kadıoğlu,EUR,113050.0,7642180.0,5878600.0,2024-08-27,2028-06-30,2.0,11757200.0,,ACTIVE,D,LB,26,Turkey,Brighton
35725,Premier League,Ibrahim Sangaré,EUR,113050.0,7348250.0,5878600.0,2026-07-28,2029-06-30,3.0,17635800.0,,ACTIVE,M,DM,28,Cote d'Ivoire,Nottingham Forest
35726,Premier League,Hayden Hackney,EUR,107100.0,6961500.0,5569200.0,2026-07-02,2031-06-30,5.0,27846000.0,,ACTIVE,M,DM,24,England,Everton
35727,Premier League,Ibrahim Mbaye,EUR,107100.0,7239960.0,5569200.0,2026-09-01,2027-06-30,1.0,5569200.0,,ACTIVE,F,RW,18,Senegal,Aston Villa
35728,Premier League,Destiny Udogie,EUR,107100.0,6961500.0,5569200.0,2023-12-12,2030-06-30,4.0,22276800.0,,ACTIVE,D,LB,23,Italy,Tottenham
35729,Premier League,Joe Willock,EUR,107100.0,6961500.0,5569200.0,2021-08-13,2027-06-30,1.0,5569200.0,,ACTIVE,M,CM,27,England,Newcastle
35730,Premier League,Kaoru Mitoma,EUR,107100.0,7239960.0,5569200.0,2023-10-20,2027-06-30,1.0,5569200.0,,ACTIVE,F,LW,29,Japan,Brighton
35731,Premier League,Bafodé Diakité,EUR,107100.0,7239960.0,5569200.0,2025-08-13,2030-06-30,4.0,22276800.0,,ACTIVE,D,CB,25,France,Bournemouth
35732,Premier League,Malick Thiaw,EUR,107100.0,6961500.0,5569200.0,2025-08-12,2029-06-30,3.0,16707600.0,,ACTIVE,D,CB,25,Germany,Newcastle
35733,Premier League,Pascal Groß,EUR,107100.0,7239960.0,5569200.0,2026-01-02,2027-06-30,1.0,5569200.0,,ACTIVE,M,CM,35,Germany,Brighton
35734,Premier League,Mikkel Damsgaard,EUR,107100.0,6961500.0,5569200.0,2025-01-22,2030-06-30,4.0,22276800.0,,ACTIVE,F,AM,26,Denmark,Brentford
35735,Premier League,Martín Zubimendi,EUR,107100.0,7239960.0,5569200.0,2025-07-06,2030-06-30,4.0,22276800.0,,ACTIVE,M,DM,27,Spain,Arsenal
35736,Premier League,Amar Dedic,EUR,107100.0,6961500.0,5569200.0,2026-08-18,2031-06-30,5.0,27846000.0,,ACTIVE,D,RB,24,Bosnia-Herzegovina,Newcastle
35737,Premier League,Neco Williams,EUR,107100.0,6961500.0,5569200.0,2025-07-01,2029-06-30,3.0,16707600.0,,ACTIVE,D,LB,25,Wales,Nottingham Forest
35738,Premier League,Ousmane Diomande,EUR,107100.0,6961500.0,5569200.0,2026-08-11,2030-06-30,4.0,22276800.0,,ACTIVE,D,CB,22,Cote d'Ivoire,Nottingham Forest
35739,Premier League,Eddie Nketiah,EUR,107100.0,6961500.0,5569200.0,2024-08-30,2029-06-30,3.0,16707600.0,,ACTIVE,F,CF,27,England,Crystal Palace
35740,Premier League,Emile Smith Rowe,EUR,107100.0,6961500.0,5569200.0,2024-08-02,2029-06-30,3.0,16707600.0,,ACTIVE,F,AM,26,England,Fulham
35741,Premier League,Danny Welbeck,EUR,107100.0,7239960.0,5569200.0,2026-08-01,2028-06-30,2.0,11138400.0,,ACTIVE,F,CF,35,England,Chelsea
35742,Premier League,James Garner,EUR,107100.0,6961500.0,5569200.0,2026-01-23,2030-06-30,4.0,22276800.0,,ACTIVE,M,DM,25,England,Everton
35743,Premier League,Christos Tzolis,EUR,107100.0,7239960.0,5569200.0,2026-07-23,2031-06-30,5.0,27846000.0,,ACTIVE,F,LW,24,Greece,Arsenal
35744,Premier League,Milos Kerkez,EUR,107100.0,7239960.0,5569200.0,2025-07-01,2030-06-30,4.0,22276800.0,,ACTIVE,D,LB,22,Hungary,Liverpool
35745,Premier League,Geovany Quenda,EUR,107100.0,7239960.0,5569200.0,2026-07-01,2034-06-30,8.0,44553600.0,,ACTIVE,F,RW,19,Portugal,Chelsea
35746,Premier League,Sean Longstaff,EUR,107100.0,6961500.0,5569200.0,2025-07-18,2029-06-30,3.0,16707600.0,,ACTIVE,M,CM,28,England,Leeds
35747,Premier League,Michele Di Gregorio,EUR,107100.0,7239960.0,5569200.0,2026-08-25,2027-06-30,1.0,5569200.0,,LOAN,K,GK,29,Italy,Bournemouth
35748,Premier League,Vitaliy Mykolenko,EUR,107100.0,6961500.0,5569200.0,2026-06-08,2029-06-30,3.0,16707600.0,,ACTIVE,D,LB,27,Ukraine,Everton
35749,Premier League,Malo Gusto,EUR,107100.0,7239960.0,5569200.0,2023-01-29,2030-06-30,4.0,22276800.0,,ACTIVE,D,RB,23,France,Chelsea
35750,Premier League,Ainsley Maitland-Niles,EUR,107100.0,6961500.0,5569200.0,2026-09-01,2027-06-30,1.0,5569200.0,,ACTIVE,D,RB,29,England,Everton
35751,Premier League,Marcus Tavernier,EUR,107100.0,7239960.0,5569200.0,2025-09-06,2029-06-30,3.0,16707600.0,,ACTIVE,F,AM,27,England,Bournemouth
35752,Premier League,Johan Manzambi,EUR,101150.0,6837740.0,5259800.0,2026-07-17,2031-06-30,5.0,26299000.0,,ACTIVE,F,AM,20,Switzerland,Aston Villa
35753,Premier League,Daniel James,EUR,101150.0,6574750.0,5259800.0,2025-07-14,2029-06-30,3.0,15779400.0,,ACTIVE,F,RW,28,Wales,Leeds
35754,Premier League,Emiliano Buendía,EUR,101150.0,6837740.0,5259800.0,2025-01-29,2027-06-30,1.0,5259800.0,,ACTIVE,F,AM,29,Argentina,Aston Villa
35755,Premier League,Rodrigo Bentancur,EUR,101150.0,6574750.0,5259800.0,2025-10-03,2029-06-30,3.0,15779400.0,,ACTIVE,M,DM,29,Uruguay,Tottenham
35756,Premier League,Ryan Christie,EUR,101150.0,6837740.0,5259800.0,2026-06-13,2029-06-30,3.0,15779400.0,,ACTIVE,M,CM,31,Scotland,Bournemouth
35757,Premier League,Dan Ndoye,EUR,101150.0,6574750.0,5259800.0,2025-07-31,2030-06-30,4.0,21039200.0,,ACTIVE,F,RW,25,Switzerland,Nottingham Forest
35758,Premier League,Georginio Rutter,EUR,101150.0,6837740.0,5259800.0,2024-08-19,2028-06-30,2.0,10519600.0,,ACTIVE,F,CF,24,France,Brighton
35759,Premier League,Lewis Dunk,EUR,101150.0,6837740.0,5259800.0,2025-12-13,2027-06-30,1.0,5259800.0,,ACTIVE,D,CB,34,England,Brighton
35760,Premier League,Konstantinos Tsimikas,EUR,101150.0,6837740.0,5259800.0,2023-09-25,2027-06-30,1.0,5259800.0,,ACTIVE,D,LB,30,Greece,Liverpool
35761,Premier League,Joe Gomez,EUR,101150.0,6837740.0,5259800.0,2022-07-07,2027-06-30,1.0,5259800.0,,ACTIVE,D,CB,29,England,Liverpool
35762,Premier League,Conor Bradley,EUR,101150.0,6837740.0,5259800.0,2025-05-17,2029-06-30,3.0,15779400.0,,ACTIVE,D,RB,23,Northern Ireland,Liverpool
35763,Premier League,Antonee Robinson,EUR,101150.0,6574750.0,5259800.0,2023-07-07,2028-06-30,2.0,10519600.0,,ACTIVE,D,LB,29,United States,Fulham
35764,Premier League,Michael Keane,EUR,95200.0,6188000.0,4950400.0,2026-04-23,2027-06-30,1.0,4950400.0,,ACTIVE,D,CB,33,England,Everton
35765,Premier League,David Brooks,EUR,95200.0,6435520.0,4950400.0,2025-09-11,2029-06-30,3.0,14851200.0,,ACTIVE,F,RW,29,Wales,Bournemouth
35766,Premier League,Ben Davies,EUR,95200.0,6188000.0,4950400.0,2026-06-10,2027-06-30,1.0,4950400.0,,ACTIVE,D,CB,33,Wales,Tottenham
35767,Premier League,Harry Wilson,EUR,95200.0,6188000.0,4950400.0,2026-07-08,2030-06-30,4.0,19801600.0,,ACTIVE,F,RW,29,Wales,Leeds
35768,Premier League,Senne Lammens,EUR,95200.0,6435520.0,4950400.0,2025-09-01,2030-06-30,4.0,19801600.0,,ACTIVE,K,GK,24,Belgium,Manchester United
35769,Premier League,Mathias Jensen,EUR,95200.0,6188000.0,4950400.0,2026-06-01,2027-06-30,1.0,4950400.0,,ACTIVE,M,CM,30,Denmark,Brentford
35770,Premier League,Kristoffer Ajer,EUR,95200.0,6188000.0,4950400.0,2026-01-22,2030-06-30,4.0,19801600.0,,ACTIVE,D,CB,28,Norway,Brentford
35771,Premier League,Ethan Ampadu,EUR,95200.0,6188000.0,4950400.0,2026-06-04,2030-06-30,4.0,19801600.0,,ACTIVE,M,DM,25,Wales,Leeds
35772,Premier League,Brenden Aaronson,EUR,95200.0,6188000.0,4950400.0,2026-08-20,2029-06-30,3.0,14851200.0,,ACTIVE,F,AM,25,United States,Leeds
35773,Premier League,Axel Disasi,EUR,95200.0,6188000.0,4950400.0,2026-08-26,2027-06-30,1.0,4950400.0,,LOAN,D,CB,28,France,Crystal Palace
35774,Premier League,Ben Chilwell,EUR,95200.0,6188000.0,4950400.0,2026-09-01,2027-06-30,1.0,4950400.0,,ACTIVE,D,LB,29,England,Crystal Palace
35775,Premier League,Pascal Struijk,EUR,95200.0,6435520.0,4950400.0,2026-07-01,2031-06-30,5.0,24752000.0,,ACTIVE,D,CB,27,Netherlands,Brighton
35776,Premier League,Florentino,EUR,95200.0,6188000.0,4950400.0,2026-08-04,2031-06-30,5.0,24752000.0,,ACTIVE,M,DM,27,Portugal,Ipswich Town
35777,Premier League,Evann Guessand,EUR,95200.0,6188000.0,4950400.0,2026-08-12,2027-06-30,1.0,4950400.0,,LOAN,F,RW,25,Cote d'Ivoire,Crystal Palace
35778,Premier League,Dango Ouattara,EUR,95200.0,6188000.0,4950400.0,2025-08-16,2030-06-30,4.0,19801600.0,,ACTIVE,F,RW,24,Burkina Faso,Brentford
35779,Premier League,Caoimhín Kelleher,EUR,95200.0,6188000.0,4950400.0,2025-07-01,2030-06-30,4.0,19801600.0,,ACTIVE,K,GK,27,Ireland,Brentford
35780,Premier League,Óscar Mingueza,EUR,95200.0,6188000.0,4950400.0,2026-07-09,2030-06-30,4.0,19801600.0,,ACTIVE,D,RB,27,Spain,Crystal Palace
35781,Premier League,Quinten Timber,EUR,95200.0,6188000.0,4950400.0,2026-09-01,2031-06-30,5.0,24752000.0,,ACTIVE,M,CM,25,Netherlands,Crystal Palace
35782,Premier League,Lukas Hornicek,EUR,95200.0,6188000.0,4950400.0,2026-08-03,2031-06-30,5.0,24752000.0,,ACTIVE,K,GK,24,Czech Republic,Newcastle
35783,Premier League,Noah Okafor,EUR,95200.0,6188000.0,4950400.0,2025-08-21,2029-06-30,3.0,14851200.0,,ACTIVE,F,LW,26,Switzerland,Leeds
35784,Premier League,Tyler Adams,EUR,95200.0,6435520.0,4950400.0,2023-08-20,2028-06-30,2.0,9900800.0,,ACTIVE,M,DM,27,United States,Bournemouth
35785,Premier League,Archie Gray,EUR,95200.0,6188000.0,4950400.0,2024-07-02,2030-06-30,4.0,19801600.0,,ACTIVE,D,RB,20,England,Tottenham
35786,Premier League,Lewis Cook,EUR,95200.0,6435520.0,4950400.0,2024-07-04,2028-06-30,2.0,9900800.0,,ACTIVE,M,CM,29,England,Bournemouth
35787,Premier League,Kevin,EUR,95200.0,6188000.0,4950400.0,2025-09-01,2030-06-30,4.0,19801600.0,,ACTIVE,F,LW,23,Brazil,Fulham
35788,Premier League,Ryan Sessegnon,EUR,89250.0,5801250.0,4641000.0,2026-04-22,2027-06-30,1.0,4641000.0,,ACTIVE,D,LB,26,England,Fulham
35789,Premier League,Dan Burn,EUR,89250.0,5801250.0,4641000.0,2025-05-24,2027-06-30,1.0,4641000.0,,ACTIVE,D,CB,34,England,Newcastle
35790,Premier League,Joe Rodon,EUR,89250.0,5801250.0,4641000.0,2026-08-19,2030-06-30,4.0,18564000.0,,ACTIVE,D,CB,28,Wales,Leeds
35791,Premier League,Cheick Doucouré,EUR,89250.0,5801250.0,4641000.0,2024-02-28,2029-06-30,3.0,13923000.0,,ACTIVE,M,DM,26,Mali,Crystal Palace
35792,Premier League,Saša Lukić,EUR,89250.0,5801250.0,4641000.0,2026-08-08,2030-06-30,4.0,18564000.0,,ACTIVE,M,CM,30,Serbia,Ipswich Town
35793,Premier League,Matt O'Riley,EUR,89250.0,6033300.0,4641000.0,2024-08-26,2029-06-30,3.0,13923000.0,,ACTIVE,M,CM,25,Denmark,Brighton
35794,Premier League,Ismaïla Sarr,EUR,89250.0,5801250.0,4641000.0,2024-08-01,2029-06-30,3.0,13923000.0,,ACTIVE,F,RW,28,Senegal,Crystal Palace
35795,Premier League,Gonzalo García,EUR,89250.0,5801250.0,4641000.0,2026-08-03,2031-06-30,5.0,23205000.0,,ACTIVE,F,CF,22,Spain,Fulham
35796,Premier League,Jack Grealish,EUR,89250.0,6033300.0,4641000.0,2021-08-05,2027-06-30,1.0,4641000.0,,INACTIVE,F,LW,30,England,Manchester City
35797,Premier League,Thomas Meunier,EUR,89250.0,6033300.0,4641000.0,2026-07-15,2028-06-30,2.0,9282000.0,,ACTIVE,D,RB,34,Belgium,Sunderland
35798,Premier League,Bazoumana Touré,EUR,89250.0,5801250.0,4641000.0,2026-07-05,2031-06-30,5.0,23205000.0,,ACTIVE,F,LW,20,Cote d'Ivoire,Newcastle
35799,Premier League,Oscar Bobb,EUR,89250.0,5801250.0,4641000.0,2026-01-30,2031-06-30,5.0,23205000.0,,ACTIVE,F,RW,23,Norway,Fulham
35800,Premier League,Tino Livramento,EUR,89250.0,5801250.0,4641000.0,2023-08-08,2028-06-30,2.0,9282000.0,,ACTIVE,D,RB,23,England,Newcastle
35801,Premier League,Jefferson Lerma,EUR,83300.0,5414500.0,4331600.0,2026-06-10,2027-06-30,1.0,4331600.0,,ACTIVE,M,DM,31,Colombia,Crystal Palace
35802,Premier League,Olivier Boscagli,EUR,83300.0,5631080.0,4331600.0,2025-07-02,2030-06-30,4.0,17326400.0,,ACTIVE,D,CB,28,France,Brighton
35803,Premier League,Fabian Schär,EUR,83300.0,5414500.0,4331600.0,2026-06-02,2027-06-30,1.0,4331600.0,,ACTIVE,D,CB,34,Switzerland,Newcastle
35804,Premier League,Mats Wieffer,EUR,83300.0,5631080.0,4331600.0,2024-07-05,2029-06-30,3.0,12994800.0,,ACTIVE,D,RB,26,Netherlands,Brighton
35805,Premier League,Cristhian Mosquera,EUR,83300.0,5631080.0,4331600.0,2025-07-24,2030-06-30,4.0,17326400.0,,ACTIVE,D,CB,22,Spain,Arsenal
35806,Premier League,Michael Kayode,EUR,83300.0,5414500.0,4331600.0,2026-07-03,2032-06-30,6.0,25989600.0,,ACTIVE,D,RB,22,Italy,Brentford
35807,Premier League,Keane Lewis-Potter,EUR,83300.0,5414500.0,4331600.0,2025-01-08,2031-06-30,5.0,21658000.0,,ACTIVE,M,LM,25,England,Brentford
35808,Premier League,Ola Aina,EUR,83300.0,5414500.0,4331600.0,2025-07-07,2028-06-30,2.0,8663200.0,,ACTIVE,D,RB,29,Nigeria,Nottingham Forest
35809,Premier League,Jaidon Anthony,EUR,83300.0,5414500.0,4331600.0,2026-07-07,2030-06-30,4.0,17326400.0,,ACTIVE,F,LW,26,England,Brentford
35810,Premier League,Dwight McNeil,EUR,83300.0,5414500.0,4331600.0,2026-08-11,2030-06-30,4.0,17326400.0,,ACTIVE,F,LW,26,England,Crystal Palace
35811,Premier League,Kevin Danso,EUR,83300.0,5631080.0,4331600.0,2026-09-01,2027-06-30,1.0,4331600.0,,LOAN,D,CB,27,Austria,Sunderland
35812,Premier League,Aaron Hickey,EUR,83300.0,5414500.0,4331600.0,2025-01-11,2028-06-30,2.0,8663200.0,,ACTIVE,D,RB,24,Scotland,Brentford
35813,Premier League,Takehiro Tomiyasu,EUR,83300.0,5414500.0,4331600.0,2026-08-07,2027-06-30,1.0,4331600.0,,ACTIVE,D,CB,27,Japan,Crystal Palace
35814,Premier League,Rayan,EUR,83300.0,5631080.0,4331600.0,2026-01-27,2031-06-30,5.0,21658000.0,103530000.0,ACTIVE,F,RW,20,Brazil,Bournemouth
35815,Premier League,Antonín Kinský,EUR,83300.0,5414500.0,4331600.0,2026-06-30,2031-06-30,5.0,21658000.0,,ACTIVE,K,GK,23,Czech Republic,Tottenham
35816,Premier League,Christian Nørgaard,EUR,83300.0,5414500.0,4331600.0,2026-08-05,2028-06-30,2.0,8663200.0,,ACTIVE,M,DM,32,Denmark,Everton
35817,Premier League,Djordje Petrovic,EUR,83300.0,5631080.0,4331600.0,2025-07-16,2030-06-30,4.0,17326400.0,,ACTIVE,K,GK,26,Serbia,Bournemouth
35818,Premier League,Amine Adli,EUR,83300.0,5631080.0,4331600.0,2025-08-21,2030-06-30,4.0,17326400.0,,ACTIVE,F,LW,26,Morocco,Bournemouth
35819,Premier League,Lucas Bergvall,EUR,83300.0,5414500.0,4331600.0,2025-04-29,2031-06-30,5.0,21658000.0,,ACTIVE,M,CM,20,Sweden,Tottenham
35820,Premier League,Merlin Röhl,EUR,83300.0,5414500.0,4331600.0,2026-07-01,2029-06-30,3.0,12994800.0,,ACTIVE,F,AM,24,Germany,Everton
35821,Premier League,Timothy Castagne,EUR,83300.0,5414500.0,4331600.0,2023-08-29,2027-06-30,1.0,4331600.0,,ACTIVE,D,RB,30,Belgium,Fulham
35822,Premier League,Issa Diop,EUR,83300.0,5414500.0,4331600.0,2026-07-22,2030-06-30,4.0,17326400.0,,ACTIVE,D,CB,29,Morocco,Ipswich Town
35823,Premier League,Hugo Larsson,EUR,83300.0,5414500.0,4331600.0,2026-09-01,2027-06-30,1.0,4331600.0,,LOAN,M,CM,22,Sweden,Fulham
35824,Premier League,Roméo Lavia,EUR,83300.0,5631080.0,4331600.0,2023-08-18,2030-06-30,4.0,17326400.0,,ACTIVE,M,DM,22,Belgium,Chelsea
35825,Premier League,Pep Chavarría,EUR,83300.0,5631080.0,4331600.0,2026-08-12,2031-06-30,5.0,21658000.0,,ACTIVE,D,LB,28,Spain,Chelsea
35826,Premier League,Emanuel Emegha,EUR,83300.0,5631080.0,4331600.0,2026-07-01,2033-06-30,7.0,30321200.0,,ACTIVE,F,CF,23,Netherlands,Chelsea
35827,Premier League,Adrien Truffert,EUR,77350.0,5228860.0,4022200.0,2025-07-01,2030-06-30,4.0,16088800.0,,ACTIVE,D,LB,24,France,Bournemouth
35828,Premier League,Jean-Philippe Mateta,EUR,77350.0,5027750.0,4022200.0,2024-12-23,2027-06-30,1.0,4022200.0,,ACTIVE,F,CF,29,France,Crystal Palace
35829,Premier League,Mathys Tel,EUR,77350.0,5027750.0,4022200.0,2025-07-01,2031-06-30,5.0,20111000.0,,ACTIVE,F,LW,21,France,Tottenham
35830,Premier League,Lewis Hall,EUR,77350.0,5027750.0,4022200.0,2024-07-01,2029-06-30,3.0,12066600.0,,ACTIVE,D,LB,21,England,Newcastle
35831,Premier League,Brian Brobbey,EUR,77350.0,5228860.0,4022200.0,2025-09-01,2029-06-30,3.0,12066600.0,,ACTIVE,F,CF,24,Netherlands,Sunderland
35832,Premier League,Maxim De Cuyper,EUR,77350.0,5228860.0,4022200.0,2025-07-05,2030-06-30,4.0,16088800.0,,ACTIVE,D,LB,25,Belgium,Brighton
35833,Premier League,David Affengruber,EUR,77350.0,5027750.0,4022200.0,2026-09-01,2030-06-30,4.0,16088800.0,,ACTIVE,D,CB,25,Austria,Fulham
35834,Premier League,Giovanni Leoni,EUR,77350.0,5228860.0,4022200.0,2025-08-15,2031-06-30,5.0,20111000.0,,ACTIVE,D,CB,19,Italy,Liverpool
35835,Premier League,Yeremi Pino,EUR,77350.0,5027750.0,4022200.0,2025-08-29,2030-06-30,4.0,16088800.0,,ACTIVE,F,LW,23,Spain,Crystal Palace
35836,Premier League,Igor Jesus,EUR,77350.0,5027750.0,4022200.0,2025-07-05,2029-06-30,3.0,12066600.0,,ACTIVE,F,CF,25,Brazil,Nottingham Forest
35837,Premier League,Omar Alderete,EUR,77350.0,5228860.0,4022200.0,2025-08-12,2029-06-30,3.0,12066600.0,,ACTIVE,D,CB,29,Paraguay,Sunderland
35838,Premier League,Kenny Tete,EUR,77350.0,5027750.0,4022200.0,2025-07-01,2028-06-30,2.0,8044400.0,,ACTIVE,D,RB,30,Netherlands,Fulham
35839,Premier League,Rodrigo Muniz,EUR,77350.0,5027750.0,4022200.0,2025-10-01,2030-06-30,4.0,16088800.0,,ACTIVE,F,CF,25,Brazil,Fulham
35840,Premier League,Gerónimo Rulli,EUR,77350.0,5228860.0,4022200.0,2026-08-12,2028-06-30,2.0,8044400.0,,ACTIVE,K,GK,34,Argentina,Manchester City
35841,Premier League,Sorba Thomas,EUR,71400.0,4641000.0,3712800.0,2026-09-01,2030-06-30,4.0,14851200.0,,ACTIVE,F,LW,27,Wales,Hull City
35842,Premier League,Calvin Bassey,EUR,71400.0,4641000.0,3712800.0,2023-07-28,2027-06-30,1.0,3712800.0,,ACTIVE,D,CB,26,Nigeria,Fulham
35843,Premier League,António Silva,EUR,71400.0,4826640.0,3712800.0,2026-08-01,2031-06-30,5.0,18564000.0,,ACTIVE,D,CB,22,Portugal,Bournemouth
35844,Premier League,Nick Pope,EUR,71400.0,4641000.0,3712800.0,2022-07-01,2027-06-30,1.0,3712800.0,,ACTIVE,K,GK,34,England,Newcastle
35845,Premier League,Julio Enciso,EUR,71400.0,4641000.0,3712800.0,2026-08-17,2031-06-30,5.0,18564000.0,,ACTIVE,F,AM,22,Paraguay,Ipswich Town
35846,Premier League,Ryan Yates,EUR,71400.0,4641000.0,3712800.0,2024-07-25,2028-06-30,2.0,7425600.0,,ACTIVE,M,CM,28,England,Nottingham Forest
35847,Premier League,Kepa Arrizabalaga,EUR,71400.0,4826640.0,3712800.0,2025-07-01,2028-06-30,2.0,7425600.0,,ACTIVE,K,GK,31,Spain,Arsenal
35848,Premier League,Nico O'Reilly,EUR,71400.0,4826640.0,3712800.0,2025-09-26,2030-06-30,4.0,14851200.0,,ACTIVE,D,LB,21,England,Manchester City
35849,Premier League,Chris Richards,EUR,71400.0,4641000.0,3712800.0,2022-07-27,2027-06-30,1.0,3712800.0,,ACTIVE,D,CB,26,United States,Crystal Palace
35850,Premier League,Adam Smith,EUR,71400.0,4826640.0,3712800.0,2026-02-12,2027-06-30,1.0,3712800.0,,ACTIVE,D,RB,35,England,Bournemouth
35851,Premier League,Callum Wilson,EUR,71400.0,4641000.0,3712800.0,2026-07-09,2027-06-30,1.0,3712800.0,,ACTIVE,F,CF,34,England,Brentford
35852,Premier League,Shea Charles,EUR,71400.0,4641000.0,3712800.0,2026-08-11,2031-06-30,5.0,18564000.0,,ACTIVE,M,DM,22,Northern Ireland,Fulham
35853,Premier League,Will Hughes,EUR,71400.0,4641000.0,3712800.0,2025-04-15,2027-06-30,1.0,3712800.0,,ACTIVE,M,CM,31,England,Crystal Palace
35854,Premier League,Melvin Bard,EUR,71400.0,4641000.0,3712800.0,2026-09-01,2027-06-30,1.0,3712800.0,,LOAN,D,LB,25,France,Leeds
35855,Premier League,Diego Gómez,EUR,71400.0,4826640.0,3712800.0,2026-08-14,2031-06-30,5.0,18564000.0,,ACTIVE,M,CM,23,Paraguay,Brighton
35856,Premier League,Ross Barkley,EUR,71400.0,4826640.0,3712800.0,2024-07-01,2027-06-30,1.0,3712800.0,,ACTIVE,M,CM,32,England,Aston Villa
35857,Premier League,Anan Khalaili,EUR,71400.0,4641000.0,3712800.0,2026-08-15,2031-06-30,5.0,18564000.0,,ACTIVE,D,RB,21,Israel,Crystal Palace
35858,Premier League,Tyrique George,EUR,71400.0,4641000.0,3712800.0,2026-07-06,2030-06-30,4.0,14851200.0,,ACTIVE,F,LW,20,England,Everton
35859,Premier League,Kane Taylor,EUR,71400.0,4826640.0,3712800.0,2019-08-06,2027-06-30,1.0,3712800.0,,INACTIVE,M,CM,21,England,Aston Villa
35860,Premier League,Jayden Bogle,EUR,65450.0,4254250.0,3403400.0,2026-08-20,2030-06-30,4.0,13613600.0,,ACTIVE,D,RB,26,England,Leeds
35861,Premier League,Thierno Barry,EUR,65450.0,4254250.0,3403400.0,2025-07-09,2029-06-30,3.0,10210200.0,,ACTIVE,F,CF,23,France,Everton
35862,Premier League,Myles Lewis-Skelly,EUR,65450.0,4424420.0,3403400.0,2025-06-26,2030-06-30,4.0,13613600.0,,ACTIVE,D,LB,19,England,Arsenal
35863,Premier League,James Hill,EUR,59500.0,4022200.0,3094000.0,2025-09-09,2029-06-30,3.0,9282000.0,,ACTIVE,D,CB,24,England,Bournemouth
35864,Premier League,Alex Scott,EUR,59500.0,4022200.0,3094000.0,2023-08-10,2028-06-30,2.0,6188000.0,,ACTIVE,M,CM,23,England,Bournemouth
35865,Premier League,Fraser Forster,EUR,59500.0,4022200.0,3094000.0,2026-06-25,2027-06-30,1.0,3094000.0,,ACTIVE,K,GK,38,England,Bournemouth
35866,Premier League,El Hadji Malick Diouf,EUR,59500.0,3867500.0,3094000.0,2026-08-28,2031-06-30,5.0,15470000.0,,ACTIVE,D,LB,21,Senegal,Brentford
35867,Premier League,Rico Henry,EUR,59500.0,3867500.0,3094000.0,2026-06-01,2027-06-30,1.0,3094000.0,,ACTIVE,D,LB,29,Jamaica,Brentford
35868,Premier League,Vitaly Janelt,EUR,59500.0,3867500.0,3094000.0,2026-01-17,2030-06-30,4.0,12376000.0,,ACTIVE,M,DM,28,Germany,Brentford
35869,Premier League,Charalampos Kostoulas,EUR,59500.0,4022200.0,3094000.0,2025-07-01,2030-06-30,4.0,12376000.0,,ACTIVE,F,CF,19,Greece,Brighton
35870,Premier League,Yankuba Minteh,EUR,59500.0,4022200.0,3094000.0,2024-07-01,2029-06-30,3.0,9282000.0,,ACTIVE,F,RW,22,The Gambia,Brighton
35871,Premier League,Aarón Anselmino,EUR,59500.0,4022200.0,3094000.0,2024-08-08,2031-06-30,5.0,15470000.0,,ACTIVE,D,CB,21,Argentina,Chelsea
35872,Premier League,Gabriel Slonina,EUR,59500.0,4022200.0,3094000.0,2022-08-02,2028-06-30,2.0,6188000.0,,ACTIVE,K,GK,22,United States,Chelsea
35873,Premier League,Taiwo Awoniyi,EUR,59500.0,3867500.0,3094000.0,2026-08-17,2027-06-30,1.0,3094000.0,,ACTIVE,F,CF,29,Nigeria,Coventry
35874,Premier League,Tyrick Mitchell,EUR,59500.0,3867500.0,3094000.0,2021-04-13,2027-06-30,1.0,3094000.0,,ACTIVE,D,LB,27,England,Crystal Palace
35875,Premier League,Tyler Dibling,EUR,59500.0,3867500.0,3094000.0,2025-08-25,2029-06-30,3.0,9282000.0,,ACTIVE,F,RW,20,England,Everton
35876,Premier League,Harrison Reed,EUR,59500.0,3867500.0,3094000.0,2023-09-14,2027-06-30,1.0,3094000.0,,ACTIVE,M,CM,31,England,Fulham
35877,Premier League,Matt Targett,EUR,59500.0,3867500.0,3094000.0,2026-07-23,2028-06-30,2.0,6188000.0,,ACTIVE,D,LB,30,England,Hull City
35878,Premier League,Dara O'Shea,EUR,59500.0,3867500.0,3094000.0,2025-06-24,2030-06-30,4.0,12376000.0,,ACTIVE,D,CB,27,Ireland,Ipswich Town
35879,Premier League,Zian Flemming,EUR,59500.0,3867500.0,3094000.0,2026-09-01,2030-06-30,4.0,12376000.0,,ACTIVE,F,CF,28,Netherlands,Ipswich Town
35880,Premier League,Anton Stach,EUR,59500.0,3867500.0,3094000.0,2025-07-22,2029-06-30,3.0,9282000.0,,ACTIVE,M,DM,27,Germany,Leeds
35881,Premier League,Jaka Bijol,EUR,59500.0,3867500.0,3094000.0,2025-07-01,2030-06-30,4.0,12376000.0,,ACTIVE,D,CB,27,Slovenia,Leeds
35882,Premier League,Wataru Endo,EUR,59500.0,4022200.0,3094000.0,2023-08-18,2027-06-30,1.0,3094000.0,,ACTIVE,M,DM,33,Japan,Liverpool
35883,Premier League,Allan,EUR,59500.0,4022200.0,3094000.0,2026-08-31,2031-06-30,5.0,15470000.0,,ACTIVE,F,RW,22,Brazil,Manchester City
35884,Premier League,Vitor Reis,EUR,59500.0,4022200.0,3094000.0,2025-01-21,2029-06-30,3.0,9282000.0,,ACTIVE,D,CB,20,Brazil,Manchester City
35885,Premier League,Patrick Dorgu,EUR,59500.0,4022200.0,3094000.0,2025-02-02,2030-06-30,4.0,12376000.0,,ACTIVE,F,LW,21,Denmark,Manchester United
35886,Premier League,Aladji Bamba,EUR,59500.0,3867500.0,3094000.0,2026-07-24,2031-06-30,5.0,15470000.0,,ACTIVE,M,DM,20,France,Newcastle
35887,Premier League,Matz Sels,EUR,59500.0,3867500.0,3094000.0,2026-07-02,2028-06-30,2.0,6188000.0,,ACTIVE,K,GK,34,Belgium,Nottingham Forest
35888,Premier League,Nicolò Savona,EUR,59500.0,3867500.0,3094000.0,2025-08-30,2030-06-30,4.0,12376000.0,,ACTIVE,D,RB,23,Italy,Nottingham Forest
35889,Premier League,Daniel Ballard,EUR,59500.0,4022200.0,3094000.0,2026-03-04,2029-06-30,3.0,9282000.0,,ACTIVE,D,CB,26,Northern Ireland,Sunderland
35890,Premier League,Habib Diarra,EUR,59500.0,4022200.0,3094000.0,2025-07-01,2030-06-30,4.0,12376000.0,,ACTIVE,M,CM,22,Senegal,Sunderland
35891,Premier League,Malick Fofana,EUR,59500.0,4022200.0,3094000.0,2026-09-01,2027-06-30,1.0,3094000.0,,ACTIVE,F,LW,21,Belgium,Sunderland
35892,Premier League,Reinildo Mandava,EUR,59500.0,4022200.0,3094000.0,2025-07-08,2027-06-30,1.0,3094000.0,,ACTIVE,D,LB,32,Mozambique,Sunderland
35893,Premier League,Femi Azeez,EUR,53550.0,3619980.0,2784600.0,2026-09-01,2030-06-30,4.0,11138400.0,,ACTIVE,M,RM,25,Nigeria,Brighton
35894,Premier League,Juanlu Sánchez,EUR,53550.0,3619980.0,2784600.0,2026-08-06,2027-06-30,1.0,2784600.0,,ACTIVE,D,RB,23,Spain,Bournemouth
35895,Premier League,Nico Elvedi,EUR,53550.0,3480750.0,2784600.0,2026-08-19,2029-06-30,3.0,8353800.0,,ACTIVE,D,CB,29,Switzerland,Leeds
35896,Premier League,James McAtee,EUR,53550.0,3480750.0,2784600.0,2025-08-16,2030-06-30,4.0,11138400.0,,ACTIVE,F,AM,23,England,Nottingham Forest
35897,Premier League,Josh King,EUR,53550.0,3480750.0,2784600.0,2025-07-17,2029-06-30,3.0,8353800.0,,ACTIVE,F,AM,19,England,Fulham
35898,Premier League,Omar Marmoush,EUR,53550.0,3619980.0,2784600.0,2025-01-23,2029-06-30,3.0,8353800.0,,INACTIVE,F,CF,27,Egypt,Manchester City
35899,Premier League,Lewis Miley,EUR,53550.0,3480750.0,2784600.0,2026-05-25,2032-06-30,6.0,16707600.0,,ACTIVE,M,CM,20,England,Newcastle
35900,Premier League,Tom Heaton,EUR,53550.0,3619980.0,2784600.0,2026-06-04,2027-06-30,1.0,2784600.0,,ACTIVE,K,GK,40,England,Manchester United
35901,Premier League,Bart Verbruggen,EUR,53550.0,3619980.0,2784600.0,2023-07-03,2028-06-30,2.0,5569200.0,,ACTIVE,K,GK,24,Netherlands,Brighton
35902,Premier League,Jake O'Brien,EUR,53550.0,3480750.0,2784600.0,2024-07-30,2028-06-30,2.0,5569200.0,,ACTIVE,D,RB,25,Ireland,Everton
35903,Premier League,Trai Hume,EUR,53550.0,3619980.0,2784600.0,2025-08-13,2030-06-30,4.0,11138400.0,,ACTIVE,D,RB,24,Northern Ireland,Sunderland
35904,Premier League,Max Aarons,EUR,53550.0,3619980.0,2784600.0,2023-08-10,2029-06-30,3.0,8353800.0,,ACTIVE,D,RB,26,England,Bournemouth
35905,Premier League,Illan Meslier,EUR,53550.0,3619980.0,2784600.0,2026-07-09,2028-06-30,2.0,5569200.0,,ACTIVE,K,GK,26,France,Arsenal
35906,Premier League,Kjell Scherpen,EUR,53550.0,3480750.0,2784600.0,2026-07-28,2030-06-30,4.0,11138400.0,,ACTIVE,K,GK,26,Netherlands,Ipswich Town
35907,Premier League,Hidemasa Morita,EUR,53550.0,3480750.0,2784600.0,2026-07-24,2028-06-30,2.0,5569200.0,,ACTIVE,M,CM,31,Japan,Hull City
35908,Premier League,Adam Wharton,EUR,53550.0,3480750.0,2784600.0,2024-02-01,2029-06-30,3.0,8353800.0,,ACTIVE,M,DM,22,England,Crystal Palace
35909,Premier League,Marco Bizot,EUR,53550.0,3619980.0,2784600.0,2025-07-15,2027-06-30,1.0,2784600.0,,ACTIVE,K,GK,35,Netherlands,Aston Villa
35910,Premier League,Fábio Carvalho,EUR,53550.0,3480750.0,2784600.0,2024-08-12,2029-06-30,3.0,8353800.0,,ACTIVE,F,AM,24,Portugal,Brentford
35911,Premier League,Gabriel Gudmundsson,EUR,53550.0,3480750.0,2784600.0,2025-07-08,2029-06-30,3.0,8353800.0,,ACTIVE,D,LB,27,Sweden,Leeds
35912,Premier League,Lamare Bogarde,EUR,53550.0,3619980.0,2784600.0,2025-04-07,2028-06-30,2.0,5569200.0,,ACTIVE,M,DM,22,Netherlands,Aston Villa
35913,Premier League,Yann Gboho,EUR,53550.0,2792335.0,2784600.0,2026-09-01,2027-06-30,1.0,2784600.0,,ACTIVE,F,LW,25,France,Coventry
35914,Premier League,Max Dowman,EUR,53550.0,3619980.0,2784600.0,2025-07-01,2027-06-30,1.0,2784600.0,,ACTIVE,F,RW,16,England,Arsenal
35915,Premier League,Wilson Odobert,EUR,47600.0,3094000.0,2475200.0,2024-08-16,2029-06-30,3.0,7425600.0,,ACTIVE,F,LW,21,France,Tottenham
35916,Premier League,Rico Lewis,EUR,47600.0,3217760.0,2475200.0,2025-09-12,2030-06-30,4.0,9900800.0,,ACTIVE,D,RB,21,England,Manchester City
35917,Premier League,Dilane Bakwa,EUR,47600.0,3094000.0,2475200.0,2025-09-01,2030-06-30,4.0,9900800.0,,INACTIVE,F,RW,24,France,Nottingham Forest
35918,Premier League,James Justin,EUR,47600.0,3094000.0,2475200.0,2025-08-25,2029-06-30,3.0,7425600.0,,ACTIVE,D,RB,28,England,Leeds
35919,Premier League,Mike Penders,EUR,47600.0,3217760.0,2475200.0,2024-08-27,2032-06-30,6.0,14851200.0,,ACTIVE,K,GK,21,Belgium,Chelsea
35920,Premier League,Abdülkadir Ömür,EUR,47600.0,3094000.0,2475200.0,2024-02-01,2027-06-30,1.0,2475200.0,,ACTIVE,M,RM,27,Turkey,Hull City
35921,Premier League,Noah Sadiki,EUR,47600.0,3217760.0,2475200.0,2025-07-04,2030-06-30,4.0,9900800.0,,ACTIVE,M,CM,21,Democratic Republic of the Congo,Sunderland
35922,Premier League,Sepp van den Berg,EUR,47600.0,3094000.0,2475200.0,2024-08-22,2029-06-30,3.0,7425600.0,,ACTIVE,D,CB,24,Netherlands,Brentford
35923,Premier League,Leif Davis,EUR,47600.0,3094000.0,2475200.0,2025-11-21,2029-06-30,3.0,7425600.0,,ACTIVE,D,LB,26,England,Ipswich Town
35924,Premier League,Chema Andrés,EUR,47600.0,3217760.0,2475200.0,2026-09-01,2031-06-30,5.0,12376000.0,,ACTIVE,M,DM,21,Spain,Brighton
35925,Premier League,Carl Rushworth,EUR,47600.0,3094000.0,2475200.0,2026-08-04,2027-06-30,1.0,2475200.0,,ACTIVE,K,GK,25,England,Coventry
35926,Premier League,Ewen Jaouen,EUR,47600.0,3094000.0,2475200.0,2026-07-01,2030-06-30,4.0,9900800.0,,ACTIVE,K,GK,20,France,Newcastle
35927,Premier League,Issahaku Fatawu,EUR,47600.0,3094000.0,2475200.0,2026-07-21,2031-06-30,5.0,12376000.0,,ACTIVE,F,RW,22,Ghana,Ipswich Town
35928,Premier League,Lukas Nmecha,EUR,47600.0,3094000.0,2475200.0,2025-07-01,2027-06-30,1.0,2475200.0,,ACTIVE,F,CF,27,Germany,Leeds
35929,Premier League,Ryan Giles,EUR,47600.0,3094000.0,2475200.0,2024-07-01,2027-06-30,1.0,2475200.0,,ACTIVE,D,LB,26,England,Hull City
35930,Premier League,Jair Cunha,EUR,47600.0,3094000.0,2475200.0,2025-07-11,2030-06-30,4.0,9900800.0,,ACTIVE,D,CB,21,Brazil,Nottingham Forest
35931,Premier League,Daizen Maeda,EUR,47600.0,3094000.0,2475200.0,2026-07-25,2029-06-30,3.0,7425600.0,,ACTIVE,F,LW,28,Japan,Ipswich Town
35932,Premier League,Konstantinos Tzolakis,EUR,47600.0,3094000.0,2475200.0,2026-08-05,2031-06-30,5.0,12376000.0,,ACTIVE,K,GK,23,Greece,Hull City
35933,Premier League,Loum Tchaouna,EUR,47600.0,3094000.0,2475200.0,2026-07-11,2031-06-30,5.0,12376000.0,,ACTIVE,F,RW,22,France,Coventry
35934,Premier League,Jack Butland,EUR,47600.0,3094000.0,2475200.0,2026-07-02,2028-06-30,2.0,4950400.0,,ACTIVE,K,GK,33,England,Hull City
35935,Premier League,Nicolás Domínguez,EUR,47600.0,3094000.0,2475200.0,2023-09-01,2028-06-30,2.0,4950400.0,,ACTIVE,M,CM,28,Argentina,Nottingham Forest
35936,Premier League,Martin Dubravka,EUR,47600.0,3094000.0,2475200.0,2026-07-01,2027-06-30,1.0,2475200.0,,ACTIVE,K,GK,37,Slovakia,Tottenham
35937,Premier League,Ben Gannon-Doak,EUR,47600.0,3217760.0,2475200.0,2025-08-18,2030-06-30,4.0,9900800.0,,ACTIVE,F,RW,20,Scotland,Bournemouth
35938,Premier League,Gustavo Hamer,EUR,47600.0,3094000.0,2475200.0,2026-08-12,2027-06-30,1.0,2475200.0,,ACTIVE,M,CM,29,Netherlands,Coventry
35939,Premier League,Julián Araujo,EUR,47600.0,3217760.0,2475200.0,2024-08-13,2029-06-30,3.0,7425600.0,,ACTIVE,D,RB,25,Mexico,Bournemouth
35940,Premier League,Jacob Murphy,EUR,47600.0,3094000.0,2475200.0,2021-07-07,2027-06-30,1.0,2475200.0,,ACTIVE,F,RW,31,England,Newcastle
35941,Premier League,Nathan Collins,EUR,47600.0,3094000.0,2475200.0,2023-07-04,2029-06-30,3.0,7425600.0,,ACTIVE,D,CB,25,Ireland,Brentford
35942,Premier League,Zadok Yohanna,EUR,47600.0,3217760.0,2475200.0,2026-07-01,2031-06-30,5.0,12376000.0,,ACTIVE,F,RW,19,Nigeria,Brighton
35943,Premier League,Tim Iroegbunam,EUR,47600.0,3094000.0,2475200.0,2026-09-01,2031-06-30,5.0,12376000.0,,ACTIVE,M,CM,23,England,Hull City
35944,Premier League,Alex Tóth,EUR,47600.0,3217760.0,2475200.0,2026-01-20,2031-06-30,5.0,12376000.0,,ACTIVE,M,CM,20,Hungary,Bournemouth
35945,Premier League,John,EUR,47600.0,3094000.0,2475200.0,2025-08-31,2028-06-30,2.0,4950400.0,,ACTIVE,K,GK,30,Brazil,Nottingham Forest
35946,Premier League,Jack Hinshelwood,EUR,47600.0,3217760.0,2475200.0,2026-03-06,2029-06-30,3.0,7425600.0,,ACTIVE,M,DM,21,England,Brighton
35947,Premier League,Chemsdine Talbi,EUR,47600.0,3217760.0,2475200.0,2025-07-09,2030-06-30,4.0,9900800.0,,ACTIVE,F,RW,21,Morocco,Sunderland
35948,Premier League,Chadi Riad,EUR,41650.0,2707250.0,2165800.0,2024-07-02,2029-06-30,3.0,6497400.0,,ACTIVE,D,CB,23,Morocco,Crystal Palace
35949,Premier League,Ayden Heaven,EUR,41650.0,2815540.0,2165800.0,2025-02-01,2029-06-30,3.0,6497400.0,,ACTIVE,D,CB,19,England,Manchester United
35950,Premier League,Antoni Milambo,EUR,41650.0,2707250.0,2165800.0,2025-07-03,2030-06-30,4.0,8663200.0,,ACTIVE,F,AM,21,Netherlands,Brentford
35951,Premier League,Ellis Simms,EUR,41650.0,2707250.0,2165800.0,2023-07-07,2027-06-30,1.0,2165800.0,,ACTIVE,F,CF,25,England,Coventry
35952,Premier League,Matt Grimes,EUR,41650.0,2707250.0,2165800.0,2025-01-31,2028-06-30,2.0,4331600.0,,ACTIVE,M,DM,31,England,Coventry
35953,Premier League,Chris Rigg,EUR,41650.0,2815540.0,2165800.0,2025-08-28,2030-06-30,4.0,8663200.0,,ACTIVE,F,AM,19,England,Sunderland
35954,Premier League,Sean Steur,EUR,41650.0,2707250.0,2165800.0,2026-07-09,2031-06-30,5.0,10829000.0,,ACTIVE,M,CM,18,Netherlands,Newcastle
35955,Premier League,Marcus Bettinelli,EUR,41650.0,2815540.0,2165800.0,2026-04-10,2027-06-30,1.0,2165800.0,,ACTIVE,K,GK,34,England,Manchester City
35956,Premier League,Christian Walton,EUR,41650.0,2707250.0,2165800.0,2026-01-28,2028-06-30,2.0,4331600.0,,ACTIVE,K,GK,30,England,Ipswich Town
35957,Premier League,Jannik Schuster,EUR,41650.0,2707250.0,2165800.0,2026-07-01,2031-06-30,5.0,10829000.0,,ACTIVE,D,CB,20,Austria,Brentford
35958,Premier League,Chuba Akpom,EUR,41650.0,2707250.0,2165800.0,2026-07-01,2029-06-30,3.0,6497400.0,,ACTIVE,F,CF,30,England,Ipswich Town
35959,Premier League,Haji Wright,EUR,41650.0,2707250.0,2165800.0,2023-08-04,2027-06-30,1.0,2165800.0,,ACTIVE,F,CF,28,United States,Coventry
35960,Premier League,Frank Onyeka,EUR,41650.0,2707250.0,2165800.0,2026-07-01,2030-06-30,4.0,8663200.0,,ACTIVE,M,CM,28,Nigeria,Coventry
35961,Premier League,Karl Darlow,EUR,41650.0,2815540.0,2165800.0,2026-07-14,2028-06-30,2.0,4331600.0,,ACTIVE,K,GK,35,Wales,Manchester United
35962,Premier League,Kevin Schade,EUR,41650.0,2707250.0,2165800.0,2023-07-01,2028-06-30,2.0,4331600.0,,ACTIVE,F,LW,24,Germany,Brentford
35963,Premier League,Joe Gelhardt,EUR,41650.0,2707250.0,2165800.0,2026-08-15,2030-06-30,4.0,8663200.0,,ACTIVE,F,CF,24,England,Hull City
35964,Premier League,Costinha,EUR,41650.0,2815540.0,2165800.0,2026-07-01,2031-06-30,5.0,10829000.0,,ACTIVE,D,RB,26,Portugal,Brighton
35965,Premier League,Darnell Furlong,EUR,41650.0,2707250.0,2165800.0,2025-08-28,2028-06-30,2.0,4331600.0,,ACTIVE,D,RB,30,England,Ipswich Town
35966,Premier League,Álvaro Rodríguez,EUR,41650.0,2815540.0,2165800.0,2026-07-14,2027-06-30,1.0,2165800.0,,ACTIVE,F,CF,22,Uruguay,Bournemouth
35967,Premier League,Brooke Norton-Cuffy,EUR,41650.0,2707250.0,2165800.0,2026-09-01,2031-06-30,5.0,10829000.0,,ACTIVE,D,RB,22,England,Hull City
35968,Premier League,Arnaud Kalimuendo,EUR,41650.0,2707250.0,2165800.0,2025-08-18,2030-06-30,4.0,8663200.0,,ACTIVE,F,CF,24,France,Nottingham Forest
35969,Premier League,Tom Cairney,EUR,41650.0,2707250.0,2165800.0,2026-01-23,2027-06-30,1.0,2165800.0,,ACTIVE,M,CM,35,Scotland,Fulham
35970,Premier League,Eli Junior Kroupi,EUR,41650.0,2815540.0,2165800.0,2025-02-03,2030-06-30,4.0,8663200.0,,ACTIVE,F,CF,20,France,Bournemouth
35971,Premier League,Nobel Mendy,EUR,41650.0,2707250.0,2165800.0,2026-08-12,2031-06-30,5.0,10829000.0,,ACTIVE,D,CB,21,Senegal,Hull City
35972,Premier League,Michael Zetterer,EUR,41650.0,2707250.0,2165800.0,2026-08-29,2029-06-30,3.0,6497400.0,,ACTIVE,K,GK,31,Germany,Leeds
35973,Premier League,William Osula,EUR,41650.0,2707250.0,2165800.0,2024-08-08,2029-06-30,3.0,6497400.0,,ACTIVE,F,CF,23,Denmark,Newcastle
35974,Premier League,Josh Acheampong,EUR,41650.0,2815540.0,2165800.0,2024-12-18,2029-06-30,3.0,6497400.0,,ACTIVE,D,CB,20,England,Chelsea
35975,Premier League,Benjamin Lecomte,EUR,41650.0,2707250.0,2165800.0,2025-07-26,2027-06-30,1.0,2165800.0,,ACTIVE,K,GK,35,France,Fulham
35976,Premier League,Azor Matusiwa,EUR,41650.0,2707250.0,2165800.0,2025-07-13,2029-06-30,3.0,6497400.0,,ACTIVE,M,DM,28,Netherlands,Ipswich Town
35977,Premier League,Robin Roefs,EUR,41650.0,2815540.0,2165800.0,2026-08-28,2031-06-30,5.0,10829000.0,,ACTIVE,K,GK,23,Netherlands,Sunderland
35978,Premier League,Walter Benítez,EUR,41650.0,2707250.0,2165800.0,2025-07-01,2028-06-30,2.0,4331600.0,,ACTIVE,K,GK,33,Argentina,Crystal Palace
35979,Premier League,Veljko Milosavljevic,EUR,41650.0,2815540.0,2165800.0,2025-09-01,2030-06-30,4.0,8663200.0,,ACTIVE,D,CB,19,Serbia,Bournemouth
35980,Premier League,Luca Netz,EUR,41650.0,2707250.0,2165800.0,2026-02-02,2030-06-30,4.0,8663200.0,,ACTIVE,D,LB,23,Germany,Nottingham Forest
35981,Premier League,Rio Ngumoha,EUR,41650.0,2815540.0,2165800.0,2025-09-25,2028-06-30,2.0,4331600.0,,ACTIVE,F,LW,18,England,Liverpool
35982,Premier League,Mohamed-Ali Cho,EUR,41650.0,2707250.0,2165800.0,2026-08-27,2031-06-30,5.0,10829000.0,,ACTIVE,F,RW,22,France,Hull City
35983,Premier League,Nilson Angulo,EUR,35700.0,2413320.0,1856400.0,2026-02-02,2030-06-30,4.0,7425600.0,,ACTIVE,F,LW,23,Ecuador,Sunderland
35984,Premier League,Stefanos Tzimas,EUR,35700.0,2413320.0,1856400.0,2025-02-03,2030-06-30,4.0,7425600.0,,ACTIVE,F,CF,20,Greece,Brighton
35985,Premier League,Michael Svoboda,EUR,35700.0,2413320.0,1856400.0,2026-07-02,2030-06-30,4.0,7425600.0,,ACTIVE,D,CB,27,Austria,Brighton
35986,Premier League,Ilyas Ansah,EUR,35700.0,2320500.0,1856400.0,2026-09-01,2031-06-30,5.0,9282000.0,,ACTIVE,F,CF,21,Germany,Hull City
35987,Premier League,Jaouen Hadjam,EUR,35700.0,2413320.0,1856400.0,2026-08-25,2031-06-30,5.0,9282000.0,,ACTIVE,D,LB,23,Algeria,Brighton
35988,Premier League,Ibrahim Osman,EUR,35700.0,2413320.0,1856400.0,2024-07-01,2029-06-30,3.0,5569200.0,,ACTIVE,F,LW,21,Ghana,Brighton
35989,Premier League,Jack Clarke,EUR,35700.0,2320500.0,1856400.0,2024-08-24,2029-06-30,3.0,5569200.0,,ACTIVE,F,LW,25,England,Ipswich Town
35990,Premier League,Jacob Greaves,EUR,35700.0,2320500.0,1856400.0,2024-07-12,2029-06-30,3.0,5569200.0,,ACTIVE,D,CB,25,England,Ipswich Town
35991,Premier League,Jaden Philogene-Bidace,EUR,35700.0,2320500.0,1856400.0,2025-01-15,2029-06-30,3.0,5569200.0,,ACTIVE,F,LW,24,England,Ipswich Town
35992,Premier League,Marcelino Núñez,EUR,35700.0,2320500.0,1856400.0,2025-08-29,2029-06-30,3.0,5569200.0,,ACTIVE,M,CM,26,Chile,Ipswich Town
35993,Premier League,Ao Tanaka,EUR,35700.0,2320500.0,1856400.0,2024-08-30,2028-06-30,2.0,3712800.0,,ACTIVE,M,CM,27,Japan,Leeds
35994,Premier League,Christos Mouzakitis,EUR,35700.0,2320500.0,1856400.0,2026-09-01,2031-06-30,5.0,9282000.0,,ACTIVE,M,CM,19,Greece,Hull City
35995,Premier League,Abdoul Ouattara,EUR,35700.0,2320500.0,1856400.0,2026-08-17,2031-06-30,5.0,9282000.0,,ACTIVE,D,RB,20,Cote d'Ivoire,Ipswich Town
35996,Premier League,Daniel Jebbison,EUR,35700.0,2413320.0,1856400.0,2024-07-10,2028-06-30,2.0,3712800.0,,ACTIVE,F,CF,23,Canada,Bournemouth
35997,Premier League,Oliver McBurnie,EUR,35700.0,2320500.0,1856400.0,2025-08-06,2028-06-30,2.0,3712800.0,,ACTIVE,F,CF,30,Scotland,Hull City
35998,Premier League,Jorge Cuenca,EUR,35700.0,2320500.0,1856400.0,2024-08-03,2028-06-30,2.0,3712800.0,,ACTIVE,D,CB,26,Spain,Fulham
35999,Premier League,Anis Mehmeti,EUR,35700.0,2320500.0,1856400.0,2026-01-23,2029-06-30,3.0,5569200.0,,ACTIVE,F,AM,25,Albania,Ipswich Town
36000,Premier League,César Palacios,EUR,35700.0,2320500.0,1856400.0,2026-08-03,2031-06-30,5.0,9282000.0,,ACTIVE,F,AM,21,Spain,Fulham
36001,Premier League,Julio Soler,EUR,35700.0,2413320.0,1856400.0,2025-01-07,2029-06-30,3.0,5569200.0,,ACTIVE,D,LB,21,Argentina,Bournemouth
36002,Premier League,Wilson Isidor,EUR,35700.0,2413320.0,1856400.0,2026-08-27,2030-06-30,4.0,7425600.0,,ACTIVE,F,CF,26,Haiti,Sunderland
36003,Premier League,Mark Travers,EUR,35700.0,2320500.0,1856400.0,2025-07-15,2029-06-30,3.0,5569200.0,,ACTIVE,K,GK,27,Ireland,Everton
36004,Premier League,Freddie Woodman,EUR,35700.0,2413320.0,1856400.0,2026-07-23,2029-06-30,3.0,5569200.0,,ACTIVE,K,GK,29,England,Liverpool
36005,Premier League,Jaydee Canvot,EUR,35700.0,2320500.0,1856400.0,2025-09-01,2029-06-30,3.0,5569200.0,,ACTIVE,D,CB,20,France,Crystal Palace
36006,Premier League,Trey Nyoni,EUR,35700.0,2413320.0,1856400.0,2025-06-30,2030-06-30,4.0,7425600.0,,ACTIVE,M,CM,19,England,Liverpool
36007,Premier League,Yegor Yarmolyuk,EUR,35700.0,2320500.0,1856400.0,2025-05-29,2031-06-30,5.0,9282000.0,,ACTIVE,M,CM,22,Ukraine,Brentford
36008,Premier League,Sidiki Chérif,EUR,35700.0,2320500.0,1856400.0,2026-08-19,2027-06-30,1.0,1856400.0,,ACTIVE,F,CF,19,Guinea,Coventry
36009,Premier League,Dayann Méthalie,EUR,35700.0,2413320.0,1856400.0,2026-08-21,2031-06-30,5.0,9282000.0,,ACTIVE,D,LB,20,France,Sunderland
36010,Premier League,Luke Woolfenden,EUR,35700.0,2320500.0,1856400.0,2025-09-01,2028-06-30,2.0,3712800.0,,ACTIVE,D,CB,27,England,Coventry
36011,Premier League,Gustavo Nunes,EUR,35700.0,2320500.0,1856400.0,2024-08-28,2030-06-30,4.0,7425600.0,,ACTIVE,F,LW,20,Brazil,Brentford
36012,Premier League,Alysson,EUR,35700.0,2413320.0,1856400.0,2026-01-01,2031-06-30,5.0,9282000.0,,ACTIVE,F,RW,20,Brazil,Aston Villa
36013,Premier League,Ethan Pinnock,EUR,35700.0,2320500.0,1856400.0,2026-08-26,2027-06-30,1.0,1856400.0,,ACTIVE,D,CB,33,Jamaica,Coventry
36014,Premier League,Ryan McAidoo,EUR,35700.0,2413320.0,1856400.0,2026-07-01,2027-06-30,1.0,1856400.0,,ACTIVE,F,RW,18,England,Manchester City
36015,Premier League,Joshua Da Silva,EUR,35700.0,2320500.0,1856400.0,2026-06-01,2027-06-30,1.0,1856400.0,,ACTIVE,M,CM,27,England,Brentford
36016,Premier League,Robinio Vaz,EUR,35700.0,2784600.0,1856400.0,2026-09-01,2027-06-30,1.0,1856400.0,,LOAN,F,CF,19,France,Hull City
36017,Premier League,Caleb Yirenkyi,EUR,35700.0,2320500.0,1856400.0,2026-08-07,2027-06-30,1.0,1856400.0,,ACTIVE,M,CM,20,Ghana,Coventry
36018,Premier League,Kendry Páez,EUR,35700.0,2413320.0,1856400.0,2025-07-01,2033-06-30,7.0,12994800.0,,ACTIVE,F,AM,19,Ecuador,Chelsea
36019,Premier League,Matheus França,EUR,33915.0,2204475.0,1763580.0,2023-08-05,2028-06-30,2.0,3527160.0,,INACTIVE,F,SS,22,Brazil,Crystal Palace
36020,Premier League,Malick Yalcouyé,EUR,29750.0,2011100.0,1547000.0,2024-07-12,2029-06-30,3.0,4641000.0,,ACTIVE,M,CM,20,Cote d'Ivoire,Brighton
36021,Premier League,Cédric Kipré,EUR,29750.0,1933750.0,1547000.0,2026-07-01,2028-06-30,2.0,3094000.0,,ACTIVE,D,CB,29,Cote d'Ivoire,Ipswich Town
36022,Premier League,Tom McGill,EUR,29750.0,2011100.0,1547000.0,2025-05-08,2027-06-30,1.0,1547000.0,,ACTIVE,K,GK,26,Canada,Brighton
36023,Premier League,Brandon Thomas-Asante,EUR,29750.0,1933750.0,1547000.0,2024-08-01,2028-06-30,2.0,3094000.0,,ACTIVE,F,CF,27,Ghana,Coventry
36024,Premier League,Brian Madjo,EUR,29750.0,2011100.0,1547000.0,2026-01-12,2032-06-30,6.0,9282000.0,,ACTIVE,F,CF,17,England,Aston Villa
36025,Premier League,Kaye Furo,EUR,29750.0,1933750.0,1547000.0,2026-01-11,2031-06-30,5.0,7735000.0,,ACTIVE,F,CF,19,Belgium,Brentford
36026,Premier League,Carlos Alcaraz,EUR,29750.0,1933750.0,1547000.0,2025-07-01,2027-06-30,1.0,1547000.0,,ACTIVE,M,CM,23,Argentina,Everton
36027,Premier League,Luc De Fougerolles,EUR,29750.0,1933750.0,1547000.0,2026-07-01,2029-06-30,3.0,4641000.0,,ACTIVE,D,CB,20,Canada,Fulham
36028,Premier League,Jean-Mattéo Bahoya,EUR,29750.0,1933750.0,1547000.0,2026-09-01,2027-06-30,1.0,1547000.0,,LOAN,F,LW,21,France,Leeds
36029,Premier League,John Egan,EUR,29750.0,1933750.0,1547000.0,2025-02-03,2027-06-30,1.0,1547000.0,,ACTIVE,D,CB,33,Ireland,Hull City
36030,Premier League,Aurèle Amenda,EUR,29750.0,1933750.0,1547000.0,2026-07-16,2027-06-30,1.0,1547000.0,,ACTIVE,D,CB,23,Switzerland,Coventry
36031,Premier League,Kasey McAteer,EUR,29750.0,1933750.0,1547000.0,2025-08-22,2029-06-30,3.0,4641000.0,,ACTIVE,M,RM,24,Ireland,Ipswich Town
36032,Premier League,Semi Ajayi,EUR,29750.0,1933750.0,1547000.0,2025-07-01,2027-06-30,1.0,1547000.0,,ACTIVE,D,CB,32,Nigeria,Hull City
36033,Premier League,Jack Taylor,EUR,29750.0,1933750.0,1547000.0,2025-10-10,2028-06-30,2.0,3094000.0,,ACTIVE,M,CM,28,Ireland,Ipswich Town
36034,Premier League,Elliot Stroud,EUR,29750.0,1933750.0,1547000.0,2026-08-09,2030-06-30,4.0,6188000.0,,ACTIVE,F,LW,24,Sweden,Hull City
36035,Premier League,Kaine Kesler,EUR,29750.0,1933750.0,1547000.0,2025-07-01,2029-06-30,3.0,4641000.0,,ACTIVE,D,RB,23,England,Coventry
36036,Premier League,Matt Crooks,EUR,29750.0,1933750.0,1547000.0,2025-01-10,2027-06-30,1.0,1547000.0,,ACTIVE,M,CM,32,England,Hull City
36037,Premier League,Lucas Herrington,EUR,29750.0,1933750.0,1547000.0,2026-08-12,2031-06-30,5.0,7735000.0,,ACTIVE,D,CB,18,Australia,Hull City
36038,Premier League,Victor Torp,EUR,29750.0,1933750.0,1547000.0,2026-05-29,2027-06-30,1.0,1547000.0,,ACTIVE,M,CM,27,Denmark,Coventry
36039,Premier League,Jules Ahoka,EUR,29750.0,2011100.0,1547000.0,2026-08-24,2031-06-30,5.0,7735000.0,,ACTIVE,M,DM,20,Democratic Republic of the Congo,Sunderland
36040,Premier League,Hákon Rafn Valdimarsson,EUR,23800.0,1547000.0,1237600.0,2026-04-24,2030-06-30,4.0,4950400.0,,ACTIVE,K,GK,24,Iceland,Brentford
36041,Premier League,Regan Slater,EUR,23800.0,1547000.0,1237600.0,2022-01-27,2027-06-30,1.0,1237600.0,,ACTIVE,M,DM,26,England,Hull City
36042,Premier League,Modou Kéba Cissé,EUR,23800.0,1608880.0,1237600.0,2026-07-01,2029-06-30,3.0,3712800.0,,ACTIVE,D,CB,21,Senegal,Aston Villa
36043,Premier League,Emersonn,EUR,23800.0,1547000.0,1237600.0,2026-07-08,2031-06-30,5.0,6188000.0,,ACTIVE,F,CF,22,Brazil,Ipswich Town
36044,Premier League,Eliot Matazo,EUR,23800.0,1547000.0,1237600.0,2025-01-24,2028-06-30,2.0,2475200.0,,ACTIVE,M,CM,24,Belgium,Hull City
36045,Premier League,Sindre Walle Egeli,EUR,23800.0,1547000.0,1237600.0,2025-08-29,2030-06-30,4.0,4950400.0,,ACTIVE,F,RW,20,Norway,Ipswich Town
36046,Premier League,David Akintola,EUR,23800.0,1547000.0,1237600.0,2025-08-15,2027-06-30,1.0,1237600.0,,ACTIVE,F,RW,30,Nigeria,Hull City
36047,Premier League,Ilia Gruev,EUR,23800.0,1547000.0,1237600.0,2023-08-31,2027-06-30,1.0,1237600.0,,ACTIVE,M,DM,26,Bulgaria,Leeds
36048,Premier League,Manuel Ángel,EUR,23800.0,1547000.0,1237600.0,2026-09-01,2029-06-30,3.0,3712800.0,,ACTIVE,M,CM,22,Spain,Fulham
36049,Premier League,Mateo Joseph,EUR,23800.0,1547000.0,1237600.0,2024-01-19,2028-06-30,2.0,2475200.0,,ACTIVE,F,CF,22,Spain,Leeds
36050,Premier League,Jonah Kusi-Asare,EUR,23800.0,1547000.0,1237600.0,2026-07-01,2031-06-30,5.0,6188000.0,,ACTIVE,F,CF,19,Sweden,Fulham
36051,Premier League,Zavier Gozo,EUR,23800.0,1547000.0,1237600.0,2026-08-18,2031-06-30,5.0,6188000.0,,ACTIVE,F,RW,19,United States,Crystal Palace
36052,Premier League,Honest Ahanor,EUR,23800.0,1423240.0,1237600.0,2026-09-01,2027-06-30,1.0,1237600.0,,LOAN,D,CB,18,Italy,Crystal Palace
36053,Premier League,Darío Osorio,EUR,23800.0,1547000.0,1237600.0,2026-09-01,2027-06-30,1.0,1237600.0,,LOAN,F,RW,22,Chile,Crystal Palace
36054,Premier League,Milan van Ewijk,EUR,23800.0,1547000.0,1237600.0,2026-02-19,2027-06-30,1.0,1237600.0,,ACTIVE,D,RB,25,Netherlands,Coventry
36055,Premier League,Jay Dasilva,EUR,23800.0,1547000.0,1237600.0,2026-02-19,2027-06-30,1.0,1237600.0,,ACTIVE,D,LB,28,Wales,Coventry
36056,Premier League,Jack Rudoni,EUR,23800.0,1547000.0,1237600.0,2024-07-01,2028-06-30,2.0,2475200.0,,ACTIVE,F,AM,25,England,Coventry
36057,Premier League,Ephron Mason-Clark,EUR,23800.0,1547000.0,1237600.0,2024-02-01,2028-06-30,2.0,2475200.0,,ACTIVE,F,LW,27,Jamaica,Coventry
36058,Premier League,Daniel Bentley,EUR,23800.0,1547000.0,1237600.0,2026-08-21,2028-06-30,2.0,2475200.0,,ACTIVE,K,GK,33,England,Coventry
36059,Premier League,Ishé Samuels-Smith,EUR,23800.0,1608880.0,1237600.0,2025-09-01,2031-06-30,5.0,6188000.0,,INACTIVE,D,LB,20,England,Chelsea
36060,Premier League,Shea Lacey,EUR,23800.0,1608880.0,1237600.0,2026-07-01,2029-06-30,3.0,3712800.0,,ACTIVE,F,RW,19,England,Manchester United
36061,Premier League,Yasin Ayari,EUR,23800.0,1608880.0,1237600.0,2023-01-30,2027-06-30,1.0,1237600.0,,ACTIVE,M,CM,22,Sweden,Brighton
36062,Premier League,Jason Steele,EUR,23800.0,1608880.0,1237600.0,2025-10-16,2027-06-30,1.0,1237600.0,,ACTIVE,K,GK,36,England,Brighton
36063,Premier League,Luke O'Nien,EUR,23800.0,1608880.0,1237600.0,2025-08-14,2027-06-30,1.0,1237600.0,,ACTIVE,D,CB,31,England,Sunderland
36064,Premier League,Brandon Austin,EUR,23800.0,1547000.0,1237600.0,2024-05-28,2029-06-30,3.0,3712800.0,,ACTIVE,K,GK,27,England,Tottenham
36065,Premier League,Jens Hjertø-Dahl,EUR,23800.0,1547000.0,1237600.0,2026-08-07,2031-06-30,5.0,6188000.0,,ACTIVE,M,CM,20,Norway,Hull City
36066,Premier League,Kieran Dowell,EUR,23800.0,1547000.0,1237600.0,2026-01-23,2027-06-30,1.0,1237600.0,,ACTIVE,F,AM,28,England,Hull City
36067,Premier League,Lewie Coyle,EUR,23800.0,1547000.0,1237600.0,2026-02-11,2029-06-30,3.0,3712800.0,,ACTIVE,D,RB,30,England,Hull City
36068,Premier League,Lucas Gourna-Douath,EUR,23800.0,1547000.0,1237600.0,2026-08-15,2031-06-30,5.0,6188000.0,,ACTIVE,M,DM,23,France,Hull City
36069,Premier League,Simon Moore,EUR,17850.0,1206660.0,928200.0,2024-07-01,2027-06-30,1.0,928200.0,,ACTIVE,K,GK,36,England,Sunderland
36070,Premier League,David Button,EUR,17850.0,1160250.0,928200.0,2025-07-04,2027-06-30,1.0,928200.0,,ACTIVE,K,GK,37,England,Ipswich Town
36071,Premier League,Alex Palmer,EUR,17850.0,1160250.0,928200.0,2025-02-03,2028-06-30,2.0,1856400.0,,ACTIVE,K,GK,30,England,Ipswich Town
36072,Premier League,Teddy Sharman-Lowe,EUR,17850.0,1206660.0,928200.0,2025-06-20,2028-06-30,2.0,1856400.0,,ACTIVE,K,GK,23,England,Chelsea
36073,Premier League,Harry Amass,EUR,17850.0,1206660.0,928200.0,2025-01-01,2027-06-30,1.0,928200.0,,ACTIVE,D,LB,19,England,Manchester United
36074,Premier League,Bobby Thomas,EUR,17850.0,1160250.0,928200.0,2026-05-29,2029-06-30,3.0,2784600.0,,ACTIVE,D,CB,25,England,Coventry
36075,Premier League,Mohamed Belloumi,EUR,17850.0,1160250.0,928200.0,2024-08-30,2028-06-30,2.0,1856400.0,,ACTIVE,F,RW,24,Algeria,Hull City
36076,Premier League,Samuel Iling-Junior,EUR,17850.0,1206660.0,928200.0,2024-07-01,2027-06-30,1.0,928200.0,,INACTIVE,M,LM,22,England,Aston Villa
36077,Premier League,Alex Cairns,EUR,17850.0,1160250.0,928200.0,2026-07-10,2028-06-30,2.0,1856400.0,,ACTIVE,K,GK,33,England,Leeds
36078,Premier League,Darko Gyabi,EUR,17850.0,1160250.0,928200.0,2025-09-01,2028-06-30,2.0,1856400.0,,ACTIVE,M,CM,22,England,Hull City
36079,Premier League,Jake Bidwell,EUR,17850.0,1160250.0,928200.0,2025-01-17,2027-06-30,1.0,928200.0,,ACTIVE,D,LB,33,England,Coventry
36080,Premier League,Paddy McNair,EUR,17850.0,1160250.0,928200.0,2026-01-28,2027-06-30,1.0,928200.0,,ACTIVE,D,CB,31,Northern Ireland,Hull City
36081,Premier League,Joel Latibeaudiere,EUR,17850.0,1160250.0,928200.0,2023-07-18,2027-06-30,1.0,928200.0,,ACTIVE,D,CB,26,Jamaica,Coventry
36082,Premier League,Steven Benda,EUR,17850.0,1160250.0,928200.0,2026-08-15,2027-06-30,1.0,928200.0,,ACTIVE,K,GK,27,Germany,Nottingham Forest
36083,Premier League,Tyler Bindon,EUR,17850.0,1160250.0,928200.0,2025-02-02,2028-06-30,2.0,1856400.0,,INACTIVE,D,CB,21,New Zealand,Nottingham Forest
36084,Premier League,Aji Alese,EUR,17850.0,1206660.0,928200.0,2024-03-22,2027-06-30,1.0,928200.0,,ACTIVE,D,CB,25,England,Sunderland
36085,Premier League,Alan Browne,EUR,17850.0,1206660.0,928200.0,2024-07-11,2027-06-30,1.0,928200.0,,ACTIVE,M,CM,31,Ireland,Sunderland
36086,Premier League,Josh Wilson-Esbrand,EUR,17850.0,1206660.0,928200.0,2023-01-01,2027-06-30,1.0,928200.0,,ACTIVE,D,LB,23,England,Manchester City
36087,Premier League,Ellery Balcombe,EUR,17850.0,1160250.0,928200.0,2026-08-12,2029-06-30,3.0,2784600.0,,ACTIVE,K,GK,26,England,Brentford
36088,Premier League,Tom King,EUR,17850.0,1160250.0,928200.0,2025-08-15,2027-06-30,1.0,928200.0,,ACTIVE,K,GK,31,Wales,Everton
36089,Premier League,Tatsuhiro Sakamoto,EUR,17850.0,1160250.0,928200.0,2025-04-07,2027-06-30,1.0,928200.0,,ACTIVE,F,RW,29,Japan,Coventry
36090,Premier League,Oliwier Zych,EUR,17850.0,1206660.0,928200.0,2025-07-01,2027-06-30,1.0,928200.0,,INACTIVE,K,GK,22,Poland,Aston Villa
36091,Premier League,Harrison Armstrong,EUR,17850.0,1160250.0,928200.0,2025-02-03,2028-06-30,2.0,1856400.0,,ACTIVE,M,CM,19,England,Everton
36092,Premier League,Vitezslav Jaros,EUR,17850.0,1206660.0,928200.0,2020-07-09,2028-06-30,2.0,1856400.0,,ACTIVE,K,GK,25,Czech Republic,Liverpool
36093,Premier League,Jesurun Rak-Sakyi,EUR,17850.0,1160250.0,928200.0,2022-08-11,2027-06-30,1.0,928200.0,,ACTIVE,F,RW,23,Ghana,Crystal Palace
36094,Premier League,Adam Aznou,EUR,17850.0,1160250.0,928200.0,2025-07-29,2029-06-30,3.0,2784600.0,,INACTIVE,D,LB,20,Morocco,Everton
36095,Premier League,Remi Matthews,EUR,17850.0,1160250.0,928200.0,2025-06-05,2027-06-30,1.0,928200.0,,ACTIVE,K,GK,32,England,Crystal Palace
36096,Premier League,Romaine Mundle,EUR,17850.0,1206660.0,928200.0,2026-08-25,2030-06-30,4.0,3712800.0,,ACTIVE,F,LW,23,England,Sunderland
36097,Premier League,Tyler Fletcher,EUR,17850.0,1206660.0,928200.0,2026-07-01,2027-06-30,1.0,928200.0,,ACTIVE,M,CM,19,Scotland,Manchester United
36098,Premier League,Tom Watson,EUR,17850.0,1206660.0,928200.0,2025-07-01,2029-06-30,3.0,2784600.0,,INACTIVE,F,LW,20,England,Brighton
36099,Premier League,Mark Gillespie,EUR,17850.0,1160250.0,928200.0,2026-06-02,2027-06-30,1.0,928200.0,,ACTIVE,K,GK,34,England,Newcastle
36100,Premier League,Promise David,EUR,17850.0,1206660.0,928200.0,2026-08-18,2027-06-30,1.0,928200.0,,LOAN,F,CF,25,Canada,Brighton
36101,Premier League,George Hemmings,EUR,11900.0,804440.0,618800.0,2024-04-05,2027-06-30,1.0,618800.0,,ACTIVE,M,CM,19,England,Aston Villa
36102,Premier League,Charlie Hughes,EUR,11900.0,773500.0,618800.0,2024-08-16,2028-06-30,2.0,1237600.0,,ACTIVE,D,CB,22,England,Hull City
36103,Premier League,Josh Eccles,EUR,11900.0,773500.0,618800.0,2024-11-29,2028-06-30,2.0,1237600.0,,ACTIVE,M,CM,26,England,Coventry
36104,Premier League,Luke Harris,EUR,11900.0,773500.0,618800.0,2026-06-08,2027-06-30,1.0,618800.0,,INACTIVE,F,AM,21,Wales,Fulham
36105,Premier League,Mason Melia,EUR,11900.0,773500.0,618800.0,2026-01-01,2031-06-30,5.0,3094000.0,,INACTIVE,F,CF,19,Ireland,Tottenham
36106,Premier League,Melker Ellborg,EUR,11900.0,804440.0,618800.0,2026-02-01,2030-06-30,4.0,2475200.0,,ACTIVE,K,GK,23,Sweden,Sunderland
36107,Premier League,Zépiqueno Redmond,EUR,11900.0,804440.0,618800.0,2025-07-01,2027-06-30,1.0,618800.0,,INACTIVE,F,CF,20,Netherlands,Aston Villa
36108,Premier League,Calvin Ramsay,EUR,11900.0,804440.0,618800.0,2025-07-01,2027-06-30,1.0,618800.0,,INACTIVE,D,RB,22,Scotland,Liverpool
36109,Premier League,Matai Akinmboni,EUR,11900.0,804440.0,618800.0,2026-06-10,2027-06-30,1.0,618800.0,,INACTIVE,D,CB,19,United States,Bournemouth
36110,Premier League,Eiran Cashin,EUR,11900.0,804440.0,618800.0,2025-01-31,2030-06-30,4.0,2475200.0,,INACTIVE,D,CB,24,Ireland,Brighton
36111,Premier League,Stephen Mfuni,EUR,11900.0,773500.0,618800.0,2026-08-30,2027-06-30,1.0,618800.0,,LOAN,D,CB,18,England,Coventry
36112,Premier League,Harrison Ashby,EUR,11900.0,773500.0,618800.0,2025-07-01,2027-06-30,1.0,618800.0,,INACTIVE,D,RB,24,Scotland,Newcastle
36113,Premier League,Jocelin Ta Bi,EUR,11900.0,804440.0,618800.0,2026-01-16,2030-06-30,4.0,2475200.0,,ACTIVE,F,RW,21,Cote d'Ivoire,Sunderland
36114,Premier League,Óscar Zambrano,EUR,11900.0,773500.0,618800.0,2026-07-21,2030-06-30,4.0,2475200.0,,ACTIVE,M,DM,22,Ecuador,Hull City
36115,Premier League,Ben Winterburn,EUR,11900.0,804440.0,618800.0,2025-01-01,2027-06-30,1.0,618800.0,,ACTIVE,M,DM,21,England,Bournemouth
36116,Premier League,Abdoullah Ba,EUR,11900.0,804440.0,618800.0,2022-08-31,2027-06-30,1.0,618800.0,,ACTIVE,M,RM,23,France,Sunderland
36117,Premier League,Dillon Phillips,EUR,11900.0,773500.0,618800.0,2025-07-01,2027-06-30,1.0,618800.0,,ACTIVE,K,GK,31,England,Hull City
36118,Premier League,Ben Wilson,EUR,11900.0,773500.0,618800.0,2025-03-07,2027-06-30,1.0,618800.0,,ACTIVE,K,GK,34,England,Coventry
36119,Premier League,Romain Faivre,EUR,11900.0,804440.0,618800.0,2023-07-13,2028-06-30,2.0,1237600.0,,INACTIVE,F,AM,27,France,Bournemouth
36120,Premier League,Dermot Mee,EUR,11900.0,804440.0,618800.0,2026-07-03,2028-06-30,2.0,1237600.0,,ACTIVE,K,GK,23,Northern Ireland,Manchester United
36121,Premier League,Harvey Davies,EUR,9520.0,643552.0,495040.0,2025-06-26,2027-06-30,1.0,495040.0,,ACTIVE,K,GK,22,England,Liverpool
36122,Premier League,James Wright,EUR,9520.0,643552.0,495040.0,2026-07-01,2027-06-30,1.0,495040.0,,ACTIVE,K,GK,21,England,Aston Villa
36123,Premier League,Jack Fletcher,EUR,9520.0,643552.0,495040.0,2026-07-01,2027-06-30,1.0,495040.0,,ACTIVE,F,AM,19,England,Manchester United
36124,Premier League,Benjamin Fredrick,EUR,9520.0,618800.0,495040.0,2026-07-10,2030-06-30,4.0,1980160.0,,ACTIVE,D,CB,21,Nigeria,Brentford
36125,Premier League,Ji-soo Kim,EUR,9520.0,618800.0,495040.0,2024-07-01,2027-06-30,1.0,495040.0,,ACTIVE,D,CB,21,South Korea,Brentford
36126,Premier League,Juan Riquelme Angulo,EUR,9520.0,643552.0,495040.0,2026-09-01,2031-06-30,5.0,2475200.0,,ACTIVE,F,CF,18,Ecuador,Sunderland
36127,Premier League,Ethan Wheatley,EUR,9520.0,643552.0,495040.0,2025-07-01,2028-06-30,2.0,990080.0,,INACTIVE,F,CF,20,England,Manchester United
36128,Premier League,Joe Gauci,EUR,8925.0,603330.0,464100.0,2024-02-01,2028-06-30,2.0,928200.0,,INACTIVE,K,GK,25,Australia,Aston Villa
36129,Premier League,Lino Sousa,EUR,8925.0,603330.0,464100.0,2024-02-01,2027-06-30,1.0,464100.0,,INACTIVE,D,LB,21,England,Aston Villa
36130,Premier League,Alex Borto,EUR,7140.0,464100.0,371280.0,2022-04-11,2027-06-30,1.0,371280.0,,ACTIVE,K,GK,22,United States,Fulham
36131,Premier League,Miguel Ángel Brau,EUR,2975.0,193375.0,154700.0,2025-07-01,2029-06-30,3.0,464100.0,,INACTIVE,D,LB,24,Spain,Coventry
36132,Premier League,Claudio Echeverri,EUR,,,,2024-01-25,2028-06-30,2.0,,,INACTIVE,F,AM,20,Argentina,Manchester City
36133,Premier League,Souza,EUR,,,,2026-01-22,2031-06-30,5.0,,,INACTIVE,D,LB,20,Brazil,Tottenham
36134,Premier League,Kai Andrews,EUR,,,,2025-07-01,2027-06-30,1.0,,,INACTIVE,M,CM,19,Wales,Coventry
36135,Premier League,Cameron Humphreys,EUR,,,,2026-06-15,2027-06-30,1.0,,,INACTIVE,M,CM,22,England,Ipswich Town
36136,Premier League,Lucas Perri,EUR,,,,2025-07-26,2029-06-30,3.0,,,INACTIVE,K,GK,28,Brazil,Leeds
36137,Premier League,Joël Piroe,EUR,,,,2023-08-24,2027-06-30,1.0,,,INACTIVE,F,CF,26,Suriname,Leeds
36138,Premier League,Xaver Schlager,EUR,,,,2026-07-23,2028-06-30,2.0,,,ACTIVE,M,CM,28,Austria,Nottingham Forest
36139,Premier League,Brajan Gruda,EUR,,,,2024-08-14,2028-06-30,2.0,,,INACTIVE,F,AM,22,Germany,Brighton
36140,Premier League,Guglielmo Vicario,EUR,,,,2023-07-01,2028-06-30,2.0,,,INACTIVE,K,GK,29,Italy,Tottenham
36141,Premier League,Omari Hutchinson,EUR,,,,2025-08-16,2030-06-30,4.0,,,INACTIVE,F,AM,22,England,Nottingham Forest
36142,Premier League,Jayden Meghoma,EUR,,,,2024-08-30,2028-06-30,2.0,,,INACTIVE,D,LB,20,England,Brentford
36143,Premier League,Kota Takai,EUR,,,,2025-07-08,2030-06-30,4.0,,,INACTIVE,D,CB,22,Japan,Tottenham
36144,Premier League,Álex Jiménez,EUR,,,,2026-07-01,2027-06-30,1.0,,,INACTIVE,D,RB,21,Spain,Bournemouth
36145,Premier League,Max Alleyne,EUR,,,,2026-01-06,2030-06-30,4.0,,,INACTIVE,D,CB,20,England,Manchester City
36146,Premier League,Nick Woltemade,EUR,,,,2025-08-30,2031-06-30,5.0,,,INACTIVE,F,CF,24,Germany,Newcastle
36147,Premier League,André Onana,EUR,,,,2023-07-20,2028-06-30,2.0,,,INACTIVE,K,GK,30,Cameroon,Manchester United
36148,Premier League,Julian Eyestone,EUR,,,,2025-07-04,2031-06-30,5.0,,,INACTIVE,K,GK,20,United States,Brentford
36149,Premier League,Chido Obi,EUR,,,,2025-07-01,2028-06-30,2.0,,,INACTIVE,F,CF,18,Denmark,Manchester United
36150,Premier League,Min-hyeok Yang,EUR,,,,2025-01-01,2030-06-30,4.0,,,INACTIVE,F,RW,20,South Korea,Tottenham
36151,Premier League,Matthew Cox,EUR,,,,2022-07-08,2028-06-30,2.0,,,INACTIVE,K,GK,23,England,Brentford
36152,Premier League,Ali Al-Hamadi,EUR,,,,2024-01-29,2028-06-30,2.0,,,INACTIVE,F,CF,24,Iraq,Ipswich Town
36153,Premier League,Sammie Szmodics,EUR,,,,2024-08-16,2028-06-30,2.0,,,INACTIVE,F,AM,30,Ireland,Ipswich Town
36154,Premier League,Mamadou Sarr,EUR,,,,2025-06-09,2033-06-30,7.0,,,INACTIVE,D,CB,20,Senegal,Chelsea
36155,Premier League,Romelle Donovan,EUR,,,,2025-07-01,2030-06-30,4.0,,,INACTIVE,F,RW,19,England,Brentford
36156,Premier League,Filip Jørgensen,EUR,,,,2024-07-30,2031-06-30,5.0,,,INACTIVE,K,GK,24,Denmark,Chelsea
36157,Premier League,Mason Burstow,EUR,,,,2024-08-16,2028-06-30,2.0,,,INACTIVE,F,CF,22,England,Hull City
36158,Premier League,Chiedozie Ogbene,EUR,,,,2024-08-28,2028-06-30,2.0,,,INACTIVE,F,RW,29,Ireland,Ipswich Town
36159,Premier League,Benoît Badiashile,EUR,,,,2023-01-05,2030-06-30,4.0,,,INACTIVE,D,CB,25,France,Chelsea
36160,Premier League,Axel Disasi,EUR,,,,2023-08-04,2029-06-30,3.0,,,INACTIVE,D,CB,28,France,Chelsea
36161,Premier League,Facundo Buonanotte,EUR,,,,2024-08-10,2028-06-30,2.0,,,INACTIVE,F,AM,21,Argentina,Brighton
36162,Premier League,Yunus Emre Konak,EUR,,,,2026-08-18,2031-06-30,5.0,,,INACTIVE,M,DM,20,Turkey,Brentford
36163,Premier League,Alejandro Garnacho,EUR,,,,2025-08-30,2032-06-30,6.0,,,INACTIVE,F,LW,22,Argentina,Chelsea
36164,Premier League,Owen Goodman,EUR,,,,2025-07-01,2027-06-30,1.0,,,INACTIVE,K,GK,22,Canada,Crystal Palace
36165,Premier League,Simon Adingra,EUR,,,,2025-07-10,2030-06-30,4.0,,,INACTIVE,F,LW,24,Cote d'Ivoire,Sunderland
36166,Premier League,Pape Sarr,EUR,,,,2024-01-02,2030-06-30,4.0,,,INACTIVE,M,CM,23,Senegal,Tottenham
36167,Championship,Jarrod Bowen,EUR,178500.0,11602500.0,9282000.0,2023-10-08,2030-06-30,4.0,37128000.0,,ACTIVE,F,RW,29,England,West Ham
36168,Championship,Aaron Ramsdale,EUR,142800.0,9282000.0,7425600.0,2024-08-30,2028-06-30,2.0,14851200.0,,ACTIVE,K,GK,28,England,Southampton
36169,Championship,Alphonse Areola,EUR,142800.0,9282000.0,7425600.0,2022-07-01,2027-06-30,1.0,7425600.0,,ACTIVE,K,GK,33,France,West Ham
36170,Championship,Kieran Trippier,EUR,119000.0,7735000.0,6188000.0,2026-07-01,2028-06-30,2.0,12376000.0,,ACTIVE,D,RB,35,England,Wolverhampton
36171,Championship,Raúl Jiménez,EUR,119000.0,7735000.0,6188000.0,2026-07-01,2028-06-30,2.0,12376000.0,,ACTIVE,F,CF,35,Mexico,Wolverhampton
36172,Championship,Arne Engels,EUR,119000.0,7735000.0,6188000.0,2026-08-15,2031-06-30,5.0,30940000.0,,ACTIVE,M,CM,22,Belgium,West Ham
36173,Championship,Max Kilman,EUR,119000.0,7735000.0,6188000.0,2024-07-06,2031-06-30,5.0,30940000.0,,ACTIVE,D,CB,29,England,West Ham
36174,Championship,James Ward-Prowse,EUR,119000.0,7735000.0,6188000.0,2026-08-28,2028-06-30,2.0,12376000.0,,ACTIVE,M,CM,31,England,Southampton
36175,Championship,Edson Álvarez,EUR,119000.0,7116200.0,6188000.0,2023-08-10,2028-06-30,2.0,12376000.0,,ACTIVE,M,DM,28,Mexico,West Ham
36176,Championship,Tomáš Souček,EUR,107100.0,6961500.0,5569200.0,2024-01-01,2027-06-30,1.0,5569200.0,,ACTIVE,M,DM,31,Czech Republic,West Ham
36177,Championship,Toti Gomes,EUR,95200.0,6188000.0,4950400.0,2024-02-08,2029-06-30,3.0,14851200.0,,ACTIVE,D,CB,27,Portugal,Wolverhampton
36178,Championship,José Sá,EUR,89250.0,5801250.0,4641000.0,2026-09-04,2028-06-30,2.0,9282000.0,,ACTIVE,K,GK,33,Portugal,Wolverhampton
36179,Championship,Kyle Walker,EUR,89250.0,5801250.0,4641000.0,2025-07-05,2027-06-30,1.0,4641000.0,,ACTIVE,D,RB,36,England,Burnley
36180,Championship,Valentín Castellanos,EUR,89250.0,5801250.0,4641000.0,2026-01-05,2030-06-30,4.0,18564000.0,,ACTIVE,F,CF,27,Argentina,West Ham
36181,Championship,Jean-Ricner Bellegarde,EUR,89250.0,5801250.0,4641000.0,2023-09-01,2028-06-30,2.0,9282000.0,,ACTIVE,M,CM,28,Haiti,Wolverhampton
36182,Championship,Manor Solomon,EUR,89250.0,5801250.0,4641000.0,2026-08-10,2029-06-30,3.0,13923000.0,,ACTIVE,F,LW,27,Israel,West Ham
36183,Championship,Marshall Munetsi,EUR,83300.0,5414500.0,4331600.0,2025-02-03,2028-06-30,2.0,8663200.0,,ACTIVE,M,CM,30,Zimbabwe,Wolverhampton
36184,Championship,André Trindade,EUR,77350.0,5027750.0,4022200.0,2026-05-22,2030-06-30,4.0,16088800.0,,ACTIVE,M,DM,25,Brazil,Wolverhampton
36185,Championship,Maxwel Cornet,EUR,77350.0,5027750.0,4022200.0,2022-08-05,2027-06-30,1.0,4022200.0,,ACTIVE,F,LW,29,Cote d'Ivoire,West Ham
36186,Championship,Adam Armstrong,EUR,77350.0,5027750.0,4022200.0,2026-02-02,2029-06-30,3.0,12066600.0,,ACTIVE,F,CF,29,England,Wolverhampton
36187,Championship,Jackson Tchatchoua,EUR,77350.0,5027750.0,4022200.0,2025-08-19,2030-06-30,4.0,16088800.0,,ACTIVE,D,RB,24,Cameroon,Wolverhampton
36188,Championship,Joël Veltman,EUR,77350.0,5027750.0,4022200.0,2026-08-06,2027-06-30,1.0,4022200.0,,ACTIVE,D,RB,34,Netherlands,West Ham
36189,Championship,Kyle Walker-Peters,EUR,65450.0,4254250.0,3403400.0,2025-07-20,2028-06-30,2.0,6806800.0,,ACTIVE,D,RB,29,England,West Ham
36190,Championship,Matt Doherty,EUR,65450.0,4254250.0,3403400.0,2026-07-20,2027-06-30,1.0,3403400.0,,ACTIVE,D,RB,34,Ireland,Sheffield United
36191,Championship,Josh Cullen,EUR,65450.0,4254250.0,3403400.0,2024-09-09,2027-06-30,1.0,3403400.0,,ACTIVE,M,CM,30,Ireland,Burnley
36192,Championship,Igor,EUR,65450.0,4254250.0,3403400.0,2026-09-01,2029-06-30,3.0,10210200.0,,ACTIVE,D,CB,28,Brazil,Burnley
36193,Championship,Boubacar Traoré,EUR,65450.0,3913910.0,3403400.0,2023-07-01,2027-06-30,1.0,3403400.0,,ACTIVE,M,DM,25,Mali,Wolverhampton
36194,Championship,Reo Hatate,EUR,59500.0,3867500.0,3094000.0,2026-09-01,2029-06-30,3.0,9282000.0,,ACTIVE,M,CM,28,Japan,Burnley
36195,Championship,Finn Azaz,EUR,59500.0,3867500.0,3094000.0,2025-08-29,2029-06-30,3.0,9282000.0,,ACTIVE,F,AM,25,Ireland,Southampton
36196,Championship,Anel Ahmedhodzic,EUR,59500.0,3867500.0,3094000.0,2026-08-20,2030-06-30,4.0,12376000.0,,ACTIVE,D,CB,27,Bosnia-Herzegovina,Burnley
36197,Championship,Konstantinos Mavropanos,EUR,59500.0,3867500.0,3094000.0,2023-08-22,2028-06-30,2.0,6188000.0,,ACTIVE,D,CB,28,Greece,West Ham
36198,Championship,Marcus Edwards,EUR,59500.0,3867500.0,3094000.0,2025-07-01,2029-06-30,3.0,9282000.0,,ACTIVE,F,RW,27,England,Burnley
36199,Championship,Carlos Vicente,EUR,59500.0,3867500.0,3094000.0,2026-01-27,2029-06-30,3.0,9282000.0,,ACTIVE,F,RW,27,Spain,Birmingham
36200,Championship,Sam Johnstone,EUR,59500.0,3867500.0,3094000.0,2024-08-30,2028-06-30,2.0,6188000.0,,ACTIVE,K,GK,33,England,Wolverhampton
36201,Championship,Hamza Choudhury,EUR,59500.0,3867500.0,3094000.0,2026-08-31,2027-06-30,1.0,3094000.0,,ACTIVE,M,DM,28,Bangladesh,Sheffield United
36202,Championship,Kalvin Phillips,EUR,59500.0,3558100.0,3094000.0,2026-08-11,2027-06-30,1.0,3094000.0,,LOAN,M,DM,30,England,Sheffield United
36203,Championship,Armando Broja,EUR,53550.0,3480750.0,2784600.0,2025-08-08,2030-06-30,4.0,11138400.0,,ACTIVE,F,CF,24,Albania,Burnley
36204,Championship,Calum Chambers,EUR,53550.0,3480750.0,2784600.0,2024-07-14,2027-06-30,1.0,2784600.0,,ACTIVE,D,CB,31,England,Cardiff
36205,Championship,Jacob Bruun Larsen,EUR,53550.0,3480750.0,2784600.0,2025-07-11,2029-06-30,3.0,8353800.0,,ACTIVE,F,LW,27,Denmark,Burnley
36206,Championship,Mads Hermansen,EUR,53550.0,3480750.0,2784600.0,2025-08-09,2030-06-30,4.0,11138400.0,,ACTIVE,K,GK,26,Denmark,West Ham
36207,Championship,Ladislav Krejci,EUR,53550.0,3480750.0,2784600.0,2026-07-01,2030-06-30,4.0,11138400.0,,ACTIVE,D,CB,27,Czech Republic,Wolverhampton
36208,Championship,Keven Schlotterbeck,EUR,53550.0,3480750.0,2784600.0,2026-08-27,2029-06-30,3.0,8353800.0,,ACTIVE,D,CB,29,Germany,Southampton
36209,Championship,Cyle Larin,EUR,47600.0,3094000.0,2475200.0,2026-07-01,2028-06-30,2.0,4950400.0,,ACTIVE,F,CF,31,Canada,Southampton
36210,Championship,Jack Stephens,EUR,47600.0,3094000.0,2475200.0,2025-07-09,2028-06-30,2.0,4950400.0,,ACTIVE,D,CB,32,England,Southampton
36211,Championship,Joël Piroe,EUR,47600.0,3094000.0,2475200.0,2026-08-19,2027-06-30,1.0,2475200.0,,LOAN,F,CF,27,Suriname,West Ham
36212,Championship,Bashir Humphreys,EUR,47600.0,3094000.0,2475200.0,2025-07-01,2029-06-30,3.0,7425600.0,,ACTIVE,D,CB,23,England,Burnley
36213,Championship,Jean-Clair Todibo,EUR,47600.0,3094000.0,2475200.0,2024-08-10,2029-06-30,3.0,7425600.0,,INACTIVE,D,CB,26,France,West Ham
36214,Championship,Mads Roerslev Rasmussen,EUR,47600.0,3094000.0,2475200.0,2025-08-21,2029-06-30,3.0,7425600.0,,ACTIVE,D,RB,27,Denmark,Southampton
36215,Championship,Lewis Dobbin,EUR,47600.0,3094000.0,2475200.0,2026-07-15,2030-06-30,4.0,9900800.0,,ACTIVE,F,LW,23,England,Southampton
36216,Championship,Nathaniel Phillips,EUR,47600.0,3094000.0,2475200.0,2025-07-01,2028-06-30,2.0,4950400.0,,ACTIVE,D,CB,29,England,West Bromwich
36217,Championship,Tolu Arokodare,EUR,44625.0,2900625.0,2320500.0,2025-09-01,2029-06-30,3.0,6961500.0,,INACTIVE,F,CF,25,Nigeria,Wolverhampton
36218,Championship,Daniel Peretz,EUR,41650.0,2707250.0,2165800.0,2026-07-01,2030-06-30,4.0,8663200.0,,ACTIVE,K,GK,26,Israel,Southampton
36219,Championship,Zeki Amdouni,EUR,41650.0,2707250.0,2165800.0,2023-07-19,2028-06-30,2.0,4331600.0,,ACTIVE,F,CF,25,Switzerland,Burnley
36220,Championship,Callum Robinson,EUR,41650.0,2707250.0,2165800.0,2025-01-31,2027-06-30,1.0,2165800.0,,ACTIVE,F,CF,31,Ireland,Cardiff
36221,Championship,Ben Gibson,EUR,41650.0,2707250.0,2165800.0,2024-07-01,2027-06-30,1.0,2165800.0,,ACTIVE,D,CB,33,England,Stoke City
36222,Championship,Ben Brereton,EUR,41650.0,2707250.0,2165800.0,2026-08-28,2027-06-30,1.0,2165800.0,,ACTIVE,F,CF,27,Chile,Sheffield United
36223,Championship,Edvin Austbø,EUR,41650.0,2707250.0,2165800.0,2026-08-31,2030-06-30,4.0,8663200.0,,ACTIVE,F,LW,21,Norway,West Ham
36224,Championship,Chris Mepham,EUR,41650.0,2707250.0,2165800.0,2025-08-28,2028-06-30,2.0,4331600.0,,ACTIVE,D,CB,28,Wales,West Bromwich
36225,Championship,João Virgínia,EUR,41650.0,2707250.0,2165800.0,2026-08-27,2029-06-30,3.0,6497400.0,,ACTIVE,K,GK,26,Portugal,Wolverhampton
36226,Championship,Soungoutou Magassa,EUR,41650.0,2707250.0,2165800.0,2025-08-29,2031-06-30,5.0,10829000.0,,ACTIVE,M,DM,22,France,West Ham
36227,Championship,Japhet Tanganga,EUR,41650.0,2707250.0,2165800.0,2025-08-28,2028-06-30,2.0,4331600.0,,ACTIVE,D,CB,27,England,Sheffield United
36228,Championship,George Hirst,EUR,41650.0,2707250.0,2165800.0,2026-08-20,2029-06-30,3.0,6497400.0,,ACTIVE,F,CF,27,Scotland,Stoke City
36229,Championship,Rafiki Saïd,EUR,41650.0,2707250.0,2165800.0,2026-07-11,2029-06-30,3.0,6497400.0,,ACTIVE,F,LW,26,Comoros,Wolverhampton
36230,Championship,Connor Roberts,EUR,41650.0,2707250.0,2165800.0,2021-08-31,2027-06-30,1.0,2165800.0,,ACTIVE,D,RB,30,Wales,Burnley
36231,Championship,Hee-chan Hwang,EUR,41650.0,2707250.0,2165800.0,2021-08-29,2028-06-30,2.0,4331600.0,,INACTIVE,F,CF,30,South Korea,Wolverhampton
36232,Championship,Morato,EUR,41650.0,2707250.0,2165800.0,2026-09-01,2027-06-30,1.0,2165800.0,,LOAN,D,CB,25,Brazil,West Ham
36233,Championship,Lyle Foster,EUR,38675.0,2513875.0,2011100.0,2023-10-26,2028-06-30,2.0,4022200.0,,ACTIVE,F,CF,25,South Africa,Burnley
36234,Championship,Demarai Gray,EUR,35700.0,2320500.0,1856400.0,2025-07-03,2028-06-30,2.0,3712800.0,,ACTIVE,F,LW,30,Jamaica,Birmingham
36235,Championship,Todd Cantwell,EUR,35700.0,2320500.0,1856400.0,2024-08-30,2027-06-30,1.0,1856400.0,,ACTIVE,F,AM,28,England,Blackburn
36236,Championship,Glen Kamara,EUR,35700.0,2320500.0,1856400.0,2026-08-03,2027-06-30,1.0,1856400.0,,LOAN,M,CM,30,Finland,QPR
36237,Championship,Patrick Roberts,EUR,35700.0,2320500.0,1856400.0,2026-02-02,2028-06-30,2.0,3712800.0,,ACTIVE,F,RW,29,England,Birmingham
36238,Championship,Ben Johnson,EUR,35700.0,2320500.0,1856400.0,2026-08-21,2027-05-31,1.0,1856400.0,,LOAN,D,RB,26,England,Stoke City
36239,Championship,Mathias Kvistgaarden,EUR,35700.0,2320500.0,1856400.0,2025-07-08,2029-06-30,3.0,5569200.0,,ACTIVE,F,CF,24,Denmark,Norwich
36240,Championship,Yerson Mosquera,EUR,35700.0,2320500.0,1856400.0,2025-03-31,2030-06-30,4.0,7425600.0,,ACTIVE,D,CB,25,Colombia,Wolverhampton
36241,Championship,Flynn Downes,EUR,35700.0,2320500.0,1856400.0,2024-07-16,2028-06-30,2.0,3712800.0,,ACTIVE,M,DM,27,England,Southampton
36242,Championship,Mike Tresor,EUR,35700.0,2320500.0,1856400.0,2024-07-01,2028-06-30,2.0,3712800.0,,ACTIVE,F,AM,27,Belgium,Burnley
36243,Championship,Jack Stacey,EUR,35700.0,2320500.0,1856400.0,2025-07-02,2027-06-30,1.0,1856400.0,,ACTIVE,D,RB,30,England,Norwich
36244,Championship,Tom Fellows,EUR,35700.0,2320500.0,1856400.0,2025-08-29,2029-06-30,3.0,5569200.0,,ACTIVE,M,RM,23,England,Southampton
36245,Championship,Andre Brooks,EUR,35700.0,2320500.0,1856400.0,2026-07-01,2031-06-30,5.0,9282000.0,,ACTIVE,M,CM,23,Jamaica,Norwich
36246,Championship,Patrick Bamford,EUR,35700.0,2320500.0,1856400.0,2026-01-11,2027-06-30,1.0,1856400.0,,ACTIVE,F,CF,32,England,Sheffield United
36247,Championship,Tariq Lamptey,EUR,35700.0,2320500.0,1856400.0,2026-07-21,2027-06-30,1.0,1856400.0,,ACTIVE,D,RB,25,Ghana,QPR
36248,Championship,Niclas Füllkrug,EUR,35700.0,2134860.0,1856400.0,2024-08-05,2028-06-30,2.0,3712800.0,,INACTIVE,F,CF,33,Germany,West Ham
36249,Championship,Joe Worrall,EUR,35700.0,2320500.0,1856400.0,2026-09-01,2028-06-30,2.0,3712800.0,,ACTIVE,D,CB,29,England,Wrexham
36250,Championship,Samy Morsy,EUR,35700.0,2320500.0,1856400.0,2026-08-10,2027-06-30,1.0,1856400.0,,ACTIVE,M,CM,34,Egypt,Blackburn
36251,Championship,Kenny McLean,EUR,35700.0,2320500.0,1856400.0,2026-05-27,2028-06-30,2.0,3712800.0,,ACTIVE,M,CM,34,Scotland,Norwich
36252,Championship,Edoardo Bove,EUR,35700.0,2320500.0,1856400.0,2026-01-21,2031-06-30,5.0,9282000.0,,ACTIVE,M,CM,24,Italy,Watford
36253,Championship,Ugo Raghouber,EUR,35700.0,2320500.0,1856400.0,2026-07-28,2027-06-30,1.0,1856400.0,,ACTIVE,M,DM,23,France,Burnley
36254,Championship,Kieffer Moore,EUR,35700.0,2320500.0,1856400.0,2025-08-05,2028-06-30,2.0,3712800.0,,ACTIVE,F,CF,34,Wales,Wrexham
36255,Championship,Alfie Doughty,EUR,32725.0,2127125.0,1701700.0,2025-07-28,2027-06-30,1.0,1701700.0,,ACTIVE,M,LM,26,England,Millwall
36256,Championship,Anthony Musaba,EUR,32130.0,1921374.0,1670760.0,2026-08-19,2027-06-30,1.0,1670760.0,,LOAN,F,LW,25,Netherlands,Norwich
36257,Championship,Ethan Galbraith,EUR,29750.0,1933750.0,1547000.0,2026-07-01,2030-06-30,4.0,6188000.0,,ACTIVE,M,CM,25,Northern Ireland,Stoke City
36258,Championship,Krystian Bielik,EUR,29750.0,1933750.0,1547000.0,2026-08-26,2029-06-30,3.0,4641000.0,,ACTIVE,D,CB,28,Poland,Cardiff
36259,Championship,Aaron Ramsey,EUR,29750.0,1933750.0,1547000.0,2023-08-22,2028-06-30,2.0,3094000.0,,ACTIVE,F,AM,23,England,Burnley
36260,Championship,Federico Ravaglia,EUR,29750.0,1933750.0,1547000.0,2026-07-31,2032-06-30,6.0,9282000.0,,ACTIVE,K,GK,26,Italy,Watford
36261,Championship,Kristoffer Lund,EUR,29750.0,1933750.0,1547000.0,2026-07-30,2030-06-30,4.0,6188000.0,,ACTIVE,D,LB,24,United States,Birmingham
36262,Championship,Karlan Grant,EUR,29750.0,1933750.0,1547000.0,2026-07-19,2028-06-30,2.0,3094000.0,,ACTIVE,F,CF,28,England,Charlton
36263,Championship,Ashley Barnes,EUR,29750.0,1933750.0,1547000.0,2026-07-30,2027-06-30,1.0,1547000.0,,ACTIVE,F,CF,36,England,Burnley
36264,Championship,Max Weiß,EUR,29750.0,1933750.0,1547000.0,2025-07-01,2029-06-30,3.0,4641000.0,,ACTIVE,K,GK,22,Germany,Burnley
36265,Championship,Fer López,EUR,29750.0,1933750.0,1547000.0,2025-07-01,2030-06-30,4.0,6188000.0,,ACTIVE,F,AM,22,Spain,Wolverhampton
36266,Championship,Luis Vázquez,EUR,29750.0,1933750.0,1547000.0,2026-07-28,2029-06-30,3.0,4641000.0,,ACTIVE,F,CF,25,Argentina,Birmingham
36267,Championship,James Bree,EUR,29750.0,1933750.0,1547000.0,2026-06-12,2029-06-30,3.0,4641000.0,,ACTIVE,D,RB,28,England,Southampton
36268,Championship,Hjalmar Ekdal,EUR,29750.0,1933750.0,1547000.0,2023-01-21,2027-06-30,1.0,1547000.0,,ACTIVE,D,CB,27,Sweden,Burnley
36269,Championship,Oliver Skipp,EUR,29750.0,1933750.0,1547000.0,2026-09-01,2027-06-30,1.0,1547000.0,,LOAN,M,DM,26,England,Charlton
36270,Championship,Jordan Beyer,EUR,29750.0,1933750.0,1547000.0,2023-07-01,2027-06-30,1.0,1547000.0,,ACTIVE,D,CB,26,Germany,Burnley
36271,Championship,Sam Gallagher,EUR,29750.0,1933750.0,1547000.0,2024-07-31,2027-06-30,1.0,1547000.0,,ACTIVE,F,CF,30,England,Stoke City
36272,Championship,Carlton Morris,EUR,29750.0,1933750.0,1547000.0,2025-07-01,2028-06-30,2.0,3094000.0,,ACTIVE,F,CF,30,England,Derby County
36273,Championship,Charlie Taylor,EUR,29750.0,1933750.0,1547000.0,2026-07-14,2027-06-30,1.0,1547000.0,,ACTIVE,D,LB,32,England,Derby County
36274,Championship,Morgan Whittaker,EUR,29750.0,1933750.0,1547000.0,2025-01-24,2029-06-30,3.0,4641000.0,,ACTIVE,F,RW,25,England,Middlesbrough
36275,Championship,Pablo,EUR,29750.0,1933750.0,1547000.0,2026-01-02,2030-06-30,4.0,6188000.0,,ACTIVE,F,CF,22,Brazil,West Ham
36276,Championship,Adam Idah,EUR,29750.0,1933750.0,1547000.0,2025-09-01,2030-06-30,4.0,6188000.0,,ACTIVE,F,CF,25,Ireland,Swansea
36277,Championship,Mark McGuinness,EUR,29750.0,1933750.0,1547000.0,2025-09-01,2029-06-30,3.0,4641000.0,,ACTIVE,D,CB,25,Ireland,Sheffield United
36278,Championship,Martín Payero,EUR,29750.0,1933750.0,1547000.0,2026-07-31,2028-06-30,2.0,3094000.0,,ACTIVE,M,CM,27,Argentina,Watford
36279,Championship,Jeremy Sarmiento,EUR,29750.0,1933750.0,1547000.0,2026-07-01,2030-06-30,4.0,6188000.0,,ACTIVE,F,LW,24,Ecuador,Middlesbrough
36280,Championship,Joe Rothwell,EUR,29750.0,1933750.0,1547000.0,2026-02-02,2027-06-30,1.0,1547000.0,,ACTIVE,M,CM,31,England,Sheffield United
36281,Championship,Lyndon Dykes,EUR,29750.0,1933750.0,1547000.0,2026-08-06,2027-06-30,1.0,1547000.0,,ACTIVE,F,CF,30,Scotland,Millwall
36282,Championship,Marc Bola,EUR,29750.0,1933750.0,1547000.0,2026-08-11,2030-06-30,4.0,6188000.0,,ACTIVE,D,LB,28,England,Watford
36283,Championship,Alfie Jones,EUR,29750.0,1933750.0,1547000.0,2025-07-25,2029-06-30,3.0,4641000.0,,ACTIVE,D,CB,28,Canada,Middlesbrough
36284,Championship,Jaïro Riedewald,EUR,29750.0,1933750.0,1547000.0,2026-07-02,2027-06-30,1.0,1547000.0,,ACTIVE,M,DM,29,Netherlands,Sheffield United
36285,Championship,Cameron Burgess,EUR,29750.0,1933750.0,1547000.0,2025-07-01,2028-06-30,2.0,3094000.0,,ACTIVE,D,CB,30,Australia,Swansea
36286,Championship,Ben Wilmot,EUR,29750.0,1933750.0,1547000.0,2026-08-14,2029-06-30,3.0,4641000.0,,ACTIVE,D,CB,26,England,Stoke City
36287,Championship,Alex Mowatt,EUR,29750.0,1933750.0,1547000.0,2026-08-14,2028-06-30,2.0,3094000.0,,ACTIVE,M,CM,31,England,Derby County
36288,Championship,Rhys Norrington-Davies,EUR,29750.0,1933750.0,1547000.0,2024-08-16,2027-06-30,1.0,1547000.0,,ACTIVE,D,LB,27,Wales,Sheffield United
36289,Championship,Darline Yongwa,EUR,29750.0,1933750.0,1547000.0,2026-08-04,2030-06-30,4.0,6188000.0,,ACTIVE,D,LB,25,Cameroon,Norwich
36290,Championship,Tahith Chong,EUR,29750.0,1933750.0,1547000.0,2025-08-29,2029-06-30,3.0,4641000.0,,ACTIVE,F,AM,26,Curacao,Sheffield United
36291,Championship,Rodrigo Gomes,EUR,29750.0,1933750.0,1547000.0,2024-07-01,2029-06-30,3.0,4641000.0,,ACTIVE,F,RW,23,Portugal,Wolverhampton
36292,Championship,Tom Cannon,EUR,29750.0,1933750.0,1547000.0,2025-01-23,2029-06-30,3.0,4641000.0,,ACTIVE,F,CF,23,Ireland,Sheffield United
36293,Championship,Luke McNally,EUR,29750.0,1933750.0,1547000.0,2024-08-30,2028-06-30,2.0,3094000.0,,ACTIVE,D,CB,26,Ireland,Bristol
36294,Championship,Marvin Ducksch,EUR,29750.0,1933750.0,1547000.0,2025-08-07,2028-06-30,2.0,3094000.0,,ACTIVE,F,CF,32,Germany,Birmingham
36295,Championship,Hugo Bueno,EUR,29750.0,1933750.0,1547000.0,2023-11-20,2028-06-30,2.0,3094000.0,,ACTIVE,D,LB,23,Spain,Wolverhampton
36296,Championship,Harry Darling,EUR,29750.0,1933750.0,1547000.0,2025-07-01,2028-06-30,2.0,3094000.0,,ACTIVE,D,CB,27,England,Norwich
36297,Championship,Will Lankshear,EUR,29750.0,1933750.0,1547000.0,2026-07-22,2031-06-30,5.0,7735000.0,,ACTIVE,F,CF,21,England,Middlesbrough
36298,Championship,Christoph Klarer,EUR,29750.0,1933750.0,1547000.0,2025-11-19,2029-06-30,3.0,4641000.0,,ACTIVE,D,CB,26,Austria,Birmingham
36299,Championship,Viktor Johansson,EUR,29750.0,1933750.0,1547000.0,2026-05-01,2030-06-30,4.0,6188000.0,,ACTIVE,K,GK,27,Sweden,Stoke City
36300,Championship,Jed Wallace,EUR,26775.0,1740375.0,1392300.0,2026-07-03,2028-06-30,2.0,2784600.0,,ACTIVE,F,RW,32,England,Bristol
36301,Championship,Myron Boadu,EUR,26775.0,1740375.0,1392300.0,2026-09-01,2027-06-30,1.0,1392300.0,,ACTIVE,F,CF,25,Netherlands,Watford
36302,Championship,Ashley Phillips,EUR,23800.0,1547000.0,1237600.0,2026-08-15,2031-06-30,5.0,6188000.0,,ACTIVE,D,CB,21,England,Middlesbrough
36303,Championship,Oliver Scarles,EUR,23800.0,1547000.0,1237600.0,2025-01-01,2028-06-30,2.0,2475200.0,,ACTIVE,D,LB,20,England,West Ham
36304,Championship,Conor Townsend,EUR,23800.0,1547000.0,1237600.0,2026-07-24,2027-06-30,1.0,1237600.0,,ACTIVE,D,LB,33,England,West Bromwich
36305,Championship,John Swift,EUR,23800.0,1547000.0,1237600.0,2025-07-15,2027-06-30,1.0,1237600.0,,ACTIVE,F,AM,31,England,Portsmouth
36306,Championship,Koki Saito,EUR,23800.0,1547000.0,1237600.0,2025-08-25,2027-06-30,1.0,1237600.0,,ACTIVE,F,LW,25,Japan,QPR
36307,Championship,Ilias Chair,EUR,23800.0,1547000.0,1237600.0,2025-01-25,2027-06-30,1.0,1237600.0,,ACTIVE,F,AM,28,Morocco,QPR
36308,Championship,Delano Burgzorg,EUR,23800.0,1547000.0,1237600.0,2026-08-07,2027-06-30,1.0,1237600.0,,LOAN,F,LW,27,Suriname,Preston
36309,Championship,Harry Clarke,EUR,23800.0,1547000.0,1237600.0,2026-08-14,2029-06-30,3.0,3712800.0,,ACTIVE,D,RB,25,England,Preston
36310,Championship,Dennis Cirkin,EUR,23800.0,1547000.0,1237600.0,2026-08-12,2031-06-30,5.0,6188000.0,,ACTIVE,D,LB,24,Latvia,QPR
36311,Championship,Gavin Bazunu,EUR,23800.0,1547000.0,1237600.0,2026-08-28,2029-06-30,3.0,3712800.0,,ACTIVE,K,GK,24,Ireland,Bolton
36312,Championship,Dael Fry,EUR,23800.0,1547000.0,1237600.0,2026-07-03,2029-06-30,3.0,3712800.0,,ACTIVE,D,CB,29,England,Birmingham
36313,Championship,Róbert Boženík,EUR,23800.0,1547000.0,1237600.0,2025-07-24,2028-06-30,2.0,2475200.0,,ACTIVE,F,CF,26,Slovakia,Stoke City
36314,Championship,Samuel Iling-Junior,EUR,23800.0,1547000.0,1237600.0,2026-08-14,2027-06-30,1.0,1237600.0,,LOAN,F,LW,22,England,Bolton
36315,Championship,Ross Stewart,EUR,23800.0,1547000.0,1237600.0,2026-08-06,2029-06-30,3.0,3712800.0,,ACTIVE,F,CF,30,Scotland,Swansea
36316,Championship,Stephen Eustaquio,EUR,23800.0,1547000.0,1237600.0,2026-08-27,2028-06-30,2.0,2475200.0,,ACTIVE,M,CM,29,Canada,Swansea
36317,Championship,Stephen Welsh,EUR,23800.0,1547000.0,1237600.0,2026-07-01,2028-06-30,2.0,2475200.0,,ACTIVE,D,CB,26,Scotland,Swansea
36318,Championship,Hannibal,EUR,23800.0,1547000.0,1237600.0,2024-08-28,2028-06-30,2.0,2475200.0,,ACTIVE,F,AM,23,Tunisia,Burnley
36319,Championship,Bright Osayi-Samuel,EUR,23800.0,1547000.0,1237600.0,2025-07-04,2028-06-30,2.0,2475200.0,,ACTIVE,D,RB,28,Nigeria,Birmingham
36320,Championship,Josh Laurent,EUR,23800.0,1547000.0,1237600.0,2026-06-10,2027-06-30,1.0,1237600.0,,ACTIVE,M,CM,31,England,Burnley
36321,Championship,Lucas Pires,EUR,23800.0,1547000.0,1237600.0,2024-07-16,2028-06-30,2.0,2475200.0,,ACTIVE,D,LB,25,Brazil,Burnley
36322,Championship,Zan Vipotnik,EUR,23800.0,1547000.0,1237600.0,2026-03-20,2030-06-30,4.0,4950400.0,,ACTIVE,F,CF,24,Slovenia,Swansea
36323,Championship,Issa Kabore,EUR,23800.0,1547000.0,1237600.0,2026-08-27,2029-06-30,3.0,3712800.0,,ACTIVE,D,RB,25,Burkina Faso,Wrexham
36324,Championship,David Turnbull,EUR,23800.0,1547000.0,1237600.0,2024-02-01,2027-06-30,1.0,1237600.0,,ACTIVE,M,CM,27,Scotland,Cardiff
36325,Championship,Gabriel Osho,EUR,23800.0,1547000.0,1237600.0,2025-08-29,2029-06-30,3.0,3712800.0,,ACTIVE,D,CB,28,Nigeria,Cardiff
36326,Championship,Aaron Cresswell,EUR,23800.0,1547000.0,1237600.0,2026-06-25,2027-06-30,1.0,1237600.0,,ACTIVE,D,LB,36,England,Stoke City
36327,Championship,Nathan Trott,EUR,23800.0,1547000.0,1237600.0,2026-07-01,2029-06-30,3.0,3712800.0,,ACTIVE,K,GK,27,England,Cardiff
36328,Championship,Callum O'Hare,EUR,23800.0,1547000.0,1237600.0,2026-09-01,2029-06-30,3.0,3712800.0,,ACTIVE,F,AM,28,England,Wrexham
36329,Championship,Ben Whiteman,EUR,23800.0,1547000.0,1237600.0,2026-08-05,2029-06-30,3.0,3712800.0,,ACTIVE,M,CM,30,England,Wrexham
36330,Championship,Léo Scienza,EUR,23800.0,1547000.0,1237600.0,2025-09-01,2029-06-30,3.0,3712800.0,,ACTIVE,F,AM,27,Brazil,Southampton
36331,Championship,Derry Murkin,EUR,23800.0,1547000.0,1237600.0,2026-02-02,2029-06-30,3.0,3712800.0,,ACTIVE,D,LB,27,England,Derby County
36332,Championship,Lewis Travis,EUR,23800.0,1547000.0,1237600.0,2025-08-27,2029-06-30,3.0,3712800.0,,ACTIVE,M,DM,28,England,Derby County
36333,Championship,Matt Clarke,EUR,23800.0,1547000.0,1237600.0,2025-05-15,2028-06-30,2.0,2475200.0,,ACTIVE,D,CB,29,England,Derby County
36334,Championship,Caspar Jander,EUR,23800.0,1547000.0,1237600.0,2025-08-29,2028-06-30,2.0,2475200.0,,ACTIVE,M,CM,23,Germany,Southampton
36335,Championship,Rhian Brewster,EUR,23800.0,1547000.0,1237600.0,2025-08-01,2027-06-30,1.0,1237600.0,,ACTIVE,F,CF,26,England,Derby County
36336,Championship,Cameron Archer,EUR,23800.0,1547000.0,1237600.0,2024-08-16,2028-06-30,2.0,2475200.0,,INACTIVE,F,CF,24,England,Southampton
36337,Championship,Ryan Hedges,EUR,23800.0,1547000.0,1237600.0,2026-08-20,2027-06-30,1.0,1237600.0,,ACTIVE,F,RW,31,Wales,Derby County
36338,Championship,Sammie Szmodics,EUR,23800.0,1547000.0,1237600.0,2026-08-01,2027-06-30,1.0,1237600.0,,LOAN,F,AM,30,Ireland,Derby County
36339,Championship,Max Bird,EUR,23800.0,1547000.0,1237600.0,2026-08-14,2029-06-30,3.0,3712800.0,,ACTIVE,M,CM,25,England,Birmingham
36340,Championship,Ryan Allsop,EUR,23800.0,1547000.0,1237600.0,2025-11-18,2028-06-30,2.0,2475200.0,,ACTIVE,K,GK,34,England,Birmingham
36341,Championship,Jayson Molumby,EUR,23800.0,1547000.0,1237600.0,2025-01-04,2028-06-30,2.0,2475200.0,,ACTIVE,M,CM,27,Ireland,West Bromwich
36342,Championship,Callum Brittain,EUR,23800.0,1547000.0,1237600.0,2025-08-04,2029-06-30,3.0,3712800.0,,ACTIVE,D,RB,28,England,Middlesbrough
36343,Championship,Kyle Joseph,EUR,23800.0,1547000.0,1237600.0,2026-07-10,2030-06-30,4.0,4950400.0,,ACTIVE,F,CF,24,Scotland,Middlesbrough
36344,Championship,Luke Ayling,EUR,23800.0,1547000.0,1237600.0,2026-03-30,2027-06-30,1.0,1237600.0,,ACTIVE,D,CB,35,England,Middlesbrough
36345,Championship,Max Arfsten,EUR,23800.0,1547000.0,1237600.0,2026-08-04,2027-06-30,1.0,1237600.0,,ACTIVE,F,LW,25,United States,Middlesbrough
36346,Championship,Neto Borges,EUR,23800.0,1547000.0,1237600.0,2024-08-27,2027-06-30,1.0,1237600.0,,ACTIVE,D,LB,29,Brazil,Middlesbrough
36347,Championship,Sam Byram,EUR,23800.0,1547000.0,1237600.0,2026-08-24,2027-06-30,1.0,1237600.0,,ACTIVE,D,RB,32,England,Middlesbrough
36348,Championship,Anis Ben Slimane,EUR,23800.0,1547000.0,1237600.0,2025-01-13,2028-06-30,2.0,2475200.0,,ACTIVE,F,AM,25,Tunisia,Norwich
36349,Championship,Vladan Kovacevic,EUR,23800.0,1547000.0,1237600.0,2025-07-01,2029-06-30,3.0,3712800.0,,ACTIVE,K,GK,28,Bosnia-Herzegovina,Norwich
36350,Championship,Oscar Fraulo,EUR,22015.0,1430975.0,1144780.0,2026-01-02,2029-06-30,3.0,3434340.0,,ACTIVE,M,CM,22,Denmark,Derby County
36351,Championship,Mark Sykes,EUR,21420.0,1392300.0,1113840.0,2026-07-09,2028-06-30,2.0,2227680.0,,ACTIVE,M,RM,29,Ireland,Millwall
36352,Championship,Sam Greenwood,EUR,20825.0,1353625.0,1082900.0,2026-07-01,2030-06-30,4.0,4331600.0,,ACTIVE,F,AM,24,England,Bristol
36353,Championship,Luca Kjerrumgaard,EUR,20825.0,1353625.0,1082900.0,2026-07-24,2030-06-30,4.0,4331600.0,,ACTIVE,F,CF,23,Denmark,Watford
36354,Championship,Yousef Salech,EUR,20825.0,1353625.0,1082900.0,2026-01-20,2030-06-30,4.0,4331600.0,,ACTIVE,F,CF,24,Denmark,Cardiff
36355,Championship,Michael Cooper,EUR,20825.0,1353625.0,1082900.0,2024-08-15,2027-06-30,1.0,1082900.0,,ACTIVE,K,GK,26,England,Sheffield United
36356,Championship,Cameron Pring,EUR,20825.0,1353625.0,1082900.0,2025-05-22,2028-06-30,2.0,2165800.0,,ACTIVE,D,LB,28,England,Bristol
36357,Championship,Lewis O'Brien,EUR,20825.0,1353625.0,1082900.0,2025-07-24,2028-06-30,2.0,2165800.0,,ACTIVE,M,CM,27,England,Wrexham
36358,Championship,Liam Kitching,EUR,20825.0,1353625.0,1082900.0,2026-09-01,2027-05-31,1.0,1082900.0,,LOAN,D,CB,26,England,Sheffield United
36359,Championship,Anthony Patterson,EUR,20825.0,1353625.0,1082900.0,2026-08-11,2030-06-30,4.0,4331600.0,,ACTIVE,K,GK,26,England,Wrexham
36360,Championship,Scott Twine,EUR,20825.0,1353625.0,1082900.0,2024-08-16,2028-06-30,2.0,2165800.0,,ACTIVE,F,AM,27,England,Bristol
36361,Championship,Jake Cooper,EUR,20825.0,1245335.0,1082900.0,2026-01-02,2027-06-30,1.0,1082900.0,,ACTIVE,D,CB,31,England,Millwall
36362,Championship,Jack Moylan,EUR,20825.0,1353625.0,1082900.0,2026-08-05,2030-06-30,4.0,4331600.0,,ACTIVE,F,AM,25,Ireland,Cardiff
36363,Championship,Callum Styles,EUR,20825.0,1353625.0,1082900.0,2026-06-19,2030-06-30,4.0,4331600.0,,ACTIVE,D,LB,26,Hungary,West Bromwich
36364,Championship,David Strelec,EUR,20825.0,1353625.0,1082900.0,2025-09-01,2030-06-30,4.0,4331600.0,,ACTIVE,F,CF,25,Slovakia,Middlesbrough
36365,Championship,Mirko Topic,EUR,20825.0,1353625.0,1082900.0,2025-08-03,2029-06-30,3.0,3248700.0,,ACTIVE,M,DM,25,Serbia,Norwich
36366,Championship,Rob Atkinson,EUR,20825.0,1353625.0,1082900.0,2025-06-23,2028-06-30,2.0,2165800.0,,ACTIVE,D,CB,28,England,Bristol
36367,Championship,Largie Ramazani,EUR,20825.0,1353625.0,1082900.0,2026-09-01,2027-05-31,1.0,1082900.0,,LOAN,F,LW,25,Belgium,Burnley
36368,Championship,Phil Neumann,EUR,20825.0,1353625.0,1082900.0,2025-07-01,2028-06-30,2.0,2165800.0,,ACTIVE,D,CB,29,Germany,Birmingham
36369,Championship,Tyrese Campbell,EUR,20825.0,1353625.0,1082900.0,2026-08-14,2028-06-30,2.0,2165800.0,,ACTIVE,F,CF,26,England,Sheffield United
36370,Championship,Jason Knight,EUR,20825.0,1353625.0,1082900.0,2023-07-11,2027-06-30,1.0,1082900.0,,ACTIVE,M,CM,25,Ireland,Bristol
36371,Championship,Joe Williams,EUR,20825.0,1353625.0,1082900.0,2024-05-29,2027-06-30,1.0,1082900.0,,ACTIVE,M,CM,29,England,Bristol
36372,Championship,George Long,EUR,20825.0,1353625.0,1082900.0,2026-07-01,2028-06-30,2.0,2165800.0,,ACTIVE,K,GK,32,England,Southampton
36373,Championship,Kanya Fujimoto,EUR,20825.0,1353625.0,1082900.0,2025-07-06,2028-06-30,2.0,2165800.0,,ACTIVE,F,AM,27,Japan,Birmingham
36374,Championship,Omar Traoré,EUR,19635.0,1276275.0,1021020.0,2026-07-16,2029-06-30,3.0,3063060.0,,ACTIVE,D,RB,28,Germany,Watford
36375,Championship,Soumaïla Coulibaly,EUR,19635.0,1276275.0,1021020.0,2026-09-01,2027-06-30,1.0,1021020.0,,LOAN,D,CB,22,France,Watford
36376,Championship,Sam Smith,EUR,19635.0,1276275.0,1021020.0,2026-08-02,2029-06-30,3.0,3063060.0,,ACTIVE,F,CF,28,England,Wrexham
36377,Championship,Alfie Devine,EUR,19040.0,1237600.0,990080.0,2026-07-07,2031-06-30,5.0,4950400.0,,ACTIVE,F,AM,22,England,Preston
36378,Championship,Adam Davies,EUR,17850.0,1160250.0,928200.0,2026-05-18,2027-06-30,1.0,928200.0,,ACTIVE,K,GK,34,Wales,Sheffield United
36379,Championship,Nathaniel Chalobah,EUR,17850.0,1160250.0,928200.0,2026-08-07,2027-06-30,1.0,928200.0,,ACTIVE,M,DM,31,England,Charlton
36380,Championship,Jhon Solís,EUR,17850.0,1160250.0,928200.0,2026-07-01,2030-06-30,4.0,3712800.0,,ACTIVE,M,CM,21,Colombia,Birmingham
36381,Championship,Kuryu Matsuki,EUR,17850.0,1160250.0,928200.0,2024-07-29,2028-06-30,2.0,1856400.0,,ACTIVE,F,AM,23,Japan,Southampton
36382,Championship,Chris Willock,EUR,17850.0,1160250.0,928200.0,2024-07-12,2027-06-30,1.0,928200.0,,ACTIVE,F,LW,28,England,Cardiff
36383,Championship,Michael Obafemi,EUR,17850.0,1160250.0,928200.0,2023-07-01,2027-06-30,1.0,928200.0,,ACTIVE,F,CF,26,Ireland,Burnley
36384,Championship,Liam Millar,EUR,17850.0,1160250.0,928200.0,2026-09-01,2027-06-30,1.0,928200.0,,LOAN,F,LW,26,Canada,Birmingham
36385,Championship,Nolan Galves,EUR,17850.0,1160250.0,928200.0,2026-07-28,2030-06-30,4.0,3712800.0,,ACTIVE,D,RB,23,France,West Bromwich
36386,Championship,Bobby Clark,EUR,17850.0,1160250.0,928200.0,2026-07-01,2027-06-30,1.0,928200.0,,ACTIVE,M,CM,21,England,Derby County
36387,Championship,Jacques Ekomié,EUR,17850.0,1160250.0,928200.0,2026-08-27,2030-06-30,4.0,3712800.0,,ACTIVE,D,LB,23,Gabon,Wrexham
36388,Championship,Grégoire Coudert,EUR,17850.0,1160250.0,928200.0,2026-08-19,2030-06-30,4.0,3712800.0,,ACTIVE,K,GK,27,France,Burnley
36389,Championship,Edo Kayembe,EUR,17850.0,1160250.0,928200.0,2026-05-22,2027-06-30,1.0,928200.0,,ACTIVE,M,CM,28,Democratic Republic of the Congo,Watford
36390,Championship,Andréas Hountondji,EUR,17850.0,1160250.0,928200.0,2024-07-17,2028-06-30,2.0,1856400.0,,ACTIVE,F,CF,24,Benin,Burnley
36391,Championship,Eric-Junior Bocat,EUR,17850.0,1160250.0,928200.0,2024-07-01,2028-06-30,2.0,1856400.0,,ACTIVE,D,LB,27,France,Stoke City
36392,Championship,Ousmane Diakité,EUR,17850.0,1160250.0,928200.0,2026-06-24,2029-06-30,3.0,2784600.0,,ACTIVE,M,DM,26,Mali,West Bromwich
36393,Championship,Oliver Rathbone,EUR,17850.0,1160250.0,928200.0,2026-02-23,2028-06-30,2.0,1856400.0,,ACTIVE,M,CM,29,England,Wrexham
36394,Championship,Kwame Poku,EUR,17850.0,1160250.0,928200.0,2025-07-01,2027-06-30,1.0,928200.0,,ACTIVE,F,RW,25,Ghana,QPR
36395,Championship,George Campbell,EUR,17850.0,1160250.0,928200.0,2025-07-18,2029-06-30,3.0,2784600.0,,ACTIVE,D,CB,25,United States,West Bromwich
36396,Championship,Felix Horn Myhre,EUR,17850.0,1160250.0,928200.0,2026-08-05,2029-06-30,3.0,2784600.0,,ACTIVE,M,CM,27,Norway,West Bromwich
36397,Championship,Josh Tymon,EUR,17850.0,1160250.0,928200.0,2025-10-03,2029-06-30,3.0,2784600.0,,ACTIVE,D,LB,27,England,Swansea
36398,Championship,Jimmy-Jay Morgan,EUR,17850.0,1160250.0,928200.0,2026-07-01,2030-06-30,4.0,3712800.0,,ACTIVE,F,CF,20,England,West Bromwich
36399,Championship,Josh Windass,EUR,17850.0,1160250.0,928200.0,2025-07-23,2028-06-30,2.0,1856400.0,,ACTIVE,F,AM,32,England,Wrexham
36400,Championship,Chiedozie Ogbene,EUR,17850.0,1160250.0,928200.0,2026-09-01,2027-01-01,1.0,928200.0,,LOAN,F,RW,29,Ireland,Lincoln
36401,Championship,Sam McCallum,EUR,17850.0,1160250.0,928200.0,2024-07-11,2028-06-30,2.0,1856400.0,,ACTIVE,D,LB,26,England,Sheffield United
36402,Championship,Papa Amadou Diallo,EUR,17850.0,1160250.0,928200.0,2025-07-24,2029-06-30,3.0,2784600.0,,ACTIVE,F,LW,22,Senegal,Norwich
36403,Championship,Nasser Djiga,EUR,17850.0,1160250.0,928200.0,2025-02-03,2030-06-30,4.0,3712800.0,,ACTIVE,D,CB,23,Burkina Faso,Wolverhampton
36404,Championship,Elijah Adebayo,EUR,17850.0,1160250.0,928200.0,2026-08-25,2028-06-30,2.0,1856400.0,,ACTIVE,F,CF,28,England,Bristol
36405,Championship,Brian De Keersmaecker,EUR,17850.0,1160250.0,928200.0,2026-09-01,2027-05-31,1.0,928200.0,,LOAN,M,DM,26,Belgium,Bristol
36406,Championship,Seung-ho Paik,EUR,17850.0,1160250.0,928200.0,2024-10-07,2028-06-30,2.0,1856400.0,,ACTIVE,M,CM,29,South Korea,Birmingham
36407,Championship,Ronnie Edwards,EUR,17850.0,1160250.0,928200.0,2026-01-09,2027-06-30,1.0,928200.0,,ACTIVE,D,CB,23,England,QPR
36408,Championship,Sean McLoughlin,EUR,17850.0,1160250.0,928200.0,2025-07-19,2027-06-30,1.0,928200.0,,ACTIVE,D,CB,29,Ireland,Blackburn
36409,Championship,Maksym Taloverov,EUR,17850.0,1160250.0,928200.0,2025-07-05,2028-06-30,2.0,1856400.0,,ACTIVE,D,CB,26,Ukraine,Stoke City
36410,Championship,George Edmundson,EUR,17850.0,1160250.0,928200.0,2025-01-25,2027-06-30,1.0,928200.0,,ACTIVE,D,CB,29,England,Middlesbrough
36411,Championship,Elijah Just,EUR,17850.0,1160250.0,928200.0,2026-07-22,2029-06-30,3.0,2784600.0,,ACTIVE,F,AM,26,New Zealand,Swansea
36412,Championship,Enso González,EUR,17850.0,1160250.0,928200.0,2023-08-31,2029-06-30,3.0,2784600.0,,ACTIVE,F,LW,21,Paraguay,Wolverhampton
36413,Championship,Liberato Cacace,EUR,17850.0,1160250.0,928200.0,2025-07-18,2028-06-30,2.0,1856400.0,,ACTIVE,D,LB,25,New Zealand,Wrexham
36414,Championship,Sam Field,EUR,17850.0,1160250.0,928200.0,2026-07-01,2029-06-30,3.0,2784600.0,,ACTIVE,M,DM,28,England,Norwich
36415,Championship,Matty James,EUR,17850.0,1160250.0,928200.0,2026-01-19,2027-06-30,1.0,928200.0,,ACTIVE,M,CM,35,England,Wrexham
36416,Championship,Radek Vítek,EUR,17850.0,1160250.0,928200.0,2026-08-08,2027-06-30,1.0,928200.0,,ACTIVE,K,GK,22,Czech Republic,Middlesbrough
36417,Championship,Riley McGree,EUR,17850.0,1160250.0,928200.0,2024-07-17,2028-06-30,2.0,1856400.0,,ACTIVE,M,CM,27,Australia,Middlesbrough
36418,Championship,Sebastian Berhalter,EUR,17850.0,1160250.0,928200.0,2026-07-28,2030-06-30,4.0,3712800.0,,ACTIVE,M,CM,25,United States,Middlesbrough
36419,Championship,Tomas Rigo,EUR,17850.0,1160250.0,928200.0,2025-08-30,2029-06-30,3.0,2784600.0,,ACTIVE,M,CM,24,Slovakia,Stoke City
36420,Championship,Thierry Small,EUR,17850.0,1160250.0,928200.0,2025-07-01,2029-06-30,3.0,2784600.0,,ACTIVE,D,LB,22,England,Preston
36421,Championship,Liam Lindsay,EUR,17850.0,1160250.0,928200.0,2025-01-20,2027-06-30,1.0,928200.0,,ACTIVE,D,CB,30,Scotland,Preston
36422,Championship,Akin Famewo,EUR,17850.0,1160250.0,928200.0,2026-07-01,2029-06-30,3.0,2784600.0,,ACTIVE,D,CB,27,England,Bolton
36423,Championship,Casper De Norre,EUR,17850.0,1160250.0,928200.0,2026-04-16,2027-06-30,1.0,928200.0,,ACTIVE,M,DM,29,Belgium,Millwall
36424,Championship,Danny Batth,EUR,17850.0,1160250.0,928200.0,2026-08-02,2027-06-30,1.0,928200.0,,ACTIVE,D,CB,35,England,Millwall
36425,Championship,Augustus Kargbo,EUR,17850.0,1160250.0,928200.0,2025-01-31,2027-06-30,1.0,928200.0,,ACTIVE,F,SS,27,Sierra Leone,Blackburn
36426,Championship,Atsuki Ito,EUR,17850.0,1160250.0,928200.0,2026-08-28,2027-06-30,1.0,928200.0,,ACTIVE,M,CM,28,Japan,Bolton
36427,Championship,Léo Leroy,EUR,17850.0,1160250.0,928200.0,2026-08-14,2029-06-30,3.0,2784600.0,,ACTIVE,M,CM,26,France,Preston
36428,Championship,Ben Davies,EUR,17850.0,1160250.0,928200.0,2026-07-01,2028-06-30,2.0,1856400.0,,ACTIVE,D,CB,31,England,Bolton
36429,Championship,Lawrence Vigouroux,EUR,17850.0,1160250.0,928200.0,2025-10-03,2028-06-30,2.0,1856400.0,,ACTIVE,K,GK,32,Chile,Swansea
36430,Championship,Luke Cundle,EUR,17850.0,1160250.0,928200.0,2025-01-31,2027-06-30,1.0,928200.0,,ACTIVE,M,CM,24,England,Millwall
36431,Championship,Max O'Leary,EUR,17850.0,1160250.0,928200.0,2026-06-02,2029-06-30,3.0,2784600.0,,ACTIVE,K,GK,29,Ireland,West Bromwich
36432,Championship,Massimo Luongo,EUR,17850.0,1160250.0,928200.0,2026-08-04,2027-06-30,1.0,928200.0,,ACTIVE,M,CM,33,Australia,Millwall
36433,Championship,John Ruddy,EUR,17850.0,1160250.0,928200.0,2026-08-27,2027-06-30,1.0,928200.0,,ACTIVE,K,GK,39,England,Wolverhampton
36434,Championship,Aune Heggebø,EUR,17850.0,1160250.0,928200.0,2025-07-07,2030-06-30,4.0,3712800.0,,ACTIVE,F,CF,25,Norway,West Bromwich
36435,Championship,Harry Pickering,EUR,17850.0,1160250.0,928200.0,2023-12-07,2027-06-30,1.0,928200.0,,ACTIVE,D,LB,27,England,Blackburn
36436,Championship,Ali Ahmed,EUR,17850.0,1160250.0,928200.0,2026-01-04,2029-06-30,3.0,2784600.0,,ACTIVE,M,LM,25,Canada,Norwich
36437,Championship,Nicolas Madsen,EUR,17850.0,1160250.0,928200.0,2026-07-22,2029-06-30,3.0,2784600.0,,ACTIVE,M,CM,26,Denmark,QPR
36438,Championship,Daniel Iversen,EUR,17850.0,1160250.0,928200.0,2025-07-01,2029-06-30,3.0,2784600.0,,ACTIVE,K,GK,29,Denmark,Preston
36439,Championship,Bruno Alves,EUR,17850.0,1160250.0,928200.0,2026-07-01,2027-06-30,1.0,928200.0,,LOAN,D,CB,21,Brazil,Norwich
36440,Championship,Caleb Wiley,EUR,17850.0,1160250.0,928200.0,2026-08-28,2027-06-30,1.0,928200.0,,LOAN,D,LB,21,United States,Preston
36441,Championship,Andrew Moran,EUR,17850.0,1160250.0,928200.0,2026-02-02,2029-06-30,3.0,2784600.0,,ACTIVE,F,AM,22,Ireland,Preston
36442,Championship,Ali McCann,EUR,17850.0,1160250.0,928200.0,2025-10-16,2029-06-30,3.0,2784600.0,,ACTIVE,M,CM,26,Northern Ireland,Preston
36443,Championship,Perry Ng,EUR,17850.0,1160250.0,928200.0,2026-05-18,2028-06-30,2.0,1856400.0,,ACTIVE,D,RB,30,England,Cardiff
36444,Championship,Rubin Colwill,EUR,17850.0,1160250.0,928200.0,2026-03-16,2030-06-30,4.0,3712800.0,,ACTIVE,F,AM,24,Wales,Cardiff
36445,Championship,Ollie Tanner,EUR,17850.0,1160250.0,928200.0,2025-08-05,2029-06-30,3.0,2784600.0,,ACTIVE,F,RW,24,England,Cardiff
36446,Championship,Oladapo Afolayan,EUR,17850.0,1160250.0,928200.0,2026-02-01,2027-06-30,1.0,928200.0,,ACTIVE,F,RW,28,England,Blackburn
36447,Championship,Kareem Tunde,EUR,17850.0,1160250.0,928200.0,2026-08-27,2030-06-30,4.0,3712800.0,,ACTIVE,F,RW,21,Spain,West Bromwich
36448,Championship,Callum Doyle,EUR,17850.0,1160250.0,928200.0,2025-08-21,2029-06-30,3.0,2784600.0,,ACTIVE,D,CB,22,England,Wrexham
36449,Championship,Samuel Edozie,EUR,17850.0,1160250.0,928200.0,2022-09-01,2027-06-30,1.0,928200.0,,ACTIVE,F,LW,23,England,Southampton
36450,Championship,Ryan Manning,EUR,17850.0,1160250.0,928200.0,2023-07-11,2027-06-30,1.0,928200.0,,ACTIVE,D,LB,30,Ireland,Southampton
36451,Championship,Nathan Wood,EUR,17850.0,1160250.0,928200.0,2024-07-05,2028-06-30,2.0,1856400.0,,ACTIVE,D,CB,24,England,Southampton
36452,Championship,Danny McNamara,EUR,17850.0,1160250.0,928200.0,2026-07-23,2028-06-30,2.0,1856400.0,,ACTIVE,D,RB,27,Ireland,Charlton
36453,Championship,Yuki Ohashi,EUR,17850.0,1160250.0,928200.0,2024-07-31,2027-06-30,1.0,928200.0,,ACTIVE,F,CF,30,Japan,Blackburn
36454,Championship,Welington,EUR,17850.0,1160250.0,928200.0,2025-01-01,2029-06-30,3.0,2784600.0,,ACTIVE,D,LB,25,Brazil,Southampton
36455,Championship,Ben Sheaf,EUR,17850.0,1160250.0,928200.0,2025-09-01,2028-06-30,2.0,1856400.0,,ACTIVE,M,DM,28,England,Wrexham
36456,Championship,Henrik Meister,EUR,16065.0,1044225.0,835380.0,2026-08-30,2027-06-30,1.0,835380.0,,LOAN,F,CF,22,Denmark,Derby County
36457,Championship,Ethan Laird,EUR,16065.0,1044225.0,835380.0,2024-10-11,2028-06-30,2.0,1670760.0,,ACTIVE,D,RB,25,England,Birmingham
36458,Championship,Tomi Horvat,EUR,15470.0,1005550.0,804440.0,2026-02-02,2030-06-30,4.0,3217760.0,,ACTIVE,M,RM,27,Slovenia,Bristol
36459,Championship,Joseph Opoku,EUR,14875.0,966875.0,773500.0,2026-07-23,2030-06-30,4.0,3094000.0,,ACTIVE,F,LW,21,Ghana,Swansea
36460,Championship,Jay Stansfield,EUR,14875.0,966875.0,773500.0,2024-08-30,2031-06-30,5.0,3867500.0,,ACTIVE,F,CF,23,England,Birmingham
36461,Championship,Lewis Gibson,EUR,14875.0,966875.0,773500.0,2025-01-03,2028-06-30,2.0,1547000.0,,ACTIVE,D,CB,26,England,Preston
36462,Championship,Dominic Hyam,EUR,14875.0,966875.0,773500.0,2025-09-01,2027-06-30,1.0,773500.0,,ACTIVE,D,CB,30,Scotland,Wrexham
36463,Championship,Lorent Tolaj,EUR,14875.0,966875.0,773500.0,2026-07-20,2030-06-30,4.0,3094000.0,,ACTIVE,F,CF,24,Switzerland,Bristol
36464,Championship,Jayden Fevrier,EUR,14875.0,966875.0,773500.0,2026-07-28,2027-06-30,1.0,773500.0,,ACTIVE,F,RW,23,England,Blackburn
36465,Championship,Matt Ingram,EUR,14875.0,966875.0,773500.0,2026-07-01,2028-06-30,2.0,1547000.0,,ACTIVE,K,GK,32,England,West Bromwich
36466,Championship,Zak Vyner,EUR,14875.0,966875.0,773500.0,2026-02-01,2029-06-30,3.0,2320500.0,,ACTIVE,D,CB,29,Kenya,Wrexham
36467,Championship,Boy Kemper,EUR,14875.0,966875.0,773500.0,2026-07-01,2027-06-30,1.0,773500.0,,ACTIVE,D,LB,27,Netherlands,QPR
36468,Championship,Rabby Nzingoula,EUR,14875.0,966875.0,773500.0,2026-08-11,2029-06-30,3.0,2320500.0,,ACTIVE,M,DM,20,France,West Bromwich
36469,Championship,Ante Crnac,EUR,14875.0,966875.0,773500.0,2024-08-22,2028-06-30,2.0,1547000.0,,ACTIVE,F,CF,22,Croatia,Norwich
36470,Championship,Jakov Medic,EUR,14875.0,966875.0,773500.0,2025-07-01,2028-06-30,2.0,1547000.0,,INACTIVE,D,CB,27,Croatia,Norwich
36471,Championship,Ebou Adams,EUR,14875.0,966875.0,773500.0,2026-01-16,2028-06-30,2.0,1547000.0,,ACTIVE,M,CM,30,The Gambia,Portsmouth
36472,Championship,Lewis Brunt,EUR,14875.0,966875.0,773500.0,2026-08-12,2030-06-30,4.0,3094000.0,,ACTIVE,D,CB,25,England,Bolton
36473,Championship,Danny Ward,EUR,14875.0,966875.0,773500.0,2025-07-01,2027-06-30,1.0,773500.0,,ACTIVE,K,GK,33,Wales,Wrexham
36474,Championship,Svante Ingelsson,EUR,14875.0,966875.0,773500.0,2026-07-01,2029-06-30,3.0,2320500.0,,ACTIVE,M,CM,28,Sweden,Stoke City
36475,Championship,Taïryk Arconte,EUR,14875.0,966875.0,773500.0,2026-07-01,2027-06-30,1.0,773500.0,,ACTIVE,F,CF,22,Guadeloupe,Millwall
36476,Championship,Harrison Burrows,EUR,14875.0,966875.0,773500.0,2024-07-27,2028-06-30,2.0,1547000.0,,ACTIVE,D,LB,24,England,Sheffield United
36477,Championship,Mikey Johnston,EUR,14875.0,966875.0,773500.0,2024-08-30,2028-06-30,2.0,1547000.0,,ACTIVE,F,LW,27,Ireland,West Bromwich
36478,Championship,Abu Kamara,EUR,14875.0,966875.0,773500.0,2026-08-10,2029-06-30,3.0,2320500.0,,ACTIVE,F,RW,23,England,Portsmouth
36479,Championship,Jordan Storey,EUR,14875.0,966875.0,773500.0,2024-12-31,2028-06-30,2.0,1547000.0,,ACTIVE,D,CB,29,England,Preston
36480,Championship,Sol Brynn,EUR,14875.0,966875.0,773500.0,2025-12-22,2030-06-30,4.0,3094000.0,,ACTIVE,K,GK,25,England,Middlesbrough
36481,Championship,Nathan Broadhead,EUR,14875.0,966875.0,773500.0,2025-08-14,2029-06-30,3.0,2320500.0,,ACTIVE,F,LW,28,Wales,Wrexham
36482,Championship,Daniel Bachmann,EUR,14875.0,966875.0,773500.0,2023-07-28,2028-06-30,2.0,1547000.0,,ACTIVE,K,GK,32,Austria,Watford
36483,Championship,Danny Imray,EUR,14875.0,966875.0,773500.0,2026-07-29,2030-06-30,4.0,3094000.0,,ACTIVE,D,RB,23,England,Wrexham
36484,Championship,Matt Godden,EUR,14875.0,966875.0,773500.0,2026-06-22,2027-06-30,1.0,773500.0,,ACTIVE,F,CF,35,England,Charlton
36485,Championship,Marko Stamenić,EUR,14875.0,966875.0,773500.0,2025-08-20,2029-06-30,3.0,2320500.0,,ACTIVE,M,CM,24,New Zealand,Swansea
36486,Championship,Yuri Ribeiro,EUR,14875.0,966875.0,773500.0,2025-04-03,2027-06-30,1.0,773500.0,,ACTIVE,D,LB,29,Portugal,Blackburn
36487,Championship,Ben Cabango,EUR,14875.0,966875.0,773500.0,2024-12-24,2028-06-30,2.0,1547000.0,,ACTIVE,D,CB,26,Wales,Swansea
36488,Championship,Jordi Osei-Tutu,EUR,14875.0,966875.0,773500.0,2026-08-21,2027-06-30,1.0,773500.0,,ACTIVE,D,RB,27,England,Millwall
36489,Championship,Toby Collyer,EUR,14875.0,966875.0,773500.0,2026-08-30,2030-06-30,4.0,3094000.0,,ACTIVE,M,DM,22,England,West Bromwich
36490,Championship,Hector Kyprianou,EUR,14875.0,966875.0,773500.0,2025-07-01,2030-06-30,4.0,3094000.0,,ACTIVE,M,DM,25,Cyprus,Watford
36491,Championship,Zeidane Inoussa,EUR,14875.0,966875.0,773500.0,2025-07-01,2030-06-30,4.0,3094000.0,,ACTIVE,F,LW,24,Sweden,Swansea
36492,Championship,Lee Nicholls,EUR,14875.0,966875.0,773500.0,2026-07-01,2028-06-30,2.0,1547000.0,,ACTIVE,K,GK,33,England,Preston
36493,Championship,Tomoki Iwata,EUR,14875.0,966875.0,773500.0,2024-08-30,2027-06-30,1.0,773500.0,,ACTIVE,M,DM,29,Japan,Birmingham
36494,Championship,Damion Downs,EUR,14875.0,966875.0,773500.0,2025-07-09,2029-06-30,3.0,2320500.0,,ACTIVE,F,CF,22,United States,Southampton
36495,Championship,Adilson Malanda,EUR,14875.0,966875.0,773500.0,2025-08-20,2027-06-30,1.0,773500.0,,ACTIVE,D,CB,24,France,Middlesbrough
36496,Championship,Jack McGlynn,EUR,14875.0,966875.0,773500.0,2026-09-01,2029-06-30,3.0,2320500.0,,ACTIVE,M,CM,23,United States,Stoke City
36497,Championship,Lloyd Jones,EUR,14875.0,966875.0,773500.0,2026-08-14,2028-06-30,2.0,1547000.0,,ACTIVE,D,CB,30,England,Charlton
36498,Championship,Zach Abbott,EUR,14875.0,966875.0,773500.0,2026-09-01,2027-06-30,1.0,773500.0,,LOAN,D,CB,20,England,Southampton
36499,Championship,Ryoya Morishita,EUR,14875.0,966875.0,773500.0,2025-08-25,2028-06-30,2.0,1547000.0,,ACTIVE,F,AM,29,Japan,Blackburn
36500,Championship,George Dobson,EUR,14875.0,966875.0,773500.0,2026-02-23,2028-06-30,2.0,1547000.0,,ACTIVE,M,DM,28,England,Wrexham
36501,Championship,Reece Burke,EUR,14875.0,966875.0,773500.0,2025-07-09,2027-06-30,1.0,773500.0,,ACTIVE,D,CB,30,England,Charlton
36502,Championship,Million Manhoef,EUR,14875.0,966875.0,773500.0,2024-02-01,2027-06-30,1.0,773500.0,,ACTIVE,F,RW,24,Netherlands,Stoke City
36503,Championship,Dion De Neve,EUR,14875.0,966875.0,773500.0,2025-07-01,2028-06-30,2.0,1547000.0,,ACTIVE,M,LM,25,Belgium,Blackburn
36504,Championship,Harvey Vale,EUR,14875.0,966875.0,773500.0,2025-02-03,2028-06-30,2.0,1547000.0,,ACTIVE,M,RM,22,Ireland,QPR
36505,Championship,Brad Potts,EUR,14280.0,928200.0,742560.0,2023-09-18,2027-06-30,1.0,742560.0,,ACTIVE,D,RB,32,England,Preston
36506,Championship,Mattie Pollock,EUR,14280.0,928200.0,742560.0,2024-11-08,2029-06-30,3.0,2227680.0,,ACTIVE,D,CB,24,England,Watford
36507,Championship,Jeremy Ngakia,EUR,14280.0,928200.0,742560.0,2024-05-23,2027-06-30,1.0,742560.0,,ACTIVE,D,RB,25,Democratic Republic of the Congo,Watford
36508,Championship,Aidan Morris,EUR,14280.0,928200.0,742560.0,2024-07-01,2028-06-30,2.0,1485120.0,,ACTIVE,M,CM,24,United States,Middlesbrough
36509,Championship,Jordan Zemura,EUR,14280.0,928200.0,742560.0,2026-08-02,2027-06-30,1.0,742560.0,,LOAN,D,LB,26,Zimbabwe,Watford
36510,Championship,Johnny Kenny,EUR,14280.0,928200.0,742560.0,2026-09-01,2030-06-30,4.0,2970240.0,,ACTIVE,F,CF,23,Ireland,Preston
36511,Championship,Branimir Mlacic,EUR,14280.0,928200.0,742560.0,2026-09-01,2027-06-30,1.0,742560.0,,LOAN,D,CB,19,Croatia,Watford
36512,Championship,Adam Randell,EUR,13685.0,889525.0,711620.0,2025-07-01,2029-06-30,3.0,2134860.0,,ACTIVE,M,DM,25,England,Bristol
36513,Championship,Noah Eile,EUR,13685.0,889525.0,711620.0,2026-02-02,2029-06-30,3.0,2134860.0,,ACTIVE,D,CB,24,Sweden,Bristol
36514,Championship,Rob Dickie,EUR,13685.0,889525.0,711620.0,2025-10-15,2028-06-30,2.0,1423240.0,,ACTIVE,D,CB,30,England,Bristol
36515,Championship,Jordan Thompson,EUR,13090.0,850850.0,680680.0,2025-07-01,2027-06-30,1.0,680680.0,,ACTIVE,M,CM,29,Northern Ireland,Preston
36516,Championship,Kwadwo Baah,EUR,12495.0,812175.0,649740.0,2024-10-18,2029-06-30,3.0,1949220.0,,ACTIVE,F,RW,23,Germany,Watford
36517,Championship,Jordan James,EUR,12495.0,812175.0,649740.0,2026-08-19,2027-06-30,1.0,649740.0,,LOAN,M,CM,22,Wales,Wolverhampton
36518,Championship,George Tanner,EUR,12495.0,812175.0,649740.0,2025-05-23,2028-06-30,2.0,1299480.0,,ACTIVE,D,RB,26,England,Bristol
36519,Championship,Jay Fulton,EUR,11900.0,773500.0,618800.0,2026-02-12,2028-06-30,2.0,1237600.0,,ACTIVE,M,CM,32,Scotland,Swansea
36520,Championship,Sidnei Tavares,EUR,11900.0,773500.0,618800.0,2025-07-01,2028-06-30,2.0,1237600.0,,INACTIVE,M,DM,24,Cape Verde,Blackburn
36521,Championship,Melker Widell,EUR,11900.0,773500.0,618800.0,2025-01-31,2029-06-30,3.0,1856400.0,,ACTIVE,M,CM,24,Sweden,Swansea
36522,Championship,Moussa Yeo,EUR,11900.0,773500.0,618800.0,2026-07-01,2030-06-30,4.0,2475200.0,,ACTIVE,F,RW,22,Mali,Swansea
36523,Championship,Iker Bravo,EUR,11900.0,773500.0,618800.0,2026-07-24,2027-06-30,1.0,618800.0,,ACTIVE,F,CF,21,Spain,Watford
36524,Championship,Stephy Mavididi,EUR,11900.0,773500.0,618800.0,2026-09-01,2027-05-31,1.0,618800.0,,LOAN,F,LW,28,England,Watford
36525,Championship,Isaac Price,EUR,11900.0,773500.0,618800.0,2025-01-22,2029-06-30,3.0,1856400.0,,ACTIVE,M,CM,22,Northern Ireland,West Bromwich
36526,Championship,Max Cleworth,EUR,11900.0,773500.0,618800.0,2026-01-16,2029-06-30,3.0,1856400.0,,ACTIVE,D,CB,24,England,Wrexham
36527,Championship,Ethan Erhahon,EUR,11900.0,773500.0,618800.0,2025-07-25,2029-06-30,3.0,1856400.0,,ACTIVE,M,CM,25,Scotland,Bolton
36528,Championship,Gaizka Larrazabal,EUR,11900.0,773500.0,618800.0,2026-07-23,2028-06-30,2.0,1237600.0,,ACTIVE,D,RB,28,Spain,Bolton
36529,Championship,Ryan Hardie,EUR,11900.0,773500.0,618800.0,2026-08-11,2027-06-30,1.0,618800.0,,LOAN,F,CF,29,Scotland,Bolton
36530,Championship,Xavier Simons,EUR,11900.0,773500.0,618800.0,2025-07-01,2029-06-30,3.0,1856400.0,,ACTIVE,M,DM,23,England,Bolton
36531,Championship,Ben Amos,EUR,11900.0,773500.0,618800.0,2026-08-05,2027-06-30,1.0,618800.0,,ACTIVE,K,GK,36,England,Burnley
36532,Championship,Dastan Satpaev,EUR,11900.0,773500.0,618800.0,2026-08-14,2027-06-30,1.0,618800.0,,LOAN,F,CF,18,Kazakhstan,Burnley
36533,Championship,Jaydon Banel,EUR,11900.0,773500.0,618800.0,2026-07-01,2029-06-30,3.0,1856400.0,,ACTIVE,F,LW,21,Netherlands,Burnley
36534,Championship,Oliver Sonne,EUR,11900.0,773500.0,618800.0,2025-01-01,2029-06-30,3.0,1856400.0,,ACTIVE,D,RB,25,Peru,Burnley
36535,Championship,Alex Robertson,EUR,11900.0,773500.0,618800.0,2024-08-07,2028-06-30,2.0,1237600.0,,ACTIVE,M,CM,23,Australia,Cardiff
36536,Championship,George Thomason,EUR,11900.0,773500.0,618800.0,2025-07-21,2028-06-30,2.0,1237600.0,,ACTIVE,M,CM,25,England,Wrexham
36537,Championship,Amari'i Bell,EUR,11900.0,773500.0,618800.0,2025-07-04,2027-06-30,1.0,618800.0,,ACTIVE,D,CB,32,Jamaica,Charlton
36538,Championship,Greg Docherty,EUR,11900.0,773500.0,618800.0,2024-07-05,2027-06-30,1.0,618800.0,,ACTIVE,M,CM,29,Scotland,Charlton
36539,Championship,Joe Rankin-Costello,EUR,11900.0,773500.0,618800.0,2025-07-11,2029-06-30,3.0,1856400.0,,ACTIVE,D,RB,27,England,Charlton
36540,Championship,Millenic Alli,EUR,11900.0,773500.0,618800.0,2026-07-26,2030-06-30,4.0,2475200.0,,ACTIVE,F,LW,26,Ireland,Charlton
36541,Championship,Tommy Doyle,EUR,11900.0,711620.0,618800.0,2024-07-01,2028-06-30,2.0,1237600.0,,ACTIVE,M,CM,24,England,Wolverhampton
36542,Championship,Dion Sanderson,EUR,11900.0,773500.0,618800.0,2026-01-01,2028-06-30,2.0,1237600.0,,ACTIVE,D,CB,26,England,Derby County
36543,Championship,Eiran Cashin,EUR,11900.0,773500.0,618800.0,2026-09-01,2027-05-31,1.0,618800.0,,LOAN,D,CB,24,Ireland,Derby County
36544,Championship,Max Johnston,EUR,11900.0,773500.0,618800.0,2025-08-27,2029-06-30,3.0,1856400.0,,ACTIVE,D,RB,22,Scotland,Derby County
36545,Championship,Sondre Langås,EUR,11900.0,773500.0,618800.0,2025-02-03,2029-06-30,3.0,1856400.0,,ACTIVE,D,CB,25,Norway,Derby County
36546,Championship,Santiago Bueno,EUR,11900.0,773500.0,618800.0,2023-08-31,2028-06-30,2.0,1237600.0,,INACTIVE,D,CB,27,Uruguay,Wolverhampton
36547,Championship,Nathan Fraser,EUR,11900.0,773500.0,618800.0,2024-07-05,2028-06-30,2.0,1237600.0,,ACTIVE,F,CF,21,Ireland,Wolverhampton
36548,Championship,Mason Melia,EUR,11900.0,773500.0,618800.0,2026-08-05,2027-05-31,1.0,618800.0,,LOAN,F,CF,18,Ireland,Lincoln
36549,Championship,Scott Wright,EUR,11900.0,773500.0,618800.0,2024-08-30,2027-06-30,1.0,618800.0,,ACTIVE,F,RW,29,Scotland,Birmingham
36550,Championship,Sonny Bradley,EUR,11900.0,773500.0,618800.0,2025-07-01,2027-06-30,1.0,618800.0,,ACTIVE,D,CB,34,England,Lincoln
36551,Championship,Taylor Gardner-Hickman,EUR,11900.0,773500.0,618800.0,2025-07-01,2027-06-30,1.0,618800.0,,ACTIVE,M,DM,24,England,Birmingham
36552,Championship,Yunus Emre Konak,EUR,11900.0,773500.0,618800.0,2026-08-18,2027-06-30,1.0,618800.0,,LOAN,M,DM,20,Turkey,Lincoln
36553,Championship,Adam Forshaw,EUR,11900.0,773500.0,618800.0,2026-04-30,2027-06-30,1.0,618800.0,,ACTIVE,M,CM,34,England,Blackburn
36554,Championship,Amario Cozier-Duberry,EUR,11900.0,773500.0,618800.0,2026-09-01,2027-05-31,1.0,618800.0,,LOAN,F,RW,21,England,Middlesbrough
36555,Championship,Jon McLaughlin,EUR,11900.0,773500.0,618800.0,2026-07-27,2027-06-30,1.0,618800.0,,ACTIVE,K,GK,38,Scotland,Middlesbrough
36556,Championship,Leo Castledine,EUR,11900.0,773500.0,618800.0,2026-01-09,2030-06-30,4.0,2475200.0,,ACTIVE,F,AM,21,England,Middlesbrough
36557,Championship,Myles Peart-Harris,EUR,11900.0,773500.0,618800.0,2026-07-01,2030-06-30,4.0,2475200.0,,ACTIVE,F,AM,23,Jamaica,Middlesbrough
36558,Championship,Rokas Pukstas,EUR,11900.0,773500.0,618800.0,2026-08-31,2031-06-30,5.0,3094000.0,,ACTIVE,F,AM,22,United States,Middlesbrough
36559,Championship,Tommy Conway,EUR,11900.0,773500.0,618800.0,2024-08-16,2028-06-30,2.0,1237600.0,,ACTIVE,F,CF,24,Scotland,Middlesbrough
36560,Championship,Andri Gudjohnsen,EUR,11900.0,773500.0,618800.0,2026-05-13,2028-06-30,2.0,1237600.0,,ACTIVE,F,CF,24,Iceland,Blackburn
36561,Championship,Filip Marschall,EUR,11900.0,773500.0,618800.0,2026-09-01,2027-06-30,1.0,618800.0,,ACTIVE,K,GK,23,England,Millwall
36562,Championship,Balázs Tóth,EUR,11900.0,773500.0,618800.0,2024-08-30,2027-06-30,1.0,618800.0,,ACTIVE,K,GK,28,Hungary,Blackburn
36563,Championship,Josh Coburn,EUR,11900.0,773500.0,618800.0,2025-07-01,2027-06-30,1.0,618800.0,,ACTIVE,F,CF,23,England,Millwall
36564,Championship,Lukas Jensen,EUR,11900.0,773500.0,618800.0,2024-07-11,2027-06-30,1.0,618800.0,,ACTIVE,K,GK,27,Denmark,Millwall
36565,Championship,Ryan Leonard,EUR,11900.0,773500.0,618800.0,2026-05-15,2027-06-30,1.0,618800.0,,ACTIVE,D,RB,34,England,Millwall
36566,Championship,Daniel Grimshaw,EUR,11900.0,773500.0,618800.0,2025-07-01,2028-06-30,2.0,1237600.0,,ACTIVE,K,GK,28,England,Norwich
36567,Championship,Pelle Mattsson,EUR,11900.0,773500.0,618800.0,2025-08-29,2028-06-30,2.0,1237600.0,,ACTIVE,M,CM,25,Denmark,Norwich
36568,Championship,Colby Bishop,EUR,11900.0,773500.0,618800.0,2025-02-24,2028-06-30,2.0,1237600.0,,ACTIVE,F,CF,29,England,Portsmouth
36569,Championship,Daniel Bielica,EUR,11900.0,773500.0,618800.0,2026-07-24,2029-06-30,3.0,1856400.0,,ACTIVE,K,GK,27,Poland,Portsmouth
36570,Championship,Jayden Meghoma,EUR,11900.0,773500.0,618800.0,2026-09-01,2027-06-30,1.0,618800.0,,LOAN,D,LB,20,England,Portsmouth
36571,Championship,Lewis Miller,EUR,11900.0,773500.0,618800.0,2025-08-04,2028-06-30,2.0,1237600.0,,ACTIVE,D,RB,26,Australia,Blackburn
36572,Championship,Mathias Jørgensen,EUR,11900.0,773500.0,618800.0,2026-01-15,2029-06-30,3.0,1856400.0,,ACTIVE,F,RW,25,Denmark,Blackburn
36573,Championship,Keshi Anderson,EUR,11900.0,773500.0,618800.0,2026-01-19,2027-06-30,1.0,618800.0,,ACTIVE,F,LW,31,England,Portsmouth
36574,Championship,Moussa Baradji,EUR,11900.0,773500.0,618800.0,2026-07-01,2029-06-30,3.0,1856400.0,,ACTIVE,M,CM,25,France,Blackburn
36575,Championship,Nicolas Schmid,EUR,11900.0,773500.0,618800.0,2025-12-19,2029-06-30,3.0,1856400.0,,ACTIVE,K,GK,29,Austria,Portsmouth
36576,Championship,Andrew Hughes,EUR,11900.0,773500.0,618800.0,2025-01-13,2027-06-30,1.0,618800.0,,ACTIVE,D,CB,34,Wales,Preston
36577,Championship,Callum Lang,EUR,11900.0,773500.0,618800.0,2026-02-02,2029-06-30,3.0,1856400.0,,ACTIVE,F,RW,27,England,Preston
36578,Championship,Keiber Lamadrid,EUR,11900.0,773500.0,618800.0,2026-07-01,2027-06-30,1.0,618800.0,,ACTIVE,F,LW,22,Venezuela,West Ham
36579,Championship,Pol Valentín,EUR,11900.0,773500.0,618800.0,2025-07-01,2028-06-30,2.0,1237600.0,,ACTIVE,D,RB,29,Spain,Preston
36580,Championship,Stanley Mills,EUR,11900.0,773500.0,618800.0,2026-08-27,2029-06-30,3.0,1856400.0,,ACTIVE,F,RW,22,England,Preston
36581,Championship,Amadou Salif Mbengue,EUR,11900.0,773500.0,618800.0,2025-07-01,2027-06-30,1.0,618800.0,,ACTIVE,D,CB,24,Senegal,QPR
36582,Championship,Jake Clarke-Salter,EUR,11900.0,773500.0,618800.0,2022-07-01,2027-06-30,1.0,618800.0,,ACTIVE,D,CB,28,England,QPR
36583,Championship,Femi Seriki,EUR,11900.0,773500.0,618800.0,2024-02-01,2027-06-30,1.0,618800.0,,ACTIVE,D,RB,24,England,Sheffield United
36584,Championship,Romelle Donovan,EUR,11900.0,773500.0,618800.0,2026-07-08,2027-05-31,1.0,618800.0,,LOAN,F,RW,19,England,Sheffield United
36585,Championship,Scott Wharton,EUR,11900.0,773500.0,618800.0,2023-03-29,2028-06-30,2.0,1237600.0,,ACTIVE,D,CB,28,England,Blackburn
36586,Championship,Junior Tchamadeu,EUR,11900.0,773500.0,618800.0,2026-05-14,2028-06-30,2.0,1237600.0,,ACTIVE,D,RB,22,Cameroon,Stoke City
36587,Championship,Lamine Cissé,EUR,11900.0,773500.0,618800.0,2025-08-14,2029-06-30,3.0,1856400.0,,ACTIVE,F,RW,23,France,Stoke City
36588,Championship,Andy Fisher,EUR,11900.0,773500.0,618800.0,2026-02-12,2028-06-30,2.0,1237600.0,,ACTIVE,K,GK,28,England,Swansea
36589,Championship,Karamoko Dembélé,EUR,10710.0,696150.0,556920.0,2025-07-01,2027-06-30,1.0,556920.0,,ACTIVE,F,AM,23,England,QPR
36590,Championship,Gonçalo Franco,EUR,10115.0,657475.0,525980.0,2024-07-12,2028-06-30,2.0,1051960.0,,ACTIVE,M,CM,25,Portugal,Swansea
36591,Championship,Filip Bilbija,EUR,10115.0,657475.0,525980.0,2026-07-22,2029-06-30,3.0,1577940.0,,ACTIVE,F,LW,26,Germany,Derby County
36592,Championship,Sam Bell,EUR,10115.0,657475.0,525980.0,2026-06-19,2029-06-30,3.0,1577940.0,,ACTIVE,F,LW,24,England,Bristol
36593,Championship,Conor Coventry,EUR,10115.0,657475.0,525980.0,2024-01-12,2027-06-30,1.0,525980.0,,ACTIVE,M,DM,26,Ireland,Charlton
36594,Championship,Jusef Erabi,EUR,10115.0,657475.0,525980.0,2026-07-13,2027-06-30,1.0,525980.0,,LOAN,F,CF,23,Sweden,Preston
36595,Championship,Tyreece Campbell,EUR,10115.0,657475.0,525980.0,2026-08-25,2030-06-30,4.0,2103920.0,,ACTIVE,F,LW,22,Jamaica,Charlton
36596,Championship,Jimmy Dunne,EUR,10115.0,657475.0,525980.0,2025-06-18,2027-06-30,1.0,525980.0,,ACTIVE,D,CB,28,Ireland,QPR
36597,Championship,David Ozoh,EUR,10115.0,657475.0,525980.0,2026-09-01,2031-06-30,5.0,2629900.0,,ACTIVE,M,DM,21,England,Derby County
36598,Championship,José Córdoba,EUR,10115.0,657475.0,525980.0,2024-07-01,2028-06-30,2.0,1051960.0,,ACTIVE,D,CB,25,Panama,Norwich
36599,Championship,Mohammed Fuseini,EUR,10115.0,657475.0,525980.0,2026-09-01,2027-06-30,1.0,525980.0,,LOAN,F,CF,24,Ghana,Derby County
36600,Championship,Josh Vickers,EUR,10115.0,657475.0,525980.0,2026-01-27,2029-06-30,3.0,1577940.0,,ACTIVE,K,GK,30,England,Derby County
36601,Championship,Joe Ward,EUR,10115.0,657475.0,525980.0,2026-03-13,2027-06-30,1.0,525980.0,,ACTIVE,M,RM,31,England,Derby County
36602,Championship,Jacob Widell Zetterström,EUR,10115.0,657475.0,525980.0,2024-08-16,2027-06-30,1.0,525980.0,,ACTIVE,K,GK,28,Sweden,Derby County
36603,Championship,Rúben Rodrigues,EUR,10115.0,657475.0,525980.0,2026-08-20,2028-06-30,2.0,1051960.0,,ACTIVE,F,AM,30,Portugal,Bolton
36604,Championship,John McAtee,EUR,9520.0,618800.0,495040.0,2024-08-09,2027-06-30,1.0,495040.0,,ACTIVE,F,SS,27,England,Bolton
36605,Championship,Callum Elder,EUR,9520.0,618800.0,495040.0,2026-07-01,2028-06-30,2.0,990080.0,,ACTIVE,D,LB,31,Australia,Lincoln
36606,Championship,Ben Pearson,EUR,9520.0,618800.0,495040.0,2023-07-08,2027-06-30,1.0,495040.0,,ACTIVE,M,DM,31,England,Stoke City
36607,Championship,Jesper Daland,EUR,9520.0,618800.0,495040.0,2024-08-20,2028-06-30,2.0,990080.0,,INACTIVE,D,CB,26,Norway,Cardiff
36608,Championship,Josh Sheehan,EUR,9520.0,618800.0,495040.0,2026-02-20,2028-06-30,2.0,990080.0,,ACTIVE,M,CM,31,Wales,Bolton
36609,Championship,Isaac Olaofe,EUR,9520.0,618800.0,495040.0,2026-08-07,2027-05-31,1.0,495040.0,,LOAN,F,CF,26,England,Lincoln
36610,Championship,Joachim Kayi Sanda,EUR,9520.0,618800.0,495040.0,2025-01-09,2029-06-30,3.0,1485120.0,,ACTIVE,D,CB,19,France,Southampton
36611,Championship,Jamie Jones,EUR,9520.0,618800.0,495040.0,2026-09-01,2027-06-30,1.0,495040.0,,ACTIVE,K,GK,37,England,Southampton
36612,Championship,Tyler Bindon,EUR,9520.0,618800.0,495040.0,2026-08-30,2027-06-30,1.0,495040.0,,LOAN,D,CB,21,New Zealand,Charlton
36613,Championship,Jenson Seelt,EUR,9520.0,618800.0,495040.0,2026-08-27,2027-05-31,1.0,495040.0,,LOAN,D,CB,23,Netherlands,Swansea
36614,Championship,Ryan Nyambe,EUR,9520.0,618800.0,495040.0,2024-07-04,2027-06-30,1.0,495040.0,,ACTIVE,D,RB,28,Namibia,Derby County
36615,Championship,Benjamin Arthur,EUR,9520.0,618800.0,495040.0,2026-08-12,2027-06-30,1.0,495040.0,,LOAN,D,CB,20,England,Portsmouth
36616,Championship,Patrick Agyemang,EUR,8925.0,580125.0,464100.0,2025-07-15,2029-06-30,3.0,1392300.0,,ACTIVE,F,CF,25,United States,Derby County
36617,Championship,Lars-Jørgen Salvesen,EUR,8925.0,580125.0,464100.0,2025-01-15,2027-06-30,1.0,464100.0,,ACTIVE,F,CF,30,Norway,Derby County
36618,Championship,Jamie Shackleton,EUR,8925.0,580125.0,464100.0,2024-07-04,2027-06-30,1.0,464100.0,,ACTIVE,D,RB,26,England,Sheffield United
36619,Championship,Barney Stewart,EUR,8925.0,580125.0,464100.0,2026-07-01,2030-06-30,4.0,1856400.0,,ACTIVE,F,CF,22,Scotland,West Bromwich
36620,Championship,Rocco Shein,EUR,8925.0,580125.0,464100.0,2026-07-13,2029-06-30,3.0,1392300.0,,ACTIVE,M,CM,23,Estonia,Portsmouth
36621,Championship,Odin Bailey,EUR,8925.0,580125.0,464100.0,2026-07-01,2029-06-30,3.0,1392300.0,,ACTIVE,F,AM,26,England,Portsmouth
36622,Championship,Marko Milovanović,EUR,8925.0,580125.0,464100.0,2026-07-23,2030-06-30,4.0,1856400.0,,ACTIVE,F,CF,23,Serbia,Portsmouth
36623,Championship,Luke Le Roux,EUR,8925.0,580125.0,464100.0,2025-07-25,2028-06-30,2.0,928200.0,,ACTIVE,M,CM,26,South Africa,Portsmouth
36624,Championship,Ryan Longman,EUR,8925.0,580125.0,464100.0,2025-01-24,2027-06-30,1.0,464100.0,,ACTIVE,M,RM,25,England,Wrexham
36625,Championship,Connor Ogilvie,EUR,8925.0,580125.0,464100.0,2026-06-17,2028-06-30,2.0,928200.0,,ACTIVE,D,LB,30,England,Portsmouth
37238,Ligue 1,Kilian Belazzoug,EUR,,,,2025-06-26,2028-06-30,2.0,,,ACTIVE,K,GK,20,Algeria,Rennes
36626,Championship,Paul Smyth,EUR,8925.0,580125.0,464100.0,2025-12-31,2027-06-30,1.0,464100.0,,ACTIVE,F,RW,28,Northern Ireland,QPR
36627,Championship,Richard Kone,EUR,8925.0,580125.0,464100.0,2025-08-13,2030-06-30,4.0,1856400.0,,ACTIVE,F,CF,23,Cote d'Ivoire,QPR
36628,Championship,Paris Maghoma,EUR,8925.0,580125.0,464100.0,2026-01-26,2029-06-30,3.0,1392300.0,,ACTIVE,M,CM,25,England,Norwich
36629,Championship,Kellen Fisher,EUR,8925.0,580125.0,464100.0,2024-09-26,2028-06-30,2.0,928200.0,,ACTIVE,D,RB,22,England,Norwich
36630,Championship,Jovon Makama,EUR,8925.0,580125.0,464100.0,2025-08-04,2028-06-30,2.0,928200.0,,ACTIVE,F,CF,22,England,Norwich
36631,Championship,Hayden Carter,EUR,8925.0,580125.0,464100.0,2023-03-30,2027-06-30,1.0,464100.0,,ACTIVE,D,CB,26,England,Blackburn
36632,Championship,Ben Chrisene,EUR,8925.0,580125.0,464100.0,2024-07-30,2028-06-30,2.0,928200.0,,ACTIVE,D,LB,22,England,Norwich
36633,Championship,Tristan Crama,EUR,8925.0,580125.0,464100.0,2025-01-17,2028-06-30,2.0,928200.0,,ACTIVE,D,CB,24,France,Millwall
36634,Championship,Mathis Servais,EUR,8925.0,580125.0,464100.0,2026-07-06,2031-06-30,5.0,2320500.0,,ACTIVE,F,AM,21,Belgium,Millwall
36635,Championship,Jamal Baptiste,EUR,8925.0,580125.0,464100.0,2026-07-01,2027-06-30,1.0,464100.0,,ACTIVE,D,CB,22,England,Sheffield United
36636,Championship,Ryan Alebiosu,EUR,8925.0,580125.0,464100.0,2025-07-10,2028-06-30,2.0,928200.0,,ACTIVE,D,RB,24,Nigeria,Blackburn
36637,Championship,Kyrell Lisbie,EUR,8925.0,580125.0,464100.0,2026-07-26,2027-06-30,1.0,464100.0,,ACTIVE,F,LW,22,England,Millwall
36638,Championship,Aynsley Pears,EUR,8925.0,580125.0,464100.0,2023-05-12,2027-06-30,1.0,464100.0,,ACTIVE,K,GK,28,England,Blackburn
36639,Championship,Camiel Neghli,EUR,8925.0,580125.0,464100.0,2025-01-31,2027-06-30,1.0,464100.0,,ACTIVE,F,RW,24,Algeria,Millwall
36640,Championship,Micah Hamilton,EUR,8925.0,580125.0,464100.0,2024-08-09,2028-06-30,2.0,928200.0,,ACTIVE,F,LW,22,England,Middlesbrough
36641,Championship,Ethan Wheatley,EUR,8925.0,533715.0,464100.0,2026-08-24,2027-05-31,1.0,464100.0,,LOAN,F,CF,20,England,Lincoln
36642,Championship,Sydie Peck,EUR,8925.0,580125.0,464100.0,2024-08-17,2028-06-30,2.0,928200.0,,ACTIVE,M,CM,22,England,Sheffield United
36643,Championship,Adam Reach,EUR,8925.0,580125.0,464100.0,2026-01-26,2027-06-30,1.0,464100.0,,ACTIVE,D,LB,33,England,Lincoln
36644,Championship,Cameron Bragg,EUR,8925.0,580125.0,464100.0,2026-01-01,2027-06-30,1.0,464100.0,,ACTIVE,M,CM,21,Scotland,Southampton
36645,Championship,Rob Apter,EUR,8925.0,580125.0,464100.0,2025-07-17,2029-06-30,3.0,1392300.0,,ACTIVE,F,RW,23,Scotland,Charlton
36646,Championship,Billy Koumetio,EUR,8925.0,580125.0,464100.0,2026-07-01,2030-06-30,4.0,1856400.0,,ACTIVE,D,CB,23,France,Charlton
36647,Championship,Davis Keillor-Dunn,EUR,8925.0,580125.0,464100.0,2026-02-02,2029-06-30,3.0,1392300.0,,ACTIVE,F,CF,28,England,Wrexham
36648,Championship,Joel Bagan,EUR,8925.0,580125.0,464100.0,2026-06-20,2030-06-30,4.0,1856400.0,,ACTIVE,D,LB,24,Ireland,Cardiff
36649,Championship,Ato Ampah,EUR,8925.0,580125.0,464100.0,2026-02-02,2029-06-30,3.0,1392300.0,,ACTIVE,F,RW,20,England,Stoke City
36650,Championship,Max Alleyne,EUR,8925.0,580125.0,464100.0,2026-08-14,2027-05-31,1.0,464100.0,,LOAN,D,CB,21,England,Burnley
36651,Championship,Djibril Soumaré,EUR,8925.0,580125.0,464100.0,2026-07-01,2029-06-30,3.0,1392300.0,,ACTIVE,M,DM,23,Senegal,Stoke City
36652,Championship,Sam Tickle,EUR,8925.0,580125.0,464100.0,2026-07-01,2030-06-30,4.0,1856400.0,,ACTIVE,K,GK,24,England,Bristol
36653,Championship,Dom Ballard,EUR,8925.0,580125.0,464100.0,2026-08-04,2030-06-30,4.0,1856400.0,,ACTIVE,F,CF,21,England,Bristol
36654,Championship,Thierry Gale,EUR,8925.0,580125.0,464100.0,2025-07-04,2029-06-30,3.0,1392300.0,,ACTIVE,F,LW,24,Barbados,Bolton
36655,Championship,Josh Griffiths,EUR,8925.0,580125.0,464100.0,2026-07-01,2028-06-30,2.0,928200.0,,ACTIVE,K,GK,24,England,Stoke City
36656,Championship,Theo Bair,EUR,8925.0,580125.0,464100.0,2026-09-01,2027-06-30,1.0,464100.0,,LOAN,F,CF,27,Canada,Bolton
36657,Championship,Jayden Nelson,EUR,8925.0,580125.0,464100.0,2026-08-26,2030-06-30,4.0,1856400.0,,ACTIVE,F,LW,23,Canada,Bolton
36658,Championship,Jack Bonham,EUR,8925.0,580125.0,464100.0,2026-01-14,2027-06-30,1.0,464100.0,,ACTIVE,K,GK,32,Ireland,Bolton
36659,Championship,Brayann Pereira,EUR,8925.0,580125.0,464100.0,2026-09-01,2030-06-30,4.0,1856400.0,,ACTIVE,D,CB,23,France,West Bromwich
36660,Championship,Odeluga Offiah,EUR,8925.0,580125.0,464100.0,2025-07-05,2029-06-30,3.0,1392300.0,,ACTIVE,D,CB,23,England,Preston
36661,Championship,Calum Ward,EUR,8925.0,580125.0,464100.0,2026-07-09,2027-06-30,1.0,464100.0,,ACTIVE,K,GK,25,England,QPR
36662,Championship,Andrija Vukcevic,EUR,8925.0,580125.0,464100.0,2025-07-25,2028-06-30,2.0,928200.0,,ACTIVE,D,LB,29,Montenegro,Preston
36663,Championship,Zak Swanson,EUR,8925.0,580125.0,464100.0,2026-06-24,2028-06-30,2.0,928200.0,,ACTIVE,D,RB,25,England,Portsmouth
36664,Championship,Tyrese Shade,EUR,8925.0,580125.0,464100.0,2026-09-01,2029-06-30,3.0,1392300.0,,ACTIVE,F,RW,26,St Kitts & Nevis,Portsmouth
36665,Championship,Adama Boiro,EUR,8330.0,541450.0,433160.0,2026-09-01,2027-06-30,1.0,433160.0,,LOAN,D,LB,24,Spain,West Ham
36666,Championship,Mateus Mané,EUR,8330.0,541450.0,433160.0,2025-09-01,2029-06-30,3.0,1299480.0,,ACTIVE,F,AM,18,Portugal,Wolverhampton
36667,Championship,Ezra Mayers,EUR,8330.0,541450.0,433160.0,2025-10-21,2028-06-30,2.0,866320.0,,ACTIVE,D,CB,19,England,West Ham
36668,Championship,Elkan Baggott,EUR,8330.0,541450.0,433160.0,2026-07-15,2027-06-30,1.0,433160.0,,ACTIVE,D,CB,23,Indonesia,Millwall
36669,Championship,Will Fish,EUR,8330.0,541450.0,433160.0,2024-08-23,2028-06-30,2.0,866320.0,,ACTIVE,D,CB,23,England,Cardiff
36670,Championship,Kion Etete,EUR,8330.0,541450.0,433160.0,2025-01-31,2027-05-31,1.0,433160.0,,ACTIVE,F,CF,24,England,Cardiff
36671,Championship,Iyad Mohamed,EUR,8330.0,541450.0,433160.0,2026-08-27,2029-06-30,3.0,1299480.0,,ACTIVE,M,DM,25,Comoros,Portsmouth
36672,Championship,Femi Azeez,EUR,8330.0,541450.0,433160.0,2024-08-21,2028-06-30,2.0,866320.0,,ACTIVE,M,RM,25,Nigeria,Millwall
36673,Championship,Josh Key,EUR,8330.0,541450.0,433160.0,2025-08-13,2027-06-30,1.0,433160.0,,ACTIVE,D,RB,26,England,Swansea
36674,Championship,Isaak Davies,EUR,7735.0,502775.0,402220.0,2025-09-22,2029-06-30,3.0,1206660.0,,ACTIVE,F,LW,24,Wales,Cardiff
36675,Championship,Tammer Bany,EUR,7735.0,502775.0,402220.0,2025-02-03,2028-06-30,2.0,804440.0,,ACTIVE,F,CF,22,Jordan,West Bromwich
36676,Championship,Ryley Towler,EUR,7735.0,502775.0,402220.0,2026-07-22,2030-06-30,4.0,1608880.0,,ACTIVE,D,CB,24,England,Lincoln
36677,Championship,Kayne Ramsay,EUR,7735.0,502775.0,402220.0,2026-08-27,2030-06-30,4.0,1608880.0,,ACTIVE,D,RB,25,England,Charlton
36678,Championship,Bailey Cadamarteri,EUR,7735.0,502775.0,402220.0,2026-02-02,2029-06-30,3.0,1206660.0,,ACTIVE,F,CF,21,Jamaica,Wrexham
36679,Championship,Harvey Knibbs,EUR,7735.0,502775.0,402220.0,2025-08-01,2029-06-30,3.0,1206660.0,,ACTIVE,F,AM,27,England,Charlton
36680,Championship,Sam Dalby,EUR,7735.0,502775.0,402220.0,2025-07-01,2029-06-30,3.0,1206660.0,,ACTIVE,F,CF,26,England,Bolton
36681,Championship,Marc Leonard,EUR,7735.0,502775.0,402220.0,2024-07-25,2028-06-30,2.0,804440.0,,ACTIVE,M,CM,24,Scotland,Birmingham
36682,Championship,Charlie Kelman,EUR,7735.0,502775.0,402220.0,2025-07-27,2029-06-30,3.0,1206660.0,,ACTIVE,F,CF,24,United States,Charlton
36683,Championship,Max Conway,EUR,7735.0,502775.0,402220.0,2025-10-20,2029-06-30,3.0,1206660.0,,ACTIVE,D,LB,22,England,Bolton
36684,Championship,Nils Zätterström,EUR,7735.0,502775.0,402220.0,2025-08-22,2029-06-30,3.0,1206660.0,,INACTIVE,D,CB,21,Sweden,Sheffield United
36685,Championship,George Wickens,EUR,7140.0,464100.0,371280.0,2026-07-22,2029-06-30,3.0,1113840.0,,ACTIVE,K,GK,24,England,Lincoln
36686,Championship,Shurandy Sambo,EUR,7140.0,464100.0,371280.0,2024-07-01,2028-06-30,2.0,742560.0,,ACTIVE,D,RB,25,Curacao,Burnley
36687,Championship,Yu Hirakawa,EUR,7140.0,464100.0,371280.0,2025-07-01,2028-06-30,2.0,742560.0,,ACTIVE,F,RW,25,Japan,Bristol
36688,Championship,Nikoloz Chikovani,EUR,7140.0,464100.0,371280.0,2026-07-01,2030-06-30,4.0,1485120.0,,ACTIVE,F,LW,19,Georgia,Watford
36689,Championship,Liam Gibbs,EUR,7140.0,464100.0,371280.0,2026-09-01,2027-05-31,1.0,371280.0,,LOAN,M,CM,23,England,Preston
36690,Championship,Corey Blackett-Taylor,EUR,7140.0,464100.0,371280.0,2024-07-01,2027-06-30,1.0,371280.0,,ACTIVE,F,LW,28,England,Derby County
36691,Championship,Conor McGrandles,EUR,7140.0,464100.0,371280.0,2026-07-22,2028-06-30,2.0,742560.0,,ACTIVE,M,CM,30,Scotland,Lincoln
36692,Championship,Reeco Hackett,EUR,7140.0,464100.0,371280.0,2026-08-05,2029-06-30,3.0,1113840.0,,ACTIVE,F,RW,28,St Lucia,Lincoln
36693,Championship,Kévin Keben,EUR,7140.0,464100.0,371280.0,2024-08-29,2028-06-30,2.0,742560.0,,ACTIVE,D,CB,22,Cameroon,Watford
36694,Championship,Lee Buchanan,EUR,7140.0,464100.0,371280.0,2023-07-26,2028-06-30,2.0,742560.0,,ACTIVE,D,LB,25,England,Birmingham
36695,Championship,Ronald,EUR,7140.0,464100.0,371280.0,2024-01-29,2027-06-30,1.0,371280.0,,ACTIVE,F,RW,25,Brazil,Swansea
36696,Championship,Luca Bombino,EUR,7140.0,464100.0,371280.0,2026-09-01,2030-06-30,4.0,1485120.0,,ACTIVE,D,LB,20,United States,Stoke City
36697,Championship,Luke Graham,EUR,7140.0,464100.0,371280.0,2026-07-02,2030-06-30,4.0,1485120.0,,ACTIVE,D,CB,22,Scotland,Stoke City
36698,Championship,Liam Morrison,EUR,5950.0,386750.0,309400.0,2025-09-02,2028-06-30,2.0,618800.0,,ACTIVE,D,CB,23,Scotland,QPR
36699,Championship,August Priske,EUR,5950.0,386750.0,309400.0,2026-01-20,2031-06-30,5.0,1547000.0,,ACTIVE,F,CF,22,Denmark,Birmingham
36700,Championship,James Beadle,EUR,5950.0,386750.0,309400.0,2026-07-17,2027-05-31,1.0,309400.0,,LOAN,K,GK,22,England,Birmingham
36701,Championship,Tom Atcheson,EUR,5950.0,386750.0,309400.0,2025-07-01,2027-06-30,1.0,309400.0,,ACTIVE,D,CB,19,Northern Ireland,Blackburn
36702,Championship,David Watson,EUR,5950.0,386750.0,309400.0,2026-07-01,2029-06-30,3.0,928200.0,,ACTIVE,M,CM,21,Scotland,Bolton
36703,Championship,Joel Randall,EUR,5950.0,386750.0,309400.0,2025-01-09,2028-06-30,2.0,618800.0,,ACTIVE,F,AM,26,England,Bolton
36704,Championship,Luca Stephenson,EUR,5950.0,386750.0,309400.0,2026-07-02,2030-06-30,4.0,1237600.0,,ACTIVE,D,RB,22,England,Bolton
36705,Championship,Brad Collins,EUR,5950.0,386750.0,309400.0,2026-07-11,2028-06-30,2.0,618800.0,,ACTIVE,K,GK,29,England,Bristol
36706,Championship,Gibson Yah,EUR,5950.0,386750.0,309400.0,2026-07-01,2030-06-30,4.0,1237600.0,,ACTIVE,M,DM,22,Netherlands,Bristol
36707,Championship,Rio Cardines,EUR,5950.0,386750.0,309400.0,2026-08-11,2027-05-31,1.0,309400.0,,LOAN,D,LB,20,Trinidad and Tobago,Bristol
36708,Championship,Lluc Castell,EUR,5950.0,386750.0,309400.0,2026-07-12,2029-06-30,3.0,928200.0,,ACTIVE,F,LW,19,Spain,Burnley
36709,Championship,Dylan Lawlor,EUR,5950.0,386750.0,309400.0,2025-08-27,2028-06-30,2.0,618800.0,,ACTIVE,D,CB,20,Wales,Cardiff
36710,Championship,Roko Simic,EUR,5950.0,386750.0,309400.0,2024-08-30,2028-06-30,2.0,618800.0,,INACTIVE,F,CF,22,Croatia,Cardiff
36711,Championship,Ivan Mesik,EUR,5950.0,386750.0,309400.0,2026-07-01,2030-06-30,4.0,1237600.0,,ACTIVE,D,CB,25,Slovakia,Charlton
36712,Championship,Sonny Carey,EUR,5950.0,386750.0,309400.0,2025-07-01,2028-06-30,2.0,618800.0,,ACTIVE,F,AM,25,England,Charlton
36713,Championship,Will Mannion,EUR,5950.0,386750.0,309400.0,2024-07-01,2027-06-30,1.0,309400.0,,ACTIVE,K,GK,28,England,Charlton
36714,Championship,Craig Forsyth,EUR,5950.0,386750.0,309400.0,2025-06-23,2027-06-30,1.0,309400.0,,ACTIVE,D,LB,37,Scotland,Derby County
36715,Championship,Richard O'Donnell,EUR,5950.0,386750.0,309400.0,2026-03-19,2027-06-30,1.0,309400.0,,ACTIVE,K,GK,37,England,Derby County
36716,Championship,Adam Jackson,EUR,5950.0,386750.0,309400.0,2025-07-30,2027-06-30,1.0,309400.0,,ACTIVE,D,CB,32,England,Lincoln
36717,Championship,Daniel Oyegoke,EUR,5950.0,386750.0,309400.0,2026-09-01,2030-06-30,4.0,1237600.0,,ACTIVE,D,RB,23,England,Lincoln
36718,Championship,Dom Jefferies,EUR,5950.0,386750.0,309400.0,2026-08-05,2028-06-30,2.0,618800.0,,ACTIVE,M,RM,24,Wales,Lincoln
36719,Championship,Freddie Draper,EUR,5950.0,386750.0,309400.0,2026-08-05,2030-06-30,4.0,1237600.0,,ACTIVE,F,CF,22,England,Lincoln
36720,Championship,Joe Gauci,EUR,5950.0,386750.0,309400.0,2026-07-28,2027-06-30,1.0,309400.0,,LOAN,K,GK,26,Australia,Lincoln
36721,Championship,Robert Street,EUR,5950.0,386750.0,309400.0,2026-05-13,2030-06-30,4.0,1237600.0,,ACTIVE,F,CF,24,England,Lincoln
36722,Championship,Tendayi Darikwa,EUR,5950.0,386750.0,309400.0,2026-01-12,2027-06-30,1.0,309400.0,,ACTIVE,D,RB,34,Zimbabwe,Lincoln
36723,Championship,Tom Bayliss,EUR,5950.0,386750.0,309400.0,2025-07-31,2028-06-30,2.0,618800.0,,ACTIVE,M,CM,27,England,Lincoln
36724,Championship,Tom Hamer,EUR,5950.0,386750.0,309400.0,2026-03-06,2029-06-30,3.0,928200.0,,ACTIVE,D,CB,26,England,Lincoln
36725,Championship,Alex Bangura,EUR,5950.0,386750.0,309400.0,2023-09-01,2027-06-30,1.0,309400.0,,ACTIVE,D,LB,27,Sierra Leone,Middlesbrough
36726,Championship,Caleb Taylor,EUR,5950.0,386750.0,309400.0,2025-08-29,2027-06-30,1.0,309400.0,,ACTIVE,D,CB,23,England,Millwall
36727,Championship,Derek Mazou-Sacko,EUR,5950.0,386750.0,309400.0,2025-08-31,2027-06-30,1.0,309400.0,,ACTIVE,M,CM,21,France,Millwall
36728,Championship,Jenson Metcalfe,EUR,5950.0,386750.0,309400.0,2026-07-01,2027-06-30,1.0,309400.0,,ACTIVE,M,CM,21,England,Millwall
36729,Championship,Joel Coleman,EUR,5950.0,386750.0,309400.0,2026-07-08,2027-06-30,1.0,309400.0,,ACTIVE,K,GK,30,England,Millwall
36730,Championship,Max Crocombe,EUR,5950.0,386750.0,309400.0,2025-07-01,2027-06-30,1.0,309400.0,,ACTIVE,K,GK,33,New Zealand,Millwall
36731,Championship,Zak Sturge,EUR,5950.0,386750.0,309400.0,2025-07-14,2027-06-30,1.0,309400.0,,ACTIVE,D,LB,22,England,Millwall
36732,Championship,Jacob Wright,EUR,5950.0,386750.0,309400.0,2025-07-01,2029-06-30,3.0,928200.0,,ACTIVE,M,DM,20,England,Norwich
36733,Championship,Mohamed Touré,EUR,5950.0,386750.0,309400.0,2026-02-01,2030-06-30,4.0,1237600.0,,ACTIVE,F,CF,22,Australia,Norwich
36734,Championship,Oscar Schwartau,EUR,5950.0,386750.0,309400.0,2024-08-24,2028-06-30,2.0,618800.0,,ACTIVE,F,AM,20,Denmark,Norwich
36735,Championship,Conor Shaughnessy,EUR,5950.0,386750.0,309400.0,2024-07-04,2027-06-30,1.0,309400.0,,ACTIVE,D,CB,30,Ireland,Portsmouth
36736,Championship,Josh Knight,EUR,5950.0,386750.0,309400.0,2025-08-21,2028-06-30,2.0,618800.0,,INACTIVE,D,CB,28,England,Portsmouth
36737,Championship,Josh Murphy,EUR,5950.0,386750.0,309400.0,2025-10-02,2028-06-30,2.0,618800.0,,ACTIVE,F,LW,31,England,Portsmouth
36738,Championship,Marlon Pack,EUR,5950.0,386750.0,309400.0,2026-05-08,2027-06-30,1.0,309400.0,,ACTIVE,M,CM,35,England,Portsmouth
36739,Championship,Regan Poole,EUR,5950.0,386750.0,309400.0,2025-03-11,2027-06-30,1.0,309400.0,,ACTIVE,D,CB,28,Wales,Portsmouth
36740,Championship,Ryan Kavuma-McQueen,EUR,5950.0,386750.0,309400.0,2026-08-14,2027-05-31,1.0,309400.0,,LOAN,F,RW,17,England,Portsmouth
36741,Championship,Alex Cochrane,EUR,5950.0,386750.0,309400.0,2024-07-16,2028-06-30,2.0,618800.0,,ACTIVE,D,LB,26,England,Birmingham
36742,Championship,Rumarn Burrell,EUR,5950.0,386750.0,309400.0,2025-07-26,2030-06-30,4.0,1237600.0,,ACTIVE,F,CF,25,Jamaica,QPR
36743,Championship,Romeo Akachukwu,EUR,5950.0,386750.0,309400.0,2026-07-01,2027-06-30,1.0,309400.0,,ACTIVE,F,AM,20,Ireland,Southampton
36744,Championship,Jun-ho Bae,EUR,5950.0,386750.0,309400.0,2023-08-31,2027-06-30,1.0,309400.0,,ACTIVE,F,AM,23,South Korea,Stoke City
36745,Championship,Ji-sung Eom,EUR,5950.0,386750.0,309400.0,2024-07-15,2028-06-30,2.0,618800.0,,ACTIVE,F,LW,24,South Korea,Swansea
36746,Championship,Paul Farman,EUR,5950.0,386750.0,309400.0,2026-05-08,2027-06-30,1.0,309400.0,,ACTIVE,K,GK,36,England,Swansea
36747,Championship,Tiago Parente,EUR,5950.0,386750.0,309400.0,2026-08-03,2027-06-30,1.0,309400.0,,LOAN,D,LB,20,Portugal,Swansea
36748,Championship,Amin Nabizada,EUR,5950.0,386750.0,309400.0,2025-12-10,2030-06-30,4.0,1237600.0,,ACTIVE,F,LW,19,Afghanistan,Watford
36749,Championship,James Clarridge,EUR,5950.0,386750.0,309400.0,2026-07-01,2027-06-30,1.0,309400.0,,ACTIVE,D,CB,22,England,Watford
36750,Championship,Othmane Maamma,EUR,5950.0,386750.0,309400.0,2025-07-11,2029-06-30,3.0,928200.0,,ACTIVE,F,RW,20,Morocco,Watford
36751,Championship,Rocco Vata,EUR,5950.0,386750.0,309400.0,2024-07-05,2028-06-30,2.0,618800.0,,ACTIVE,F,LW,21,Ireland,Watford
36752,Championship,Sam Walker,EUR,5950.0,386750.0,309400.0,2026-08-12,2027-06-30,1.0,309400.0,,ACTIVE,K,GK,34,England,Watford
36753,Championship,Airidas Golambeckis,EUR,5950.0,386750.0,309400.0,2026-07-01,2029-06-30,3.0,928200.0,,ACTIVE,D,CB,18,England,West Ham
36754,Championship,Divine Mukasa,EUR,5950.0,386750.0,309400.0,2026-08-21,2027-05-31,1.0,309400.0,,LOAN,F,AM,19,England,West Ham
36755,Championship,Finlay Herrick,EUR,5950.0,386750.0,309400.0,2024-10-23,2028-06-30,2.0,618800.0,,ACTIVE,K,GK,20,England,West Ham
36756,Championship,Lewis Orford,EUR,5950.0,386750.0,309400.0,2026-07-01,2029-06-30,3.0,928200.0,,ACTIVE,M,CM,20,England,West Ham
36757,Championship,Tawanda Chirewa,EUR,5950.0,386750.0,309400.0,2024-08-26,2027-06-30,1.0,309400.0,,ACTIVE,F,AM,22,Zimbabwe,Wolverhampton
36758,Championship,Callum Burton,EUR,5950.0,386750.0,309400.0,2025-07-05,2027-06-30,1.0,309400.0,,ACTIVE,K,GK,30,England,Wrexham
36759,Championship,Ben Killip,EUR,5355.0,348075.0,278460.0,2026-08-10,2028-06-30,2.0,556920.0,,ACTIVE,K,GK,30,England,Portsmouth
36760,Championship,Cian Ashford,EUR,5355.0,348075.0,278460.0,2026-03-02,2030-06-30,4.0,1113840.0,,ACTIVE,F,RW,21,Wales,Cardiff
36761,Championship,Louie Moulden,EUR,5355.0,348075.0,278460.0,2025-07-01,2027-06-30,1.0,278460.0,,INACTIVE,K,GK,24,England,Norwich
36762,Championship,Frank Fielding,EUR,5355.0,348075.0,278460.0,2026-05-14,2027-06-30,1.0,278460.0,,ACTIVE,K,GK,38,England,Stoke City
36763,Championship,Tom Iorpenda,EUR,4760.0,309400.0,247520.0,2026-08-31,2029-06-30,3.0,742560.0,,ACTIVE,M,CM,21,England,Swansea
36764,Championship,Divin Mubama,EUR,4760.0,309400.0,247520.0,2026-08-11,2027-06-30,1.0,247520.0,,LOAN,F,CF,21,England,Southampton
36765,Championship,Jonathan Varane,EUR,4760.0,309400.0,247520.0,2025-05-08,2030-06-30,4.0,990080.0,,ACTIVE,M,DM,24,Martinique,QPR
36766,Championship,Ben House,EUR,4760.0,309400.0,247520.0,2025-10-15,2028-06-30,2.0,495040.0,,ACTIVE,F,LW,27,Scotland,Lincoln
36767,Championship,Collins Sichenje,EUR,4760.0,309400.0,247520.0,2026-02-02,2029-06-30,3.0,742560.0,,ACTIVE,D,CB,22,Kenya,Charlton
36768,Championship,Junior Nkeng,EUR,4760.0,309400.0,247520.0,2026-09-01,2027-06-30,1.0,247520.0,,ACTIVE,F,LW,19,Spain,Charlton
36769,Championship,Justin Obikwu,EUR,4760.0,309400.0,247520.0,2026-01-19,2027-06-30,1.0,247520.0,,ACTIVE,F,CF,22,Trinidad and Tobago,QPR
36770,Championship,Benicio Baker,EUR,4760.0,309400.0,247520.0,2025-02-03,2027-06-30,1.0,247520.0,,ACTIVE,F,RW,22,England,Millwall
36771,Championship,Franco Umeh,EUR,4760.0,309400.0,247520.0,2025-09-01,2029-06-30,3.0,742560.0,,ACTIVE,F,RW,21,Ireland,Portsmouth
36772,Championship,Alfie Lloyd,EUR,4165.0,270725.0,216580.0,2025-01-16,2027-06-30,1.0,216580.0,,ACTIVE,F,CF,23,England,QPR
36773,Championship,Chris Forino,EUR,4165.0,270725.0,216580.0,2024-07-01,2027-06-30,1.0,216580.0,,ACTIVE,D,CB,26,St Lucia,Bolton
36774,Championship,Jacob Farrell,EUR,4165.0,270725.0,216580.0,2024-07-26,2028-06-30,2.0,433160.0,,ACTIVE,D,LB,23,Australia,Portsmouth
36775,Championship,Elliot Myles,EUR,3570.0,232050.0,185640.0,2025-04-16,2028-06-30,2.0,371280.0,,ACTIVE,F,AM,19,Wales,Norwich
36776,Championship,Harry Whitwell,EUR,3570.0,232050.0,185640.0,2025-07-01,2027-06-30,1.0,185640.0,,ACTIVE,M,CM,20,England,West Bromwich
36777,Championship,Dakarai Mafico,EUR,3570.0,232050.0,185640.0,2025-07-01,2027-06-30,1.0,185640.0,,ACTIVE,M,DM,19,Wales,Cardiff
36778,Championship,Nathan Broome,EUR,3570.0,232050.0,185640.0,2025-07-22,2028-06-30,2.0,371280.0,,ACTIVE,K,GK,24,England,Bolton
36779,Championship,Errol Mundle-Smith,EUR,3570.0,232050.0,185640.0,2026-01-01,2027-06-30,1.0,185640.0,,ACTIVE,F,CF,20,England,Norwich
36780,Championship,Joshua Ajala,EUR,3570.0,232050.0,185640.0,2026-07-01,2028-06-30,2.0,371280.0,,ACTIVE,F,CF,19,England,West Ham
36781,Championship,Miles Leaburn,EUR,3570.0,232050.0,185640.0,2025-07-08,2028-06-30,2.0,371280.0,,ACTIVE,F,CF,22,England,Charlton
36782,Championship,Lisav Naif Eissat,EUR,3570.0,232050.0,185640.0,2026-07-10,2030-06-30,4.0,742560.0,,ACTIVE,D,CB,21,Romania,Bristol
36783,Championship,Matthew Turner,EUR,3570.0,232050.0,185640.0,2025-11-07,2028-06-30,2.0,371280.0,,ACTIVE,K,GK,24,Wales,Cardiff
36784,Championship,Jake Garrett,EUR,3570.0,232050.0,185640.0,2023-03-21,2027-06-30,1.0,185640.0,,ACTIVE,M,DM,23,England,Blackburn
36785,Championship,Terry Devlin,EUR,3570.0,232050.0,185640.0,2025-02-27,2028-06-30,2.0,371280.0,,ACTIVE,D,RB,22,Northern Ireland,Portsmouth
36786,Championship,Calum Scanlon,EUR,3570.0,232050.0,185640.0,2026-08-15,2027-05-31,1.0,185640.0,,LOAN,D,LB,21,England,Cardiff
36787,Championship,Arthur Okonkwo,EUR,3570.0,232050.0,185640.0,2026-08-20,2027-06-30,1.0,185640.0,,LOAN,K,GK,24,Nigeria,Charlton
36788,Championship,Lucien Mahovo,EUR,3570.0,232050.0,185640.0,2025-01-13,2028-06-30,2.0,371280.0,,ACTIVE,D,LB,21,England,Norwich
36789,Championship,Mohamadou Kanté,EUR,3570.0,232050.0,185640.0,2025-10-27,2031-06-30,5.0,928200.0,,ACTIVE,M,DM,20,France,West Ham
36790,Championship,Madiodio Dia,EUR,3570.0,232050.0,185640.0,2026-02-02,2028-06-30,2.0,371280.0,,ACTIVE,D,CB,22,Senegal,Portsmouth
36791,Championship,Sebastian Revan,EUR,3570.0,232050.0,185640.0,2024-07-15,2027-06-30,1.0,185640.0,,ACTIVE,D,LB,23,England,Wrexham
36792,Championship,Adrian Segečić,EUR,3570.0,232050.0,185640.0,2025-07-01,2028-06-30,2.0,371280.0,,ACTIVE,F,RW,22,Croatia,Portsmouth
36793,Championship,Harvey Blair,EUR,3570.0,232050.0,185640.0,2024-08-23,2027-06-30,1.0,185640.0,,ACTIVE,F,RW,22,England,Portsmouth
36794,Championship,Vicente Reyes,EUR,3570.0,232050.0,185640.0,2024-07-01,2027-06-30,1.0,185640.0,,ACTIVE,K,GK,22,Chile,Norwich
36795,Championship,Jack Grieves,EUR,3570.0,232050.0,185640.0,2026-05-22,2027-06-30,1.0,185640.0,,ACTIVE,M,CM,21,England,Watford
36796,Championship,Timothy Ouma,EUR,2975.0,193375.0,154700.0,2026-08-10,2027-06-30,1.0,154700.0,,LOAN,M,DM,22,Kenya,Charlton
36797,Championship,Bosun Lawal,EUR,2975.0,193375.0,154700.0,2024-08-12,2028-05-31,2.0,309400.0,,ACTIVE,D,CB,23,Ireland,Stoke City
36798,Championship,Isak Alemayehu Mulugeta,EUR,2975.0,193375.0,154700.0,2026-07-01,2027-06-30,1.0,154700.0,,ACTIVE,F,AM,19,Sweden,QPR
36799,Championship,Seb Naylor,EUR,2975.0,193375.0,154700.0,2026-01-29,2029-06-30,3.0,464100.0,,ACTIVE,D,LB,20,England,Bristol
36800,Championship,Sam Curtis,EUR,2975.0,193375.0,154700.0,2025-07-01,2027-06-30,1.0,154700.0,,INACTIVE,D,RB,20,Ireland,Sheffield United
36801,Championship,Joel Colwill,EUR,2975.0,193375.0,154700.0,2025-07-01,2028-06-30,2.0,309400.0,,ACTIVE,F,AM,21,Wales,Cardiff
36802,Championship,Mikkel Ladefoged,EUR,2975.0,193375.0,154700.0,2026-08-30,2027-06-30,1.0,154700.0,,ACTIVE,F,CF,23,Denmark,Lincoln
36803,Championship,Oliver Arblaster,EUR,2380.0,154700.0,123760.0,2024-02-20,2028-06-30,2.0,247520.0,,ACTIVE,M,CM,22,England,Sheffield United
36804,Championship,Lewis Thomas,EUR,2380.0,154700.0,123760.0,2026-05-22,2027-06-30,1.0,123760.0,,ACTIVE,K,GK,28,Wales,Bristol
36805,Championship,Kristi Montgomery,EUR,2380.0,154700.0,123760.0,2026-07-06,2027-06-30,1.0,123760.0,,ACTIVE,M,CM,22,Scotland,Blackburn
36806,Championship,Kyliane Dong,EUR,2380.0,154700.0,123760.0,2026-07-07,2027-06-30,1.0,123760.0,,LOAN,F,LW,21,France,Bolton
36807,Championship,Mihailo Ivanović,EUR,2380.0,154700.0,123760.0,2025-09-30,2027-06-30,1.0,123760.0,,ACTIVE,F,CF,21,Serbia,Millwall
36808,Championship,Josh Edwards,EUR,2380.0,154700.0,123760.0,2024-07-01,2028-06-30,2.0,247520.0,,ACTIVE,D,LB,26,Scotland,Charlton
36809,Championship,Matteo Salamon,EUR,2380.0,154700.0,123760.0,2026-07-01,2027-06-30,1.0,123760.0,,ACTIVE,K,GK,22,England,QPR
36810,Championship,Alan Mwamba,EUR,2380.0,154700.0,123760.0,2026-07-01,2027-06-30,1.0,123760.0,,ACTIVE,F,AM,19,England,Charlton
36811,Championship,Harry Tyrer,EUR,2380.0,154700.0,123760.0,2026-01-16,2029-06-30,3.0,371280.0,,ACTIVE,K,GK,24,England,Cardiff
36812,Championship,Jamie Pardington,EUR,2380.0,154700.0,123760.0,2026-06-17,2028-06-30,2.0,247520.0,,ACTIVE,K,GK,26,England,Lincoln
36813,Championship,Deji Elerewe,EUR,2380.0,154700.0,123760.0,2026-01-25,2029-06-30,3.0,371280.0,,ACTIVE,D,CB,22,England,Lincoln
36814,Championship,Josh Honohan,EUR,2380.0,154700.0,123760.0,2026-01-01,2027-06-30,1.0,123760.0,,ACTIVE,D,LB,25,Ireland,Lincoln
36815,Championship,Márk Kosznovszky,EUR,2380.0,154700.0,123760.0,2025-07-25,2028-06-30,2.0,247520.0,,ACTIVE,M,CM,24,Hungary,Portsmouth
36816,Championship,Kacper Pasiek,EUR,2380.0,154700.0,123760.0,2024-07-01,2027-06-30,1.0,123760.0,,ACTIVE,D,LB,20,Poland,Preston
36817,Championship,Ben Lloyd,EUR,1785.0,116025.0,92820.0,2025-07-28,2027-06-30,1.0,92820.0,,ACTIVE,F,AM,21,Wales,Swansea
36818,Championship,David Harrington,EUR,1785.0,116025.0,92820.0,2026-01-15,2028-06-30,2.0,185640.0,,ACTIVE,K,GK,26,Wales,Bolton
36819,Championship,Pierce Charles,EUR,1785.0,116025.0,92820.0,2026-07-11,2027-05-31,1.0,92820.0,,LOAN,K,GK,21,Northern Ireland,QPR
36820,Championship,Luke Brooke-Smith,EUR,1785.0,116025.0,92820.0,2026-07-28,2030-06-30,4.0,371280.0,,ACTIVE,F,LW,18,New Zealand,Portsmouth
36821,Championship,Eoin Kenny,EUR,1785.0,116025.0,92820.0,2026-07-06,2029-06-30,3.0,278460.0,,ACTIVE,F,CF,20,Northern Ireland,Portsmouth
36822,Championship,Ruairi McConville,EUR,1785.0,116025.0,92820.0,2025-02-03,2030-06-30,4.0,371280.0,,ACTIVE,D,CB,21,Northern Ireland,Norwich
36823,Championship,Gabe Forsyth,EUR,1785.0,116025.0,92820.0,2024-12-20,2028-06-30,2.0,185640.0,,ACTIVE,M,CM,20,Scotland,Norwich
36824,Championship,Zak Lovelace,EUR,1785.0,116025.0,92820.0,2025-02-03,2027-06-30,1.0,92820.0,,ACTIVE,F,LW,20,England,Millwall
36825,Championship,Daniel Kelly,EUR,1785.0,116025.0,92820.0,2024-08-23,2027-06-30,1.0,92820.0,,ACTIVE,M,CM,20,Scotland,Millwall
36826,Championship,Law McCabe,EUR,1785.0,116025.0,92820.0,2025-07-01,2028-06-30,2.0,185640.0,,ACTIVE,M,CM,20,England,Middlesbrough
36827,Championship,Ivan Varfolomeev,EUR,1785.0,116025.0,92820.0,2025-08-21,2029-06-30,3.0,278460.0,,ACTIVE,M,DM,22,Ukraine,Lincoln
36828,Championship,Andrei Coubiș,EUR,1785.0,116025.0,92820.0,2026-07-25,2031-06-30,5.0,464100.0,,ACTIVE,D,CB,22,Romania,Lincoln
36829,Championship,Ronan Kpakio,EUR,1785.0,116025.0,92820.0,2025-09-22,2029-06-30,3.0,278460.0,,ACTIVE,D,RB,19,Wales,Cardiff
36830,Championship,Elijah Morrison,EUR,1785.0,116025.0,92820.0,2025-07-01,2027-06-30,1.0,92820.0,,ACTIVE,D,LB,20,England,Bristol
36831,Championship,Mamadou Doumbia,EUR,1785.0,116025.0,92820.0,2024-07-01,2029-06-30,3.0,278460.0,,ACTIVE,F,CF,20,Mali,Watford
36832,Championship,Albert Eames,EUR,1785.0,116025.0,92820.0,2026-07-01,2027-06-30,1.0,92820.0,,ACTIVE,D,RB,20,England,Watford
36833,Championship,Kealey Adamson,EUR,1428.0,92820.0,74256.0,2025-07-01,2028-06-30,2.0,148512.0,,ACTIVE,D,RB,23,Australia,QPR
36834,Championship,Tiernan Brooks,EUR,1428.0,92820.0,74256.0,2026-01-28,2028-06-30,2.0,148512.0,,ACTIVE,K,GK,24,Ireland,Charlton
36835,Championship,Nathaniel Chioma,EUR,1190.0,77350.0,61880.0,2026-07-01,2027-06-30,1.0,61880.0,,ACTIVE,F,CF,18,England,Portsmouth
36836,Championship,Ryan Oné,EUR,1190.0,77350.0,61880.0,2024-07-01,2029-06-30,3.0,185640.0,,ACTIVE,F,CF,20,Scotland,Sheffield United
36837,Championship,Thomas Waddingham,EUR,1190.0,77350.0,61880.0,2025-01-22,2028-06-30,2.0,123760.0,,ACTIVE,F,CF,21,Australia,Portsmouth
36838,Championship,Chinedu Agu,EUR,1190.0,77350.0,61880.0,2026-07-01,2027-06-30,1.0,61880.0,,ACTIVE,D,RB,18,England,Portsmouth
36839,Championship,Kaedyn Kamara,EUR,1190.0,77350.0,61880.0,2025-07-01,2027-06-30,1.0,61880.0,,ACTIVE,M,CM,20,England,Preston
36840,Championship,Filip Lissah,EUR,1190.0,77350.0,61880.0,2025-07-01,2027-06-30,1.0,61880.0,,ACTIVE,D,RB,21,Czech Republic,Swansea
36841,Championship,Theo Carroll,EUR,1190.0,77350.0,61880.0,2025-07-01,2028-06-30,2.0,123760.0,,ACTIVE,F,AM,19,England,Preston
36842,Championship,Bradley Mayo,EUR,1190.0,77350.0,61880.0,2026-06-05,2028-06-30,2.0,123760.0,,ACTIVE,K,GK,21,England,Birmingham
36843,Championship,Michael Ani,EUR,1190.0,77350.0,61880.0,2026-07-01,2027-06-30,1.0,61880.0,,ACTIVE,D,RB,20,England,Portsmouth
36844,Championship,Eoin Toal,EUR,1190.0,77350.0,61880.0,2024-03-04,2027-06-30,1.0,61880.0,,ACTIVE,D,CB,27,Northern Ireland,Bolton
36845,Championship,Aaron James,EUR,1071.0,69615.0,55692.0,2026-05-15,2027-06-30,1.0,55692.0,,ACTIVE,D,RB,21,England,Wrexham
36846,Championship,Charlie Parks,EUR,892.0,58012.0,46410.0,2025-07-01,2027-06-30,1.0,46410.0,,ACTIVE,D,CB,19,England,Lincoln
36847,Championship,Joe Rees,EUR,892.0,58012.0,46410.0,2026-07-01,2027-06-30,1.0,46410.0,,ACTIVE,M,DM,18,Wales,Wrexham
36848,Championship,Micah Mbick,EUR,714.0,46410.0,37128.0,2025-07-01,2028-06-30,2.0,74256.0,,ACTIVE,F,CF,19,England,Charlton
36849,Championship,Rayan Kolli,EUR,595.0,38675.0,30940.0,2025-01-17,2027-06-30,1.0,30940.0,,ACTIVE,F,CF,21,Algeria,QPR
36850,Championship,Toby Steward,EUR,,,,2026-07-07,2027-06-30,1.0,,,INACTIVE,K,GK,21,England,Portsmouth
36851,Championship,Aaron Wan-Bissaka,EUR,,,,2024-08-13,2031-06-30,5.0,,,INACTIVE,D,RB,28,Democratic Republic of the Congo,West Ham
36852,Championship,Pedro Lima,EUR,,,,2024-07-01,2029-06-30,3.0,,,INACTIVE,D,RB,20,Brazil,Wolverhampton
36853,Championship,Oisín Gallagher,EUR,,,,2026-07-21,2029-06-30,3.0,,,INACTIVE,D,CB,21,Ireland,Lincoln
36854,Championship,Zane Okoro,EUR,,,,2026-07-21,2029-06-30,3.0,,,INACTIVE,F,RW,19,United States,Lincoln
36855,Championship,Lesley Ugochukwu,EUR,,,,2025-08-06,2030-06-30,4.0,,,INACTIVE,M,DM,22,France,Burnley
36856,Championship,Kenzo Goudmijn,EUR,,,,2024-07-10,2028-06-30,2.0,,,INACTIVE,M,CM,24,Netherlands,Derby County
36857,Ligue 1,Ousmane Dembélé,EUR,349615.0,27270000.0,18180000.0,2023-08-12,2028-06-30,2.0,36360000.0,,ACTIVE,F,CF,29,France,PSG
36858,Ligue 1,Khvicha Kvaratskhelia,EUR,314615.0,21810000.0,16360000.0,2025-01-17,2029-06-30,3.0,49080000.0,,ACTIVE,F,LW,25,Georgia,PSG
36859,Ligue 1,Achraf Hakimi,EUR,262308.0,20000000.0,13640000.0,2025-02-07,2029-06-30,3.0,40920000.0,,ACTIVE,D,RB,27,Morocco,PSG
36860,Ligue 1,Ferran Torres,EUR,262308.0,17050000.0,13640000.0,2026-08-15,2031-06-30,5.0,68200000.0,,ACTIVE,F,CF,26,Spain,PSG
36861,Ligue 1,Marquinhos,EUR,258654.0,19630000.0,13450000.0,2023-05-19,2028-06-30,2.0,26900000.0,,ACTIVE,D,CB,32,Brazil,PSG
36862,Ligue 1,Lucas Hernández,EUR,255192.0,19090000.0,13270000.0,2023-07-09,2028-06-30,2.0,26540000.0,,ACTIVE,D,LB,30,France,PSG
36863,Ligue 1,Vitinha,EUR,227308.0,16370000.0,11820000.0,2025-02-07,2029-06-30,3.0,35460000.0,,ACTIVE,M,DM,26,Portugal,PSG
36864,Ligue 1,Warren Zaïre-Emery,EUR,220192.0,14540000.0,11450000.0,2024-04-27,2029-06-30,3.0,34350000.0,,ACTIVE,M,CM,20,France,PSG
36865,Ligue 1,Nuno Mendes,EUR,209808.0,15460000.0,10910000.0,2025-02-07,2029-06-30,3.0,32730000.0,,ACTIVE,D,LB,24,Portugal,PSG
36866,Ligue 1,Willian Pacho,EUR,174808.0,11360000.0,9090000.0,2024-08-09,2029-06-30,3.0,27270000.0,,ACTIVE,D,CB,24,Ecuador,PSG
36867,Ligue 1,João Neves,EUR,174808.0,10910000.0,9090000.0,2024-08-05,2029-06-30,3.0,27270000.0,,ACTIVE,M,CM,21,Portugal,PSG
36868,Ligue 1,Loïs Openda,EUR,139808.0,9090000.0,7270000.0,2026-07-28,2027-06-30,1.0,7270000.0,,LOAN,F,CF,26,Belgium,Lyon
36869,Ligue 1,Désiré Doué,EUR,132885.0,9640000.0,6910000.0,2024-08-17,2029-06-30,3.0,20730000.0,,ACTIVE,F,RW,21,France,PSG
36870,Ligue 1,Lucas Chevalier,EUR,122308.0,9090000.0,6360000.0,2025-08-09,2030-06-30,4.0,25440000.0,,ACTIVE,K,GK,24,France,PSG
36871,Ligue 1,Fabián Ruiz,EUR,122308.0,9090000.0,6360000.0,2022-08-30,2027-06-30,1.0,6360000.0,,ACTIVE,M,CM,30,Spain,PSG
36872,Ligue 1,Pierre-Emile Højbjerg,EUR,122308.0,7950000.0,6360000.0,2025-07-01,2028-06-30,2.0,12720000.0,,ACTIVE,M,DM,31,Denmark,Marseille
36873,Ligue 1,Moussa Niakhaté,EUR,104808.0,6810000.0,5450000.0,2024-07-04,2028-06-30,2.0,10900000.0,,ACTIVE,D,CB,30,Senegal,Lyon
36874,Ligue 1,Ilya Zabarnyi,EUR,104808.0,8180000.0,5450000.0,2025-08-12,2030-06-30,4.0,21800000.0,,ACTIVE,D,CB,24,Ukraine,PSG
36875,Ligue 1,Corentin Tolisso,EUR,104808.0,6810000.0,5450000.0,2026-07-06,2029-06-30,3.0,16350000.0,,ACTIVE,M,CM,32,France,Lyon
36876,Ligue 1,Geoffrey Kondogbia,EUR,104808.0,6810000.0,5450000.0,2023-07-01,2027-06-30,1.0,5450000.0,,ACTIVE,M,DM,33,Central African Republic,Marseille
36877,Ligue 1,Igor Paixão,EUR,97885.0,6360000.0,5090000.0,2025-08-01,2030-06-30,4.0,20360000.0,,ACTIVE,F,LW,26,Brazil,Marseille
36878,Ligue 1,Brice Samba,EUR,97885.0,6360000.0,5090000.0,2025-01-08,2029-06-30,3.0,15270000.0,,ACTIVE,K,GK,32,France,Rennes
36879,Ligue 1,Morgan Sanson,EUR,97885.0,6360000.0,5090000.0,2024-07-01,2027-06-30,1.0,5090000.0,,ACTIVE,M,CM,32,France,Nice
36880,Ligue 1,Nayef Aguerd,EUR,94423.0,6140000.0,4910000.0,2025-09-01,2030-06-30,4.0,19640000.0,,ACTIVE,D,CB,30,Morocco,Marseille
36881,Ligue 1,Denis Zakaria,EUR,88462.0,5750000.0,4600000.0,2023-08-14,2028-06-30,2.0,9200000.0,,ACTIVE,M,DM,29,Switzerland,Monaco
36882,Ligue 1,Jonathan Clauss,EUR,87500.0,5690000.0,4550000.0,2026-01-08,2028-06-30,2.0,9100000.0,,ACTIVE,D,RB,33,France,Nice
36883,Ligue 1,Mohamed Amoura,EUR,87500.0,5690000.0,4550000.0,2026-08-31,2027-06-30,1.0,4550000.0,,LOAN,F,CF,26,Algeria,Nice
36884,Ligue 1,Timothy Weah,EUR,87500.0,5690000.0,4550000.0,2026-07-01,2030-06-30,4.0,18200000.0,,ACTIVE,D,RB,26,United States,Marseille
36885,Ligue 1,Amine Gouiri,EUR,87500.0,5690000.0,4550000.0,2025-01-31,2029-06-30,3.0,13650000.0,,ACTIVE,F,CF,26,Algeria,Marseille
36886,Ligue 1,Benjamin André,EUR,87500.0,5690000.0,4550000.0,2025-07-26,2028-06-30,2.0,9100000.0,,ACTIVE,M,DM,36,France,Lille
36887,Ligue 1,Ludovic Blas,EUR,87500.0,5690000.0,4550000.0,2023-07-05,2027-06-30,1.0,4550000.0,,ACTIVE,M,RM,28,France,Rennes
36888,Ligue 1,Sebastian Szymański,EUR,87500.0,5690000.0,4550000.0,2026-01-22,2029-06-30,3.0,13650000.0,,ACTIVE,F,AM,27,Poland,Rennes
36889,Ligue 1,Aleksandr Golovin,EUR,84038.0,5460000.0,4370000.0,2024-10-04,2029-06-30,3.0,13110000.0,,ACTIVE,F,AM,30,Russia,Monaco
36890,Ligue 1,Takumi Minamino,EUR,84038.0,5460000.0,4370000.0,2025-03-04,2027-06-30,1.0,4370000.0,,ACTIVE,F,LW,31,Japan,Monaco
36891,Ligue 1,Sofiane Diop,EUR,83846.0,5450000.0,4360000.0,2022-08-29,2027-06-30,1.0,4360000.0,,ACTIVE,F,LW,26,Morocco,Nice
36892,Ligue 1,Lucas Beraldo,EUR,80385.0,5820000.0,4180000.0,2024-01-01,2028-06-30,2.0,8360000.0,,ACTIVE,D,CB,22,Brazil,PSG
36893,Ligue 1,Valentin Rongier,EUR,76923.0,5000000.0,4000000.0,2025-07-21,2028-06-30,2.0,8000000.0,,ACTIVE,M,CM,31,France,Rennes
36894,Ligue 1,Angel Gomes,EUR,76923.0,5000000.0,4000000.0,2025-07-04,2028-06-30,2.0,8000000.0,,ACTIVE,F,AM,26,England,Marseille
36895,Ligue 1,Eric Dier,EUR,75192.0,4890000.0,3910000.0,2025-07-01,2028-06-30,2.0,7820000.0,,ACTIVE,D,CB,32,England,Monaco
36896,Ligue 1,Ernest Nuamah,EUR,73462.0,4770000.0,3820000.0,2024-07-07,2028-06-30,2.0,7640000.0,,ACTIVE,F,RW,22,Ghana,Lyon
36897,Ligue 1,Boulaye Dia,EUR,70000.0,4550000.0,3640000.0,2026-09-01,2027-06-30,1.0,3640000.0,,LOAN,F,CF,29,Senegal,Rennes
36898,Ligue 1,Emerson,EUR,70000.0,4550000.0,3640000.0,2025-09-01,2027-06-30,1.0,3640000.0,,ACTIVE,D,LB,32,Italy,Marseille
36899,Ligue 1,Matvey Safonov,EUR,70000.0,5090000.0,3640000.0,2024-07-01,2029-06-30,3.0,10920000.0,,ACTIVE,K,GK,27,Russia,PSG
36900,Ligue 1,Nicolás Tagliafico,EUR,62885.0,4090000.0,3270000.0,2025-08-01,2027-06-30,1.0,3270000.0,,ACTIVE,D,LB,34,Argentina,Lyon
36901,Ligue 1,Florian Thauvin,EUR,62885.0,4090000.0,3270000.0,2025-08-08,2028-06-30,2.0,6540000.0,,ACTIVE,F,RW,33,France,Lens
36902,Ligue 1,Mohammed Salisu,EUR,61923.0,4020000.0,3220000.0,2023-08-01,2028-06-30,2.0,6440000.0,,ACTIVE,D,CB,27,Ghana,Monaco
36903,Ligue 1,Folarin Balogun,EUR,61923.0,4020000.0,3220000.0,2023-08-30,2028-06-30,2.0,6440000.0,,ACTIVE,F,CF,25,United States,Monaco
36904,Ligue 1,Vanderson,EUR,61923.0,4020000.0,3220000.0,2024-02-02,2028-06-30,2.0,6440000.0,,ACTIVE,D,RB,25,Brazil,Monaco
36905,Ligue 1,Amine Harit,EUR,59615.0,3880000.0,3100000.0,2023-07-01,2027-06-30,1.0,3100000.0,,ACTIVE,F,LW,29,Morocco,Marseille
36906,Ligue 1,Przemyslaw Frankowski,EUR,59423.0,3860000.0,3090000.0,2026-07-01,2027-06-30,1.0,3090000.0,,LOAN,D,RB,31,Poland,Rennes
36907,Ligue 1,Odsonne Édouard,EUR,59423.0,3860000.0,3090000.0,2025-09-01,2028-06-30,2.0,6180000.0,,ACTIVE,F,CF,28,France,Lens
36908,Ligue 1,Neal Maupay,EUR,57692.0,3750000.0,3000000.0,2025-07-01,2028-06-30,2.0,6000000.0,,ACTIVE,F,CF,30,France,Marseille
36909,Ligue 1,Filip Jørgensen,EUR,57692.0,3750000.0,3000000.0,2026-08-11,2027-06-30,1.0,3000000.0,,LOAN,K,GK,24,Denmark,Strasbourg
36910,Ligue 1,Amadou Haidara,EUR,55962.0,4180000.0,2910000.0,2026-01-01,2029-06-30,3.0,8730000.0,,ACTIVE,M,CM,28,Mali,Lens
36911,Ligue 1,Tanner Tessmann,EUR,55962.0,3640000.0,2910000.0,2024-08-27,2029-06-30,3.0,8730000.0,,ACTIVE,M,DM,24,United States,Lyon
36912,Ligue 1,Mahdi Camara,EUR,55962.0,3640000.0,2910000.0,2025-08-13,2029-06-30,3.0,8730000.0,,ACTIVE,M,CM,28,France,Rennes
36913,Ligue 1,Yehvann Diouf,EUR,55962.0,3640000.0,2910000.0,2025-07-03,2030-06-30,4.0,11640000.0,,ACTIVE,K,GK,26,Senegal,Nice
36914,Ligue 1,Diego Coppola,EUR,55962.0,3640000.0,2910000.0,2026-07-16,2031-06-30,5.0,14550000.0,,ACTIVE,D,CB,22,Italy,Paris FC
36915,Ligue 1,Mika Biereth,EUR,55192.0,3590000.0,2870000.0,2025-07-17,2030-06-30,4.0,11480000.0,,ACTIVE,F,CF,23,Denmark,Monaco
36916,Ligue 1,Brendan Chardonnet,EUR,52500.0,3410000.0,2730000.0,2024-11-07,2027-06-30,1.0,2730000.0,,ACTIVE,D,CB,31,France,Brest
36917,Ligue 1,Moses Simon,EUR,52500.0,3410000.0,2730000.0,2025-07-01,2028-06-30,2.0,5460000.0,,ACTIVE,F,LW,31,Nigeria,Paris FC
36918,Ligue 1,Jonathan Gradit,EUR,52500.0,3410000.0,2730000.0,2025-04-09,2028-06-30,2.0,5460000.0,,ACTIVE,D,CB,33,France,Lens
36919,Ligue 1,Youssouf Ndayishimiye,EUR,52500.0,3410000.0,2730000.0,2023-01-25,2027-06-30,1.0,2730000.0,,ACTIVE,D,CB,27,Burundi,Nice
36920,Ligue 1,Olivier Giroud,EUR,52500.0,3410000.0,2730000.0,2026-06-08,2027-06-30,1.0,2730000.0,,ACTIVE,F,CF,39,France,Lille
36921,Ligue 1,Estéban Lepaul,EUR,52500.0,3410000.0,2730000.0,2026-06-25,2030-06-30,4.0,10920000.0,,ACTIVE,F,CF,26,France,Rennes
36922,Ligue 1,Quentin Merlin,EUR,52500.0,3410000.0,2730000.0,2025-07-22,2029-06-30,3.0,8190000.0,,ACTIVE,D,LB,24,France,Rennes
36923,Ligue 1,Pavel Sulc,EUR,52500.0,3410000.0,2730000.0,2025-08-04,2029-06-30,3.0,8190000.0,,ACTIVE,F,AM,25,Czech Republic,Lyon
36924,Ligue 1,Kevin Trapp,EUR,52500.0,3410000.0,2730000.0,2025-08-19,2028-06-30,2.0,5460000.0,,ACTIVE,K,GK,36,Germany,Paris FC
36925,Ligue 1,Ludovic Ajorque,EUR,49038.0,3190000.0,2550000.0,2025-07-01,2027-06-30,1.0,2550000.0,,ACTIVE,F,CF,32,France,Brest
36926,Ligue 1,Abner,EUR,49038.0,3190000.0,2550000.0,2024-07-05,2029-06-30,3.0,7650000.0,,ACTIVE,D,LB,26,Brazil,Lyon
36927,Ligue 1,Jean-Clair Todibo,EUR,45385.0,2950000.0,2360000.0,2026-09-01,2027-06-30,1.0,2360000.0,,LOAN,D,CB,26,France,Lens
36928,Ligue 1,Dário Essugo,EUR,45385.0,2950000.0,2360000.0,2026-09-01,2027-06-30,1.0,2360000.0,,LOAN,M,DM,21,Portugal,Strasbourg
36929,Ligue 1,Romain Perraud,EUR,45385.0,2950000.0,2360000.0,2025-08-08,2028-06-30,2.0,4720000.0,,ACTIVE,D,LB,28,France,Lille
36930,Ligue 1,Mama Baldé,EUR,45385.0,2950000.0,2360000.0,2024-08-30,2027-06-30,1.0,2360000.0,,ACTIVE,F,CF,30,Guinea-Bissau,Brest
36931,Ligue 1,Gaëtan Perrin,EUR,45385.0,2950000.0,2360000.0,2026-02-02,2028-06-30,2.0,4720000.0,,ACTIVE,F,RW,30,France,Lille
36932,Ligue 1,Ruben Aguilar,EUR,45385.0,2950000.0,2360000.0,2025-05-16,2028-06-30,2.0,4720000.0,,ACTIVE,D,RB,33,France,Lens
36933,Ligue 1,Pierre Lees-Melou,EUR,45385.0,2950000.0,2360000.0,2025-08-28,2027-06-30,1.0,2360000.0,,ACTIVE,M,DM,33,France,Paris FC
36934,Ligue 1,Ali Abdi,EUR,41923.0,2730000.0,2180000.0,2025-02-20,2027-06-30,1.0,2180000.0,,ACTIVE,D,LB,32,Tunisia,Nice
36935,Ligue 1,Jordan Lefort,EUR,41923.0,2730000.0,2180000.0,2025-12-20,2029-06-30,3.0,6540000.0,,ACTIVE,D,CB,33,Mauritania,Angers
36936,Ligue 1,Rasmus Nicolaisen,EUR,41923.0,2730000.0,2180000.0,2026-05-28,2029-06-30,3.0,6540000.0,,ACTIVE,D,CB,29,Denmark,Toulouse
36937,Ligue 1,Conrad Harder,EUR,41923.0,2730000.0,2180000.0,2026-09-01,2027-06-30,1.0,2180000.0,,LOAN,F,CF,21,Denmark,Strasbourg
36938,Ligue 1,Mousa Al-Tamari,EUR,41923.0,2730000.0,2180000.0,2025-02-03,2028-06-30,2.0,4360000.0,,ACTIVE,F,RW,29,Jordan,Rennes
36939,Ligue 1,Abdallah Sima,EUR,41923.0,2730000.0,2180000.0,2025-08-29,2029-06-30,3.0,6540000.0,,ACTIVE,F,LW,25,Senegal,Lens
36940,Ligue 1,Senny Mayulu,EUR,41923.0,2730000.0,2180000.0,2024-05-20,2027-06-30,1.0,2180000.0,,ACTIVE,M,CM,20,France,PSG
36941,Ligue 1,Alexsandro,EUR,41923.0,2730000.0,2180000.0,2024-01-15,2028-06-30,2.0,4360000.0,,ACTIVE,D,CB,27,Brazil,Lille
36942,Ligue 1,Nabil Bentaleb,EUR,41923.0,2730000.0,2180000.0,2026-07-30,2028-06-30,2.0,4360000.0,,ACTIVE,M,DM,31,Algeria,Lille
36943,Ligue 1,Haris Belkebla,EUR,41923.0,2730000.0,2180000.0,2026-06-11,2028-06-30,2.0,4360000.0,,ACTIVE,M,CM,32,Algeria,Angers
36944,Ligue 1,Clinton Mata,EUR,41923.0,2730000.0,2180000.0,2025-08-13,2028-06-30,2.0,4360000.0,,ACTIVE,D,CB,33,Angola,Lyon
36945,Ligue 1,Otávio,EUR,41923.0,2730000.0,2180000.0,2025-07-23,2030-06-30,4.0,8720000.0,,ACTIVE,D,CB,24,Brazil,Paris FC
36946,Ligue 1,Jordan Teze,EUR,41923.0,2730000.0,2180000.0,2024-08-20,2029-06-30,3.0,6540000.0,,ACTIVE,D,RB,26,Netherlands,Monaco
36947,Ligue 1,Dilane Bakwa,EUR,40192.0,2610000.0,2090000.0,2026-08-26,2027-06-30,1.0,2090000.0,,LOAN,F,RW,24,France,Lille
36948,Ligue 1,Matthieu Udol,EUR,38462.0,2500000.0,2000000.0,2025-07-15,2028-06-30,2.0,4000000.0,,ACTIVE,D,LB,30,France,Lens
36949,Ligue 1,Hamari Traoré,EUR,38462.0,2500000.0,2000000.0,2025-09-01,2027-06-30,1.0,2000000.0,,ACTIVE,D,RB,34,Mali,Paris FC
36950,Ligue 1,Lucas Tousart,EUR,38462.0,2500000.0,2000000.0,2025-09-01,2027-06-30,1.0,2000000.0,,ACTIVE,M,CM,29,France,Brest
36951,Ligue 1,Thilo Kehrer,EUR,37500.0,2410000.0,1950000.0,2024-01-05,2028-06-30,2.0,3900000.0,,ACTIVE,D,CB,29,Germany,Monaco
36952,Ligue 1,Zachary Athekame,EUR,35000.0,2270000.0,1820000.0,2026-08-14,2027-06-30,1.0,1820000.0,,LOAN,D,RB,21,Switzerland,Lyon
36953,Ligue 1,Ismaël Doukouré,EUR,35000.0,2270000.0,1820000.0,2025-08-20,2028-06-30,2.0,3640000.0,,ACTIVE,D,CB,23,France,Strasbourg
36954,Ligue 1,Dro Fernández,EUR,35000.0,2270000.0,1820000.0,2026-01-26,2030-06-30,4.0,7280000.0,,ACTIVE,F,AM,18,Spain,PSG
36955,Ligue 1,Yvon Mvogo,EUR,35000.0,2270000.0,1820000.0,2025-09-01,2027-06-30,1.0,1820000.0,,ACTIVE,K,GK,32,Switzerland,Lorient
36956,Ligue 1,CJ Egan-Riley,EUR,35000.0,2270000.0,1820000.0,2025-07-01,2029-06-30,3.0,5460000.0,,ACTIVE,D,CB,23,England,Marseille
36957,Ligue 1,Hugo Magnetti,EUR,35000.0,2270000.0,1820000.0,2024-03-04,2027-06-30,1.0,1820000.0,,ACTIVE,M,CM,28,France,Brest
36958,Ligue 1,Mark McKenzie,EUR,35000.0,2270000.0,1820000.0,2024-08-16,2027-06-30,1.0,1820000.0,,ACTIVE,D,CB,27,United States,Toulouse
36959,Ligue 1,Elye Wahi,EUR,35000.0,2270000.0,1820000.0,2026-08-24,2027-06-30,1.0,1820000.0,,LOAN,F,CF,23,Cote d'Ivoire,Nice
36960,Ligue 1,Anthony Rouault,EUR,35000.0,2270000.0,1820000.0,2025-02-03,2029-06-30,3.0,5460000.0,,ACTIVE,D,CB,25,France,Rennes
36961,Ligue 1,Hicham Boudaoui,EUR,35000.0,2270000.0,1820000.0,2023-01-25,2027-06-30,1.0,1820000.0,,ACTIVE,M,CM,26,Algeria,Nice
36962,Ligue 1,Samson Baidoo,EUR,35000.0,2270000.0,1820000.0,2025-07-17,2030-06-30,4.0,7280000.0,,ACTIVE,D,CB,22,Austria,Lens
36963,Ligue 1,Tiago Santos,EUR,35000.0,2270000.0,1820000.0,2024-10-29,2029-06-30,3.0,5460000.0,,ACTIVE,D,RB,24,Portugal,Lille
36964,Ligue 1,Carlens Arcus,EUR,35000.0,2270000.0,1820000.0,2026-05-13,2027-06-30,1.0,1820000.0,,ACTIVE,D,RB,30,Haiti,Angers
36965,Ligue 1,Romain Faivre,EUR,35000.0,2270000.0,1820000.0,2026-07-03,2027-06-30,1.0,1820000.0,,LOAN,F,AM,28,France,Auxerre
36966,Ligue 1,Ilan Kebbal,EUR,35000.0,2270000.0,1820000.0,2024-10-10,2028-06-30,2.0,3640000.0,,ACTIVE,F,RW,28,Algeria,Paris FC
36967,Ligue 1,Ulisses Garcia,EUR,35000.0,2270000.0,1820000.0,2024-01-16,2028-06-30,2.0,3640000.0,,ACTIVE,D,LB,30,Switzerland,Marseille
36968,Ligue 1,Kenny Lala,EUR,35000.0,2270000.0,1820000.0,2024-12-11,2027-06-30,1.0,1820000.0,,ACTIVE,D,RB,34,France,Brest
36969,Ligue 1,Glen Kamara,EUR,35000.0,2270000.0,1820000.0,2024-07-16,2028-06-30,2.0,3640000.0,,INACTIVE,M,CM,30,Finland,Rennes
36970,Ligue 1,Dominik Greif,EUR,35000.0,2270000.0,1820000.0,2025-08-18,2029-06-30,3.0,5460000.0,,ACTIVE,K,GK,29,Slovakia,Lyon
36971,Ligue 1,Philipp Köhn,EUR,33077.0,2150000.0,1720000.0,2023-07-15,2028-06-30,2.0,3440000.0,,ACTIVE,K,GK,28,Switzerland,Monaco
36972,Ligue 1,Jean-Victor Makengo,EUR,31538.0,2050000.0,1640000.0,2023-01-30,2027-06-30,1.0,1640000.0,,ACTIVE,F,AM,28,France,Lorient
36973,Ligue 1,Moïse Bombito,EUR,31538.0,2050000.0,1640000.0,2024-08-19,2028-06-30,2.0,3280000.0,,ACTIVE,D,CB,26,Canada,Nice
36974,Ligue 1,Aron Dønnum,EUR,31538.0,2050000.0,1640000.0,2023-09-01,2027-06-30,1.0,1640000.0,,ACTIVE,M,RM,28,Norway,Toulouse
36975,Ligue 1,Berke Özer,EUR,31538.0,2050000.0,1640000.0,2025-08-14,2029-06-30,3.0,4920000.0,,ACTIVE,K,GK,26,Turkey,Lille
36976,Ligue 1,Jim Allevinah,EUR,31538.0,2050000.0,1640000.0,2024-07-01,2027-06-30,1.0,1640000.0,,ACTIVE,F,RW,31,Gabon,Angers
36977,Ligue 1,Joaquín Panichelli,EUR,31538.0,2050000.0,1640000.0,2025-07-27,2030-06-30,4.0,6560000.0,,ACTIVE,F,CF,23,Argentina,Strasbourg
36978,Ligue 1,Maxime Lopez,EUR,31538.0,2050000.0,1640000.0,2024-08-29,2027-06-30,1.0,1640000.0,,ACTIVE,M,DM,28,France,Paris FC
36979,Ligue 1,Jonathan Ikoné,EUR,31538.0,2050000.0,1640000.0,2025-09-01,2027-06-30,1.0,1640000.0,,ACTIVE,F,RW,28,France,Paris FC
36980,Ligue 1,Rémy Descamps,EUR,31538.0,2050000.0,1640000.0,2026-03-09,2029-06-30,3.0,4920000.0,,ACTIVE,K,GK,30,France,Lyon
36981,Ligue 1,Sékou Mara,EUR,29808.0,1940000.0,1550000.0,2024-08-21,2029-06-30,3.0,4650000.0,,ACTIVE,F,CF,24,France,Strasbourg
36982,Ligue 1,Lukas Hradecky,EUR,28654.0,1860000.0,1490000.0,2025-08-08,2027-06-30,1.0,1490000.0,,ACTIVE,K,GK,36,Finland,Monaco
36983,Ligue 1,Calvin Verdonk,EUR,27885.0,1810000.0,1450000.0,2025-09-01,2028-06-30,2.0,2900000.0,,ACTIVE,D,LB,29,Indonesia,Lille
36984,Ligue 1,Quentin Ndjantou,EUR,27885.0,1810000.0,1450000.0,2025-07-28,2028-06-30,2.0,2900000.0,,ACTIVE,F,LW,19,France,PSG
36985,Ligue 1,Jean-Philippe Krasso,EUR,27885.0,1810000.0,1450000.0,2024-07-06,2027-06-30,1.0,1450000.0,,ACTIVE,F,CF,29,Cote d'Ivoire,Paris FC
36986,Ligue 1,Mohamed Abdelmonem,EUR,27885.0,1810000.0,1450000.0,2024-08-29,2028-06-30,2.0,2900000.0,,ACTIVE,D,CB,27,Egypt,Nice
36987,Ligue 1,Lamine Camara,EUR,26538.0,1720000.0,1380000.0,2024-07-30,2029-06-30,3.0,4140000.0,,ACTIVE,M,CM,22,Senegal,Monaco
36988,Ligue 1,Joris Chotard,EUR,26154.0,1700000.0,1360000.0,2025-08-23,2029-06-30,3.0,4080000.0,,ACTIVE,M,DM,24,France,Brest
36989,Ligue 1,Hákon Arnar Haraldsson,EUR,26154.0,1700000.0,1360000.0,2026-01-24,2030-06-30,4.0,5440000.0,,ACTIVE,F,AM,23,Iceland,Lille
36990,Ligue 1,Osame Sahraoui,EUR,26154.0,1700000.0,1360000.0,2024-08-01,2029-06-30,3.0,4080000.0,,ACTIVE,F,LW,25,Morocco,Lille
36991,Ligue 1,Alidu Seidu,EUR,26154.0,1700000.0,1360000.0,2025-03-28,2029-06-30,3.0,4080000.0,,ACTIVE,D,CB,26,Ghana,Rennes
36992,Ligue 1,Isak Jansson,EUR,26154.0,1700000.0,1360000.0,2025-07-10,2027-06-30,1.0,1360000.0,,ACTIVE,F,LW,24,Sweden,Nice
36993,Ligue 1,Tyler Morton,EUR,24423.0,1590000.0,1270000.0,2025-08-05,2030-06-30,4.0,5080000.0,,ACTIVE,M,DM,23,England,Lyon
36994,Ligue 1,Bamo Meïté,EUR,24423.0,1590000.0,1270000.0,2024-07-01,2028-06-30,2.0,2540000.0,,ACTIVE,D,CB,24,Cote d'Ivoire,Marseille
36995,Ligue 1,Niklas Schmidt,EUR,24423.0,1590000.0,1270000.0,2023-08-04,2027-06-30,1.0,1270000.0,,ACTIVE,M,CM,28,Germany,Toulouse
36996,Ligue 1,Orel Mangala,EUR,24423.0,1590000.0,1270000.0,2024-07-02,2028-06-30,2.0,2540000.0,,INACTIVE,M,DM,28,Belgium,Lyon
36997,Ligue 1,Jérémy Le Douaron,EUR,24423.0,1590000.0,1270000.0,2026-08-31,2027-06-30,1.0,1270000.0,,LOAN,F,CF,28,France,Troyes
36998,Ligue 1,Sebastian Nanasi,EUR,24423.0,1590000.0,1270000.0,2024-08-23,2029-06-30,3.0,3810000.0,,ACTIVE,F,LW,24,Sweden,Strasbourg
36999,Ligue 1,Hamza Igamane,EUR,24423.0,1590000.0,1270000.0,2025-08-29,2030-06-30,4.0,5080000.0,,ACTIVE,F,CF,23,Morocco,Lille
37000,Ligue 1,Arnaud Bodart,EUR,24423.0,1590000.0,1270000.0,2025-07-01,2027-06-30,1.0,1270000.0,,ACTIVE,K,GK,28,Belgium,Lille
37001,Ligue 1,Christian Mawissa,EUR,24231.0,1580000.0,1260000.0,2024-08-11,2029-06-30,3.0,3780000.0,,ACTIVE,D,CB,21,France,Monaco
37002,Ligue 1,Souleymane Isaak Touré,EUR,22692.0,1480000.0,1180000.0,2023-09-01,2028-06-30,2.0,2360000.0,,ACTIVE,D,CB,23,France,Lorient
37003,Ligue 1,Salis Abdul Samed,EUR,22692.0,1480000.0,1180000.0,2025-08-14,2028-06-30,2.0,2360000.0,,ACTIVE,M,DM,26,Ghana,Nice
37004,Ligue 1,Cameron Archer,EUR,22692.0,1480000.0,1180000.0,2026-09-01,2027-06-30,1.0,1180000.0,,LOAN,F,CF,24,England,Auxerre
37005,Ligue 1,Danny Loader,EUR,22692.0,1480000.0,1180000.0,2026-07-02,2029-06-30,3.0,3540000.0,,ACTIVE,F,LW,26,Cameroon,Auxerre
37006,Ligue 1,Faris Moumbagna,EUR,21154.0,1380000.0,1100000.0,2024-01-20,2028-06-30,2.0,2200000.0,,ACTIVE,F,CF,26,Cameroon,Marseille
37007,Ligue 1,Mathis Amougou,EUR,20962.0,1360000.0,1090000.0,2026-09-01,2027-06-30,1.0,1090000.0,,LOAN,M,CM,20,France,Toulouse
37008,Ligue 1,Lucas Høgsberg,EUR,20962.0,1360000.0,1090000.0,2025-08-09,2030-06-30,4.0,4360000.0,,ACTIVE,D,CB,20,Denmark,Strasbourg
37009,Ligue 1,Amir Richardson,EUR,20962.0,1360000.0,1090000.0,2026-07-18,2027-06-30,1.0,1090000.0,,LOAN,M,CM,24,Morocco,Le Havre
37010,Ligue 1,Aiyegun Tosin,EUR,20962.0,1360000.0,1090000.0,2023-07-25,2027-06-30,1.0,1090000.0,,ACTIVE,F,CF,28,Benin,Lorient
37011,Ligue 1,Ruben Kluivert,EUR,20962.0,1360000.0,1090000.0,2025-07-25,2030-06-30,4.0,4360000.0,,ACTIVE,D,CB,25,Netherlands,Lyon
37012,Ligue 1,Sinaly Diomandé,EUR,20962.0,1360000.0,1090000.0,2024-08-30,2027-06-30,1.0,1090000.0,,ACTIVE,D,CB,25,Cote d'Ivoire,Auxerre
37013,Ligue 1,Naouirou Ahamada,EUR,20962.0,1360000.0,1090000.0,2026-01-07,2027-06-30,1.0,1090000.0,,ACTIVE,M,CM,24,France,Auxerre
37014,Ligue 1,Montassar Talbi,EUR,20962.0,1360000.0,1090000.0,2022-07-18,2027-06-30,1.0,1090000.0,,ACTIVE,D,CB,28,Tunisia,Lorient
37015,Ligue 1,Kévin Danois,EUR,19231.0,1250000.0,1000000.0,2025-10-03,2029-06-30,3.0,3000000.0,,ACTIVE,M,CM,22,France,Auxerre
37016,Ligue 1,Ngal'ayel Mukau,EUR,19231.0,1250000.0,1000000.0,2024-07-11,2028-06-30,2.0,2000000.0,,ACTIVE,M,DM,21,Democratic Republic of the Congo,Lille
37017,Ligue 1,Cristian Cásseres Jr,EUR,19231.0,1250000.0,1000000.0,2023-07-07,2027-06-30,1.0,1000000.0,,ACTIVE,M,CM,26,Venezuela,Toulouse
37018,Ligue 1,Guillaume Restes,EUR,19231.0,1250000.0,1000000.0,2023-10-31,2028-06-30,2.0,2000000.0,,ACTIVE,K,GK,21,France,Toulouse
37019,Ligue 1,Elias Jelert,EUR,19231.0,1150000.0,1000000.0,2026-08-21,2027-06-30,1.0,1000000.0,,LOAN,D,RB,23,Denmark,Le Havre
37020,Ligue 1,Charlie Cresswell,EUR,19231.0,1250000.0,1000000.0,2026-08-04,2027-06-30,1.0,1000000.0,,LOAN,D,CB,24,England,Rennes
37021,Ligue 1,Djaoui Cissé,EUR,19231.0,1250000.0,1000000.0,2025-09-26,2030-06-30,4.0,4000000.0,,ACTIVE,M,CM,22,France,Rennes
37022,Ligue 1,Noah Mbamba,EUR,17500.0,1140000.0,910000.0,2026-08-08,2027-06-30,1.0,910000.0,,LOAN,M,CM,21,Belgium,Lorient
37023,Ligue 1,Franjo Ivanović,EUR,17500.0,1140000.0,910000.0,2026-08-12,2027-06-30,1.0,910000.0,,LOAN,F,CF,22,Croatia,Lens
37024,Ligue 1,Florian Sotoca,EUR,17500.0,1140000.0,910000.0,2026-03-06,2027-06-30,1.0,910000.0,,ACTIVE,F,CF,35,France,Lens
37025,Ligue 1,Himad Abdelli,EUR,17500.0,1140000.0,910000.0,2026-02-02,2030-06-30,4.0,3640000.0,,ACTIVE,F,AM,26,Algeria,Marseille
37026,Ligue 1,Samir El Mourabet,EUR,17500.0,1140000.0,910000.0,2025-11-10,2030-06-30,4.0,3640000.0,,ACTIVE,M,CM,20,Morocco,Strasbourg
37027,Ligue 1,Jeffrey de Lange,EUR,17500.0,1140000.0,910000.0,2024-08-08,2027-06-30,1.0,910000.0,,ACTIVE,K,GK,28,Netherlands,Marseille
37028,Ligue 1,David Odogu,EUR,17500.0,1140000.0,910000.0,2026-08-18,2027-06-30,1.0,910000.0,,LOAN,D,CB,20,Germany,Toulouse
37029,Ligue 1,Seko Fofana,EUR,17500.0,1050000.0,910000.0,2025-01-01,2029-06-30,3.0,2730000.0,,INACTIVE,M,CM,31,Cote d'Ivoire,Rennes
37030,Ligue 1,Martial Godo,EUR,17500.0,1140000.0,910000.0,2025-09-01,2030-06-30,4.0,3640000.0,,ACTIVE,F,LW,23,Cote d'Ivoire,Strasbourg
37031,Ligue 1,Clément Akpa,EUR,17500.0,1140000.0,910000.0,2025-09-24,2028-06-30,2.0,1820000.0,,ACTIVE,D,CB,24,Cote d'Ivoire,Auxerre
37032,Ligue 1,Rassoul Ndiaye,EUR,17500.0,1140000.0,910000.0,2026-01-16,2028-06-30,2.0,1820000.0,,ACTIVE,M,CM,24,Senegal,Le Havre
37033,Ligue 1,Nathaniel Adjei,EUR,17500.0,1140000.0,910000.0,2024-07-01,2028-06-30,2.0,1820000.0,,ACTIVE,D,CB,24,Ghana,Lorient
37034,Ligue 1,Mbwana Samatta,EUR,17500.0,1140000.0,910000.0,2025-08-05,2027-06-30,1.0,910000.0,,ACTIVE,F,CF,33,Tanzania,Le Havre
37035,Ligue 1,Khalis Merah,EUR,17500.0,1140000.0,910000.0,2025-08-26,2029-06-30,3.0,2730000.0,,ACTIVE,M,CM,19,France,Lyon
37036,Ligue 1,Nathan Ngoy,EUR,17500.0,1140000.0,910000.0,2025-07-24,2029-06-30,3.0,2730000.0,,ACTIVE,D,CB,23,Belgium,Lille
37037,Ligue 1,Mohamed Bamba,EUR,17500.0,1140000.0,910000.0,2024-01-26,2028-06-30,2.0,1820000.0,,ACTIVE,F,CF,24,Cote d'Ivoire,Lorient
37038,Ligue 1,Noah Cadiou,EUR,17500.0,1140000.0,910000.0,2025-07-04,2029-06-30,3.0,2730000.0,,ACTIVE,M,CM,27,Guadeloupe,Lorient
37039,Ligue 1,Thibault De Smet,EUR,17500.0,1140000.0,910000.0,2025-07-01,2027-06-30,1.0,910000.0,,ACTIVE,D,LB,28,Belgium,Paris FC
37040,Ligue 1,Vincent Marchetti,EUR,17500.0,1140000.0,910000.0,2024-01-29,2027-06-30,1.0,910000.0,,ACTIVE,M,CM,29,France,Paris FC
37041,Ligue 1,Francisco Sierralta,EUR,17500.0,1140000.0,910000.0,2025-07-01,2029-06-30,3.0,2730000.0,,INACTIVE,D,CB,29,Chile,Auxerre
37042,Ligue 1,Egil Selvik,EUR,17500.0,1140000.0,910000.0,2026-08-13,2027-06-30,1.0,910000.0,,LOAN,K,GK,29,Norway,Brest
37043,Ligue 1,Panos Katseris,EUR,15769.0,1020000.0,820000.0,2024-01-23,2028-06-30,2.0,1640000.0,,ACTIVE,M,RM,25,Greece,Lorient
37044,Ligue 1,Obed Nkambadio,EUR,15769.0,1020000.0,820000.0,2024-10-05,2027-06-30,1.0,820000.0,,ACTIVE,K,GK,23,France,Paris FC
37045,Ligue 1,Rudy Matondo,EUR,15769.0,1020000.0,820000.0,2026-02-02,2028-06-30,2.0,1640000.0,,ACTIVE,M,CM,18,France,Paris FC
37046,Ligue 1,Emmanuel Biumla,EUR,15769.0,1020000.0,820000.0,2025-06-19,2028-06-30,2.0,1640000.0,,ACTIVE,D,CB,21,France,Angers
37047,Ligue 1,Abu Francis,EUR,15769.0,1020000.0,820000.0,2025-08-06,2029-06-30,3.0,2460000.0,,ACTIVE,M,CM,25,Ghana,Toulouse
37048,Ligue 1,Yann Gboho,EUR,15769.0,1020000.0,820000.0,2024-01-08,2027-06-30,1.0,820000.0,,ACTIVE,F,LW,25,France,Toulouse
37049,Ligue 1,Noah Nartey,EUR,15769.0,1020000.0,820000.0,2026-01-19,2030-06-30,4.0,3280000.0,,ACTIVE,F,AM,20,Denmark,Lyon
37050,Ligue 1,Marvin Senaya,EUR,15769.0,1020000.0,820000.0,2025-07-01,2029-06-30,3.0,2460000.0,,ACTIVE,D,RB,25,Ghana,Auxerre
37051,Ligue 1,Nhoa Sangui,EUR,15769.0,1020000.0,820000.0,2025-07-01,2030-06-30,4.0,3280000.0,,ACTIVE,D,LB,20,France,Paris FC
37052,Ligue 1,Stanis Idumbo,EUR,15385.0,1000000.0,800000.0,2025-08-30,2030-06-30,4.0,3200000.0,,ACTIVE,F,AM,21,Belgium,Monaco
37053,Ligue 1,Paul Akouokou,EUR,14423.0,940000.0,750000.0,2023-09-01,2027-06-30,1.0,750000.0,,ACTIVE,M,DM,28,Cote d'Ivoire,Lyon
37054,Ligue 1,Maxi Oyedele,EUR,14038.0,910000.0,730000.0,2025-07-16,2030-06-30,4.0,2920000.0,,ACTIVE,M,DM,21,Poland,Strasbourg
37055,Ligue 1,Noah Edjouma,EUR,14038.0,910000.0,730000.0,2026-09-01,2027-06-30,1.0,730000.0,,LOAN,F,RW,20,France,Brest
37056,Ligue 1,Kamory Doumbia,EUR,14038.0,910000.0,730000.0,2024-08-30,2029-06-30,3.0,2190000.0,,ACTIVE,F,AM,23,Mali,Brest
37057,Ligue 1,Renaud Ripart,EUR,14038.0,910000.0,730000.0,2026-07-09,2027-06-30,1.0,730000.0,,ACTIVE,F,CF,33,France,Troyes
37058,Ligue 1,Amine Sbaï,EUR,14038.0,910000.0,730000.0,2025-10-08,2027-06-30,1.0,730000.0,,ACTIVE,F,LW,25,Morocco,Angers
37059,Ligue 1,Jhoanner Chávez,EUR,14038.0,910000.0,730000.0,2024-07-01,2028-06-30,2.0,1460000.0,,ACTIVE,D,LB,24,Ecuador,Lens
37060,Ligue 1,Robin Risser,EUR,14038.0,910000.0,730000.0,2025-07-04,2030-06-30,4.0,2920000.0,,ACTIVE,K,GK,21,France,Lens
37061,Ligue 1,Pierre Ekwah,EUR,14038.0,910000.0,730000.0,2026-08-26,2027-06-30,1.0,730000.0,,LOAN,M,DM,24,France,Auxerre
37062,Ligue 1,Ethan Mbappé,EUR,14038.0,910000.0,730000.0,2024-07-04,2027-06-30,1.0,730000.0,,ACTIVE,F,RW,19,France,Lille
37063,Ligue 1,Bingourou Kamara,EUR,14038.0,910000.0,730000.0,2025-07-25,2027-06-30,1.0,730000.0,,ACTIVE,K,GK,29,Senegal,Lorient
37064,Ligue 1,Samir Chergui,EUR,14038.0,910000.0,730000.0,2022-06-21,2027-06-30,1.0,730000.0,,ACTIVE,D,CB,27,Algeria,Paris FC
37065,Ligue 1,Derek Cornelius,EUR,14038.0,910000.0,730000.0,2024-08-04,2028-06-30,2.0,1460000.0,,ACTIVE,D,CB,28,Canada,Marseille
37066,Ligue 1,Hamed Junior Traorè,EUR,14038.0,910000.0,730000.0,2026-07-01,2030-06-30,4.0,2920000.0,,INACTIVE,F,LW,26,Cote d'Ivoire,Marseille
37067,Ligue 1,Louis Mouton,EUR,14038.0,910000.0,730000.0,2025-07-01,2028-06-30,2.0,1460000.0,,ACTIVE,F,AM,24,France,Angers
37068,Ligue 1,Antoine Mendy,EUR,14038.0,910000.0,730000.0,2024-08-26,2028-06-30,2.0,1460000.0,,ACTIVE,D,CB,22,Senegal,Nice
37069,Ligue 1,Ayumu Seko,EUR,14038.0,910000.0,730000.0,2025-07-22,2028-06-30,2.0,1460000.0,,ACTIVE,D,CB,26,Japan,Le Havre
37070,Ligue 1,Samuel Amo-Ameyaw,EUR,14038.0,910000.0,730000.0,2025-07-01,2029-06-30,3.0,2190000.0,,ACTIVE,F,RW,20,England,Strasbourg
37071,Ligue 1,Niels Nkounkou,EUR,12885.0,840000.0,670000.0,2026-09-01,2027-06-30,1.0,670000.0,,LOAN,D,LB,25,France,Nice
37072,Ligue 1,Abdelhamid Ait Boudlal,EUR,12308.0,800000.0,640000.0,2024-07-02,2028-06-30,2.0,1280000.0,,ACTIVE,D,CB,20,Morocco,Rennes
37073,Ligue 1,Assane Dioussé,EUR,12308.0,800000.0,640000.0,2023-08-10,2027-06-30,1.0,640000.0,,ACTIVE,M,DM,28,Senegal,Auxerre
37074,Ligue 1,Lionel Mpasi-Nzau,EUR,12308.0,800000.0,640000.0,2025-07-13,2027-06-30,1.0,640000.0,,ACTIVE,K,GK,32,Democratic Republic of the Congo,Le Havre
37075,Ligue 1,Simon Ebonog,EUR,12308.0,800000.0,640000.0,2026-01-15,2029-06-30,3.0,1920000.0,,ACTIVE,M,CM,22,France,Le Havre
37076,Ligue 1,Luck Zogbé,EUR,12308.0,800000.0,640000.0,2025-07-02,2029-06-30,3.0,1920000.0,,ACTIVE,D,RB,21,Cote d'Ivoire,Brest
37077,Ligue 1,Gessime Yassine,EUR,12308.0,800000.0,640000.0,2026-01-17,2030-06-30,4.0,2560000.0,,ACTIVE,F,RW,20,Morocco,Strasbourg
37078,Ligue 1,Lilian Raolisoa,EUR,12308.0,800000.0,640000.0,2025-07-30,2028-06-30,2.0,1280000.0,,ACTIVE,D,RB,26,France,Angers
37079,Ligue 1,Santiago Hidalgo,EUR,12308.0,800000.0,640000.0,2025-07-31,2029-06-30,3.0,1920000.0,,ACTIVE,F,CF,21,Argentina,Toulouse
37080,Ligue 1,Théo Le Bris,EUR,12308.0,800000.0,640000.0,2023-03-10,2027-06-30,1.0,640000.0,,ACTIVE,M,RM,23,France,Lorient
37081,Ligue 1,Pathé Mboup,EUR,12308.0,800000.0,640000.0,2025-08-31,2030-06-30,4.0,2560000.0,,ACTIVE,F,LW,22,Senegal,Brest
37082,Ligue 1,Arsène Kouassi,EUR,12308.0,800000.0,640000.0,2025-07-24,2029-06-30,3.0,1920000.0,,ACTIVE,D,LB,22,Burkina Faso,Lorient
37083,Ligue 1,Yassin Belkhdim,EUR,12308.0,800000.0,640000.0,2025-06-19,2028-06-30,2.0,1280000.0,,ACTIVE,M,CM,24,Morocco,Angers
37084,Ligue 1,Bradley Locko,EUR,12308.0,800000.0,640000.0,2023-07-27,2027-06-30,1.0,640000.0,,ACTIVE,D,LB,24,France,Brest
37085,Ligue 1,Hugo Picard,EUR,12308.0,740000.0,640000.0,2026-08-17,2027-06-30,1.0,640000.0,,LOAN,M,LM,23,France,Troyes
37086,Ligue 1,Formose Mendy,EUR,11538.0,750000.0,600000.0,2023-07-20,2028-06-30,2.0,1200000.0,,ACTIVE,D,CB,25,Senegal,Lorient
37087,Ligue 1,Mamadou Coulibaly,EUR,10962.0,710000.0,570000.0,2024-10-10,2028-06-30,2.0,1140000.0,,ACTIVE,M,CM,22,France,Monaco
37088,Ligue 1,Edan Diop,EUR,10962.0,710000.0,570000.0,2023-08-10,2028-06-30,2.0,1140000.0,,ACTIVE,M,CM,22,France,Monaco
37089,Ligue 1,Ismaël Boura,EUR,10577.0,690000.0,550000.0,2024-02-20,2027-06-30,1.0,550000.0,,ACTIVE,D,LB,26,Comoros,Troyes
37090,Ligue 1,Mamadou Mbow,EUR,10577.0,690000.0,550000.0,2023-07-20,2028-06-30,2.0,1100000.0,,ACTIVE,D,CB,26,Senegal,Paris FC
37091,Ligue 1,Junior Diaz,EUR,10577.0,690000.0,550000.0,2024-08-08,2029-06-30,3.0,1650000.0,,ACTIVE,D,CB,23,Cote d'Ivoire,Troyes
37092,Ligue 1,Jacen Russell-Rowe,EUR,10577.0,690000.0,550000.0,2026-02-02,2029-06-30,3.0,1650000.0,,ACTIVE,F,CF,23,Canada,Toulouse
37093,Ligue 1,Ismaëlo Ganiou,EUR,10577.0,690000.0,550000.0,2026-08-08,2030-06-30,4.0,2200000.0,,ACTIVE,D,CB,21,France,Lens
37094,Ligue 1,Tochukwu Nnadi,EUR,10577.0,690000.0,550000.0,2026-02-02,2030-06-30,4.0,2200000.0,,ACTIVE,M,DM,23,Nigeria,Marseille
37095,Ligue 1,Benjamin Leroy,EUR,10577.0,690000.0,550000.0,2026-05-27,2027-06-30,1.0,550000.0,,ACTIVE,K,GK,37,France,Lorient
37096,Ligue 1,Arthur Avom,EUR,10577.0,690000.0,550000.0,2024-07-01,2027-06-30,1.0,550000.0,,ACTIVE,M,CM,21,Cameroon,Lorient
37097,Ligue 1,Adrien Monfray,EUR,10577.0,690000.0,550000.0,2024-07-01,2027-06-30,1.0,550000.0,,ACTIVE,D,CB,35,France,Troyes
37098,Ligue 1,Timothé Nkada,EUR,10577.0,690000.0,550000.0,2026-09-01,2027-06-30,1.0,550000.0,,LOAN,F,CF,27,France,Troyes
37099,Ligue 1,Pape Demba Diop,EUR,10577.0,690000.0,550000.0,2025-07-01,2030-06-30,4.0,2200000.0,,ACTIVE,M,CM,23,Senegal,Strasbourg
37100,Ligue 1,Nidal Celik,EUR,10577.0,690000.0,550000.0,2025-02-03,2029-06-30,3.0,1650000.0,,ACTIVE,D,CB,20,Bosnia-Herzegovina,Lens
37101,Ligue 1,Isak Jensen,EUR,10577.0,690000.0,550000.0,2026-08-24,2027-06-30,1.0,550000.0,,LOAN,F,LW,22,Denmark,Lorient
37102,Ligue 1,Paris Brunner,EUR,10000.0,650000.0,520000.0,2024-08-16,2028-06-30,2.0,1040000.0,,ACTIVE,F,CF,20,Germany,Monaco
37103,Ligue 1,Alexis Vossah,EUR,8654.0,560000.0,450000.0,2026-07-27,2030-06-30,4.0,1800000.0,,ACTIVE,M,CM,18,France,Toulouse
37104,Ligue 1,Mathys de Carvalho,EUR,8654.0,560000.0,450000.0,2025-07-11,2028-06-30,2.0,900000.0,,ACTIVE,M,DM,21,Portugal,Lyon
37105,Ligue 1,Antoine Mille,EUR,8654.0,560000.0,450000.0,2025-07-30,2028-06-30,2.0,900000.0,,ACTIVE,M,CM,29,France,Troyes
37106,Ligue 1,Rafik Messali,EUR,8654.0,560000.0,450000.0,2025-06-13,2028-06-30,2.0,900000.0,,ACTIVE,D,RB,23,Algeria,Toulouse
37107,Ligue 1,Rémy Labeau Lascary,EUR,8654.0,560000.0,450000.0,2026-07-27,2027-06-30,1.0,450000.0,,LOAN,F,CF,23,France,Auxerre
37108,Ligue 1,Bryan Okoh,EUR,8654.0,560000.0,450000.0,2026-01-29,2029-06-30,3.0,1350000.0,,ACTIVE,D,CB,23,Switzerland,Auxerre
37109,Ligue 1,Amine El Ouazzani,EUR,8654.0,560000.0,450000.0,2026-07-20,2027-06-30,1.0,450000.0,,LOAN,F,CF,25,Morocco,Angers
37110,Ligue 1,Felix Mambimbi,EUR,8654.0,560000.0,450000.0,2025-07-11,2027-06-30,1.0,450000.0,,ACTIVE,F,LW,25,Switzerland,Le Havre
37111,Ligue 1,Ayanda Sishuba,EUR,8654.0,560000.0,450000.0,2025-02-03,2029-06-30,3.0,1350000.0,,ACTIVE,F,AM,21,Belgium,Rennes
37112,Ligue 1,Ousmane Camara,EUR,8654.0,560000.0,450000.0,2025-10-03,2029-06-30,3.0,1350000.0,,ACTIVE,D,CB,23,Mali,Angers
37113,Ligue 1,Merwan Ifnaoui,EUR,8654.0,560000.0,450000.0,2025-07-01,2027-06-30,1.0,450000.0,,ACTIVE,F,RW,27,France,Troyes
37114,Ligue 1,Adama Camara,EUR,8654.0,560000.0,450000.0,2023-07-01,2027-06-30,1.0,450000.0,,ACTIVE,M,DM,29,France,Paris FC
37115,Ligue 1,Anthony Bermont,EUR,8654.0,560000.0,450000.0,2026-07-01,2027-06-30,1.0,450000.0,,LOAN,F,LW,21,France,Angers
37116,Ligue 1,Rayan Fofana,EUR,8654.0,560000.0,450000.0,2026-08-31,2027-06-30,1.0,450000.0,,LOAN,F,CF,20,France,Le Havre
37117,Ligue 1,Souleymane Faye,EUR,8654.0,560000.0,450000.0,2026-08-02,2027-06-30,1.0,450000.0,,LOAN,F,RW,23,Senegal,Lorient
37118,Ligue 1,Junior Kadile,EUR,6923.0,450000.0,360000.0,2026-08-31,2027-06-30,1.0,360000.0,,LOAN,F,LW,23,France,Lens
37119,Ligue 1,Seny Koumbassa,EUR,6923.0,450000.0,360000.0,2026-04-15,2030-06-30,4.0,1440000.0,,ACTIVE,D,CB,19,France,Toulouse
37120,Ligue 1,Ibrahima Baldé,EUR,6923.0,450000.0,360000.0,2026-09-01,2027-06-30,1.0,360000.0,,LOAN,F,CF,23,France,Lorient
37121,Ligue 1,Aristide Zossou,EUR,6923.0,450000.0,360000.0,2026-07-22,2030-06-30,4.0,1440000.0,,ACTIVE,F,LW,21,Cote d'Ivoire,Auxerre
37122,Ligue 1,Mikayil Faye,EUR,6923.0,450000.0,360000.0,2024-08-25,2028-06-30,2.0,720000.0,,INACTIVE,D,CB,21,Senegal,Rennes
37123,Ligue 1,Lamine Sy,EUR,6923.0,450000.0,360000.0,2026-08-27,2030-06-30,4.0,1440000.0,,ACTIVE,D,RB,24,France,Auxerre
37124,Ligue 1,Dembo Sylla,EUR,6923.0,450000.0,360000.0,2023-07-17,2028-06-30,2.0,720000.0,,ACTIVE,D,RB,23,Guinea,Lorient
37125,Ligue 1,Tiago Morais,EUR,6923.0,450000.0,360000.0,2024-01-30,2028-06-30,2.0,720000.0,,ACTIVE,F,LW,23,Portugal,Lille
37126,Ligue 1,Yoan Koré,EUR,6923.0,450000.0,360000.0,2023-09-22,2027-06-30,1.0,360000.0,,ACTIVE,D,CB,21,France,Paris FC
37127,Ligue 1,Bandiougou Fadiga,EUR,6923.0,450000.0,360000.0,2024-08-14,2028-06-30,2.0,720000.0,,ACTIVE,F,AM,25,France,Lorient
37128,Ligue 1,Julián Vignolo,EUR,6923.0,450000.0,360000.0,2025-08-20,2029-06-30,3.0,1080000.0,,ACTIVE,F,CF,19,Argentina,Toulouse
37129,Ligue 1,Mahamadou Nagida,EUR,6923.0,450000.0,360000.0,2025-09-29,2029-06-30,3.0,1080000.0,,ACTIVE,D,LB,21,Cameroon,Rennes
37130,Ligue 1,Alejandro Gomes Rodríguez,EUR,6923.0,450000.0,360000.0,2025-07-01,2028-06-30,2.0,720000.0,,ACTIVE,F,CF,18,England,Lyon
37131,Ligue 1,Andrija Bulatovic,EUR,6923.0,450000.0,360000.0,2026-02-25,2030-06-30,4.0,1440000.0,,ACTIVE,M,CM,19,Montenegro,Lens
37132,Ligue 1,Noham Kamara,EUR,6923.0,450000.0,360000.0,2026-07-01,2030-06-30,4.0,1440000.0,,ACTIVE,D,CB,19,France,Lyon
37133,Ligue 1,Fredrik Oppegård,EUR,6346.0,410000.0,330000.0,2025-01-29,2028-06-30,2.0,660000.0,,ACTIVE,D,LB,24,Norway,Auxerre
37134,Ligue 1,Alexandre Phliponeau,EUR,6346.0,410000.0,330000.0,2025-06-06,2028-06-30,2.0,660000.0,,ACTIVE,M,DM,26,France,Troyes
37135,Ligue 1,Lucas Maronnier,EUR,5962.0,390000.0,310000.0,2025-07-01,2027-06-30,1.0,310000.0,,ACTIVE,D,RB,26,France,Troyes
37136,Ligue 1,Lasso Coulibaly,EUR,5192.0,338000.0,270000.0,2024-07-01,2028-06-30,2.0,540000.0,,INACTIVE,F,RW,23,Cote d'Ivoire,Auxerre
37137,Ligue 1,Justin Bourgault,EUR,5192.0,338000.0,270000.0,2025-01-24,2029-06-30,3.0,810000.0,,ACTIVE,D,LB,20,France,Brest
37138,Ligue 1,Melvin Zinga,EUR,5192.0,338000.0,270000.0,2024-09-23,2027-06-30,1.0,270000.0,,ACTIVE,K,GK,24,France,Angers
37139,Ligue 1,Rémi Himbert,EUR,5192.0,338000.0,270000.0,2026-03-10,2028-06-30,2.0,540000.0,,ACTIVE,F,LW,18,France,Lyon
37140,Ligue 1,Lassine Diarra,EUR,5192.0,338000.0,270000.0,2025-11-21,2028-06-30,2.0,540000.0,,ACTIVE,K,GK,23,Mali,Lyon
37141,Ligue 1,Mouhamed Diop,EUR,5192.0,338000.0,270000.0,2023-07-25,2028-06-30,2.0,540000.0,,ACTIVE,M,CM,25,Senegal,Troyes
37142,Ligue 1,Paolo Gozzi,EUR,5192.0,338000.0,270000.0,2024-08-30,2027-06-30,1.0,270000.0,,ACTIVE,D,CB,25,Italy,Troyes
37143,Ligue 1,Jelle Van Neck,EUR,5192.0,338000.0,270000.0,2026-07-01,2027-06-30,1.0,270000.0,,ACTIVE,K,GK,22,Belgium,Marseille
37144,Ligue 1,Harouna Djibirin,EUR,5192.0,338000.0,270000.0,2026-03-02,2028-06-30,2.0,540000.0,,ACTIVE,F,RW,19,Cameroon,Angers
37145,Ligue 1,Eros Maddy,EUR,5192.0,338000.0,270000.0,2023-07-25,2027-06-30,1.0,270000.0,,ACTIVE,F,RW,25,Netherlands,Auxerre
37146,Ligue 1,Yvann Titi,EUR,4231.0,275000.0,220000.0,2026-08-24,2029-06-30,3.0,660000.0,,ACTIVE,D,RB,20,France,Troyes
37147,Ligue 1,Telli Siwe,EUR,4231.0,275000.0,220000.0,2025-08-16,2029-06-30,3.0,660000.0,,ACTIVE,D,CB,21,France,Auxerre
37148,Ligue 1,Erwan Colas,EUR,4231.0,275000.0,220000.0,2026-06-22,2029-06-30,3.0,660000.0,,ACTIVE,F,LW,29,France,Le Mans
37149,Ligue 1,Harold Voyer,EUR,4231.0,275000.0,220000.0,2026-07-03,2028-06-30,2.0,440000.0,,ACTIVE,D,CB,29,Martinique,Le Mans
37150,Ligue 1,Prosper Peter,EUR,4231.0,275000.0,220000.0,2026-03-10,2028-06-30,2.0,440000.0,,ACTIVE,F,CF,19,France,Angers
37151,Ligue 1,Lucas Buades,EUR,4231.0,275000.0,220000.0,2026-07-08,2028-06-30,2.0,440000.0,,ACTIVE,D,RB,28,France,Le Mans
37152,Ligue 1,Samuel Yohou,EUR,4231.0,275000.0,220000.0,2026-07-10,2028-06-30,2.0,440000.0,,ACTIVE,D,CB,35,France,Le Mans
37153,Ligue 1,Kandet Diawara,EUR,4231.0,275000.0,220000.0,2026-02-02,2027-06-30,1.0,220000.0,,ACTIVE,F,LW,26,Guinea,Troyes
37154,Ligue 1,Antoine Rabillard,EUR,4231.0,275000.0,220000.0,2026-06-15,2027-06-30,1.0,220000.0,,ACTIVE,F,CF,30,France,Le Mans
37155,Ligue 1,Djylian N'Guessan,EUR,3462.0,225000.0,180000.0,2026-09-01,2026-12-31,1.0,180000.0,,LOAN,F,CF,18,France,Brest
37156,Ligue 1,Hamidou Makalou,EUR,3462.0,225000.0,180000.0,2025-03-15,2029-06-30,3.0,540000.0,,ACTIVE,M,DM,20,Mali,Brest
37157,Ligue 1,Alexandre Lauray,EUR,3462.0,225000.0,180000.0,2025-06-19,2027-06-30,1.0,180000.0,,ACTIVE,M,DM,29,France,Le Mans
37158,Ligue 1,Dame Gueye,EUR,3462.0,225000.0,180000.0,2023-07-11,2027-06-30,1.0,180000.0,,ACTIVE,F,CF,31,Senegal,Le Mans
37159,Ligue 1,Daouda Traoré,EUR,3462.0,225000.0,180000.0,2026-08-06,2027-06-30,1.0,180000.0,,LOAN,M,CM,20,France,Le Mans
37160,Ligue 1,Jean Vercruysse,EUR,3462.0,225000.0,180000.0,2026-07-17,2028-06-30,2.0,360000.0,,ACTIVE,M,CM,26,France,Le Mans
37161,Ligue 1,Nicolas Kocik,EUR,3462.0,225000.0,180000.0,2024-05-31,2027-06-30,1.0,180000.0,,ACTIVE,K,GK,28,France,Le Mans
37162,Ligue 1,William Harhouz,EUR,3462.0,225000.0,180000.0,2025-07-16,2028-06-30,2.0,360000.0,,ACTIVE,F,CF,26,France,Le Mans
37163,Ligue 1,Nosa Edward Obaretin,EUR,3462.0,225000.0,180000.0,2026-08-25,2027-06-30,1.0,180000.0,,LOAN,D,CB,23,Italy,Lorient
37164,Ligue 1,Djibril Coulibaly,EUR,3462.0,225000.0,180000.0,2025-07-01,2028-06-30,2.0,360000.0,,ACTIVE,M,CM,17,France,Nice
37165,Ligue 1,Omar Sissoko,EUR,3462.0,225000.0,180000.0,2024-07-01,2027-06-30,1.0,180000.0,,ACTIVE,F,CF,20,France,Paris FC
37166,Ligue 1,Hillel Konaté,EUR,3462.0,225000.0,180000.0,2026-08-20,2028-06-30,2.0,360000.0,,ACTIVE,K,GK,31,Burkina Faso,Troyes
37167,Ligue 1,Zacharie Boucher,EUR,3462.0,225000.0,180000.0,2024-07-01,2027-06-30,1.0,180000.0,,ACTIVE,K,GK,34,France,Troyes
37168,Ligue 1,Raphaël Le Guen,EUR,3077.0,201000.0,160000.0,2026-01-21,2029-06-30,3.0,480000.0,,ACTIVE,D,CB,20,France,Brest
37169,Ligue 1,Ryan Rodin,EUR,3077.0,201000.0,160000.0,2025-01-01,2028-06-30,2.0,320000.0,,ACTIVE,F,CF,20,France,Auxerre
37170,Ligue 1,Oumar Pona,EUR,3077.0,201000.0,160000.0,2025-07-01,2027-06-30,1.0,160000.0,,ACTIVE,K,GK,20,Mali,Angers
37171,Ligue 1,Daren Mosengo,EUR,3077.0,201000.0,160000.0,2025-07-01,2027-06-30,1.0,160000.0,,ACTIVE,M,DM,20,France,Le Havre
37172,Ligue 1,Elías Legendre Quiñónez,EUR,3077.0,201000.0,160000.0,2025-12-03,2029-06-30,3.0,480000.0,,ACTIVE,F,RW,18,Ecuador,Rennes
37173,Ligue 1,Kyllian Antonio,EUR,2885.0,186000.0,150000.0,2025-07-01,2028-06-30,2.0,300000.0,,ACTIVE,D,CB,18,France,Lens
37174,Ligue 1,Louis Mezerette,EUR,2885.0,186000.0,150000.0,2025-07-01,2028-06-30,2.0,300000.0,,ACTIVE,K,GK,20,France,Auxerre
37175,Ligue 1,Rayan Bamba,EUR,2885.0,186000.0,150000.0,2026-07-30,2027-06-30,1.0,150000.0,,LOAN,D,RB,22,France,Le Mans
37176,Ligue 1,Anis Ouzenadji,EUR,2885.0,186000.0,150000.0,2025-08-01,2027-06-30,1.0,150000.0,,ACTIVE,D,LB,19,France,Troyes
37177,Ligue 1,Guy-Noël Zohouri,EUR,2885.0,186000.0,150000.0,2025-07-01,2027-06-30,1.0,150000.0,,ACTIVE,M,CM,19,Cote d'Ivoire,Le Havre
37178,Ligue 1,Paul Argney,EUR,2885.0,186000.0,150000.0,2024-07-01,2027-06-30,1.0,150000.0,,ACTIVE,K,GK,20,France,Le Havre
37179,Ligue 1,Tom Akpakoun,EUR,2885.0,186000.0,150000.0,2025-07-01,2027-06-30,1.0,150000.0,,ACTIVE,D,CB,21,France,Troyes
37180,Ligue 1,Alvin Petit Dol,EUR,2885.0,186000.0,150000.0,2025-07-01,2027-06-30,1.0,150000.0,,ACTIVE,D,CB,19,France,Auxerre
37181,Ligue 1,Marius Louër,EUR,2885.0,186000.0,150000.0,2025-07-01,2028-06-30,2.0,300000.0,,ACTIVE,D,RB,19,France,Angers
37182,Ligue 1,Edwin Quarshie,EUR,2885.0,186000.0,150000.0,2022-07-01,2027-06-30,1.0,150000.0,,ACTIVE,M,CM,30,France,Le Mans
37183,Ligue 1,Théo Eyoum,EUR,2885.0,186000.0,150000.0,2025-06-25,2028-06-30,2.0,300000.0,,ACTIVE,D,CB,24,France,Le Mans
37184,Ligue 1,Roman Murcy,EUR,2500.0,162000.0,130000.0,2026-05-14,2029-06-30,3.0,390000.0,,ACTIVE,M,DM,20,France,Troyes
37185,Ligue 1,Amadou Diakité,EUR,2500.0,162000.0,130000.0,2025-07-01,2027-06-30,1.0,130000.0,,ACTIVE,F,RW,21,France,Troyes
37186,Ligue 1,Tidiane Devernois,EUR,2500.0,162000.0,130000.0,2026-07-01,2030-06-30,4.0,520000.0,,ACTIVE,M,CM,18,France,Auxerre
37187,Ligue 1,Stephan Zagadou,EUR,2500.0,162000.0,130000.0,2025-07-01,2027-06-30,1.0,130000.0,,ACTIVE,D,CB,17,France,Le Havre
37188,Ligue 1,Ilan Jourdren,EUR,2500.0,162000.0,130000.0,2025-07-01,2029-06-30,3.0,390000.0,,ACTIVE,K,GK,18,France,Lens
37189,Ligue 1,Ewan Hatfout,EUR,2500.0,162000.0,130000.0,2026-06-25,2029-06-30,3.0,390000.0,,ACTIVE,K,GK,26,France,Le Mans
37190,Ligue 1,Ibrahim Traoré,EUR,2500.0,162000.0,130000.0,2025-07-01,2027-06-30,1.0,130000.0,,ACTIVE,F,CF,20,France,Troyes
37191,Ligue 1,Elikya Legros,EUR,2115.0,137000.0,110000.0,2026-08-21,2030-06-30,4.0,440000.0,,ACTIVE,D,CB,18,France,Auxerre
37192,Ligue 1,Lucas Calodat,EUR,2115.0,137000.0,110000.0,2024-07-18,2028-06-30,2.0,220000.0,,ACTIVE,D,LB,24,France,Le Mans
37193,Ligue 1,Martin Rossignol,EUR,1731.0,113000.0,90000.0,2025-05-28,2027-06-30,1.0,90000.0,,ACTIVE,M,CM,22,France,Le Mans
37194,Ligue 1,Lucas Bretelle,EUR,1731.0,113000.0,90000.0,2026-06-29,2029-06-30,3.0,270000.0,,ACTIVE,M,DM,24,France,Le Mans
37195,Ligue 1,Augustin Delbecque,EUR,1346.0,88000.0,70000.0,2023-07-01,2027-06-30,1.0,70000.0,,ACTIVE,K,GK,24,France,Le Mans
37196,Ligue 1,Adil Bourabaa,EUR,1346.0,88000.0,70000.0,2026-02-01,2029-06-30,3.0,210000.0,,ACTIVE,M,CM,21,Algeria,Le Mans
37197,Ligue 1,Noa Boissé,EUR,1058.0,69000.0,55000.0,2026-06-04,2029-06-30,3.0,165000.0,,ACTIVE,D,CB,20,France,Le Mans
37198,Ligue 1,Justin Bengui,EUR,,,,2025-01-20,2028-06-30,2.0,,,ACTIVE,K,GK,21,France,Lyon
37199,Ligue 1,Pablo Pagis,EUR,,,,2026-07-17,2031-06-30,5.0,,,ACTIVE,F,LW,23,France,Paris FC
37200,Ligue 1,Patrick Zabi,EUR,,,,2026-07-01,2027-06-30,1.0,,,ACTIVE,M,CM,19,Cote d'Ivoire,Paris FC
37201,Ligue 1,Julien Duranville,EUR,,,,2026-07-02,2031-06-30,5.0,,,ACTIVE,F,LW,20,Belgium,Lyon
37202,Ligue 1,Felix Bacher,EUR,,,,2026-08-02,2031-06-30,5.0,,,ACTIVE,D,CB,25,Austria,Lyon
37203,Ligue 1,Srdjan Kuzmic,EUR,,,,2026-08-31,2030-06-30,4.0,,,ACTIVE,D,LB,22,Slovenia,Lorient
37204,Ligue 1,Gabin Bernardeau,EUR,,,,2026-07-09,2030-06-30,4.0,,,ACTIVE,F,AM,20,France,Lorient
37205,Ligue 1,Alec Georgen,EUR,,,,2026-07-01,2029-06-30,3.0,,,ACTIVE,D,RB,27,France,Lorient
37206,Ligue 1,Tanguy Nianzou,EUR,,,,2026-07-18,2028-06-30,2.0,,,ACTIVE,D,CB,24,France,Lille
37207,Ligue 1,Soriba Diaoune,EUR,,,,2025-07-23,2028-06-30,2.0,,,ACTIVE,F,LW,19,France,Lille
37208,Ligue 1,Alessandro Longoni,EUR,,,,2026-07-06,2031-06-30,5.0,,,ACTIVE,K,GK,18,Italy,PSG
37209,Ligue 1,Orlando Gill,EUR,,,,2026-08-26,2031-06-30,5.0,,,ACTIVE,K,GK,26,Paraguay,Lille
37210,Ligue 1,Maurits Kjærgaard,EUR,,,,2026-09-01,2031-06-30,5.0,,,ACTIVE,M,CM,23,Denmark,Lille
37211,Ligue 1,Loun Srdanovic,EUR,,,,2026-07-06,2030-06-30,4.0,,,ACTIVE,D,RB,20,Switzerland,Lille
37212,Ligue 1,Isaac Cossier,EUR,,,,2026-07-17,2030-06-30,4.0,,,ACTIVE,D,CB,19,France,Lille
37213,Ligue 1,Başar Önal,EUR,,,,2026-07-08,2030-06-30,4.0,,,ACTIVE,F,LW,22,Turkey,Lille
37214,Ligue 1,Ayase Ueda,EUR,,,,2026-08-31,2030-06-30,4.0,,,ACTIVE,F,CF,28,Japan,Lille
37215,Ligue 1,Yassine Titraoui,EUR,,,,2026-08-03,2031-06-30,5.0,,,ACTIVE,M,CM,23,Algeria,Lens
37216,Ligue 1,Thorgan Hazard,EUR,,,,2026-07-13,2028-06-30,2.0,,,ACTIVE,F,AM,33,Belgium,Lens
37217,Ligue 1,Souleymane Sagnan,EUR,,,,2026-07-16,2030-06-30,4.0,,,ACTIVE,D,CB,21,Mali,Lens
37218,Ligue 1,Lucas Digne,EUR,,,,2026-08-09,2029-06-30,3.0,,,ACTIVE,D,LB,33,France,PSG
37219,Ligue 1,Saud Abdulhamid,EUR,,,,2026-07-01,2029-06-30,3.0,,,ACTIVE,D,RB,27,Saudi Arabia,Lens
37220,Ligue 1,Maghnes Akliouche,EUR,,,,2026-08-06,2031-06-30,5.0,,,ACTIVE,F,RW,24,France,PSG
37221,Ligue 1,Régis Gurtner,EUR,,,,2026-07-13,2027-06-30,1.0,,,ACTIVE,K,GK,39,France,Lens
37222,Ligue 1,Michal Skoras,EUR,,,,2026-07-14,2031-06-30,5.0,,,ACTIVE,F,LW,26,Poland,Lens
37223,Ligue 1,Mika Godts,EUR,,,,2026-08-15,2031-06-30,5.0,,,ACTIVE,F,LW,21,Belgium,PSG
37224,Ligue 1,Michaël Cuisance,EUR,,,,2026-07-01,2030-06-30,4.0,,,ACTIVE,M,CM,27,France,Lens
37225,Ligue 1,Mezian Mesloub,EUR,,,,2026-07-01,2027-06-30,1.0,,,ACTIVE,M,CM,16,Portugal,Lens
37226,Ligue 1,Mathieu Gorgelin,EUR,,,,2026-07-13,2027-06-30,1.0,,,ACTIVE,K,GK,36,France,Lens
37227,Ligue 1,Maik Nawrocki,EUR,,,,2026-07-17,2030-06-30,4.0,,,ACTIVE,D,CB,25,Poland,Lens
37228,Ligue 1,Yasser Larouci,EUR,,,,2026-07-14,2029-06-30,3.0,,,ACTIVE,D,LB,25,Algeria,Le Mans
37229,Ligue 1,Adrien Thomasson,EUR,,,,2026-07-01,2029-06-30,3.0,,,ACTIVE,M,CM,32,France,Rennes
37230,Ligue 1,Raúl Torrente,EUR,,,,2026-08-19,2027-06-30,1.0,,,LOAN,D,CB,24,Spain,Le Mans
37231,Ligue 1,Arnaud Nordin,EUR,,,,2026-07-01,2029-06-30,3.0,,,ACTIVE,F,RW,28,France,Rennes
37232,Ligue 1,Bryan Reynolds,EUR,,,,2026-07-09,2030-06-30,4.0,,,ACTIVE,D,RB,25,United States,Rennes
37233,Ligue 1,Louis Mafouta,EUR,,,,2026-07-11,2028-06-30,2.0,,,ACTIVE,F,CF,32,Central African Republic,Le Mans
37234,Ligue 1,Eliezer Mayenda,EUR,,,,2026-07-05,2031-06-30,5.0,,,ACTIVE,F,CF,21,Spain,Rennes
37235,Ligue 1,Habib Diallo,EUR,,,,2026-09-01,2029-06-30,3.0,,,ACTIVE,F,CF,31,Senegal,Le Mans
37236,Ligue 1,Gonçalo Oliveira,EUR,,,,2026-07-01,2031-06-30,5.0,,,ACTIVE,D,CB,20,Portugal,Rennes
37237,Ligue 1,Issa Soumaré,EUR,,,,2026-07-01,2030-06-30,4.0,,,ACTIVE,F,LW,25,Senegal,Rennes
37239,Ligue 1,Enzo Vagner,EUR,,,,2026-08-19,2027-06-30,1.0,,,ACTIVE,F,CF,20,Brazil,Le Mans
37240,Ligue 1,Djibril Sidibé,EUR,,,,2026-08-18,2028-06-30,2.0,,,ACTIVE,D,RB,34,France,Le Mans
37241,Ligue 1,Billal Brahimi,EUR,,,,2026-07-06,2028-06-30,2.0,,,ACTIVE,F,RW,26,Algeria,Le Mans
37242,Ligue 1,Nicolas Lemaître,EUR,,,,2026-07-01,2028-06-30,2.0,,,ACTIVE,K,GK,29,France,Rennes
37243,Ligue 1,Vincent Sasso,EUR,,,,2026-07-13,2027-06-30,1.0,,,ACTIVE,D,CB,35,France,Le Havre
37244,Ligue 1,Timothée Pembélé,EUR,,,,2026-07-16,2029-06-30,3.0,,,ACTIVE,D,RB,23,France,Le Havre
37245,Ligue 1,Sota Nakamura,EUR,,,,2026-07-17,2027-06-30,1.0,,,ACTIVE,F,CF,23,Japan,Le Havre
37246,Ligue 1,Benjamin Brantlind,EUR,,,,2026-07-04,2031-06-30,5.0,,,ACTIVE,F,AM,18,Sweden,Strasbourg
37247,Ligue 1,Kaito Mizuta,EUR,,,,2026-07-07,2029-06-30,3.0,,,ACTIVE,F,AM,26,Japan,Le Havre
37248,Ligue 1,Deivid Washington,EUR,,,,2026-09-01,2031-06-30,5.0,,,ACTIVE,F,CF,21,Brazil,Strasbourg
37249,Ligue 1,Diogo Sousa,EUR,,,,2026-07-01,2031-06-30,5.0,,,ACTIVE,M,DM,20,Portugal,Strasbourg
37250,Ligue 1,Fábio Baldé,EUR,,,,2026-08-14,2031-06-30,5.0,,,ACTIVE,F,LW,21,Portugal,Strasbourg
37251,Ligue 1,Junior Mwanga,EUR,,,,2026-07-29,2030-06-30,4.0,,,ACTIVE,M,DM,23,France,Le Havre
37252,Ligue 1,Genesis Antwi,EUR,,,,2026-08-03,2027-06-30,1.0,,,ACTIVE,D,RB,19,Sweden,Strasbourg
37253,Ligue 1,Josh Maja,EUR,,,,2026-07-31,2027-06-30,1.0,,,ACTIVE,F,CF,27,Nigeria,Le Havre
37254,Ligue 1,Giovanni Reyna,EUR,,,,2026-08-04,2031-06-30,5.0,,,ACTIVE,F,AM,23,United States,Strasbourg
37255,Ligue 1,Hermann Malonga,EUR,,,,2026-08-12,2031-06-30,5.0,,,ACTIVE,D,CB,18,France,Strasbourg
37256,Ligue 1,Joan Tincrès,EUR,,,,2026-07-30,2030-06-30,4.0,,,ACTIVE,F,CF,20,France,Le Havre
37257,Ligue 1,Jacobo Ortega,EUR,,,,2026-08-17,2031-06-30,5.0,,,ACTIVE,F,CF,20,Spain,Strasbourg
37258,Ligue 1,Jeyland Mitchell,EUR,,,,2026-08-19,2031-06-30,5.0,,,ACTIVE,D,CB,21,Costa Rica,Strasbourg
37259,Ligue 1,Ismaïl Bouneb,EUR,,,,2024-07-03,2028-06-30,2.0,,,ACTIVE,F,AM,20,France,Le Havre
37260,Ligue 1,Karim Coulibaly,EUR,,,,2026-08-21,2031-06-30,5.0,,,ACTIVE,D,CB,19,Germany,Strasbourg
37261,Ligue 1,Gauthier Gallon,EUR,,,,2026-08-26,2027-06-30,1.0,,,ACTIVE,K,GK,33,France,Le Havre
37262,Ligue 1,Mateo Del Blanco,EUR,,,,2026-07-08,2031-06-30,5.0,,,ACTIVE,D,LB,22,Argentina,Strasbourg
37263,Ligue 1,Enzo Koffi,EUR,,,,2023-02-01,2027-06-30,1.0,,,ACTIVE,D,LB,20,France,Le Havre
37264,Ligue 1,Milosz Piekutowski,EUR,,,,2026-07-06,2031-06-30,5.0,,,ACTIVE,K,GK,20,Poland,Strasbourg
37265,Ligue 1,Omari Kellyman,EUR,,,,2026-08-25,2031-06-30,5.0,,,ACTIVE,F,AM,20,England,Strasbourg
37266,Ligue 1,Oso,EUR,,,,2026-08-30,2031-06-30,5.0,,,ACTIVE,F,LW,23,Spain,Strasbourg
37267,Ligue 1,Elysée Logbo,EUR,,,,2025-03-07,2027-06-30,1.0,,,ACTIVE,F,CF,22,France,Le Havre
37268,Ligue 1,Djibril Ouziad,EUR,,,,2026-07-01,2030-06-30,4.0,,,ACTIVE,D,RB,17,France,Le Havre
37269,Ligue 1,Ahmed Touba,EUR,,,,2026-08-27,2027-06-30,1.0,,,ACTIVE,D,CB,28,Algeria,Le Havre
37270,Ligue 1,Romain Cagnon,EUR,,,,2026-08-19,2027-06-30,1.0,,,ACTIVE,K,GK,29,France,Brest
37271,Ligue 1,Yaya Diémé,EUR,,,,2026-01-05,2030-06-30,4.0,,,ACTIVE,F,RW,18,Senegal,Strasbourg
37272,Ligue 1,Noé Poillion,EUR,,,,2026-07-02,2029-06-30,3.0,,,ACTIVE,K,GK,19,France,Brest
37273,Ligue 1,Mathieu Patouillet,EUR,,,,2026-08-26,2029-06-30,3.0,,,ACTIVE,K,GK,22,France,Brest
37274,Ligue 1,Aymen Amaaouch,EUR,,,,2026-07-01,2029-07-01,3.0,,,ACTIVE,M,CM,16,France,Toulouse
37275,Ligue 1,Casper Tengstedt,EUR,,,,2026-08-31,2027-06-30,1.0,,,ACTIVE,F,CF,26,Denmark,Toulouse
37276,Ligue 1,Christ Tapé,EUR,,,,2026-07-09,2030-06-30,4.0,,,ACTIVE,D,LB,20,Cote d'Ivoire,Toulouse
37277,Ligue 1,Mamady Diambou,EUR,,,,2026-08-13,2028-06-30,2.0,,,ACTIVE,M,DM,23,Mali,Brest
37278,Ligue 1,Joseph Nonge,EUR,,,,2026-08-05,2029-06-30,3.0,,,ACTIVE,M,CM,21,Belgium,Brest
37279,Ligue 1,Giovani Versini,EUR,,,,2026-09-02,2030-06-30,4.0,,,ACTIVE,F,RW,22,France,Brest
37280,Ligue 1,Ilyas Azizi,EUR,,,,2026-05-22,2029-06-30,3.0,,,ACTIVE,F,LW,18,France,Toulouse
37281,Ligue 1,Ismaïl Diallo,EUR,,,,2026-07-01,2030-06-30,4.0,,,ACTIVE,D,RB,23,France,Toulouse
37282,Ligue 1,Gautier Lloris,EUR,,,,2026-08-12,2028-06-30,2.0,,,ACTIVE,D,CB,31,France,Brest
37283,Ligue 1,Xiangxin Wei,EUR,,,,2026-07-09,2031-06-30,5.0,,,ACTIVE,F,CF,18,China,Auxerre
37284,Ligue 1,Sékou Fofana,EUR,,,,2026-07-08,2030-06-30,4.0,,,ACTIVE,D,LB,23,France,Auxerre
37285,Ligue 1,Mathys Niflore,EUR,,,,2025-07-01,2029-06-30,3.0,,,ACTIVE,K,GK,19,France,Toulouse
37286,Ligue 1,Niko Sigur,EUR,,,,2026-09-01,2027-06-30,1.0,,,ACTIVE,M,DM,22,Canada,Toulouse
37287,Ligue 1,Rayan Mandengue,EUR,,,,2026-07-01,2028-06-30,2.0,,,ACTIVE,F,LW,20,Cameroon,Auxerre
37288,Ligue 1,Paul Nardi,EUR,,,,2026-07-22,2028-06-30,2.0,,,ACTIVE,K,GK,32,France,Auxerre
37289,Ligue 1,Mamadou Diop,EUR,,,,2026-07-06,2030-06-30,4.0,,,ACTIVE,K,GK,26,Mauritania,Auxerre
37290,Ligue 1,Sion Oppong,EUR,,,,2026-08-07,2030-06-30,4.0,,,ACTIVE,F,LW,18,Sweden,Toulouse
37291,Ligue 1,Thomas Jørgensen,EUR,,,,2026-08-19,2030-06-30,4.0,,,ACTIVE,M,CM,20,Denmark,Toulouse
37292,Ligue 1,Lamfia Dioubaté,EUR,,,,2026-07-01,2029-06-30,3.0,,,ACTIVE,M,DM,19,France,Auxerre
37293,Ligue 1,Josué Casimir,EUR,,,,2025-07-01,2028-06-30,2.0,,,INACTIVE,F,RW,24,Haiti,Auxerre
37294,Ligue 1,Christ Makosso,EUR,,,,2026-07-15,2030-06-30,4.0,,,ACTIVE,D,CB,22,Congo,Auxerre
37295,Ligue 1,Dermane Karim,EUR,,,,2026-08-21,2029-06-30,3.0,,,ACTIVE,F,AM,22,Togo,Troyes
37296,Ligue 1,Anthony Lopes,EUR,,,,2026-07-01,2028-06-30,2.0,,,ACTIVE,K,GK,35,Portugal,Angers
37297,Ligue 1,Axel Tuanzebe,EUR,,,,2026-09-01,2027-06-30,1.0,,,ACTIVE,D,CB,28,Democratic Republic of the Congo,Auxerre
37298,Ligue 1,Iron Gomis,EUR,,,,2026-07-16,2028-06-30,2.0,,,ACTIVE,M,CM,26,France,Troyes
37299,Ligue 1,Arthur Piedfort,EUR,,,,2026-07-01,2030-06-30,4.0,,,ACTIVE,M,DM,21,Belgium,Auxerre
37300,Ligue 1,Ackah-Tidiane Zoukrou,EUR,,,,2026-07-21,2029-06-30,3.0,,,ACTIVE,D,LB,17,France,Auxerre
37301,Ligue 1,Usman Simbakoli,EUR,,,,2026-07-03,2029-06-30,3.0,,,ACTIVE,F,CF,24,Central African Republic,Angers
37302,Ligue 1,Lanroy Machine,EUR,,,,2025-07-01,2028-06-30,2.0,,,INACTIVE,F,CF,20,France,Angers
37303,Ligue 1,Joseph Kalulu,EUR,,,,2026-08-19,2030-06-30,4.0,,,ACTIVE,D,LB,21,France,Angers
37304,Ligue 1,Patrick Beach,EUR,,,,2026-07-19,2031-06-30,5.0,,,ACTIVE,K,GK,23,Australia,Troyes
37305,Ligue 1,Branco van den Boomen,EUR,,,,2026-07-11,2029-06-30,3.0,,,ACTIVE,M,CM,31,Netherlands,Angers
37306,Ligue 1,Bané Diatta,EUR,,,,2026-08-14,2030-06-30,4.0,,,ACTIVE,F,AM,18,France,Angers
37307,Ligue 1,Issiaga Camara,EUR,,,,2024-08-29,2027-06-30,1.0,,,ACTIVE,M,CM,21,Guinea,Nice
37308,Ligue 1,Kevin Carlos,EUR,,,,2025-08-18,2030-06-30,4.0,,,INACTIVE,F,CF,25,Spain,Nice
37309,Ligue 1,Martin Ponsot,EUR,,,,2026-07-01,2027-06-30,1.0,,,ACTIVE,K,GK,17,France,Nice
37310,Ligue 1,Laurent Abergel,EUR,,,,2026-07-02,2029-06-30,3.0,,,ACTIVE,M,DM,33,France,Nice
37311,Ligue 1,Hamza Koutoune,EUR,,,,2025-07-01,2028-06-30,2.0,,,ACTIVE,D,RB,19,Morocco,Nice
37312,Ligue 1,Gauthier Hein,EUR,,,,2026-08-04,2029-06-30,3.0,,,ACTIVE,F,RW,30,France,Nice
37313,Ligue 1,Everton,EUR,,,,2026-03-16,2029-06-30,3.0,,,ACTIVE,M,DM,19,France,Nice
37314,Ligue 1,Axel Witsel,EUR,,,,2026-08-18,2027-06-30,1.0,,,ACTIVE,M,DM,37,Belgium,Nice
37315,Ligue 1,Nassim Laarej,EUR,,,,2026-07-01,2027-06-30,1.0,,,ACTIVE,M,CM,17,France,Nice
37316,Ligue 1,Nathan N'Goumou,EUR,,,,2026-08-17,2027-06-30,1.0,,,ACTIVE,F,RW,26,Cameroon,Nice
37317,Ligue 1,Samuel Nibombe,EUR,,,,2025-03-18,2027-06-30,1.0,,,ACTIVE,D,CB,19,Belgium,Monaco
37318,Ligue 1,Sadibou Sané,EUR,,,,2026-07-07,2031-06-30,5.0,,,ACTIVE,D,CB,22,Senegal,Monaco
37319,Ligue 1,Pape Cabral,EUR,,,,2026-08-05,2031-06-30,5.0,,,ACTIVE,M,CM,19,France,Monaco
37320,Ligue 1,Teddy Boulhendi,EUR,,,,2025-08-08,2027-06-30,1.0,,,ACTIVE,K,GK,25,Algeria,Nice
37321,Ligue 1,Xavier Mandza,EUR,,,,2026-07-06,2029-06-30,3.0,,,ACTIVE,M,DM,17,France,Nice
37322,Ligue 1,Nazinho,EUR,,,,2026-07-01,2030-06-30,4.0,,,ACTIVE,D,LB,23,Portugal,Monaco
37323,Ligue 1,Matthis Abline,EUR,,,,2026-07-30,2031-06-30,5.0,,,ACTIVE,F,CF,23,France,Monaco
37324,Ligue 1,Zoumana Diallo,EUR,,,,2026-06-09,2027-06-30,1.0,,,ACTIVE,F,CF,21,France,Nice
37325,Ligue 1,Mathys Detourbet,EUR,,,,2026-07-02,2027-06-30,1.0,,,LOAN,F,LW,19,France,Monaco
37326,Ligue 1,Ansu Fati,EUR,,,,2026-07-01,2030-06-30,4.0,,,ACTIVE,F,LW,23,Spain,Monaco
37327,Ligue 1,Emmanuel Mbemba,EUR,,,,2026-07-16,2030-06-30,4.0,,,ACTIVE,D,LB,18,France,Paris FC
37328,Ligue 1,Théo Vermot,EUR,,,,2026-07-01,2027-06-30,1.0,,,ACTIVE,K,GK,29,France,Marseille
37329,Ligue 1,Tadjidine Mmadi,EUR,,,,2026-01-26,2029-06-30,3.0,,,ACTIVE,F,LW,19,France,Marseille
37330,Ligue 1,Leonardo Balerdi,EUR,,,,2024-08-16,2028-06-30,2.0,,,INACTIVE,D,CB,27,Argentina,Marseille
37331,Ligue 1,Keyliane Abdallah,EUR,,,,2026-07-01,2028-06-30,2.0,,,ACTIVE,F,RW,20,France,Marseille
37332,Ligue 1,Steeve Kango,EUR,,,,2026-07-07,2029-06-30,3.0,,,ACTIVE,D,RB,19,France,Lyon
37333,Ligue 1,Lassine Sinayoko,EUR,,,,2026-07-21,2029-06-30,3.0,,,ACTIVE,F,CF,26,Mali,Paris FC
37334,Ligue 1,Luca Koleosho,EUR,,,,2026-07-29,2031-06-30,5.0,,,ACTIVE,F,RW,21,Italy,Paris FC
37335,Ligue 1,Mohamed Ouédraogo,EUR,,,,2026-07-03,2031-06-30,5.0,,,ACTIVE,D,LB,23,Burkina Faso,Lyon
37336,Ligue 1,Matt Turner,EUR,,,,2025-08-01,2028-06-30,2.0,,,INACTIVE,K,GK,32,United States,Lyon
37337,Ligue 1,Mads Bidstrup,EUR,,,,2026-07-01,2031-06-30,5.0,,,ACTIVE,M,CM,25,Denmark,Lyon
37338,Ligue 1,Keito Nakamura,EUR,,,,2026-09-02,2030-06-30,4.0,,,ACTIVE,F,LW,26,Japan,Lyon
37339,Ligue 1,Kaïl Boudache,EUR,,,,2026-07-01,2031-06-30,5.0,,,ACTIVE,F,RW,20,Algeria,Lyon
37340,La Liga,Kylian Mbappé,EUR,600962.0,71670000.0,31250000.0,2024-07-01,2029-06-30,3.0,93750000.0,,ACTIVE,F,CF,27,France,Real Madrid
37341,La Liga,Vinicius Junior,EUR,600962.0,50000000.0,31250000.0,2026-08-06,2032-06-30,6.0,187500000.0,1000000000.0,ACTIVE,F,LW,26,Brazil,Real Madrid
37342,La Liga,Rodri,EUR,520769.0,35210000.0,27080000.0,2026-08-18,2030-06-30,4.0,108320000.0,,ACTIVE,M,DM,30,Spain,Barcelona
37343,La Liga,Lamine Yamal,EUR,440769.0,33340000.0,22920000.0,2025-05-27,2031-06-30,5.0,114600000.0,1000000000.0,ACTIVE,F,RW,19,Spain,Barcelona
37344,La Liga,Jan Oblak,EUR,400577.0,27080000.0,20830000.0,2022-07-20,2028-06-30,2.0,41660000.0,,ACTIVE,K,GK,33,Slovenia,Atletico Madrid
37345,La Liga,Jude Bellingham,EUR,400577.0,25000000.0,20830000.0,2023-07-01,2029-06-30,3.0,62490000.0,1000000000.0,ACTIVE,F,AM,23,England,Real Madrid
37346,La Liga,Nico Williams,EUR,330577.0,21360000.0,17190000.0,2025-07-04,2035-06-30,9.0,154710000.0,100000000.0,ACTIVE,F,LW,24,Spain,Athletic Club
37347,La Liga,Raphinha,EUR,320577.0,21670000.0,16670000.0,2025-05-22,2028-06-30,2.0,33340000.0,1000000000.0,ACTIVE,F,LW,29,Brazil,Barcelona
37348,La Liga,Ibrahima Konaté,EUR,320577.0,20840000.0,16670000.0,2026-07-01,2030-06-30,4.0,66680000.0,,ACTIVE,D,CB,27,France,Real Madrid
37349,La Liga,Federico Valverde,EUR,320577.0,20840000.0,16670000.0,2023-11-09,2029-06-30,3.0,50010000.0,1000000000.0,ACTIVE,M,CM,28,Uruguay,Real Madrid
37350,La Liga,Rodrygo,EUR,320577.0,20840000.0,16670000.0,2023-11-02,2028-06-30,2.0,33340000.0,1000000000.0,ACTIVE,F,RW,25,Brazil,Real Madrid
37351,La Liga,Trent Alexander-Arnold,EUR,320577.0,31670000.0,16670000.0,2025-06-01,2031-06-30,5.0,83350000.0,,ACTIVE,D,RB,27,England,Real Madrid
37352,La Liga,Bernardo Silva,EUR,308462.0,24170000.0,16040000.0,2026-07-01,2028-06-30,2.0,32080000.0,,ACTIVE,F,AM,32,Portugal,Real Madrid
37353,La Liga,Jules Koundé,EUR,300577.0,20320000.0,15630000.0,2025-08-15,2030-06-30,4.0,62520000.0,1000000000.0,ACTIVE,D,RB,27,France,Barcelona
37354,La Liga,Dani Olmo,EUR,300577.0,20320000.0,15630000.0,2024-08-09,2030-06-30,4.0,62520000.0,500000000.0,ACTIVE,F,AM,28,Spain,Barcelona
37355,La Liga,Thibaut Courtois,EUR,288462.0,18750000.0,15000000.0,2025-06-19,2027-06-30,1.0,15000000.0,700000000.0,ACTIVE,K,GK,34,Belgium,Real Madrid
37356,La Liga,Julián Alvarez,EUR,280385.0,18960000.0,14580000.0,2024-08-12,2030-06-30,4.0,58320000.0,500000000.0,ACTIVE,F,CF,26,Argentina,Atletico Madrid
37357,La Liga,Marc Cucurella,EUR,280385.0,18230000.0,14580000.0,2026-07-01,2032-06-30,6.0,87480000.0,,ACTIVE,D,LB,28,Spain,Real Madrid
37358,La Liga,Antonio Rüdiger,EUR,280385.0,18750000.0,14580000.0,2026-06-16,2027-06-30,1.0,14580000.0,400000000.0,ACTIVE,D,CB,33,Germany,Real Madrid
37359,La Liga,Éder Militão,EUR,280385.0,18230000.0,14580000.0,2024-01-23,2028-06-30,2.0,29160000.0,1000000000.0,ACTIVE,D,CB,28,Brazil,Real Madrid
37360,La Liga,Marc-André ter Stegen,EUR,280385.0,18960000.0,14580000.0,2023-08-25,2028-06-30,2.0,29160000.0,,INACTIVE,K,GK,34,Germany,Barcelona
37361,La Liga,Frenkie de Jong,EUR,250385.0,18020000.0,13020000.0,2025-10-15,2029-06-30,3.0,39060000.0,500000000.0,ACTIVE,M,CM,29,Netherlands,Barcelona
37362,La Liga,Pedri,EUR,240385.0,16250000.0,12500000.0,2025-01-30,2030-06-30,4.0,50000000.0,1000000000.0,ACTIVE,M,CM,23,Spain,Barcelona
37363,La Liga,Eduardo Camavinga,EUR,240385.0,15630000.0,12500000.0,2023-11-07,2029-06-30,3.0,37500000.0,1000000000.0,ACTIVE,M,CM,23,France,Real Madrid
37364,La Liga,Ademola Lookman,EUR,240385.0,16250000.0,12500000.0,2026-02-02,2030-06-30,4.0,50000000.0,,ACTIVE,F,LW,28,Nigeria,Atletico Madrid
37365,La Liga,Cristian Romero,EUR,240385.0,16250000.0,12500000.0,2026-08-15,2031-06-30,5.0,62500000.0,,ACTIVE,D,CB,28,Argentina,Atletico Madrid
37366,La Liga,Karim Adeyemi,EUR,240385.0,16250000.0,12500000.0,2026-07-23,2031-06-30,5.0,62500000.0,,ACTIVE,F,RW,24,Germany,Barcelona
37367,La Liga,Aurélien Tchouaméni,EUR,240385.0,15630000.0,12500000.0,2022-07-01,2028-06-30,2.0,25000000.0,1000000000.0,ACTIVE,M,DM,26,France,Real Madrid
37368,La Liga,Gabriel Jesus,EUR,232308.0,15710000.0,12080000.0,2026-09-01,2029-06-30,3.0,36240000.0,,ACTIVE,F,CF,29,Brazil,Barcelona
37369,La Liga,Anthony Gordon,EUR,232308.0,15710000.0,12080000.0,2026-07-01,2031-06-30,5.0,60400000.0,,ACTIVE,F,LW,25,England,Barcelona
37370,La Liga,Iñaki Williams,EUR,219231.0,14250000.0,11400000.0,2019-08-12,2028-06-30,2.0,22800000.0,135000000.0,ACTIVE,F,RW,32,Ghana,Athletic Club
37371,La Liga,Fermín López,EUR,200385.0,13550000.0,10420000.0,2026-01-30,2031-06-30,5.0,52100000.0,500000000.0,ACTIVE,F,AM,23,Spain,Barcelona
37372,La Liga,Ferland Mendy,EUR,200385.0,13020000.0,10420000.0,2019-07-01,2028-06-30,2.0,20840000.0,,ACTIVE,D,LB,31,France,Real Madrid
37373,La Liga,Aymeric Laporte,EUR,200385.0,13020000.0,10420000.0,2025-09-01,2028-06-30,2.0,20840000.0,,ACTIVE,D,CB,32,Spain,Athletic Club
37374,La Liga,Yan Diomande,EUR,200385.0,13020000.0,10420000.0,2026-08-06,2033-06-30,7.0,72940000.0,,ACTIVE,F,RW,19,Cote d'Ivoire,Real Madrid
37375,La Liga,Denzel Dumfries,EUR,200385.0,13020000.0,10420000.0,2026-07-05,2030-06-30,4.0,41680000.0,,ACTIVE,D,RB,30,Netherlands,Real Madrid
37376,La Liga,Dean Huijsen,EUR,180385.0,11730000.0,9380000.0,2025-06-01,2030-06-30,4.0,37520000.0,,ACTIVE,D,CB,21,Spain,Real Madrid
37377,La Liga,Gavi,EUR,180385.0,12190000.0,9380000.0,2025-01-31,2030-06-30,4.0,37520000.0,1000000000.0,ACTIVE,M,CM,22,Spain,Barcelona
37378,La Liga,João Cancelo,EUR,180385.0,12190000.0,9380000.0,2026-08-20,2029-06-30,3.0,28140000.0,,ACTIVE,D,RB,32,Portugal,Barcelona
37379,La Liga,Álvaro Carreras,EUR,172308.0,11210000.0,8960000.0,2025-07-14,2031-06-30,5.0,44800000.0,,ACTIVE,D,LB,23,Spain,Real Madrid
37380,La Liga,Álex Baena,EUR,160192.0,10830000.0,8330000.0,2025-07-02,2030-06-30,4.0,33320000.0,,ACTIVE,F,LW,25,Spain,Atletico Madrid
37381,La Liga,Morten Hjulmand,EUR,160192.0,10830000.0,8330000.0,2026-07-11,2031-06-30,5.0,41650000.0,,ACTIVE,M,DM,27,Denmark,Atletico Madrid
37382,La Liga,Marcos Llorente,EUR,160192.0,10830000.0,8330000.0,2021-08-18,2027-06-30,1.0,8330000.0,120000000.0,ACTIVE,D,RB,31,Spain,Atletico Madrid
37383,La Liga,Unai Simón,EUR,160192.0,10410000.0,8330000.0,2024-05-24,2029-06-30,3.0,24990000.0,,ACTIVE,K,GK,29,Spain,Athletic Club
37384,La Liga,Jonathan David,EUR,160192.0,10830000.0,8330000.0,2026-09-01,2027-06-30,1.0,8330000.0,,LOAN,F,CF,26,Canada,Atletico Madrid
37385,La Liga,Alejandro Grimaldo,EUR,160192.0,10830000.0,8330000.0,2026-07-01,2030-06-30,4.0,33320000.0,,ACTIVE,D,LB,30,Spain,Atletico Madrid
37386,La Liga,Eric García,EUR,154231.0,10430000.0,8020000.0,2025-12-05,2031-06-30,5.0,40100000.0,,ACTIVE,D,CB,25,Spain,Barcelona
37387,La Liga,Brahim Díaz,EUR,140192.0,9100000.0,7290000.0,2019-01-06,2027-06-30,1.0,7290000.0,,ACTIVE,F,RW,27,Morocco,Real Madrid
37388,La Liga,Joan García,EUR,140192.0,9480000.0,7290000.0,2025-07-01,2031-06-30,5.0,36450000.0,,ACTIVE,K,GK,25,Spain,Barcelona
37389,La Liga,Alexander Sörloth,EUR,140192.0,9480000.0,7290000.0,2024-08-03,2028-06-30,2.0,14580000.0,,ACTIVE,F,CF,30,Norway,Atletico Madrid
37390,La Liga,Kang-in Lee,EUR,140192.0,9480000.0,7290000.0,2026-07-25,2031-06-30,5.0,36450000.0,,ACTIVE,F,AM,25,South Korea,Atletico Madrid
37391,La Liga,Dávid Hancko,EUR,128269.0,8670000.0,6670000.0,2025-07-24,2030-06-30,4.0,26680000.0,,ACTIVE,D,CB,28,Slovakia,Atletico Madrid
37392,La Liga,Koke,EUR,128269.0,8670000.0,6670000.0,2026-07-01,2027-06-30,1.0,6670000.0,,ACTIVE,M,CM,34,Spain,Atletico Madrid
37393,La Liga,Pablo Barrios,EUR,120192.0,8130000.0,6250000.0,2025-05-22,2030-06-30,4.0,25000000.0,500000000.0,ACTIVE,M,CM,23,Spain,Atletico Madrid
37394,La Liga,Isco,EUR,120192.0,8130000.0,6250000.0,2025-11-23,2028-06-30,2.0,12500000.0,20000000.0,ACTIVE,F,AM,34,Spain,Real Betis
37395,La Liga,Arda Güler,EUR,120192.0,7540000.0,6250000.0,2023-07-06,2029-06-30,3.0,18750000.0,,ACTIVE,F,AM,21,Turkey,Real Madrid
37396,La Liga,Raúl Asencio,EUR,120192.0,7810000.0,6250000.0,2025-06-14,2031-06-30,5.0,31250000.0,,ACTIVE,D,CB,23,Spain,Real Madrid
37397,La Liga,Mikel Oyarzabal,EUR,120192.0,8130000.0,6250000.0,2023-02-10,2028-06-30,2.0,12500000.0,75000000.0,ACTIVE,F,CF,29,Spain,Real Sociedad
37398,La Liga,Georges Mikautadze,EUR,120192.0,8130000.0,6250000.0,2025-09-01,2031-06-30,5.0,31250000.0,,ACTIVE,F,CF,25,Georgia,Villarreal
37399,La Liga,Antony,EUR,120192.0,8130000.0,6250000.0,2025-09-01,2030-06-30,4.0,25000000.0,,ACTIVE,F,RW,26,Brazil,Real Betis
37400,La Liga,Robin Le Normand,EUR,120192.0,8130000.0,6250000.0,2024-07-27,2029-06-30,3.0,18750000.0,,ACTIVE,D,CB,29,Spain,Atletico Madrid
37401,La Liga,Takefusa Kubo,EUR,104231.0,7050000.0,5420000.0,2024-02-12,2029-06-30,3.0,16260000.0,60000000.0,ACTIVE,F,RW,25,Japan,Real Sociedad
37402,La Liga,Endrick,EUR,100192.0,6520000.0,5210000.0,2024-07-21,2030-06-30,4.0,20840000.0,,ACTIVE,F,CF,20,Brazil,Real Madrid
37403,La Liga,Giovani Lo Celso,EUR,100192.0,6770000.0,5210000.0,2024-08-30,2028-06-30,2.0,10420000.0,,ACTIVE,F,AM,30,Argentina,Real Betis
37404,La Liga,Pape Gueye,EUR,100192.0,6770000.0,5210000.0,2024-07-05,2028-06-30,2.0,10420000.0,,ACTIVE,M,CM,27,Senegal,Villarreal
37405,La Liga,Pau Cubarsí,EUR,100192.0,6770000.0,5210000.0,2025-02-13,2029-06-30,3.0,15630000.0,500000000.0,ACTIVE,D,CB,19,Spain,Barcelona
37406,La Liga,Juan Foyth,EUR,100192.0,6770000.0,5210000.0,2025-08-10,2029-06-30,3.0,15630000.0,,ACTIVE,D,CB,28,Argentina,Villarreal
37407,La Liga,Gerard Moreno,EUR,100192.0,6770000.0,5210000.0,2021-08-09,2027-06-30,1.0,5210000.0,100000000.0,ACTIVE,F,CF,34,Spain,Villarreal
37408,La Liga,Andreas Christensen,EUR,100192.0,9210000.0,5210000.0,2026-07-01,2028-06-30,2.0,10420000.0,500000000.0,ACTIVE,D,CB,30,Denmark,Barcelona
37409,La Liga,Dominik Livakovic,EUR,100192.0,6770000.0,5210000.0,2026-08-27,2030-06-30,4.0,20840000.0,,ACTIVE,K,GK,31,Croatia,Barcelona
37410,La Liga,Dani Ceballos,EUR,92115.0,6230000.0,4790000.0,2026-09-01,2029-06-30,3.0,14370000.0,,ACTIVE,M,CM,30,Spain,Real Betis
37411,La Liga,José Gayà,EUR,88077.0,5830000.0,4580000.0,2022-10-19,2027-06-30,1.0,4580000.0,100000000.0,ACTIVE,D,LB,31,Spain,Valencia
37412,La Liga,Andriy Lunin,EUR,88077.0,5730000.0,4580000.0,2024-09-13,2030-06-30,4.0,18320000.0,,ACTIVE,K,GK,27,Ukraine,Real Madrid
37413,La Liga,Nicolas Pépé,EUR,88077.0,5960000.0,4580000.0,2025-07-16,2028-06-30,2.0,9160000.0,,ACTIVE,F,RW,31,Cote d'Ivoire,Villarreal
37414,La Liga,Yuri Berchiche,EUR,82115.0,5330000.0,4270000.0,2026-06-19,2027-06-30,1.0,4270000.0,100000000.0,ACTIVE,D,LB,36,Spain,Athletic Club
37415,La Liga,Tajon Buchanan,EUR,80192.0,5420000.0,4170000.0,2025-07-29,2030-06-30,4.0,16680000.0,,ACTIVE,F,RW,27,Canada,Villarreal
37416,La Liga,Hugo Duro,EUR,80192.0,5210000.0,4170000.0,2024-07-04,2028-06-30,2.0,8340000.0,,ACTIVE,F,CF,26,Spain,Valencia
37417,La Liga,Fran García,EUR,80192.0,5420000.0,4170000.0,2026-07-08,2030-06-30,4.0,16680000.0,50000000.0,ACTIVE,D,LB,27,Spain,Real Betis
37418,La Liga,Harvey Elliott,EUR,80192.0,5210000.0,4170000.0,2026-09-01,2027-06-30,1.0,4170000.0,,LOAN,F,AM,23,England,Valencia
37419,La Liga,Oihan Sancet,EUR,80192.0,5210000.0,4170000.0,2023-04-01,2032-06-30,6.0,25020000.0,80000000.0,ACTIVE,F,AM,26,Spain,Athletic Club
37420,La Liga,Borja Mayoral,EUR,80192.0,5210000.0,4170000.0,2022-08-01,2027-06-30,1.0,4170000.0,20000000.0,ACTIVE,F,CF,29,Spain,Getafe
37421,La Liga,Johnny,EUR,80192.0,5420000.0,4170000.0,2025-07-16,2030-06-30,4.0,16680000.0,,ACTIVE,M,CM,24,United States,Atletico Madrid
37422,La Liga,José Giménez,EUR,80192.0,5420000.0,4170000.0,2023-10-06,2028-06-30,2.0,8340000.0,,INACTIVE,D,CB,31,Uruguay,Atletico Madrid
37423,La Liga,Carlos Romero,EUR,80192.0,5420000.0,4170000.0,2024-07-01,2031-06-30,5.0,20850000.0,,ACTIVE,D,LB,24,Spain,Villarreal
37424,La Liga,Yangel Herrera,EUR,80192.0,5420000.0,4170000.0,2025-09-01,2030-06-30,4.0,16680000.0,,ACTIVE,M,CM,28,Venezuela,Real Sociedad
37425,La Liga,Gonçalo Guedes,EUR,80192.0,5420000.0,4170000.0,2025-08-04,2028-06-30,2.0,8340000.0,,ACTIVE,F,LW,29,Portugal,Real Sociedad
37426,La Liga,Carlos Soler,EUR,80192.0,5420000.0,4170000.0,2025-09-01,2029-06-30,3.0,12510000.0,,ACTIVE,M,CM,29,Spain,Real Sociedad
37427,La Liga,Carlos Espí,EUR,80192.0,5210000.0,4170000.0,2026-07-30,2031-06-30,5.0,20850000.0,,ACTIVE,F,CF,21,Spain,Real Madrid
37428,La Liga,Álex Remiro,EUR,80192.0,5420000.0,4170000.0,2022-06-29,2027-06-30,1.0,4170000.0,70000000.0,ACTIVE,K,GK,31,Spain,Real Sociedad
37429,La Liga,Marcos Alonso,EUR,80192.0,5420000.0,4170000.0,2026-07-08,2028-06-30,2.0,8340000.0,,ACTIVE,D,CB,35,Spain,Celta Vigo
37430,La Liga,Renato Veiga,EUR,80192.0,5420000.0,4170000.0,2025-08-22,2032-06-30,6.0,25020000.0,,ACTIVE,D,CB,23,Portugal,Villarreal
37431,La Liga,Cucho Hernández,EUR,80192.0,5420000.0,4170000.0,2025-02-03,2030-06-30,4.0,16680000.0,,ACTIVE,F,CF,27,Colombia,Real Betis
37432,La Liga,Gabriel Suazo,EUR,76923.0,5000000.0,4000000.0,2025-07-12,2028-06-30,2.0,8000000.0,,ACTIVE,D,LB,29,Chile,Sevilla
37433,La Liga,Ayoze Pérez,EUR,76154.0,5150000.0,3960000.0,2024-08-13,2028-06-30,2.0,7920000.0,,ACTIVE,F,CF,33,Spain,Villarreal
37434,La Liga,Mouctar Diakhaby,EUR,76154.0,4960000.0,3960000.0,2023-01-16,2027-06-30,1.0,3960000.0,,ACTIVE,D,CB,29,Guinea,Valencia
37435,La Liga,Logan Costa,EUR,72115.0,4880000.0,3750000.0,2024-08-22,2030-06-30,4.0,15000000.0,,ACTIVE,D,CB,25,Cape Verde,Villarreal
37436,La Liga,Junior Firpo,EUR,72115.0,4880000.0,3750000.0,2025-07-17,2028-06-30,2.0,7500000.0,,ACTIVE,D,LB,30,Dominican Republic,Real Betis
37437,La Liga,Giuliano Simeone,EUR,72115.0,4880000.0,3750000.0,2026-01-15,2030-06-30,4.0,15000000.0,500000000.0,ACTIVE,F,RW,23,Argentina,Atletico Madrid
37438,La Liga,Orel Mangala,EUR,72115.0,4690000.0,3750000.0,2026-08-06,2027-06-30,1.0,3750000.0,,LOAN,M,DM,28,Belgium,Getafe
37439,La Liga,Franco Mastantuono,EUR,70192.0,4570000.0,3650000.0,2025-08-14,2031-06-30,5.0,18250000.0,,INACTIVE,F,RW,18,Argentina,Real Madrid
37440,La Liga,Dani Vivian,EUR,70192.0,4570000.0,3650000.0,2024-06-01,2032-06-30,6.0,21900000.0,,ACTIVE,D,CB,27,Spain,Athletic Club
37441,La Liga,Alberto Moleiro,EUR,68077.0,4600000.0,3540000.0,2025-07-01,2030-06-30,4.0,14160000.0,,ACTIVE,F,LW,22,Spain,Villarreal
37442,La Liga,Ander Barrenetxea,EUR,64038.0,4330000.0,3330000.0,2024-01-28,2030-06-30,4.0,13320000.0,75000000.0,ACTIVE,F,LW,24,Spain,Real Sociedad
37443,La Liga,Natan,EUR,64038.0,4330000.0,3330000.0,2025-07-01,2030-06-30,4.0,13320000.0,,ACTIVE,D,CB,25,Brazil,Real Betis
37444,La Liga,Juan Musso,EUR,64038.0,4330000.0,3330000.0,2025-06-10,2028-06-30,2.0,6660000.0,,ACTIVE,K,GK,32,Argentina,Atletico Madrid
37445,La Liga,Yeremay Hernández,EUR,60192.0,3920000.0,3130000.0,2025-06-16,2030-06-30,4.0,12520000.0,35000000.0,ACTIVE,F,LW,23,Spain,Deportivo
37446,La Liga,Pablo Fornals,EUR,60192.0,4070000.0,3130000.0,2024-02-01,2029-06-30,3.0,9390000.0,,ACTIVE,M,CM,30,Spain,Real Betis
37447,La Liga,Bryan Zaragoza,EUR,60192.0,4170000.0,3130000.0,2026-08-27,2027-06-30,1.0,3130000.0,,LOAN,F,LW,24,Spain,Espanyol
37448,La Liga,Clément Lenglet,EUR,60192.0,4070000.0,3130000.0,2024-08-26,2028-06-30,2.0,6260000.0,,INACTIVE,D,CB,31,France,Atletico Madrid
37449,La Liga,Ante Budimir,EUR,60192.0,3900000.0,3130000.0,2023-10-09,2027-06-30,1.0,3130000.0,8000000.0,ACTIVE,F,CF,35,Croatia,Osasuna
37450,La Liga,Marcão,EUR,60192.0,3920000.0,3130000.0,2025-09-01,2028-06-30,2.0,6260000.0,,ACTIVE,D,CB,30,Brazil,Sevilla
37451,La Liga,Santi Comesaña,EUR,60192.0,4070000.0,3130000.0,2025-02-11,2028-06-30,2.0,6260000.0,,ACTIVE,M,CM,29,Spain,Villarreal
37452,La Liga,Yeray Álvarez,EUR,60192.0,3920000.0,3130000.0,2026-05-06,2028-06-30,2.0,6260000.0,70000000.0,ACTIVE,D,CB,31,Spain,Athletic Club
37453,La Liga,Odysseas Vlachodimos,EUR,60192.0,3920000.0,3130000.0,2026-07-01,2027-06-30,1.0,3130000.0,,LOAN,K,GK,32,Greece,Sevilla
37454,La Liga,Rubén Vargas,EUR,60192.0,3920000.0,3130000.0,2025-01-10,2029-06-30,3.0,9390000.0,,ACTIVE,F,LW,28,Switzerland,Sevilla
37455,La Liga,Igor Zubeldia,EUR,60192.0,4070000.0,3130000.0,2023-05-17,2029-06-30,3.0,9390000.0,50000000.0,ACTIVE,D,CB,29,Spain,Real Sociedad
37456,La Liga,Youssouf Fofana,EUR,60192.0,3920000.0,3130000.0,2026-09-01,2027-06-30,1.0,3130000.0,,LOAN,M,DM,27,France,Sevilla
37457,La Liga,Álex Berenguer,EUR,60192.0,3900000.0,3130000.0,2024-07-07,2027-06-30,1.0,3130000.0,,ACTIVE,F,LW,31,Spain,Athletic Club
37458,La Liga,Héctor Bellerín,EUR,60192.0,4070000.0,3130000.0,2023-07-18,2028-06-30,2.0,6260000.0,,ACTIVE,D,RB,31,Spain,Real Betis
37459,La Liga,Guido Rodríguez,EUR,60192.0,3920000.0,3130000.0,2026-07-03,2028-06-30,2.0,6260000.0,,ACTIVE,M,DM,32,Argentina,Valencia
37460,La Liga,Quilindschy Hartman,EUR,60192.0,3920000.0,3130000.0,2026-07-07,2027-06-30,1.0,3130000.0,,LOAN,D,LB,24,Netherlands,Espanyol
37461,La Liga,Rodrigo Riquelme,EUR,60192.0,4070000.0,3130000.0,2025-07-04,2030-06-30,4.0,12520000.0,,ACTIVE,F,LW,26,Spain,Real Betis
37462,La Liga,Pierre-Emerick Aubameyang,EUR,60192.0,3920000.0,3130000.0,2026-07-17,2028-06-30,2.0,6260000.0,,ACTIVE,F,CF,37,Gabon,Deportivo
37463,La Liga,Gerard Martín,EUR,60192.0,4070000.0,3130000.0,2025-01-23,2028-06-30,2.0,6260000.0,100000000.0,ACTIVE,D,CB,24,Spain,Barcelona
37464,La Liga,Diego Llorente,EUR,60192.0,4070000.0,3130000.0,2024-07-09,2028-06-30,2.0,6260000.0,,ACTIVE,D,CB,33,Spain,Real Betis
37465,La Liga,Wojciech Szczesny,EUR,57692.0,3900000.0,3000000.0,2025-07-07,2027-06-30,1.0,3000000.0,,ACTIVE,K,GK,36,Poland,Barcelona
37466,La Liga,Borja Iglesias,EUR,56154.0,3800000.0,2920000.0,2025-08-12,2027-06-30,1.0,2920000.0,,ACTIVE,F,CF,33,Spain,Celta Vigo
37467,La Liga,Vanja Drkusic,EUR,52115.0,3130000.0,2710000.0,2026-08-14,2027-06-30,1.0,2710000.0,,LOAN,D,CB,26,Slovenia,Espanyol
37468,La Liga,Djené,EUR,52115.0,3390000.0,2710000.0,2026-06-30,2027-06-30,1.0,2710000.0,,ACTIVE,D,CB,34,Togo,Getafe
37469,La Liga,Álvaro Fidalgo,EUR,52115.0,3520000.0,2710000.0,2026-02-01,2030-06-30,4.0,10840000.0,,ACTIVE,M,CM,29,Mexico,Real Betis
37470,La Liga,Álvaro Odriozola,EUR,52115.0,3520000.0,2710000.0,2023-09-01,2029-06-30,3.0,8130000.0,,ACTIVE,D,RB,30,Spain,Real Sociedad
37471,La Liga,David Soria,EUR,52115.0,3390000.0,2710000.0,2026-06-02,2030-06-30,4.0,10840000.0,,ACTIVE,K,GK,33,Spain,Getafe
37472,La Liga,Troy Parrott,EUR,52115.0,3520000.0,2710000.0,2026-08-20,2031-06-30,5.0,13550000.0,,ACTIVE,F,CF,24,Ireland,Real Betis
37473,La Liga,Tani Oluwaseyi,EUR,52115.0,3520000.0,2710000.0,2025-08-29,2030-06-30,4.0,10840000.0,,ACTIVE,F,CF,26,Canada,Villarreal
37474,La Liga,Sergio Gómez,EUR,52115.0,3520000.0,2710000.0,2024-07-12,2030-06-30,4.0,10840000.0,,ACTIVE,D,LB,25,Spain,Real Sociedad
37475,La Liga,Alejandro Balde,EUR,48077.0,3250000.0,2500000.0,2023-09-20,2028-06-30,2.0,5000000.0,1000000000.0,ACTIVE,D,LB,22,Spain,Barcelona
37476,La Liga,Sergi Cardona,EUR,48077.0,3250000.0,2500000.0,2024-07-18,2027-06-30,1.0,2500000.0,15000000.0,ACTIVE,D,LB,27,Spain,Villarreal
37477,La Liga,Luiz Júnior,EUR,48077.0,3250000.0,2500000.0,2024-08-20,2030-06-30,4.0,10000000.0,,ACTIVE,K,GK,25,Brazil,Villarreal
37478,La Liga,José Ángel Carmona,EUR,48077.0,3130000.0,2500000.0,2024-11-28,2028-06-30,2.0,5000000.0,30000000.0,ACTIVE,D,RB,24,Spain,Sevilla
37479,La Liga,Jon Martín,EUR,48077.0,3250000.0,2500000.0,2026-07-23,2032-06-30,6.0,15000000.0,,ACTIVE,D,CB,20,Spain,Real Sociedad
37480,La Liga,Marc Roca,EUR,48077.0,3250000.0,2500000.0,2024-07-01,2029-06-30,3.0,7500000.0,,ACTIVE,M,DM,29,Spain,Real Betis
37481,La Liga,Marc Bartra,EUR,48077.0,3250000.0,2500000.0,2025-04-23,2027-06-30,1.0,2500000.0,,ACTIVE,D,CB,35,Spain,Real Betis
37482,La Liga,Ezequiel Ponce,EUR,48077.0,3130000.0,2500000.0,2026-08-14,2027-06-30,1.0,2500000.0,,ACTIVE,F,CF,29,Argentina,Elche
37483,La Liga,Raúl de Tomás,EUR,48077.0,3130000.0,2500000.0,2022-09-13,2027-06-30,1.0,2500000.0,,ACTIVE,F,CF,31,Spain,Rayo Vallecano
37484,La Liga,Romain Del Castillo,EUR,48077.0,3130000.0,2500000.0,2026-09-01,2028-06-30,2.0,5000000.0,,ACTIVE,F,RW,30,France,Osasuna
37485,La Liga,Abdel Abqar,EUR,48077.0,3130000.0,2500000.0,2025-07-29,2028-06-30,2.0,5000000.0,,ACTIVE,D,CB,27,Morocco,Getafe
37486,La Liga,Isaac Romero,EUR,44038.0,2870000.0,2290000.0,2024-05-24,2028-06-30,2.0,4580000.0,30000000.0,ACTIVE,F,CF,26,Spain,Sevilla
37487,La Liga,Aïssa Mandi,EUR,44038.0,2870000.0,2290000.0,2026-07-16,2028-06-30,2.0,4580000.0,,ACTIVE,D,CB,34,Algeria,Levante
37488,La Liga,Lucien Agoume,EUR,44038.0,2870000.0,2290000.0,2024-08-06,2028-06-30,2.0,4580000.0,,ACTIVE,M,DM,24,France,Sevilla
37489,La Liga,Ferran Jutglà,EUR,44038.0,2980000.0,2290000.0,2025-07-01,2029-06-30,3.0,6870000.0,,ACTIVE,F,RW,27,Spain,Celta Vigo
37490,La Liga,Florian Lejeune,EUR,44038.0,2870000.0,2290000.0,2026-05-04,2028-06-30,2.0,4580000.0,,ACTIVE,D,CB,35,France,Rayo Vallecano
37491,La Liga,Mamadou Sarr,EUR,44038.0,2980000.0,2290000.0,2026-08-28,2027-06-30,1.0,2290000.0,,LOAN,D,CB,21,Senegal,Real Sociedad
37492,La Liga,Umar Sadiq,EUR,44038.0,2870000.0,2290000.0,2026-01-08,2028-06-30,2.0,4580000.0,,ACTIVE,F,CF,29,Nigeria,Valencia
37493,La Liga,Nelson Deossa,EUR,44038.0,2980000.0,2290000.0,2025-08-04,2030-06-30,4.0,9160000.0,,ACTIVE,M,CM,26,Colombia,Real Betis
37494,La Liga,Jon Aramburu,EUR,44038.0,2980000.0,2290000.0,2025-01-03,2030-06-30,4.0,9160000.0,60000000.0,ACTIVE,D,RB,24,Venezuela,Real Sociedad
37495,La Liga,Altay Bayındır,EUR,42115.0,2850000.0,2190000.0,2026-08-07,2027-06-30,1.0,2190000.0,,LOAN,K,GK,28,Turkey,Celta Vigo
37496,La Liga,Lucas Boyé,EUR,40000.0,2600000.0,2080000.0,2025-08-22,2029-06-30,3.0,6240000.0,,ACTIVE,F,CF,30,Argentina,Alaves
37497,La Liga,Nemanja Gudelj,EUR,40000.0,2600000.0,2080000.0,2026-08-30,2027-06-30,1.0,2080000.0,,ACTIVE,M,DM,34,Serbia,Getafe
37498,La Liga,Juanmi,EUR,40000.0,2600000.0,2080000.0,2025-07-01,2027-06-30,1.0,2080000.0,,ACTIVE,F,LW,33,Spain,Getafe
37499,La Liga,Angeliño,EUR,40000.0,2600000.0,2080000.0,2026-08-05,2027-06-30,1.0,2080000.0,,LOAN,D,LB,29,Spain,Deportivo
37500,La Liga,Adama Traoré,EUR,40000.0,2600000.0,2080000.0,2026-08-26,2028-06-30,2.0,4160000.0,,ACTIVE,F,RW,30,Spain,Deportivo
37501,La Liga,Jesús Areso,EUR,40000.0,2600000.0,2080000.0,2025-07-22,2031-06-30,5.0,10400000.0,,ACTIVE,D,RB,27,Spain,Athletic Club
37502,La Liga,Iago Aspas,EUR,40000.0,2710000.0,2080000.0,2026-05-21,2027-06-30,1.0,2080000.0,,ACTIVE,F,CF,39,Spain,Celta Vigo
37503,La Liga,Péter Gulácsi,EUR,40000.0,2710000.0,2080000.0,2026-08-03,2028-06-30,2.0,4160000.0,,ACTIVE,K,GK,36,Hungary,Villarreal
37504,La Liga,Gorka Guruzeta,EUR,40000.0,2600000.0,2080000.0,2024-02-20,2028-06-30,2.0,4160000.0,,ACTIVE,F,CF,29,Spain,Athletic Club
37505,La Liga,Javi Guerra,EUR,40000.0,2600000.0,2080000.0,2025-08-09,2029-06-30,3.0,6240000.0,100000000.0,ACTIVE,M,CM,23,Spain,Valencia
37506,La Liga,José Giménez,EUR,40000.0,2600000.0,2080000.0,2026-09-01,2027-06-30,1.0,2080000.0,,LOAN,D,CB,31,Uruguay,Deportivo
37507,La Liga,Juan Iglesias,EUR,40000.0,2600000.0,2080000.0,2026-07-01,2030-06-30,4.0,8320000.0,,ACTIVE,D,RB,28,Spain,Sevilla
37508,La Liga,Aitor Paredes,EUR,40000.0,2600000.0,2080000.0,2024-03-21,2029-06-30,3.0,6240000.0,,ACTIVE,D,CB,26,Spain,Athletic Club
37509,La Liga,Álvaro Valles,EUR,40000.0,2710000.0,2080000.0,2025-07-01,2030-06-30,4.0,8320000.0,,ACTIVE,K,GK,29,Spain,Real Betis
37510,La Liga,Antonio Sivera,EUR,40000.0,2600000.0,2080000.0,2026-08-24,2030-06-30,4.0,8320000.0,,ACTIVE,K,GK,30,Spain,Alaves
37511,La Liga,Kike Salas,EUR,40000.0,2600000.0,2080000.0,2024-12-26,2029-06-30,3.0,6240000.0,,ACTIVE,D,CB,24,Spain,Sevilla
37512,La Liga,Marash Kumbulla,EUR,40000.0,2600000.0,2080000.0,2026-08-07,2027-06-30,1.0,2080000.0,,LOAN,D,CB,26,Albania,Rayo Vallecano
37513,La Liga,Luiz Felipe,EUR,40000.0,2600000.0,2080000.0,2026-07-09,2027-06-30,1.0,2080000.0,,ACTIVE,D,CB,29,Italy,Rayo Vallecano
37514,La Liga,Isi Palazón,EUR,40000.0,2600000.0,2080000.0,2023-05-08,2028-06-30,2.0,4160000.0,50000000.0,ACTIVE,F,SS,31,Spain,Rayo Vallecano
37515,La Liga,Augusto Batalla,EUR,40000.0,2600000.0,2080000.0,2025-07-01,2030-06-30,4.0,8320000.0,,ACTIVE,K,GK,30,Argentina,Rayo Vallecano
37516,La Liga,Pau Navarro,EUR,40000.0,2710000.0,2080000.0,2026-07-14,2031-06-30,5.0,10400000.0,,ACTIVE,D,CB,21,Spain,Villarreal
37517,La Liga,Álvaro García,EUR,40000.0,2600000.0,2080000.0,2025-02-11,2028-06-30,2.0,4160000.0,,ACTIVE,F,LW,33,Spain,Rayo Vallecano
37518,La Liga,Julen Agirrezabala,EUR,40000.0,2600000.0,2080000.0,2026-08-10,2031-06-30,5.0,10400000.0,,ACTIVE,K,GK,25,Spain,Racing Santander
37519,La Liga,Sergio Canales,EUR,40000.0,2600000.0,2080000.0,2026-07-01,2028-06-30,2.0,4160000.0,,ACTIVE,F,AM,35,Spain,Racing Santander
37520,La Liga,Iván Martín,EUR,40000.0,2600000.0,2080000.0,2026-08-20,2030-06-30,4.0,8320000.0,,ACTIVE,M,CM,27,Spain,Racing Santander
37521,La Liga,Aarón Martín,EUR,40000.0,2600000.0,2080000.0,2026-09-01,2027-06-30,1.0,2080000.0,,ACTIVE,D,LB,29,Spain,Racing Santander
37522,La Liga,Mikel Jauregizar,EUR,40000.0,2600000.0,2080000.0,2025-05-30,2031-06-30,5.0,10400000.0,,ACTIVE,M,CM,22,Spain,Athletic Club
37523,La Liga,Fábio Cardoso,EUR,40000.0,2600000.0,2080000.0,2025-09-01,2028-06-30,2.0,4160000.0,,ACTIVE,D,CB,32,Portugal,Sevilla
37524,La Liga,Sergio Herrera,EUR,40000.0,2600000.0,2080000.0,2025-07-28,2028-06-30,2.0,4160000.0,,ACTIVE,K,GK,33,Spain,Osasuna
37525,La Liga,Santiago Mouriño,EUR,40000.0,2710000.0,2080000.0,2025-08-01,2030-06-30,4.0,8320000.0,,ACTIVE,D,RB,24,Uruguay,Villarreal
37526,La Liga,Javi Puado,EUR,40000.0,2600000.0,2080000.0,2025-07-04,2030-06-30,4.0,8320000.0,,ACTIVE,F,LW,28,Spain,Espanyol
37527,La Liga,Lucas Torró,EUR,40000.0,2600000.0,2080000.0,2022-06-09,2027-06-30,1.0,2080000.0,,ACTIVE,M,DM,32,Spain,Osasuna
37528,La Liga,Diego Rico,EUR,40000.0,2600000.0,2080000.0,2026-08-12,2027-06-30,1.0,2080000.0,,ACTIVE,D,LB,33,Spain,Osasuna
37529,La Liga,Denis Suárez,EUR,36154.0,2340000.0,1880000.0,2025-08-29,2027-06-30,1.0,1880000.0,,ACTIVE,F,AM,32,Spain,Alaves
37530,La Liga,Leo Román,EUR,36154.0,2360000.0,1880000.0,2026-07-03,2031-06-30,5.0,9400000.0,,ACTIVE,K,GK,26,Spain,Deportivo
37531,La Liga,Aleix Febas,EUR,36154.0,2440000.0,1880000.0,2026-07-01,2029-06-30,3.0,5640000.0,,ACTIVE,M,CM,30,Spain,Celta Vigo
37532,La Liga,Jon Gorrotxategi,EUR,36154.0,2440000.0,1880000.0,2025-10-06,2030-06-30,4.0,7520000.0,,ACTIVE,M,DM,24,Spain,Real Sociedad
37533,La Liga,Chidera Ejuke,EUR,36154.0,2360000.0,1880000.0,2024-07-01,2027-06-30,1.0,1880000.0,,ACTIVE,F,LW,28,Nigeria,Sevilla
37534,La Liga,Giorgi Kochorashvili,EUR,36154.0,2360000.0,1880000.0,2026-08-21,2030-06-30,4.0,7520000.0,,ACTIVE,M,CM,27,Georgia,Sevilla
37535,La Liga,Enes Ünal,EUR,36154.0,2350000.0,1880000.0,2026-08-13,2029-06-30,3.0,5640000.0,,ACTIVE,F,CF,29,Turkey,Getafe
37536,La Liga,Arnaut Danjuma,EUR,36154.0,2360000.0,1880000.0,2025-08-10,2028-06-30,2.0,3760000.0,,ACTIVE,F,LW,29,Netherlands,Valencia
37537,La Liga,Filip Ugrinic,EUR,36154.0,2360000.0,1880000.0,2025-08-08,2029-06-30,3.0,5640000.0,,ACTIVE,M,CM,27,Switzerland,Valencia
37538,La Liga,Diego Conde,EUR,36154.0,2440000.0,1880000.0,2026-07-20,2027-06-30,1.0,1880000.0,,LOAN,K,GK,27,Spain,Real Betis
37539,La Liga,Álvaro Djaló,EUR,36154.0,2360000.0,1880000.0,2024-07-01,2029-06-30,3.0,5640000.0,,ACTIVE,F,LW,27,Guinea-Bissau,Athletic Club
37540,La Liga,Luis Rioja,EUR,36154.0,2360000.0,1880000.0,2025-11-27,2027-06-30,1.0,1880000.0,,ACTIVE,F,RW,32,Spain,Valencia
37541,La Liga,Unai López,EUR,36154.0,2360000.0,1880000.0,2026-06-10,2029-06-30,3.0,5640000.0,,ACTIVE,M,CM,30,Spain,Rayo Vallecano
37542,La Liga,Óscar Valentín,EUR,36154.0,2360000.0,1880000.0,2023-09-13,2027-06-30,1.0,1880000.0,,ACTIVE,M,CM,32,Spain,Rayo Vallecano
37543,La Liga,Jorge de Frutos,EUR,36154.0,2360000.0,1880000.0,2023-08-17,2028-06-30,2.0,3760000.0,,ACTIVE,F,RW,29,Spain,Rayo Vallecano
37544,La Liga,Emil Audero,EUR,36154.0,2360000.0,1880000.0,2026-09-01,2027-06-30,1.0,1880000.0,,LOAN,K,GK,29,Indonesia,Rayo Vallecano
37545,La Liga,Andrei Rațiu,EUR,36154.0,2360000.0,1880000.0,2025-11-21,2030-06-30,4.0,7520000.0,,ACTIVE,D,RB,28,Romania,Rayo Vallecano
37546,La Liga,Toni Martínez,EUR,36154.0,2340000.0,1880000.0,2024-08-27,2028-06-30,2.0,3760000.0,,ACTIVE,F,CF,29,Spain,Alaves
37547,La Liga,Valentin Rosier,EUR,36154.0,2360000.0,1880000.0,2025-07-01,2028-06-30,2.0,3760000.0,,ACTIVE,D,RB,30,France,Osasuna
37548,La Liga,Edu Expósito,EUR,36154.0,2360000.0,1880000.0,2022-08-08,2027-06-30,1.0,1880000.0,,ACTIVE,M,CM,30,Spain,Espanyol
37549,La Liga,Ionut Radu,EUR,36154.0,2440000.0,1880000.0,2025-07-01,2029-06-30,3.0,5640000.0,,ACTIVE,K,GK,29,Romania,Celta Vigo
37550,La Liga,Beñat Turrientes,EUR,36154.0,2440000.0,1880000.0,2024-11-29,2030-06-30,4.0,7520000.0,,ACTIVE,M,CM,24,Spain,Real Sociedad
37551,La Liga,Sebastián Cáceres,EUR,34038.0,2300000.0,1770000.0,2026-09-01,2030-06-30,4.0,7080000.0,,ACTIVE,D,CB,27,Uruguay,Celta Vigo
37552,La Liga,Unai Núñez,EUR,32885.0,2150000.0,1710000.0,2026-08-06,2027-06-30,1.0,1710000.0,,LOAN,D,CB,29,Spain,Espanyol
37553,La Liga,Javi Galán,EUR,32115.0,2170000.0,1670000.0,2026-07-01,2028-06-30,2.0,3340000.0,,ACTIVE,D,LB,31,Spain,Celta Vigo
37554,La Liga,Dimitri Foulquier,EUR,32115.0,2090000.0,1670000.0,2025-06-12,2027-06-30,1.0,1670000.0,,ACTIVE,D,RB,33,Guadeloupe,Valencia
37555,La Liga,Jeremy Toljan,EUR,32115.0,2090000.0,1670000.0,2025-07-08,2027-06-30,1.0,1670000.0,,ACTIVE,D,RB,32,Germany,Levante
37556,La Liga,Nathan-Dylan Saliba,EUR,32115.0,2170000.0,1670000.0,2026-08-25,2031-06-30,5.0,8350000.0,,ACTIVE,M,CM,22,Canada,Villarreal
37557,La Liga,Jens Cajuste,EUR,32115.0,1920000.0,1670000.0,2026-09-01,2027-06-30,1.0,1670000.0,,LOAN,M,DM,27,Sweden,Malaga
37558,La Liga,Diego López,EUR,32115.0,2090000.0,1670000.0,2025-08-25,2029-06-30,3.0,5010000.0,100000000.0,ACTIVE,F,RW,24,Spain,Valencia
37559,La Liga,Jonny Otto,EUR,32115.0,2090000.0,1670000.0,2025-07-02,2027-06-30,1.0,1670000.0,,ACTIVE,D,RB,32,Spain,Alaves
37560,La Liga,Luka Sucic,EUR,32115.0,2170000.0,1670000.0,2024-08-02,2029-06-30,3.0,5010000.0,,ACTIVE,M,CM,23,Croatia,Real Sociedad
37561,La Liga,Héctor Fort,EUR,32115.0,2170000.0,1670000.0,2026-08-29,2031-06-30,5.0,8350000.0,,ACTIVE,D,RB,20,Spain,Real Sociedad
37562,La Liga,Aitor Ruibal,EUR,32115.0,2170000.0,1670000.0,2024-09-11,2028-06-30,2.0,3340000.0,,ACTIVE,F,RW,30,Spain,Real Betis
37563,La Liga,Johan Mojica,EUR,32115.0,2090000.0,1670000.0,2026-08-13,2027-06-30,1.0,1670000.0,,ACTIVE,D,LB,34,Colombia,Getafe
37564,La Liga,Christantus Uche,EUR,32115.0,2090000.0,1670000.0,2024-07-01,2028-06-30,2.0,3340000.0,,ACTIVE,F,CF,23,Nigeria,Getafe
37565,La Liga,Nicolás Valentini,EUR,32115.0,2090000.0,1670000.0,2026-08-07,2029-06-30,3.0,5010000.0,,ACTIVE,D,CB,25,Argentina,Alaves
37566,La Liga,Mathew Ryan,EUR,32115.0,2090000.0,1670000.0,2026-07-31,2027-06-30,1.0,1670000.0,,ACTIVE,K,GK,34,Australia,Levante
37567,La Liga,Alejandro Catena,EUR,32115.0,2090000.0,1670000.0,2023-07-01,2028-06-30,2.0,3340000.0,,ACTIVE,D,CB,31,Spain,Osasuna
37568,La Liga,Aimar Oroz,EUR,32115.0,2090000.0,1670000.0,2024-09-01,2029-06-30,3.0,5010000.0,30000000.0,ACTIVE,F,AM,24,Spain,Osasuna
37569,La Liga,Arnau Martínez,EUR,32115.0,2090000.0,1670000.0,2026-08-26,2031-06-30,5.0,8350000.0,,ACTIVE,D,RB,23,Spain,Valencia
37570,La Liga,Jon Guridi,EUR,32115.0,2090000.0,1670000.0,2026-07-01,2028-06-30,2.0,3340000.0,,ACTIVE,M,CM,31,Spain,Sevilla
37571,La Liga,Roger Brugué,EUR,32115.0,2090000.0,1670000.0,2025-06-02,2028-06-30,2.0,3340000.0,,ACTIVE,F,LW,29,Spain,Levante
37572,La Liga,Stole Dimitrievski,EUR,32115.0,2090000.0,1670000.0,2026-06-04,2028-06-30,2.0,3340000.0,,ACTIVE,K,GK,32,North Macedonia,Valencia
37573,La Liga,Aihen Muñoz,EUR,32115.0,2170000.0,1670000.0,2023-11-03,2027-06-30,1.0,1670000.0,50000000.0,ACTIVE,D,LB,29,Spain,Real Sociedad
37574,La Liga,Pepelu,EUR,32115.0,2090000.0,1670000.0,2023-07-08,2028-06-30,2.0,3340000.0,100000000.0,ACTIVE,M,DM,28,Spain,Valencia
37575,La Liga,César Tárrega,EUR,32115.0,2090000.0,1670000.0,2025-08-09,2030-06-30,4.0,6680000.0,,ACTIVE,D,CB,24,Spain,Valencia
37576,La Liga,Rodrigo Mendoza,EUR,32115.0,2170000.0,1670000.0,2026-02-02,2031-06-30,5.0,8350000.0,,ACTIVE,M,CM,21,Spain,Atletico Madrid
37577,La Liga,Thomas Lemar,EUR,32115.0,2090000.0,1670000.0,2026-09-01,2027-06-30,1.0,1670000.0,,LOAN,F,AM,30,France,Elche
37578,La Liga,Thomas Lemar,EUR,31346.0,2120000.0,1630000.0,2022-07-21,2028-06-30,2.0,3260000.0,,INACTIVE,F,AM,30,France,Atletico Madrid
37579,La Liga,Facundo Buonanotte,EUR,30000.0,1960000.0,1560000.0,2026-08-07,2027-06-30,1.0,1560000.0,,LOAN,F,AM,21,Argentina,Elche
37580,La Liga,Andoni Gorosabel,EUR,30000.0,1960000.0,1560000.0,2026-09-01,2027-06-30,1.0,1560000.0,,LOAN,D,RB,30,Spain,Espanyol
37581,La Liga,Carl Starfelt,EUR,30000.0,2030000.0,1560000.0,2023-08-10,2027-06-30,1.0,1560000.0,,ACTIVE,D,CB,31,Sweden,Celta Vigo
37582,La Liga,Pedro Díaz,EUR,30000.0,1960000.0,1560000.0,2024-08-05,2028-06-30,2.0,3120000.0,,ACTIVE,M,CM,28,Spain,Rayo Vallecano
37583,La Liga,Roony Bardghji,EUR,30000.0,2030000.0,1560000.0,2025-07-14,2029-06-30,3.0,4680000.0,,ACTIVE,F,RW,20,Sweden,Barcelona
37584,La Liga,Mariano Díaz,EUR,30000.0,1960000.0,1560000.0,2025-08-07,2027-06-30,1.0,1560000.0,,ACTIVE,F,CF,33,Dominican Republic,Alaves
37585,La Liga,Adrià Pedrosa,EUR,30000.0,1960000.0,1560000.0,2026-08-27,2027-06-30,1.0,1560000.0,,LOAN,D,LB,28,Spain,Rayo Vallecano
37586,La Liga,Sergi Canós,EUR,28846.0,1880000.0,1500000.0,2023-08-20,2027-06-30,1.0,1500000.0,,ACTIVE,F,LW,29,Spain,Valencia
37925,Serie A,Samuele Ricci,EUR,89038.0,5790000.0,4630000.0,2026-08-29,2027-06-30,1.0,4630000.0,,LOAN,M,DM,25,Italy,Como
37587,La Liga,Grady Diangana,EUR,28077.0,1840000.0,1460000.0,2025-08-30,2027-06-30,1.0,1460000.0,,ACTIVE,F,RW,28,Democratic Republic of the Congo,Elche
37588,La Liga,Moi Gómez,EUR,28077.0,1840000.0,1460000.0,2022-07-28,2027-06-30,1.0,1460000.0,20000000.0,ACTIVE,F,AM,32,Spain,Osasuna
37589,La Liga,Raúl Moro,EUR,28077.0,1840000.0,1460000.0,2026-01-22,2031-06-30,5.0,7300000.0,,ACTIVE,F,LW,23,Spain,Osasuna
37590,La Liga,Rubén García,EUR,28077.0,1840000.0,1460000.0,2026-01-28,2027-06-30,1.0,1460000.0,8000000.0,ACTIVE,F,RW,33,Spain,Osasuna
37591,La Liga,Arouna Sangante,EUR,28077.0,1840000.0,1460000.0,2026-07-01,2031-06-30,5.0,7300000.0,,ACTIVE,D,CB,24,Senegal,Sevilla
37592,La Liga,Marc Pubill,EUR,28077.0,1900000.0,1460000.0,2025-07-23,2030-06-30,4.0,5840000.0,,ACTIVE,D,CB,23,Spain,Atletico Madrid
37593,La Liga,Facundo Bernal,EUR,28077.0,1900000.0,1460000.0,2026-07-06,2031-06-30,5.0,7300000.0,,ACTIVE,M,DM,23,Uruguay,Real Betis
37594,La Liga,Félix Correia,EUR,28077.0,1840000.0,1460000.0,2026-09-01,2027-06-30,1.0,1460000.0,,LOAN,F,LW,25,Portugal,Sevilla
37595,La Liga,Alexandre Alemão,EUR,28077.0,1840000.0,1460000.0,2025-09-01,2030-06-30,4.0,5840000.0,,ACTIVE,F,CF,28,Brazil,Rayo Vallecano
37596,La Liga,Tyrhys Dolan,EUR,28077.0,1840000.0,1460000.0,2025-07-25,2028-06-30,2.0,2920000.0,,ACTIVE,F,RW,24,England,Espanyol
37597,La Liga,Álvaro Núñez,EUR,28077.0,1900000.0,1460000.0,2026-02-02,2030-06-30,4.0,5840000.0,,ACTIVE,D,RB,26,Spain,Celta Vigo
37598,La Liga,Iván Romero,EUR,28077.0,1840000.0,1460000.0,2025-05-25,2028-06-30,2.0,2920000.0,,ACTIVE,F,CF,25,Spain,Levante
37599,La Liga,Jon Ander Olasagasti,EUR,28077.0,1840000.0,1460000.0,2025-07-16,2028-06-30,2.0,2920000.0,,ACTIVE,M,CM,26,Spain,Levante
37600,La Liga,Nahuel Tenaglia,EUR,28077.0,2090000.0,1460000.0,2025-12-03,2029-06-30,3.0,4380000.0,,ACTIVE,D,RB,30,Argentina,Alaves
37601,La Liga,Manu Sánchez,EUR,28077.0,1840000.0,1460000.0,2026-07-21,2027-06-30,1.0,1460000.0,,ACTIVE,D,LB,26,Spain,Levante
37602,La Liga,Arsen Zakharyan,EUR,28077.0,1900000.0,1460000.0,2023-08-19,2029-06-30,3.0,4380000.0,,ACTIVE,F,AM,23,Russia,Real Sociedad
37603,La Liga,Oriol Rey,EUR,28077.0,1840000.0,1460000.0,2025-07-02,2027-06-30,1.0,1460000.0,,ACTIVE,M,DM,28,Spain,Levante
37604,La Liga,Abde Ezzalzouli,EUR,28077.0,1900000.0,1460000.0,2024-10-30,2029-06-30,3.0,4380000.0,,ACTIVE,F,LW,24,Morocco,Real Betis
37605,La Liga,Petar Ratkov,EUR,28077.0,1840000.0,1460000.0,2026-09-01,2027-06-30,1.0,1460000.0,,LOAN,F,CF,23,Serbia,Levante
37606,La Liga,Pablo Maffeo,EUR,28077.0,1840000.0,1460000.0,2026-08-20,2027-06-30,1.0,1460000.0,,LOAN,D,RB,29,Argentina,Valencia
37607,La Liga,Orri Óskarsson,EUR,28077.0,1900000.0,1460000.0,2024-08-30,2030-06-30,4.0,5840000.0,,ACTIVE,F,CF,22,Iceland,Real Sociedad
37608,La Liga,Beñat Prados,EUR,28077.0,1840000.0,1460000.0,2024-06-27,2031-06-30,5.0,7300000.0,,ACTIVE,M,CM,25,Spain,Athletic Club
37609,La Liga,Urko González de Zárate,EUR,28077.0,1840000.0,1460000.0,2025-08-28,2030-06-30,4.0,5840000.0,,ACTIVE,M,DM,25,Spain,Espanyol
37610,La Liga,Ander Guevara,EUR,28077.0,1840000.0,1460000.0,2023-07-09,2027-06-30,1.0,1460000.0,,ACTIVE,M,CM,29,Spain,Alaves
37611,La Liga,Iñigo Ruiz de Galarreta,EUR,28077.0,1840000.0,1460000.0,2025-05-24,2027-06-30,1.0,1460000.0,,ACTIVE,M,CM,33,Spain,Athletic Club
37612,La Liga,Fernando Calero,EUR,28077.0,1840000.0,1460000.0,2026-07-14,2027-06-30,1.0,1460000.0,,ACTIVE,D,CB,30,Spain,Malaga
37613,La Liga,Couhaib Driouech,EUR,28077.0,1900000.0,1460000.0,2026-08-25,2030-06-30,4.0,5840000.0,,ACTIVE,F,LW,24,Morocco,Celta Vigo
37614,La Liga,Jon Moncayola,EUR,28077.0,1840000.0,1460000.0,2021-06-08,2031-06-30,5.0,7300000.0,22000000.0,ACTIVE,M,CM,28,Spain,Osasuna
37615,La Liga,Ilaix Moriba,EUR,25962.0,1760000.0,1350000.0,2025-07-01,2029-06-30,3.0,4050000.0,,ACTIVE,M,CM,23,Guinea,Celta Vigo
37616,La Liga,Sergio Carreira,EUR,25962.0,1760000.0,1350000.0,2025-06-23,2029-06-30,3.0,4050000.0,,ACTIVE,D,RB,25,Spain,Celta Vigo
37617,La Liga,Kike Barja,EUR,24038.0,1560000.0,1250000.0,2026-05-31,2028-06-30,2.0,2500000.0,,ACTIVE,F,RW,29,Spain,Osasuna
37618,La Liga,Adrián Dela,EUR,24038.0,1560000.0,1250000.0,2026-05-23,2027-06-30,1.0,1250000.0,,ACTIVE,D,CB,27,Spain,Levante
37619,La Liga,Daniel Raba,EUR,24038.0,1560000.0,1250000.0,2025-07-01,2027-06-30,1.0,1250000.0,,ACTIVE,F,SS,30,Spain,Valencia
37620,La Liga,Marko Dmitrovic,EUR,24038.0,1560000.0,1250000.0,2025-07-01,2028-06-30,2.0,2500000.0,,ACTIVE,K,GK,34,Serbia,Espanyol
37621,La Liga,José Salinas,EUR,24038.0,1560000.0,1250000.0,2026-07-27,2027-06-30,1.0,1250000.0,,LOAN,D,LB,25,Spain,Malaga
37622,La Liga,Juan Berrocal,EUR,24038.0,1560000.0,1250000.0,2026-09-01,2027-06-30,1.0,1250000.0,,ACTIVE,D,CB,27,Spain,Malaga
37623,La Liga,Jon Pacheco,EUR,24038.0,1630000.0,1250000.0,2024-12-27,2030-06-30,4.0,5000000.0,,ACTIVE,D,CB,25,Spain,Real Sociedad
37624,La Liga,Pablo Marín,EUR,24038.0,1630000.0,1250000.0,2026-01-30,2029-06-30,3.0,3750000.0,,ACTIVE,F,AM,23,Spain,Real Sociedad
37625,La Liga,Pablo Martínez,EUR,24038.0,1560000.0,1250000.0,2026-08-21,2027-06-30,1.0,1250000.0,,ACTIVE,M,CM,28,Spain,Malaga
37626,La Liga,Carles Aleñá,EUR,24038.0,1560000.0,1250000.0,2025-07-24,2029-06-30,3.0,3750000.0,,ACTIVE,M,CM,28,Spain,Alaves
37627,La Liga,Marc Bernal,EUR,24038.0,1630000.0,1250000.0,2025-09-29,2029-06-30,3.0,3750000.0,500000000.0,ACTIVE,M,DM,19,Spain,Barcelona
37628,La Liga,Valentín Gómez,EUR,24038.0,1630000.0,1250000.0,2025-07-26,2030-06-30,4.0,5000000.0,,ACTIVE,D,CB,23,Argentina,Real Betis
37629,La Liga,Enzo Boyomo,EUR,24038.0,1560000.0,1250000.0,2024-08-29,2029-06-30,3.0,3750000.0,25000000.0,ACTIVE,D,CB,24,Cameroon,Osasuna
37630,La Liga,Karl Etta Eyong,EUR,24038.0,1500000.0,1250000.0,2025-09-01,2029-06-30,3.0,3750000.0,30000000.0,ACTIVE,F,CF,22,Cameroon,Levante
37631,La Liga,Raúl García,EUR,24038.0,1560000.0,1250000.0,2026-06-05,2031-06-30,5.0,6250000.0,,ACTIVE,F,CF,25,Spain,Osasuna
37632,La Liga,Kike García,EUR,24038.0,1560000.0,1250000.0,2025-07-01,2027-06-30,1.0,1250000.0,,ACTIVE,F,CF,36,Spain,Espanyol
37633,La Liga,Kiko Femenía,EUR,24038.0,1560000.0,1250000.0,2025-07-01,2027-06-30,1.0,1250000.0,,ACTIVE,D,RB,35,Spain,Getafe
37634,La Liga,Tete Morente,EUR,24038.0,1560000.0,1250000.0,2026-02-02,2028-06-30,2.0,2500000.0,,ACTIVE,F,LW,29,Spain,Elche
37635,La Liga,Roberto Fernández,EUR,24038.0,1560000.0,1250000.0,2025-07-01,2031-06-30,5.0,6250000.0,,ACTIVE,F,CF,24,Spain,Espanyol
37636,La Liga,Justin de Haas,EUR,24038.0,1560000.0,1250000.0,2026-07-01,2030-06-30,4.0,5000000.0,,ACTIVE,D,CB,26,Netherlands,Valencia
37637,La Liga,Randy Nteka,EUR,24038.0,1560000.0,1250000.0,2025-02-13,2028-06-30,2.0,2500000.0,,ACTIVE,F,AM,28,Angola,Rayo Vallecano
37638,La Liga,Pere Milla,EUR,24038.0,1560000.0,1250000.0,2023-08-15,2027-06-30,1.0,1250000.0,,ACTIVE,F,LW,33,Spain,Espanyol
37639,La Liga,Williot Swedberg,EUR,22115.0,1490000.0,1150000.0,2025-08-07,2029-06-30,3.0,3450000.0,,ACTIVE,F,LW,22,Sweden,Celta Vigo
37640,La Liga,Antonio Blanco,EUR,22115.0,1440000.0,1150000.0,2023-07-25,2027-06-30,1.0,1150000.0,,ACTIVE,M,DM,26,Spain,Alaves
37641,La Liga,Pol Lozano,EUR,22115.0,1440000.0,1150000.0,2023-09-01,2027-06-30,1.0,1150000.0,,ACTIVE,M,CM,26,Spain,Espanyol
37642,La Liga,Yassir Zabiri,EUR,22115.0,1440000.0,1150000.0,2026-07-29,2027-06-30,1.0,1150000.0,,LOAN,F,CF,21,Morocco,Racing Santander
37643,La Liga,Giorgi Tsitaishvili,EUR,20000.0,1310000.0,1040000.0,2026-08-13,2029-06-30,3.0,3120000.0,,ACTIVE,F,LW,25,Georgia,Rayo Vallecano
37644,La Liga,Iván Villar,EUR,20000.0,1350000.0,1040000.0,2024-01-11,2027-06-30,1.0,1040000.0,,ACTIVE,K,GK,29,Spain,Celta Vigo
37645,La Liga,Pablo Durán,EUR,20000.0,1350000.0,1040000.0,2026-04-06,2028-06-30,2.0,2080000.0,,ACTIVE,F,CF,25,Spain,Celta Vigo
37646,La Liga,Zaid Romero,EUR,20000.0,1300000.0,1040000.0,2026-07-06,2030-06-30,4.0,4160000.0,,ACTIVE,D,CB,26,Argentina,Getafe
37647,La Liga,Enzo Bardeli,EUR,20000.0,1310000.0,1040000.0,2026-07-01,2029-06-30,3.0,3120000.0,,ACTIVE,M,CM,25,France,Levante
37648,La Liga,Ilias Akhomach,EUR,20000.0,1350000.0,1040000.0,2023-07-03,2028-06-30,2.0,2080000.0,,ACTIVE,F,RW,22,Morocco,Villarreal
37649,La Liga,Pablo Ibáñez,EUR,20000.0,1290000.0,1040000.0,2025-07-01,2030-06-30,4.0,4160000.0,,ACTIVE,M,CM,27,Spain,Alaves
37650,La Liga,Pablo Campos,EUR,20000.0,1310000.0,1040000.0,2025-08-22,2027-06-30,1.0,1040000.0,,ACTIVE,K,GK,24,Spain,Levante
37651,La Liga,Víctor García,EUR,20000.0,1310000.0,1040000.0,2025-07-03,2027-06-30,1.0,1040000.0,,ACTIVE,F,RW,28,Spain,Levante
37652,La Liga,Adam Aznou,EUR,20000.0,1310000.0,1040000.0,2026-08-31,2027-06-30,1.0,1040000.0,,LOAN,D,LB,20,Morocco,Malaga
37653,La Liga,José Copete,EUR,20000.0,1290000.0,1040000.0,2025-07-28,2029-06-30,3.0,3120000.0,,ACTIVE,D,CB,26,Spain,Valencia
37654,La Liga,Jesús Vázquez,EUR,20000.0,1290000.0,1040000.0,2025-07-18,2028-06-30,2.0,2080000.0,,ACTIVE,D,LB,23,Spain,Valencia
37655,La Liga,Chupe,EUR,20000.0,1310000.0,1040000.0,2026-05-20,2029-06-30,3.0,3120000.0,,ACTIVE,F,CF,22,Spain,Malaga
37656,La Liga,Andrés García,EUR,20000.0,1300000.0,1040000.0,2026-07-16,2027-06-30,1.0,1040000.0,,LOAN,D,RB,23,Spain,Getafe
37657,La Liga,Juan Cruz,EUR,20000.0,1310000.0,1040000.0,2026-07-19,2027-06-30,1.0,1040000.0,,LOAN,F,LW,26,Spain,Malaga
37658,La Liga,Abel Bretones,EUR,20000.0,1290000.0,1040000.0,2024-07-05,2029-06-30,3.0,3120000.0,,ACTIVE,D,LB,26,Spain,Osasuna
37659,La Liga,Leandro Cabrera,EUR,20000.0,1290000.0,1040000.0,2026-05-27,2027-06-30,1.0,1040000.0,,ACTIVE,D,CB,35,Uruguay,Espanyol
37660,La Liga,Robert Navarro,EUR,20000.0,1290000.0,1040000.0,2025-07-01,2030-06-30,4.0,4160000.0,,ACTIVE,F,RW,24,Spain,Athletic Club
37661,La Liga,Jonathan Dubasin,EUR,20000.0,1310000.0,1040000.0,2026-07-27,2030-06-30,4.0,4160000.0,,ACTIVE,F,RW,26,Spain,Osasuna
37662,La Liga,Jofre Carreras,EUR,20000.0,1290000.0,1040000.0,2024-11-14,2029-06-30,3.0,3120000.0,,ACTIVE,F,RW,25,Spain,Espanyol
37663,La Liga,Gabriel Moscardo,EUR,20000.0,1310000.0,1040000.0,2026-07-08,2027-06-30,1.0,1040000.0,,LOAN,M,DM,20,Brazil,Espanyol
37664,La Liga,André Almeida,EUR,20000.0,1310000.0,1040000.0,2026-09-01,2027-06-30,1.0,1040000.0,,LOAN,F,AM,26,Portugal,Racing Santander
37665,La Liga,Jeanuël Belocian,EUR,20000.0,1310000.0,1040000.0,2026-09-01,2027-06-30,1.0,1040000.0,,LOAN,D,CB,21,France,Racing Santander
37666,La Liga,Álex Calatrava,EUR,20000.0,1310000.0,1040000.0,2026-07-02,2031-06-30,5.0,5200000.0,,ACTIVE,F,AM,26,Spain,Espanyol
37667,La Liga,Carlos Protesoni,EUR,20000.0,1310000.0,1040000.0,2026-06-10,2028-06-30,2.0,2080000.0,,ACTIVE,M,DM,28,Uruguay,Alaves
37668,La Liga,Kevin Lomónaco,EUR,20000.0,1310000.0,1040000.0,2026-09-01,2030-06-30,4.0,4160000.0,,ACTIVE,D,CB,24,Argentina,Elche
37669,La Liga,Marc Casadó,EUR,20000.0,1350000.0,1040000.0,2025-07-01,2028-06-30,2.0,2080000.0,100000000.0,INACTIVE,M,DM,22,Spain,Barcelona
37670,La Liga,Federico Redondo,EUR,20000.0,1310000.0,1040000.0,2025-08-14,2030-06-30,4.0,4160000.0,,ACTIVE,M,DM,23,Argentina,Elche
37671,La Liga,Iker Losada,EUR,20000.0,1350000.0,1040000.0,2024-07-06,2029-06-30,3.0,3120000.0,,ACTIVE,F,SS,25,Spain,Real Betis
37672,La Liga,Gonzalo Villar,EUR,18077.0,1170000.0,940000.0,2026-07-01,2029-06-30,3.0,2820000.0,,ACTIVE,M,CM,28,Spain,Elche
37673,La Liga,Adrián de la Fuente,EUR,18077.0,1170000.0,940000.0,2026-05-23,2027-06-30,1.0,940000.0,,ACTIVE,D,CB,27,Spain,Levante
37674,La Liga,Omar El Hilali,EUR,18077.0,1170000.0,940000.0,2023-12-14,2027-06-30,1.0,940000.0,,ACTIVE,D,RB,22,Morocco,Espanyol
37675,La Liga,Peio Canales,EUR,18077.0,1170000.0,940000.0,2025-07-01,2027-06-30,1.0,940000.0,,ACTIVE,F,AM,21,Spain,Athletic Club
37676,La Liga,Juan Carlos Arana,EUR,18077.0,1170000.0,940000.0,2024-10-17,2028-06-30,2.0,1880000.0,,ACTIVE,F,CF,26,Spain,Racing Santander
37677,La Liga,Pedro Bigas,EUR,18077.0,1170000.0,940000.0,2026-03-26,2027-06-30,1.0,940000.0,,ACTIVE,D,CB,36,Spain,Elche
37678,La Liga,Iván Balliu,EUR,18077.0,1170000.0,940000.0,2025-02-27,2027-06-30,1.0,940000.0,,ACTIVE,D,RB,34,Albania,Rayo Vallecano
37679,La Liga,Hugo Álvarez,EUR,18077.0,1220000.0,940000.0,2024-11-26,2028-06-30,2.0,1880000.0,,ACTIVE,F,LW,23,Spain,Celta Vigo
37680,La Liga,Martín Satriano,EUR,18077.0,1170000.0,940000.0,2026-07-01,2030-06-30,4.0,3760000.0,,ACTIVE,F,CF,25,Uruguay,Getafe
37681,La Liga,Facundo Garcés,EUR,18077.0,1170000.0,940000.0,2025-01-01,2028-06-30,2.0,1880000.0,,ACTIVE,D,CB,26,Malaysia,Alaves
37682,La Liga,Martim Neto,EUR,18077.0,1170000.0,940000.0,2025-07-30,2028-06-30,2.0,1880000.0,,ACTIVE,M,CM,23,Portugal,Elche
37683,La Liga,Alfonso Herrero,EUR,18077.0,1170000.0,940000.0,2025-02-04,2028-06-30,2.0,1880000.0,,ACTIVE,K,GK,32,Spain,Malaga
37684,La Liga,Bambo Diaby,EUR,15962.0,1040000.0,830000.0,2024-08-22,2027-06-30,1.0,830000.0,,ACTIVE,D,CB,28,Spain,Elche
37685,La Liga,Asier Villalibre,EUR,15962.0,1040000.0,830000.0,2026-07-01,2029-06-30,3.0,2490000.0,,ACTIVE,F,CF,28,Spain,Racing Santander
37686,La Liga,Clemens Riedel,EUR,15962.0,1040000.0,830000.0,2025-08-25,2029-06-30,3.0,2490000.0,,ACTIVE,D,CB,23,Germany,Espanyol
37687,La Liga,Lucas Stassin,EUR,15962.0,1040000.0,830000.0,2026-09-01,2027-06-30,1.0,830000.0,,LOAN,F,CF,21,Belgium,Sevilla
37688,La Liga,Jorge Herrando,EUR,15962.0,1040000.0,830000.0,2026-01-14,2030-06-30,4.0,3320000.0,,ACTIVE,D,CB,25,Spain,Osasuna
37689,La Liga,Víctor Chust,EUR,15962.0,1040000.0,830000.0,2026-07-01,2029-06-30,3.0,2490000.0,,ACTIVE,D,CB,26,Spain,Elche
37690,La Liga,Robbie Ure,EUR,15962.0,1040000.0,830000.0,2026-08-11,2031-06-30,5.0,4150000.0,,ACTIVE,F,CF,22,Scotland,Sevilla
37691,La Liga,Iker Muñoz,EUR,15962.0,1040000.0,830000.0,2026-04-10,2030-06-30,4.0,3320000.0,,ACTIVE,M,DM,23,Spain,Osasuna
37692,La Liga,Aitor Fernández,EUR,15962.0,1040000.0,830000.0,2024-11-25,2027-06-30,1.0,830000.0,14000000.0,ACTIVE,K,GK,35,Spain,Osasuna
37693,La Liga,Alfon González,EUR,15962.0,1040000.0,830000.0,2025-07-01,2028-06-30,2.0,1660000.0,,ACTIVE,F,LW,27,Spain,Sevilla
37694,La Liga,Francho Serrano,EUR,15962.0,1040000.0,830000.0,2026-08-18,2029-06-30,3.0,2490000.0,,ACTIVE,M,CM,24,Spain,Getafe
37695,La Liga,André Almeida,EUR,15962.0,1040000.0,830000.0,2022-08-25,2029-06-30,3.0,2490000.0,,INACTIVE,F,AM,26,Portugal,Valencia
37696,La Liga,Jonathan Asp Jensen,EUR,15962.0,1040000.0,830000.0,2026-07-13,2031-06-30,5.0,4150000.0,,ACTIVE,F,AM,20,Denmark,Deportivo
37697,La Liga,Alex Freeman,EUR,15962.0,1080000.0,830000.0,2026-01-29,2032-06-30,6.0,4980000.0,,ACTIVE,D,RB,22,United States,Villarreal
37698,La Liga,Hugo Sotelo,EUR,15962.0,1040000.0,830000.0,2026-07-20,2027-06-30,1.0,830000.0,,LOAN,M,CM,22,Spain,Levante
37926,Serie A,Yan Couto,EUR,89038.0,5790000.0,4630000.0,2026-08-06,2027-06-30,1.0,4630000.0,,LOAN,D,RB,24,Brazil,Como
37699,La Liga,Miguel Rodríguez,EUR,15962.0,1040000.0,830000.0,2026-07-27,2031-06-30,5.0,4150000.0,,ACTIVE,F,RW,23,Spain,Alaves
37700,La Liga,Javi Rueda,EUR,15962.0,1080000.0,830000.0,2025-11-24,2029-06-30,3.0,2490000.0,,ACTIVE,D,RB,24,Spain,Celta Vigo
37701,La Liga,Germán Valera,EUR,15962.0,1040000.0,830000.0,2025-07-03,2027-06-30,1.0,830000.0,,ACTIVE,F,LW,24,Spain,Elche
37702,La Liga,Fer Niño,EUR,15962.0,1040000.0,830000.0,2026-07-29,2030-06-30,4.0,3320000.0,,ACTIVE,F,CF,25,Spain,Elche
37703,La Liga,Javi Rodríguez,EUR,15962.0,1080000.0,830000.0,2024-10-22,2028-06-30,2.0,1660000.0,,ACTIVE,D,CB,23,Spain,Celta Vigo
37704,La Liga,Thiago Pitarch,EUR,15962.0,1040000.0,830000.0,2025-01-20,2027-06-30,1.0,830000.0,,ACTIVE,M,CM,19,Spain,Real Madrid
37705,La Liga,Pablo García,EUR,15962.0,1040000.0,830000.0,2026-09-01,2030-06-30,4.0,3320000.0,,ACTIVE,F,RW,20,Spain,Racing Santander
37706,La Liga,Saba Sazonov,EUR,15962.0,1040000.0,830000.0,2026-08-04,2027-06-30,1.0,830000.0,,ACTIVE,D,CB,24,Georgia,Getafe
37707,La Liga,Álvaro Fernández,EUR,15962.0,1040000.0,830000.0,2026-01-01,2027-06-30,1.0,830000.0,,ACTIVE,K,GK,28,Spain,Deportivo
37708,La Liga,Ramón Terrats,EUR,15962.0,1040000.0,830000.0,2026-07-08,2029-06-30,3.0,2490000.0,,ACTIVE,M,CM,25,Spain,Getafe
37709,La Liga,Abdoulaye Faye,EUR,15962.0,1080000.0,830000.0,2026-08-03,2027-06-30,1.0,830000.0,,LOAN,D,CB,21,Senegal,Celta Vigo
37710,La Liga,Diego Villares,EUR,15962.0,1040000.0,830000.0,2026-06-10,2028-06-30,2.0,1660000.0,,ACTIVE,M,CM,30,Spain,Deportivo
37711,La Liga,Obed Vargas,EUR,15962.0,1080000.0,830000.0,2026-02-02,2030-06-30,4.0,3320000.0,,ACTIVE,M,CM,21,Mexico,Atletico Madrid
37712,La Liga,Iñigo Vicente,EUR,15962.0,1040000.0,830000.0,2024-12-25,2030-06-30,4.0,3320000.0,,ACTIVE,F,LW,28,Spain,Racing Santander
37713,La Liga,Maroan Sannadi,EUR,15962.0,1040000.0,830000.0,2025-02-01,2029-06-30,3.0,2490000.0,,ACTIVE,F,CF,25,Morocco,Athletic Club
37714,La Liga,Sergio Camello,EUR,15962.0,1040000.0,830000.0,2023-08-17,2027-06-30,1.0,830000.0,,ACTIVE,F,CF,25,Spain,Rayo Vallecano
37715,La Liga,Marc Aguado,EUR,14038.0,920000.0,730000.0,2025-02-03,2027-06-30,1.0,730000.0,,ACTIVE,M,DM,26,Spain,Elche
37716,La Liga,Carlos Benavidez,EUR,14038.0,920000.0,730000.0,2026-06-10,2028-06-30,2.0,1460000.0,,ACTIVE,M,DM,28,Uruguay,Alaves
37717,La Liga,Marc Casadó,EUR,14038.0,920000.0,730000.0,2026-09-01,2027-06-30,1.0,730000.0,,LOAN,M,DM,22,Spain,Deportivo
37718,La Liga,Mujaid Sadick,EUR,14038.0,920000.0,730000.0,2026-09-01,2027-06-30,1.0,730000.0,,LOAN,D,CB,26,Spain,Rayo Vallecano
37719,La Liga,Ryunosuke Sato,EUR,14038.0,920000.0,730000.0,2026-07-07,2031-06-30,5.0,3650000.0,,ACTIVE,F,LW,19,Japan,Valencia
37720,La Liga,Julen Lobete,EUR,14038.0,920000.0,730000.0,2024-08-02,2027-06-30,1.0,730000.0,,ACTIVE,F,LW,25,Spain,Malaga
37721,La Liga,Bright Ede,EUR,14038.0,920000.0,730000.0,2026-07-07,2031-06-30,5.0,3650000.0,,ACTIVE,D,CB,19,Poland,Deportivo
37722,La Liga,Giorgi Guliashvili,EUR,14038.0,920000.0,730000.0,2026-01-09,2029-06-30,3.0,2190000.0,,ACTIVE,F,LW,24,Georgia,Racing Santander
37723,La Liga,Abde Rebbach,EUR,14038.0,920000.0,730000.0,2022-07-01,2028-06-30,2.0,1460000.0,,ACTIVE,F,LW,28,Algeria,Alaves
37724,La Liga,Matteo Prati,EUR,14038.0,920000.0,730000.0,2026-08-26,2027-06-30,1.0,730000.0,,LOAN,M,DM,22,Italy,Racing Santander
37725,La Liga,Fran Pérez,EUR,14038.0,920000.0,730000.0,2025-08-15,2029-06-30,3.0,2190000.0,,ACTIVE,F,RW,23,Spain,Rayo Vallecano
37726,La Liga,Horațiu Moldovan,EUR,14038.0,950000.0,730000.0,2024-01-24,2027-06-30,1.0,730000.0,,INACTIVE,K,GK,28,Romania,Atletico Madrid
37727,La Liga,Roy Revivo,EUR,14038.0,920000.0,730000.0,2026-09-01,2030-06-30,4.0,2920000.0,,ACTIVE,D,LB,23,Israel,Elche
37728,La Liga,Riki Rodríguez,EUR,14038.0,920000.0,730000.0,2026-02-02,2029-06-30,3.0,2190000.0,,ACTIVE,M,CM,28,Spain,Deportivo
37729,La Liga,Rubén Sánchez,EUR,14038.0,920000.0,730000.0,2026-09-01,2029-06-30,3.0,2190000.0,,ACTIVE,D,RB,25,Spain,Elche
37730,La Liga,Manu Hernando,EUR,14038.0,920000.0,730000.0,2024-11-06,2028-06-30,2.0,1460000.0,,ACTIVE,D,CB,28,Spain,Racing Santander
37731,La Liga,Andrés Martín,EUR,14038.0,920000.0,730000.0,2024-08-02,2028-06-30,2.0,1460000.0,,ACTIVE,F,RW,27,Spain,Racing Santander
37732,La Liga,Adrià Altimira,EUR,12115.0,800000.0,630000.0,2026-06-08,2029-06-30,3.0,1890000.0,,ACTIVE,D,RB,25,Spain,Deportivo
37733,La Liga,Jiri Letacek,EUR,12115.0,790000.0,630000.0,2024-07-13,2028-06-30,2.0,1260000.0,,ACTIVE,K,GK,27,Czech Republic,Getafe
37734,La Liga,Axel Tape,EUR,12115.0,800000.0,630000.0,2026-08-30,2027-06-30,1.0,630000.0,,LOAN,D,CB,19,France,Levante
37735,La Liga,Dani Lorenzo,EUR,12115.0,800000.0,630000.0,2026-03-04,2029-06-30,3.0,1890000.0,,ACTIVE,F,AM,23,Spain,Malaga
37736,La Liga,David Larrubia,EUR,12115.0,800000.0,630000.0,2025-09-30,2028-06-30,2.0,1260000.0,,ACTIVE,F,RW,24,Spain,Malaga
37737,La Liga,Ángel Fortuño,EUR,12115.0,800000.0,630000.0,2026-07-06,2030-06-30,4.0,2520000.0,,ACTIVE,K,GK,24,Spain,Espanyol
37738,La Liga,Facundo González,EUR,12115.0,800000.0,630000.0,2026-07-01,2029-06-30,3.0,1890000.0,,ACTIVE,D,CB,23,Uruguay,Racing Santander
37739,La Liga,Íñigo Sainz-Maza,EUR,12115.0,800000.0,630000.0,2024-12-05,2028-06-30,2.0,1260000.0,,ACTIVE,M,CM,28,Spain,Racing Santander
37740,La Liga,Pablo Ramón,EUR,12115.0,800000.0,630000.0,2026-08-05,2029-06-30,3.0,1890000.0,,ACTIVE,D,CB,25,Spain,Racing Santander
37741,La Liga,Dani Cárdenas,EUR,12115.0,800000.0,630000.0,2023-08-18,2027-06-30,1.0,630000.0,,ACTIVE,K,GK,29,Spain,Rayo Vallecano
37742,La Liga,Matías Dituro,EUR,12115.0,800000.0,630000.0,2026-03-19,2027-06-30,1.0,630000.0,,ACTIVE,K,GK,39,Argentina,Elche
37743,La Liga,Pathé Ciss,EUR,12115.0,800000.0,630000.0,2021-07-28,2027-06-30,1.0,630000.0,,ACTIVE,M,CM,32,Senegal,Rayo Vallecano
37744,La Liga,Lucas Cepeda,EUR,12115.0,800000.0,630000.0,2026-01-26,2030-06-30,4.0,2520000.0,,ACTIVE,F,LW,23,Chile,Elche
37745,La Liga,Ángel Ortiz,EUR,12115.0,820000.0,630000.0,2025-06-13,2029-06-30,3.0,1890000.0,,ACTIVE,D,RB,22,Spain,Real Betis
37746,La Liga,Buba Sangaré,EUR,12115.0,800000.0,630000.0,2026-07-01,2031-06-30,5.0,3150000.0,,ACTIVE,D,RB,19,Spain,Elche
37747,La Liga,Alejandro Iturbe,EUR,12115.0,800000.0,630000.0,2025-07-16,2029-06-30,3.0,1890000.0,,ACTIVE,K,GK,23,Spain,Elche
37748,La Liga,Abiel Osorio,EUR,12115.0,800000.0,630000.0,2026-01-10,2029-06-30,3.0,1890000.0,,ACTIVE,F,CF,24,Argentina,Elche
37749,La Liga,Miguel Loureiro,EUR,12115.0,800000.0,630000.0,2025-08-01,2028-06-30,2.0,1260000.0,,ACTIVE,D,RB,29,Spain,Deportivo
37750,La Liga,Luismi Cruz,EUR,12115.0,800000.0,630000.0,2025-07-11,2029-06-30,3.0,1890000.0,,ACTIVE,F,RW,25,Spain,Deportivo
37751,La Liga,Lorenzo Amatucci,EUR,12115.0,800000.0,630000.0,2026-07-09,2028-06-30,2.0,1260000.0,,ACTIVE,M,DM,22,Italy,Deportivo
37752,La Liga,Giacomo Quagliata,EUR,12115.0,800000.0,630000.0,2025-07-30,2028-06-30,2.0,1260000.0,,ACTIVE,D,LB,26,Italy,Deportivo
37753,La Liga,Bil Nsongo,EUR,12115.0,800000.0,630000.0,2026-06-12,2030-06-30,4.0,2520000.0,,ACTIVE,F,CF,21,Cameroon,Deportivo
37754,La Liga,Jorge Cestero,EUR,12115.0,800000.0,630000.0,2025-07-01,2028-06-30,2.0,1260000.0,,ACTIVE,M,CM,20,Spain,Real Madrid
37755,La Liga,Unai Marrero,EUR,12115.0,820000.0,630000.0,2026-02-23,2030-06-30,4.0,2520000.0,,ACTIVE,K,GK,24,Spain,Real Sociedad
37756,La Liga,Brian Fariñas,EUR,12115.0,820000.0,630000.0,2026-07-01,2028-06-30,2.0,1260000.0,,ACTIVE,M,CM,20,Spain,Barcelona
37757,La Liga,Fran González,EUR,12115.0,800000.0,630000.0,2026-08-02,2031-06-30,5.0,3150000.0,,ACTIVE,K,GK,21,Spain,Sevilla
37758,La Liga,Peque Fernández,EUR,12115.0,780000.0,630000.0,2024-07-11,2028-06-30,2.0,1260000.0,,ACTIVE,F,SS,23,Spain,Sevilla
37759,La Liga,Aliou Dieng,EUR,12115.0,800000.0,630000.0,2026-07-07,2028-06-30,2.0,1260000.0,,ACTIVE,M,DM,28,Mali,Valencia
37760,La Liga,Cristian Rivero,EUR,12115.0,800000.0,630000.0,2026-02-18,2027-06-30,1.0,630000.0,,ACTIVE,K,GK,28,Spain,Valencia
37761,La Liga,Kayne van Oevelen,EUR,12115.0,800000.0,630000.0,2026-08-24,2027-06-30,1.0,630000.0,,LOAN,K,GK,23,Netherlands,Valencia
37762,La Liga,Alejandro Rego,EUR,12115.0,800000.0,630000.0,2026-06-20,2030-06-30,4.0,2520000.0,,ACTIVE,M,CM,23,Spain,Athletic Club
37763,La Liga,Salvi Esquivel,EUR,10000.0,680000.0,520000.0,2026-09-01,2029-06-30,3.0,1560000.0,,ACTIVE,K,GK,20,Spain,Atletico Madrid
37764,La Liga,Joaquín Muñoz,EUR,10000.0,650000.0,520000.0,2025-07-01,2027-06-30,1.0,520000.0,,ACTIVE,F,LW,27,Spain,Malaga
37765,La Liga,Mario Martín,EUR,10000.0,650000.0,520000.0,2026-07-01,2030-06-30,4.0,2080000.0,,ACTIVE,M,DM,22,Spain,Getafe
37766,La Liga,Sebastián Boselli,EUR,10000.0,650000.0,520000.0,2026-07-01,2030-06-30,4.0,2080000.0,,ACTIVE,D,CB,22,Uruguay,Getafe
37767,La Liga,Álvaro Mantilla,EUR,10000.0,650000.0,520000.0,2024-04-11,2028-06-30,2.0,1040000.0,,ACTIVE,D,RB,26,Spain,Racing Santander
37768,La Liga,Germán Parreño,EUR,10000.0,650000.0,520000.0,2026-06-07,2028-06-30,2.0,1040000.0,,ACTIVE,K,GK,33,Spain,Deportivo
37769,La Liga,Julio Díaz,EUR,10000.0,650000.0,520000.0,2026-07-28,2031-06-30,5.0,2600000.0,,ACTIVE,D,LB,21,Spain,Sevilla
37770,La Liga,Ramón Enríquez,EUR,10000.0,650000.0,520000.0,2024-07-17,2027-06-30,1.0,520000.0,,ACTIVE,M,CM,25,Spain,Malaga
37771,La Liga,Rockson Yeboah,EUR,10000.0,650000.0,520000.0,2026-08-12,2031-06-30,5.0,2600000.0,,ACTIVE,D,CB,22,Ghana,Osasuna
37772,La Liga,Carlos Macià,EUR,10000.0,690000.0,520000.0,2026-07-01,2031-06-30,5.0,2600000.0,,ACTIVE,M,CM,18,Spain,Villarreal
37773,La Liga,Arnau Ortiz,EUR,10000.0,680000.0,520000.0,2026-07-01,2028-06-30,2.0,1040000.0,,ACTIVE,F,LW,24,Spain,Atletico Madrid
37774,La Liga,Arnau Comas,EUR,10000.0,650000.0,520000.0,2025-07-04,2028-06-30,2.0,1040000.0,,ACTIVE,D,CB,26,Spain,Deportivo
37775,La Liga,Álex Padilla,EUR,10000.0,650000.0,520000.0,2025-01-03,2029-06-30,3.0,1560000.0,,ACTIVE,K,GK,23,Mexico,Athletic Club
37776,La Liga,Carlos Dotor,EUR,10000.0,650000.0,520000.0,2025-07-08,2027-06-30,1.0,520000.0,,ACTIVE,M,CM,25,Spain,Malaga
37777,La Liga,Hugo Rincón,EUR,10000.0,650000.0,520000.0,2024-07-01,2028-06-30,2.0,1040000.0,,ACTIVE,D,RB,23,Spain,Athletic Club
37778,La Liga,Jesse Bisiwu,EUR,10000.0,680000.0,520000.0,2026-07-31,2031-06-30,5.0,2600000.0,,ACTIVE,F,LW,18,Belgium,Barcelona
37779,La Liga,Iván Azón,EUR,10000.0,650000.0,520000.0,2026-09-01,2027-06-30,1.0,520000.0,,LOAN,F,CF,23,Spain,Getafe
37780,La Liga,Hamza Abdelkarim,EUR,10000.0,680000.0,520000.0,2026-09-11,2030-06-30,4.0,2080000.0,150000000.0,ACTIVE,F,CF,18,Egypt,Barcelona
37781,La Liga,Diego Murillo,EUR,10000.0,650000.0,520000.0,2026-03-13,2029-06-30,3.0,1560000.0,,ACTIVE,D,CB,25,Spain,Malaga
37782,La Liga,Einar Galilea,EUR,10000.0,650000.0,520000.0,2026-07-08,2027-06-30,1.0,520000.0,,ACTIVE,D,CB,32,Spain,Malaga
37783,La Liga,Jones El-Abdellaoui,EUR,10000.0,680000.0,520000.0,2025-01-08,2029-06-30,3.0,1560000.0,,ACTIVE,F,RW,20,Morocco,Celta Vigo
37784,La Liga,Eneko Jauregi,EUR,10000.0,650000.0,520000.0,2026-07-09,2027-06-30,1.0,520000.0,,ACTIVE,F,CF,30,Spain,Malaga
37785,La Liga,Izan Merino,EUR,10000.0,650000.0,520000.0,2025-05-20,2028-06-30,2.0,1040000.0,,ACTIVE,M,CM,20,Spain,Malaga
37786,La Liga,Xavi Espart,EUR,10000.0,680000.0,520000.0,2026-07-01,2028-06-30,2.0,1040000.0,,ACTIVE,D,RB,19,Spain,Barcelona
37787,La Liga,Rubén Gómez,EUR,10000.0,690000.0,520000.0,2026-07-01,2027-06-30,1.0,520000.0,,ACTIVE,K,GK,24,Spain,Villarreal
37788,La Liga,Lucas Noubi,EUR,8077.0,520000.0,420000.0,2025-07-01,2029-06-30,3.0,1260000.0,,ACTIVE,D,CB,21,Belgium,Deportivo
37789,La Liga,Ximo Navarro,EUR,8077.0,520000.0,420000.0,2026-07-01,2027-06-30,1.0,420000.0,,ACTIVE,D,RB,36,Spain,Deportivo
37790,La Liga,Job Ochieng,EUR,8077.0,550000.0,420000.0,2026-07-01,2028-06-30,2.0,840000.0,,ACTIVE,F,RW,23,Kenya,Real Sociedad
37791,La Liga,Javi Morcillo,EUR,8077.0,520000.0,420000.0,2026-08-06,2030-06-30,4.0,1680000.0,,ACTIVE,M,CM,20,Spain,Elche
37792,La Liga,Josan,EUR,8077.0,520000.0,420000.0,2025-07-04,2027-06-30,1.0,420000.0,,ACTIVE,F,RW,36,Spain,Elche
37793,La Liga,Simon Eriksson,EUR,8077.0,520000.0,420000.0,2026-01-19,2030-06-30,4.0,1680000.0,,ACTIVE,K,GK,20,Sweden,Racing Santander
37794,La Liga,Pedro Felipe,EUR,8077.0,520000.0,420000.0,2026-08-04,2030-06-30,4.0,1680000.0,,ACTIVE,D,CB,22,Brazil,Racing Santander
37795,La Liga,Jorge Salinas,EUR,8077.0,520000.0,420000.0,2025-07-01,2029-06-30,3.0,1260000.0,,ACTIVE,D,LB,19,Spain,Racing Santander
37796,La Liga,Iker Luque,EUR,8077.0,520000.0,420000.0,2026-08-31,2030-06-30,4.0,1680000.0,,ACTIVE,F,RW,21,Spain,Racing Santander
37797,La Liga,Jorge Domínguez,EUR,8077.0,550000.0,420000.0,2026-07-01,2028-06-30,2.0,840000.0,,ACTIVE,D,CB,16,Spain,Atletico Madrid
37798,La Liga,Dani Martinez,EUR,8077.0,550000.0,420000.0,2026-09-01,2030-06-30,4.0,1680000.0,,ACTIVE,D,CB,22,Spain,Atletico Madrid
37799,La Liga,Miguel Sierra,EUR,8077.0,520000.0,420000.0,2026-04-16,2029-06-30,3.0,1260000.0,,ACTIVE,F,RW,22,Spain,Sevilla
37800,La Liga,Rafa Rodríguez,EUR,8077.0,520000.0,420000.0,2025-07-01,2028-06-30,2.0,840000.0,,ACTIVE,F,AM,23,Spain,Malaga
37801,La Liga,Beñat Gerenabarrena,EUR,8077.0,520000.0,420000.0,2025-07-01,2027-06-30,1.0,420000.0,,ACTIVE,M,CM,23,Spain,Athletic Club
37802,La Liga,Aitor Mañas,EUR,8077.0,520000.0,420000.0,2026-06-26,2030-06-30,4.0,1680000.0,,ACTIVE,F,CF,23,Spain,Alaves
37803,La Liga,Youssef Enríquez,EUR,8077.0,520000.0,420000.0,2025-07-16,2029-06-30,3.0,1260000.0,,ACTIVE,D,LB,20,Morocco,Alaves
37804,La Liga,Álex Pastor,EUR,8077.0,520000.0,420000.0,2026-01-07,2028-06-30,2.0,840000.0,,ACTIVE,D,CB,26,Spain,Malaga
37805,La Liga,Adrián Niño,EUR,8077.0,520000.0,420000.0,2025-07-15,2029-06-30,3.0,1260000.0,,ACTIVE,F,CF,22,Spain,Malaga
37806,La Liga,Yanis Musuayi,EUR,8077.0,520000.0,420000.0,2026-08-02,2030-06-30,4.0,1680000.0,,ACTIVE,F,CF,19,Belgium,Levante
37807,La Liga,Jorge Cabello,EUR,8077.0,520000.0,420000.0,2024-07-01,2028-06-30,2.0,840000.0,,ACTIVE,D,CB,22,Spain,Levante
37808,La Liga,Mikel Rodriguez,EUR,8077.0,520000.0,420000.0,2026-07-16,2031-06-30,5.0,2100000.0,,ACTIVE,M,CM,24,Spain,Alaves
37809,La Liga,Ifeanyi Ndukwe,EUR,8077.0,520000.0,420000.0,2026-08-22,2027-06-30,1.0,420000.0,,LOAN,D,CB,18,Austria,Levante
37810,La Liga,Dani Barcia,EUR,8077.0,520000.0,420000.0,2025-02-13,2028-06-30,2.0,840000.0,,ACTIVE,D,CB,23,Spain,Deportivo
37811,La Liga,Zakaria Eddahchouri,EUR,7308.0,480000.0,380000.0,2025-01-30,2028-06-30,2.0,760000.0,,ACTIVE,F,CF,26,Netherlands,Deportivo
37812,La Liga,Asier Osambela,EUR,7308.0,550000.0,380000.0,2025-10-20,2029-06-30,3.0,1140000.0,,ACTIVE,M,CM,21,Spain,Osasuna
37813,La Liga,Carlos Puga,EUR,7308.0,480000.0,380000.0,2026-01-23,2029-06-30,3.0,1140000.0,,ACTIVE,D,RB,25,Spain,Malaga
37814,La Liga,Mario Soriano,EUR,7308.0,480000.0,380000.0,2024-06-28,2028-06-30,2.0,760000.0,,ACTIVE,F,AM,24,Spain,Deportivo
37815,La Liga,Marcos Fernández,EUR,7308.0,480000.0,380000.0,2025-07-01,2028-06-30,2.0,760000.0,2000000.0,ACTIVE,F,CF,23,Spain,Espanyol
37816,La Liga,Hugo Novoa,EUR,6731.0,430000.0,350000.0,2024-07-22,2029-06-30,3.0,1050000.0,,ACTIVE,D,RB,23,Spain,Alaves
37817,La Liga,Thiago Fernández,EUR,6346.0,410000.0,330000.0,2026-08-11,2027-06-30,1.0,330000.0,,LOAN,F,LW,22,Argentina,Levante
37818,La Liga,Jozhua Vertrouwd,EUR,5962.0,390000.0,310000.0,2026-07-01,2030-06-30,4.0,1240000.0,,ACTIVE,D,CB,22,Netherlands,Rayo Vallecano
37819,La Liga,Davinchi,EUR,5962.0,388000.0,310000.0,2025-07-03,2028-06-30,2.0,620000.0,,ACTIVE,D,LB,18,Spain,Getafe
37820,La Liga,Unai Egiluz,EUR,5962.0,390000.0,310000.0,2025-07-09,2028-06-30,2.0,620000.0,,ACTIVE,D,CB,24,Spain,Athletic Club
37821,La Liga,Matia Barzic,EUR,5962.0,390000.0,310000.0,2026-08-14,2030-06-30,4.0,1240000.0,,ACTIVE,D,CB,22,Croatia,Elche
37822,La Liga,Nacho Pérez,EUR,5962.0,390000.0,310000.0,2026-07-01,2028-06-30,2.0,620000.0,,ACTIVE,D,RB,18,Spain,Levante
37823,La Liga,Manu Bueno,EUR,5962.0,390000.0,310000.0,2023-05-15,2027-06-30,1.0,310000.0,,ACTIVE,M,CM,22,Spain,Sevilla
37824,La Liga,David Mella,EUR,5962.0,390000.0,310000.0,2024-11-07,2029-06-30,3.0,930000.0,,ACTIVE,F,RW,21,Spain,Deportivo
37825,La Liga,Hugo González,EUR,5962.0,400000.0,310000.0,2026-07-01,2028-06-30,2.0,620000.0,,ACTIVE,F,RW,23,Spain,Celta Vigo
37826,La Liga,Yoel Lago,EUR,5962.0,400000.0,310000.0,2025-07-01,2029-06-30,3.0,930000.0,,ACTIVE,D,CB,22,Spain,Celta Vigo
37827,La Liga,Aarón Ochoa,EUR,5962.0,390000.0,310000.0,2026-02-09,2029-06-30,3.0,930000.0,,ACTIVE,F,AM,19,Ireland,Malaga
37828,La Liga,Noé Carrillo,EUR,5962.0,390000.0,310000.0,2026-05-01,2029-06-30,3.0,930000.0,,ACTIVE,M,CM,19,Spain,Deportivo
37829,La Liga,Maguette Gueye,EUR,5962.0,390000.0,310000.0,2024-08-22,2029-06-30,3.0,930000.0,,ACTIVE,M,DM,23,Senegal,Racing Santander
37830,La Liga,Alassane Diatta,EUR,5962.0,410000.0,310000.0,2026-07-01,2030-06-30,4.0,1240000.0,,ACTIVE,M,CM,21,Senegal,Villarreal
37831,La Liga,Selu Diallo,EUR,5962.0,390000.0,310000.0,2025-07-01,2028-06-30,2.0,620000.0,,ACTIVE,M,CM,22,Guinea,Alaves
37832,La Liga,Ali Houary,EUR,5962.0,390000.0,310000.0,2025-07-01,2028-06-30,2.0,620000.0,,ACTIVE,F,SS,21,Morocco,Elche
37833,La Liga,Nico Serrano,EUR,5962.0,390000.0,310000.0,2022-07-01,2028-06-30,2.0,620000.0,,ACTIVE,F,LW,23,Spain,Athletic Club
37834,La Liga,Yago Santiago,EUR,5962.0,390000.0,310000.0,2024-07-30,2027-06-30,1.0,310000.0,,ACTIVE,F,LW,23,Spain,Elche
37835,La Liga,David Otorbi,EUR,5962.0,390000.0,310000.0,2026-04-18,2028-06-30,2.0,620000.0,,ACTIVE,F,RW,18,Spain,Valencia
37836,La Liga,Ángel Pérez,EUR,5962.0,390000.0,310000.0,2026-01-28,2030-06-30,4.0,1240000.0,,ACTIVE,F,RW,24,Spain,Alaves
37837,La Liga,Javi Hernández,EUR,5962.0,390000.0,310000.0,2024-07-01,2028-06-30,2.0,620000.0,,ACTIVE,F,AM,22,Spain,Espanyol
37838,La Liga,Gnangoro Bouare,EUR,5962.0,390000.0,310000.0,2026-08-27,2031-06-30,5.0,1550000.0,,ACTIVE,M,CM,22,Spain,Rayo Vallecano
37839,La Liga,Ville Koski,EUR,5000.0,323000.0,260000.0,2026-07-01,2031-06-30,5.0,1300000.0,,ACTIVE,D,CB,24,Finland,Alaves
37840,La Liga,Roger Hinojo,EUR,4808.0,313000.0,250000.0,2025-07-01,2030-06-30,4.0,1000000.0,,ACTIVE,D,LB,21,Spain,Espanyol
37841,La Liga,Miguel Román,EUR,4808.0,325000.0,250000.0,2025-08-15,2028-06-30,2.0,500000.0,,ACTIVE,M,CM,23,Spain,Celta Vigo
37842,La Liga,Jean Ives Valou,EUR,4808.0,313000.0,250000.0,2026-07-07,2027-06-30,1.0,250000.0,,ACTIVE,D,CB,20,Cote d'Ivoire,Getafe
37843,La Liga,Nico Guillén,EUR,4808.0,313000.0,250000.0,2026-07-01,2029-06-30,3.0,750000.0,,ACTIVE,M,CM,18,Spain,Sevilla
37844,La Liga,Iñigo Arguibide,EUR,4808.0,420000.0,250000.0,2026-01-01,2027-06-30,1.0,250000.0,,ACTIVE,D,RB,21,Spain,Osasuna
37845,La Liga,Iker Córdoba,EUR,4808.0,313000.0,250000.0,2025-07-01,2028-06-30,2.0,500000.0,,ACTIVE,D,CB,20,Spain,Valencia
37846,La Liga,Andrés Castrín,EUR,4808.0,313000.0,250000.0,2026-01-01,2027-06-30,1.0,250000.0,,ACTIVE,D,CB,23,Spain,Sevilla
37847,La Liga,Rafel Bauzà,EUR,4808.0,313000.0,250000.0,2025-07-01,2028-06-30,2.0,500000.0,,ACTIVE,M,CM,21,Spain,Espanyol
37848,La Liga,Rafita Garrido,EUR,4808.0,313000.0,250000.0,2025-11-27,2029-06-30,3.0,750000.0,,ACTIVE,D,RB,21,Spain,Malaga
37849,La Liga,Haitam Abaida,EUR,4808.0,313000.0,250000.0,2023-12-13,2027-06-30,1.0,250000.0,,ACTIVE,F,RW,24,Morocco,Malaga
37850,La Liga,Pelayo Fernández,EUR,4038.0,273000.0,210000.0,2024-07-02,2028-06-30,2.0,420000.0,,ACTIVE,D,CB,23,Spain,Rayo Vallecano
37851,La Liga,Marc Santos,EUR,4038.0,273000.0,210000.0,2026-07-01,2029-06-30,3.0,630000.0,,ACTIVE,D,LB,15,Spain,Levante
37852,La Liga,Paco Cortés,EUR,4038.0,273000.0,210000.0,2025-07-01,2028-06-30,2.0,420000.0,,ACTIVE,F,LW,19,Spain,Levante
37853,La Liga,Carlos López,EUR,4038.0,273000.0,210000.0,2025-02-04,2029-06-30,3.0,630000.0,,ACTIVE,K,GK,21,Spain,Malaga
37854,La Liga,Adam Boayar,EUR,4038.0,273000.0,210000.0,2024-01-01,2027-06-30,1.0,210000.0,,ACTIVE,F,SS,20,Morocco,Elche
37855,La Liga,Ángel Recio,EUR,4038.0,273000.0,210000.0,2026-02-26,2029-06-30,3.0,630000.0,,ACTIVE,D,CB,23,Spain,Malaga
37856,La Liga,Dani Requena,EUR,4038.0,273000.0,210000.0,2026-07-17,2027-06-30,1.0,210000.0,,LOAN,M,CM,22,Spain,Levante
37857,La Liga,Álex Primo,EUR,4038.0,273000.0,210000.0,2026-07-01,2028-06-30,2.0,420000.0,,ACTIVE,K,GK,22,Spain,Levante
37858,La Liga,Adrián Rodríguez,EUR,3269.0,212000.0,170000.0,2024-07-01,2028-06-30,2.0,340000.0,,ACTIVE,K,GK,25,Argentina,Alaves
37859,La Liga,Ronald Araujo,EUR,,,,2025-01-23,2031-06-30,5.0,,80000000.0,INACTIVE,D,CB,27,Uruguay,Barcelona
37860,Serie A,Lautaro Martínez,EUR,320577.0,20370000.0,16670000.0,2024-08-12,2029-06-30,3.0,50010000.0,,ACTIVE,F,CF,29,Argentina,Inter Milan
37861,Serie A,Nicolò Barella,EUR,231538.0,12970000.0,12040000.0,2024-06-11,2029-06-30,3.0,36120000.0,,ACTIVE,M,CM,29,Italy,Inter Milan
37862,Serie A,Kevin De Bruyne,EUR,213654.0,13890000.0,11110000.0,2025-07-01,2027-06-30,1.0,11110000.0,,ACTIVE,F,AM,35,Belgium,Napoli
37863,Serie A,Hakan Çalhanoğlu,EUR,213654.0,12040000.0,11110000.0,2023-07-05,2027-06-30,1.0,11110000.0,,ACTIVE,M,DM,32,Turkey,Inter Milan
37864,Serie A,Kenan Yıldız,EUR,213654.0,15370000.0,11110000.0,2026-02-07,2030-06-30,4.0,44440000.0,,ACTIVE,F,LW,21,Turkey,Juventus
37865,Serie A,Randal Kolo Muani,EUR,195962.0,12970000.0,10190000.0,2026-08-02,2031-06-30,5.0,50950000.0,,ACTIVE,F,CF,27,France,Juventus
37866,Serie A,Alessandro Bastoni,EUR,195962.0,12040000.0,10190000.0,2023-07-05,2028-06-30,2.0,20380000.0,,ACTIVE,D,CB,27,Italy,Inter Milan
37867,Serie A,Adrien Rabiot,EUR,178077.0,11570000.0,9260000.0,2025-09-01,2028-06-30,2.0,18520000.0,,ACTIVE,M,CM,31,France,AC Milan
37868,Serie A,Bremer,EUR,178077.0,11110000.0,9260000.0,2024-08-05,2029-06-30,3.0,27780000.0,,ACTIVE,D,CB,29,Brazil,Juventus
37869,Serie A,Rasmus Højlund,EUR,178077.0,11570000.0,9260000.0,2026-07-01,2030-06-30,4.0,37040000.0,85000000.0,ACTIVE,F,CF,23,Denmark,Napoli
37870,Serie A,Douglas Luiz,EUR,160192.0,9260000.0,8330000.0,2024-07-01,2029-06-30,3.0,24990000.0,,ACTIVE,M,CM,28,Brazil,Juventus
37871,Serie A,Piotr Zielinski,EUR,160192.0,10180000.0,8330000.0,2024-07-01,2028-06-30,2.0,16660000.0,,ACTIVE,M,CM,32,Poland,Inter Milan
37872,Serie A,Nick Woltemade,EUR,156731.0,10190000.0,8150000.0,2026-09-01,2027-06-30,1.0,8150000.0,,LOAN,F,CF,24,Germany,Juventus
37873,Serie A,Marcus Thuram,EUR,147885.0,8330000.0,7690000.0,2023-07-01,2028-06-30,2.0,15380000.0,95000000.0,ACTIVE,F,CF,29,France,Inter Milan
37874,Serie A,Donyell Malen,EUR,142500.0,8520000.0,7410000.0,2026-07-01,2030-06-30,4.0,29640000.0,,ACTIVE,F,CF,27,Netherlands,Roma
37875,Serie A,John Stones,EUR,142500.0,9260000.0,7410000.0,2026-07-30,2028-06-30,2.0,14820000.0,,ACTIVE,D,CB,32,England,Inter Milan
37876,Serie A,Franck Kessié,EUR,142500.0,9870000.0,7410000.0,2026-08-29,2029-06-30,3.0,22230000.0,,ACTIVE,M,CM,29,Cote d'Ivoire,Atalanta
37877,Serie A,Federico Dimarco,EUR,142500.0,8710000.0,7410000.0,2023-12-30,2027-06-30,1.0,7410000.0,,ACTIVE,D,LB,28,Italy,Inter Milan
37878,Serie A,Gonçalo Ramos,EUR,142500.0,9260000.0,7410000.0,2026-06-30,2031-06-30,5.0,37050000.0,,ACTIVE,F,CF,25,Portugal,AC Milan
37879,Serie A,Manuel Locatelli,EUR,142500.0,8340000.0,7410000.0,2026-04-17,2030-06-30,4.0,29640000.0,,ACTIVE,M,DM,28,Italy,Juventus
37880,Serie A,Nico Paz,EUR,142500.0,9260000.0,7410000.0,2024-08-25,2028-06-30,2.0,14820000.0,,ACTIVE,F,AM,21,Argentina,Como
37881,Serie A,Francisco Conceição,EUR,135385.0,8800000.0,7040000.0,2025-07-22,2030-06-30,4.0,28160000.0,,ACTIVE,F,RW,23,Portugal,Juventus
37882,Serie A,Manuel Akanji,EUR,133462.0,8210000.0,6940000.0,2026-07-01,2028-06-30,2.0,13880000.0,,ACTIVE,D,CB,31,Switzerland,Inter Milan
37883,Serie A,Álvaro Morata,EUR,128269.0,7670000.0,6670000.0,2026-07-01,2029-06-30,3.0,20010000.0,,INACTIVE,F,CF,33,Spain,Como
37884,Serie A,Giacomo Raspadori,EUR,128269.0,7670000.0,6670000.0,2026-01-15,2030-06-30,4.0,26680000.0,,ACTIVE,F,SS,26,Italy,Atalanta
37885,Serie A,Trevoh Chalobah,EUR,128269.0,7670000.0,6670000.0,2026-08-09,2031-06-30,5.0,33350000.0,,ACTIVE,D,CB,27,England,Como
37886,Serie A,Maxence Caqueret,EUR,128269.0,8340000.0,6670000.0,2025-01-12,2029-06-30,3.0,20010000.0,,ACTIVE,M,CM,26,France,Como
37887,Serie A,Curtis Jones,EUR,124615.0,7450000.0,6480000.0,2026-08-21,2031-06-30,5.0,32400000.0,,ACTIVE,M,CM,25,England,Inter Milan
37888,Serie A,Mario Hermoso,EUR,124615.0,8100000.0,6480000.0,2026-05-26,2027-06-30,1.0,6480000.0,,ACTIVE,D,CB,31,Spain,Roma
37889,Serie A,Luka Modrić,EUR,124615.0,8330000.0,6480000.0,2026-07-23,2027-06-30,1.0,6480000.0,,ACTIVE,M,CM,40,Croatia,AC Milan
37890,Serie A,Giovanni Di Lorenzo,EUR,124615.0,7410000.0,6480000.0,2026-09-02,2030-06-30,4.0,25920000.0,,ACTIVE,D,RB,33,Italy,Napoli
37891,Serie A,Matteo Politano,EUR,124615.0,8100000.0,6480000.0,2025-09-23,2028-06-30,2.0,12960000.0,,ACTIVE,F,RW,33,Italy,Napoli
37892,Serie A,Benjamin Pavard,EUR,123269.0,7370000.0,6410000.0,2023-08-30,2028-06-30,2.0,12820000.0,,ACTIVE,D,CB,30,France,Inter Milan
37893,Serie A,Moise Kean,EUR,123269.0,7370000.0,6410000.0,2026-09-01,2027-06-30,1.0,6410000.0,,LOAN,F,CF,26,Italy,Como
37894,Serie A,Mike Maignan,EUR,123269.0,8010000.0,6410000.0,2026-01-31,2031-06-30,5.0,32050000.0,,ACTIVE,K,GK,31,France,AC Milan
37895,Serie A,Gianluca Mancini,EUR,121154.0,7870000.0,6300000.0,2026-07-18,2029-06-30,3.0,18900000.0,,ACTIVE,D,CB,30,Italy,Roma
37896,Serie A,Gianluca Scamacca,EUR,114038.0,7410000.0,5930000.0,2026-06-02,2028-06-30,2.0,11860000.0,,ACTIVE,F,CF,27,Italy,Atalanta
37897,Serie A,Teun Koopmeiners,EUR,110962.0,7210000.0,5770000.0,2024-08-28,2029-06-30,3.0,17310000.0,,ACTIVE,M,DM,28,Netherlands,Juventus
37898,Serie A,Mario Gila,EUR,110962.0,7050000.0,5770000.0,2026-07-10,2031-06-30,5.0,28850000.0,,ACTIVE,D,CB,26,Spain,AC Milan
37899,Serie A,Federico Gatti,EUR,110385.0,6480000.0,5740000.0,2025-07-23,2030-06-30,4.0,22960000.0,,ACTIVE,D,CB,28,Italy,Juventus
37900,Serie A,David Neres,EUR,106923.0,6490000.0,5560000.0,2024-08-21,2028-06-30,2.0,11120000.0,,ACTIVE,F,RW,29,Brazil,Napoli
37901,Serie A,Djed Spence,EUR,106923.0,6390000.0,5560000.0,2026-08-15,2031-06-30,5.0,27800000.0,,ACTIVE,D,RB,26,England,Inter Milan
37902,Serie A,Scott McTominay,EUR,106923.0,6950000.0,5560000.0,2024-08-30,2028-06-30,2.0,11120000.0,,ACTIVE,M,CM,29,Scotland,Napoli
37903,Serie A,David de Gea,EUR,106923.0,6950000.0,5560000.0,2025-05-30,2028-06-30,2.0,11120000.0,,ACTIVE,K,GK,35,Spain,Fiorentina
37904,Serie A,Domenico Berardi,EUR,106923.0,6950000.0,5560000.0,2025-08-21,2029-06-30,3.0,16680000.0,,ACTIVE,F,RW,32,Italy,Sassuolo
37905,Serie A,Mattia Zaccagni,EUR,106923.0,6490000.0,5560000.0,2024-04-17,2029-06-30,3.0,16680000.0,,ACTIVE,F,LW,31,Italy,Lazio
37906,Serie A,Eljif Elmas,EUR,106923.0,6390000.0,5560000.0,2026-08-22,2027-06-30,1.0,5560000.0,,LOAN,F,AM,26,North Macedonia,Atalanta
37907,Serie A,Bryan Cristante,EUR,106923.0,6490000.0,5560000.0,2026-07-18,2028-06-30,2.0,11120000.0,,ACTIVE,M,DM,31,Italy,Roma
37908,Serie A,Alessio Romagnoli,EUR,106923.0,6300000.0,5560000.0,2022-07-12,2027-06-30,1.0,5560000.0,,ACTIVE,D,CB,31,Italy,Lazio
37909,Serie A,Kerim Alajbegovic,EUR,106923.0,6390000.0,5560000.0,2026-08-02,2031-06-30,5.0,27800000.0,,ACTIVE,F,LW,18,Bosnia-Herzegovina,Juventus
37910,Serie A,Diego Moreira,EUR,106923.0,6390000.0,5560000.0,2026-08-19,2031-06-30,5.0,27800000.0,,ACTIVE,M,LM,22,Belgium,AC Milan
37911,Serie A,Pape Sarr,EUR,106923.0,6390000.0,5560000.0,2026-09-01,2027-06-30,1.0,5560000.0,,LOAN,M,CM,23,Senegal,Juventus
37912,Serie A,Weston McKennie,EUR,103462.0,6190000.0,5380000.0,2026-03-02,2030-06-30,4.0,21520000.0,,ACTIVE,M,CM,28,United States,Juventus
37913,Serie A,Davide Frattesi,EUR,99808.0,6490000.0,5190000.0,2026-08-14,2027-06-30,1.0,5190000.0,,LOAN,M,CM,26,Italy,Lazio
37914,Serie A,Radu Drăgușin,EUR,99808.0,5970000.0,5190000.0,2026-07-08,2027-06-30,1.0,5190000.0,,LOAN,D,CB,24,Romania,Fiorentina
37915,Serie A,Benoît Badiashile,EUR,99808.0,5970000.0,5190000.0,2026-08-22,2027-06-30,1.0,5190000.0,,LOAN,D,CB,25,France,Napoli
37916,Serie A,Kouadio Koné,EUR,99808.0,6490000.0,5190000.0,2024-08-30,2029-06-30,3.0,15570000.0,,ACTIVE,M,CM,25,France,Roma
37917,Serie A,Ruben Loftus-Cheek,EUR,98654.0,6410000.0,5130000.0,2023-07-01,2027-06-30,1.0,5130000.0,,ACTIVE,M,CM,30,England,AC Milan
37918,Serie A,Samuel Chukwueze,EUR,98654.0,5900000.0,5130000.0,2023-07-27,2028-06-30,2.0,10260000.0,,ACTIVE,F,RW,27,Nigeria,AC Milan
37919,Serie A,Éderson,EUR,98654.0,5900000.0,5130000.0,2026-07-17,2031-06-30,5.0,25650000.0,,ACTIVE,M,CM,27,Brazil,Atalanta
37920,Serie A,Evan N'Dicka,EUR,98654.0,6410000.0,5130000.0,2023-07-01,2028-06-30,2.0,10260000.0,,ACTIVE,D,CB,27,Cote d'Ivoire,Roma
37921,Serie A,Christian Pulisic,EUR,98654.0,6410000.0,5130000.0,2023-07-13,2027-06-30,1.0,5130000.0,,ACTIVE,F,RW,27,United States,AC Milan
37922,Serie A,Youssouf Fofana,EUR,98269.0,6390000.0,5110000.0,2024-08-17,2028-06-30,2.0,10220000.0,,INACTIVE,M,DM,27,France,AC Milan
37923,Serie A,Nahuel Molina,EUR,97885.0,6480000.0,5090000.0,2026-08-12,2030-06-30,4.0,20360000.0,,ACTIVE,D,RB,28,Argentina,Roma
37924,Serie A,Francesco Pio Esposito,EUR,96154.0,6250000.0,5000000.0,2025-04-11,2032-06-30,6.0,30000000.0,,ACTIVE,F,CF,21,Italy,Inter Milan
37927,Serie A,Vanja Milinković-Savić,EUR,89038.0,5320000.0,4630000.0,2026-07-01,2030-06-30,4.0,18520000.0,,ACTIVE,K,GK,29,Serbia,Napoli
37928,Serie A,Lorenzo Pellegrini,EUR,89038.0,5320000.0,4630000.0,2026-08-08,2027-06-30,1.0,4630000.0,,ACTIVE,F,AM,30,Italy,Roma
37929,Serie A,Paulo Dybala,EUR,89038.0,12040000.0,4630000.0,2026-07-13,2027-06-30,1.0,4630000.0,,ACTIVE,F,SS,32,Argentina,Roma
37930,Serie A,Guglielmo Vicario,EUR,89038.0,5320000.0,4630000.0,2026-08-18,2027-06-30,1.0,4630000.0,,LOAN,K,GK,29,Italy,Juventus
37931,Serie A,Ardon Jashari,EUR,89038.0,5790000.0,4630000.0,2025-08-06,2030-06-30,4.0,18520000.0,,ACTIVE,M,DM,24,Switzerland,AC Milan
37932,Serie A,Edon Zhegrova,EUR,89038.0,5790000.0,4630000.0,2025-09-01,2030-06-30,4.0,18520000.0,,ACTIVE,F,RW,27,Kosovo,Juventus
37933,Serie A,Christopher Nkunku,EUR,89038.0,5790000.0,4630000.0,2025-08-30,2030-06-30,4.0,18520000.0,,INACTIVE,F,CF,28,France,AC Milan
37934,Serie A,Noa Lang,EUR,89038.0,5320000.0,4630000.0,2025-07-17,2030-06-30,4.0,18520000.0,,ACTIVE,F,LW,27,Netherlands,Napoli
37935,Serie A,Riccardo Orsolini,EUR,89038.0,5190000.0,4630000.0,2026-08-20,2031-06-30,5.0,23150000.0,,ACTIVE,F,RW,29,Italy,Bologna
37936,Serie A,Pervis Estupiñán,EUR,89038.0,5790000.0,4630000.0,2025-07-24,2030-06-30,4.0,18520000.0,,ACTIVE,D,LB,28,Ecuador,AC Milan
37937,Serie A,Alessandro Buongiorno,EUR,89038.0,5790000.0,4630000.0,2024-07-13,2029-06-30,3.0,13890000.0,,ACTIVE,D,CB,27,Italy,Napoli
37938,Serie A,Alex Meret,EUR,89038.0,5790000.0,4630000.0,2025-06-27,2027-06-30,1.0,4630000.0,,ACTIVE,K,GK,29,Italy,Napoli
37939,Serie A,Jérémie Boga,EUR,89038.0,5320000.0,4630000.0,2026-07-01,2029-06-30,3.0,13890000.0,,ACTIVE,F,LW,29,Cote d'Ivoire,Juventus
37940,Serie A,Nicolás González,EUR,88846.0,5310000.0,4620000.0,2025-07-01,2029-06-30,3.0,13860000.0,,ACTIVE,F,LW,28,Argentina,Juventus
37941,Serie A,Fikayo Tomori,EUR,86346.0,5610000.0,4490000.0,2022-08-12,2027-06-30,1.0,4490000.0,,ACTIVE,D,CB,28,England,AC Milan
37942,Serie A,Nuno Tavares,EUR,85385.0,5110000.0,4440000.0,2025-07-01,2029-06-30,3.0,13320000.0,,ACTIVE,D,LB,26,Portugal,Lazio
37943,Serie A,Lloyd Kelly,EUR,85385.0,5550000.0,4440000.0,2025-07-01,2029-06-30,3.0,13320000.0,,ACTIVE,D,CB,27,England,Juventus
37944,Serie A,Andrea Cambiaso,EUR,85385.0,5550000.0,4440000.0,2024-05-24,2029-06-30,3.0,13320000.0,,ACTIVE,D,LB,26,Italy,Juventus
37945,Serie A,Leonardo Balerdi,EUR,85385.0,5550000.0,4440000.0,2026-08-30,2027-06-30,1.0,4440000.0,,LOAN,D,CB,27,Argentina,Roma
37946,Serie A,Mile Svilar,EUR,83846.0,5130000.0,4360000.0,2025-07-11,2030-06-30,4.0,17440000.0,,ACTIVE,K,GK,27,Serbia,Roma
37947,Serie A,Zeki Çelik,EUR,78846.0,5130000.0,4100000.0,2026-07-16,2029-06-30,3.0,12300000.0,,ACTIVE,D,RB,29,Turkey,Juventus
37948,Serie A,Luis Henrique,EUR,78269.0,5180000.0,4070000.0,2025-06-07,2030-06-30,4.0,16280000.0,,ACTIVE,M,RM,24,Brazil,Inter Milan
37949,Serie A,Santiago Castro,EUR,78269.0,4680000.0,4070000.0,2026-07-30,2031-06-30,5.0,20350000.0,,ACTIVE,F,CF,21,Argentina,Roma
37950,Serie A,Andrea Pinamonti,EUR,74808.0,4860000.0,3890000.0,2026-08-27,2031-06-30,5.0,19450000.0,,ACTIVE,F,CF,27,Italy,Lazio
37951,Serie A,Yann Aurel Bisseck,EUR,74038.0,4430000.0,3850000.0,2026-07-29,2031-06-30,5.0,19250000.0,120000000.0,ACTIVE,D,CB,25,Germany,Inter Milan
37952,Serie A,Alexis Saelemaekers,EUR,74038.0,4490000.0,3850000.0,2025-12-15,2031-06-30,5.0,19250000.0,,ACTIVE,M,RM,27,Belgium,AC Milan
37953,Serie A,Ange-Yoan Bonny,EUR,71154.0,4630000.0,3700000.0,2025-07-05,2030-06-30,4.0,14800000.0,,ACTIVE,F,CF,22,Cote d'Ivoire,Inter Milan
37954,Serie A,Nemanja Matić,EUR,71154.0,4630000.0,3700000.0,2025-08-26,2027-06-30,1.0,3700000.0,,ACTIVE,M,DM,38,Serbia,Sassuolo
37955,Serie A,Wesley,EUR,71154.0,4630000.0,3700000.0,2025-07-28,2030-06-30,4.0,14800000.0,,ACTIVE,D,RB,22,Brazil,Roma
37956,Serie A,Mario Pašalić,EUR,71154.0,4630000.0,3700000.0,2025-07-01,2028-06-30,2.0,7400000.0,,ACTIVE,M,CM,31,Croatia,Atalanta
37957,Serie A,Matías Soulé,EUR,71154.0,4630000.0,3700000.0,2024-07-30,2029-06-30,3.0,11100000.0,,ACTIVE,F,RW,23,Argentina,Roma
37958,Serie A,Marten de Roon,EUR,71154.0,4630000.0,3700000.0,2026-08-30,2028-06-30,2.0,7400000.0,,ACTIVE,M,DM,35,Netherlands,Roma
37959,Serie A,Artem Dovbyk,EUR,71154.0,4630000.0,3700000.0,2026-07-30,2027-06-30,1.0,3700000.0,,LOAN,F,CF,29,Ukraine,Bologna
37960,Serie A,Arthur Theate,EUR,71154.0,4630000.0,3700000.0,2026-08-30,2027-06-30,1.0,3700000.0,,LOAN,D,CB,26,Belgium,Bologna
37961,Serie A,Konstantinos Koulierakis,EUR,71154.0,4260000.0,3700000.0,2026-08-01,2031-06-30,5.0,18500000.0,,ACTIVE,D,CB,22,Greece,Roma
37962,Serie A,Diego Carlos,EUR,71154.0,4630000.0,3700000.0,2026-09-01,2027-06-30,1.0,3700000.0,,LOAN,D,CB,33,Brazil,Parma
37963,Serie A,Lorenzo Lucca,EUR,71154.0,4630000.0,3700000.0,2026-01-22,2030-06-30,4.0,14800000.0,,ACTIVE,F,CF,25,Italy,Napoli
37964,Serie A,Leonardo Spinazzola,EUR,71154.0,4630000.0,3700000.0,2026-06-29,2028-06-30,2.0,7400000.0,,ACTIVE,D,LB,33,Italy,Napoli
37965,Serie A,Nicolò Rovella,EUR,71154.0,4630000.0,3700000.0,2025-07-01,2028-06-30,2.0,7400000.0,50000000.0,ACTIVE,M,DM,24,Italy,Lazio
37966,Serie A,Alfonso Pedraza,EUR,71154.0,4630000.0,3700000.0,2026-07-03,2029-06-30,3.0,11100000.0,,ACTIVE,D,LB,30,Spain,Lazio
37967,Serie A,Adam Marusic,EUR,71154.0,4630000.0,3700000.0,2026-01-08,2028-06-30,2.0,7400000.0,,ACTIVE,D,RB,33,Montenegro,Lazio
37968,Serie A,Khéphren Thuram,EUR,71154.0,4630000.0,3700000.0,2024-07-10,2029-06-30,3.0,11100000.0,,ACTIVE,M,CM,25,France,Juventus
37969,Serie A,Luis Milla,EUR,71154.0,4630000.0,3700000.0,2026-07-02,2029-06-30,3.0,11100000.0,,ACTIVE,M,CM,31,Spain,Como
37970,Serie A,Jonathan David,EUR,71154.0,5550000.0,3700000.0,2025-07-04,2030-06-30,4.0,14800000.0,,INACTIVE,F,CF,26,Canada,Juventus
37971,Serie A,Robert Sánchez,EUR,71154.0,4630000.0,3700000.0,2026-09-01,2027-06-30,1.0,3700000.0,,LOAN,K,GK,28,Spain,Como
37972,Serie A,Beto,EUR,71154.0,4630000.0,3700000.0,2026-09-01,2030-06-30,4.0,14800000.0,,ACTIVE,F,CF,28,Guinea-Bissau,Fiorentina
37973,Serie A,João Mário,EUR,71154.0,4630000.0,3700000.0,2026-08-03,2027-06-30,1.0,3700000.0,,LOAN,D,RB,26,Portugal,Fiorentina
37974,Serie A,Andy Diouf,EUR,71154.0,4630000.0,3700000.0,2025-08-22,2030-06-30,4.0,14800000.0,,ACTIVE,M,RM,23,France,Inter Milan
37975,Serie A,Stanislav Lobotka,EUR,69038.0,4230000.0,3590000.0,2023-03-15,2027-06-30,1.0,3590000.0,25000000.0,ACTIVE,M,DM,31,Slovakia,Napoli
37976,Serie A,Niccolò Pisilli,EUR,67692.0,4050000.0,3520000.0,2025-02-23,2029-06-30,3.0,10560000.0,,ACTIVE,M,CM,21,Italy,Roma
37977,Serie A,André Zambo Anguissa,EUR,66538.0,3840000.0,3460000.0,2022-11-11,2027-06-30,1.0,3460000.0,,ACTIVE,M,CM,30,Cameroon,Napoli
37978,Serie A,Nicolò Fagioli,EUR,64038.0,4160000.0,3330000.0,2025-07-01,2028-06-30,2.0,6660000.0,,ACTIVE,M,CM,25,Italy,Fiorentina
37979,Serie A,Raoul Bellanova,EUR,64038.0,4160000.0,3330000.0,2024-08-22,2029-06-30,3.0,9990000.0,,ACTIVE,M,RM,26,Italy,Atalanta
37980,Serie A,Antonio Vergara,EUR,64038.0,4160000.0,3330000.0,2026-07-25,2031-06-30,5.0,16650000.0,,ACTIVE,F,AM,23,Italy,Napoli
37981,Serie A,Billy Gilmour,EUR,64038.0,4160000.0,3330000.0,2024-08-30,2029-06-30,3.0,9990000.0,,ACTIVE,M,DM,25,Scotland,Napoli
37982,Serie A,Akor Adams,EUR,64038.0,4160000.0,3330000.0,2026-07-22,2030-06-30,4.0,13320000.0,,ACTIVE,F,CF,26,Nigeria,Venezia
37983,Serie A,Vitinha,EUR,64038.0,4160000.0,3330000.0,2024-07-01,2028-06-30,2.0,6660000.0,,ACTIVE,F,CF,26,Portugal,Genoa
37984,Serie A,Ché Adams,EUR,64038.0,4160000.0,3330000.0,2024-07-23,2027-06-30,1.0,3330000.0,,ACTIVE,F,CF,30,Scotland,Torino
37985,Serie A,Omari Hutchinson,EUR,64038.0,4160000.0,3330000.0,2026-08-31,2027-06-30,1.0,3330000.0,,LOAN,F,RW,22,England,AC Milan
37986,Serie A,Federico Bernardeschi,EUR,64038.0,4160000.0,3330000.0,2025-07-19,2027-06-30,1.0,3330000.0,,ACTIVE,F,RW,32,Italy,Bologna
37987,Serie A,Nicolò Zaniolo,EUR,64038.0,3700000.0,3330000.0,2026-07-01,2029-06-30,3.0,9990000.0,,ACTIVE,F,SS,27,Italy,Udinese
37988,Serie A,David Alaba,EUR,64038.0,3700000.0,3330000.0,2026-09-24,2027-06-30,1.0,3330000.0,,ACTIVE,D,CB,34,Austria,Udinese
37989,Serie A,Rodrigo Mora,EUR,64038.0,3830000.0,3330000.0,2026-08-19,2031-06-30,5.0,16650000.0,,ACTIVE,F,AM,19,Portugal,Roma
37990,Serie A,Daniele Rugani,EUR,64038.0,4160000.0,3330000.0,2025-10-20,2028-06-30,2.0,6660000.0,,ACTIVE,D,CB,32,Italy,Juventus
37991,Serie A,Matteo Gabbia,EUR,64038.0,4070000.0,3330000.0,2024-11-28,2029-06-30,3.0,9990000.0,,ACTIVE,D,CB,26,Italy,AC Milan
37992,Serie A,Hamed Junior Traorè,EUR,64038.0,4160000.0,3330000.0,2026-07-17,2027-06-30,1.0,3330000.0,,LOAN,F,LW,26,Cote d'Ivoire,Genoa
37993,Serie A,Franco Mastantuono,EUR,62308.0,4050000.0,3240000.0,2026-08-07,2027-06-30,1.0,3240000.0,,LOAN,F,RW,19,Argentina,Fiorentina
37994,Serie A,Charles De Ketelaere,EUR,61731.0,4010000.0,3210000.0,2024-07-01,2028-06-30,2.0,6420000.0,,ACTIVE,F,AM,25,Belgium,Atalanta
37995,Serie A,Sam Beukema,EUR,61731.0,4010000.0,3210000.0,2025-07-20,2030-06-30,4.0,12840000.0,,ACTIVE,D,CB,27,Netherlands,Napoli
37996,Serie A,Jhon Lucumí,EUR,61731.0,3690000.0,3210000.0,2026-08-17,2030-06-30,4.0,12840000.0,,ACTIVE,D,CB,28,Colombia,Juventus
37997,Serie A,Amir Rrahmani,EUR,61731.0,4010000.0,3210000.0,2023-05-26,2027-06-30,1.0,3210000.0,,ACTIVE,D,CB,32,Kosovo,Napoli
37998,Serie A,Giovanni Simeone,EUR,60577.0,3940000.0,3150000.0,2026-07-01,2028-06-30,2.0,6300000.0,,ACTIVE,F,CF,31,Argentina,Torino
37999,Serie A,Sebastiano Esposito,EUR,60577.0,3620000.0,3150000.0,2026-08-29,2027-06-30,1.0,3150000.0,,LOAN,F,SS,24,Italy,Sassuolo
38000,Serie A,Fabiano Parisi,EUR,60577.0,3710000.0,3150000.0,2025-09-12,2029-06-30,3.0,9450000.0,,ACTIVE,D,LB,25,Italy,Fiorentina
38001,Serie A,Danilho Doekhi,EUR,60577.0,3620000.0,3150000.0,2026-07-14,2029-06-30,3.0,9450000.0,,ACTIVE,D,CB,28,Netherlands,Lazio
38002,Serie A,Kenneth Taylor,EUR,60577.0,3940000.0,3150000.0,2026-01-09,2030-06-30,4.0,12600000.0,,ACTIVE,M,CM,24,Netherlands,Lazio
38003,Serie A,Koni De Winter,EUR,60577.0,3940000.0,3150000.0,2025-08-13,2030-06-30,4.0,12600000.0,,ACTIVE,D,CB,24,Belgium,AC Milan
38004,Serie A,Kamil Grabara,EUR,60577.0,3940000.0,3150000.0,2026-08-25,2027-06-30,1.0,3150000.0,,LOAN,K,GK,27,Poland,Juventus
38005,Serie A,Justin Bijlow,EUR,60577.0,3940000.0,3150000.0,2026-06-03,2029-06-30,3.0,9450000.0,,ACTIVE,K,GK,28,Netherlands,Genoa
38006,Serie A,Manuel Lazzari,EUR,60577.0,3940000.0,3150000.0,2022-11-22,2027-06-30,1.0,3150000.0,,ACTIVE,D,RB,32,Italy,Lazio
38007,Serie A,Strahinja Pavlović,EUR,60577.0,3940000.0,3150000.0,2024-07-31,2028-06-30,2.0,6300000.0,,ACTIVE,D,CB,25,Serbia,AC Milan
38008,Serie A,Pierre Kalulu,EUR,59231.0,3850000.0,3080000.0,2025-07-01,2029-06-30,3.0,9240000.0,,ACTIVE,D,CB,26,France,Juventus
38009,Serie A,Kamaldeen Sulemana,EUR,56923.0,3700000.0,2960000.0,2025-07-02,2029-06-30,3.0,8880000.0,,ACTIVE,F,LW,24,Ghana,Atalanta
38010,Serie A,Roberto Piccoli,EUR,56923.0,3700000.0,2960000.0,2026-08-13,2027-06-30,1.0,2960000.0,,LOAN,F,CF,25,Italy,Bologna
38011,Serie A,Giovanni Fabbian,EUR,56923.0,3400000.0,2960000.0,2026-08-28,2027-06-30,1.0,2960000.0,,LOAN,F,AM,23,Italy,Parma
38012,Serie A,Nicola Zalewski,EUR,56923.0,3700000.0,2960000.0,2025-08-18,2029-06-30,3.0,8880000.0,,ACTIVE,M,LM,24,Poland,Atalanta
38013,Serie A,Rolando Mandragora,EUR,56923.0,3700000.0,2960000.0,2026-09-01,2029-06-30,3.0,8880000.0,,ACTIVE,M,DM,29,Italy,Torino
38014,Serie A,Albert Gudmundsson,EUR,54231.0,3530000.0,2820000.0,2026-09-01,2027-06-30,1.0,2820000.0,,LOAN,F,SS,29,Iceland,Lazio
38015,Serie A,Carlos Augusto,EUR,54231.0,3530000.0,2820000.0,2024-07-01,2028-06-30,2.0,5640000.0,,ACTIVE,D,LB,27,Brazil,Inter Milan
38016,Serie A,Danilo Cataldi,EUR,53462.0,3710000.0,2780000.0,2023-08-24,2027-06-30,1.0,2780000.0,,ACTIVE,M,DM,32,Italy,Lazio
38017,Serie A,Samuel Mbangula,EUR,53462.0,3200000.0,2780000.0,2026-09-01,2027-06-30,1.0,2780000.0,,LOAN,F,LW,22,Belgium,Bologna
38018,Serie A,Djibril Sow,EUR,53462.0,3470000.0,2780000.0,2026-08-06,2030-06-30,4.0,11120000.0,,ACTIVE,M,CM,29,Switzerland,Genoa
38019,Serie A,Mario Mitaj,EUR,53462.0,3470000.0,2780000.0,2026-07-31,2027-06-30,1.0,2780000.0,,LOAN,D,LB,23,Albania,Genoa
38020,Serie A,Jonathan Rowe,EUR,53462.0,3470000.0,2780000.0,2026-09-01,2027-06-30,1.0,2780000.0,,LOAN,F,LW,23,England,Atalanta
38021,Serie A,Giorgio Scalvini,EUR,53462.0,3470000.0,2780000.0,2024-01-23,2028-06-30,2.0,5560000.0,,ACTIVE,D,CB,22,Italy,Atalanta
38022,Serie A,Cesare Casadei,EUR,53462.0,3470000.0,2780000.0,2025-02-02,2029-06-30,3.0,8340000.0,,ACTIVE,M,CM,23,Italy,Torino
38023,Serie A,Duván Zapata,EUR,53462.0,3340000.0,2780000.0,2026-07-08,2028-06-30,2.0,5560000.0,,ACTIVE,F,CF,35,Colombia,Torino
38024,Serie A,Petar Sučić,EUR,53462.0,4030000.0,2780000.0,2025-06-01,2030-06-30,4.0,11120000.0,,ACTIVE,M,CM,22,Croatia,Inter Milan
38025,Serie A,Pedro Gonçalves,EUR,53462.0,3470000.0,2780000.0,2026-09-01,2027-06-30,1.0,2780000.0,,LOAN,F,LW,28,Portugal,Fiorentina
38026,Serie A,Lucas Perri,EUR,53462.0,3200000.0,2780000.0,2026-08-29,2027-06-30,1.0,2780000.0,,LOAN,K,GK,28,Brazil,Torino
38027,Serie A,Josep Martínez,EUR,53462.0,3470000.0,2780000.0,2024-07-09,2029-06-30,3.0,8340000.0,,ACTIVE,K,GK,28,Spain,Inter Milan
38028,Serie A,Ivan Provedel,EUR,53462.0,3710000.0,2780000.0,2026-07-08,2029-06-30,3.0,8340000.0,,ACTIVE,K,GK,32,Italy,Inter Milan
38029,Serie A,Paul Mendy,EUR,53462.0,3470000.0,2780000.0,2026-03-05,2031-06-30,5.0,13900000.0,,ACTIVE,F,CF,19,Senegal,Cagliari
38030,Serie A,Marin Pongracic,EUR,51731.0,3360000.0,2690000.0,2024-07-19,2029-06-30,3.0,8070000.0,,ACTIVE,D,CB,28,Croatia,Fiorentina
38031,Serie A,Kaiki,EUR,49808.0,3240000.0,2590000.0,2026-07-02,2027-06-30,1.0,2590000.0,,LOAN,D,LB,23,Brazil,Como
38032,Serie A,Juan Miranda,EUR,49808.0,3240000.0,2590000.0,2026-05-29,2028-06-30,2.0,5180000.0,,ACTIVE,D,LB,26,Spain,Bologna
38033,Serie A,Christ Inao Oulaï,EUR,49808.0,3240000.0,2590000.0,2026-07-19,2027-06-30,1.0,2590000.0,,ACTIVE,M,CM,20,Cote d'Ivoire,Fiorentina
38034,Serie A,Harry Winks,EUR,49808.0,3240000.0,2590000.0,2026-07-15,2028-06-30,2.0,5180000.0,,ACTIVE,M,DM,30,England,Cagliari
38035,Serie A,Nikola Vlašić,EUR,49231.0,3200000.0,2560000.0,2023-08-08,2027-06-30,1.0,2560000.0,,ACTIVE,F,AM,28,Croatia,Torino
38036,Serie A,Gianluca Busio,EUR,49231.0,2940000.0,2560000.0,2026-03-11,2028-06-30,2.0,5120000.0,,ACTIVE,M,DM,24,United States,Venezia
38037,Serie A,Sead Kolasinac,EUR,49231.0,3200000.0,2560000.0,2023-07-06,2027-06-30,1.0,2560000.0,,ACTIVE,D,CB,33,Bosnia-Herzegovina,Atalanta
38038,Serie A,Lucas Da Cunha,EUR,49231.0,3200000.0,2560000.0,2026-07-22,2031-06-30,5.0,12800000.0,,ACTIVE,M,CM,25,France,Como
38039,Serie A,Henrikh Mkhitaryan,EUR,49231.0,2940000.0,2560000.0,2026-07-01,2027-06-30,1.0,2560000.0,,ACTIVE,M,CM,37,Armenia,Inter Milan
38040,Serie A,Mathías Olivera,EUR,49231.0,3200000.0,2560000.0,2025-03-04,2030-06-30,4.0,10240000.0,,ACTIVE,D,LB,28,Uruguay,Napoli
38041,Serie A,Yunus Musah,EUR,49231.0,2940000.0,2560000.0,2023-08-04,2028-06-30,2.0,5120000.0,,ACTIVE,M,CM,23,United States,AC Milan
38042,Serie A,Armand Laurienté,EUR,49231.0,3200000.0,2560000.0,2026-05-15,2029-06-30,3.0,7680000.0,,ACTIVE,F,LW,27,France,Sassuolo
38043,Serie A,Josip Sutalo,EUR,48077.0,3130000.0,2500000.0,2026-08-22,2027-06-30,1.0,2500000.0,,LOAN,D,CB,26,Croatia,Lazio
38044,Serie A,Luca Pellegrini,EUR,46346.0,3010000.0,2410000.0,2025-07-01,2027-06-30,1.0,2410000.0,,ACTIVE,D,LB,27,Italy,Lazio
38045,Serie A,Mateo Pellegrino,EUR,46346.0,3010000.0,2410000.0,2026-08-13,2031-06-30,5.0,12050000.0,,ACTIVE,F,CF,24,Argentina,Fiorentina
38046,Serie A,Jeff Ekhator,EUR,46346.0,2770000.0,2410000.0,2026-07-01,2031-06-30,5.0,12050000.0,,ACTIVE,F,CF,19,Italy,Juventus
38047,Serie A,Wilfried Gnonto,EUR,46346.0,3010000.0,2410000.0,2026-09-01,2027-06-30,1.0,2410000.0,,LOAN,F,RW,22,Italy,Fiorentina
38048,Serie A,Fisayo Dele-Bashiru,EUR,46346.0,3010000.0,2410000.0,2025-07-01,2028-06-30,2.0,4820000.0,,ACTIVE,M,CM,25,Nigeria,Lazio
38049,Serie A,Enrico Del Prato,EUR,46346.0,3010000.0,2410000.0,2023-11-14,2029-06-30,3.0,7230000.0,,ACTIVE,D,RB,26,Italy,Parma
38050,Serie A,Tijjani Noslin,EUR,46346.0,3150000.0,2410000.0,2024-07-01,2029-06-30,3.0,7230000.0,70000000.0,ACTIVE,F,RW,27,Netherlands,Lazio
38051,Serie A,Arthur Atta,EUR,46346.0,3010000.0,2410000.0,2026-07-11,2031-06-30,5.0,12050000.0,,ACTIVE,M,CM,23,France,Fiorentina
38052,Serie A,Yukinari Sugawara,EUR,44423.0,2890000.0,2310000.0,2026-09-01,2027-06-30,1.0,2310000.0,,LOAN,D,RB,26,Japan,Cagliari
38053,Serie A,Ben Godfrey,EUR,44423.0,2890000.0,2310000.0,2024-07-01,2028-06-30,2.0,4620000.0,,INACTIVE,D,CB,28,England,Atalanta
38054,Serie A,Arkadiusz Milik,EUR,43077.0,2800000.0,2240000.0,2025-04-30,2027-06-30,1.0,2240000.0,,ACTIVE,F,CF,32,Poland,Juventus
38055,Serie A,Nathan Patterson,EUR,42692.0,2780000.0,2220000.0,2026-09-01,2029-06-30,3.0,6660000.0,,ACTIVE,D,RB,24,Scotland,Torino
38056,Serie A,Gianluca Gaetano,EUR,42692.0,2780000.0,2220000.0,2026-07-09,2031-06-30,5.0,11100000.0,,ACTIVE,M,DM,26,Italy,Atalanta
38057,Serie A,Lukasz Skorupski,EUR,42692.0,2780000.0,2220000.0,2025-10-16,2027-06-30,1.0,2220000.0,,ACTIVE,K,GK,35,Poland,Bologna
38058,Serie A,Daniel Maldini,EUR,42692.0,2780000.0,2220000.0,2026-08-09,2027-06-30,1.0,2220000.0,,LOAN,F,AM,24,Italy,Cagliari
38059,Serie A,Jacopo Fazzini,EUR,42692.0,2780000.0,2220000.0,2026-07-13,2027-06-30,1.0,2220000.0,,LOAN,M,CM,23,Italy,Cagliari
38060,Serie A,Jean Butez,EUR,42692.0,2780000.0,2220000.0,2026-06-11,2030-06-30,4.0,8880000.0,,ACTIVE,K,GK,31,France,Como
38061,Serie A,Luca Ranieri,EUR,42692.0,2780000.0,2220000.0,2024-08-27,2028-06-30,2.0,4440000.0,,ACTIVE,D,CB,27,Italy,Fiorentina
38062,Serie A,Romano Schmid,EUR,42692.0,2780000.0,2220000.0,2026-08-12,2030-06-30,4.0,8880000.0,,ACTIVE,F,AM,26,Austria,Frosinone
38063,Serie A,Leo Østigård,EUR,42692.0,2780000.0,2220000.0,2026-01-31,2030-06-30,4.0,8880000.0,,ACTIVE,D,CB,26,Norway,Genoa
38064,Serie A,Stephan El Shaarawy,EUR,42692.0,2780000.0,2220000.0,2026-09-02,2027-06-30,1.0,2220000.0,,ACTIVE,F,LW,33,Italy,Genoa
38065,Serie A,Juan Cabal,EUR,42692.0,2780000.0,2220000.0,2024-07-18,2029-06-30,3.0,6660000.0,,ACTIVE,D,LB,25,Colombia,Juventus
38066,Serie A,Mohamed Fares,EUR,42692.0,2780000.0,2220000.0,2020-10-01,2027-06-30,1.0,2220000.0,,ACTIVE,D,LB,30,Algeria,Lazio
38067,Serie A,Patric,EUR,42692.0,2780000.0,2220000.0,2022-07-05,2027-06-30,1.0,2220000.0,,ACTIVE,D,CB,33,Spain,Lazio
38068,Serie A,Andrea Colpani,EUR,42692.0,3700000.0,2220000.0,2023-08-10,2028-06-30,2.0,4440000.0,,ACTIVE,F,AM,27,Italy,Monza
38069,Serie A,Michael Folorunsho,EUR,42692.0,2780000.0,2220000.0,2026-08-28,2027-06-30,1.0,2220000.0,,LOAN,M,CM,28,Italy,Monza
38070,Serie A,Giovane,EUR,42692.0,2550000.0,2220000.0,2026-01-24,2030-06-30,4.0,8880000.0,,ACTIVE,F,CF,22,Brazil,Napoli
38071,Serie A,Rafa Marín,EUR,42692.0,2780000.0,2220000.0,2024-07-10,2029-06-30,3.0,6660000.0,,ACTIVE,D,CB,24,Spain,Napoli
38072,Serie A,Devyne Rensch,EUR,42692.0,2780000.0,2220000.0,2025-01-23,2029-06-30,3.0,6660000.0,,ACTIVE,D,RB,23,Netherlands,Roma
38073,Serie A,Ardian Ismajli,EUR,42692.0,2780000.0,2220000.0,2025-07-08,2027-06-30,1.0,2220000.0,,ACTIVE,D,CB,29,Albania,Torino
38074,Serie A,Ricardo Rodríguez,EUR,42692.0,2780000.0,2220000.0,2026-09-03,2027-06-30,1.0,2220000.0,,ACTIVE,D,LB,34,Switzerland,Torino
38075,Serie A,Albion Rrahmani,EUR,42692.0,2780000.0,2220000.0,2026-07-09,2029-06-30,3.0,6660000.0,,ACTIVE,F,CF,26,Kosovo,Venezia
38076,Serie A,Alfred Duncan,EUR,42692.0,2780000.0,2220000.0,2026-05-01,2027-06-30,1.0,2220000.0,,ACTIVE,M,CM,33,Ghana,Venezia
38077,Serie A,Nikola Krstović,EUR,41923.0,2560000.0,2180000.0,2025-08-20,2030-06-30,4.0,8720000.0,,ACTIVE,F,CF,26,Montenegro,Atalanta
38078,Serie A,Arijanet Murić,EUR,40962.0,2660000.0,2130000.0,2026-07-01,2027-06-30,1.0,2130000.0,,ACTIVE,K,GK,27,Kosovo,Sassuolo
38079,Serie A,Toma Bašić,EUR,39423.0,2560000.0,2050000.0,2026-07-01,2029-06-30,3.0,6150000.0,,ACTIVE,M,CM,29,Croatia,Venezia
38080,Serie A,Aleksandar Stanković,EUR,39231.0,2550000.0,2040000.0,2026-06-29,2031-06-30,5.0,10200000.0,,ACTIVE,M,DM,21,Serbia,Inter Milan
38081,Serie A,Zakaria Aboukhlal,EUR,39231.0,2550000.0,2040000.0,2025-07-29,2029-06-30,3.0,6120000.0,,ACTIVE,F,RW,26,Morocco,Torino
38082,Serie A,Lazar Samardžić,EUR,36923.0,2400000.0,1920000.0,2025-07-01,2029-06-30,3.0,5760000.0,,ACTIVE,F,AM,24,Serbia,Atalanta
38083,Serie A,Keinan Davis,EUR,36923.0,2400000.0,1920000.0,2026-07-09,2031-06-30,5.0,9600000.0,,ACTIVE,F,CF,28,England,Udinese
38084,Serie A,Gustav Isaksen,EUR,36923.0,2400000.0,1920000.0,2023-08-08,2028-06-30,2.0,3840000.0,,ACTIVE,F,RW,25,Denmark,Lazio
38085,Serie A,Yerry Mina,EUR,36923.0,2400000.0,1920000.0,2025-05-22,2028-06-30,2.0,3840000.0,,ACTIVE,D,CB,31,Colombia,Cagliari
38086,Serie A,Warren Bondo,EUR,36923.0,2210000.0,1920000.0,2025-02-03,2029-06-30,3.0,5760000.0,,ACTIVE,M,CM,22,France,AC Milan
38087,Serie A,Dodô,EUR,36923.0,2400000.0,1920000.0,2022-07-22,2027-06-30,1.0,1920000.0,,ACTIVE,D,RB,27,Brazil,Fiorentina
38088,Serie A,Duje Caleta-Car,EUR,35577.0,2310000.0,1850000.0,2026-09-01,2028-06-30,2.0,3700000.0,,ACTIVE,D,CB,29,Croatia,Sassuolo
38089,Serie A,Tomas Bobcek,EUR,35577.0,2310000.0,1850000.0,2026-08-28,2031-06-30,5.0,9250000.0,,ACTIVE,F,CF,24,Slovakia,Frosinone
38090,Serie A,Luca Marianucci,EUR,35577.0,2130000.0,1850000.0,2025-07-01,2030-06-30,4.0,7400000.0,,ACTIVE,D,CB,22,Italy,Napoli
38091,Serie A,Nicolò Casale,EUR,35577.0,2310000.0,1850000.0,2025-07-01,2028-06-30,2.0,3700000.0,,ACTIVE,D,CB,28,Italy,Bologna
38092,Serie A,Tommaso Pobega,EUR,35577.0,2310000.0,1850000.0,2026-07-01,2028-06-30,2.0,3700000.0,,ACTIVE,M,CM,27,Italy,Bologna
38093,Serie A,Angeliño,EUR,35577.0,2310000.0,1850000.0,2024-07-01,2028-06-30,2.0,3700000.0,,INACTIVE,D,LB,29,Spain,Roma
38094,Serie A,Artem Dovbyk,EUR,35577.0,2780000.0,1850000.0,2024-08-02,2029-06-30,3.0,5550000.0,,INACTIVE,F,CF,29,Ukraine,Roma
38095,Serie A,Daniele Ghilardi,EUR,35577.0,2310000.0,1850000.0,2026-07-01,2030-06-30,4.0,7400000.0,,ACTIVE,D,CB,23,Italy,Roma
38096,Serie A,Alisson Santos,EUR,35577.0,2130000.0,1850000.0,2026-07-01,2030-06-30,4.0,7400000.0,,ACTIVE,F,LW,23,Brazil,Napoli
38097,Serie A,Odilon Kossounou,EUR,35577.0,2310000.0,1850000.0,2025-07-01,2029-06-30,3.0,5550000.0,,ACTIVE,D,CB,25,Cote d'Ivoire,Atalanta
38098,Serie A,Marco Sportiello,EUR,35577.0,2310000.0,1850000.0,2025-07-18,2028-06-30,2.0,3700000.0,,ACTIVE,K,GK,34,Italy,Atalanta
38099,Serie A,Mërgim Vojvoda,EUR,35577.0,2310000.0,1850000.0,2026-07-18,2028-06-30,2.0,3700000.0,,ACTIVE,D,RB,31,Kosovo,Udinese
38100,Serie A,Robin Gosens,EUR,35577.0,2310000.0,1850000.0,2025-07-01,2028-06-30,2.0,3700000.0,,INACTIVE,D,LB,32,Germany,Fiorentina
38101,Serie A,Marco Brescianini,EUR,35577.0,2310000.0,1850000.0,2026-07-01,2030-06-30,4.0,7400000.0,,ACTIVE,M,CM,26,Italy,Fiorentina
38102,Serie A,Jesper Karlström,EUR,35577.0,2310000.0,1850000.0,2026-05-07,2028-06-30,2.0,3700000.0,,ACTIVE,M,DM,31,Sweden,Udinese
38103,Serie A,Máximo Perrone,EUR,35577.0,2310000.0,1850000.0,2025-07-18,2029-06-30,3.0,5550000.0,,ACTIVE,M,DM,23,Argentina,Como
38104,Serie A,Mattia Liberali,EUR,35577.0,2310000.0,1850000.0,2026-07-15,2031-06-30,5.0,9250000.0,,ACTIVE,F,AM,19,Italy,Como
38105,Serie A,Pasquale Mazzocchi,EUR,35577.0,2310000.0,1850000.0,2026-08-31,2027-06-30,1.0,1850000.0,,LOAN,D,RB,31,Italy,Venezia
38106,Serie A,Alberto Dossena,EUR,35577.0,2310000.0,1850000.0,2024-07-01,2028-06-30,2.0,3700000.0,,ACTIVE,D,CB,27,Italy,Como
38107,Serie A,Saúl Coco,EUR,35577.0,2310000.0,1850000.0,2026-01-27,2029-06-30,3.0,5550000.0,,ACTIVE,D,CB,27,Equatorial Guinea,Torino
38108,Serie A,Sandro Kulenović,EUR,35577.0,2310000.0,1850000.0,2026-07-01,2029-06-30,3.0,5550000.0,,ACTIVE,F,CF,26,Croatia,Torino
38109,Serie A,Pietro Comuzzo,EUR,35577.0,2410000.0,1850000.0,2026-07-29,2027-06-30,1.0,1850000.0,,LOAN,D,CB,21,Italy,Torino
38110,Serie A,Reda Belahyane,EUR,35577.0,2130000.0,1850000.0,2025-02-03,2029-06-30,3.0,5550000.0,,ACTIVE,M,DM,22,Morocco,Lazio
38111,Serie A,Jesper Lindstrøm,EUR,32115.0,1920000.0,1670000.0,2023-08-29,2028-06-30,2.0,3340000.0,,INACTIVE,F,RW,26,Denmark,Napoli
38112,Serie A,Marc Oliver Kempf,EUR,32115.0,2090000.0,1670000.0,2026-08-28,2029-06-30,3.0,5010000.0,,ACTIVE,D,CB,31,Germany,Como
38113,Serie A,Isak Hien,EUR,32115.0,2090000.0,1670000.0,2024-01-02,2028-06-30,2.0,3340000.0,,ACTIVE,D,CB,27,Sweden,Atalanta
38114,Serie A,Simon Sohm,EUR,32115.0,2090000.0,1670000.0,2026-08-02,2027-06-30,1.0,1670000.0,,LOAN,M,CM,25,Switzerland,Venezia
38115,Serie A,Davide Zappacosta,EUR,32115.0,2090000.0,1670000.0,2021-08-24,2028-06-30,2.0,3340000.0,,ACTIVE,M,RM,34,Italy,Atalanta
38116,Serie A,Christian Kabasele,EUR,32115.0,2090000.0,1670000.0,2026-05-28,2027-06-30,1.0,1670000.0,,ACTIVE,D,CB,35,Belgium,Udinese
38117,Serie A,Patrick Ciurria,EUR,30192.0,1960000.0,1570000.0,2026-02-18,2028-06-30,2.0,3140000.0,,ACTIVE,M,RM,31,Italy,Monza
38118,Serie A,Josh Doig,EUR,29615.0,1920000.0,1540000.0,2024-01-20,2028-06-30,2.0,3080000.0,,ACTIVE,D,LB,24,Scotland,Sassuolo
38119,Serie A,Hassane Kamara,EUR,29615.0,1920000.0,1540000.0,2026-07-22,2028-06-30,2.0,3080000.0,,ACTIVE,D,LB,32,Cote d'Ivoire,Udinese
38120,Serie A,Pierluigi Gollini,EUR,28462.0,1850000.0,1480000.0,2025-01-24,2027-06-30,1.0,1480000.0,,ACTIVE,K,GK,31,Italy,Roma
38121,Serie A,Kevin Carlos,EUR,28462.0,1850000.0,1480000.0,2026-08-10,2027-06-30,1.0,1480000.0,,LOAN,F,CF,25,Spain,Cagliari
38122,Serie A,Anastasios Douvikas,EUR,28462.0,1850000.0,1480000.0,2025-02-03,2029-06-30,3.0,4440000.0,,ACTIVE,F,CF,27,Greece,Como
38123,Serie A,Pietro Terracciano,EUR,28462.0,1850000.0,1480000.0,2025-07-18,2027-06-30,1.0,1480000.0,,ACTIVE,K,GK,36,Italy,AC Milan
38124,Serie A,Matteo Cancellieri,EUR,28462.0,1850000.0,1480000.0,2023-07-01,2027-06-30,1.0,1480000.0,,ACTIVE,F,RW,24,Italy,Lazio
38125,Serie A,Filippo Terracciano,EUR,28462.0,1850000.0,1480000.0,2024-01-08,2028-06-30,2.0,2960000.0,,ACTIVE,D,CB,23,Italy,AC Milan
38126,Serie A,Nadir Zortea,EUR,28462.0,1850000.0,1480000.0,2025-08-20,2029-06-30,3.0,4440000.0,,ACTIVE,D,RB,27,Italy,Bologna
38127,Serie A,Franco Israel,EUR,28462.0,1850000.0,1480000.0,2025-07-27,2028-06-30,2.0,2960000.0,,ACTIVE,K,GK,26,Uruguay,Torino
38128,Serie A,Sebastian Walukiewicz,EUR,28462.0,1850000.0,1480000.0,2026-07-01,2027-06-30,1.0,1480000.0,,ACTIVE,D,RB,26,Poland,Sassuolo
38129,Serie A,Gvidas Gineitis,EUR,28462.0,1850000.0,1480000.0,2025-07-10,2029-06-30,3.0,4440000.0,,ACTIVE,M,CM,22,Lithuania,Torino
38130,Serie A,Willem Geubbels,EUR,28462.0,1850000.0,1480000.0,2026-08-02,2030-06-30,4.0,5920000.0,,ACTIVE,F,CF,25,France,Lecce
38131,Serie A,Willy Kambwala,EUR,28462.0,1850000.0,1480000.0,2026-08-26,2027-06-30,1.0,1480000.0,,LOAN,D,CB,22,France,Como
38132,Serie A,Daniel Bîrligea,EUR,28462.0,1850000.0,1480000.0,2026-08-27,2027-06-30,1.0,1480000.0,,LOAN,F,CF,26,Romania,Frosinone
38133,Serie A,Jens Odgaard,EUR,28462.0,1850000.0,1480000.0,2026-02-16,2029-06-30,3.0,4440000.0,,ACTIVE,F,AM,27,Denmark,Bologna
38134,Serie A,Matteo Pessina,EUR,28462.0,1700000.0,1480000.0,2023-07-01,2027-06-30,1.0,1480000.0,,ACTIVE,M,CM,29,Italy,Monza
38135,Serie A,Florian Grillitsch,EUR,28462.0,1850000.0,1480000.0,2026-08-12,2027-06-30,1.0,1480000.0,,ACTIVE,M,DM,31,Austria,Frosinone
38136,Serie A,Juan Jesus,EUR,28462.0,1850000.0,1480000.0,2026-08-31,2027-06-30,1.0,1480000.0,,ACTIVE,D,CB,35,Brazil,Venezia
38137,Serie A,Marco Carnesecchi,EUR,28462.0,1850000.0,1480000.0,2024-02-06,2028-06-30,2.0,2960000.0,,ACTIVE,K,GK,26,Italy,Atalanta
38138,Serie A,Francesco Camarda,EUR,28462.0,1850000.0,1480000.0,2026-07-24,2031-06-30,5.0,7400000.0,,ACTIVE,F,CF,18,Italy,AC Milan
38139,Serie A,Zé Pedro,EUR,28462.0,1850000.0,1480000.0,2025-09-01,2028-06-30,2.0,2960000.0,,ACTIVE,D,CB,29,Portugal,Cagliari
38140,Serie A,Elia Caprile,EUR,27115.0,1760000.0,1410000.0,2025-07-01,2029-06-30,3.0,4230000.0,,ACTIVE,K,GK,25,Italy,Cagliari
38141,Serie A,Ismaël Koné,EUR,26731.0,1740000.0,1390000.0,2026-02-02,2030-06-30,4.0,5560000.0,35000000.0,ACTIVE,M,CM,24,Canada,Sassuolo
38142,Serie A,Mandela Keita,EUR,26731.0,1740000.0,1390000.0,2024-08-30,2029-06-30,3.0,4170000.0,,ACTIVE,M,DM,24,Belgium,Parma
38143,Serie A,Emanuele Valeri,EUR,26731.0,1850000.0,1390000.0,2025-09-16,2028-06-30,2.0,2780000.0,,ACTIVE,D,LB,27,Italy,Parma
38144,Serie A,Jan Ziolkowski,EUR,25000.0,1620000.0,1300000.0,2026-08-31,2027-06-30,1.0,1300000.0,,LOAN,D,CB,21,Poland,Monza
38145,Serie A,Joël Monteiro,EUR,25000.0,1620000.0,1300000.0,2026-08-31,2029-06-30,3.0,3900000.0,,ACTIVE,M,LM,27,Switzerland,Lecce
38146,Serie A,Cristian Volpato,EUR,25000.0,1620000.0,1300000.0,2023-07-01,2028-06-30,2.0,2600000.0,,ACTIVE,F,AM,22,Australia,Sassuolo
38147,Serie A,Giorgi Chakvetadze,EUR,25000.0,1620000.0,1300000.0,2026-07-06,2030-06-30,4.0,5200000.0,,ACTIVE,F,AM,27,Georgia,Udinese
38148,Serie A,Jurgen Ekkelenkamp,EUR,25000.0,1620000.0,1300000.0,2024-08-06,2029-06-30,3.0,3900000.0,,ACTIVE,M,CM,26,Netherlands,Udinese
38149,Serie A,Kevin Akpoguma,EUR,25000.0,1620000.0,1300000.0,2026-08-01,2028-06-30,2.0,2600000.0,,ACTIVE,D,CB,31,Nigeria,Frosinone
38150,Serie A,Oumar Solet,EUR,25000.0,1620000.0,1300000.0,2025-01-02,2027-06-30,1.0,1300000.0,,ACTIVE,D,CB,26,France,Udinese
38151,Serie A,Kike Pérez,EUR,25000.0,1630000.0,1300000.0,2025-01-29,2027-06-30,1.0,1300000.0,,ACTIVE,M,CM,29,Spain,Venezia
38152,Serie A,Aleksa Terzić,EUR,25000.0,1620000.0,1300000.0,2026-08-14,2029-06-30,3.0,3900000.0,,ACTIVE,D,LB,27,Serbia,Frosinone
38153,Serie A,Pietro Pellegri,EUR,24615.0,1470000.0,1280000.0,2025-07-09,2027-06-30,1.0,1280000.0,,ACTIVE,F,CF,25,Italy,Torino
38154,Serie A,Lewis Ferguson,EUR,24615.0,1600000.0,1280000.0,2024-11-22,2028-06-30,2.0,2560000.0,,ACTIVE,M,CM,27,Scotland,Bologna
38155,Serie A,Johan Vásquez,EUR,24615.0,1600000.0,1280000.0,2025-09-11,2028-06-30,2.0,2560000.0,,ACTIVE,D,CB,27,Mexico,Genoa
38156,Serie A,Nikola Moro,EUR,23846.0,1550000.0,1240000.0,2023-07-02,2027-06-30,1.0,1240000.0,,ACTIVE,M,DM,28,Croatia,Bologna
38157,Serie A,Matija Frigan,EUR,23077.0,1500000.0,1200000.0,2025-08-15,2030-06-30,4.0,4800000.0,,ACTIVE,F,CF,23,Croatia,Parma
38158,Serie A,Nicholas Pierini,EUR,23077.0,1500000.0,1200000.0,2024-08-30,2027-06-30,1.0,1200000.0,,ACTIVE,F,RW,28,Italy,Sassuolo
38159,Serie A,Lucas Beltrán,EUR,22115.0,1320000.0,1150000.0,2023-08-14,2028-06-30,2.0,2300000.0,,INACTIVE,F,CF,25,Argentina,Fiorentina
38160,Serie A,Michel Ndary Adopo,EUR,21346.0,1390000.0,1110000.0,2025-07-01,2029-06-30,3.0,3330000.0,,ACTIVE,M,CM,26,France,Cagliari
38161,Serie A,Idrissa Touré,EUR,21346.0,1390000.0,1110000.0,2026-08-21,2028-06-30,2.0,2220000.0,,ACTIVE,M,RM,28,Germany,Monza
38162,Serie A,Rafik Belghali,EUR,21346.0,1390000.0,1110000.0,2026-09-01,2027-06-30,1.0,1110000.0,,LOAN,D,RB,24,Algeria,Torino
38163,Serie A,John Yeboah,EUR,21346.0,1390000.0,1110000.0,2024-08-30,2028-06-30,2.0,2220000.0,,ACTIVE,F,SS,26,Ecuador,Venezia
38164,Serie A,Pontus Almqvist,EUR,21346.0,1390000.0,1110000.0,2024-08-13,2027-06-30,1.0,1110000.0,,ACTIVE,F,RW,27,Sweden,Parma
38165,Serie A,Mikael Egill Ellertsson,EUR,21346.0,1390000.0,1110000.0,2025-01-30,2029-06-30,3.0,3330000.0,,ACTIVE,M,CM,24,Iceland,Genoa
38166,Serie A,Nikita Contini,EUR,21346.0,1390000.0,1110000.0,2026-01-19,2031-06-30,5.0,5550000.0,,ACTIVE,K,GK,30,Italy,Napoli
38167,Serie A,Filip Stanković,EUR,21346.0,1280000.0,1110000.0,2026-08-22,2030-06-30,4.0,4440000.0,,ACTIVE,K,GK,24,Serbia,Venezia
38168,Serie A,Francesco Gelli,EUR,21346.0,1390000.0,1110000.0,2023-01-31,2027-06-30,1.0,1110000.0,,ACTIVE,M,CM,29,Italy,Frosinone
38169,Serie A,Martin Vitík,EUR,21346.0,1390000.0,1110000.0,2025-07-06,2029-06-30,3.0,3330000.0,,ACTIVE,D,CB,23,Czech Republic,Bologna
38170,Serie A,Samuele Birindelli,EUR,21346.0,1390000.0,1110000.0,2026-06-02,2028-06-30,2.0,2220000.0,,ACTIVE,D,RB,27,Italy,Monza
38171,Serie A,Saba Goglichidze,EUR,21346.0,1390000.0,1110000.0,2026-09-01,2027-06-30,1.0,1110000.0,,LOAN,D,CB,22,Georgia,Monza
38172,Serie A,Nicolò Cambiaghi,EUR,21346.0,1390000.0,1110000.0,2024-07-12,2029-06-30,3.0,3330000.0,,ACTIVE,F,LW,25,Italy,Bologna
38173,Serie A,Ricardo Mangas,EUR,21346.0,1390000.0,1110000.0,2026-07-24,2027-06-30,1.0,1110000.0,,LOAN,D,LB,28,Portugal,Monza
38174,Serie A,Cher Ndour,EUR,21346.0,1390000.0,1110000.0,2025-02-03,2029-06-30,3.0,3330000.0,,ACTIVE,M,CM,22,Italy,Fiorentina
38175,Serie A,Wladimiro Falcone,EUR,21346.0,1390000.0,1110000.0,2023-07-27,2028-06-30,2.0,2220000.0,,ACTIVE,K,GK,31,Italy,Lecce
38176,Serie A,Amir Richardson,EUR,21346.0,1390000.0,1110000.0,2024-08-12,2029-06-30,3.0,3330000.0,,INACTIVE,M,CM,24,Morocco,Fiorentina
38177,Serie A,Jakub Piotrowski,EUR,21346.0,1390000.0,1110000.0,2025-08-02,2029-06-30,3.0,3330000.0,,ACTIVE,M,CM,28,Poland,Udinese
38178,Serie A,Álex Jiménez,EUR,21346.0,1390000.0,1110000.0,2026-07-13,2027-06-30,1.0,1110000.0,,LOAN,D,RB,21,Spain,Fiorentina
38179,Serie A,Youssef Maleh,EUR,21346.0,1300000.0,1110000.0,2023-07-01,2027-06-30,1.0,1110000.0,,ACTIVE,M,CM,28,Morocco,Lecce
38180,Serie A,Antonino Gallo,EUR,21346.0,1390000.0,1110000.0,2026-06-11,2027-06-30,1.0,1110000.0,,ACTIVE,D,LB,26,Italy,Lecce
38181,Serie A,Jesús Rodríguez,EUR,21346.0,1390000.0,1110000.0,2025-07-02,2030-06-30,4.0,4440000.0,,ACTIVE,F,LW,20,Spain,Como
38182,Serie A,Daniel Boloca,EUR,21346.0,1390000.0,1110000.0,2023-07-13,2028-06-30,2.0,2220000.0,,ACTIVE,M,DM,27,Italy,Sassuolo
38183,Serie A,Andrea Carboni,EUR,21346.0,1390000.0,1110000.0,2026-03-06,2029-06-30,3.0,3330000.0,,ACTIVE,D,CB,25,Italy,Monza
38184,Serie A,Omri Gandelman,EUR,21346.0,1390000.0,1110000.0,2026-01-09,2029-06-30,3.0,3330000.0,,ACTIVE,F,AM,26,Israel,Lecce
38185,Serie A,Riccardo Sottil,EUR,21346.0,1280000.0,1110000.0,2025-02-03,2027-06-30,1.0,1110000.0,,ACTIVE,F,LW,27,Italy,Fiorentina
38186,Serie A,Dany Mota,EUR,21346.0,1390000.0,1110000.0,2023-08-04,2027-06-30,1.0,1110000.0,,ACTIVE,F,CF,28,Portugal,Monza
38187,Serie A,Nikola Stulic,EUR,21346.0,1390000.0,1110000.0,2025-08-27,2029-06-30,3.0,3330000.0,,ACTIVE,F,CF,24,Serbia,Lecce
38188,Serie A,Exequiel Zeballos,EUR,21346.0,1390000.0,1110000.0,2026-09-01,2030-06-30,4.0,4440000.0,,ACTIVE,F,RW,24,Argentina,Monza
38189,Serie A,Jay Idzes,EUR,21346.0,1390000.0,1110000.0,2025-08-09,2029-06-30,3.0,3330000.0,,ACTIVE,D,CB,26,Indonesia,Sassuolo
38190,Serie A,Davide Bartesaghi,EUR,21346.0,1390000.0,1110000.0,2025-05-21,2030-06-30,4.0,4440000.0,,ACTIVE,D,LB,20,Italy,AC Milan
38191,Serie A,Cristiano Biraghi,EUR,21346.0,1390000.0,1110000.0,2026-09-14,2028-06-30,2.0,2220000.0,,ACTIVE,D,LB,34,Italy,Torino
38192,Serie A,Enzo Ebosse,EUR,19808.0,1180000.0,1030000.0,2022-07-29,2027-06-30,1.0,1030000.0,,ACTIVE,D,CB,27,Cameroon,Udinese
38193,Serie A,Adrián Bernabé,EUR,19808.0,1290000.0,1030000.0,2024-04-25,2027-06-30,1.0,1030000.0,,ACTIVE,M,CM,25,Spain,Parma
38194,Serie A,Morten Frendrup,EUR,19808.0,1290000.0,1030000.0,2024-02-29,2028-06-30,2.0,2060000.0,,ACTIVE,M,DM,25,Denmark,Genoa
38195,Serie A,Christos Mandas,EUR,19808.0,1180000.0,1030000.0,2025-03-11,2029-06-30,3.0,3090000.0,,ACTIVE,K,GK,24,Greece,Lazio
38196,Serie A,Emil Holm,EUR,19808.0,1180000.0,1030000.0,2024-07-01,2028-06-30,2.0,2060000.0,,ACTIVE,D,RB,26,Sweden,Bologna
38197,Serie A,Torbjørn Heggem,EUR,19615.0,1270000.0,1020000.0,2025-08-15,2029-06-30,3.0,3060000.0,,ACTIVE,D,CB,27,Norway,Bologna
38198,Serie A,Tommaso Baldanzi,EUR,19231.0,1250000.0,1000000.0,2026-06-19,2027-06-30,1.0,1000000.0,,LOAN,F,AM,23,Italy,Genoa
38199,Serie A,El Bilal Touré,EUR,18462.0,1100000.0,960000.0,2026-08-07,2027-06-30,1.0,960000.0,,LOAN,F,LW,24,Mali,Parma
38200,Serie A,El Bilal Touré,EUR,18462.0,1100000.0,960000.0,2023-07-29,2028-06-30,2.0,1920000.0,,INACTIVE,F,LW,24,Mali,Atalanta
38201,Serie A,Thierry Correia,EUR,17885.0,1160000.0,930000.0,2026-07-02,2027-06-30,1.0,930000.0,,ACTIVE,D,RB,27,Portugal,Venezia
38202,Serie A,Oliver Provstgaard,EUR,17885.0,1160000.0,930000.0,2025-02-03,2029-06-30,3.0,2790000.0,,ACTIVE,D,CB,23,Denmark,Lazio
38203,Serie A,Daniel Bragança,EUR,17885.0,1160000.0,930000.0,2026-09-01,2027-06-30,1.0,930000.0,,LOAN,M,CM,27,Portugal,Torino
38204,Serie A,M'Bala Nzola,EUR,17885.0,1160000.0,930000.0,2026-09-01,2027-06-30,1.0,930000.0,,ACTIVE,F,CF,30,Angola,Cagliari
38205,Serie A,Eray Cömert,EUR,17885.0,1160000.0,930000.0,2026-07-29,2028-06-30,2.0,1860000.0,,ACTIVE,D,CB,28,Switzerland,Torino
38206,Serie A,Jamil Siebert,EUR,17885.0,1160000.0,930000.0,2025-08-22,2028-06-30,2.0,1860000.0,,ACTIVE,D,CB,24,Germany,Lecce
38207,Serie A,Lorenzo Montipò,EUR,17885.0,1160000.0,930000.0,2026-08-19,2028-06-30,2.0,1860000.0,,ACTIVE,K,GK,30,Italy,Venezia
38208,Serie A,Alessandro Zanoli,EUR,17885.0,1160000.0,930000.0,2026-07-01,2029-06-30,3.0,2790000.0,,ACTIVE,D,RB,25,Italy,Udinese
38209,Serie A,Ibrahim Sulemana,EUR,17885.0,1070000.0,930000.0,2026-09-01,2027-06-30,1.0,930000.0,,LOAN,M,DM,23,Ghana,Sassuolo
38210,Serie A,Assane Diao,EUR,17885.0,1160000.0,930000.0,2025-01-07,2029-06-30,3.0,2790000.0,,ACTIVE,F,LW,20,Senegal,Como
38211,Serie A,Edoardo Goldaniga,EUR,17885.0,1160000.0,930000.0,2025-07-28,2028-06-30,2.0,1860000.0,,ACTIVE,D,CB,32,Italy,Como
38212,Serie A,Ivan Smolcic,EUR,17885.0,1160000.0,930000.0,2026-06-23,2031-06-30,5.0,4650000.0,,ACTIVE,D,RB,26,Croatia,Como
38213,Serie A,Junior Messias,EUR,17885.0,1300000.0,930000.0,2026-06-26,2027-06-30,1.0,930000.0,,ACTIVE,F,RW,35,Brazil,Genoa
38214,Serie A,Martin Baturina,EUR,17885.0,1160000.0,930000.0,2025-07-01,2030-06-30,4.0,3720000.0,,ACTIVE,F,AM,23,Croatia,Como
38215,Serie A,Alieu Njie,EUR,17885.0,1160000.0,930000.0,2026-08-30,2027-06-30,1.0,930000.0,,LOAN,F,LW,21,Sweden,Fiorentina
38216,Serie A,Giacomo Calò,EUR,17885.0,1160000.0,930000.0,2026-08-31,2029-06-30,3.0,2790000.0,,ACTIVE,M,DM,29,Italy,Frosinone
38217,Serie A,Demba Thiam,EUR,17885.0,1170000.0,930000.0,2025-07-08,2028-06-30,2.0,1860000.0,,ACTIVE,K,GK,28,Senegal,Monza
38218,Serie A,Robinio Vaz,EUR,17885.0,1160000.0,930000.0,2026-01-14,2030-06-30,4.0,3720000.0,,INACTIVE,F,CF,19,France,Roma
38219,Serie A,Viery,EUR,17885.0,1160000.0,930000.0,2026-07-01,2031-06-30,5.0,4650000.0,,ACTIVE,D,CB,21,Brazil,Fiorentina
38220,Serie A,Keita Baldé,EUR,17885.0,1170000.0,930000.0,2025-06-04,2027-06-30,1.0,930000.0,,ACTIVE,F,LW,31,Senegal,Monza
38221,Serie A,Unai Gómez,EUR,17885.0,1160000.0,930000.0,2026-07-08,2031-06-30,5.0,4650000.0,,ACTIVE,F,AM,23,Spain,Udinese
38222,Serie A,Vakoun Issouf Bayo,EUR,17885.0,1160000.0,930000.0,2024-08-29,2028-06-30,2.0,1860000.0,,ACTIVE,F,CF,29,Cote d'Ivoire,Udinese
38223,Serie A,Armel Bella-Kotchap,EUR,17885.0,1160000.0,930000.0,2026-07-01,2030-06-30,4.0,3720000.0,,ACTIVE,D,CB,24,Germany,Venezia
38224,Serie A,Stefano Sabelli,EUR,17885.0,1160000.0,930000.0,2026-04-13,2028-06-30,2.0,1860000.0,,ACTIVE,D,RB,33,Italy,Genoa
38225,Serie A,Bartol Franjic,EUR,17885.0,1300000.0,930000.0,2026-07-01,2027-06-30,1.0,930000.0,,ACTIVE,D,CB,26,Croatia,Venezia
38226,Serie A,Milutin Osmajic,EUR,17885.0,1160000.0,930000.0,2026-08-24,2029-06-30,3.0,2790000.0,,ACTIVE,F,CF,27,Montenegro,Genoa
38227,Serie A,Lorenzo Colombo,EUR,17885.0,1160000.0,930000.0,2026-07-01,2029-06-30,3.0,2790000.0,,ACTIVE,F,CF,24,Italy,Genoa
38228,Serie A,Christian Ordóñez,EUR,17885.0,1160000.0,930000.0,2025-07-01,2030-06-30,4.0,3720000.0,,ACTIVE,M,CM,22,Argentina,Parma
38229,Serie A,Anass Salah-Eddine,EUR,17885.0,1070000.0,930000.0,2025-02-03,2028-06-30,2.0,1860000.0,,ACTIVE,D,LB,24,Morocco,Roma
38230,Serie A,Adam Obert,EUR,17885.0,1160000.0,930000.0,2026-03-12,2030-06-30,4.0,3720000.0,,ACTIVE,D,LB,24,Slovakia,Cagliari
38231,Serie A,Edoardo Corvi,EUR,17885.0,1160000.0,930000.0,2026-02-20,2029-06-30,3.0,2790000.0,,ACTIVE,K,GK,25,Italy,Parma
38232,Serie A,Sandi Lovrić,EUR,17308.0,1030000.0,900000.0,2022-07-01,2027-06-30,1.0,900000.0,,ACTIVE,M,CM,28,Slovenia,Udinese
38233,Serie A,Maduka Okoye,EUR,17308.0,1120000.0,900000.0,2024-08-20,2028-06-30,2.0,1800000.0,,ACTIVE,K,GK,27,Nigeria,Udinese
38234,Serie A,Boris Radunović,EUR,16731.0,1090000.0,870000.0,2021-07-14,2029-06-30,3.0,2610000.0,,ACTIVE,K,GK,30,Serbia,Cagliari
38235,Serie A,Stefano Turati,EUR,16346.0,1060000.0,850000.0,2020-11-25,2028-06-30,2.0,1700000.0,,ACTIVE,K,GK,24,Italy,Sassuolo
38236,Serie A,Alessio Zerbin,EUR,15962.0,1040000.0,830000.0,2026-07-24,2029-06-30,3.0,2490000.0,,ACTIVE,M,RM,27,Italy,Frosinone
38237,Serie A,Ridgeciano Haps,EUR,15962.0,1040000.0,830000.0,2026-07-01,2028-06-30,2.0,1660000.0,,ACTIVE,D,LB,33,Suriname,Venezia
38238,Serie A,Ilias Koutsoupias,EUR,15962.0,1040000.0,830000.0,2025-07-01,2027-06-30,1.0,830000.0,,ACTIVE,M,CM,25,Greece,Frosinone
38239,Serie A,Jayden Addai,EUR,15962.0,1040000.0,830000.0,2025-07-04,2030-06-30,4.0,3320000.0,,ACTIVE,F,RW,21,Netherlands,Como
38240,Serie A,Hans Nicolussi Caviglia,EUR,15962.0,1040000.0,830000.0,2026-07-01,2030-06-30,4.0,3320000.0,,ACTIVE,M,DM,26,Italy,Parma
38241,Serie A,Abdoulaye Ndiaye,EUR,15962.0,1040000.0,830000.0,2025-08-04,2029-06-30,3.0,2490000.0,,ACTIVE,D,CB,24,Senegal,Parma
38242,Serie A,Alieu Fadera,EUR,15962.0,1040000.0,830000.0,2026-08-21,2027-06-30,1.0,830000.0,,LOAN,F,LW,24,The Gambia,Cagliari
38243,Serie A,Mariano Troilo,EUR,15962.0,1040000.0,830000.0,2025-08-21,2030-06-30,4.0,3320000.0,,ACTIVE,D,CB,23,Argentina,Parma
38244,Serie A,Farès Ghedjemis,EUR,15962.0,1040000.0,830000.0,2024-01-02,2028-06-30,2.0,1660000.0,,ACTIVE,F,RW,23,Algeria,Frosinone
38245,Serie A,Lautaro Valenti,EUR,14808.0,960000.0,770000.0,2024-06-25,2027-06-30,1.0,770000.0,,ACTIVE,D,CB,27,Argentina,Parma
38246,Serie A,Jens Cajuste,EUR,14808.0,890000.0,770000.0,2023-08-10,2028-06-30,2.0,1540000.0,,INACTIVE,M,DM,27,Sweden,Napoli
38247,Serie A,Valentin Antov,EUR,14808.0,960000.0,770000.0,2026-06-03,2027-06-30,1.0,770000.0,,ACTIVE,D,CB,25,Bulgaria,Monza
38248,Serie A,Lassana Coulibaly,EUR,14808.0,960000.0,770000.0,2024-08-14,2027-06-30,1.0,770000.0,,ACTIVE,M,CM,30,Mali,Lecce
38249,Serie A,Cyril Ngonge,EUR,14808.0,960000.0,770000.0,2026-08-28,2027-06-30,1.0,770000.0,,LOAN,F,RW,26,Belgium,Monza
38250,Serie A,Ivan Ilić,EUR,14808.0,960000.0,770000.0,2023-07-01,2027-06-30,1.0,770000.0,,INACTIVE,M,CM,25,Serbia,Torino
38251,Serie A,Kristian Thorstvedt,EUR,14808.0,960000.0,770000.0,2022-07-12,2027-06-30,1.0,770000.0,,ACTIVE,M,CM,27,Norway,Sassuolo
38252,Serie A,Ivan Ilić,EUR,14808.0,960000.0,770000.0,2026-08-27,2027-06-30,1.0,770000.0,,LOAN,M,CM,25,Serbia,Lecce
38253,Serie A,Gaetano Oristanio,EUR,14231.0,930000.0,740000.0,2026-07-09,2027-06-30,1.0,740000.0,,LOAN,F,AM,23,Italy,Torino
38254,Serie A,Idrissa Gueye,EUR,14231.0,930000.0,740000.0,2026-07-01,2030-06-30,4.0,2960000.0,,ACTIVE,F,CF,19,Senegal,Udinese
38255,Serie A,Lennon Miller,EUR,14231.0,930000.0,740000.0,2025-08-12,2030-06-30,4.0,2960000.0,,ACTIVE,M,CM,20,Scotland,Udinese
38256,Serie A,Matteo Palma,EUR,14231.0,930000.0,740000.0,2026-07-20,2031-06-30,5.0,3700000.0,,ACTIVE,D,CB,18,Germany,Udinese
38257,Serie A,Ebenezer Akinsanmiro,EUR,14231.0,930000.0,740000.0,2026-08-01,2027-06-30,1.0,740000.0,,LOAN,M,CM,21,Nigeria,Monza
38258,Serie A,Nicolò Bertola,EUR,14231.0,930000.0,740000.0,2025-07-01,2030-06-30,4.0,2960000.0,,ACTIVE,D,CB,23,Italy,Udinese
38259,Serie A,Víctor Valdepeñas,EUR,14231.0,930000.0,740000.0,2026-07-31,2027-06-30,1.0,740000.0,,ACTIVE,D,CB,19,Spain,Fiorentina
38260,Serie A,Alessandro Deiola,EUR,14231.0,930000.0,740000.0,2025-04-08,2029-06-30,3.0,2220000.0,,ACTIVE,M,CM,31,Italy,Cagliari
38261,Serie A,David Romero,EUR,14231.0,930000.0,740000.0,2026-08-14,2031-06-30,5.0,3700000.0,,ACTIVE,F,CF,23,Argentina,Parma
38262,Serie A,Ebenezer Akinsanmiro,EUR,14231.0,930000.0,740000.0,2024-07-01,2029-06-30,3.0,2220000.0,,INACTIVE,M,CM,21,Nigeria,Inter Milan
38263,Serie A,Vasilije Adžić,EUR,14231.0,930000.0,740000.0,2026-08-03,2027-06-30,1.0,740000.0,,LOAN,F,AM,20,Montenegro,Sassuolo
38264,Serie A,Eivind Helland,EUR,14231.0,930000.0,740000.0,2026-01-16,2030-06-30,4.0,2960000.0,,ACTIVE,D,CB,21,Norway,Bologna
38265,Serie A,Jay Enem,EUR,14231.0,930000.0,740000.0,2026-09-01,2030-06-30,4.0,2960000.0,,ACTIVE,F,CF,23,Netherlands,Bologna
38266,Serie A,Antonio Raimondo,EUR,14231.0,930000.0,740000.0,2026-07-07,2027-06-30,1.0,740000.0,,LOAN,F,CF,22,Italy,Frosinone
38267,Serie A,Andrea Adorante,EUR,14231.0,930000.0,740000.0,2025-07-12,2028-06-30,2.0,1480000.0,,ACTIVE,F,CF,26,Italy,Venezia
38268,Serie A,Antoine Hainaut,EUR,14231.0,930000.0,740000.0,2025-08-15,2028-06-30,2.0,1480000.0,,ACTIVE,D,RB,24,France,Venezia
38269,Serie A,Kian Fitz-Jim,EUR,14231.0,930000.0,740000.0,2026-07-31,2029-06-30,3.0,2220000.0,,ACTIVE,M,CM,23,Netherlands,Torino
38270,Serie A,Laurs Skjellerup,EUR,14231.0,930000.0,740000.0,2025-01-20,2029-06-30,3.0,2220000.0,,ACTIVE,F,CF,24,Denmark,Sassuolo
38271,Serie A,Roberto Gagliardini,EUR,14231.0,930000.0,740000.0,2026-08-31,2027-06-30,1.0,740000.0,,ACTIVE,M,CM,32,Italy,Cagliari
38272,Serie A,Matías Moreno,EUR,14231.0,850000.0,740000.0,2026-07-30,2027-06-30,1.0,740000.0,,LOAN,D,CB,22,Argentina,Venezia
38273,Serie A,Bartosz Mrozek,EUR,14231.0,930000.0,740000.0,2026-08-28,2030-06-30,4.0,2960000.0,,ACTIVE,K,GK,26,Poland,Udinese
38274,Serie A,Alphadjo Cissè,EUR,14231.0,930000.0,740000.0,2026-02-02,2030-06-30,4.0,2960000.0,,ACTIVE,F,AM,19,Italy,AC Milan
38275,Serie A,Darryl Bakola,EUR,14231.0,930000.0,740000.0,2026-02-02,2030-06-30,4.0,2960000.0,,ACTIVE,M,CM,18,France,Sassuolo
38276,Serie A,Benjamín Domínguez,EUR,14231.0,930000.0,740000.0,2026-08-11,2027-06-30,1.0,740000.0,,LOAN,F,LW,22,Argentina,Sassuolo
38277,Serie A,Alberto Paleari,EUR,14231.0,930000.0,740000.0,2025-10-31,2027-06-30,1.0,740000.0,,ACTIVE,K,GK,34,Italy,Torino
38278,Serie A,Lorenzo Bernasconi,EUR,12500.0,810000.0,650000.0,2025-07-01,2030-06-30,4.0,2600000.0,,ACTIVE,M,LM,22,Italy,Atalanta
38279,Serie A,Fali Candé,EUR,12500.0,810000.0,650000.0,2025-08-10,2029-06-30,3.0,1950000.0,,ACTIVE,D,CB,28,Guinea-Bissau,Sassuolo
38280,Serie A,Lion Lauberbach,EUR,12500.0,820000.0,650000.0,2026-01-29,2029-06-30,3.0,1950000.0,,ACTIVE,F,CF,28,Germany,Venezia
38281,Serie A,Gaby Jean,EUR,12500.0,810000.0,650000.0,2024-08-26,2027-06-30,1.0,650000.0,,ACTIVE,D,CB,26,France,Lecce
38282,Serie A,Alessandro Marcandalli,EUR,12500.0,810000.0,650000.0,2022-07-01,2029-06-30,3.0,1950000.0,,ACTIVE,D,CB,23,Italy,Genoa
38283,Serie A,Mikel Amondarain,EUR,12500.0,810000.0,650000.0,2026-07-29,2031-06-30,5.0,3250000.0,,ACTIVE,M,CM,21,Argentina,Bologna
38284,Serie A,Oliver Christensen,EUR,12308.0,800000.0,640000.0,2023-08-10,2028-06-30,2.0,1280000.0,,ACTIVE,K,GK,27,Denmark,Fiorentina
38285,Serie A,Marin Šverko,EUR,12308.0,830000.0,640000.0,2025-12-17,2028-06-30,2.0,1280000.0,,ACTIVE,D,CB,28,Croatia,Venezia
38286,Serie A,Patrick Cutrone,EUR,12308.0,800000.0,640000.0,2026-07-01,2029-06-30,3.0,1920000.0,,ACTIVE,F,CF,28,Italy,Monza
38287,Serie A,Agustín Álvarez,EUR,12308.0,800000.0,640000.0,2022-07-01,2027-06-30,1.0,640000.0,,INACTIVE,F,CF,25,Uruguay,Sassuolo
38288,Serie A,Kialonda Gaspar,EUR,11346.0,740000.0,590000.0,2024-07-01,2027-06-30,1.0,590000.0,,ACTIVE,D,CB,28,Angola,Lecce
38289,Serie A,Oussama El Azzouzi,EUR,11154.0,670000.0,580000.0,2023-07-20,2027-06-30,1.0,580000.0,,ACTIVE,M,DM,25,Morocco,Bologna
38290,Serie A,Seydou Fini,EUR,10769.0,700000.0,560000.0,2026-07-12,2027-06-30,1.0,560000.0,,LOAN,F,RW,20,Italy,Frosinone
38291,Serie A,Cody Drameh,EUR,10769.0,700000.0,560000.0,2026-09-01,2027-06-30,1.0,560000.0,,ACTIVE,D,RB,24,England,Genoa
38292,Serie A,Gabriele Calvani,EUR,10769.0,700000.0,560000.0,2026-07-12,2027-06-30,1.0,560000.0,,LOAN,D,CB,22,Italy,Frosinone
38293,Serie A,Franz-Ethan Meichtry,EUR,10769.0,700000.0,560000.0,2026-07-01,2030-06-30,4.0,2240000.0,,ACTIVE,M,CM,21,Switzerland,Genoa
38294,Serie A,Gabriele Bracaglia,EUR,10769.0,700000.0,560000.0,2025-12-22,2028-06-30,2.0,1120000.0,,ACTIVE,D,LB,23,Italy,Frosinone
38295,Serie A,Anouar El Azzouzi,EUR,10769.0,700000.0,560000.0,2026-07-13,2029-06-30,3.0,1680000.0,,ACTIVE,M,CM,25,Morocco,Frosinone
38296,Serie A,Carlo Pinsoglio,EUR,10769.0,700000.0,560000.0,2026-02-26,2027-06-30,1.0,560000.0,,ACTIVE,K,GK,36,Italy,Juventus
38297,Serie A,Álex Valle,EUR,10769.0,700000.0,560000.0,2025-07-01,2029-06-30,3.0,1680000.0,,ACTIVE,D,LB,22,Spain,Como
38298,Serie A,Adrian Przyborek,EUR,10769.0,700000.0,560000.0,2026-01-31,2030-06-30,4.0,2240000.0,,ACTIVE,F,AM,19,Poland,Lazio
38299,Serie A,Raphael Kofler,EUR,10769.0,700000.0,560000.0,2026-07-31,2027-06-30,1.0,560000.0,,LOAN,D,CB,21,Italy,Cagliari
38300,Serie A,Redouane Halhal,EUR,10769.0,700000.0,560000.0,2026-08-01,2030-06-30,4.0,2240000.0,,ACTIVE,D,CB,23,Morocco,Venezia
38301,Serie A,Juan Rodríguez,EUR,10769.0,700000.0,560000.0,2025-09-01,2030-06-30,4.0,2240000.0,,ACTIVE,D,CB,21,Uruguay,Cagliari
38302,Serie A,Richie Sagrado,EUR,10769.0,710000.0,560000.0,2024-08-03,2028-06-30,2.0,1120000.0,,ACTIVE,D,RB,22,Belgium,Venezia
38303,Serie A,Konan N’Dri,EUR,10769.0,700000.0,560000.0,2025-02-02,2027-06-30,1.0,560000.0,,ACTIVE,F,RW,25,Niger,Lecce
38304,Serie A,Santiago Pierotti,EUR,10769.0,700000.0,560000.0,2024-01-16,2027-06-30,1.0,560000.0,,ACTIVE,F,RW,25,Argentina,Lecce
38305,Serie A,Omari Forson,EUR,10769.0,710000.0,560000.0,2024-07-01,2028-06-30,2.0,1120000.0,,ACTIVE,F,RW,22,England,Monza
38306,Serie A,Giovanni Daffara,EUR,10769.0,700000.0,560000.0,2026-07-01,2031-06-30,5.0,2800000.0,,ACTIVE,K,GK,21,Italy,Parma
38307,Serie A,Devis Vásquez,EUR,10769.0,700000.0,560000.0,2025-07-29,2027-06-30,1.0,560000.0,,ACTIVE,K,GK,28,Colombia,Roma
38308,Serie A,Edoardo Pieragnolo,EUR,10769.0,700000.0,560000.0,2024-10-16,2029-06-30,3.0,1680000.0,,ACTIVE,D,LB,23,Italy,Sassuolo
38309,Serie A,Sankhoun Diawara,EUR,10769.0,700000.0,560000.0,2026-07-28,2031-06-30,5.0,2800000.0,,ACTIVE,D,CB,20,France,AC Milan
38310,Serie A,Lazar Jovanovic,EUR,10769.0,700000.0,560000.0,2026-09-01,2031-06-30,5.0,2800000.0,,ACTIVE,F,RW,19,Serbia,Udinese
38311,Serie A,Christian Comotto,EUR,10769.0,700000.0,560000.0,2026-07-24,2031-06-30,5.0,2800000.0,,ACTIVE,M,CM,18,Italy,AC Milan
38312,Serie A,Joël Schingtienne,EUR,10769.0,710000.0,560000.0,2024-08-28,2029-06-30,3.0,1680000.0,,ACTIVE,D,CB,24,Belgium,Venezia
38313,Serie A,Luis Hasa,EUR,10769.0,700000.0,560000.0,2026-07-24,2030-06-30,4.0,2240000.0,,ACTIVE,M,CM,22,Albania,Frosinone
38314,Serie A,Jesper Karlsson,EUR,9808.0,640000.0,510000.0,2023-08-23,2028-06-30,2.0,1020000.0,,INACTIVE,F,LW,28,Sweden,Bologna
38315,Serie A,Anthony Oyono,EUR,9808.0,640000.0,510000.0,2023-06-29,2027-06-30,1.0,510000.0,,ACTIVE,D,RB,25,Gabon,Frosinone
38316,Serie A,Patrizio Masini,EUR,8846.0,580000.0,460000.0,2026-08-10,2027-06-30,1.0,460000.0,,LOAN,M,CM,25,Italy,Frosinone
38317,Serie A,Ignace Van der Brempt,EUR,8846.0,580000.0,460000.0,2026-08-30,2027-06-30,1.0,460000.0,,LOAN,D,RB,24,Belgium,Sassuolo
38318,Serie A,Tommaso Martinelli,EUR,8846.0,580000.0,460000.0,2024-11-21,2029-06-30,3.0,1380000.0,,INACTIVE,K,GK,20,Italy,Fiorentina
38319,Serie A,Jay Robinson,EUR,8846.0,580000.0,460000.0,2026-08-07,2027-06-30,1.0,460000.0,,LOAN,F,LW,19,England,Monza
38320,Serie A,Danilo Veiga,EUR,8846.0,580000.0,460000.0,2025-01-28,2027-06-30,1.0,460000.0,,ACTIVE,D,RB,23,Portugal,Lecce
38321,Serie A,Robinho Junior,EUR,8846.0,580000.0,460000.0,2026-09-01,2027-06-30,1.0,460000.0,,ACTIVE,F,RW,18,Brazil,Genoa
38322,Serie A,Ilario Monterisi,EUR,8846.0,580000.0,460000.0,2023-07-14,2027-06-30,1.0,460000.0,,ACTIVE,D,CB,24,Italy,Frosinone
38323,Serie A,Giorgio Cittadini,EUR,8846.0,580000.0,460000.0,2026-07-12,2027-06-30,1.0,460000.0,,ACTIVE,D,CB,24,Italy,Frosinone
38324,Serie A,Enzo Tchato,EUR,8846.0,580000.0,460000.0,2026-08-25,2030-06-30,4.0,1840000.0,,ACTIVE,D,RB,23,Cameroon,Frosinone
38325,Serie A,Toni Fernández,EUR,8846.0,580000.0,460000.0,2026-09-01,2027-06-30,1.0,460000.0,,LOAN,F,AM,18,Spain,Venezia
38326,Serie A,Simone Ghidotti,EUR,8846.0,580000.0,460000.0,2026-09-01,2027-06-30,1.0,460000.0,,ACTIVE,K,GK,26,Italy,Parma
38327,Serie A,Kieron Bowie,EUR,8846.0,580000.0,460000.0,2026-07-31,2027-06-30,1.0,460000.0,,LOAN,F,CF,23,Scotland,Sassuolo
38328,Serie A,Leonardo Colombo,EUR,8846.0,570000.0,460000.0,2026-02-19,2029-06-30,3.0,1380000.0,,ACTIVE,M,DM,21,Italy,Monza
38329,Serie A,Amorim,EUR,8846.0,580000.0,460000.0,2026-01-29,2030-06-30,4.0,1840000.0,,ACTIVE,M,CM,21,Brazil,Genoa
38330,Serie A,Adrian Lahdo,EUR,8846.0,580000.0,460000.0,2026-02-02,2031-06-30,5.0,2300000.0,,ACTIVE,M,CM,18,Sweden,Como
38331,Serie A,Andrea Ghion,EUR,8846.0,580000.0,460000.0,2024-12-20,2029-06-30,3.0,1380000.0,,ACTIVE,M,DM,26,Italy,Sassuolo
38332,Serie A,Nesta Elphege,EUR,8846.0,580000.0,460000.0,2026-01-30,2030-06-30,4.0,1840000.0,,ACTIVE,F,CF,25,France,Parma
38333,Serie A,Rahim Alhassane,EUR,8846.0,580000.0,460000.0,2026-07-20,2030-06-30,4.0,1840000.0,,ACTIVE,D,LB,24,Niger,Bologna
38334,Serie A,Cas Odenthal,EUR,8846.0,580000.0,460000.0,2024-07-30,2027-06-30,1.0,460000.0,,ACTIVE,D,CB,25,Netherlands,Sassuolo
38335,Serie A,Junior Ligue,EUR,8846.0,570000.0,460000.0,2026-01-29,2028-06-30,2.0,920000.0,,ACTIVE,D,LB,21,Switzerland,Venezia
38336,Serie A,Jacob Ondrejka,EUR,8846.0,580000.0,460000.0,2025-01-23,2029-06-30,3.0,1380000.0,,ACTIVE,F,LW,24,Sweden,Parma
38337,Serie A,Mattia Felici,EUR,8846.0,580000.0,460000.0,2024-07-10,2027-06-30,1.0,460000.0,,ACTIVE,F,LW,25,Italy,Cagliari
38338,Serie A,Yeferson Paz,EUR,8846.0,580000.0,460000.0,2022-07-01,2027-06-30,1.0,460000.0,,ACTIVE,D,RB,24,Colombia,Sassuolo
38339,Serie A,Benja Cremaschi,EUR,8846.0,580000.0,460000.0,2026-07-01,2031-06-30,5.0,2300000.0,,ACTIVE,M,CM,21,United States,Parma
38340,Serie A,Oier Zarraga,EUR,8654.0,560000.0,450000.0,2023-07-01,2027-06-30,1.0,450000.0,,ACTIVE,M,CM,27,Spain,Udinese
38341,Serie A,Janis Antiste,EUR,8654.0,520000.0,450000.0,2022-08-31,2028-06-30,2.0,900000.0,,INACTIVE,F,CF,24,Martinique,Sassuolo
38342,Serie A,Lorenzo Palmisani,EUR,7885.0,510000.0,410000.0,2025-11-10,2029-06-30,3.0,1230000.0,,ACTIVE,K,GK,22,Italy,Frosinone
38343,Serie A,Franco Carboni,EUR,7885.0,510000.0,410000.0,2026-07-02,2030-06-30,4.0,1640000.0,,ACTIVE,D,LB,23,Argentina,Parma
38344,Serie A,Sebastiano Desplanches,EUR,7885.0,510000.0,410000.0,2026-07-18,2027-06-30,1.0,410000.0,,LOAN,K,GK,23,Italy,Frosinone
38345,Serie A,Jacobo Ramón,EUR,7885.0,510000.0,410000.0,2025-07-31,2030-06-30,4.0,1640000.0,,ACTIVE,D,CB,21,Spain,Como
38346,Serie A,Thomas Kristensen,EUR,7308.0,480000.0,380000.0,2026-08-13,2027-06-30,1.0,380000.0,,LOAN,D,CB,24,Denmark,Atalanta
38347,Serie A,Emirhan İlkhan,EUR,7308.0,480000.0,380000.0,2026-05-26,2027-06-30,1.0,380000.0,,ACTIVE,M,DM,22,Turkey,Torino
38348,Serie A,Thórir Jóhann Helgason,EUR,7308.0,480000.0,380000.0,2026-07-01,2029-06-30,3.0,1140000.0,,ACTIVE,M,CM,25,Iceland,Venezia
38349,Serie A,Luca Lipani,EUR,7115.0,460000.0,370000.0,2023-08-08,2028-06-30,2.0,740000.0,,ACTIVE,M,DM,21,Italy,Sassuolo
38350,Serie A,Medon Berisha,EUR,7115.0,460000.0,370000.0,2024-10-18,2028-06-30,2.0,740000.0,,ACTIVE,M,CM,22,Albania,Lecce
38351,Serie A,Giuseppe Ambrosino,EUR,7115.0,460000.0,370000.0,2022-07-01,2030-06-30,4.0,1480000.0,,INACTIVE,F,CF,22,Italy,Napoli
38352,Serie A,Simone Lontani,EUR,7115.0,460000.0,370000.0,2026-07-01,2030-06-30,4.0,1480000.0,,ACTIVE,F,CF,18,Italy,Parma
38353,Serie A,David Puczka,EUR,7115.0,460000.0,370000.0,2026-07-02,2031-06-30,5.0,1850000.0,,ACTIVE,D,LB,21,Austria,Genoa
38354,Serie A,Matteo Dagasso,EUR,7115.0,460000.0,370000.0,2026-01-28,2030-06-30,4.0,1480000.0,,ACTIVE,M,CM,22,Italy,Venezia
38355,Serie A,Elias Havel,EUR,7115.0,460000.0,370000.0,2026-07-10,2030-06-30,4.0,1480000.0,,ACTIVE,F,CF,23,Austria,Genoa
38356,Serie A,Costantino Favasuli,EUR,7115.0,460000.0,370000.0,2026-08-19,2027-06-30,1.0,370000.0,,LOAN,M,RM,22,Italy,Napoli
38357,Serie A,Alessandro Romano,EUR,7115.0,460000.0,370000.0,2026-07-01,2027-06-30,1.0,370000.0,,LOAN,M,DM,20,Switzerland,Cagliari
38358,Serie A,Matteo Cichella,EUR,7115.0,460000.0,370000.0,2025-07-02,2027-06-30,1.0,370000.0,,ACTIVE,M,DM,20,Italy,Frosinone
38359,Serie A,Samuel Wiafe,EUR,7115.0,460000.0,370000.0,2026-07-02,2030-06-30,4.0,1480000.0,,ACTIVE,M,CM,18,Italy,Genoa
38360,Serie A,Daniel Fila,EUR,7115.0,460000.0,370000.0,2025-02-03,2029-06-30,3.0,1110000.0,,INACTIVE,F,CF,23,Czech Republic,Venezia
38361,Serie A,Matteo Grandi,EUR,7115.0,460000.0,370000.0,2025-11-24,2028-06-30,2.0,740000.0,,ACTIVE,K,GK,33,Italy,Venezia
38362,Serie A,Lorenzo Lucchesi,EUR,7115.0,460000.0,370000.0,2026-07-01,2030-06-30,4.0,1480000.0,,ACTIVE,D,CB,23,Italy,Monza
38363,Serie A,Juan Arizala,EUR,7115.0,460000.0,370000.0,2026-01-06,2030-06-30,4.0,1480000.0,,ACTIVE,M,LM,20,Colombia,Udinese
38364,Serie A,Eddy Kouadio,EUR,7115.0,460000.0,370000.0,2026-07-08,2027-06-30,1.0,370000.0,,LOAN,D,CB,20,Italy,Monza
38365,Serie A,Mauro Vigorito,EUR,7115.0,460000.0,370000.0,2025-05-21,2027-06-30,1.0,370000.0,,ACTIVE,K,GK,36,Italy,Como
38366,Serie A,Daniele Padelli,EUR,7115.0,460000.0,370000.0,2026-05-27,2027-06-30,1.0,370000.0,,ACTIVE,K,GK,40,Italy,Udinese
38367,Serie A,Tiago Gabriel,EUR,7115.0,460000.0,370000.0,2025-01-28,2027-06-30,1.0,370000.0,,ACTIVE,D,CB,21,Portugal,Lecce
38368,Serie A,Lorenzo Torriani,EUR,7115.0,460000.0,370000.0,2025-05-21,2030-06-30,4.0,1480000.0,,ACTIVE,K,GK,21,Italy,AC Milan
38369,Serie A,Lapo Siviero,EUR,7115.0,460000.0,370000.0,2026-04-23,2029-06-30,3.0,1110000.0,,ACTIVE,K,GK,19,Italy,Torino
38370,Serie A,Rafa Obrador,EUR,7115.0,460000.0,370000.0,2026-08-14,2027-06-30,1.0,370000.0,,LOAN,D,LB,22,Spain,Sassuolo
38371,Serie A,Lorenzo De Silvestri,EUR,6923.0,450000.0,360000.0,2026-07-07,2027-06-30,1.0,360000.0,,ACTIVE,D,RB,38,Italy,Bologna
38372,Serie A,Kornel Lisman,EUR,6346.0,410000.0,330000.0,2026-06-29,2030-06-30,4.0,1320000.0,,ACTIVE,F,LW,20,Poland,Venezia
38373,Serie A,Ousmane Diallo,EUR,6346.0,410000.0,330000.0,2026-07-31,2031-06-30,5.0,1650000.0,,ACTIVE,F,LW,19,Spain,Parma
38374,Serie A,Sadik Fofana,EUR,6346.0,410000.0,330000.0,2026-01-15,2029-06-30,3.0,990000.0,,ACTIVE,M,DM,23,Togo,Lecce
38375,Serie A,Oumar Ngom,EUR,6346.0,410000.0,330000.0,2026-01-13,2029-06-30,3.0,990000.0,,ACTIVE,M,DM,22,Mauritania,Lecce
38376,Serie A,Fedde Leysen,EUR,6346.0,410000.0,330000.0,2026-08-21,2027-06-30,1.0,330000.0,,LOAN,D,CB,23,Belgium,Sassuolo
38377,Serie A,Corrie Ndaba,EUR,6346.0,410000.0,330000.0,2025-07-28,2028-06-30,2.0,660000.0,,ACTIVE,D,LB,26,Ireland,Lecce
38378,Serie A,Mohamed Kaba,EUR,6154.0,400000.0,320000.0,2023-08-14,2027-06-30,1.0,320000.0,,ACTIVE,M,CM,24,Guinea,Lecce
38379,Serie A,Franz Stolz,EUR,5769.0,370000.0,300000.0,2024-01-27,2027-06-30,1.0,300000.0,,ACTIVE,K,GK,25,Austria,Genoa
38380,Serie A,Ale Gomes,EUR,5385.0,349000.0,280000.0,2026-07-09,2031-06-30,5.0,1400000.0,,ACTIVE,D,CB,18,Spain,Venezia
38381,Serie A,Ben Lhassine Kone,EUR,5385.0,349000.0,280000.0,2026-07-01,2029-06-30,3.0,840000.0,,ACTIVE,M,CM,26,Cote d'Ivoire,Frosinone
38382,Serie A,Adam Bakoune,EUR,5385.0,350000.0,280000.0,2025-07-05,2027-06-30,1.0,280000.0,,ACTIVE,D,RB,20,Italy,Monza
38383,Serie A,Mathis Mout,EUR,5385.0,349000.0,280000.0,2026-07-01,2027-06-30,1.0,280000.0,,ACTIVE,M,CM,19,Italy,Monza
38384,Serie A,Milos Jovic,EUR,5385.0,349000.0,280000.0,2025-08-29,2029-06-30,3.0,840000.0,,ACTIVE,F,CF,20,Serbia,Lecce
38385,Serie A,Noel Törnqvist,EUR,5385.0,349000.0,280000.0,2026-08-31,2027-06-30,1.0,280000.0,,LOAN,K,GK,24,Sweden,Monza
38386,Serie A,Amar Fatah,EUR,5385.0,349000.0,280000.0,2026-08-25,2029-06-30,3.0,840000.0,,ACTIVE,F,LW,22,Sweden,Lecce
38387,Serie A,Lamine Fanne,EUR,5385.0,350000.0,280000.0,2026-02-01,2030-06-30,4.0,1120000.0,,ACTIVE,M,CM,22,Spain,Venezia
38388,Serie A,Wisdom Amey,EUR,5385.0,349000.0,280000.0,2026-07-07,2027-06-30,1.0,280000.0,,ACTIVE,D,CB,21,Italy,Frosinone
38389,Serie A,Riyad Idrissi,EUR,5385.0,349000.0,280000.0,2025-10-07,2030-06-30,4.0,1120000.0,,ACTIVE,D,LB,21,Italy,Cagliari
38390,Serie A,Simone Cinquegrano,EUR,5385.0,349000.0,280000.0,2024-07-01,2027-06-30,1.0,280000.0,,ACTIVE,M,RM,22,Italy,Sassuolo
38391,Serie A,Marco Bleve,EUR,5385.0,349000.0,280000.0,2026-08-19,2028-06-30,2.0,560000.0,,ACTIVE,K,GK,30,Italy,Lecce
38392,Serie A,Giuseppe Aurelio,EUR,5385.0,349000.0,280000.0,2026-08-10,2029-06-30,3.0,840000.0,,ACTIVE,D,LB,26,Italy,Cagliari
38393,Serie A,Yael Trepy,EUR,5385.0,349000.0,280000.0,2026-02-19,2030-06-30,4.0,1120000.0,,ACTIVE,F,CF,20,France,Cagliari
38394,Serie A,Ali Dembélé,EUR,5385.0,349000.0,280000.0,2026-08-30,2027-06-30,1.0,280000.0,,LOAN,D,RB,22,France,Lecce
38395,Serie A,Sebastian Otoa,EUR,5385.0,349000.0,280000.0,2025-01-16,2028-06-30,2.0,560000.0,,ACTIVE,D,CB,22,Denmark,Genoa
38396,Serie A,Thomas Pompei,EUR,5385.0,349000.0,280000.0,2026-09-01,2027-06-30,1.0,280000.0,,ACTIVE,K,GK,20,Italy,Atalanta
38397,Serie A,Gustavo Varela,EUR,5385.0,349000.0,280000.0,2026-07-27,2030-06-30,4.0,1120000.0,,ACTIVE,F,CF,21,Portugal,Monza
38398,Serie A,Federico Croci,EUR,5385.0,349000.0,280000.0,2026-07-01,2029-06-30,3.0,840000.0,,ACTIVE,F,LW,16,Italy,Fiorentina
38399,Serie A,Daniele Sommariva,EUR,5385.0,349000.0,280000.0,2025-07-09,2027-06-30,1.0,280000.0,,ACTIVE,K,GK,29,Italy,Genoa
38400,Serie A,Raffaele Di Gennaro,EUR,5385.0,349000.0,280000.0,2025-07-03,2027-06-30,1.0,280000.0,,ACTIVE,K,GK,32,Italy,Inter Milan
38401,Serie A,Foe Ondoa,EUR,5385.0,349000.0,280000.0,2026-07-01,2030-06-30,4.0,1120000.0,,ACTIVE,M,CM,20,France,Monza
38402,Serie A,Luca Lezzerini,EUR,5385.0,349000.0,280000.0,2026-05-26,2028-06-30,2.0,560000.0,,ACTIVE,K,GK,31,Italy,Fiorentina
38403,Serie A,Giorgi Kvernadze,EUR,5385.0,350000.0,280000.0,2024-07-01,2028-06-30,2.0,560000.0,,ACTIVE,F,LW,23,Georgia,Frosinone
38404,Serie A,Alessio Cacciamani,EUR,5385.0,349000.0,280000.0,2025-08-13,2029-06-30,3.0,840000.0,,ACTIVE,M,LM,19,Italy,Torino
38405,Serie A,Giacomo Satalino,EUR,5385.0,349000.0,280000.0,2026-08-06,2027-06-30,1.0,280000.0,,ACTIVE,K,GK,27,Italy,Sassuolo
38406,Serie A,Valeri Vladimirov,EUR,5385.0,349000.0,280000.0,2026-09-02,2029-06-30,3.0,840000.0,,ACTIVE,D,CB,18,Bulgaria,AC Milan
38407,Serie A,Joseph Liteta,EUR,5385.0,349000.0,280000.0,2025-10-19,2030-06-30,4.0,1120000.0,,ACTIVE,M,CM,20,Zambia,Cagliari
38408,Serie A,Diego Mascardi,EUR,5385.0,349000.0,280000.0,2026-07-16,2031-06-30,5.0,1400000.0,,ACTIVE,K,GK,19,Italy,Torino
38409,Serie A,Lorenzo Berardi,EUR,5385.0,349000.0,280000.0,2026-07-01,2031-06-30,5.0,1400000.0,,ACTIVE,M,LM,20,Italy,Venezia
38410,Serie A,Abdou-Salam Konate,EUR,5385.0,349000.0,280000.0,2026-07-22,2029-06-30,3.0,840000.0,,ACTIVE,M,CM,19,Senegal,Parma
38411,Serie A,Massimo Pessina,EUR,5385.0,349000.0,280000.0,2026-02-17,2029-06-30,3.0,840000.0,,ACTIVE,K,GK,18,Italy,Bologna
38412,Serie A,Omar Fayed,EUR,5385.0,349000.0,280000.0,2026-08-19,2030-06-30,4.0,1120000.0,,ACTIVE,D,CB,23,Egypt,Frosinone
38413,Serie A,Edoardo Motta,EUR,5385.0,349000.0,280000.0,2026-01-27,2030-06-30,4.0,1120000.0,,ACTIVE,K,GK,21,Italy,Lazio
38414,Serie A,Riccardo Ciervo,EUR,5385.0,349000.0,280000.0,2026-08-29,2027-06-30,1.0,280000.0,,LOAN,F,LW,24,Italy,Cagliari
38415,Serie A,Simone Panada,EUR,5000.0,325000.0,260000.0,2026-01-22,2030-06-30,4.0,1040000.0,,ACTIVE,M,DM,24,Italy,Venezia
38416,Serie A,Andrea Luongo,EUR,4231.0,276000.0,220000.0,2026-07-01,2029-06-30,3.0,660000.0,,ACTIVE,M,CM,18,Italy,Torino
38417,Serie A,Alen Sherri,EUR,4231.0,276000.0,220000.0,2024-07-24,2028-06-30,2.0,440000.0,,ACTIVE,K,GK,28,Albania,Cagliari
38418,Serie A,Yanis Massolin,EUR,4231.0,276000.0,220000.0,2026-08-31,2027-06-30,1.0,220000.0,,LOAN,F,AM,23,France,Cagliari
38419,Serie A,Alessio Pozzi,EUR,4231.0,276000.0,220000.0,2026-07-11,2030-06-30,4.0,880000.0,,ACTIVE,K,GK,25,Italy,Venezia
38420,Serie A,Rufai Mohammed,EUR,4231.0,276000.0,220000.0,2026-09-01,2027-06-30,1.0,220000.0,,LOAN,D,CB,20,Ghana,Venezia
38421,Serie A,Sebastian Esposito,EUR,4231.0,276000.0,220000.0,2024-07-01,2027-06-30,1.0,220000.0,,ACTIVE,D,CB,21,Australia,Lecce
38422,Serie A,Joi Nuredini,EUR,4231.0,276000.0,220000.0,2026-06-09,2029-06-30,3.0,660000.0,,ACTIVE,F,CF,19,Albania,Genoa
38423,Serie A,Matteo Pisseri,EUR,4231.0,276000.0,220000.0,2025-09-02,2027-06-30,1.0,220000.0,,ACTIVE,K,GK,34,Italy,Frosinone
38424,Serie A,Yvan Maye,EUR,4231.0,276000.0,220000.0,2026-08-25,2027-06-30,1.0,220000.0,,ACTIVE,D,CB,20,France,Monza
38425,Serie A,Emanuele Lulli,EUR,3654.0,236000.0,190000.0,2026-07-01,2027-06-30,1.0,190000.0,,ACTIVE,D,RB,19,Italy,Roma
38426,Serie A,Elijah Scott,EUR,3654.0,236000.0,190000.0,2026-07-01,2027-06-30,1.0,190000.0,,ACTIVE,D,CB,20,United States,Lecce
38427,Serie A,Giorgio Vezzosi,EUR,3654.0,236000.0,190000.0,2026-07-01,2027-06-30,1.0,190000.0,,ACTIVE,D,CB,19,Italy,Sassuolo
38428,Serie A,Alexandru Borbei,EUR,3654.0,236000.0,190000.0,2024-06-05,2028-06-30,2.0,380000.0,,ACTIVE,K,GK,23,Romania,Lecce
38429,Serie A,Ivan Sulev,EUR,3654.0,236000.0,190000.0,2026-07-01,2029-06-30,3.0,570000.0,,ACTIVE,M,CM,19,Bulgaria,Cagliari
38430,Serie A,Romano Floriani Mussolini,EUR,3654.0,236000.0,190000.0,2023-07-01,2028-06-30,2.0,380000.0,,ACTIVE,D,RB,23,Italy,Lazio
38431,Serie A,Nicola Grandu,EUR,3654.0,236000.0,190000.0,2026-07-01,2027-06-30,1.0,190000.0,,ACTIVE,M,LM,20,Italy,Cagliari
38432,Serie A,Filipe Bordon,EUR,3654.0,236000.0,190000.0,2024-07-01,2028-06-30,2.0,380000.0,,ACTIVE,D,CB,21,Brazil,Lazio
38433,Serie A,Federico Serra,EUR,3654.0,236000.0,190000.0,2026-07-01,2027-06-30,1.0,190000.0,,ACTIVE,F,CF,20,Italy,Lazio
38434,Serie A,Davide Renzetti,EUR,3654.0,236000.0,190000.0,2024-07-01,2027-06-30,1.0,190000.0,,ACTIVE,K,GK,20,Italy,Lazio
38435,Serie A,Paco Esteban,EUR,3654.0,236000.0,190000.0,2026-07-01,2028-06-30,2.0,380000.0,,ACTIVE,F,CF,20,Spain,Lecce
38436,Serie A,Niccolò Fortini,EUR,3654.0,236000.0,190000.0,2026-08-21,2027-06-30,1.0,190000.0,,LOAN,D,LB,20,Italy,Torino
38437,Serie A,Alessio Furlanetto,EUR,3654.0,236000.0,190000.0,2024-06-29,2028-06-30,2.0,380000.0,,ACTIVE,K,GK,24,Italy,Lazio
38438,Serie A,Vernon Addo,EUR,3654.0,236000.0,190000.0,2024-07-01,2028-06-30,2.0,380000.0,,ACTIVE,D,LB,21,Netherlands,Lecce
38439,Serie A,Giulio Vinciati,EUR,3654.0,236000.0,190000.0,2026-05-29,2029-06-30,3.0,570000.0,,ACTIVE,F,CF,19,Italy,Udinese
38440,Serie A,James Abankwah,EUR,3654.0,238000.0,190000.0,2025-01-16,2029-06-30,3.0,570000.0,,ACTIVE,D,CB,22,Ireland,Udinese
38441,Serie A,Kevin Martins,EUR,3654.0,236000.0,190000.0,2025-09-01,2028-06-30,2.0,380000.0,,ACTIVE,F,RW,21,Italy,Monza
38442,Serie A,Alessandro Plizzari,EUR,3654.0,246000.0,190000.0,2025-09-04,2029-06-30,3.0,570000.0,,INACTIVE,K,GK,26,Italy,Venezia
38443,Serie A,Mohamed Malang Touré,EUR,3654.0,236000.0,190000.0,2026-07-01,2027-06-30,1.0,190000.0,,ACTIVE,F,CF,19,Senegal,Venezia
38444,Serie A,Demi Akarakiri,EUR,3654.0,236000.0,190000.0,2026-07-03,2030-06-30,4.0,760000.0,,ACTIVE,M,CM,18,England,Cagliari
38445,Serie A,Lorenzo Venturino,EUR,3654.0,236000.0,190000.0,2025-01-15,2029-06-30,3.0,570000.0,,ACTIVE,F,RW,20,Italy,Genoa
38446,Serie A,Michael Venturi,EUR,3654.0,246000.0,190000.0,2025-08-13,2027-06-30,1.0,190000.0,,INACTIVE,D,CB,27,Italy,Venezia
38447,Serie A,Ukko Happonen,EUR,3654.0,236000.0,190000.0,2026-07-01,2027-06-30,1.0,190000.0,,ACTIVE,K,GK,19,Finland,Bologna
38448,Serie A,Dominik Drobnic,EUR,3654.0,236000.0,190000.0,2026-07-01,2027-06-30,1.0,190000.0,,ACTIVE,D,CB,19,Slovenia,Parma
38449,Serie A,Mihajlo Ilić,EUR,3654.0,236000.0,190000.0,2024-01-18,2028-06-30,2.0,380000.0,,INACTIVE,D,CB,23,Serbia,Bologna
38450,Serie A,Marlon Ubani,EUR,3654.0,236000.0,190000.0,2025-07-01,2029-06-30,3.0,570000.0,,ACTIVE,D,RB,21,Germany,Lecce
38451,Serie A,Niko Kovač,EUR,3269.0,212000.0,170000.0,2026-07-01,2029-06-30,3.0,510000.0,,ACTIVE,M,DM,21,Bosnia-Herzegovina,Lecce
38452,Serie A,Aljaz Strajnar,EUR,3269.0,207000.0,170000.0,2025-08-19,2029-06-30,3.0,510000.0,,ACTIVE,K,GK,19,Slovenia,Monza
38453,Serie A,Alejandro Cichero,EUR,3269.0,212000.0,170000.0,2025-07-02,2027-06-30,1.0,170000.0,,ACTIVE,F,CF,20,Venezuela,Frosinone
38454,Serie A,Valerio Farcomeni,EUR,2885.0,187000.0,150000.0,2026-05-07,2030-06-30,4.0,600000.0,,ACTIVE,M,CM,20,Italy,Lazio
38455,Serie A,Eldin Lolic,EUR,2885.0,187000.0,150000.0,2025-07-25,2027-06-30,1.0,150000.0,,ACTIVE,K,GK,22,Bosnia-Herzegovina,Frosinone
38456,Serie A,Lorenzo Nyarko,EUR,2885.0,187000.0,150000.0,2026-07-01,2027-06-30,1.0,150000.0,,ACTIVE,K,GK,18,Italy,Sassuolo
38457,Serie A,Olaf Gorter,EUR,2885.0,187000.0,150000.0,2026-07-01,2029-06-30,3.0,450000.0,,ACTIVE,M,DM,21,Netherlands,Lecce
38458,Serie A,Bruno Galassi,EUR,2885.0,187000.0,150000.0,2026-07-17,2029-06-30,3.0,450000.0,,ACTIVE,D,CB,19,Spain,Lazio
38459,Serie A,Mamedi Doucouré,EUR,2885.0,187000.0,150000.0,2026-07-01,2027-06-30,1.0,150000.0,,ACTIVE,D,CB,19,France,Genoa
38460,Serie A,Giorgio De Marzi,EUR,2885.0,187000.0,150000.0,2026-07-01,2027-06-30,1.0,150000.0,,ACTIVE,K,GK,19,United States,Roma
38461,Serie A,Thomás De Martis,EUR,2885.0,187000.0,150000.0,2026-08-18,2027-06-30,1.0,150000.0,,LOAN,F,CF,18,Argentina,Parma
38462,Serie A,Marcelo Vaz,EUR,2885.0,187000.0,150000.0,2026-06-29,2029-06-30,3.0,450000.0,,ACTIVE,D,LB,19,Guinea-Bissau,Genoa
38463,Serie A,Sascha Britschgi,EUR,2885.0,187000.0,150000.0,2025-08-26,2030-06-30,4.0,600000.0,,ACTIVE,D,RB,20,Switzerland,Parma
38464,Serie A,Plamen Penev,EUR,2885.0,187000.0,150000.0,2026-08-05,2027-06-30,1.0,150000.0,,ACTIVE,K,GK,18,Bulgaria,Lecce
38465,Serie A,Michael Folorunsho,EUR,,,,2019-07-13,2029-06-30,3.0,,,INACTIVE,M,CM,28,Italy,Napoli
38466,Serie A,Marco Dalla Vecchia,EUR,,,,2026-08-25,2028-06-30,2.0,,,INACTIVE,M,CM,21,Italy,Torino
38467,Serie A,Samuele Ricci,EUR,,,,2025-07-03,2029-06-30,3.0,,,INACTIVE,M,DM,24,Italy,AC Milan
38468,Serie A,Santiago Gimenez,EUR,,,,2025-02-03,2029-06-30,3.0,,,INACTIVE,F,CF,25,Mexico,AC Milan
38469,Serie A,Dinis Rodrigues,EUR,,,,2026-08-31,2027-06-30,1.0,,,INACTIVE,F,CF,21,Portugal,Napoli
38470,Serie A,Emanuele Rao,EUR,,,,2025-07-17,2030-06-30,4.0,,,INACTIVE,F,LW,20,Italy,Napoli
38471,Serie A,Alessandro Dellavalle,EUR,,,,2024-08-30,2028-06-30,2.0,,,INACTIVE,D,CB,22,Italy,Torino
38472,Serie A,Saad El Haddad,EUR,,,,2024-07-01,2027-06-30,1.0,,,INACTIVE,F,AM,21,Morocco,Venezia
38473,Serie A,Jacopo Fazzini,EUR,,,,2025-07-01,2030-06-30,4.0,,,INACTIVE,M,CM,23,Italy,Fiorentina
38474,Serie A,Fabio Miretti,EUR,,,,2024-07-17,2028-06-30,2.0,,,INACTIVE,M,CM,22,Italy,Juventus
38475,Serie A,Moise Kean,EUR,,,,2025-08-30,2029-06-30,3.0,,62000000.0,INACTIVE,F,CF,26,Italy,Fiorentina
38476,Serie A,Pietro Comuzzo,EUR,,,,2025-05-15,2029-06-30,3.0,,,INACTIVE,D,CB,21,Italy,Fiorentina
38477,Serie A,Roberto Piccoli,EUR,,,,2025-08-25,2030-06-30,4.0,,,INACTIVE,F,CF,25,Italy,Fiorentina
38478,Serie A,Simon Sohm,EUR,,,,2025-08-04,2030-06-30,4.0,,,INACTIVE,M,CM,25,Switzerland,Fiorentina
38479,Serie A,Kristjan Asllani,EUR,,,,2024-09-16,2028-06-30,2.0,,,INACTIVE,M,DM,24,Albania,Inter Milan
38480,Serie A,Zachary Athekame,EUR,,,,2025-08-15,2030-06-30,4.0,,,INACTIVE,D,RB,21,Switzerland,AC Milan
38481,Serie A,Tommaso Rubino,EUR,,,,,2029-06-30,3.0,,,INACTIVE,F,AM,19,Italy,Fiorentina
38482,Serie A,Davide Frattesi,EUR,,,,2024-07-01,2028-06-30,2.0,,,INACTIVE,M,CM,26,Italy,Inter Milan
38483,Serie A,João Mário,EUR,,,,2025-07-24,2030-06-30,4.0,,,INACTIVE,D,RB,26,Portugal,Juventus
38484,Serie A,Loïs Openda,EUR,,,,2026-07-01,2030-06-30,4.0,,,INACTIVE,F,CF,26,Belgium,Juventus
38485,Serie A,Honest Ahanor,EUR,,,,2025-07-04,2028-06-30,2.0,,,INACTIVE,D,CB,18,Italy,Atalanta
38486,Serie A,Michele Di Gregorio,EUR,,,,2025-07-01,2029-06-30,3.0,,,INACTIVE,K,GK,28,Italy,Juventus
38487,Serie A,Pasquale Mazzocchi,EUR,,,,2026-08-31,2028-06-30,2.0,,,INACTIVE,D,RB,30,Italy,Napoli
38488,Serie A,Andrés Cuenca,EUR,,,,2026-07-01,2030-06-30,4.0,,,INACTIVE,D,CB,19,Spain,Como
38489,Serie A,Alieu Fadera,EUR,,,,2024-08-14,2028-06-30,2.0,,,INACTIVE,F,LW,24,The Gambia,Como
38490,Serie A,Vasilije Adžić,EUR,,,,2024-07-01,2029-06-30,3.0,,,INACTIVE,F,AM,20,Montenegro,Juventus
38491,Serie A,Thijs Dallinga,EUR,,,,2024-07-23,2028-06-30,2.0,,,INACTIVE,F,CF,25,Netherlands,Bologna
38492,Serie A,Zito Luvumbo,EUR,,,,2024-12-30,2029-06-30,3.0,,,INACTIVE,F,RW,24,Angola,Cagliari
38493,Serie A,Gennaro Borrelli,EUR,,,,2025-07-10,2029-06-30,3.0,,,INACTIVE,F,CF,26,Italy,Cagliari
38494,Serie A,Daniel Maldini,EUR,,,,2025-02-01,2029-06-30,3.0,,,INACTIVE,F,AM,24,Italy,Atalanta
38495,Bundesliga,Harry Kane,EUR,480769.0,31250000.0,25000000.0,2023-08-12,2027-06-30,1.0,25000000.0,65000000.0,ACTIVE,F,CF,33,England,Bayern Munich
38496,Bundesliga,Jamal Musiala,EUR,439038.0,35280000.0,22830000.0,2025-02-14,2030-06-30,4.0,91320000.0,135000000.0,ACTIVE,F,AM,23,Germany,Bayern Munich
38497,Bundesliga,Joshua Kimmich,EUR,384615.0,25000000.0,20000000.0,2025-03-13,2029-06-30,3.0,60000000.0,,ACTIVE,M,DM,31,Germany,Bayern Munich
38498,Bundesliga,Dayot Upamecano,EUR,308462.0,22360000.0,16040000.0,2026-02-13,2030-06-30,4.0,64160000.0,65000000.0,ACTIVE,D,CB,27,France,Bayern Munich
38499,Bundesliga,Manuel Neuer,EUR,290192.0,18860000.0,15090000.0,2026-05-15,2027-06-30,1.0,15090000.0,,ACTIVE,K,GK,40,Germany,Bayern Munich
38500,Bundesliga,Alphonso Davies,EUR,288462.0,20000000.0,15000000.0,2025-02-04,2030-06-30,4.0,60000000.0,,ACTIVE,D,LB,25,Canada,Bayern Munich
38501,Bundesliga,Luis Díaz,EUR,269231.0,17500000.0,14000000.0,2025-07-30,2029-06-30,3.0,42000000.0,,ACTIVE,F,LW,29,Colombia,Bayern Munich
38502,Bundesliga,Michael Olise,EUR,259808.0,16890000.0,13510000.0,2024-07-07,2029-06-30,3.0,40530000.0,,ACTIVE,F,RW,24,France,Bayern Munich
38503,Bundesliga,Serge Gnabry,EUR,250000.0,15000000.0,13000000.0,2026-02-05,2028-06-30,2.0,26000000.0,,ACTIVE,F,SS,31,Germany,Bayern Munich
38504,Bundesliga,Min-jae Kim,EUR,230769.0,15000000.0,12000000.0,2023-07-18,2028-06-30,2.0,24000000.0,110000000.0,ACTIVE,D,CB,29,South Korea,Bayern Munich
38505,Bundesliga,Jonathan Tah,EUR,230769.0,15000000.0,12000000.0,2025-06-09,2029-06-30,3.0,36000000.0,,ACTIVE,D,CB,30,Germany,Bayern Munich
38506,Bundesliga,Moussa Diaby,EUR,217692.0,14150000.0,11320000.0,2026-09-01,2031-06-30,5.0,56600000.0,,ACTIVE,F,RW,27,France,Bayer Leverkusen
38507,Bundesliga,Ismael Saibari,EUR,192308.0,12500000.0,10000000.0,2026-07-01,2031-06-30,5.0,50000000.0,,ACTIVE,F,AM,25,Morocco,Bayern Munich
38508,Bundesliga,Nico Schlotterbeck,EUR,181346.0,13960000.0,9430000.0,2026-04-10,2031-06-30,5.0,47150000.0,60000000.0,ACTIVE,D,CB,26,Germany,Borussia Dortmund
38509,Bundesliga,Konrad Laimer,EUR,181346.0,11790000.0,9430000.0,2026-07-20,2029-06-30,3.0,28290000.0,,ACTIVE,D,RB,29,Austria,Bayern Munich
38510,Bundesliga,Serhou Guirassy,EUR,181346.0,11790000.0,9430000.0,2024-07-18,2028-06-30,2.0,18860000.0,70000000.0,ACTIVE,F,CF,30,Guinea,Borussia Dortmund
38511,Bundesliga,Gregor Kobel,EUR,174231.0,11320000.0,9060000.0,2023-10-05,2028-06-30,2.0,18120000.0,,ACTIVE,K,GK,28,Switzerland,Borussia Dortmund
38512,Bundesliga,Felix Nmecha,EUR,155962.0,10140000.0,8110000.0,2026-03-11,2030-06-30,4.0,32440000.0,80000000.0,ACTIVE,M,CM,25,Germany,Borussia Dortmund
38513,Bundesliga,Benjamin Henrichs,EUR,145192.0,9440000.0,7550000.0,2024-05-17,2028-06-30,2.0,15100000.0,,ACTIVE,D,RB,29,Germany,Leipzig
38514,Bundesliga,Nathaniel Brown,EUR,145192.0,9440000.0,7550000.0,2026-07-03,2031-06-30,5.0,37750000.0,,ACTIVE,D,LB,23,Germany,Bayern Munich
38515,Bundesliga,David Raum,EUR,145192.0,9440000.0,7550000.0,2022-07-31,2027-06-30,1.0,7550000.0,40000000.0,ACTIVE,D,LB,28,Germany,Leipzig
38516,Bundesliga,Patrik Schick,EUR,145192.0,9440000.0,7550000.0,2025-08-04,2030-06-30,4.0,30200000.0,,ACTIVE,F,CF,30,Czech Republic,Bayer Leverkusen
38517,Bundesliga,Marcel Sabitzer,EUR,145192.0,9440000.0,7550000.0,2023-07-24,2027-06-30,1.0,7550000.0,,ACTIVE,M,CM,32,Austria,Borussia Dortmund
38518,Bundesliga,Miguel Gutiérrez,EUR,126923.0,7590000.0,6600000.0,2026-08-05,2031-06-30,5.0,33000000.0,,ACTIVE,D,LB,25,Spain,Bayer Leverkusen
38519,Bundesliga,Edmond Tapsoba,EUR,126923.0,8250000.0,6600000.0,2026-04-29,2031-06-30,5.0,33000000.0,,ACTIVE,D,CB,27,Burkina Faso,Bayer Leverkusen
38520,Bundesliga,Lucas Vázquez,EUR,126923.0,8250000.0,6600000.0,2025-08-26,2027-06-30,1.0,6600000.0,,ACTIVE,D,RB,35,Spain,Bayer Leverkusen
38521,Bundesliga,Josip Stanisic,EUR,126923.0,8250000.0,6600000.0,2024-06-27,2029-06-30,3.0,19800000.0,,ACTIVE,D,RB,26,Croatia,Bayern Munich
38522,Bundesliga,Emre Can,EUR,123462.0,9440000.0,6420000.0,2026-03-20,2027-06-30,1.0,6420000.0,,ACTIVE,D,CB,32,Germany,Borussia Dortmund
38523,Bundesliga,Carney Chukwuemeka,EUR,119808.0,7790000.0,6230000.0,2025-08-26,2030-06-30,4.0,24920000.0,,ACTIVE,M,CM,22,Austria,Borussia Dortmund
38524,Bundesliga,Robin Koch,EUR,116154.0,7360000.0,6040000.0,2025-06-10,2030-06-30,4.0,24160000.0,,ACTIVE,D,CB,30,Germany,Eintracht Frankfurt
38525,Bundesliga,Willi Orbán,EUR,108846.0,7080000.0,5660000.0,2023-10-06,2027-06-30,1.0,5660000.0,,ACTIVE,D,CB,33,Hungary,Leipzig
38526,Bundesliga,Ritsu Doan,EUR,108846.0,7080000.0,5660000.0,2025-08-07,2030-06-30,4.0,22640000.0,,ACTIVE,F,RW,28,Japan,Eintracht Frankfurt
38527,Bundesliga,Lukas Klostermann,EUR,108846.0,7080000.0,5660000.0,2024-01-11,2028-06-30,2.0,11320000.0,,ACTIVE,D,CB,30,Germany,Leipzig
38528,Bundesliga,Deniz Undav,EUR,108846.0,7080000.0,5660000.0,2026-06-01,2029-06-30,3.0,16980000.0,,ACTIVE,F,CF,30,Germany,Stuttgart
38529,Bundesliga,Victor Boniface,EUR,108846.0,6510000.0,5660000.0,2023-07-22,2028-06-30,2.0,11320000.0,,ACTIVE,F,CF,25,Nigeria,Bayer Leverkusen
38530,Bundesliga,Matthias Ginter,EUR,108846.0,7080000.0,5660000.0,2022-07-01,2027-06-30,1.0,5660000.0,,ACTIVE,D,CB,32,Germany,Freiburg
38531,Bundesliga,Aleksandar Pavlovic,EUR,108846.0,7080000.0,5660000.0,2024-06-16,2029-06-30,3.0,16980000.0,,ACTIVE,M,DM,22,Germany,Bayern Munich
38532,Bundesliga,Jobe Bellingham,EUR,101538.0,6600000.0,5280000.0,2025-06-10,2030-06-30,4.0,21120000.0,,ACTIVE,M,CM,20,England,Borussia Dortmund
38533,Bundesliga,Castello Lukeba,EUR,101538.0,6600000.0,5280000.0,2024-10-23,2029-06-30,3.0,15840000.0,80000000.0,ACTIVE,D,CB,23,France,Leipzig
38534,Bundesliga,Aleix García,EUR,101538.0,6600000.0,5280000.0,2024-07-01,2029-06-30,3.0,15840000.0,,ACTIVE,M,CM,29,Spain,Bayer Leverkusen
38535,Bundesliga,Philipp Lienhart,EUR,101538.0,6600000.0,5280000.0,2023-06-01,2027-06-30,1.0,5280000.0,,ACTIVE,D,CB,30,Austria,Freiburg
38536,Bundesliga,Waldemar Anton,EUR,101538.0,6600000.0,5280000.0,2024-07-08,2028-06-30,2.0,10560000.0,,ACTIVE,D,CB,30,Germany,Borussia Dortmund
38537,Bundesliga,Facundo Medina,EUR,97885.0,6360000.0,5090000.0,2026-08-11,2031-06-30,5.0,25450000.0,,ACTIVE,D,CB,27,Argentina,Bayer Leverkusen
38538,Bundesliga,Julian Ryerson,EUR,97885.0,6360000.0,5090000.0,2024-10-03,2028-06-30,2.0,10180000.0,,ACTIVE,D,RB,28,Norway,Borussia Dortmund
38539,Bundesliga,Jonathan Burkardt,EUR,94423.0,6140000.0,4910000.0,2025-07-04,2030-06-30,4.0,19640000.0,,ACTIVE,F,CF,26,Germany,Eintracht Frankfurt
38540,Bundesliga,Raphael Onyedika,EUR,94423.0,6140000.0,4910000.0,2026-08-02,2031-06-30,5.0,24550000.0,,ACTIVE,M,DM,25,Nigeria,Eintracht Frankfurt
38541,Bundesliga,Maximilian Mittelstädt,EUR,94423.0,6140000.0,4910000.0,2024-08-31,2028-06-30,2.0,9820000.0,,ACTIVE,D,LB,29,Germany,Stuttgart
38542,Bundesliga,Maximilian Beier,EUR,90769.0,5900000.0,4720000.0,2024-08-12,2029-06-30,3.0,14160000.0,,ACTIVE,F,CF,23,Germany,Borussia Dortmund
38543,Bundesliga,Martin Terrier,EUR,90769.0,5900000.0,4720000.0,2024-07-18,2029-06-30,3.0,14160000.0,,ACTIVE,F,LW,29,France,Bayer Leverkusen
38544,Bundesliga,Nathan Tella,EUR,90769.0,5900000.0,4720000.0,2026-03-24,2031-06-30,5.0,23600000.0,,ACTIVE,F,RW,27,Nigeria,Bayer Leverkusen
38545,Bundesliga,Mark Flekken,EUR,90769.0,5900000.0,4720000.0,2025-07-01,2028-06-30,2.0,9440000.0,,ACTIVE,K,GK,33,Netherlands,Bayer Leverkusen
38546,Bundesliga,Ermedin Demirovic,EUR,90769.0,5900000.0,4720000.0,2024-07-16,2028-06-30,2.0,9440000.0,,ACTIVE,F,CF,28,Bosnia-Herzegovina,Stuttgart
38547,Bundesliga,Loïc Badé,EUR,90769.0,5900000.0,4720000.0,2025-08-21,2030-06-30,4.0,18880000.0,,ACTIVE,D,CB,26,France,Bayer Leverkusen
38548,Bundesliga,Lilian Brassier,EUR,90769.0,5900000.0,4720000.0,2026-08-31,2031-06-30,5.0,23600000.0,,ACTIVE,D,CB,26,France,Eintracht Frankfurt
38549,Bundesliga,Maximilian Eggestein,EUR,90769.0,5900000.0,4720000.0,2024-03-25,2027-06-30,1.0,4720000.0,,ACTIVE,M,CM,29,Germany,Freiburg
38550,Bundesliga,Christopher Nkunku,EUR,90769.0,5900000.0,4720000.0,2026-08-25,2027-06-30,1.0,4720000.0,,LOAN,F,CF,28,France,Leipzig
38551,Bundesliga,Franck Honorat,EUR,90769.0,5900000.0,4720000.0,2025-07-22,2029-06-30,3.0,14160000.0,,ACTIVE,F,RW,30,France,Monchengladbach
38552,Bundesliga,Guéla Doué,EUR,90769.0,5900000.0,4720000.0,2026-09-01,2031-06-30,5.0,23600000.0,,ACTIVE,D,RB,23,Cote d'Ivoire,Bayer Leverkusen
38553,Bundesliga,Ramy Bensebaini,EUR,87115.0,5660000.0,4530000.0,2023-07-01,2027-06-30,1.0,4530000.0,,ACTIVE,D,CB,31,Algeria,Borussia Dortmund
38554,Bundesliga,Angelo Stiller,EUR,87115.0,5660000.0,4530000.0,2025-01-28,2028-06-30,2.0,9060000.0,36500000.0,ACTIVE,M,DM,25,Germany,Stuttgart
38555,Bundesliga,Vincenzo Grifo,EUR,87115.0,5660000.0,4530000.0,2026-08-19,2027-06-30,1.0,4530000.0,,ACTIVE,F,LW,33,Italy,Freiburg
38556,Bundesliga,Jonas Hofmann,EUR,83462.0,5420000.0,4340000.0,2023-07-05,2027-06-30,1.0,4340000.0,,ACTIVE,F,AM,34,Germany,Bayer Leverkusen
38557,Bundesliga,Christoph Baumgartner,EUR,83462.0,5420000.0,4340000.0,2023-07-01,2028-06-30,2.0,8680000.0,,ACTIVE,F,AM,27,Austria,Leipzig
38558,Bundesliga,Maxime Estève,EUR,79808.0,5190000.0,4150000.0,2026-07-17,2031-06-30,5.0,20750000.0,,ACTIVE,D,CB,24,France,Leipzig
38559,Bundesliga,Ko Itakura,EUR,79808.0,5190000.0,4150000.0,2026-08-20,2030-06-30,4.0,16600000.0,,ACTIVE,D,CB,29,Japan,Monchengladbach
38560,Bundesliga,Fábio Silva,EUR,79808.0,5190000.0,4150000.0,2025-08-29,2030-06-30,4.0,16600000.0,,ACTIVE,F,CF,24,Portugal,Borussia Dortmund
38561,Bundesliga,Malik Tillman,EUR,79808.0,5190000.0,4150000.0,2025-07-12,2030-06-30,4.0,16600000.0,,ACTIVE,F,AM,24,United States,Bayer Leverkusen
38562,Bundesliga,Florian Neuhaus,EUR,76154.0,4950000.0,3960000.0,2023-07-28,2027-06-30,1.0,3960000.0,,ACTIVE,M,CM,29,Germany,Monchengladbach
38563,Bundesliga,Robin Hack,EUR,72500.0,4710000.0,3770000.0,2024-10-17,2029-06-30,3.0,11310000.0,,ACTIVE,F,LW,28,Germany,Monchengladbach
38564,Bundesliga,Vladimír Coufal,EUR,72500.0,4710000.0,3770000.0,2026-02-17,2028-06-30,2.0,7540000.0,,ACTIVE,D,RB,34,Czech Republic,Hoffenheim
38565,Bundesliga,Koki Machida,EUR,72500.0,4710000.0,3770000.0,2025-07-01,2029-06-30,3.0,11310000.0,,ACTIVE,D,CB,29,Japan,Hoffenheim
38566,Bundesliga,Afonso Moreira,EUR,72500.0,4710000.0,3770000.0,2026-07-01,2031-06-30,5.0,18850000.0,,ACTIVE,F,LW,21,Portugal,Bayer Leverkusen
38567,Bundesliga,Fábio Vieira,EUR,72500.0,4710000.0,3770000.0,2026-09-01,2030-06-30,4.0,15080000.0,,ACTIVE,F,AM,26,Portugal,Hamburg
38568,Bundesliga,Jarell Quansah,EUR,72500.0,4710000.0,3770000.0,2025-07-02,2030-06-30,4.0,15080000.0,,ACTIVE,D,CB,23,England,Bayer Leverkusen
38569,Bundesliga,Brajan Gruda,EUR,72500.0,4710000.0,3770000.0,2026-07-13,2027-06-30,1.0,3770000.0,,LOAN,F,AM,22,Germany,Leipzig
38570,Bundesliga,Robert Andrich,EUR,72500.0,4710000.0,3770000.0,2024-08-16,2028-06-30,2.0,7540000.0,,ACTIVE,M,DM,31,Germany,Bayer Leverkusen
38571,Bundesliga,Bryan Zaragoza,EUR,72500.0,4710000.0,3770000.0,2024-07-01,2029-06-30,3.0,11310000.0,,INACTIVE,F,LW,24,Spain,Bayern Munich
38572,Bundesliga,Hiroki Ito,EUR,72500.0,4710000.0,3770000.0,2024-07-01,2028-06-30,2.0,7540000.0,,ACTIVE,D,CB,27,Japan,Bayern Munich
38573,Bundesliga,Lennart Karl,EUR,72500.0,4710000.0,3770000.0,2026-02-22,2029-06-30,3.0,11310000.0,,ACTIVE,F,AM,18,Germany,Bayern Munich
38574,Bundesliga,Sacha Boey,EUR,72500.0,4340000.0,3770000.0,2024-01-28,2028-06-30,2.0,7540000.0,,ACTIVE,D,RB,25,France,Bayern Munich
38575,Bundesliga,Giannis Konstantelias,EUR,72500.0,4340000.0,3770000.0,2026-08-17,2031-06-30,5.0,18850000.0,,ACTIVE,F,AM,23,Greece,Borussia Dortmund
38576,Bundesliga,Joey Veerman,EUR,72500.0,4340000.0,3770000.0,2026-08-18,2031-06-30,5.0,18850000.0,,ACTIVE,M,CM,27,Netherlands,Borussia Dortmund
38577,Bundesliga,Niclas Füllkrug,EUR,72500.0,4340000.0,3770000.0,2026-08-18,2027-06-30,1.0,3770000.0,,LOAN,F,CF,33,Germany,Werder Bremen
38578,Bundesliga,Ridle Baku,EUR,72500.0,4710000.0,3770000.0,2025-01-10,2027-06-30,1.0,3770000.0,,ACTIVE,D,RB,28,Germany,Leipzig
38579,Bundesliga,Mario Götze,EUR,72500.0,5280000.0,3770000.0,2026-04-01,2028-06-30,2.0,7540000.0,,ACTIVE,F,AM,34,Germany,Eintracht Frankfurt
38580,Bundesliga,Noah Atubolu,EUR,72500.0,4710000.0,3770000.0,2026-08-28,2027-06-30,1.0,3770000.0,,LOAN,K,GK,24,Germany,Eintracht Frankfurt
38581,Bundesliga,Tim Kleindienst,EUR,72500.0,4710000.0,3770000.0,2025-11-06,2029-06-30,3.0,11310000.0,,ACTIVE,F,CF,31,Germany,Monchengladbach
38582,Bundesliga,Bernardo,EUR,72500.0,4710000.0,3770000.0,2025-07-01,2027-06-30,1.0,3770000.0,,ACTIVE,D,LB,31,Brazil,Hoffenheim
38583,Bundesliga,Oliver Baumann,EUR,68846.0,4480000.0,3580000.0,2025-08-01,2028-06-30,2.0,7160000.0,,ACTIVE,K,GK,36,Germany,Hoffenheim
38584,Bundesliga,Andrej Kramaric,EUR,68846.0,4480000.0,3580000.0,2026-05-02,2028-06-30,2.0,7160000.0,,ACTIVE,F,SS,35,Croatia,Hoffenheim
38585,Bundesliga,Konstantinos Karetsas,EUR,68846.0,4120000.0,3580000.0,2026-08-03,2031-06-30,5.0,17900000.0,,ACTIVE,F,AM,18,Greece,Borussia Dortmund
38586,Bundesliga,Ozan Kabak,EUR,65385.0,4250000.0,3400000.0,2026-04-14,2030-06-30,4.0,13600000.0,25000000.0,ACTIVE,D,CB,26,Turkey,Hoffenheim
38587,Bundesliga,Jan-Niklas Beste,EUR,65385.0,4250000.0,3400000.0,2025-01-31,2030-06-30,4.0,13600000.0,,ACTIVE,F,RW,27,Germany,Freiburg
38588,Bundesliga,Grischa Prömel,EUR,65385.0,4250000.0,3400000.0,2026-07-01,2029-06-30,3.0,10200000.0,,ACTIVE,M,CM,31,Germany,Stuttgart
38589,Bundesliga,Nicolas Seiwald,EUR,65385.0,4250000.0,3400000.0,2023-07-01,2028-06-30,2.0,6800000.0,,ACTIVE,M,DM,25,Austria,Leipzig
38590,Bundesliga,Felix Uduokhai,EUR,65385.0,4250000.0,3400000.0,2026-08-27,2027-06-30,1.0,3400000.0,,ACTIVE,D,CB,28,Germany,Union Berlin
38591,Bundesliga,Chris Führich,EUR,65385.0,4250000.0,3400000.0,2024-02-01,2028-06-30,2.0,6800000.0,26000000.0,ACTIVE,F,LW,28,Germany,Stuttgart
38592,Bundesliga,Jens Stage,EUR,61731.0,4010000.0,3210000.0,2024-11-18,2028-06-30,2.0,6420000.0,,ACTIVE,M,CM,29,Denmark,Werder Bremen
38593,Bundesliga,Yuito Suzuki,EUR,61731.0,4010000.0,3210000.0,2025-07-01,2027-06-30,1.0,3210000.0,,ACTIVE,F,SS,24,Japan,Freiburg
38594,Bundesliga,Rocco Reitz,EUR,61731.0,4010000.0,3210000.0,2026-07-01,2031-06-30,5.0,16050000.0,,ACTIVE,M,CM,24,Germany,Leipzig
38595,Bundesliga,Eliesse Ben Seghir,EUR,61731.0,4010000.0,3210000.0,2025-08-31,2030-06-30,4.0,12840000.0,,ACTIVE,F,LW,21,Morocco,Bayer Leverkusen
38596,Bundesliga,Jamie Leweling,EUR,61731.0,4010000.0,3210000.0,2024-12-17,2029-06-30,3.0,9630000.0,,ACTIVE,F,RW,25,Germany,Stuttgart
38597,Bundesliga,Johan Bakayoko,EUR,61731.0,4010000.0,3210000.0,2025-07-16,2030-06-30,4.0,12840000.0,,ACTIVE,F,RW,23,Belgium,Leipzig
38598,Bundesliga,Julian Chabot,EUR,58077.0,3770000.0,3020000.0,2024-07-01,2028-06-30,2.0,6040000.0,,ACTIVE,D,CB,28,Germany,Stuttgart
38599,Bundesliga,Thijs Dallinga,EUR,58077.0,3770000.0,3020000.0,2026-08-17,2027-06-30,1.0,3020000.0,,LOAN,F,CF,26,Netherlands,Koln
38600,Bundesliga,Luca Waldschmidt,EUR,58077.0,3770000.0,3020000.0,2024-07-01,2027-06-30,1.0,3020000.0,,ACTIVE,F,CF,30,Germany,Koln
38601,Bundesliga,Marco Friedl,EUR,58077.0,3770000.0,3020000.0,2025-04-18,2028-06-30,2.0,6040000.0,,ACTIVE,D,CB,28,Austria,Werder Bremen
38602,Bundesliga,Bilal El Khannouss,EUR,58077.0,3770000.0,3020000.0,2026-07-01,2030-06-30,4.0,12080000.0,,ACTIVE,F,AM,22,Morocco,Stuttgart
38603,Bundesliga,Jordy Makengo,EUR,58077.0,3770000.0,3020000.0,2025-07-07,2028-06-30,2.0,6040000.0,,ACTIVE,D,LB,25,France,Freiburg
38604,Bundesliga,Daniel Svensson,EUR,58077.0,3770000.0,3020000.0,2025-07-01,2029-06-30,3.0,9060000.0,,ACTIVE,D,LB,24,Sweden,Borussia Dortmund
38605,Bundesliga,Sebastiaan Bornauw,EUR,54423.0,3540000.0,2830000.0,2026-08-19,2027-06-30,1.0,2830000.0,,LOAN,D,CB,27,Belgium,Hamburg
38606,Bundesliga,Nadiem Amiri,EUR,54423.0,3540000.0,2830000.0,2024-05-21,2028-06-30,2.0,5660000.0,,ACTIVE,M,CM,29,Germany,Mainz
38607,Bundesliga,Ethan Nwaneri,EUR,54423.0,3540000.0,2830000.0,2026-09-01,2027-06-30,1.0,2830000.0,,LOAN,F,AM,19,England,Borussia Dortmund
38608,Bundesliga,Tom Bischof,EUR,54423.0,3540000.0,2830000.0,2025-06-09,2029-06-30,3.0,8490000.0,,ACTIVE,M,CM,21,Germany,Bayern Munich
38609,Bundesliga,Moritz Nicolas,EUR,54423.0,3540000.0,2830000.0,2024-03-08,2029-06-30,3.0,8490000.0,,ACTIVE,K,GK,28,Germany,Monchengladbach
38610,Bundesliga,Kevin Stöger,EUR,54423.0,3540000.0,2830000.0,2024-07-01,2027-06-30,1.0,2830000.0,,ACTIVE,F,AM,33,Austria,Monchengladbach
38611,Bundesliga,Josha Vagnoman,EUR,54423.0,3540000.0,2830000.0,2025-08-31,2028-06-30,2.0,5660000.0,,ACTIVE,D,RB,25,Germany,Stuttgart
38612,Bundesliga,Dan-Axel Zagadou,EUR,54423.0,3540000.0,2830000.0,2026-07-02,2027-06-30,1.0,2830000.0,15000000.0,ACTIVE,D,CB,27,France,Stuttgart
38613,Bundesliga,Ragnar Ache,EUR,54423.0,3540000.0,2830000.0,2025-07-01,2029-06-30,3.0,8490000.0,,ACTIVE,F,CF,28,Germany,Koln
38614,Bundesliga,Andrej Ilic,EUR,54423.0,3540000.0,2830000.0,2026-08-20,2027-06-30,1.0,2830000.0,,ACTIVE,F,CF,26,Serbia,Union Berlin
38615,Bundesliga,Zakaria El Ouahdi,EUR,54423.0,3540000.0,2830000.0,2026-09-01,2031-06-30,5.0,14150000.0,,ACTIVE,D,RB,24,Morocco,Hamburg
38616,Bundesliga,Neil El Aynaoui,EUR,54423.0,3540000.0,2830000.0,2026-09-01,2027-06-30,1.0,2830000.0,,LOAN,M,CM,25,Morocco,Leipzig
38617,Bundesliga,Atakan Karazor,EUR,54423.0,3540000.0,2830000.0,2024-06-12,2028-06-30,2.0,5660000.0,,ACTIVE,M,DM,29,Turkey,Stuttgart
38618,Bundesliga,Ellyes Skhiri,EUR,54423.0,3540000.0,2830000.0,2026-08-21,2028-06-30,2.0,5660000.0,,ACTIVE,M,DM,31,Tunisia,Koln
38619,Bundesliga,Hee-chan Hwang,EUR,54423.0,3540000.0,2830000.0,2026-09-01,2027-06-30,1.0,2830000.0,,LOAN,F,CF,30,South Korea,Schalke 04
38620,Bundesliga,Adam Hlozek,EUR,54423.0,3540000.0,2830000.0,2024-08-17,2029-06-30,3.0,8490000.0,,ACTIVE,F,CF,24,Czech Republic,Hoffenheim
38621,Bundesliga,Patson Daka,EUR,54423.0,3540000.0,2830000.0,2026-07-22,2027-06-30,1.0,2830000.0,,ACTIVE,F,CF,27,Zambia,Hamburg
38622,Bundesliga,Joane Gadou,EUR,54423.0,3540000.0,2830000.0,2026-07-01,2031-06-30,5.0,14150000.0,,ACTIVE,D,CB,19,France,Borussia Dortmund
38623,Bundesliga,Kevin Diks,EUR,54423.0,3540000.0,2830000.0,2025-07-01,2030-06-30,4.0,11320000.0,,ACTIVE,D,CB,29,Indonesia,Monchengladbach
38624,Bundesliga,Christian Günter,EUR,54423.0,3540000.0,2830000.0,2026-02-04,2027-06-30,1.0,2830000.0,,ACTIVE,D,LB,33,Germany,Freiburg
38625,Bundesliga,Mitchell Weiser,EUR,54423.0,3540000.0,2830000.0,2026-06-20,2027-06-30,1.0,2830000.0,,ACTIVE,D,RB,32,Germany,Werder Bremen
38626,Bundesliga,Emmanuel Latte Lath,EUR,52692.0,3150000.0,2740000.0,2026-08-02,2027-06-30,1.0,2740000.0,,LOAN,F,CF,27,Cote d'Ivoire,Union Berlin
38627,Bundesliga,Steve Mounié,EUR,50769.0,3300000.0,2640000.0,2024-07-05,2027-06-30,1.0,2640000.0,,ACTIVE,F,CF,31,Benin,Augsburg
38628,Bundesliga,Senne Lynen,EUR,50769.0,3300000.0,2640000.0,2025-07-18,2030-06-30,4.0,10560000.0,,ACTIVE,M,DM,27,Belgium,Werder Bremen
38629,Bundesliga,Yussuf Poulsen,EUR,50769.0,3300000.0,2640000.0,2025-07-13,2027-06-30,1.0,2640000.0,,ACTIVE,F,CF,32,Denmark,Hamburg
38630,Bundesliga,Timo Hübers,EUR,50769.0,3300000.0,2640000.0,2026-05-14,2027-06-30,1.0,2640000.0,,ACTIVE,D,CB,30,Germany,Koln
38631,Bundesliga,Jae-sung Lee,EUR,50769.0,3300000.0,2640000.0,2026-02-12,2027-06-30,1.0,2640000.0,,ACTIVE,F,AM,34,South Korea,Mainz
38632,Bundesliga,Alessio Castro-Montes,EUR,50769.0,3300000.0,2640000.0,2025-09-01,2028-06-30,2.0,5280000.0,,ACTIVE,D,RB,29,Belgium,Koln
38633,Bundesliga,Niklas Stark,EUR,50769.0,3300000.0,2640000.0,2025-06-19,2027-06-30,1.0,2640000.0,,ACTIVE,D,CB,31,Germany,Werder Bremen
38634,Bundesliga,Ezequiel Fernández,EUR,47115.0,3060000.0,2450000.0,2025-09-01,2030-06-30,4.0,9800000.0,,ACTIVE,M,DM,24,Argentina,Bayer Leverkusen
38635,Bundesliga,Valentin Gendrey,EUR,47115.0,3060000.0,2450000.0,2024-08-27,2028-06-30,2.0,4900000.0,,ACTIVE,D,RB,26,France,Hoffenheim
38636,Bundesliga,Terem Moffi,EUR,47115.0,3060000.0,2450000.0,2026-08-24,2029-06-30,3.0,7350000.0,,ACTIVE,F,CF,27,Nigeria,Hamburg
38637,Bundesliga,Patrick Wimmer,EUR,47115.0,3060000.0,2450000.0,2026-07-01,2031-06-30,5.0,12250000.0,,ACTIVE,F,RW,25,Austria,Hoffenheim
38638,Bundesliga,Michel Aebischer,EUR,47115.0,3060000.0,2450000.0,2026-08-19,2027-06-30,1.0,2450000.0,,ACTIVE,M,CM,29,Switzerland,Union Berlin
38639,Bundesliga,Robin Zentner,EUR,47115.0,3060000.0,2450000.0,2024-12-01,2028-06-30,2.0,4900000.0,,ACTIVE,K,GK,31,Germany,Mainz
38640,Bundesliga,Philipp Treu,EUR,47115.0,3060000.0,2450000.0,2025-07-01,2027-06-30,1.0,2450000.0,,ACTIVE,D,RB,25,Germany,Freiburg
38641,Bundesliga,Lorenz Assignon,EUR,47115.0,3060000.0,2450000.0,2025-07-01,2029-06-30,3.0,7350000.0,,ACTIVE,D,RB,26,France,Stuttgart
38642,Bundesliga,Silvan Widmer,EUR,47115.0,3060000.0,2450000.0,2026-05-15,2027-06-30,1.0,2450000.0,,ACTIVE,D,RB,33,Switzerland,Mainz
38643,Bundesliga,Shuto Machino,EUR,43462.0,2830000.0,2260000.0,2025-07-26,2029-06-30,3.0,6780000.0,,ACTIVE,F,CF,26,Japan,Monchengladbach
38644,Bundesliga,Tim Lemperle,EUR,43462.0,2830000.0,2260000.0,2026-05-21,2031-06-30,5.0,11300000.0,,ACTIVE,F,CF,24,Germany,Hoffenheim
38645,Bundesliga,Kristijan Jakic,EUR,43462.0,2830000.0,2260000.0,2024-07-01,2028-06-30,2.0,4520000.0,,ACTIVE,M,DM,29,Croatia,Augsburg
38646,Bundesliga,Marius Wolf,EUR,43462.0,2830000.0,2260000.0,2024-08-08,2027-06-30,1.0,2260000.0,,ACTIVE,D,RB,31,Germany,Augsburg
38647,Bundesliga,Ludovit Reis,EUR,43462.0,2830000.0,2260000.0,2026-08-14,2029-06-30,3.0,6780000.0,,ACTIVE,M,CM,26,Netherlands,Werder Bremen
38648,Bundesliga,Josip Juranovic,EUR,43462.0,2830000.0,2260000.0,2025-08-22,2027-06-30,1.0,2260000.0,,ACTIVE,D,RB,31,Croatia,Union Berlin
38649,Bundesliga,Chrislain Matsima,EUR,43462.0,2830000.0,2260000.0,2025-11-25,2030-06-30,4.0,9040000.0,,ACTIVE,D,CB,24,France,Augsburg
38650,Bundesliga,Finn Dahmen,EUR,43462.0,2830000.0,2260000.0,2025-05-02,2027-06-30,1.0,2260000.0,,ACTIVE,K,GK,28,Germany,Augsburg
38651,Bundesliga,Maximilian Wöber,EUR,43462.0,2830000.0,2260000.0,2026-07-22,2027-06-30,1.0,2260000.0,,ACTIVE,D,CB,28,Austria,Schalke 04
38652,Bundesliga,Dominik Kohr,EUR,43462.0,2830000.0,2260000.0,2025-04-11,2028-06-30,2.0,4520000.0,,ACTIVE,D,CB,32,Germany,Mainz
38653,Bundesliga,Benedict Hollerbach,EUR,43462.0,2830000.0,2260000.0,2025-07-01,2029-06-30,3.0,6780000.0,,ACTIVE,F,CF,25,Germany,Mainz
38654,Bundesliga,Antonio Nusa,EUR,43462.0,2830000.0,2260000.0,2024-08-13,2029-06-30,3.0,6780000.0,,ACTIVE,F,LW,21,Norway,Leipzig
38655,Bundesliga,Said El Mala,EUR,43462.0,2830000.0,2260000.0,2026-08-20,2031-06-30,5.0,11300000.0,,ACTIVE,F,LW,20,Germany,Koln
38656,Bundesliga,Jeffrey Gouweleeuw,EUR,43462.0,2830000.0,2260000.0,2026-01-30,2027-06-30,1.0,2260000.0,,ACTIVE,D,CB,35,Netherlands,Augsburg
38657,Bundesliga,Nicolás Capaldo,EUR,43462.0,2830000.0,2260000.0,2025-07-10,2028-06-30,2.0,4520000.0,,ACTIVE,D,CB,27,Argentina,Hamburg
38658,Bundesliga,Marvin Schwäbe,EUR,43462.0,2830000.0,2260000.0,2023-06-28,2027-06-30,1.0,2260000.0,,ACTIVE,K,GK,31,Germany,Koln
38659,Bundesliga,Albian Hajdari,EUR,43462.0,2830000.0,2260000.0,2026-04-24,2031-06-30,5.0,11300000.0,,ACTIVE,D,CB,23,Kosovo,Hoffenheim
38660,Bundesliga,Borna Sosa,EUR,41731.0,2710000.0,2170000.0,2026-09-01,2027-06-30,1.0,2170000.0,,LOAN,D,LB,28,Croatia,Koln
38661,Bundesliga,Tiago Tomás,EUR,40000.0,2600000.0,2080000.0,2025-08-16,2029-06-30,3.0,6240000.0,,ACTIVE,F,RW,24,Portugal,Stuttgart
38662,Bundesliga,Robert Skov,EUR,40000.0,2600000.0,2080000.0,2024-09-04,2027-06-30,1.0,2080000.0,,ACTIVE,M,LM,30,Denmark,Union Berlin
38663,Bundesliga,Dzenan Pejcinovic,EUR,40000.0,2600000.0,2080000.0,2026-08-10,2031-06-30,5.0,10400000.0,,ACTIVE,F,CF,21,Germany,Stuttgart
38664,Bundesliga,Farès Chaïbi,EUR,40000.0,2600000.0,2080000.0,2023-08-30,2028-06-30,2.0,4160000.0,,ACTIVE,F,AM,23,Algeria,Eintracht Frankfurt
38665,Bundesliga,Nicolas Kühn,EUR,40000.0,2600000.0,2080000.0,2026-09-01,2027-06-30,1.0,2080000.0,,LOAN,F,RW,26,Germany,Monchengladbach
38666,Bundesliga,Jordan Torunarigha,EUR,40000.0,2600000.0,2080000.0,2025-07-01,2028-06-30,2.0,4160000.0,,ACTIVE,D,CB,29,Nigeria,Hamburg
38667,Bundesliga,Alexander Prass,EUR,40000.0,2600000.0,2080000.0,2024-08-05,2028-06-30,2.0,4160000.0,,ACTIVE,M,LM,25,Austria,Hoffenheim
38668,Bundesliga,Stefan Posch,EUR,40000.0,2600000.0,2080000.0,2026-08-12,2027-06-30,1.0,2080000.0,,ACTIVE,D,CB,29,Austria,Mainz
38669,Bundesliga,Marvin Friedrich,EUR,40000.0,2600000.0,2080000.0,2026-07-01,2027-06-30,1.0,2080000.0,,ACTIVE,D,CB,30,Germany,Union Berlin
38670,Bundesliga,Anthony Caci,EUR,36346.0,2360000.0,1890000.0,2025-10-28,2028-06-30,2.0,3780000.0,,ACTIVE,D,RB,29,France,Mainz
38671,Bundesliga,Tom Krauß,EUR,36346.0,2360000.0,1890000.0,2026-07-01,2029-06-30,3.0,5670000.0,,ACTIVE,M,DM,25,Germany,Koln
38672,Bundesliga,Arijon Ibrahimovic,EUR,36346.0,2360000.0,1890000.0,2026-09-01,2027-06-30,1.0,1890000.0,,LOAN,F,LW,20,Germany,Augsburg
38673,Bundesliga,Miro Muheim,EUR,36346.0,2360000.0,1890000.0,2024-03-19,2027-06-30,1.0,1890000.0,,ACTIVE,D,LB,28,Switzerland,Hamburg
38674,Bundesliga,Leon Avdullahu,EUR,36346.0,2360000.0,1890000.0,2026-04-29,2031-06-30,5.0,9450000.0,,ACTIVE,M,DM,22,Kosovo,Hoffenheim
38675,Bundesliga,Fisnik Asllani,EUR,36346.0,2360000.0,1890000.0,2025-07-13,2029-06-30,3.0,5670000.0,29000000.0,ACTIVE,F,CF,24,Kosovo,Hoffenheim
38676,Bundesliga,Robin Gosens,EUR,36346.0,2360000.0,1890000.0,2026-07-17,2027-06-30,1.0,1890000.0,,LOAN,D,LB,32,Germany,Schalke 04
38677,Bundesliga,Lukas Kübler,EUR,36346.0,2360000.0,1890000.0,2024-11-26,2027-06-30,1.0,1890000.0,,ACTIVE,D,RB,34,Germany,Freiburg
38678,Bundesliga,Rani Khedira,EUR,36346.0,2360000.0,1890000.0,2025-05-15,2027-06-30,1.0,1890000.0,,ACTIVE,M,DM,32,Tunisia,Union Berlin
38679,Bundesliga,Edin Dzeko,EUR,36346.0,2640000.0,1890000.0,2026-08-03,2027-06-30,1.0,1890000.0,,ACTIVE,F,CF,40,Bosnia-Herzegovina,Schalke 04
38680,Bundesliga,Maarten Vandevoordt,EUR,36346.0,2360000.0,1890000.0,2026-02-09,2030-06-30,4.0,7560000.0,,ACTIVE,K,GK,24,Belgium,Leipzig
38681,Bundesliga,Eric Martel,EUR,36346.0,2360000.0,1890000.0,2026-07-01,2027-06-30,1.0,1890000.0,,ACTIVE,M,DM,24,Germany,Mainz
38682,Bundesliga,Sven Ulreich,EUR,36346.0,2360000.0,1890000.0,2026-05-15,2027-06-30,1.0,1890000.0,,ACTIVE,K,GK,38,Germany,Bayern Munich
38683,Bundesliga,Phillipp Mwene,EUR,36346.0,2360000.0,1890000.0,2026-02-05,2027-06-30,1.0,1890000.0,,ACTIVE,D,LB,32,Austria,Mainz
38684,Bundesliga,Christopher Trimmel,EUR,36346.0,2360000.0,1890000.0,2026-01-20,2027-06-30,1.0,1890000.0,,ACTIVE,D,RB,39,Austria,Union Berlin
38685,Bundesliga,Frederik Rönnow,EUR,36346.0,2360000.0,1890000.0,2025-09-27,2027-06-30,1.0,1890000.0,,ACTIVE,K,GK,34,Denmark,Union Berlin
38686,Bundesliga,David Møller Wolfe,EUR,36346.0,2360000.0,1890000.0,2026-09-01,2027-06-30,1.0,1890000.0,,LOAN,D,LB,24,Norway,Hamburg
38687,Bundesliga,Gideon Mensah,EUR,32692.0,2120000.0,1700000.0,2026-07-11,2028-06-30,2.0,3400000.0,,ACTIVE,D,LB,28,Ghana,Koln
38688,Bundesliga,Wael Mohya,EUR,32692.0,2120000.0,1700000.0,2025-07-06,2027-06-30,1.0,1700000.0,,ACTIVE,F,AM,17,Germany,Monchengladbach
38689,Bundesliga,Woo-yeong Jeong,EUR,32692.0,2120000.0,1700000.0,2025-07-01,2027-06-30,1.0,1700000.0,,ACTIVE,F,AM,26,South Korea,Union Berlin
38690,Bundesliga,András Schäfer,EUR,32692.0,2120000.0,1700000.0,2024-05-01,2027-06-30,1.0,1700000.0,,ACTIVE,M,CM,27,Hungary,Union Berlin
38691,Bundesliga,Derrick Köhn,EUR,32692.0,2120000.0,1700000.0,2025-08-19,2029-06-30,3.0,5100000.0,,ACTIVE,D,LB,27,Ghana,Union Berlin
38692,Bundesliga,Nathan De Cat,EUR,32692.0,2120000.0,1700000.0,2026-07-10,2031-06-30,5.0,8500000.0,,ACTIVE,M,CM,18,Belgium,Hoffenheim
38693,Bundesliga,Felix Agu,EUR,32692.0,2120000.0,1700000.0,2024-07-16,2027-06-30,1.0,1700000.0,9000000.0,ACTIVE,D,LB,26,Nigeria,Werder Bremen
38694,Bundesliga,Isac Lidberg,EUR,32692.0,2120000.0,1700000.0,2026-07-01,2030-06-30,4.0,6800000.0,,ACTIVE,F,CF,27,Sweden,Monchengladbach
38695,Bundesliga,Stefan Bell,EUR,32692.0,2120000.0,1700000.0,2026-05-14,2027-06-30,1.0,1700000.0,,ACTIVE,D,CB,35,Germany,Mainz
38696,Bundesliga,Janik Haberer,EUR,32692.0,2120000.0,1700000.0,2024-10-24,2027-06-30,1.0,1700000.0,,ACTIVE,M,CM,32,Germany,Union Berlin
38697,Bundesliga,Ameen Al-Dakhil,EUR,32692.0,2120000.0,1700000.0,2024-08-27,2028-06-30,2.0,3400000.0,,ACTIVE,D,CB,24,Belgium,Stuttgart
38698,Bundesliga,Patrick Osterhage,EUR,32692.0,2120000.0,1700000.0,2024-07-01,2027-06-30,1.0,1700000.0,,ACTIVE,M,DM,26,Germany,Freiburg
38699,Bundesliga,Alexis Claude-Maurice,EUR,32692.0,2120000.0,1700000.0,2024-08-30,2027-06-30,1.0,1700000.0,,ACTIVE,F,AM,28,France,Augsburg
38700,Bundesliga,Dawid Kownacki,EUR,30769.0,2000000.0,1600000.0,2023-07-01,2027-06-30,1.0,1600000.0,,ACTIVE,F,CF,29,Poland,Werder Bremen
38701,Bundesliga,Can Uzun,EUR,30769.0,2000000.0,1600000.0,2024-07-02,2029-06-30,3.0,4800000.0,,ACTIVE,F,AM,20,Turkey,Eintracht Frankfurt
38702,Bundesliga,Ransford-Yeboah Königsdörffer,EUR,29038.0,1890000.0,1510000.0,2026-07-01,2027-06-30,1.0,1510000.0,,ACTIVE,F,CF,24,Ghana,Mainz
38703,Bundesliga,Philipp Sander,EUR,29038.0,1890000.0,1510000.0,2024-07-01,2028-06-30,2.0,3020000.0,,ACTIVE,M,DM,28,Germany,Monchengladbach
38704,Bundesliga,Michael Gregoritsch,EUR,29038.0,1890000.0,1510000.0,2026-07-01,2027-06-30,1.0,1510000.0,,ACTIVE,F,CF,32,Austria,Augsburg
38705,Bundesliga,Yukhym Konoplya,EUR,29038.0,1890000.0,1510000.0,2026-07-01,2029-06-30,3.0,4530000.0,,ACTIVE,D,RB,27,Ukraine,Monchengladbach
38706,Bundesliga,Danny da Costa,EUR,29038.0,1890000.0,1510000.0,2025-04-11,2027-06-30,1.0,1510000.0,,ACTIVE,D,CB,33,Germany,Mainz
38707,Bundesliga,Kenan Karaman,EUR,29038.0,1890000.0,1510000.0,2024-07-05,2028-06-30,2.0,3020000.0,,ACTIVE,F,AM,32,Turkey,Schalke 04
38708,Bundesliga,Rômulo,EUR,29038.0,1890000.0,1510000.0,2025-08-15,2030-06-30,4.0,6040000.0,,ACTIVE,F,CF,24,Brazil,Leipzig
38709,Bundesliga,Loris Karius,EUR,29038.0,1740000.0,1510000.0,2026-06-09,2028-06-30,2.0,3020000.0,,ACTIVE,K,GK,33,Germany,Schalke 04
38710,Bundesliga,Noël Aséko,EUR,29038.0,1890000.0,1510000.0,2026-07-18,2031-06-30,5.0,7550000.0,,ACTIVE,M,DM,20,Germany,Eintracht Frankfurt
38711,Bundesliga,Nikola Katic,EUR,29038.0,1890000.0,1510000.0,2025-07-01,2028-06-30,2.0,3020000.0,,ACTIVE,D,CB,29,Bosnia-Herzegovina,Schalke 04
38712,Bundesliga,Max Rosenfelder,EUR,29038.0,1890000.0,1510000.0,2024-11-28,2027-06-30,1.0,1510000.0,,ACTIVE,D,CB,23,Germany,Freiburg
38713,Bundesliga,Samuele Inácio,EUR,29038.0,1890000.0,1510000.0,2026-05-15,2029-06-30,3.0,4530000.0,,ACTIVE,F,SS,18,Italy,Borussia Dortmund
38714,Bundesliga,Fabian Rieder,EUR,29038.0,1890000.0,1510000.0,2025-09-01,2030-06-30,4.0,6040000.0,,ACTIVE,F,AM,24,Switzerland,Augsburg
38715,Bundesliga,Albert Sambi Lokonga,EUR,29038.0,1890000.0,1510000.0,2025-09-01,2028-06-30,2.0,3020000.0,,ACTIVE,M,CM,26,Belgium,Hamburg
38716,Bundesliga,Ezechiel Banzuzi,EUR,29038.0,1890000.0,1510000.0,2025-07-01,2030-06-30,4.0,6040000.0,65000000.0,ACTIVE,M,CM,21,Netherlands,Leipzig
38717,Bundesliga,Oliver Burke,EUR,29038.0,1890000.0,1510000.0,2025-07-01,2029-06-30,3.0,4530000.0,,ACTIVE,F,CF,29,Scotland,Union Berlin
38718,Bundesliga,Arthur,EUR,29038.0,1890000.0,1510000.0,2026-09-01,2027-06-30,1.0,1510000.0,,LOAN,D,RB,23,Brazil,Werder Bremen
38719,Bundesliga,Linton Maina,EUR,29038.0,1890000.0,1510000.0,2025-05-18,2027-06-30,1.0,1510000.0,,ACTIVE,F,RW,27,Germany,Koln
38720,Bundesliga,Marco Grüll,EUR,29038.0,1890000.0,1510000.0,2024-07-01,2027-06-30,1.0,1510000.0,,ACTIVE,F,LW,28,Austria,Werder Bremen
38721,Bundesliga,Justin Njinmah,EUR,29038.0,1890000.0,1510000.0,2024-06-13,2028-06-30,2.0,3020000.0,,ACTIVE,F,RW,25,Germany,Werder Bremen
38722,Bundesliga,Joe Scally,EUR,29038.0,1890000.0,1510000.0,2023-04-20,2027-06-30,1.0,1510000.0,,ACTIVE,D,RB,23,United States,Monchengladbach
38723,Bundesliga,Han-Noah Massengo,EUR,29038.0,1890000.0,1510000.0,2025-07-15,2030-06-30,4.0,6040000.0,,ACTIVE,M,CM,25,France,Augsburg
38724,Bundesliga,Lukas Ullrich,EUR,29038.0,1890000.0,1510000.0,2026-01-08,2029-06-30,3.0,4530000.0,,ACTIVE,D,LB,22,Germany,Monchengladbach
38725,Bundesliga,Soufiane El-Faouzi,EUR,27308.0,1770000.0,1420000.0,2026-07-03,2030-06-30,4.0,5680000.0,,ACTIVE,M,CM,24,Morocco,Schalke 04
38726,Bundesliga,Paul Nebel,EUR,27308.0,1770000.0,1420000.0,2024-06-11,2027-06-30,1.0,1420000.0,,ACTIVE,F,AM,23,Germany,Mainz
38727,Bundesliga,Ron Schallenberg,EUR,27308.0,1770000.0,1420000.0,2026-02-21,2027-06-30,1.0,1420000.0,,ACTIVE,M,DM,27,Germany,Schalke 04
38728,Bundesliga,Tim Skarke,EUR,27308.0,1770000.0,1420000.0,2024-09-20,2027-06-30,1.0,1420000.0,,ACTIVE,F,CF,29,Germany,Union Berlin
38729,Bundesliga,Lennard Maloney,EUR,25385.0,1650000.0,1320000.0,2025-01-21,2028-06-30,2.0,2640000.0,,ACTIVE,M,DM,26,United States,Mainz
38730,Bundesliga,Robin Fellhauer,EUR,25385.0,1650000.0,1320000.0,2025-07-01,2029-06-30,3.0,3960000.0,,ACTIVE,M,DM,28,Germany,Augsburg
38731,Bundesliga,Young-woo Seol,EUR,25385.0,1650000.0,1320000.0,2026-08-27,2030-06-30,4.0,5280000.0,,ACTIVE,D,RB,27,South Korea,Augsburg
38732,Bundesliga,Ibrahim Maza,EUR,25385.0,1650000.0,1320000.0,2025-07-01,2030-06-30,4.0,5280000.0,,ACTIVE,F,AM,20,Algeria,Bayer Leverkusen
38733,Bundesliga,Jonas Urbig,EUR,25385.0,1650000.0,1320000.0,2025-01-27,2029-06-30,3.0,3960000.0,,ACTIVE,K,GK,23,Germany,Bayern Munich
38734,Bundesliga,Alexander Meyer,EUR,25385.0,1650000.0,1320000.0,2025-12-03,2027-06-30,1.0,1320000.0,,ACTIVE,K,GK,35,Germany,Borussia Dortmund
38735,Bundesliga,Ansgar Knauff,EUR,25385.0,1650000.0,1320000.0,2023-07-01,2028-06-30,2.0,2640000.0,,ACTIVE,F,RW,24,Germany,Eintracht Frankfurt
38736,Bundesliga,Nnamdi Collins,EUR,25385.0,1650000.0,1320000.0,2024-12-16,2030-06-30,4.0,5280000.0,,ACTIVE,D,CB,22,Germany,Eintracht Frankfurt
38737,Bundesliga,Lukasz Poreba,EUR,25385.0,1650000.0,1320000.0,2026-07-01,2029-06-30,3.0,3960000.0,,ACTIVE,M,DM,26,Poland,Elversberg
38738,Bundesliga,Igor Matanovic,EUR,25385.0,1650000.0,1320000.0,2025-07-09,2027-06-30,1.0,1320000.0,,ACTIVE,F,CF,23,Croatia,Freiburg
38739,Bundesliga,Nicolai Remberg,EUR,25385.0,1650000.0,1320000.0,2025-07-01,2028-06-30,2.0,2640000.0,,ACTIVE,M,DM,26,Germany,Hamburg
38740,Bundesliga,Warmed Omari,EUR,25385.0,1650000.0,1320000.0,2026-02-02,2030-06-30,4.0,5280000.0,,ACTIVE,D,CB,26,Comoros,Hamburg
38741,Bundesliga,Robin Hranac,EUR,25385.0,1650000.0,1320000.0,2024-08-25,2028-06-30,2.0,2640000.0,,ACTIVE,D,CB,26,Czech Republic,Hoffenheim
38742,Bundesliga,Luka Lochoshvili,EUR,25385.0,1650000.0,1320000.0,2026-07-02,2029-06-30,3.0,3960000.0,,ACTIVE,D,CB,28,Georgia,Koln
38743,Bundesliga,Marius Bülter,EUR,25385.0,1650000.0,1320000.0,2025-07-31,2027-06-30,1.0,1320000.0,,ACTIVE,F,LW,33,Germany,Koln
38744,Bundesliga,Assan Ouédraogo,EUR,25385.0,1650000.0,1320000.0,2024-07-01,2029-06-30,3.0,3960000.0,,ACTIVE,M,CM,20,Germany,Leipzig
38745,Bundesliga,Marc Guiu,EUR,25385.0,1650000.0,1320000.0,2026-09-01,2031-06-30,5.0,6600000.0,,ACTIVE,F,CF,20,Spain,Leipzig
38746,Bundesliga,Phillip Tietz,EUR,25385.0,1650000.0,1320000.0,2026-01-02,2028-06-30,2.0,2640000.0,,ACTIVE,F,CF,29,Germany,Mainz
38747,Bundesliga,Enzo Leopold,EUR,25385.0,1650000.0,1320000.0,2026-07-01,2030-06-30,4.0,5280000.0,,ACTIVE,M,CM,26,Germany,Monchengladbach
38748,Bundesliga,Marvin Pieringer,EUR,25385.0,1650000.0,1320000.0,2026-08-26,2027-06-30,1.0,1320000.0,,ACTIVE,F,CF,26,Germany,Paderborn
38749,Bundesliga,Adil Aouchiche,EUR,25385.0,1650000.0,1320000.0,2026-09-01,2030-06-30,4.0,5280000.0,,ACTIVE,F,AM,24,Algeria,Schalke 04
38750,Bundesliga,Dejan Ljubicic,EUR,25385.0,1650000.0,1320000.0,2026-01-27,2028-06-30,2.0,2640000.0,,ACTIVE,M,DM,28,Austria,Schalke 04
38751,Bundesliga,Fabian Bredlow,EUR,25385.0,1650000.0,1320000.0,2025-07-14,2027-06-30,1.0,1320000.0,,ACTIVE,K,GK,31,Germany,Stuttgart
38752,Bundesliga,Stanley Nsoki,EUR,25385.0,1650000.0,1320000.0,2026-07-01,2027-06-30,1.0,1320000.0,,ACTIVE,D,CB,27,France,Union Berlin
38753,Bundesliga,Zeno Van Den Bosch,EUR,25385.0,1650000.0,1320000.0,2026-07-01,2027-06-30,1.0,1320000.0,,ACTIVE,D,CB,23,Belgium,Union Berlin
38754,Bundesliga,Alexander Schlager,EUR,25385.0,1650000.0,1320000.0,2026-07-10,2029-06-30,3.0,3960000.0,,ACTIVE,K,GK,30,Austria,Werder Bremen
38755,Bundesliga,Cedric Itten,EUR,25385.0,1650000.0,1320000.0,2026-07-01,2029-06-30,3.0,3960000.0,,ACTIVE,F,CF,29,Switzerland,Werder Bremen
38756,Bundesliga,Eren Dinkçi,EUR,25385.0,1650000.0,1320000.0,2026-08-17,2027-06-30,1.0,1320000.0,,LOAN,F,RW,24,Turkey,Werder Bremen
38757,Bundesliga,Amos Pieper,EUR,23654.0,1540000.0,1230000.0,2025-11-28,2027-06-30,1.0,1230000.0,,ACTIVE,D,CB,28,Germany,Werder Bremen
38758,Bundesliga,Janis Blaswich,EUR,23654.0,1540000.0,1230000.0,2025-08-11,2027-06-30,1.0,1230000.0,,ACTIVE,K,GK,35,Germany,Bayer Leverkusen
38759,Bundesliga,Jan Thielmann,EUR,23654.0,1540000.0,1230000.0,2025-08-02,2028-06-30,2.0,2460000.0,,ACTIVE,F,RW,24,Germany,Koln
38760,Bundesliga,Cyriaque Irié,EUR,21731.0,1410000.0,1130000.0,2025-07-01,2027-06-30,1.0,1130000.0,,ACTIVE,F,RW,21,Burkina Faso,Freiburg
38761,Bundesliga,Mats Rots,EUR,21731.0,1410000.0,1130000.0,2026-07-01,2031-06-30,5.0,5650000.0,,ACTIVE,D,LB,20,Netherlands,Hoffenheim
38762,Bundesliga,Karl Hein,EUR,21731.0,1410000.0,1130000.0,2026-07-01,2030-06-30,4.0,4520000.0,,ACTIVE,K,GK,24,Estonia,Werder Bremen
38763,Bundesliga,Chuki,EUR,21731.0,1410000.0,1130000.0,2026-07-01,2030-06-30,4.0,4520000.0,,ACTIVE,F,AM,22,Spain,Werder Bremen
38764,Bundesliga,Tom Rothe,EUR,21731.0,1410000.0,1130000.0,2024-08-07,2027-06-30,1.0,1130000.0,,ACTIVE,D,LB,21,Germany,Union Berlin
38765,Bundesliga,Yannik Keitel,EUR,21731.0,1410000.0,1130000.0,2026-06-23,2027-06-30,1.0,1130000.0,,LOAN,M,DM,26,Germany,Augsburg
38766,Bundesliga,Laurin Ulrich,EUR,21731.0,1410000.0,1130000.0,2026-08-16,2027-06-30,1.0,1130000.0,,LOAN,M,CM,21,Germany,Paderborn
38767,Bundesliga,Mio Backhaus,EUR,21731.0,1410000.0,1130000.0,2026-07-01,2027-06-30,1.0,1130000.0,,ACTIVE,K,GK,22,Germany,Freiburg
38768,Bundesliga,Ørjan Nyland,EUR,21731.0,1410000.0,1130000.0,2026-08-04,2028-06-30,2.0,2260000.0,,ACTIVE,K,GK,35,Norway,Leipzig
38769,Bundesliga,Daniel Elfadli,EUR,21731.0,1410000.0,1130000.0,2024-07-01,2028-06-30,2.0,2260000.0,,INACTIVE,D,CB,29,Libya,Hamburg
38770,Bundesliga,Ísak Jóhannesson,EUR,21731.0,1410000.0,1130000.0,2025-07-01,2030-06-30,4.0,4520000.0,,ACTIVE,M,CM,23,Iceland,Koln
38771,Bundesliga,Bakery Jatta,EUR,21731.0,1410000.0,1130000.0,2024-01-14,2029-06-30,3.0,3390000.0,,ACTIVE,M,RM,28,The Gambia,Hamburg
38772,Bundesliga,Luca Sirch,EUR,21731.0,1410000.0,1130000.0,2026-07-21,2029-06-30,3.0,3390000.0,,ACTIVE,D,CB,27,Germany,Elversberg
38773,Bundesliga,Albert Grønbaek,EUR,21731.0,1410000.0,1130000.0,2026-07-01,2030-06-30,4.0,4520000.0,,ACTIVE,F,AM,25,Denmark,Hamburg
38774,Bundesliga,Jens Castrop,EUR,21731.0,1410000.0,1130000.0,2025-07-01,2029-06-30,3.0,3390000.0,,ACTIVE,M,CM,23,South Korea,Monchengladbach
38775,Bundesliga,Arthur Chaves,EUR,21731.0,1410000.0,1130000.0,2025-07-17,2029-06-30,3.0,3390000.0,,ACTIVE,D,CB,25,Brazil,Hoffenheim
38776,Bundesliga,Lukas Pinckert,EUR,21731.0,1410000.0,1130000.0,2025-08-15,2028-06-30,2.0,2260000.0,,ACTIVE,D,CB,26,Germany,Elversberg
38777,Bundesliga,Silas Katompa Mvumpa,EUR,21731.0,1410000.0,1130000.0,2026-06-16,2027-06-30,1.0,1130000.0,,ACTIVE,F,RW,27,Democratic Republic of the Congo,Mainz
38778,Bundesliga,Moussa N'Diaye,EUR,21731.0,1410000.0,1130000.0,2026-09-01,2027-06-30,1.0,1130000.0,,LOAN,D,LB,24,Senegal,Werder Bremen
38779,Bundesliga,Kastriot Imeri,EUR,21731.0,1410000.0,1130000.0,2026-09-01,2027-06-30,1.0,1130000.0,,ACTIVE,M,LM,26,Switzerland,Union Berlin
38780,Bundesliga,Rav van den Berg,EUR,21731.0,1410000.0,1130000.0,2025-08-13,2030-06-30,4.0,4520000.0,,ACTIVE,D,CB,22,Netherlands,Koln
38781,Bundesliga,Kauã Prates,EUR,21731.0,1410000.0,1130000.0,2026-08-12,2031-06-30,5.0,5650000.0,,ACTIVE,D,LB,18,Brazil,Borussia Dortmund
38782,Bundesliga,Leo Sauer,EUR,21731.0,1410000.0,1130000.0,2026-07-29,2031-06-30,5.0,5650000.0,,ACTIVE,F,LW,20,Slovakia,Stuttgart
38783,Bundesliga,Luca Reggiani,EUR,21731.0,1410000.0,1130000.0,2026-03-20,2027-06-30,1.0,1130000.0,,ACTIVE,D,CB,18,Italy,Borussia Dortmund
38784,Bundesliga,Timo Becker,EUR,21731.0,1410000.0,1130000.0,2026-07-03,2029-06-30,3.0,3390000.0,,ACTIVE,D,CB,29,Germany,Schalke 04
38785,Bundesliga,Moussa Sylla,EUR,21731.0,1410000.0,1130000.0,2024-07-02,2028-06-30,2.0,2260000.0,,ACTIVE,F,CF,26,Mali,Schalke 04
38786,Bundesliga,Andrija Maksimovic,EUR,21731.0,1410000.0,1130000.0,2025-07-16,2030-06-30,4.0,4520000.0,,ACTIVE,F,AM,19,Serbia,Leipzig
38787,Bundesliga,Janik Bachmann,EUR,21731.0,1410000.0,1130000.0,2024-07-01,2027-06-30,1.0,1130000.0,,ACTIVE,M,CM,30,Germany,Schalke 04
38788,Bundesliga,Hasan Kuruçay,EUR,21731.0,1410000.0,1130000.0,2025-07-29,2027-06-30,1.0,1130000.0,,ACTIVE,D,CB,29,Turkey,Schalke 04
38789,Bundesliga,Éric Ebimbe,EUR,21731.0,1410000.0,1130000.0,2026-08-07,2028-06-30,2.0,2260000.0,,ACTIVE,M,RM,25,Cameroon,Schalke 04
38790,Bundesliga,Sven Michel,EUR,21731.0,1410000.0,1130000.0,2026-01-25,2027-06-30,1.0,1130000.0,,ACTIVE,F,RW,36,Germany,Paderborn
38791,Bundesliga,Rayan Philippe,EUR,21731.0,1410000.0,1130000.0,2026-09-01,2027-06-30,1.0,1130000.0,,LOAN,F,RW,25,France,Paderborn
38792,Bundesliga,Daniel Heuer Fernandes,EUR,21731.0,1410000.0,1130000.0,2026-05-27,2028-06-30,2.0,2260000.0,,ACTIVE,K,GK,33,Portugal,Hamburg
38793,Bundesliga,Wouter Burger,EUR,20000.0,1300000.0,1040000.0,2026-08-04,2027-06-30,1.0,1040000.0,,ACTIVE,M,DM,25,Netherlands,Hoffenheim
38794,Bundesliga,Marin Ljubicic,EUR,20000.0,1300000.0,1040000.0,2025-02-02,2027-06-30,1.0,1040000.0,,ACTIVE,F,CF,24,Croatia,Union Berlin
38795,Bundesliga,Finn Jeltsch,EUR,20000.0,1300000.0,1040000.0,2025-02-03,2030-06-30,4.0,4160000.0,,ACTIVE,D,CB,20,Germany,Stuttgart
38796,Bundesliga,Nikolas Nartey,EUR,20000.0,1300000.0,1040000.0,2026-05-15,2028-06-30,2.0,2080000.0,,ACTIVE,M,CM,26,Denmark,Stuttgart
38797,Bundesliga,Tom Zimmerschied,EUR,20000.0,1230000.0,1040000.0,2025-10-02,2029-06-30,3.0,3120000.0,,ACTIVE,F,LW,27,Germany,Elversberg
38798,Bundesliga,Luca Pfeiffer,EUR,20000.0,1300000.0,1040000.0,2025-07-01,2028-06-30,2.0,2080000.0,,ACTIVE,F,CF,30,Germany,Elversberg
38799,Bundesliga,Cajetan Lenz,EUR,20000.0,1300000.0,1040000.0,2026-07-01,2031-06-30,5.0,5200000.0,,ACTIVE,M,DM,20,Germany,Hoffenheim
38800,Bundesliga,Martin Adeline,EUR,20000.0,1300000.0,1040000.0,2026-07-13,2030-06-30,4.0,4160000.0,,ACTIVE,F,AM,22,France,Hamburg
38801,Bundesliga,Sebastian Sebulonsen,EUR,20000.0,1300000.0,1040000.0,2025-07-18,2028-06-30,2.0,2080000.0,,ACTIVE,D,RB,26,Norway,Koln
38802,Bundesliga,Joël Schmied,EUR,20000.0,1300000.0,1040000.0,2025-01-13,2029-06-30,3.0,3120000.0,,ACTIVE,D,CB,27,Switzerland,Koln
38803,Bundesliga,Bilal Nadir,EUR,18077.0,1180000.0,940000.0,2026-07-24,2029-06-30,3.0,2820000.0,,ACTIVE,M,CM,22,Morocco,Hamburg
38804,Bundesliga,Yannik Engelhardt,EUR,18077.0,1180000.0,940000.0,2026-07-18,2027-06-30,1.0,940000.0,,ACTIVE,M,DM,25,Germany,Freiburg
38805,Bundesliga,Lutsharel Geertruida,EUR,18077.0,1180000.0,940000.0,2024-08-30,2029-06-30,3.0,2820000.0,,INACTIVE,D,CB,26,Netherlands,Leipzig
38806,Bundesliga,Rihito Yamamoto,EUR,18077.0,1180000.0,940000.0,2026-07-01,2027-06-30,1.0,940000.0,,ACTIVE,M,DM,24,Japan,Freiburg
38807,Bundesliga,Keisuke Goto,EUR,18077.0,1180000.0,940000.0,2026-07-01,2027-06-30,1.0,940000.0,,ACTIVE,F,CF,21,Japan,Freiburg
38808,Bundesliga,Derry Scherhant,EUR,18077.0,1180000.0,940000.0,2025-07-01,2027-06-30,1.0,940000.0,,ACTIVE,F,LW,23,Germany,Freiburg
38809,Bundesliga,Fabio Gruber,EUR,18077.0,1180000.0,940000.0,2026-07-01,2030-06-30,4.0,3760000.0,,ACTIVE,D,CB,24,Peru,Mainz
38810,Bundesliga,Anthony Jung,EUR,18077.0,1180000.0,940000.0,2026-05-28,2027-06-30,1.0,940000.0,,ACTIVE,D,CB,34,Germany,Freiburg
38811,Bundesliga,Fabio Chiarodia,EUR,18077.0,1180000.0,940000.0,2026-06-12,2028-06-30,2.0,1880000.0,,ACTIVE,D,CB,21,Italy,Monchengladbach
38812,Bundesliga,Steffen Tigges,EUR,18077.0,1130000.0,940000.0,2025-08-06,2027-06-30,1.0,940000.0,,ACTIVE,F,CF,28,Germany,Paderborn
38813,Bundesliga,Olivier Deman,EUR,18077.0,1180000.0,940000.0,2023-08-31,2028-06-30,2.0,1880000.0,,ACTIVE,D,LB,26,Belgium,Werder Bremen
38814,Bundesliga,Younes Ebnoutalib,EUR,18077.0,1180000.0,940000.0,2026-01-01,2031-06-30,5.0,4700000.0,,ACTIVE,F,CF,22,Germany,Eintracht Frankfurt
38815,Bundesliga,Timothy Chandler,EUR,18077.0,1180000.0,940000.0,2026-06-25,2027-06-30,1.0,940000.0,,ACTIVE,D,RB,36,United States,Eintracht Frankfurt
38816,Bundesliga,Mertcan Ayhan,EUR,18077.0,1180000.0,940000.0,2026-07-29,2030-06-30,4.0,3760000.0,,ACTIVE,D,CB,19,Turkey,Schalke 04
38817,Bundesliga,Jessic Ngankam,EUR,18077.0,1180000.0,940000.0,2023-07-14,2028-06-30,2.0,1880000.0,,ACTIVE,F,CF,26,Germany,Eintracht Frankfurt
38818,Bundesliga,Luca Jaquez,EUR,18077.0,1180000.0,940000.0,2025-02-03,2029-06-30,3.0,2820000.0,,ACTIVE,D,CB,23,Switzerland,Stuttgart
38819,Bundesliga,Aljoscha Kemlein,EUR,18077.0,1180000.0,940000.0,2025-05-21,2029-06-30,3.0,2820000.0,,ACTIVE,M,DM,22,Germany,Union Berlin
38820,Bundesliga,Montrell Culbreath,EUR,18077.0,1180000.0,940000.0,2026-06-25,2031-06-30,5.0,4700000.0,,ACTIVE,F,RW,19,Germany,Bayer Leverkusen
38821,Bundesliga,Leopold Querfeld,EUR,18077.0,1180000.0,940000.0,2024-07-01,2027-06-30,1.0,940000.0,,ACTIVE,D,CB,22,Austria,Union Berlin
38822,Bundesliga,Kennet Eichhorn,EUR,18077.0,1180000.0,940000.0,2026-07-01,2031-06-30,5.0,4700000.0,,ACTIVE,M,DM,17,Germany,Bayer Leverkusen
38823,Bundesliga,Youri Regeer,EUR,18077.0,1180000.0,940000.0,2026-08-31,2027-06-30,1.0,940000.0,,LOAN,M,DM,23,Netherlands,Werder Bremen
38824,Bundesliga,Rodrigo Ribeiro,EUR,18077.0,1180000.0,940000.0,2026-07-01,2031-06-30,5.0,4700000.0,,ACTIVE,F,CF,21,Portugal,Augsburg
38825,Bundesliga,Nediljko Labrovic,EUR,18077.0,1180000.0,940000.0,2024-07-01,2029-06-30,3.0,2820000.0,,ACTIVE,K,GK,26,Croatia,Augsburg
38826,Bundesliga,Gift Emmanuel Orban,EUR,18077.0,1180000.0,940000.0,2025-01-02,2029-06-30,3.0,2820000.0,,INACTIVE,F,CF,23,Nigeria,Hoffenheim
38827,Bundesliga,Adam Daghim,EUR,18077.0,1180000.0,940000.0,2026-08-02,2027-06-30,1.0,940000.0,,ACTIVE,F,RW,20,Denmark,Hoffenheim
38828,Bundesliga,Oskar Wójcik,EUR,16346.0,1060000.0,850000.0,2026-07-09,2031-06-30,5.0,4250000.0,,ACTIVE,D,CB,23,Poland,Werder Bremen
38829,Bundesliga,Justin Lerma,EUR,16346.0,1060000.0,850000.0,2026-07-01,2031-06-30,5.0,4250000.0,,ACTIVE,F,AM,18,Ecuador,Borussia Dortmund
38830,Bundesliga,David Mokwa,EUR,16346.0,1040000.0,850000.0,2026-01-03,2029-06-30,3.0,2550000.0,,ACTIVE,F,CF,22,France,Elversberg
38831,Bundesliga,Finn Porath,EUR,16346.0,1060000.0,850000.0,2025-08-21,2027-06-30,1.0,850000.0,,ACTIVE,M,RM,29,Germany,Schalke 04
38832,Bundesliga,Calvin Brackelmann,EUR,16346.0,1060000.0,850000.0,2026-07-01,2030-06-30,4.0,3400000.0,,ACTIVE,D,CB,27,Germany,Augsburg
38833,Bundesliga,Florian Müller,EUR,16346.0,1060000.0,850000.0,2026-02-24,2027-06-30,1.0,850000.0,,ACTIVE,K,GK,28,Germany,Freiburg
38834,Bundesliga,Lasse Günther,EUR,16346.0,1060000.0,850000.0,2026-06-25,2030-06-30,4.0,3400000.0,,ACTIVE,D,LB,23,Germany,Elversberg
38835,Bundesliga,Kaishu Sano,EUR,16346.0,1060000.0,850000.0,2024-07-03,2028-06-30,2.0,1700000.0,,ACTIVE,M,DM,25,Japan,Mainz
38836,Bundesliga,Adrian Gantenbein,EUR,16346.0,1060000.0,850000.0,2024-07-01,2028-06-30,2.0,1700000.0,,ACTIVE,D,RB,25,Switzerland,Schalke 04
38837,Bundesliga,Livan Burcu,EUR,16346.0,1060000.0,850000.0,2024-07-20,2027-06-30,1.0,850000.0,,ACTIVE,F,LW,21,Turkey,Union Berlin
38838,Bundesliga,Felix Götze,EUR,16346.0,1060000.0,850000.0,2025-11-02,2027-06-30,1.0,850000.0,,ACTIVE,D,CB,28,Germany,Paderborn
38839,Bundesliga,Maximilian Rohr,EUR,16346.0,1060000.0,850000.0,2025-05-06,2028-06-30,2.0,1700000.0,,ACTIVE,D,CB,31,Germany,Elversberg
38840,Bundesliga,Ramon Hendriks,EUR,16346.0,1060000.0,850000.0,2024-07-01,2028-06-30,2.0,1700000.0,,ACTIVE,D,CB,25,Netherlands,Stuttgart
38841,Bundesliga,Marcel Hoffmeier,EUR,14423.0,940000.0,750000.0,2025-10-10,2028-06-30,2.0,1500000.0,,ACTIVE,D,CB,27,Germany,Paderborn
38842,Bundesliga,Juma Bah,EUR,14423.0,940000.0,750000.0,2026-09-01,2027-06-30,1.0,750000.0,,LOAN,D,CB,20,Sierra Leone,Augsburg
38843,Bundesliga,Oliver Batista Meier,EUR,14423.0,940000.0,750000.0,2026-07-01,2027-06-30,1.0,750000.0,,ACTIVE,F,LW,25,Germany,Paderborn
38844,Bundesliga,Lukas Petkov,EUR,14423.0,940000.0,750000.0,2024-08-21,2027-06-30,1.0,750000.0,,ACTIVE,F,RW,25,Bulgaria,Elversberg
38845,Bundesliga,Sebastian Klaas,EUR,14423.0,940000.0,750000.0,2024-10-11,2027-06-30,1.0,750000.0,,ACTIVE,M,CM,28,Germany,Paderborn
38846,Bundesliga,Amara Condé,EUR,14423.0,940000.0,750000.0,2025-07-01,2028-06-30,2.0,1500000.0,,ACTIVE,M,DM,29,Germany,Elversberg
38847,Bundesliga,Vitalie Becker,EUR,14423.0,940000.0,750000.0,2026-08-18,2030-06-30,4.0,3000000.0,,ACTIVE,D,LB,21,Germany,Schalke 04
38848,Bundesliga,Maurice Krattenmacher,EUR,14423.0,940000.0,750000.0,2026-07-01,2030-06-30,4.0,3000000.0,,ACTIVE,F,LW,21,Germany,Elversberg
38849,Bundesliga,Max Moerstedt,EUR,14423.0,940000.0,750000.0,2026-01-08,2030-06-30,4.0,3000000.0,,ACTIVE,F,CF,20,Germany,Hoffenheim
38850,Bundesliga,Bryan Lasme,EUR,14423.0,940000.0,750000.0,2023-07-01,2027-06-30,1.0,750000.0,,ACTIVE,F,CF,27,France,Schalke 04
38851,Bundesliga,Malik Pimpong,EUR,14423.0,940000.0,750000.0,2026-07-01,2031-06-30,5.0,3750000.0,,ACTIVE,F,CF,18,Denmark,Eintracht Frankfurt
38852,Bundesliga,Junior Adamu,EUR,14423.0,940000.0,750000.0,2026-07-01,2029-06-30,3.0,2250000.0,,ACTIVE,F,CF,25,Austria,Schalke 04
38853,Bundesliga,Satoshi Tanaka,EUR,14423.0,940000.0,750000.0,2026-07-01,2030-06-30,4.0,3000000.0,,ACTIVE,M,DM,24,Japan,Schalke 04
38854,Bundesliga,Max Finkgräfe,EUR,14423.0,940000.0,750000.0,2025-07-03,2030-06-30,4.0,3000000.0,,ACTIVE,D,LB,22,Germany,Leipzig
38855,Bundesliga,Jahmai Simpson-Pusey,EUR,14423.0,940000.0,750000.0,2026-07-01,2030-06-30,4.0,3000000.0,,ACTIVE,D,CB,20,England,Koln
38856,Bundesliga,Sota Kawasaki,EUR,14423.0,940000.0,750000.0,2026-07-01,2027-06-30,1.0,750000.0,,ACTIVE,M,CM,25,Japan,Mainz
38857,Bundesliga,Noah Darvich,EUR,14423.0,940000.0,750000.0,2026-07-01,2027-06-30,1.0,750000.0,,LOAN,F,AM,19,Germany,Elversberg
38858,Bundesliga,Nicolas Kristof,EUR,14423.0,940000.0,750000.0,2026-07-01,2029-06-30,3.0,2250000.0,,ACTIVE,K,GK,26,Austria,Elversberg
38859,Bundesliga,Skelly Alvero,EUR,14423.0,940000.0,750000.0,2024-07-01,2028-06-30,2.0,1500000.0,,ACTIVE,M,DM,24,France,Werder Bremen
38860,Bundesliga,Sheraldo Becker,EUR,14423.0,940000.0,750000.0,2026-07-01,2027-06-30,1.0,750000.0,,ACTIVE,F,LW,31,Suriname,Mainz
38861,Bundesliga,Cole Campbell,EUR,14423.0,940000.0,750000.0,2026-07-09,2030-06-30,4.0,3000000.0,,ACTIVE,F,RW,20,United States,Elversberg
38862,Bundesliga,Anton Kade,EUR,14423.0,940000.0,750000.0,2025-08-25,2029-06-30,3.0,2250000.0,,ACTIVE,F,AM,22,Germany,Augsburg
38863,Bundesliga,Rayan Philippe,EUR,14423.0,940000.0,750000.0,2025-07-02,2029-06-30,3.0,2250000.0,,INACTIVE,F,RW,25,France,Hamburg
38864,Bundesliga,Niklas Lomb,EUR,14423.0,940000.0,750000.0,2024-04-08,2027-06-30,1.0,750000.0,,ACTIVE,K,GK,33,Germany,Bayer Leverkusen
38865,Bundesliga,David Herold,EUR,14423.0,940000.0,750000.0,2026-07-01,2030-06-30,4.0,3000000.0,,ACTIVE,D,LB,23,Germany,Monchengladbach
38866,Bundesliga,Daiki Hashioka,EUR,12692.0,830000.0,660000.0,2026-07-30,2027-06-30,1.0,660000.0,,LOAN,D,RB,27,Japan,Monchengladbach
38867,Bundesliga,Jano ter Horst,EUR,12692.0,830000.0,660000.0,2026-07-01,2027-06-30,1.0,660000.0,,ACTIVE,D,CB,24,Germany,Paderborn
40816,MLS,David Doudera,EUR,,,,2026-09-02,2028-06-30,3.0,,,ACTIVE,M,RM,28,Czech Republic,FC Cincinnati
38868,Bundesliga,Immanuel Pherai,EUR,12692.0,830000.0,660000.0,2023-07-01,2027-06-30,1.0,660000.0,,ACTIVE,F,AM,25,Suriname,Hamburg
38869,Bundesliga,Kenny Quetant,EUR,12692.0,830000.0,660000.0,2026-07-01,2030-06-30,4.0,2640000.0,,ACTIVE,F,CF,20,France,Werder Bremen
38870,Bundesliga,Elias Baum,EUR,12692.0,830000.0,660000.0,2023-10-26,2028-06-30,2.0,1320000.0,,ACTIVE,D,RB,20,Germany,Eintracht Frankfurt
38871,Bundesliga,Leopold Zingerle,EUR,12692.0,830000.0,660000.0,2026-02-09,2028-06-30,2.0,1320000.0,,ACTIVE,K,GK,32,Germany,Leipzig
38872,Bundesliga,Lucas Höler,EUR,12692.0,830000.0,660000.0,2023-03-27,2027-06-30,1.0,660000.0,,ACTIVE,F,CF,32,Germany,Freiburg
38873,Bundesliga,Mert Kömür,EUR,12692.0,830000.0,660000.0,2025-07-04,2029-06-30,3.0,1980000.0,,ACTIVE,F,AM,21,Germany,Augsburg
38874,Bundesliga,Noahkai Banks,EUR,12692.0,830000.0,660000.0,2025-06-23,2029-06-30,3.0,1980000.0,,ACTIVE,D,CB,19,United States,Augsburg
38875,Bundesliga,Kauã Santos,EUR,12692.0,830000.0,660000.0,2024-10-09,2030-06-30,4.0,2640000.0,,ACTIVE,K,GK,23,Brazil,Eintracht Frankfurt
38876,Bundesliga,Oscar Højlund,EUR,12692.0,830000.0,660000.0,2024-07-10,2029-06-30,3.0,1980000.0,,ACTIVE,M,CM,21,Denmark,Eintracht Frankfurt
38877,Bundesliga,Ron-Robert Zieler,EUR,12692.0,830000.0,660000.0,2025-07-07,2027-06-30,1.0,660000.0,,ACTIVE,K,GK,37,Germany,Koln
38878,Bundesliga,Hennes Behrens,EUR,12692.0,830000.0,660000.0,2026-07-13,2031-06-30,5.0,3300000.0,,ACTIVE,D,LB,21,Germany,Augsburg
38879,Bundesliga,Christian Kofane,EUR,12692.0,830000.0,660000.0,2025-07-11,2029-06-30,3.0,1980000.0,,ACTIVE,F,CF,20,Cameroon,Bayer Leverkusen
38880,Bundesliga,Justin Diehl,EUR,12692.0,830000.0,660000.0,2024-07-01,2029-06-30,3.0,1980000.0,,ACTIVE,F,LW,21,Germany,Stuttgart
38881,Bundesliga,Otávio,EUR,12692.0,830000.0,660000.0,2026-07-28,2031-06-30,5.0,3300000.0,,ACTIVE,D,CB,20,Brazil,Eintracht Frankfurt
38882,Bundesliga,Leonidas Stergiou,EUR,12692.0,830000.0,660000.0,2024-07-01,2028-06-30,2.0,1320000.0,,ACTIVE,D,RB,24,Switzerland,Stuttgart
38883,Bundesliga,Dennis Seimen,EUR,10962.0,710000.0,570000.0,2024-09-13,2029-06-30,3.0,1710000.0,,ACTIVE,K,GK,20,Germany,Stuttgart
38884,Bundesliga,Keita Kosugi,EUR,10962.0,710000.0,570000.0,2026-01-01,2031-06-30,5.0,2850000.0,,ACTIVE,D,LB,20,Japan,Eintracht Frankfurt
38885,Bundesliga,Kevin Müller,EUR,10962.0,710000.0,570000.0,2026-07-08,2027-06-30,1.0,570000.0,,ACTIVE,K,GK,35,Germany,Schalke 04
38886,Bundesliga,Keke Topp,EUR,10962.0,710000.0,570000.0,2024-07-01,2028-06-30,2.0,1140000.0,,ACTIVE,F,CF,22,Germany,Werder Bremen
38887,Bundesliga,Imad Rondic,EUR,10962.0,710000.0,570000.0,2025-02-03,2029-06-30,3.0,1710000.0,,ACTIVE,F,CF,27,Bosnia-Herzegovina,Koln
38888,Bundesliga,Hugo Bolin,EUR,10962.0,710000.0,570000.0,2026-07-01,2030-06-30,4.0,2280000.0,,ACTIVE,F,LW,23,Sweden,Monchengladbach
38889,Bundesliga,Tidiam Gomis,EUR,10962.0,710000.0,570000.0,2025-02-03,2029-06-30,3.0,1710000.0,,ACTIVE,F,LW,20,France,Leipzig
38890,Bundesliga,Jannik Huth,EUR,10962.0,710000.0,570000.0,2026-05-29,2027-06-30,1.0,570000.0,,ACTIVE,K,GK,32,Germany,Freiburg
38891,Bundesliga,Noel Futkeu,EUR,10962.0,710000.0,570000.0,2026-08-15,2027-06-30,1.0,570000.0,,LOAN,F,CF,23,Germany,Elversberg
38892,Bundesliga,Luca Schnellbacher,EUR,10962.0,710000.0,570000.0,2025-05-14,2028-06-30,2.0,1140000.0,,ACTIVE,F,CF,32,Germany,Elversberg
38893,Bundesliga,Jan Gyamerah,EUR,10962.0,710000.0,570000.0,2025-07-04,2027-06-30,1.0,570000.0,,ACTIVE,D,RB,31,Ghana,Elversberg
38894,Bundesliga,Florian Le Joncour,EUR,10962.0,710000.0,570000.0,2024-10-11,2027-06-30,1.0,570000.0,,ACTIVE,D,CB,31,France,Elversberg
38895,Bundesliga,Zento Uno,EUR,10962.0,710000.0,570000.0,2026-07-01,2030-06-30,4.0,2280000.0,,ACTIVE,M,DM,22,Japan,Monchengladbach
38896,Bundesliga,Gabriel Vidovic,EUR,10962.0,710000.0,570000.0,2026-08-18,2027-06-30,1.0,570000.0,,ACTIVE,F,LW,22,Croatia,Paderborn
38897,Bundesliga,Bara Sapoko Ndiaye,EUR,10962.0,710000.0,570000.0,2026-08-10,2031-06-30,5.0,2850000.0,,ACTIVE,M,CM,18,Senegal,Bayern Munich
38898,Bundesliga,David Santos Daiber,EUR,10962.0,710000.0,570000.0,2026-03-23,2030-06-30,4.0,2280000.0,,ACTIVE,M,DM,19,Portugal,Bayern Munich
38899,Bundesliga,Luca Philipp,EUR,10962.0,710000.0,570000.0,2026-06-18,2027-06-30,1.0,570000.0,,ACTIVE,K,GK,25,Germany,Hoffenheim
38900,Bundesliga,Mattes Hansen,EUR,10962.0,710000.0,570000.0,2024-02-01,2027-06-30,1.0,570000.0,,ACTIVE,D,CB,22,Germany,Paderborn
38901,Bundesliga,Otto Stange,EUR,10962.0,710000.0,570000.0,2026-02-02,2028-06-30,2.0,1140000.0,,ACTIVE,F,CF,19,Germany,Hamburg
38902,Bundesliga,Santiago Castañeda,EUR,10962.0,710000.0,570000.0,2026-08-26,2027-06-30,1.0,570000.0,,ACTIVE,M,DM,21,United States,Paderborn
38903,Bundesliga,Patrick Drewes,EUR,10962.0,710000.0,570000.0,2025-07-01,2027-06-30,1.0,570000.0,,ACTIVE,K,GK,33,Germany,Borussia Dortmund
38904,Bundesliga,Tjark Scheller,EUR,10962.0,710000.0,570000.0,2024-07-01,2027-06-30,1.0,570000.0,,ACTIVE,D,CB,24,Germany,Paderborn
38905,Bundesliga,Nelson Weiper,EUR,10962.0,710000.0,570000.0,2022-07-01,2029-06-30,3.0,1710000.0,,INACTIVE,F,CF,21,Germany,Mainz
38906,Bundesliga,Florent Muslija,EUR,10577.0,690000.0,550000.0,2024-01-24,2028-06-30,2.0,1100000.0,,ACTIVE,F,LW,28,Kosovo,Freiburg
38907,Bundesliga,Tim Breithaupt,EUR,9808.0,640000.0,510000.0,2023-07-01,2028-06-30,2.0,1020000.0,,ACTIVE,M,DM,24,Germany,Augsburg
38908,Bundesliga,Tom Baack,EUR,9038.0,590000.0,470000.0,2026-07-01,2027-06-30,1.0,470000.0,,ACTIVE,M,DM,27,Germany,Paderborn
38909,Bundesliga,Nicholas Mickelson,EUR,9038.0,590000.0,470000.0,2025-07-03,2027-06-30,1.0,470000.0,,ACTIVE,D,LB,27,Thailand,Elversberg
38910,Bundesliga,Jan Leszczyński,EUR,9038.0,590000.0,470000.0,2026-07-01,2030-06-30,4.0,1880000.0,,ACTIVE,D,CB,19,Poland,Monchengladbach
38911,Bundesliga,Alexander Røssing-Lelesiit,EUR,9038.0,590000.0,470000.0,2025-12-24,2030-06-30,4.0,1880000.0,,ACTIVE,F,LW,19,Norway,Hamburg
38912,Bundesliga,Mathieu Nguefack,EUR,9038.0,590000.0,470000.0,2026-08-09,2027-06-30,1.0,470000.0,,ACTIVE,M,CM,18,Germany,Monchengladbach
38913,Bundesliga,Francis Onyeka,EUR,9038.0,590000.0,470000.0,2026-07-01,2027-06-30,1.0,470000.0,,LOAN,F,AM,19,Germany,Elversberg
38914,Bundesliga,Felix Keidel,EUR,9038.0,590000.0,470000.0,2025-07-01,2028-06-30,2.0,940000.0,,ACTIVE,D,RB,23,Germany,Elversberg
38915,Bundesliga,Tobias Sippel,EUR,9038.0,590000.0,470000.0,2026-03-30,2027-06-30,1.0,470000.0,,ACTIVE,K,GK,38,Germany,Monchengladbach
38916,Bundesliga,Luka Duric,EUR,9038.0,590000.0,470000.0,2026-07-01,2027-06-30,1.0,470000.0,,ACTIVE,M,CM,23,Bosnia-Herzegovina,Paderborn
38917,Bundesliga,Raphael Obermair,EUR,9038.0,590000.0,470000.0,2024-02-06,2027-06-30,1.0,470000.0,,ACTIVE,M,LM,30,Philippines,Paderborn
38918,Bundesliga,Christian Gomis,EUR,9038.0,590000.0,470000.0,2025-09-01,2029-06-30,3.0,1410000.0,,INACTIVE,F,CF,25,Senegal,Schalke 04
38919,Bundesliga,Emil Højlund,EUR,9038.0,590000.0,470000.0,2024-07-16,2028-06-30,2.0,940000.0,,ACTIVE,F,CF,21,Denmark,Schalke 04
38920,Bundesliga,Sander Tangvik,EUR,9038.0,590000.0,470000.0,2026-01-22,2030-06-30,4.0,1880000.0,,ACTIVE,K,GK,23,Norway,Hamburg
38921,Bundesliga,Love Arrhov,EUR,9038.0,590000.0,470000.0,2026-01-01,2028-06-30,2.0,940000.0,,ACTIVE,F,AM,18,Sweden,Eintracht Frankfurt
38922,Bundesliga,Jens Grahl,EUR,9038.0,590000.0,470000.0,2023-02-02,2027-06-30,1.0,470000.0,,ACTIVE,K,GK,37,Germany,Eintracht Frankfurt
38923,Bundesliga,Kofi Amoako,EUR,9038.0,590000.0,470000.0,2026-07-01,2030-06-30,4.0,1880000.0,,ACTIVE,M,DM,21,Germany,Hamburg
38924,Bundesliga,Jarzinho Malanga,EUR,9038.0,590000.0,470000.0,2026-07-01,2028-06-30,2.0,940000.0,,ACTIVE,F,AM,20,Germany,Stuttgart
38925,Bundesliga,Jeremy Arévalo,EUR,9038.0,590000.0,470000.0,2026-01-02,2031-06-30,5.0,2350000.0,,INACTIVE,F,CF,21,Ecuador,Stuttgart
38926,Bundesliga,Reigan Heskey,EUR,9038.0,590000.0,470000.0,2026-07-17,2031-06-30,5.0,2350000.0,,ACTIVE,F,LW,18,England,Koln
38927,Bundesliga,Tim Oermann,EUR,9038.0,590000.0,470000.0,2025-07-01,2029-06-30,3.0,1410000.0,,ACTIVE,D,CB,22,Germany,Bayer Leverkusen
38928,Bundesliga,Matheo Raab,EUR,9038.0,590000.0,470000.0,2025-07-11,2027-06-30,1.0,470000.0,,ACTIVE,K,GK,27,Germany,Union Berlin
38929,Bundesliga,Uchenna Ogundu,EUR,9038.0,590000.0,470000.0,2026-02-02,2031-06-30,5.0,2350000.0,,ACTIVE,F,CF,20,Nigeria,Augsburg
38930,Bundesliga,Sima Suso,EUR,9038.0,590000.0,470000.0,2026-07-10,2031-06-30,5.0,2350000.0,,ACTIVE,M,CM,21,Germany,Augsburg
38931,Bundesliga,Stefan Drljaca,EUR,8077.0,520000.0,420000.0,2024-07-01,2027-06-30,1.0,420000.0,,ACTIVE,K,GK,27,Germany,Stuttgart
38932,Bundesliga,Marius Funk,EUR,7308.0,470000.0,380000.0,2026-07-01,2028-06-30,2.0,760000.0,,ACTIVE,K,GK,30,Germany,Stuttgart
38933,Bundesliga,Ayoube Amaimouni-Echghouyab,EUR,7308.0,470000.0,380000.0,2026-01-02,2031-06-30,5.0,1900000.0,,ACTIVE,F,RW,21,Morocco,Eintracht Frankfurt
38934,Bundesliga,Mikey Moore,EUR,7308.0,470000.0,380000.0,2026-08-31,2027-06-30,1.0,380000.0,,LOAN,F,RW,19,England,Koln
38935,Bundesliga,Jusuf Gazibegovic,EUR,7308.0,470000.0,380000.0,2025-01-01,2028-06-30,2.0,760000.0,,INACTIVE,D,RB,26,Bosnia-Herzegovina,Koln
38936,Bundesliga,Arthur Theate,EUR,7308.0,470000.0,380000.0,2025-02-02,2029-06-30,3.0,1140000.0,,INACTIVE,D,CB,26,Belgium,Eintracht Frankfurt
38937,Bundesliga,Amil Siljevic,EUR,7308.0,470000.0,380000.0,2026-06-17,2029-06-30,3.0,1140000.0,,ACTIVE,K,GK,19,Bosnia-Herzegovina,Eintracht Frankfurt
38938,Bundesliga,Timur Gayret,EUR,7308.0,470000.0,380000.0,2026-07-01,2029-06-30,3.0,1140000.0,,ACTIVE,M,CM,28,Germany,Paderborn
38939,Bundesliga,Jeremiaha Maluze,EUR,7308.0,470000.0,380000.0,2026-07-01,2031-06-30,5.0,1900000.0,,ACTIVE,D,CB,21,Germany,Eintracht Frankfurt
38940,Bundesliga,Silas Ostrzinski,EUR,7308.0,470000.0,380000.0,2025-06-18,2027-06-30,1.0,380000.0,,ACTIVE,K,GK,22,Germany,Borussia Dortmund
38941,Bundesliga,Markus Kolke,EUR,7308.0,470000.0,380000.0,2026-06-16,2027-06-30,1.0,380000.0,,ACTIVE,K,GK,36,Germany,Werder Bremen
38942,Bundesliga,Deniz Zeitler,EUR,7308.0,470000.0,380000.0,2026-08-10,2027-06-30,1.0,380000.0,,LOAN,F,LW,19,Germany,Paderborn
38943,Bundesliga,Dariusz Stalmach,EUR,7308.0,470000.0,380000.0,2026-07-01,2027-06-30,1.0,380000.0,,ACTIVE,M,DM,20,Poland,Werder Bremen
38944,Bundesliga,Alexander Schwolow,EUR,7308.0,470000.0,380000.0,2026-07-30,2027-06-30,1.0,380000.0,,ACTIVE,K,GK,34,Germany,Mainz
38945,Bundesliga,Filippo Mane,EUR,7308.0,470000.0,380000.0,2025-01-06,2028-06-30,2.0,760000.0,,ACTIVE,D,CB,21,Italy,Borussia Dortmund
38946,Bundesliga,Daniel Batz,EUR,7308.0,470000.0,380000.0,2026-07-01,2029-06-30,3.0,1140000.0,,ACTIVE,K,GK,35,Germany,Monchengladbach
38947,Bundesliga,Paul Okon-Engstler,EUR,7308.0,470000.0,380000.0,2026-07-23,2030-06-30,4.0,1520000.0,,ACTIVE,M,DM,21,Australia,Koln
38948,Bundesliga,Suleman Sani,EUR,7308.0,470000.0,380000.0,2026-01-13,2031-06-30,5.0,1900000.0,,ACTIVE,F,LW,20,Nigeria,Leipzig
38949,Bundesliga,Ruben Müller,EUR,7308.0,470000.0,380000.0,2025-07-01,2027-06-30,1.0,380000.0,,ACTIVE,D,RB,21,Germany,Paderborn
38950,Bundesliga,Markus Schubert,EUR,7308.0,470000.0,380000.0,2026-06-09,2028-06-30,2.0,760000.0,,ACTIVE,K,GK,28,Germany,Paderborn
38951,Bundesliga,Nahuel Noll,EUR,7308.0,470000.0,380000.0,2026-07-01,2027-06-30,1.0,380000.0,,LOAN,K,GK,23,Germany,Paderborn
38952,Bundesliga,Luis Engelns,EUR,7308.0,470000.0,380000.0,2026-02-02,2027-06-30,1.0,380000.0,,ACTIVE,M,DM,19,Germany,Hoffenheim
38953,Bundesliga,Jan Olschowsky,EUR,7308.0,470000.0,380000.0,2023-02-07,2027-06-30,1.0,380000.0,,ACTIVE,K,GK,24,Germany,Monchengladbach
38954,Bundesliga,Bruno Ogbus,EUR,6538.0,420000.0,340000.0,2024-09-30,2027-06-30,1.0,340000.0,,ACTIVE,D,CB,20,Switzerland,Freiburg
38955,Bundesliga,Mathis Albert,EUR,6538.0,420000.0,340000.0,2026-07-01,2027-06-30,1.0,340000.0,,ACTIVE,F,LW,17,United States,Borussia Dortmund
38956,Bundesliga,Otto Ruoppi,EUR,6538.0,420000.0,340000.0,2026-02-02,2030-06-30,4.0,1360000.0,,ACTIVE,F,AM,20,Finland,Mainz
38957,Bundesliga,Abdoul Koné,EUR,6154.0,400000.0,320000.0,2026-01-29,2031-06-30,5.0,1600000.0,,ACTIVE,D,CB,21,France,Leipzig
38958,Bundesliga,Carl Klaus,EUR,5769.0,380000.0,300000.0,2026-05-16,2027-06-30,1.0,300000.0,,ACTIVE,K,GK,32,Germany,Union Berlin
38959,Bundesliga,Luis Seifert,EUR,5385.0,351000.0,280000.0,2025-07-01,2028-06-30,2.0,560000.0,,ACTIVE,D,CB,22,Germany,Elversberg
38960,Bundesliga,Mussa Kaba,EUR,5385.0,351000.0,280000.0,2026-07-01,2031-06-30,5.0,1400000.0,,ACTIVE,M,DM,17,Germany,Borussia Dortmund
38961,Bundesliga,Sean Dulic,EUR,5385.0,351000.0,280000.0,2026-07-01,2030-06-30,4.0,1120000.0,,ACTIVE,D,CB,21,Germany,Hoffenheim
38962,Bundesliga,Enzo dos Santos,EUR,5385.0,351000.0,280000.0,2026-08-19,2029-06-30,3.0,840000.0,,ACTIVE,M,CM,17,Luxembourg,Borussia Dortmund
38963,Bundesliga,Malek El Mala,EUR,5385.0,351000.0,280000.0,2026-08-20,2031-06-30,5.0,1400000.0,,ACTIVE,F,CF,21,Germany,Koln
38964,Bundesliga,Luca Vozar,EUR,5385.0,351000.0,280000.0,2026-07-01,2028-06-30,2.0,560000.0,,ACTIVE,M,DM,19,Germany,Schalke 04
38965,Bundesliga,Laurin Curda,EUR,5385.0,351000.0,280000.0,2025-04-21,2027-06-30,1.0,280000.0,,ACTIVE,M,RM,24,Germany,Paderborn
38966,Bundesliga,Ertugrul Yigit,EUR,5385.0,351000.0,280000.0,2026-07-06,2029-06-30,3.0,840000.0,,ACTIVE,M,CM,17,Germany,Stuttgart
38967,Bundesliga,Linus Güther,EUR,5385.0,351000.0,280000.0,2026-07-01,2028-06-30,2.0,560000.0,,ACTIVE,F,LW,16,Germany,Union Berlin
38968,Bundesliga,Maximilian Kinzig,EUR,5385.0,351000.0,280000.0,2026-07-01,2027-06-30,1.0,280000.0,,ACTIVE,K,GK,22,Germany,Mainz
38969,Bundesliga,Salim Musah,EUR,5385.0,351000.0,280000.0,2025-07-06,2027-06-30,1.0,280000.0,,ACTIVE,F,CF,20,Germany,Werder Bremen
38970,Bundesliga,Kacper Potulski,EUR,5385.0,351000.0,280000.0,2026-01-01,2028-06-30,2.0,560000.0,,ACTIVE,D,CB,18,Poland,Mainz
38971,Bundesliga,Samba Konaté,EUR,5385.0,351000.0,280000.0,2025-07-01,2028-06-30,2.0,560000.0,,ACTIVE,F,CF,17,France,Leipzig
38972,Bundesliga,Nyamekye Awortwie-Grant,EUR,5385.0,351000.0,280000.0,2026-07-01,2027-06-30,1.0,280000.0,,ACTIVE,D,CB,26,Germany,Paderborn
38973,Bundesliga,Clemens Lippmann,EUR,5000.0,326000.0,260000.0,2026-07-01,2027-06-30,1.0,260000.0,,ACTIVE,M,RM,20,Germany,Paderborn
38974,Bundesliga,Matthias Köbbing,EUR,4808.0,311000.0,250000.0,2025-06-16,2027-06-30,1.0,250000.0,,ACTIVE,K,GK,29,Germany,Koln
38975,Bundesliga,Fritz Fleck,EUR,4423.0,287000.0,230000.0,2026-08-09,2028-06-30,2.0,460000.0,,ACTIVE,F,AM,19,Germany,Monchengladbach
38976,Bundesliga,Benno Kaltefleiter,EUR,4423.0,287000.0,230000.0,2026-02-19,2029-06-30,3.0,690000.0,,ACTIVE,M,DM,18,Germany,Leipzig
38977,Bundesliga,Andrik Markgraf,EUR,4423.0,287000.0,230000.0,2026-06-23,2027-06-30,1.0,230000.0,,ACTIVE,D,LB,20,Germany,Union Berlin
38978,Bundesliga,Ndjicoura Bomba,EUR,4423.0,287000.0,230000.0,2026-07-01,2030-06-30,4.0,920000.0,,ACTIVE,F,CF,18,Mali,Bayer Leverkusen
38979,Bundesliga,Gil Neves,EUR,4423.0,287000.0,230000.0,2026-08-07,2029-06-30,3.0,690000.0,,ACTIVE,M,CM,18,Portugal,Koln
38980,Bundesliga,Tim Schnitzer,EUR,4423.0,287000.0,230000.0,2026-07-01,2029-06-30,3.0,690000.0,,ACTIVE,M,DM,18,Germany,Augsburg
38981,Bundesliga,Frank Lehmann,EUR,4423.0,287000.0,230000.0,2026-05-22,2027-06-30,1.0,230000.0,,ACTIVE,K,GK,37,Germany,Elversberg
38982,Bundesliga,Tim Boss,EUR,4423.0,287000.0,230000.0,2025-03-11,2027-06-30,1.0,230000.0,,ACTIVE,K,GK,33,Germany,Elversberg
38983,Bundesliga,Frederik Schmahl,EUR,4423.0,287000.0,230000.0,2024-07-01,2027-06-30,1.0,230000.0,,ACTIVE,M,CM,23,Germany,Elversberg
38984,Bundesliga,Viggo Gebel,EUR,4423.0,287000.0,230000.0,2026-07-01,2028-06-30,2.0,460000.0,,ACTIVE,F,AM,18,Germany,Leipzig
38985,Bundesliga,Faik Sakar,EUR,4423.0,287000.0,230000.0,2026-07-01,2030-06-30,4.0,920000.0,,ACTIVE,F,LW,18,Germany,Augsburg
38986,Bundesliga,Mick Schmetgens,EUR,4423.0,287000.0,230000.0,2025-12-10,2029-06-30,3.0,690000.0,,ACTIVE,D,CB,18,Germany,Werder Bremen
38987,Bundesliga,Tristan Zobel,EUR,4423.0,287000.0,230000.0,2025-07-01,2028-06-30,2.0,460000.0,,ACTIVE,D,CB,22,Germany,Paderborn
38988,Bundesliga,Iaia Manco Danfa,EUR,3654.0,237000.0,190000.0,2026-08-09,2028-06-30,2.0,380000.0,,ACTIVE,F,CF,19,Guinea-Bissau,Monchengladbach
38989,Bundesliga,Alynho Haidara,EUR,3654.0,237000.0,190000.0,2026-07-26,2027-06-30,1.0,190000.0,,ACTIVE,F,CF,18,Cote d'Ivoire,Mainz
38990,Bundesliga,Lúkas Petersson,EUR,3654.0,237000.0,190000.0,2026-01-12,2027-06-30,1.0,190000.0,,ACTIVE,K,GK,22,Iceland,Hoffenheim
38991,Bundesliga,Julien Friedrich,EUR,3654.0,237000.0,190000.0,2024-12-23,2027-06-30,1.0,190000.0,,ACTIVE,F,LW,19,Germany,Union Berlin
38992,Bundesliga,Albert Millgramm,EUR,3654.0,237000.0,190000.0,2026-07-01,2027-06-30,1.0,190000.0,,ACTIVE,F,LW,21,Germany,Paderborn
38993,Bundesliga,Bambasé Conté,EUR,3654.0,237000.0,190000.0,2026-07-14,2027-06-30,1.0,190000.0,,ACTIVE,F,AM,23,Germany,Hoffenheim
38994,Bundesliga,Natnael Abraha,EUR,3654.0,237000.0,190000.0,2026-07-31,2027-06-30,1.0,190000.0,,ACTIVE,D,RB,18,Germany,Hoffenheim
38995,Bundesliga,Jonah Sticker,EUR,3654.0,237000.0,190000.0,2025-09-01,2027-06-30,1.0,190000.0,,ACTIVE,D,CB,22,Germany,Paderborn
38996,Bundesliga,Niklas Mohr,EUR,3654.0,237000.0,190000.0,2025-09-01,2028-06-30,2.0,380000.0,,ACTIVE,M,LM,22,Germany,Paderborn
38997,Bundesliga,Martin James,EUR,3654.0,237000.0,190000.0,2026-07-24,2029-06-30,3.0,570000.0,,ACTIVE,K,GK,18,France,Koln
38998,Bundesliga,Stefano Marino,EUR,3654.0,237000.0,190000.0,2026-05-05,2027-06-30,1.0,190000.0,,ACTIVE,F,CF,22,Germany,Paderborn
38999,Bundesliga,Raif Adam,EUR,3269.0,212000.0,170000.0,2026-01-05,2029-06-30,3.0,510000.0,,ACTIVE,F,RW,20,Germany,Elversberg
39000,Bundesliga,Berkay Yılmaz,EUR,3269.0,212000.0,170000.0,2024-08-27,2027-06-30,1.0,170000.0,,ACTIVE,D,LB,21,Turkey,Freiburg
39001,Bundesliga,Rouven Tarnutzer,EUR,3269.0,212000.0,170000.0,2026-04-13,2027-06-30,1.0,170000.0,,ACTIVE,M,CM,19,Switzerland,Freiburg
39002,Bundesliga,Paul Erevbenagie,EUR,3269.0,212000.0,170000.0,2026-07-04,2027-06-30,1.0,170000.0,,ACTIVE,F,RW,19,Germany,Werder Bremen
39003,Bundesliga,Stefan Smarkalev,EUR,3269.0,212000.0,170000.0,2025-07-01,2027-06-30,1.0,170000.0,,ACTIVE,K,GK,19,Bulgaria,Werder Bremen
39004,Bundesliga,Mekhi Gray,EUR,3269.0,212000.0,170000.0,2026-07-01,2027-06-30,1.0,170000.0,,ACTIVE,F,CF,19,Jamaica,Union Berlin
39005,Bundesliga,Fernando Dickes,EUR,3269.0,212000.0,170000.0,2025-07-01,2028-06-30,2.0,340000.0,,ACTIVE,K,GK,18,Germany,Hamburg
39006,Bundesliga,Shafiq Nandja,EUR,3269.0,212000.0,170000.0,2026-07-01,2030-06-30,4.0,680000.0,,ACTIVE,D,CB,19,Germany,Hamburg
39007,Bundesliga,Tom Wisbereit,EUR,3269.0,212000.0,170000.0,2026-07-14,2030-06-30,4.0,680000.0,,ACTIVE,K,GK,18,Germany,Augsburg
39008,Bundesliga,Florian Pruhs,EUR,3269.0,212000.0,170000.0,2026-03-18,2027-06-30,1.0,170000.0,,ACTIVE,K,GK,20,Germany,Paderborn
39009,Bundesliga,Louis Lemke,EUR,2885.0,188000.0,150000.0,2026-01-01,2028-06-30,2.0,300000.0,,ACTIVE,D,LB,16,Germany,Hamburg
39010,Bundesliga,Elias Etringer,EUR,2885.0,188000.0,150000.0,2026-07-01,2029-06-30,3.0,450000.0,,ACTIVE,K,GK,18,Germany,Elversberg
39011,Bundesliga,Lasse Eickel,EUR,2885.0,188000.0,150000.0,2026-07-01,2031-06-30,5.0,750000.0,,ACTIVE,F,CF,18,Germany,Paderborn
39012,Bundesliga,Darwin Soylu,EUR,2885.0,188000.0,150000.0,2026-07-01,2027-06-30,1.0,150000.0,,ACTIVE,F,AM,19,Turkey,Werder Bremen
39013,Bundesliga,Johannes Siebeking,EUR,2885.0,188000.0,150000.0,2025-07-01,2029-06-30,3.0,450000.0,,ACTIVE,K,GK,20,Germany,Schalke 04
39014,Bundesliga,Joel Agyekum,EUR,2885.0,188000.0,150000.0,2025-07-01,2027-06-30,1.0,150000.0,,ACTIVE,D,CB,21,Germany,Hamburg
39015,Bundesliga,Elias Lahti,EUR,2885.0,188000.0,150000.0,2026-07-01,2028-06-30,2.0,300000.0,,ACTIVE,K,GK,17,Finland,Hamburg
39016,Bundesliga,Noah Atubolu,EUR,,,,2023-07-13,2027-06-30,1.0,,,INACTIVE,K,GK,24,Germany,Freiburg
39017,Bundesliga,Jeanuël Belocian,EUR,,190000.0,,2024-07-01,2029-06-30,3.0,,,INACTIVE,D,CB,21,France,Bayer Leverkusen
39018,Bundesliga,Eljif Elmas,EUR,,,,2024-01-01,2028-06-30,2.0,,,INACTIVE,F,AM,26,North Macedonia,Leipzig
39019,Bundesliga,El Chadaille Bitshiabu,EUR,,,,2025-06-06,2029-06-30,3.0,,,INACTIVE,D,CB,21,France,Leipzig
39020,Bundesliga,Almugera Kabar,EUR,,,,2025-02-20,2028-06-30,2.0,,,INACTIVE,D,LB,20,Germany,Borussia Dortmund
39021,Bundesliga,Yan Couto,EUR,,,,2025-07-01,2030-06-30,4.0,,,INACTIVE,D,RB,24,Brazil,Borussia Dortmund
39022,Bundesliga,Noah Mbamba,EUR,,,,2026-08-08,2029-06-30,3.0,,,INACTIVE,M,CM,21,Belgium,Bayer Leverkusen
39023,Eredivisie,Lutsharel Geertruida,EUR,75385.0,4900000.0,3920000.0,2026-08-21,2027-06-30,1.0,3920000.0,,LOAN,D,CB,26,Netherlands,PSV
39024,Eredivisie,Julian Brandt,EUR,75385.0,4900000.0,3920000.0,2026-07-31,2029-06-30,3.0,11760000.0,,ACTIVE,F,AM,30,Germany,Ajax
39025,Eredivisie,Sofyan Amrabat,EUR,75385.0,4900000.0,3920000.0,2026-08-30,2028-06-30,2.0,7840000.0,,ACTIVE,M,DM,30,Morocco,Ajax
39026,Eredivisie,Sergiño Dest,EUR,75385.0,4900000.0,3920000.0,2024-07-01,2028-06-30,2.0,7840000.0,24000000.0,ACTIVE,D,RB,25,United States,PSV
39027,Eredivisie,Kasper Dolberg,EUR,67885.0,4410000.0,3530000.0,2025-09-02,2029-06-30,3.0,10590000.0,,ACTIVE,F,CF,28,Denmark,Ajax
39028,Eredivisie,Marcos Leonardo,EUR,56731.0,3930000.0,2950000.0,2026-07-17,2031-06-30,5.0,14750000.0,,ACTIVE,F,CF,23,Brazil,Ajax
39029,Eredivisie,Viktor Tsyhankov,EUR,56731.0,3690000.0,2950000.0,2026-08-27,2029-06-30,3.0,8850000.0,,ACTIVE,F,RW,28,Ukraine,Ajax
39030,Eredivisie,Dennis Man,EUR,56731.0,3690000.0,2950000.0,2025-08-12,2029-06-30,3.0,8850000.0,,ACTIVE,F,RW,28,Romania,PSV
39031,Eredivisie,Alassane Pléa,EUR,56731.0,3690000.0,2950000.0,2025-07-17,2028-06-30,2.0,5900000.0,,ACTIVE,F,CF,33,France,PSV
39032,Eredivisie,Thilo Kehrer,EUR,56731.0,3730000.0,2950000.0,2026-09-02,2027-06-30,1.0,2950000.0,,LOAN,D,CB,29,Germany,Ajax
39033,Eredivisie,Steven Berghuis,EUR,56731.0,3690000.0,2950000.0,2025-02-14,2027-06-30,1.0,2950000.0,,ACTIVE,F,RW,34,Netherlands,Ajax
39034,Eredivisie,Caio Henrique,EUR,56731.0,4910000.0,2950000.0,2026-07-01,2030-06-30,4.0,11800000.0,,ACTIVE,D,LB,29,Brazil,Ajax
39035,Eredivisie,Reiss Nelson,EUR,56538.0,3920000.0,2940000.0,2026-09-02,2027-06-30,1.0,2940000.0,,ACTIVE,F,LW,26,England,Feyenoord
39036,Eredivisie,Charles Vanhoutte,EUR,56538.0,3920000.0,2940000.0,2026-07-01,2030-06-30,4.0,11760000.0,,ACTIVE,M,DM,27,Belgium,Feyenoord
39037,Eredivisie,Ricardo Pepi,EUR,45192.0,2940000.0,2350000.0,2025-02-02,2030-06-30,4.0,9400000.0,,ACTIVE,F,CF,23,United States,PSV
39038,Eredivisie,Paul Wanner,EUR,45192.0,2940000.0,2350000.0,2025-08-22,2030-06-30,4.0,9400000.0,,ACTIVE,F,AM,20,Austria,PSV
39039,Eredivisie,Guus Til,EUR,45192.0,2940000.0,2350000.0,2025-06-25,2028-06-30,2.0,4700000.0,,ACTIVE,F,AM,28,Netherlands,PSV
39040,Eredivisie,Filip Kostic,EUR,45192.0,2940000.0,2350000.0,2026-08-06,2028-06-30,2.0,4700000.0,,ACTIVE,D,LB,33,Serbia,PSV
39041,Eredivisie,Jerdy Schouten,EUR,45192.0,2940000.0,2350000.0,2025-08-06,2030-06-30,4.0,9400000.0,,ACTIVE,M,DM,29,Netherlands,PSV
39042,Eredivisie,Tolu Arokodare,EUR,44231.0,2880000.0,2300000.0,2026-07-29,2027-06-30,1.0,2300000.0,,LOAN,F,CF,25,Nigeria,Ajax
39043,Eredivisie,Simon Adingra,EUR,41346.0,2690000.0,2150000.0,2026-09-02,2027-06-30,1.0,2150000.0,,LOAN,F,LW,24,Cote d'Ivoire,Ajax
39044,Eredivisie,Jeremiah St. Juste,EUR,37692.0,2940000.0,1960000.0,2026-01-22,2027-06-30,1.0,1960000.0,,ACTIVE,D,CB,29,Netherlands,Feyenoord
39045,Eredivisie,Wout Weghorst,EUR,37692.0,2940000.0,1960000.0,2026-07-01,2028-06-30,2.0,3920000.0,,ACTIVE,F,CF,34,Netherlands,Twente
39046,Eredivisie,Calvin Stengs,EUR,37692.0,2450000.0,1960000.0,2026-07-28,2027-06-30,1.0,1960000.0,,ACTIVE,F,RW,27,Netherlands,AZ Alkmaar
39047,Eredivisie,Marc-André ter Stegen,EUR,37692.0,2450000.0,1960000.0,2026-08-04,2027-06-30,1.0,1960000.0,,LOAN,K,GK,34,Germany,Ajax
39048,Eredivisie,Daley Blind,EUR,37692.0,2450000.0,1960000.0,2026-07-08,2027-06-30,1.0,1960000.0,,ACTIVE,D,CB,36,Netherlands,Ajax
39049,Eredivisie,Ramiz Zerrouki,EUR,37692.0,2450000.0,1960000.0,2026-07-20,2030-06-30,4.0,7840000.0,,ACTIVE,M,DM,28,Algeria,Twente
39050,Eredivisie,Wesley Hoedt,EUR,30192.0,1960000.0,1570000.0,2026-08-31,2027-06-30,1.0,1570000.0,,ACTIVE,D,CB,32,Netherlands,AZ Alkmaar
39051,Eredivisie,Dusan Tadic,EUR,30192.0,1960000.0,1570000.0,2026-07-27,2028-06-30,2.0,3140000.0,,ACTIVE,F,AM,37,Serbia,NEC Nijmegen
39052,Eredivisie,Sven Mijnans,EUR,30000.0,1950000.0,1560000.0,2026-07-06,2031-06-30,5.0,7800000.0,,ACTIVE,F,AM,26,Netherlands,PSV
39053,Eredivisie,Yarek Gasiorowski,EUR,30000.0,1950000.0,1560000.0,2025-07-10,2030-06-30,4.0,6240000.0,,ACTIVE,D,CB,21,Spain,PSV
39054,Eredivisie,Sam Lammers,EUR,30000.0,1950000.0,1560000.0,2026-09-02,2028-06-30,2.0,3120000.0,,ACTIVE,F,CF,29,Netherlands,PSV
39055,Eredivisie,Oscar Gloukh,EUR,30000.0,1950000.0,1560000.0,2025-08-01,2030-06-30,4.0,6240000.0,,ACTIVE,F,AM,22,Israel,Ajax
39056,Eredivisie,Sem Steijn,EUR,28269.0,1840000.0,1470000.0,2025-07-01,2029-06-30,3.0,4410000.0,,ACTIVE,F,AM,24,Netherlands,Feyenoord
39057,Eredivisie,Owen Wijndal,EUR,27692.0,1800000.0,1440000.0,2022-07-12,2027-06-30,1.0,1440000.0,,ACTIVE,D,LB,26,Netherlands,Ajax
39058,Eredivisie,Perr Schuurs,EUR,26346.0,1950000.0,1370000.0,2026-07-01,2029-06-30,3.0,4110000.0,,ACTIVE,D,CB,26,Netherlands,NEC Nijmegen
39059,Eredivisie,Kevin Paredes,EUR,24423.0,1590000.0,1270000.0,2026-07-01,2027-06-30,1.0,1270000.0,,ACTIVE,M,LM,23,United States,Utrecht
39060,Eredivisie,Jakub Moder,EUR,22692.0,1480000.0,1180000.0,2025-01-20,2028-06-30,2.0,2360000.0,,ACTIVE,M,CM,27,Poland,Feyenoord
39061,Eredivisie,Ryan Flamingo,EUR,22692.0,1480000.0,1180000.0,2024-07-08,2029-06-30,3.0,3540000.0,,ACTIVE,D,CB,23,Netherlands,PSV
39062,Eredivisie,Matej Kovar,EUR,22692.0,1480000.0,1180000.0,2026-07-01,2030-06-30,4.0,4720000.0,,ACTIVE,K,GK,26,Czech Republic,PSV
39063,Eredivisie,Marko Pjaca,EUR,22692.0,1480000.0,1180000.0,2025-09-02,2027-06-30,1.0,1180000.0,,ACTIVE,F,LW,31,Croatia,Twente
39064,Eredivisie,Nacho Ferri,EUR,22692.0,1480000.0,1180000.0,2026-07-01,2030-06-30,4.0,4720000.0,,ACTIVE,F,CF,21,Spain,Feyenoord
39065,Eredivisie,Davy Klaassen,EUR,19615.0,1280000.0,1020000.0,2025-06-30,2027-06-30,1.0,1020000.0,,ACTIVE,M,CM,33,Netherlands,Ajax
39066,Eredivisie,Marius Broholm,EUR,18846.0,1230000.0,980000.0,2026-08-20,2027-06-30,1.0,980000.0,,LOAN,F,RW,21,Norway,Utrecht
39067,Eredivisie,Ahmetcan Kaplan,EUR,18846.0,1230000.0,980000.0,2026-08-20,2030-06-30,4.0,3920000.0,,ACTIVE,D,CB,23,Turkey,NEC Nijmegen
39068,Eredivisie,Kiliann Sildillia,EUR,18846.0,1230000.0,980000.0,2025-07-16,2030-06-30,4.0,3920000.0,,ACTIVE,D,RB,24,France,PSV
39069,Eredivisie,Javi López,EUR,18846.0,1230000.0,980000.0,2026-08-17,2027-06-30,1.0,980000.0,,LOAN,D,LB,24,Spain,Feyenoord
39070,Eredivisie,Tonny Vilhena,EUR,18846.0,1230000.0,980000.0,2026-08-26,2027-06-30,1.0,980000.0,,ACTIVE,M,CM,31,Netherlands,Willem II
39071,Eredivisie,Luciano Valente,EUR,18846.0,1270000.0,980000.0,2026-01-23,2030-06-30,4.0,3920000.0,,ACTIVE,F,AM,22,Netherlands,Feyenoord
39072,Eredivisie,Tjark Ernst,EUR,18846.0,1230000.0,980000.0,2026-07-16,2030-06-30,4.0,3920000.0,,ACTIVE,K,GK,23,Germany,Feyenoord
39073,Eredivisie,Tsuyoshi Watanabe,EUR,18846.0,1230000.0,980000.0,2025-07-23,2029-06-30,3.0,2940000.0,,ACTIVE,D,CB,29,Japan,Feyenoord
39074,Eredivisie,Sondre Ørjasæter,EUR,18846.0,1230000.0,980000.0,2026-08-24,2030-06-30,4.0,3920000.0,,ACTIVE,F,LW,22,Norway,Twente
39075,Eredivisie,Ivan Perisic,EUR,18846.0,1230000.0,980000.0,2025-06-27,2027-06-30,1.0,980000.0,,ACTIVE,F,RW,37,Croatia,PSV
39076,Eredivisie,Nordin Amrabat,EUR,18846.0,1230000.0,980000.0,2026-09-01,2027-06-30,1.0,980000.0,,ACTIVE,F,RW,39,Morocco,Utrecht
39077,Eredivisie,Gijs Smal,EUR,18846.0,1230000.0,980000.0,2024-07-01,2028-06-30,2.0,1960000.0,,ACTIVE,D,LB,29,Netherlands,Feyenoord
39078,Eredivisie,Bram Nuytinck,EUR,18846.0,1230000.0,980000.0,2026-06-18,2027-06-30,1.0,980000.0,,ACTIVE,D,CB,36,Netherlands,NEC Nijmegen
39079,Eredivisie,Mika Mármol,EUR,18846.0,1230000.0,980000.0,2026-07-01,2030-06-30,4.0,3920000.0,,ACTIVE,D,CB,25,Spain,Feyenoord
39080,Eredivisie,Chido Obi,EUR,17115.0,1020000.0,890000.0,2026-09-03,2027-06-30,1.0,890000.0,,LOAN,F,CF,18,Denmark,Willem II
39081,Eredivisie,Emre Mor,EUR,16923.0,1100000.0,880000.0,2026-07-20,2028-06-30,2.0,1760000.0,,ACTIVE,F,RW,29,Turkey,NEC Nijmegen
39082,Eredivisie,Oussama Targhalline,EUR,16923.0,1100000.0,880000.0,2025-02-04,2028-06-30,2.0,1760000.0,,ACTIVE,M,DM,24,Morocco,Feyenoord
39083,Eredivisie,Jamiro Monteiro,EUR,16923.0,1100000.0,880000.0,2026-07-13,2028-06-30,2.0,1760000.0,,ACTIVE,M,CM,32,Cape Verde,NEC Nijmegen
39084,Eredivisie,Dennis Geiger,EUR,16923.0,1100000.0,880000.0,2026-08-28,2028-06-30,2.0,1760000.0,,ACTIVE,M,CM,28,Germany,NEC Nijmegen
39085,Eredivisie,Denso Kasius,EUR,16923.0,1100000.0,880000.0,2025-12-09,2029-06-30,3.0,2640000.0,,ACTIVE,D,RB,23,Netherlands,AZ Alkmaar
39086,Eredivisie,Jordan Bos,EUR,16923.0,1100000.0,880000.0,2025-07-25,2029-06-30,3.0,2640000.0,,ACTIVE,D,LB,23,Australia,Feyenoord
39087,Eredivisie,Jeroen Zoet,EUR,16923.0,1100000.0,880000.0,2024-07-15,2027-06-30,1.0,880000.0,,ACTIVE,K,GK,35,Netherlands,AZ Alkmaar
39088,Eredivisie,Rayane Bounida,EUR,15192.0,990000.0,790000.0,2025-02-15,2028-06-30,2.0,1580000.0,,ACTIVE,F,AM,20,Morocco,Ajax
39089,Eredivisie,Willum Thór Willumsson,EUR,15000.0,980000.0,780000.0,2026-02-01,2028-06-30,2.0,1560000.0,,ACTIVE,F,AM,27,Iceland,NEC Nijmegen
39090,Eredivisie,Robin Pröpper,EUR,15000.0,980000.0,780000.0,2025-07-26,2029-06-30,3.0,2340000.0,,ACTIVE,D,CB,32,Netherlands,Twente
39091,Eredivisie,Jorthy Mokio,EUR,15000.0,980000.0,780000.0,2026-04-09,2031-06-30,5.0,3900000.0,,ACTIVE,M,DM,18,Democratic Republic of the Congo,Ajax
39092,Eredivisie,Adamo Nagalo,EUR,15000.0,980000.0,780000.0,2024-09-02,2029-06-30,3.0,2340000.0,,ACTIVE,D,CB,23,Burkina Faso,PSV
39093,Eredivisie,Almugera Kabar,EUR,15000.0,980000.0,780000.0,2026-08-14,2027-06-30,1.0,780000.0,,LOAN,D,CB,20,Germany,NEC Nijmegen
39094,Eredivisie,Kodai Sano,EUR,15000.0,980000.0,780000.0,2026-08-08,2031-06-30,5.0,3900000.0,,ACTIVE,M,DM,22,Japan,PSV
39095,Eredivisie,Jakov Medic,EUR,15000.0,980000.0,780000.0,2026-09-01,2027-06-30,1.0,780000.0,,LOAN,D,CB,27,Croatia,Utrecht
39096,Eredivisie,Jizz Hornkamp,EUR,15000.0,980000.0,780000.0,2026-01-02,2030-06-30,4.0,3120000.0,,ACTIVE,F,CF,28,Netherlands,AZ Alkmaar
39097,Eredivisie,Mauro Júnior,EUR,15000.0,980000.0,780000.0,2025-04-22,2029-06-30,3.0,2340000.0,,ACTIVE,D,LB,27,Brazil,PSV
39098,Eredivisie,Seiya Maikuma,EUR,15000.0,980000.0,780000.0,2024-07-01,2028-06-30,2.0,1560000.0,,ACTIVE,D,RB,28,Japan,AZ Alkmaar
39099,Eredivisie,Thomas Beelen,EUR,15000.0,980000.0,780000.0,2024-07-24,2028-06-30,2.0,1560000.0,,ACTIVE,D,CB,25,Netherlands,Feyenoord
39100,Eredivisie,Noah Fernandez,EUR,15000.0,980000.0,780000.0,2026-02-26,2030-06-30,4.0,3120000.0,,ACTIVE,M,CM,18,Belgium,PSV
39101,Eredivisie,Mats Deijl,EUR,15000.0,980000.0,780000.0,2026-01-24,2028-06-30,2.0,1560000.0,,ACTIVE,D,RB,29,Netherlands,Feyenoord
39102,Eredivisie,Ruben van Bommel,EUR,15000.0,980000.0,780000.0,2025-07-11,2030-06-30,4.0,3120000.0,,ACTIVE,F,LW,22,Netherlands,PSV
39103,Eredivisie,Gonçalo Borges,EUR,15000.0,980000.0,780000.0,2025-07-20,2029-06-30,3.0,2340000.0,,ACTIVE,F,RW,25,Portugal,Feyenoord
39104,Eredivisie,Gjivai Zechiël,EUR,15000.0,980000.0,780000.0,2026-09-17,2029-06-30,3.0,2340000.0,,ACTIVE,M,CM,22,Netherlands,Feyenoord
39105,Eredivisie,Givairo Read,EUR,15000.0,980000.0,780000.0,2025-04-17,2029-06-30,3.0,2340000.0,,ACTIVE,D,RB,20,Netherlands,Feyenoord
39106,Eredivisie,Florian Kastenmeier,EUR,15000.0,980000.0,780000.0,2026-09-01,2027-06-30,1.0,780000.0,,ACTIVE,K,GK,29,Germany,Feyenoord
39107,Eredivisie,Sami Ouaissa,EUR,15000.0,980000.0,780000.0,2026-09-01,2031-06-30,5.0,3900000.0,,ACTIVE,F,RW,21,Netherlands,PSV
39108,Eredivisie,Anis Hadj Moussa,EUR,15000.0,980000.0,780000.0,2025-07-31,2030-06-30,4.0,3120000.0,,ACTIVE,F,RW,24,Algeria,Feyenoord
39109,Eredivisie,Noah Ohio,EUR,15000.0,980000.0,780000.0,2024-07-08,2027-06-30,1.0,780000.0,,ACTIVE,F,CF,23,Netherlands,Utrecht
39110,Eredivisie,Mateo Chávez,EUR,13269.0,860000.0,690000.0,2025-07-01,2030-06-30,4.0,2760000.0,,ACTIVE,D,LB,22,Mexico,AZ Alkmaar
39111,Eredivisie,Weslley Patati,EUR,13269.0,860000.0,690000.0,2025-08-28,2030-06-30,4.0,2760000.0,,ACTIVE,F,RW,22,Brazil,AZ Alkmaar
39112,Eredivisie,Wouter Goes,EUR,13269.0,860000.0,690000.0,2026-08-04,2030-06-30,4.0,2760000.0,,ACTIVE,D,CB,22,Netherlands,AZ Alkmaar
39113,Eredivisie,Jaden Slory,EUR,13269.0,860000.0,690000.0,2026-07-07,2027-06-30,1.0,690000.0,,LOAN,F,LW,21,Netherlands,Willem II
39114,Eredivisie,Bart van Rooij,EUR,13269.0,860000.0,690000.0,2024-08-23,2028-06-30,2.0,1380000.0,,ACTIVE,D,RB,25,Netherlands,Twente
39115,Eredivisie,Peer Koopmeiners,EUR,13269.0,860000.0,690000.0,2026-08-11,2029-06-30,3.0,2070000.0,,ACTIVE,M,DM,26,Netherlands,AZ Alkmaar
39116,Eredivisie,Yoann Cathline,EUR,13269.0,860000.0,690000.0,2026-01-20,2029-06-30,3.0,2070000.0,,ACTIVE,F,LW,24,France,Utrecht
39117,Eredivisie,Joris van Overeem,EUR,13269.0,860000.0,690000.0,2026-07-20,2028-06-30,2.0,1380000.0,,ACTIVE,M,DM,32,Netherlands,Utrecht
39118,Eredivisie,Jordy Clasie,EUR,13269.0,860000.0,690000.0,2025-01-17,2028-06-30,2.0,1380000.0,,ACTIVE,M,DM,35,Netherlands,AZ Alkmaar
39119,Eredivisie,Hidde ter Avest,EUR,13269.0,860000.0,690000.0,2026-07-28,2027-06-30,1.0,690000.0,,ACTIVE,D,RB,29,Netherlands,Willem II
39120,Eredivisie,Dani de Wit,EUR,13269.0,860000.0,690000.0,2025-07-01,2028-06-30,2.0,1380000.0,,ACTIVE,F,AM,28,Netherlands,Utrecht
39121,Eredivisie,Gaoussou Diarra,EUR,13269.0,860000.0,690000.0,2025-07-04,2029-06-30,3.0,2070000.0,,ACTIVE,F,LW,23,Mali,Feyenoord
39122,Eredivisie,Dies Janse,EUR,13269.0,860000.0,690000.0,2026-09-16,2030-06-30,4.0,2760000.0,,ACTIVE,D,CB,20,Netherlands,Ajax
39123,Eredivisie,Nick Olij,EUR,13269.0,860000.0,690000.0,2025-07-01,2029-06-30,3.0,2070000.0,,ACTIVE,K,GK,31,Netherlands,PSV
39124,Eredivisie,Youri Baas,EUR,13077.0,850000.0,680000.0,2024-12-20,2028-06-30,2.0,1360000.0,,ACTIVE,D,CB,23,Netherlands,Ajax
39125,Eredivisie,Edouard Michut,EUR,13077.0,850000.0,680000.0,2024-11-05,2027-06-30,1.0,680000.0,,ACTIVE,M,CM,23,France,Fortuna Sittard
39126,Eredivisie,Rion Ichihara,EUR,12500.0,810000.0,650000.0,2026-01-31,2031-06-30,5.0,3250000.0,,ACTIVE,D,CB,21,Japan,AZ Alkmaar
39127,Eredivisie,Shunsuke Mito,EUR,12115.0,790000.0,630000.0,2024-01-01,2028-06-30,2.0,1260000.0,,ACTIVE,F,AM,23,Japan,Sparta Rotterdam
39128,Eredivisie,Justin Hubner,EUR,12115.0,790000.0,630000.0,2025-07-29,2028-06-30,2.0,1260000.0,,ACTIVE,D,CB,22,Indonesia,Fortuna Sittard
39129,Eredivisie,Adrian Blake,EUR,12115.0,790000.0,630000.0,2024-07-01,2027-06-30,1.0,630000.0,,ACTIVE,F,LW,21,England,Utrecht
39130,Eredivisie,Casper Terho,EUR,11538.0,750000.0,600000.0,2026-07-01,2030-06-30,4.0,2400000.0,,ACTIVE,F,RW,23,Finland,Sparta Rotterdam
39131,Eredivisie,Bruno Martins Indi,EUR,11538.0,750000.0,600000.0,2025-07-15,2027-06-30,1.0,600000.0,,ACTIVE,D,CB,34,Netherlands,Sparta Rotterdam
39132,Eredivisie,Ole Romeny,EUR,11346.0,740000.0,590000.0,2026-07-11,2027-06-30,1.0,590000.0,,LOAN,F,CF,26,Indonesia,Fortuna Sittard
39133,Eredivisie,Siebe Horemans,EUR,11346.0,740000.0,590000.0,2025-09-08,2028-06-30,2.0,1180000.0,,ACTIVE,D,RB,28,Belgium,Utrecht
39134,Eredivisie,Daryl van Mieghem,EUR,11346.0,740000.0,590000.0,2026-05-23,2027-06-30,1.0,590000.0,,ACTIVE,F,RW,36,Netherlands,ADO Den Haag
39135,Eredivisie,Armando Obispo,EUR,11346.0,740000.0,590000.0,2024-12-20,2027-06-30,1.0,590000.0,,ACTIVE,D,CB,27,Curacao,PSV
39136,Eredivisie,Mohamed Ihattaren,EUR,11346.0,740000.0,590000.0,2026-03-31,2027-06-30,1.0,590000.0,,ACTIVE,F,AM,24,Morocco,Fortuna Sittard
39137,Eredivisie,Iván Márquez,EUR,11346.0,740000.0,590000.0,2025-08-01,2028-06-30,2.0,1180000.0,,ACTIVE,D,CB,32,Spain,Fortuna Sittard
39138,Eredivisie,Jari De Busser,EUR,11346.0,740000.0,590000.0,2026-07-01,2031-06-30,5.0,2950000.0,,ACTIVE,K,GK,26,Belgium,AZ Alkmaar
39139,Eredivisie,Tjaronn Chery,EUR,11346.0,740000.0,590000.0,2025-07-01,2028-06-30,2.0,1180000.0,,ACTIVE,F,AM,38,Suriname,NEC Nijmegen
39140,Eredivisie,Kristian Hlynsson,EUR,11346.0,740000.0,590000.0,2025-07-08,2029-06-30,3.0,1770000.0,,ACTIVE,F,AM,22,Iceland,Twente
39141,Eredivisie,Ayoni Santos,EUR,11346.0,740000.0,590000.0,2026-09-02,2031-06-30,5.0,2950000.0,,ACTIVE,F,LW,21,Cape Verde,PSV
39142,Eredivisie,Anton Gaaei,EUR,11154.0,730000.0,580000.0,2023-08-17,2028-06-30,2.0,1160000.0,,ACTIVE,D,RB,23,Denmark,Ajax
39143,Eredivisie,Maarten Paes,EUR,11154.0,730000.0,580000.0,2026-02-02,2029-06-30,3.0,1740000.0,,ACTIVE,K,GK,28,Indonesia,Ajax
39144,Eredivisie,Philippe Sandler,EUR,11154.0,730000.0,580000.0,2024-08-30,2029-06-30,3.0,1740000.0,,ACTIVE,D,CB,29,Netherlands,NEC Nijmegen
39145,Eredivisie,Oliver Valaker Edvardsen,EUR,11154.0,730000.0,580000.0,2025-01-31,2028-06-30,2.0,1160000.0,,ACTIVE,F,LW,27,Norway,Ajax
39146,Eredivisie,Bart Nieuwkoop,EUR,11154.0,730000.0,580000.0,2023-08-10,2027-06-30,1.0,580000.0,,ACTIVE,D,RB,30,Netherlands,Feyenoord
39147,Eredivisie,Marko Farji,EUR,9423.0,610000.0,490000.0,2026-09-01,2030-06-30,4.0,1960000.0,,ACTIVE,F,LW,22,Iraq,Heerenveen
39148,Eredivisie,Pelle Clement,EUR,9423.0,610000.0,490000.0,2026-07-01,2028-06-30,2.0,980000.0,,ACTIVE,M,CM,30,Netherlands,Groningen
39149,Eredivisie,Artem Stepanov,EUR,9423.0,610000.0,490000.0,2026-04-17,2027-06-30,1.0,490000.0,,LOAN,F,CF,19,Ukraine,Utrecht
39150,Eredivisie,Arthur Zagré,EUR,9423.0,610000.0,490000.0,2026-07-11,2029-06-30,3.0,1470000.0,,ACTIVE,D,LB,24,Burkina Faso,Utrecht
39151,Eredivisie,Jacob Ondrejka,EUR,9423.0,610000.0,490000.0,2026-08-14,2027-06-30,1.0,490000.0,,LOAN,F,LW,24,Sweden,Groningen
39152,Eredivisie,Eric da Silva Moreira,EUR,9423.0,610000.0,490000.0,2026-08-26,2027-06-30,1.0,490000.0,,LOAN,D,RB,20,Germany,Excelsior
39153,Eredivisie,Vasilios Barkas,EUR,9423.0,610000.0,490000.0,2025-04-11,2028-06-30,2.0,980000.0,,ACTIVE,K,GK,32,Greece,Utrecht
39154,Eredivisie,Vito van Crooij,EUR,9423.0,610000.0,490000.0,2026-09-01,2027-06-30,1.0,490000.0,,ACTIVE,F,AM,30,Netherlands,Willem II
39155,Eredivisie,Aske Adelgaard,EUR,9423.0,610000.0,490000.0,2026-07-01,2030-06-30,4.0,1960000.0,,ACTIVE,D,LB,22,Denmark,Twente
39156,Eredivisie,Mitchell van Bergen,EUR,9423.0,610000.0,490000.0,2025-08-18,2029-06-30,3.0,1470000.0,,ACTIVE,F,RW,27,Netherlands,Sparta Rotterdam
39157,Eredivisie,Devin Haen,EUR,9423.0,610000.0,490000.0,2025-07-03,2028-06-30,2.0,980000.0,,ACTIVE,F,CF,22,Netherlands,Willem II
39158,Eredivisie,Bas Kuipers,EUR,9423.0,610000.0,490000.0,2026-07-01,2028-06-30,2.0,980000.0,,ACTIVE,D,LB,32,Netherlands,Sparta Rotterdam
39159,Eredivisie,Younes Namli,EUR,9423.0,610000.0,490000.0,2026-01-06,2028-06-30,2.0,980000.0,,ACTIVE,F,RW,32,Denmark,PEC Zwolle
39160,Eredivisie,Simon Graves,EUR,9423.0,610000.0,490000.0,2025-07-01,2028-06-30,2.0,980000.0,,ACTIVE,D,CB,27,Denmark,PEC Zwolle
39161,Eredivisie,Joël Drommel,EUR,9423.0,610000.0,490000.0,2026-08-04,2030-06-30,4.0,1960000.0,,ACTIVE,K,GK,29,Netherlands,Twente
39162,Eredivisie,Koen Kostons,EUR,9423.0,610000.0,490000.0,2025-07-17,2029-06-30,3.0,1470000.0,,ACTIVE,F,CF,26,Netherlands,PEC Zwolle
39163,Eredivisie,Filip Krastev,EUR,9423.0,610000.0,490000.0,2026-09-02,2027-06-30,1.0,490000.0,,LOAN,F,AM,24,Bulgaria,PEC Zwolle
39164,Eredivisie,Tobias Storm,EUR,9423.0,610000.0,490000.0,2026-07-01,2030-06-30,4.0,1960000.0,,ACTIVE,D,CB,22,Denmark,NEC Nijmegen
39165,Eredivisie,Maxim Dekker,EUR,9423.0,610000.0,490000.0,2026-09-02,2029-06-30,3.0,1470000.0,,ACTIVE,D,CB,22,Netherlands,Willem II
39166,Eredivisie,Naci Ünüvar,EUR,9423.0,610000.0,490000.0,2025-01-16,2028-06-30,2.0,980000.0,,ACTIVE,F,LW,23,Turkey,Twente
39167,Eredivisie,Abdellah Ouazane,EUR,9423.0,610000.0,490000.0,2025-08-04,2028-06-30,2.0,980000.0,,ACTIVE,F,AM,17,Morocco,Ajax
39168,Eredivisie,Valdemar Byskov,EUR,9423.0,610000.0,490000.0,2026-08-31,2031-06-30,5.0,2450000.0,,ACTIVE,M,CM,21,Denmark,AZ Alkmaar
39169,Eredivisie,Stije Resink,EUR,9423.0,610000.0,490000.0,2026-08-18,2031-06-30,5.0,2450000.0,,ACTIVE,M,DM,23,Netherlands,AZ Alkmaar
39170,Eredivisie,Calvin Twigt,EUR,9423.0,610000.0,490000.0,2026-08-17,2030-06-30,4.0,1960000.0,,ACTIVE,M,DM,23,Netherlands,Willem II
39171,Eredivisie,Lucas Rosa,EUR,9423.0,610000.0,490000.0,2025-02-04,2029-06-30,3.0,1470000.0,,ACTIVE,D,RB,26,Brazil,Ajax
39172,Eredivisie,Deveron Fonville,EUR,9423.0,610000.0,490000.0,2026-09-15,2030-06-30,4.0,1960000.0,,ACTIVE,D,CB,23,Curacao,NEC Nijmegen
39173,Eredivisie,Vasilios Zagaritis,EUR,9423.0,610000.0,490000.0,2025-07-01,2028-06-30,2.0,980000.0,,ACTIVE,D,LB,25,Greece,Heerenveen
39174,Eredivisie,Roberts Uldrikis,EUR,9423.0,610000.0,490000.0,2026-09-02,2027-06-30,1.0,490000.0,,ACTIVE,F,CF,28,Latvia,Heerenveen
39175,Eredivisie,Mees Hilgers,EUR,9423.0,610000.0,490000.0,2026-08-31,2028-06-30,2.0,980000.0,,ACTIVE,D,CB,25,Indonesia,Heerenveen
39176,Eredivisie,Maxence Rivera,EUR,9423.0,610000.0,490000.0,2025-07-01,2028-06-30,2.0,980000.0,,ACTIVE,F,LW,24,France,Heerenveen
39177,Eredivisie,Dave Kwakman,EUR,9423.0,610000.0,490000.0,2024-07-01,2029-06-30,3.0,1470000.0,,ACTIVE,M,CM,22,Netherlands,AZ Alkmaar
39178,Eredivisie,Matej Sin,EUR,9423.0,610000.0,490000.0,2026-08-31,2027-06-30,1.0,490000.0,,LOAN,F,AM,22,Czech Republic,ADO Den Haag
39179,Eredivisie,Younes Taha,EUR,9423.0,610000.0,490000.0,2026-08-31,2029-06-30,3.0,1470000.0,,ACTIVE,F,RW,23,Morocco,Twente
39180,Eredivisie,Dylan Vente,EUR,9423.0,610000.0,490000.0,2025-07-01,2029-06-30,3.0,1470000.0,,ACTIVE,F,CF,27,Suriname,Heerenveen
39181,Eredivisie,Dirk Proper,EUR,9423.0,610000.0,490000.0,2026-07-28,2030-06-30,4.0,1960000.0,,ACTIVE,M,DM,24,Netherlands,Heerenveen
39182,Eredivisie,Lewis Schouten,EUR,9423.0,610000.0,490000.0,2022-04-21,2028-06-30,2.0,980000.0,,ACTIVE,D,CB,22,Netherlands,AZ Alkmaar
39183,Eredivisie,Matteo Waem,EUR,9423.0,610000.0,490000.0,2026-03-06,2028-06-30,2.0,980000.0,,ACTIVE,D,CB,26,Belgium,ADO Den Haag
39184,Eredivisie,Ryan Thomas,EUR,9231.0,600000.0,480000.0,2026-04-29,2028-06-30,2.0,960000.0,,ACTIVE,M,DM,31,New Zealand,PEC Zwolle
39185,Eredivisie,Ibrahim Cissoko,EUR,8654.0,560000.0,450000.0,2026-07-22,2030-06-30,4.0,1800000.0,,ACTIVE,F,LW,23,Guinea,PEC Zwolle
39186,Eredivisie,Joeri Heerkens,EUR,7692.0,500000.0,400000.0,2025-07-28,2030-06-30,4.0,1600000.0,,ACTIVE,K,GK,20,Netherlands,Ajax
39187,Eredivisie,Nick Viergever,EUR,7692.0,500000.0,400000.0,2026-07-01,2027-06-30,1.0,400000.0,,ACTIVE,D,CB,37,Netherlands,PEC Zwolle
39188,Eredivisie,Oskar Zawada,EUR,7692.0,500000.0,400000.0,2025-07-11,2028-06-30,2.0,800000.0,,ACTIVE,F,CF,30,Poland,Groningen
39189,Eredivisie,Clement Bischoff,EUR,7692.0,500000.0,400000.0,2026-07-22,2027-06-30,1.0,400000.0,,LOAN,F,LW,20,Denmark,NEC Nijmegen
39190,Eredivisie,Jofre Torrents,EUR,7692.0,500000.0,400000.0,2026-08-17,2030-06-30,4.0,1600000.0,,ACTIVE,D,LB,19,Spain,Ajax
39191,Eredivisie,Jivayno Zinhagel,EUR,7692.0,500000.0,400000.0,2025-04-08,2028-06-30,2.0,800000.0,,ACTIVE,F,LW,17,Netherlands,Feyenoord
39192,Eredivisie,Ringo Meerveld,EUR,7692.0,500000.0,400000.0,2025-08-18,2029-06-30,3.0,1200000.0,,ACTIVE,F,AM,23,Netherlands,Heerenveen
39193,Eredivisie,Ilyes Hamache,EUR,7692.0,500000.0,400000.0,2026-07-01,2029-06-30,3.0,1200000.0,,ACTIVE,F,LW,23,France,Cambuur Leeuwarden
39194,Eredivisie,Andrea Natali,EUR,7692.0,500000.0,400000.0,2026-07-28,2031-06-30,5.0,2000000.0,,ACTIVE,D,CB,18,Italy,AZ Alkmaar
39195,Eredivisie,Elias Sørensen,EUR,7692.0,500000.0,400000.0,2026-07-01,2029-06-30,3.0,1200000.0,,ACTIVE,F,LW,26,Denmark,PEC Zwolle
39196,Eredivisie,Luca Oyen,EUR,7692.0,500000.0,400000.0,2026-01-05,2029-06-30,3.0,1200000.0,,ACTIVE,F,LW,23,Belgium,Heerenveen
39197,Eredivisie,Mattijs Branderhorst,EUR,7692.0,500000.0,400000.0,2025-07-01,2029-06-30,3.0,1200000.0,,ACTIVE,K,GK,32,Netherlands,Fortuna Sittard
39198,Eredivisie,Mexx Meerdink,EUR,7692.0,500000.0,400000.0,2025-04-17,2030-06-30,4.0,1600000.0,,ACTIVE,F,CF,23,Netherlands,AZ Alkmaar
39199,Eredivisie,Elijah Dijkstra,EUR,7692.0,500000.0,400000.0,2024-08-05,2029-06-30,3.0,1200000.0,,ACTIVE,D,RB,20,Netherlands,AZ Alkmaar
39200,Eredivisie,Aaron Bouwman,EUR,7692.0,500000.0,400000.0,2025-12-15,2030-06-30,4.0,1600000.0,,ACTIVE,D,CB,19,Netherlands,Ajax
39201,Eredivisie,Tobias van den Elshout,EUR,7692.0,500000.0,400000.0,2026-03-13,2029-06-30,3.0,1200000.0,,ACTIVE,F,AM,19,Netherlands,Feyenoord
39202,Eredivisie,Jasper Dahlhaus,EUR,7692.0,500000.0,400000.0,2025-11-03,2028-06-30,2.0,800000.0,,ACTIVE,D,LB,24,Netherlands,Fortuna Sittard
39203,Eredivisie,Victor Jensen,EUR,7692.0,500000.0,400000.0,2025-12-18,2027-06-30,1.0,400000.0,,ACTIVE,F,AM,26,Denmark,Utrecht
39204,Eredivisie,Tijme Wessels,EUR,7692.0,500000.0,400000.0,2026-08-18,2029-06-30,3.0,1200000.0,,ACTIVE,D,CB,19,Netherlands,Feyenoord
39205,Eredivisie,Kjetil Haug,EUR,7692.0,500000.0,400000.0,2026-07-01,2029-06-30,3.0,1200000.0,,ACTIVE,K,GK,28,Norway,Go Ahead Eagles
39206,Eredivisie,Mathieu Maertens,EUR,7692.0,500000.0,400000.0,2026-08-21,2027-06-30,1.0,400000.0,,ACTIVE,F,AM,31,Belgium,Cambuur Leeuwarden
39207,Eredivisie,Filip Bednarek,EUR,7500.0,490000.0,390000.0,2025-07-01,2027-06-30,1.0,390000.0,,ACTIVE,K,GK,33,Poland,Sparta Rotterdam
39208,Eredivisie,Mikkel Bro Hansen,EUR,7500.0,490000.0,390000.0,2026-09-02,2029-06-30,3.0,1170000.0,,ACTIVE,F,CF,17,Denmark,PSV
39209,Eredivisie,Kasey Bos,EUR,7500.0,490000.0,390000.0,2026-07-01,2027-06-30,1.0,390000.0,,LOAN,D,LB,22,Australia,Excelsior
39210,Eredivisie,Tygo Land,EUR,7500.0,490000.0,390000.0,2025-08-28,2027-06-30,1.0,390000.0,,LOAN,M,CM,20,Netherlands,Groningen
39211,Eredivisie,Isak Hansen-Aarøen,EUR,7500.0,490000.0,390000.0,2026-02-01,2027-06-30,1.0,390000.0,,ACTIVE,M,CM,22,Norway,NEC Nijmegen
39212,Eredivisie,Isaac Babadi,EUR,7500.0,490000.0,390000.0,2026-09-02,2027-06-30,1.0,390000.0,,LOAN,F,AM,21,Netherlands,Sparta Rotterdam
39213,Eredivisie,Gonzalo Crettaz,EUR,7500.0,490000.0,390000.0,2025-07-01,2028-06-30,2.0,780000.0,,ACTIVE,K,GK,26,Spain,NEC Nijmegen
39214,Eredivisie,Michael Brouwer,EUR,7500.0,490000.0,390000.0,2026-09-01,2028-06-30,2.0,780000.0,,ACTIVE,K,GK,33,Netherlands,Sparta Rotterdam
39215,Eredivisie,Nathan Tjoe-A-On,EUR,7500.0,490000.0,390000.0,2025-07-21,2027-06-30,1.0,390000.0,,ACTIVE,D,LB,24,Indonesia,Willem II
39216,Eredivisie,Valentin Sulzbacher,EUR,7500.0,490000.0,390000.0,2026-07-27,2029-06-30,3.0,1170000.0,,ACTIVE,M,CM,21,Austria,Excelsior
39217,Eredivisie,Guus Offerhaus,EUR,7500.0,490000.0,390000.0,2026-07-01,2029-06-30,3.0,1170000.0,,ACTIVE,D,CB,25,Netherlands,Utrecht
39218,Eredivisie,Sydney van Hooijdonk,EUR,7500.0,490000.0,390000.0,2026-09-01,2027-06-30,1.0,390000.0,,LOAN,F,CF,26,Netherlands,PEC Zwolle
39219,Eredivisie,Tijn Smolenaars,EUR,7500.0,490000.0,390000.0,2026-01-30,2028-06-30,2.0,780000.0,,ACTIVE,K,GK,21,Netherlands,PSV
39220,Eredivisie,Ángel Alarcón,EUR,7500.0,490000.0,390000.0,2026-07-01,2029-06-30,3.0,1170000.0,,ACTIVE,F,RW,22,Spain,Utrecht
39221,Eredivisie,Esmir Bajraktarevic,EUR,7500.0,490000.0,390000.0,2025-01-02,2029-06-30,3.0,1170000.0,,ACTIVE,F,RW,21,Bosnia-Herzegovina,PSV
39222,Eredivisie,Fabian Merién,EUR,7500.0,490000.0,390000.0,2025-08-26,2028-06-30,2.0,780000.0,,ACTIVE,D,CB,17,Netherlands,PSV
39223,Eredivisie,Finn Stam,EUR,7500.0,490000.0,390000.0,2026-07-01,2029-06-30,3.0,1170000.0,,ACTIVE,D,CB,23,Netherlands,Willem II
39224,Eredivisie,Jacob Trenskow,EUR,6923.0,450000.0,360000.0,2024-08-09,2028-06-30,2.0,720000.0,,ACTIVE,F,RW,25,Denmark,Heerenveen
39225,Eredivisie,Lars Unnerstall,EUR,6923.0,450000.0,360000.0,2023-07-31,2027-06-30,1.0,360000.0,,ACTIVE,K,GK,36,Germany,Twente
39226,Eredivisie,Andries Noppert,EUR,6923.0,450000.0,360000.0,2023-09-01,2027-06-30,1.0,360000.0,,ACTIVE,K,GK,32,Netherlands,Heerenveen
39227,Eredivisie,Daan Rots,EUR,6923.0,450000.0,360000.0,2025-02-06,2027-06-30,1.0,360000.0,,ACTIVE,F,RW,25,Netherlands,Twente
39228,Eredivisie,Ivo Pinto,EUR,6731.0,440000.0,350000.0,2025-11-08,2027-06-30,1.0,350000.0,,ACTIVE,D,RB,36,Portugal,Fortuna Sittard
39229,Eredivisie,Alireza Jahanbakhsh,EUR,6731.0,440000.0,350000.0,2026-08-10,2027-06-30,1.0,350000.0,,ACTIVE,F,RW,33,Iran,Excelsior
39230,Eredivisie,Nikolas Panagiotou,EUR,6731.0,440000.0,350000.0,2026-09-02,2029-06-30,3.0,1050000.0,,ACTIVE,D,CB,26,Cyprus,Utrecht
39231,Eredivisie,Jan Zamburek,EUR,6731.0,440000.0,350000.0,2026-07-14,2029-06-30,3.0,1050000.0,,ACTIVE,M,CM,25,Czech Republic,ADO Den Haag
39232,Eredivisie,Niklas Vesterlund,EUR,6731.0,440000.0,350000.0,2024-01-31,2027-06-30,1.0,350000.0,,ACTIVE,D,RB,27,Denmark,Utrecht
39233,Eredivisie,Devid Eugene Bouah,EUR,6731.0,440000.0,350000.0,2026-08-17,2028-06-30,2.0,700000.0,,ACTIVE,M,RM,25,Italy,Cambuur Leeuwarden
39234,Eredivisie,Rome-Jayden Owusu-Oduro,EUR,6731.0,440000.0,350000.0,2025-07-02,2030-06-30,4.0,1400000.0,,ACTIVE,K,GK,22,Netherlands,AZ Alkmaar
39235,Eredivisie,Kristoffer Peterson,EUR,6731.0,440000.0,350000.0,2025-11-28,2028-06-30,2.0,700000.0,,ACTIVE,F,LW,31,Sweden,Fortuna Sittard
39236,Eredivisie,Mees de Wit,EUR,6731.0,440000.0,350000.0,2025-05-27,2029-06-30,3.0,1050000.0,,ACTIVE,D,LB,28,Netherlands,AZ Alkmaar
39237,Eredivisie,Malcolm Jeng,EUR,6731.0,440000.0,350000.0,2026-07-30,2027-06-30,1.0,350000.0,,LOAN,D,CB,21,Sweden,Groningen
39238,Eredivisie,Márk Csinger,EUR,6731.0,440000.0,350000.0,2026-08-14,2030-06-30,4.0,1400000.0,,ACTIVE,D,CB,23,Hungary,Groningen
39239,Eredivisie,Thomas Didillon,EUR,6731.0,440000.0,350000.0,2026-06-18,2028-06-30,2.0,700000.0,,ACTIVE,K,GK,30,France,Willem II
39240,Eredivisie,Sherel Floranus,EUR,6731.0,440000.0,350000.0,2024-08-26,2027-06-30,1.0,350000.0,,ACTIVE,D,LB,28,Curacao,PEC Zwolle
39241,Eredivisie,Tobias Sommer,EUR,6731.0,440000.0,350000.0,2026-07-09,2029-06-30,3.0,1050000.0,,ACTIVE,M,CM,24,Denmark,PEC Zwolle
39242,Eredivisie,Robin van Cruijsen,EUR,6731.0,440000.0,350000.0,2026-07-30,2030-06-30,4.0,1400000.0,,ACTIVE,F,AM,20,Netherlands,Sparta Rotterdam
39243,Eredivisie,Rodrigo Guth,EUR,6346.0,410000.0,330000.0,2026-08-19,2027-06-30,1.0,330000.0,,LOAN,D,CB,25,Brazil,Fortuna Sittard
39244,Eredivisie,Rafik El Arguioui,EUR,5769.0,380000.0,300000.0,2026-07-31,2027-06-30,1.0,300000.0,,LOAN,F,AM,21,Morocco,Cambuur Leeuwarden
39245,Eredivisie,Cedric Hatenboer,EUR,5769.0,380000.0,300000.0,2026-08-31,2030-06-30,4.0,1200000.0,,ACTIVE,M,DM,21,Netherlands,Sparta Rotterdam
39246,Eredivisie,Stefán Ingi Sigurdarson,EUR,5769.0,380000.0,300000.0,2026-02-02,2030-06-30,4.0,1200000.0,,ACTIVE,F,CF,25,Iceland,Go Ahead Eagles
40817,MLS,Nathan Ordaz,EUR,,,,2026-07-13,2029-12-31,4.0,,,ACTIVE,F,CF,22,El Salvador,DC United
39247,Eredivisie,Thijmen Blokzijl,EUR,5769.0,380000.0,300000.0,2026-08-25,2028-06-30,2.0,600000.0,,ACTIVE,D,CB,21,Netherlands,Groningen
39248,Eredivisie,Melle Meulensteen,EUR,5769.0,380000.0,300000.0,2025-08-05,2029-06-30,3.0,900000.0,,ACTIVE,M,CM,27,Netherlands,Go Ahead Eagles
39249,Eredivisie,Andrej Kostić,EUR,5769.0,380000.0,300000.0,2026-08-19,2027-06-30,1.0,300000.0,,LOAN,F,CF,19,Montenegro,Sparta Rotterdam
39250,Eredivisie,Joris Kramer,EUR,5769.0,380000.0,300000.0,2026-08-19,2029-06-30,3.0,900000.0,,ACTIVE,D,CB,30,Netherlands,Go Ahead Eagles
39251,Eredivisie,Marcus Linday,EUR,5769.0,380000.0,300000.0,2025-01-01,2029-06-30,3.0,900000.0,,ACTIVE,M,CM,23,Sweden,Heerenveen
39252,Eredivisie,Miliano Jonathans,EUR,5769.0,380000.0,300000.0,2025-01-01,2028-06-30,2.0,600000.0,,ACTIVE,F,RW,22,Indonesia,Utrecht
39253,Eredivisie,Alfons Sampsted,EUR,5769.0,380000.0,300000.0,2026-01-24,2028-06-30,2.0,600000.0,,ACTIVE,D,RB,28,Iceland,Go Ahead Eagles
39254,Eredivisie,Thomas van den Belt,EUR,5769.0,380000.0,300000.0,2025-07-01,2029-06-30,3.0,900000.0,,ACTIVE,M,CM,25,Netherlands,Twente
39255,Eredivisie,Yassin Oukili,EUR,5769.0,380000.0,300000.0,2026-02-02,2028-06-30,2.0,600000.0,,ACTIVE,M,CM,25,Morocco,Fortuna Sittard
39256,Eredivisie,Syb van Ottele,EUR,5769.0,380000.0,300000.0,2024-07-13,2027-06-30,1.0,300000.0,,ACTIVE,D,CB,24,Netherlands,Fortuna Sittard
39257,Eredivisie,Sam Kersten,EUR,5769.0,380000.0,300000.0,2024-07-01,2027-06-30,1.0,300000.0,,ACTIVE,D,CB,28,Netherlands,Heerenveen
39258,Eredivisie,Stav Lemkin,EUR,5769.0,380000.0,300000.0,2025-07-01,2028-06-30,2.0,600000.0,,ACTIVE,D,CB,23,Israel,Twente
39259,Eredivisie,Sven Simons,EUR,5769.0,380000.0,300000.0,2026-07-01,2029-06-30,3.0,900000.0,,ACTIVE,M,CM,22,Netherlands,Fortuna Sittard
39260,Eredivisie,Ayoub Oufkir,EUR,5769.0,380000.0,300000.0,2026-01-01,2030-06-30,4.0,1200000.0,,ACTIVE,F,RW,20,Netherlands,AZ Alkmaar
39261,Eredivisie,Siebe Wylin,EUR,5769.0,380000.0,300000.0,2026-07-10,2028-06-30,2.0,600000.0,,ACTIVE,D,RB,23,Belgium,Fortuna Sittard
39262,Eredivisie,Darko Nejasmic,EUR,5769.0,380000.0,300000.0,2025-09-01,2027-06-30,1.0,300000.0,,ACTIVE,M,DM,27,Croatia,NEC Nijmegen
39263,Eredivisie,Philip Brittijn,EUR,5769.0,380000.0,300000.0,2025-07-01,2028-06-30,2.0,600000.0,,ACTIVE,M,CM,22,Netherlands,Fortuna Sittard
39264,Eredivisie,Luuk Koopmans,EUR,5769.0,380000.0,300000.0,2024-07-12,2027-06-30,1.0,300000.0,,ACTIVE,K,GK,32,Netherlands,Fortuna Sittard
39265,Eredivisie,Ruud Nijstad,EUR,5769.0,380000.0,300000.0,2026-06-17,2029-06-30,3.0,900000.0,,ACTIVE,D,CB,18,Netherlands,Twente
39266,Eredivisie,Ro-Zangelo Daal,EUR,5769.0,380000.0,300000.0,2025-07-01,2030-06-30,4.0,1200000.0,,ACTIVE,F,LW,22,Netherlands,AZ Alkmaar
39267,Eredivisie,Thijs Kraaijeveld,EUR,5769.0,380000.0,300000.0,2025-02-25,2028-06-30,2.0,600000.0,,ACTIVE,D,CB,19,Netherlands,Feyenoord
39268,Eredivisie,Shaqueel van Persie,EUR,5769.0,380000.0,300000.0,2025-01-09,2028-06-30,2.0,600000.0,,ACTIVE,F,CF,19,Netherlands,Feyenoord
39269,Eredivisie,Billy van Duijl,EUR,5769.0,380000.0,300000.0,2026-08-25,2027-06-30,1.0,300000.0,,LOAN,D,CB,20,Netherlands,Cambuur Leeuwarden
39270,Eredivisie,Yannick Eduardo,EUR,5769.0,380000.0,300000.0,2026-07-21,2027-06-30,1.0,300000.0,,LOAN,F,CF,20,Czech Republic,ADO Den Haag
39271,Eredivisie,Max Bruns,EUR,5769.0,380000.0,300000.0,2026-04-17,2029-06-30,3.0,900000.0,,ACTIVE,D,CB,23,Netherlands,Twente
39272,Eredivisie,Maxime Delanghe,EUR,5769.0,380000.0,300000.0,2026-09-01,2027-06-30,1.0,300000.0,,LOAN,K,GK,25,Belgium,Willem II
39273,Eredivisie,Liam Bossin,EUR,5769.0,380000.0,300000.0,2025-07-01,2027-06-30,1.0,300000.0,,ACTIVE,K,GK,30,Ireland,Feyenoord
39274,Eredivisie,Krzysztof Kurowski,EUR,5769.0,380000.0,300000.0,2026-07-01,2030-06-30,4.0,1200000.0,,ACTIVE,D,LB,20,Poland,Twente
39275,Eredivisie,Jordy Bawuah,EUR,5769.0,380000.0,300000.0,2026-08-31,2029-06-30,3.0,900000.0,,ACTIVE,M,DM,19,Belgium,Twente
39276,Eredivisie,Jason Ceka,EUR,5769.0,380000.0,300000.0,2026-09-02,2027-06-30,1.0,300000.0,,LOAN,F,RW,26,Germany,Cambuur Leeuwarden
39277,Eredivisie,Alessandro Ciranni,EUR,5769.0,380000.0,300000.0,2026-05-23,2027-06-30,1.0,300000.0,,ACTIVE,D,RB,30,Belgium,Willem II
39278,Eredivisie,Boyd Reith,EUR,5769.0,380000.0,300000.0,2024-07-01,2027-06-30,1.0,300000.0,,ACTIVE,D,RB,27,Netherlands,Sparta Rotterdam
39279,Eredivisie,Tomas Galvez,EUR,5769.0,380000.0,300000.0,2026-07-07,2030-06-30,4.0,1200000.0,,ACTIVE,D,LB,21,Finland,Go Ahead Eagles
39280,Eredivisie,Neville Ogidi Nwankwo,EUR,5769.0,380000.0,300000.0,2025-07-03,2027-06-30,1.0,300000.0,,ACTIVE,D,CB,23,Netherlands,Utrecht
39281,Eredivisie,Rick Meissen,EUR,5769.0,380000.0,300000.0,2025-08-04,2027-06-30,1.0,300000.0,,ACTIVE,D,CB,24,Netherlands,Excelsior
39282,Eredivisie,Ar'jany Martha,EUR,5769.0,380000.0,300000.0,2026-09-02,2027-06-30,1.0,300000.0,,LOAN,F,RW,23,Curacao,Telstar
39283,Eredivisie,Marvin Peersman,EUR,5769.0,380000.0,300000.0,2026-07-06,2028-06-30,2.0,600000.0,,ACTIVE,D,CB,35,Belgium,Telstar
39284,Eredivisie,Teo Quintero,EUR,5769.0,380000.0,300000.0,2024-07-01,2027-06-30,1.0,300000.0,,ACTIVE,D,CB,27,Venezuela,Sparta Rotterdam
39285,Eredivisie,Nökkvi Thórisson,EUR,5769.0,380000.0,300000.0,2026-08-29,2027-06-30,1.0,300000.0,,LOAN,F,CF,27,Iceland,Telstar
39286,Eredivisie,Rui Mendes,EUR,5769.0,380000.0,300000.0,2026-07-14,2028-06-30,2.0,600000.0,,ACTIVE,F,RW,26,Portugal,Telstar
39287,Eredivisie,Filip Thorvaldsen,EUR,5769.0,380000.0,300000.0,2026-08-11,2031-06-30,5.0,1500000.0,,ACTIVE,F,RW,20,Norway,Twente
39288,Eredivisie,Jens Toornstra,EUR,5769.0,380000.0,300000.0,2025-07-01,2027-06-30,1.0,300000.0,,ACTIVE,F,AM,37,Netherlands,Sparta Rotterdam
39289,Eredivisie,Aymen Sliti,EUR,5769.0,380000.0,300000.0,2026-08-04,2027-06-30,1.0,300000.0,,LOAN,F,RW,20,Netherlands,Excelsior
39290,Eredivisie,Davy van den Berg,EUR,5769.0,380000.0,300000.0,2025-07-01,2028-06-30,2.0,600000.0,,ACTIVE,M,CM,26,Netherlands,Utrecht
39291,Eredivisie,Etienne Vaessen,EUR,5769.0,380000.0,300000.0,2026-06-23,2029-06-30,3.0,900000.0,,ACTIVE,K,GK,31,Suriname,Groningen
39292,Eredivisie,Victor Edvardsen,EUR,5769.0,380000.0,300000.0,2025-06-08,2028-06-30,2.0,600000.0,,ACTIVE,F,AM,30,Sweden,Go Ahead Eagles
39293,Eredivisie,Noé Lebreton,EUR,5577.0,360000.0,290000.0,2025-08-30,2029-06-30,3.0,870000.0,,ACTIVE,F,AM,22,France,NEC Nijmegen
39294,Eredivisie,Evan Rottier,EUR,5577.0,360000.0,290000.0,2025-02-04,2027-06-30,1.0,290000.0,,ACTIVE,F,AM,24,Netherlands,ADO Den Haag
39295,Eredivisie,Sekou Sylla,EUR,5577.0,360000.0,290000.0,2025-12-08,2028-06-30,2.0,580000.0,,ACTIVE,D,LB,27,Guinea,ADO Den Haag
39296,Eredivisie,Tijs Velthuis,EUR,5577.0,360000.0,290000.0,2026-07-01,2029-06-30,3.0,870000.0,,ACTIVE,D,CB,24,Netherlands,PEC Zwolle
39297,Eredivisie,Pascal Mulder,EUR,5577.0,360000.0,290000.0,2026-02-03,2029-06-30,3.0,870000.0,,ACTIVE,D,CB,27,Netherlands,ADO Den Haag
39298,Eredivisie,Jalen Hawkins,EUR,5577.0,360000.0,290000.0,2026-02-03,2028-06-30,2.0,580000.0,,ACTIVE,F,RW,25,Germany,ADO Den Haag
39299,Eredivisie,Jonas Jensen-Abbew,EUR,5577.0,360000.0,290000.0,2026-08-26,2030-06-30,4.0,1160000.0,,ACTIVE,D,CB,24,Denmark,ADO Den Haag
39300,Eredivisie,Juho Kilo,EUR,5577.0,360000.0,290000.0,2026-07-21,2029-06-30,3.0,870000.0,,ACTIVE,M,CM,24,Finland,ADO Den Haag
39301,Eredivisie,Nigel Thomas,EUR,5577.0,360000.0,290000.0,2025-08-08,2027-06-30,1.0,290000.0,,ACTIVE,F,LW,25,Curacao,ADO Den Haag
39302,Eredivisie,Kees Smit,EUR,5577.0,360000.0,290000.0,2024-01-22,2028-06-30,2.0,580000.0,,ACTIVE,F,AM,20,Netherlands,AZ Alkmaar
39303,Eredivisie,Dylan Mbayo,EUR,5577.0,360000.0,290000.0,2026-01-19,2027-06-30,1.0,290000.0,,ACTIVE,F,RW,24,Belgium,PEC Zwolle
39304,Eredivisie,Remko Pasveer,EUR,5577.0,360000.0,290000.0,2026-07-02,2027-06-30,1.0,290000.0,,ACTIVE,K,GK,42,Netherlands,Twente
39305,Eredivisie,Kilian Nikièma,EUR,5577.0,360000.0,290000.0,2026-08-10,2030-06-30,4.0,1160000.0,,ACTIVE,K,GK,23,Burkina Faso,ADO Den Haag
39306,Eredivisie,Nikolas Polster,EUR,5577.0,360000.0,290000.0,2026-08-12,2030-06-30,4.0,1160000.0,,ACTIVE,K,GK,24,Austria,NEC Nijmegen
39307,Eredivisie,Marco Rente,EUR,4808.0,310000.0,250000.0,2023-07-01,2027-06-30,1.0,250000.0,,ACTIVE,D,RB,29,Germany,Groningen
39308,Eredivisie,Ferdinand Pohl,EUR,4615.0,300000.0,240000.0,2026-07-01,2029-06-30,3.0,720000.0,,ACTIVE,D,CB,19,Germany,Utrecht
39309,Eredivisie,Rik Mulders,EUR,4615.0,300000.0,240000.0,2025-07-23,2028-06-30,2.0,480000.0,,ACTIVE,D,RB,26,Netherlands,Cambuur Leeuwarden
39310,Eredivisie,David van der Werff,EUR,4615.0,300000.0,240000.0,2026-08-19,2030-06-30,4.0,960000.0,,ACTIVE,F,RW,22,Netherlands,Groningen
39311,Eredivisie,Fabian Kvam,EUR,4615.0,300000.0,240000.0,2026-01-21,2028-06-30,2.0,480000.0,,ACTIVE,F,LW,20,Norway,Cambuur Leeuwarden
39312,Eredivisie,Nick Verschuren,EUR,4615.0,300000.0,240000.0,2026-07-01,2030-06-30,4.0,960000.0,,ACTIVE,D,CB,21,Netherlands,Sparta Rotterdam
39313,Eredivisie,Oualid Agougil,EUR,4615.0,300000.0,240000.0,2026-06-04,2029-06-30,3.0,720000.0,,ACTIVE,M,DM,21,Morocco,Utrecht
39314,Eredivisie,Ismaël Baouf,EUR,4615.0,300000.0,240000.0,2025-08-12,2028-06-30,2.0,480000.0,,ACTIVE,D,CB,19,Morocco,Cambuur Leeuwarden
39315,Eredivisie,Justin Hoogma,EUR,4615.0,300000.0,240000.0,2025-07-01,2027-06-30,1.0,240000.0,,ACTIVE,D,CB,28,Netherlands,Willem II
39316,Eredivisie,Jan Bürger,EUR,4615.0,300000.0,240000.0,2026-08-14,2029-06-30,3.0,720000.0,,ACTIVE,D,RB,19,Germany,PEC Zwolle
39317,Eredivisie,Per Kloosterboer,EUR,4615.0,300000.0,240000.0,2026-07-01,2029-06-30,3.0,720000.0,,ACTIVE,D,CB,21,Netherlands,Utrecht
39318,Eredivisie,Jamal Amofa,EUR,4615.0,300000.0,240000.0,2025-07-01,2027-06-30,1.0,240000.0,,ACTIVE,D,CB,27,Netherlands,Cambuur Leeuwarden
39319,Eredivisie,Alwande Roaldsøy,EUR,4615.0,300000.0,240000.0,2026-01-20,2030-06-30,4.0,960000.0,,ACTIVE,M,CM,22,Norway,Sparta Rotterdam
39320,Eredivisie,Uriël van Aalst,EUR,4615.0,300000.0,240000.0,2025-05-06,2028-06-30,2.0,480000.0,,ACTIVE,F,AM,20,Netherlands,Willem II
39321,Eredivisie,Pelle Boevink,EUR,4615.0,300000.0,240000.0,2026-09-02,2027-06-30,1.0,240000.0,,ACTIVE,K,GK,28,Netherlands,Groningen
39322,Eredivisie,Thomas Verheydt,EUR,4615.0,300000.0,240000.0,2026-05-23,2027-06-30,1.0,240000.0,,ACTIVE,F,CF,34,Netherlands,Willem II
39323,Eredivisie,Luka Reischl,EUR,4615.0,300000.0,240000.0,2025-07-01,2028-06-30,2.0,480000.0,,ACTIVE,F,CF,22,Austria,ADO Den Haag
39324,Eredivisie,Thom van Bergen,EUR,4615.0,300000.0,240000.0,2025-12-24,2028-06-30,2.0,480000.0,,ACTIVE,F,AM,22,Netherlands,Groningen
39325,Eredivisie,Tika de Jonge,EUR,4615.0,300000.0,240000.0,2025-04-10,2028-06-30,2.0,480000.0,,ACTIVE,M,CM,23,Netherlands,Groningen
39326,Eredivisie,Nick Marsman,EUR,4615.0,300000.0,240000.0,2026-07-01,2027-06-30,1.0,240000.0,,ACTIVE,K,GK,35,Netherlands,Go Ahead Eagles
39327,Eredivisie,Alonzo Engwanda,EUR,4615.0,300000.0,240000.0,2024-07-01,2028-06-30,2.0,480000.0,,ACTIVE,M,DM,23,Belgium,Utrecht
39328,Eredivisie,Olivier Aertssen,EUR,4615.0,300000.0,240000.0,2024-08-26,2027-06-30,1.0,240000.0,,ACTIVE,D,RB,22,Netherlands,PEC Zwolle
39329,Eredivisie,Jorn Berkhout,EUR,4615.0,300000.0,240000.0,2025-07-01,2028-06-30,2.0,480000.0,,ACTIVE,D,CB,24,Netherlands,Cambuur Leeuwarden
39330,Eredivisie,Lanroy Machine,EUR,4615.0,300000.0,240000.0,2026-07-27,2027-06-30,1.0,240000.0,,LOAN,F,CF,20,France,Heerenveen
39331,Eredivisie,Matisse Didden,EUR,4615.0,300000.0,240000.0,2024-07-01,2028-06-30,2.0,480000.0,,ACTIVE,D,CB,24,Belgium,Utrecht
39332,Eredivisie,Jan Plug,EUR,4615.0,300000.0,240000.0,2026-07-13,2027-06-30,1.0,240000.0,,LOAN,D,CB,21,Netherlands,Excelsior
39333,Eredivisie,Evert Linthorst,EUR,4615.0,300000.0,240000.0,2025-05-29,2028-06-30,2.0,480000.0,,ACTIVE,M,DM,26,Netherlands,Go Ahead Eagles
39334,Eredivisie,Nicky Souren,EUR,4615.0,300000.0,240000.0,2024-07-01,2027-06-30,1.0,240000.0,,ACTIVE,M,DM,26,Curacao,Cambuur Leeuwarden
39335,Eredivisie,David Garden,EUR,4615.0,300000.0,240000.0,2026-07-08,2028-06-30,2.0,480000.0,,ACTIVE,F,CF,22,Netherlands,Excelsior
39336,Eredivisie,Othniël Raterink,EUR,4615.0,300000.0,240000.0,2026-08-12,2027-06-30,1.0,240000.0,,LOAN,D,RB,20,Netherlands,ADO Den Haag
39337,Eredivisie,Nicolas Binder,EUR,4615.0,300000.0,240000.0,2025-07-01,2027-06-30,1.0,240000.0,,ACTIVE,F,CF,24,Austria,Cambuur Leeuwarden
39338,Eredivisie,Julian Baas,EUR,4615.0,300000.0,240000.0,2024-07-01,2027-06-30,1.0,240000.0,,ACTIVE,M,CM,24,Netherlands,Sparta Rotterdam
39339,Eredivisie,Bryan Linssen,EUR,4615.0,300000.0,240000.0,2026-04-02,2028-06-30,2.0,480000.0,,ACTIVE,F,CF,35,Netherlands,NEC Nijmegen
39340,Eredivisie,Tino Jukic,EUR,4615.0,300000.0,240000.0,2026-08-27,2030-06-30,4.0,960000.0,,ACTIVE,D,CB,24,Croatia,Go Ahead Eagles
39341,Eredivisie,Kasper Boogaard,EUR,4615.0,300000.0,240000.0,2026-07-23,2027-06-30,1.0,240000.0,,LOAN,M,DM,20,Netherlands,Willem II
39342,Eredivisie,Thijs Jansen,EUR,4615.0,300000.0,240000.0,2024-07-19,2027-06-30,1.0,240000.0,,ACTIVE,K,GK,24,Netherlands,Cambuur Leeuwarden
39343,Eredivisie,Søren Tengstedt,EUR,4231.0,280000.0,220000.0,2024-01-27,2027-06-30,1.0,220000.0,,ACTIVE,F,RW,26,Denmark,Go Ahead Eagles
39344,Eredivisie,Gijs Besselink,EUR,3846.0,250000.0,200000.0,2025-08-14,2028-06-30,2.0,400000.0,,ACTIVE,M,CM,22,Netherlands,Twente
39345,Eredivisie,Niclas Thiede,EUR,3846.0,250000.0,200000.0,2026-07-15,2028-06-30,2.0,400000.0,,ACTIVE,K,GK,27,Germany,ADO Den Haag
39346,Eredivisie,Wouter Prins,EUR,3846.0,250000.0,200000.0,2025-11-21,2028-06-30,2.0,400000.0,,ACTIVE,D,LB,22,Netherlands,Groningen
39347,Eredivisie,Emirhan Demircan,EUR,3846.0,250000.0,200000.0,2026-07-21,2027-06-30,1.0,200000.0,,LOAN,F,LW,21,Turkey,Telstar
39348,Eredivisie,Adam Tahaui,EUR,3846.0,250000.0,200000.0,2026-07-07,2030-06-30,4.0,800000.0,,ACTIVE,F,RW,21,Morocco,NEC Nijmegen
39349,Eredivisie,Thijs Oosting,EUR,3846.0,250000.0,200000.0,2026-07-01,2029-06-30,3.0,600000.0,,ACTIVE,F,AM,26,Netherlands,PEC Zwolle
39350,Eredivisie,Kaylen Reitmaier,EUR,3846.0,250000.0,200000.0,2026-08-07,2027-06-30,1.0,200000.0,,ACTIVE,K,GK,22,Germany,Fortuna Sittard
39351,Eredivisie,Julius Dirksen,EUR,3846.0,250000.0,200000.0,2026-02-04,2029-06-30,3.0,600000.0,,ACTIVE,D,CB,23,Netherlands,Go Ahead Eagles
39352,Eredivisie,Mylian Jiménez,EUR,3846.0,250000.0,200000.0,2025-08-07,2028-06-30,2.0,400000.0,,ACTIVE,M,CM,23,Netherlands,ADO Den Haag
39353,Eredivisie,Anthony Descotte,EUR,3846.0,250000.0,200000.0,2026-07-21,2027-06-30,1.0,200000.0,,LOAN,F,CF,23,Belgium,Fortuna Sittard
39354,Eredivisie,Thibo Baeten,EUR,3846.0,250000.0,200000.0,2026-02-04,2029-06-30,3.0,600000.0,,ACTIVE,F,LW,24,Belgium,Go Ahead Eagles
39355,Eredivisie,Daouda Weidmann,EUR,3846.0,250000.0,200000.0,2025-09-01,2030-06-30,4.0,800000.0,,ACTIVE,M,CM,23,France,Twente
39356,Eredivisie,Gerrit Nauber,EUR,3846.0,250000.0,200000.0,2026-07-04,2027-06-30,1.0,200000.0,,ACTIVE,D,CB,34,Germany,Go Ahead Eagles
39357,Eredivisie,Nick de Groot,EUR,3846.0,250000.0,200000.0,2026-07-15,2029-06-30,3.0,600000.0,,ACTIVE,D,LB,25,Netherlands,Fortuna Sittard
39358,Eredivisie,Richonell Margaret,EUR,3846.0,250000.0,200000.0,2025-07-04,2029-06-30,3.0,600000.0,,ACTIVE,F,CF,25,Suriname,Go Ahead Eagles
39359,Eredivisie,Donát Bárány,EUR,3846.0,250000.0,200000.0,2026-07-15,2030-06-30,4.0,800000.0,,ACTIVE,F,CF,26,Hungary,ADO Den Haag
39360,Eredivisie,Jari Schuurman,EUR,3654.0,240000.0,190000.0,2025-07-01,2027-06-30,1.0,190000.0,,ACTIVE,F,AM,29,Netherlands,Willem II
39361,Eredivisie,Lequincio Zeefuik,EUR,3654.0,240000.0,190000.0,2026-07-01,2027-06-30,1.0,190000.0,,LOAN,F,CF,21,Netherlands,Fortuna Sittard
39362,Eredivisie,Luca Plogmann,EUR,3654.0,240000.0,190000.0,2026-09-01,2028-06-30,2.0,380000.0,,ACTIVE,K,GK,26,Germany,Cambuur Leeuwarden
39363,Eredivisie,Mats Lemmens,EUR,3654.0,240000.0,190000.0,2026-07-23,2028-06-30,2.0,380000.0,,ACTIVE,D,CB,24,Belgium,Willem II
39364,Eredivisie,Moussa Gbemou,EUR,3654.0,240000.0,190000.0,2026-07-03,2028-06-30,2.0,380000.0,,ACTIVE,M,CM,18,Belgium,Fortuna Sittard
39365,Eredivisie,Levi Smans,EUR,3462.0,230000.0,180000.0,2024-07-01,2028-06-30,2.0,360000.0,,ACTIVE,F,AM,23,Netherlands,Heerenveen
39366,Eredivisie,Gabriel Brás,EUR,3462.0,230000.0,180000.0,2026-08-13,2027-06-30,1.0,180000.0,,LOAN,D,CB,22,Portugal,NEC Nijmegen
39367,Eredivisie,Wouter van der Steen,EUR,3462.0,230000.0,180000.0,2026-06-25,2027-06-30,1.0,180000.0,,ACTIVE,K,GK,36,Netherlands,Willem II
39368,Eredivisie,Nils Eggens,EUR,3462.0,230000.0,180000.0,2026-02-03,2029-06-30,3.0,540000.0,,ACTIVE,F,CF,21,Netherlands,Groningen
39369,Eredivisie,Mannou Berger,EUR,3462.0,230000.0,180000.0,2025-02-10,2027-06-30,1.0,180000.0,,ACTIVE,K,GK,21,Netherlands,Feyenoord
39370,Eredivisie,Oskar Sivertsen,EUR,3462.0,230000.0,180000.0,2025-02-03,2028-06-30,2.0,360000.0,,ACTIVE,F,LW,22,Norway,Go Ahead Eagles
39371,Eredivisie,Wassim Bouziane,EUR,3462.0,230000.0,180000.0,2025-01-02,2030-06-30,4.0,720000.0,,ACTIVE,F,LW,19,Netherlands,AZ Alkmaar
39372,Eredivisie,Bendegúz Kovács,EUR,3462.0,230000.0,180000.0,2026-07-27,2029-06-30,3.0,540000.0,,ACTIVE,F,CF,19,Hungary,AZ Alkmaar
39373,Eredivisie,Shiloh 't Zand,EUR,3462.0,230000.0,180000.0,2026-07-16,2027-06-30,1.0,180000.0,,LOAN,F,AM,23,Netherlands,Fortuna Sittard
39374,Eredivisie,Jasper Schendelaar,EUR,2885.0,190000.0,150000.0,2026-03-27,2027-06-30,1.0,150000.0,,ACTIVE,K,GK,26,Netherlands,PEC Zwolle
39375,Eredivisie,Cameron Peupion,EUR,2885.0,190000.0,150000.0,2025-01-31,2027-06-30,1.0,150000.0,,ACTIVE,F,LW,23,Australia,ADO Den Haag
39376,Eredivisie,Hobie Verhulst,EUR,2885.0,190000.0,150000.0,2025-05-28,2028-06-30,2.0,300000.0,,ACTIVE,K,GK,33,Netherlands,AZ Alkmaar
39377,Eredivisie,Morgan Costarelli,EUR,2885.0,190000.0,150000.0,2026-07-01,2029-06-30,3.0,450000.0,,ACTIVE,D,LB,21,France,Cambuur Leeuwarden
39378,Eredivisie,Casper Widell,EUR,2885.0,190000.0,150000.0,2026-02-01,2027-06-30,1.0,150000.0,,ACTIVE,D,CB,23,Sweden,Excelsior
39379,Eredivisie,Daniel van Vianen,EUR,2885.0,190000.0,150000.0,2026-07-01,2029-06-30,3.0,450000.0,,ACTIVE,M,DM,23,Netherlands,Excelsior
39380,Eredivisie,Irakli Yegoian,EUR,2885.0,190000.0,150000.0,2025-08-19,2028-06-30,2.0,300000.0,,ACTIVE,F,AM,22,Georgia,Excelsior
39381,Eredivisie,Lennard Hartjes,EUR,2885.0,190000.0,150000.0,2026-08-12,2028-06-30,2.0,300000.0,,ACTIVE,M,CM,23,Netherlands,Excelsior
39382,Eredivisie,Noah Naujoks,EUR,2885.0,190000.0,150000.0,2025-01-16,2027-06-30,1.0,150000.0,,ACTIVE,F,AM,24,Netherlands,Excelsior
39383,Eredivisie,Stijn van Gassel,EUR,2885.0,190000.0,150000.0,2025-07-01,2027-06-30,1.0,150000.0,,ACTIVE,K,GK,29,Netherlands,Excelsior
39384,Eredivisie,Dean James,EUR,2885.0,190000.0,150000.0,2025-01-22,2028-06-30,2.0,300000.0,,ACTIVE,D,LB,26,Indonesia,Go Ahead Eagles
39385,Eredivisie,Erik Flataker,EUR,2885.0,190000.0,150000.0,2026-07-08,2030-06-30,4.0,600000.0,,ACTIVE,F,CF,21,Norway,Go Ahead Eagles
39386,Eredivisie,Mathis Suray,EUR,2885.0,190000.0,150000.0,2024-07-01,2027-06-30,1.0,150000.0,,ACTIVE,F,LW,25,Belgium,Go Ahead Eagles
39387,Eredivisie,Lovro Stubljar,EUR,2885.0,190000.0,150000.0,2025-08-15,2029-06-30,3.0,450000.0,,ACTIVE,K,GK,22,Slovenia,Groningen
39388,Eredivisie,Rijk Janse,EUR,2885.0,190000.0,150000.0,2026-07-01,2028-06-30,2.0,300000.0,,ACTIVE,K,GK,24,Netherlands,Groningen
39389,Eredivisie,Ryan Metu,EUR,2885.0,190000.0,150000.0,2026-05-01,2029-06-30,3.0,450000.0,,ACTIVE,F,LW,18,Netherlands,Groningen
39390,Eredivisie,Travis Hernes,EUR,2885.0,190000.0,150000.0,2026-07-01,2030-06-30,4.0,600000.0,,ACTIVE,M,CM,20,Norway,Groningen
39391,Eredivisie,Tyrique Mercera,EUR,2885.0,190000.0,150000.0,2025-07-17,2029-06-30,3.0,450000.0,,ACTIVE,D,RB,22,Curacao,Groningen
39392,Eredivisie,Hristiyan Petrov,EUR,2885.0,190000.0,150000.0,2025-01-09,2029-06-30,3.0,450000.0,,ACTIVE,D,CB,24,Bulgaria,Heerenveen
39393,Eredivisie,Oliver Braude,EUR,2885.0,190000.0,150000.0,2023-11-28,2027-06-30,1.0,150000.0,,ACTIVE,D,RB,22,Norway,Heerenveen
39394,Eredivisie,Damian van der Haar,EUR,2885.0,190000.0,150000.0,2025-05-08,2028-06-30,2.0,300000.0,,ACTIVE,D,LB,22,Netherlands,PEC Zwolle
39395,Eredivisie,Odysseus Velanas,EUR,2885.0,190000.0,150000.0,2026-02-11,2027-06-30,1.0,150000.0,,ACTIVE,F,AM,28,Netherlands,PEC Zwolle
39396,Eredivisie,Tom de Graaff,EUR,2885.0,190000.0,150000.0,2026-07-01,2030-06-30,4.0,600000.0,,ACTIVE,K,GK,21,Netherlands,PEC Zwolle
39397,Eredivisie,Michal Rosiak,EUR,2885.0,190000.0,150000.0,2026-09-02,2030-06-30,4.0,600000.0,,ACTIVE,D,RB,20,Poland,Twente
39398,Eredivisie,Lasse Wilhelm,EUR,2308.0,150000.0,120000.0,2026-07-14,2029-06-30,3.0,360000.0,,ACTIVE,D,CB,23,Germany,ADO Den Haag
39399,Eredivisie,Lucas Jetten,EUR,2308.0,150000.0,120000.0,2026-07-01,2029-06-30,3.0,360000.0,,ACTIVE,D,LB,19,Netherlands,Cambuur Leeuwarden
39400,Eredivisie,Milan Hokke,EUR,2308.0,150000.0,120000.0,2025-07-02,2027-06-30,1.0,120000.0,,ACTIVE,D,CB,22,Netherlands,ADO Den Haag
39401,Eredivisie,Wiebe Kooistra,EUR,2308.0,150000.0,120000.0,2024-07-03,2027-06-30,1.0,120000.0,,ACTIVE,D,RB,20,Netherlands,Cambuur Leeuwarden
39402,Eredivisie,Merijn van de Wiel,EUR,2308.0,150000.0,120000.0,2026-07-01,2028-06-30,2.0,240000.0,,ACTIVE,M,DM,20,Netherlands,NEC Nijmegen
39403,Eredivisie,Kevin Kers,EUR,2308.0,150000.0,120000.0,2026-07-01,2027-06-30,1.0,120000.0,,ACTIVE,F,LW,20,Netherlands,NEC Nijmegen
39404,Eredivisie,Ronald Koeman Jr,EUR,2308.0,150000.0,120000.0,2026-07-02,2028-06-30,2.0,240000.0,,ACTIVE,K,GK,31,Netherlands,Telstar
39405,Eredivisie,Jeff Hardeveld,EUR,2308.0,150000.0,120000.0,2026-06-30,2028-06-30,2.0,240000.0,,ACTIVE,D,LB,31,Netherlands,Telstar
39406,Eredivisie,Dele Thomas,EUR,2308.0,150000.0,120000.0,2026-09-01,2030-06-30,4.0,480000.0,,ACTIVE,F,LW,19,Netherlands,NEC Nijmegen
39407,Eredivisie,Sem Valk,EUR,2308.0,150000.0,120000.0,2026-08-24,2029-06-30,3.0,360000.0,,ACTIVE,D,CB,24,Netherlands,Telstar
39408,Eredivisie,Armin Culum,EUR,2308.0,150000.0,120000.0,2025-08-30,2028-06-30,2.0,240000.0,,ACTIVE,F,LW,22,Sweden,Willem II
39409,Eredivisie,Amine Lachkar,EUR,2308.0,150000.0,120000.0,2024-01-23,2027-06-30,1.0,120000.0,,ACTIVE,M,DM,23,Netherlands,Willem II
39410,Eredivisie,Daan Visser,EUR,2308.0,150000.0,120000.0,2025-09-25,2029-06-30,3.0,360000.0,,ACTIVE,M,DM,21,Netherlands,Cambuur Leeuwarden
39411,Eredivisie,Abdelnour Soualhia,EUR,2308.0,150000.0,120000.0,2026-07-02,2027-06-30,1.0,120000.0,,LOAN,D,CB,25,France,Telstar
39412,Eredivisie,Darling Bladi,EUR,2308.0,150000.0,120000.0,2026-07-03,2029-06-30,3.0,360000.0,,ACTIVE,D,LB,22,France,Heerenveen
39413,Eredivisie,Marvin Young,EUR,2308.0,150000.0,120000.0,2025-01-17,2029-06-30,3.0,360000.0,,ACTIVE,D,CB,20,Netherlands,Sparta Rotterdam
39414,Eredivisie,Nikolas Brandis,EUR,2308.0,150000.0,120000.0,2026-07-23,2030-06-30,4.0,480000.0,,ACTIVE,D,LB,21,Slovakia,Groningen
39415,Eredivisie,Jorg Schreuders,EUR,2308.0,150000.0,120000.0,2024-08-07,2027-06-30,1.0,120000.0,,ACTIVE,D,RB,21,Netherlands,Groningen
39416,Eredivisie,Amine Et-Taïbi,EUR,2308.0,150000.0,120000.0,2026-01-21,2028-06-30,2.0,240000.0,,ACTIVE,D,RB,23,Morocco,Willem II
39417,Eredivisie,Joel Ideho,EUR,2308.0,150000.0,120000.0,2025-02-04,2028-06-30,2.0,240000.0,,ACTIVE,F,LW,23,Netherlands,Sparta Rotterdam
39418,Eredivisie,Brynjólfur Willumsson,EUR,2308.0,150000.0,120000.0,2024-07-01,2027-06-30,1.0,120000.0,,ACTIVE,F,CF,26,Iceland,Groningen
39419,Eredivisie,Emmanuel Chigozie Owen,EUR,2308.0,150000.0,120000.0,2026-07-01,2030-06-30,4.0,480000.0,,ACTIVE,F,RW,19,Germany,Utrecht
39420,Eredivisie,Alvin Nordin,EUR,2308.0,150000.0,120000.0,2026-08-04,2030-06-30,4.0,480000.0,,ACTIVE,M,CM,18,Sweden,Groningen
39421,Eredivisie,Mario Domínguez,EUR,2308.0,150000.0,120000.0,2026-08-08,2027-06-30,1.0,120000.0,,LOAN,F,CF,22,Spain,Excelsior
39422,Eredivisie,Wout Asselman,EUR,2308.0,150000.0,120000.0,2026-09-02,2027-06-30,1.0,120000.0,,LOAN,M,DM,21,Belgium,Cambuur Leeuwarden
39423,Eredivisie,Jamie Schuldes,EUR,2308.0,150000.0,120000.0,2026-07-01,2030-06-30,4.0,480000.0,,ACTIVE,D,CB,19,Germany,Utrecht
39424,Eredivisie,Nick Fichtinger,EUR,2308.0,150000.0,120000.0,2025-05-27,2028-06-30,2.0,240000.0,,ACTIVE,M,DM,22,Netherlands,PEC Zwolle
39425,Eredivisie,Ethan Apkakou,EUR,2308.0,150000.0,120000.0,2026-01-01,2029-06-30,3.0,360000.0,,ACTIVE,M,DM,19,France,Cambuur Leeuwarden
39426,Eredivisie,Simon Janssen,EUR,2308.0,150000.0,120000.0,2025-09-01,2027-06-30,1.0,120000.0,,ACTIVE,D,LB,25,Netherlands,Excelsior
39427,Eredivisie,Sem van Duijn,EUR,2308.0,150000.0,120000.0,2026-08-28,2027-06-30,1.0,120000.0,,LOAN,F,CF,22,Netherlands,Utrecht
39428,Eredivisie,Giovanni van Zwam,EUR,2308.0,150000.0,120000.0,2025-09-01,2027-06-30,1.0,120000.0,,ACTIVE,D,CB,22,Netherlands,Go Ahead Eagles
39429,Eredivisie,Gerald Alders,EUR,2308.0,150000.0,120000.0,2026-02-03,2027-06-30,1.0,120000.0,,LOAN,D,RB,21,Netherlands,Telstar
39430,Eredivisie,Iwan Henstra,EUR,2308.0,150000.0,120000.0,2025-07-01,2028-06-30,2.0,240000.0,,ACTIVE,F,RW,19,Netherlands,Cambuur Leeuwarden
39431,Eredivisie,Ágúst Orri Thorsteinsson,EUR,2308.0,150000.0,120000.0,2026-08-24,2029-06-30,3.0,360000.0,,ACTIVE,F,LW,21,Iceland,Excelsior
39432,Eredivisie,Celton Biai,EUR,2308.0,150000.0,120000.0,2026-07-17,2028-06-30,2.0,240000.0,,ACTIVE,K,GK,26,Guinea-Bissau,Excelsior
39433,Eredivisie,Nando Verdoni,EUR,1923.0,130000.0,100000.0,2025-11-04,2029-06-30,3.0,300000.0,,ACTIVE,K,GK,23,Netherlands,Go Ahead Eagles
39434,Eredivisie,Daan Reiziger,EUR,1731.0,110000.0,90000.0,2026-09-25,2029-06-30,3.0,270000.0,,ACTIVE,K,GK,25,Netherlands,Telstar
39435,Eredivisie,Fofin Turay,EUR,1731.0,110000.0,90000.0,2026-08-01,2027-06-30,1.0,90000.0,,ACTIVE,F,LW,22,Netherlands,Telstar
39436,Eredivisie,Gabi Caschili,EUR,1731.0,110000.0,90000.0,2026-08-04,2027-06-30,1.0,90000.0,,ACTIVE,D,RB,23,Netherlands,Telstar
39437,Eredivisie,Harrie Kuster,EUR,1731.0,110000.0,90000.0,2026-08-04,2029-06-30,3.0,270000.0,,ACTIVE,F,AM,20,Netherlands,Telstar
39438,Eredivisie,Isaiah Ahmed,EUR,1731.0,110000.0,90000.0,2026-07-24,2029-06-30,3.0,270000.0,,ACTIVE,M,CM,20,Curacao,Telstar
39439,Eredivisie,Nils Rossen,EUR,1731.0,110000.0,90000.0,2026-04-02,2027-06-30,1.0,90000.0,,ACTIVE,M,DM,22,Netherlands,Telstar
39440,Eredivisie,Rik Suur,EUR,1731.0,110000.0,90000.0,2026-05-02,2028-06-30,2.0,180000.0,,ACTIVE,K,GK,19,Netherlands,Sparta Rotterdam
39441,Eredivisie,Prince Aning,EUR,1731.0,110000.0,90000.0,2026-07-23,2028-06-30,2.0,180000.0,,ACTIVE,D,LB,22,Netherlands,Telstar
39442,Eredivisie,Pascal Kuiper,EUR,1731.0,110000.0,90000.0,2026-03-30,2027-06-30,1.0,90000.0,,ACTIVE,K,GK,22,Netherlands,Sparta Rotterdam
39443,Eredivisie,Milan Zonneveld,EUR,1731.0,110000.0,90000.0,2026-02-03,2029-06-30,3.0,270000.0,,ACTIVE,F,CF,22,Netherlands,Sparta Rotterdam
39444,Eredivisie,Max de Ligt,EUR,1731.0,110000.0,90000.0,2025-10-20,2027-06-30,1.0,90000.0,,ACTIVE,D,CB,22,Netherlands,Sparta Rotterdam
39445,Eredivisie,Caleb Kramer,EUR,1731.0,110000.0,90000.0,2025-07-01,2027-06-30,1.0,90000.0,,ACTIVE,K,GK,20,Kenya,ADO Den Haag
39446,Eredivisie,Juliën Mesbahi,EUR,1731.0,110000.0,90000.0,2025-07-08,2027-06-30,1.0,90000.0,,ACTIVE,D,CB,20,Morocco,Twente
39447,Eredivisie,Jadiel Pereira da Gama,EUR,1731.0,110000.0,90000.0,2026-01-27,2029-06-30,3.0,270000.0,,ACTIVE,M,DM,16,Netherlands,PEC Zwolle
39448,Eredivisie,Lucas Vennegoor of Hesselink,EUR,1731.0,110000.0,90000.0,2025-09-08,2028-06-30,2.0,180000.0,,ACTIVE,F,CF,20,Netherlands,Twente
39449,Eredivisie,Yassin Moslih,EUR,1731.0,110000.0,90000.0,2026-07-01,2027-06-30,1.0,90000.0,,ACTIVE,D,CB,19,Netherlands,NEC Nijmegen
39450,Eredivisie,Dani van Loenen,EUR,1731.0,110000.0,90000.0,2026-07-01,2029-06-30,3.0,270000.0,,ACTIVE,F,LW,19,Netherlands,ADO Den Haag
39451,Eredivisie,Sam de Laat,EUR,1731.0,110000.0,90000.0,2025-07-08,2027-06-30,1.0,90000.0,,ACTIVE,M,CM,20,Netherlands,NEC Nijmegen
39452,Eredivisie,Joep Geneste,EUR,1731.0,110000.0,90000.0,2026-07-01,2027-06-30,1.0,90000.0,,ACTIVE,K,GK,19,Netherlands,NEC Nijmegen
39453,Eredivisie,Freek Entius,EUR,1731.0,110000.0,90000.0,2026-01-29,2027-06-30,1.0,90000.0,,ACTIVE,K,GK,20,Netherlands,NEC Nijmegen
39454,Eredivisie,Timo Schreuder,EUR,1731.0,110000.0,90000.0,2026-06-30,2027-06-30,1.0,90000.0,,ACTIVE,K,GK,19,Netherlands,Heerenveen
39455,Eredivisie,Nolhan Courtens,EUR,1731.0,110000.0,90000.0,2026-07-01,2027-06-30,1.0,90000.0,,ACTIVE,F,AM,19,Democratic Republic of the Congo,Heerenveen
39456,Eredivisie,Mats Egbring,EUR,1731.0,110000.0,90000.0,2025-08-21,2028-06-30,2.0,180000.0,,ACTIVE,D,RB,19,Netherlands,Heerenveen
39457,Eredivisie,Yannick Gerritsen,EUR,1731.0,110000.0,90000.0,2025-07-01,2028-06-30,2.0,180000.0,,ACTIVE,K,GK,20,Netherlands,Twente
39458,Eredivisie,Maas Willemsen,EUR,1731.0,110000.0,90000.0,2025-07-01,2029-06-30,3.0,270000.0,,ACTIVE,D,CB,23,Netherlands,Heerenveen
39459,Eredivisie,Bernt Klaverboer,EUR,1731.0,110000.0,90000.0,2025-06-18,2027-06-30,1.0,90000.0,,ACTIVE,K,GK,20,Netherlands,Heerenveen
39460,Eredivisie,Jesper Mosselaar,EUR,1731.0,110000.0,90000.0,2026-05-27,2027-06-30,1.0,90000.0,,ACTIVE,D,CB,21,Netherlands,Groningen
39461,Eredivisie,Elvis van der Laan,EUR,1731.0,110000.0,90000.0,2025-07-01,2028-06-30,2.0,180000.0,,ACTIVE,D,CB,18,Sweden,Groningen
39462,Eredivisie,Robbin Weijenberg,EUR,1731.0,110000.0,90000.0,2024-12-19,2027-06-30,1.0,90000.0,,ACTIVE,M,CM,21,Netherlands,Go Ahead Eagles
39463,Eredivisie,Pim Saathof,EUR,1731.0,110000.0,90000.0,2024-08-21,2027-06-30,1.0,90000.0,,ACTIVE,D,CB,22,Netherlands,Go Ahead Eagles
39464,Eredivisie,Kevin Gadellaa,EUR,1731.0,110000.0,90000.0,2024-07-01,2027-06-30,1.0,90000.0,,ACTIVE,K,GK,23,Netherlands,Utrecht
39465,Eredivisie,Mees Eppink,EUR,1731.0,110000.0,90000.0,2026-01-14,2029-06-30,3.0,270000.0,,ACTIVE,K,GK,20,Netherlands,Utrecht
39466,Eredivisie,Yacqub Finey,EUR,1731.0,110000.0,90000.0,2026-07-01,2029-06-30,3.0,270000.0,,ACTIVE,F,AM,22,Sweden,Excelsior
39467,Eredivisie,Osman Turay,EUR,1731.0,110000.0,90000.0,2026-07-29,2029-06-30,3.0,270000.0,,ACTIVE,D,LB,18,Germany,Excelsior
39468,Eredivisie,Ilano Silva Timas,EUR,1731.0,110000.0,90000.0,2026-07-15,2029-06-30,3.0,270000.0,,ACTIVE,F,LW,23,Cape Verde,Excelsior
39469,Eredivisie,Wiebe van der Heide,EUR,1731.0,110000.0,90000.0,2026-07-01,2028-06-30,2.0,180000.0,,ACTIVE,F,AM,20,Netherlands,Cambuur Leeuwarden
39470,Eredivisie,Skye Vink,EUR,1731.0,110000.0,90000.0,2026-07-01,2029-06-30,3.0,270000.0,,ACTIVE,F,CF,20,Netherlands,Cambuur Leeuwarden
39471,Eredivisie,Sami Bouhoudane,EUR,1731.0,110000.0,90000.0,2026-08-05,2029-06-30,3.0,270000.0,,ACTIVE,F,CF,18,Morocco,Cambuur Leeuwarden
39472,Eredivisie,Matthijs Kalisvaart,EUR,1731.0,110000.0,90000.0,2026-07-01,2028-06-30,2.0,180000.0,,ACTIVE,K,GK,20,Netherlands,Cambuur Leeuwarden
39473,Eredivisie,Jasper Meijster,EUR,1731.0,110000.0,90000.0,2025-07-01,2027-06-30,1.0,90000.0,,ACTIVE,K,GK,21,Netherlands,Cambuur Leeuwarden
39474,Eredivisie,Danyello Look,EUR,1731.0,110000.0,90000.0,2026-05-13,2028-06-30,2.0,180000.0,,ACTIVE,F,LW,19,Netherlands,Cambuur Leeuwarden
39475,Eredivisie,Sem Eekhout,EUR,1731.0,110000.0,90000.0,2026-07-01,2028-06-30,2.0,180000.0,,ACTIVE,K,GK,19,Netherlands,ADO Den Haag
39476,Eredivisie,Sanyika Bergtop,EUR,1731.0,110000.0,90000.0,2025-09-30,2028-06-30,2.0,180000.0,,ACTIVE,D,RB,19,Suriname,ADO Den Haag
39477,Eredivisie,Jesse Bal,EUR,1731.0,110000.0,90000.0,2026-07-06,2029-06-30,3.0,270000.0,,ACTIVE,F,CF,19,Netherlands,ADO Den Haag
39478,Eredivisie,Illaijh de Ruijter,EUR,1731.0,110000.0,90000.0,2026-03-24,2028-06-30,2.0,180000.0,,ACTIVE,F,LW,19,Netherlands,ADO Den Haag
39479,Eredivisie,Finn de Bruin,EUR,1731.0,110000.0,90000.0,2025-08-28,2027-06-30,1.0,90000.0,,ACTIVE,F,AM,22,Netherlands,ADO Den Haag
39480,Eredivisie,Nigel Ogidi Nwankwo,EUR,1538.0,100000.0,80000.0,2025-07-01,2027-06-30,1.0,80000.0,,ACTIVE,D,LB,28,Netherlands,Telstar
39481,Eredivisie,Duke Verduin,EUR,1538.0,100000.0,80000.0,2025-06-26,2028-06-30,2.0,160000.0,,ACTIVE,K,GK,22,Netherlands,PEC Zwolle
39482,Eredivisie,Tyrone Owusu,EUR,1538.0,100000.0,80000.0,2025-03-27,2027-06-30,1.0,80000.0,,ACTIVE,M,CM,27,Netherlands,Telstar
39483,Eredivisie,Nesto Groen,EUR,1346.0,90000.0,70000.0,2024-07-11,2027-06-30,1.0,70000.0,,ACTIVE,F,CF,22,Netherlands,Excelsior
39484,Eredivisie,Marlon van de Wetering,EUR,1346.0,90000.0,70000.0,2026-07-01,2029-06-30,3.0,210000.0,,ACTIVE,D,RB,18,Jamaica,Excelsior
39485,Eredivisie,Fabiano Rust,EUR,1346.0,90000.0,70000.0,2026-07-23,2028-06-30,2.0,140000.0,,ACTIVE,F,AM,21,Netherlands,Telstar
39486,Eredivisie,Eser Gürbüz,EUR,1346.0,90000.0,70000.0,2026-07-21,2027-06-30,1.0,70000.0,,LOAN,F,RW,19,Netherlands,Willem II
39487,Eredivisie,Anass Zarrouk,EUR,1346.0,90000.0,70000.0,2025-08-29,2028-06-30,2.0,140000.0,,ACTIVE,M,DM,20,Netherlands,Willem II
39488,Eredivisie,Patrick Brouwer,EUR,1346.0,90000.0,70000.0,2025-07-01,2028-06-30,2.0,140000.0,,ACTIVE,F,AM,25,Netherlands,Telstar
39489,Eredivisie,Givaro Rahajaän,EUR,1346.0,90000.0,70000.0,2026-05-11,2029-06-30,3.0,210000.0,,ACTIVE,M,CM,18,Netherlands,PEC Zwolle
39490,Eredivisie,Noach Shenkman,EUR,1346.0,90000.0,70000.0,2026-07-01,2028-06-30,2.0,140000.0,,ACTIVE,M,DM,19,Netherlands,Telstar
39491,Eredivisie,Guilliano Cairo,EUR,1346.0,90000.0,70000.0,2026-07-01,2028-06-30,2.0,140000.0,,ACTIVE,D,CB,20,Netherlands,Excelsior
39492,Eredivisie,Eus Waayers,EUR,1346.0,90000.0,70000.0,2026-02-02,2029-06-30,3.0,210000.0,,ACTIVE,D,RB,20,Netherlands,Go Ahead Eagles
39493,Eredivisie,Tijmen Holla,EUR,1346.0,90000.0,70000.0,2025-07-01,2027-06-30,1.0,70000.0,,ACTIVE,K,GK,20,Netherlands,Excelsior
39494,Eredivisie,Ofosu Boakye,EUR,1346.0,90000.0,70000.0,2026-03-26,2029-06-30,3.0,210000.0,,ACTIVE,F,CF,19,Ghana,Go Ahead Eagles
39495,Eredivisie,Giannino Vianello,EUR,1154.0,80000.0,60000.0,2025-10-27,2029-06-30,3.0,180000.0,,ACTIVE,D,LB,19,Netherlands,Sparta Rotterdam
39496,Eredivisie,Jelani Seedorf,EUR,1154.0,80000.0,60000.0,2026-02-03,2028-06-30,2.0,120000.0,,ACTIVE,F,CF,21,Netherlands,Telstar
39497,Eredivisie,Per van Loon,EUR,1154.0,80000.0,60000.0,2024-07-01,2027-06-30,1.0,60000.0,,ACTIVE,D,LB,21,Netherlands,Willem II
39498,Eredivisie,Thijs Muller,EUR,1154.0,80000.0,60000.0,2026-08-31,2029-06-30,3.0,180000.0,,ACTIVE,F,AM,19,Netherlands,Willem II
39499,Eredivisie,Jens Mathijsen,EUR,1154.0,80000.0,60000.0,2024-08-20,2027-06-30,1.0,60000.0,,ACTIVE,D,CB,19,Netherlands,Willem II
39500,Eredivisie,Karst de Leeuw,EUR,1154.0,80000.0,60000.0,2025-07-01,2027-06-30,1.0,60000.0,,ACTIVE,K,GK,22,Netherlands,Willem II
39501,Eredivisie,Yassir Salah Rahmouni,EUR,1154.0,80000.0,60000.0,2026-02-04,2029-06-30,3.0,180000.0,,ACTIVE,M,CM,20,Netherlands,Go Ahead Eagles
39502,Eredivisie,Finn Mulder,EUR,1154.0,80000.0,60000.0,2026-07-01,2029-06-30,3.0,180000.0,,ACTIVE,K,GK,18,Netherlands,Telstar
39503,Eredivisie,Gabriël Reiziger,EUR,1154.0,80000.0,60000.0,2025-05-28,2028-06-30,2.0,120000.0,,ACTIVE,F,AM,20,Netherlands,PEC Zwolle
39504,Eredivisie,Lushendry Martes,EUR,1154.0,80000.0,60000.0,2026-02-16,2030-06-30,4.0,240000.0,,ACTIVE,D,RB,18,Netherlands,Sparta Rotterdam
39505,Eredivisie,Abdelraffie Benzzine,EUR,962.0,60000.0,50000.0,2025-07-01,2027-06-30,1.0,50000.0,,ACTIVE,D,CB,20,Netherlands,Telstar
39506,Eredivisie,Yamano Olfers,EUR,962.0,60000.0,50000.0,2025-07-01,2027-06-30,1.0,50000.0,,ACTIVE,D,CB,20,Suriname,Telstar
39507,Eredivisie,Rojendro Oudsten,EUR,962.0,60000.0,50000.0,2025-08-08,2028-06-30,2.0,100000.0,,ACTIVE,M,CM,18,Suriname,Telstar
39508,Super Lig,Victor Osimhen,EUR,360577.0,20000000.0,18750000.0,2025-07-31,2029-06-30,3.0,56250000.0,,ACTIVE,F,CF,27,Nigeria,Galatasaray
39509,Super Lig,N'Golo Kanté,EUR,264423.0,15470000.0,13750000.0,2026-02-02,2028-06-30,2.0,27500000.0,,ACTIVE,M,DM,35,France,Fenerbahce
39510,Super Lig,Ederson,EUR,264423.0,17190000.0,13750000.0,2025-09-02,2028-06-30,2.0,27500000.0,,ACTIVE,K,GK,33,Brazil,Fenerbahce
39511,Super Lig,Mohamed Salah,EUR,240385.0,23130000.0,12500000.0,2026-08-05,2028-06-30,2.0,25000000.0,,ACTIVE,F,RW,34,Egypt,Trabzonspor
39512,Super Lig,Rafael Leão,EUR,240385.0,15000000.0,12500000.0,2026-08-29,2030-06-30,4.0,50000000.0,,ACTIVE,F,LW,27,Portugal,Galatasaray
39513,Super Lig,Leroy Sané,EUR,216346.0,15000000.0,11250000.0,2025-07-01,2028-06-30,2.0,22500000.0,,ACTIVE,F,RW,30,Germany,Galatasaray
39514,Super Lig,Mason Greenwood,EUR,192308.0,12500000.0,10000000.0,2026-07-14,2030-06-30,4.0,40000000.0,,ACTIVE,F,RW,24,England,Fenerbahce
39515,Super Lig,Milan Škriniar,EUR,192308.0,12500000.0,10000000.0,2025-07-30,2029-06-30,3.0,30000000.0,,ACTIVE,D,CB,31,Slovakia,Fenerbahce
39516,Super Lig,Marco Asensio,EUR,192308.0,12500000.0,10000000.0,2025-09-01,2028-06-30,2.0,20000000.0,,ACTIVE,F,AM,30,Spain,Fenerbahce
39517,Super Lig,Dušan Vlahović,EUR,180385.0,12510000.0,9380000.0,2026-08-13,2029-06-30,3.0,28140000.0,,ACTIVE,F,CF,26,Serbia,Besiktas
39518,Super Lig,Vedat Muriqi,EUR,168269.0,9630000.0,8750000.0,2026-07-01,2029-06-30,3.0,26250000.0,,ACTIVE,F,CF,32,Kosovo,Fenerbahce
39519,Super Lig,Leandro Trossard,EUR,156346.0,8760000.0,8130000.0,2026-07-15,2029-06-30,3.0,24390000.0,,ACTIVE,F,LW,31,Belgium,Besiktas
39520,Super Lig,Nathan Aké,EUR,144231.0,8750000.0,7500000.0,2026-07-04,2029-06-30,3.0,22500000.0,,ACTIVE,D,CB,31,Netherlands,Fenerbahce
39521,Super Lig,Mattéo Guendouzi,EUR,144231.0,9000000.0,7500000.0,2026-01-08,2030-06-30,4.0,30000000.0,,ACTIVE,M,CM,27,France,Fenerbahce
39522,Super Lig,Orkun Kökçü,EUR,120192.0,7810000.0,6250000.0,2026-07-01,2030-06-30,4.0,25000000.0,,ACTIVE,M,CM,25,Turkey,Besiktas
39523,Super Lig,Romelu Lukaku,EUR,120192.0,7500000.0,6250000.0,2026-08-12,2027-06-30,1.0,6250000.0,,ACTIVE,F,CF,33,Belgium,Fenerbahce
39524,Super Lig,Alexander Nübel,EUR,120192.0,7190000.0,6250000.0,2026-07-08,2029-06-30,3.0,18750000.0,,ACTIVE,K,GK,29,Germany,Besiktas
39525,Super Lig,Wilfried Stephane Singo,EUR,115385.0,7500000.0,6000000.0,2025-08-28,2030-06-30,4.0,24000000.0,,ACTIVE,D,RB,25,Cote d'Ivoire,Galatasaray
39526,Super Lig,Kerem Aktürkoğlu,EUR,114231.0,7430000.0,5940000.0,2025-09-01,2029-06-30,3.0,17820000.0,,ACTIVE,F,LW,27,Turkey,Fenerbahce
39527,Super Lig,İlkay Gündoğan,EUR,108269.0,7040000.0,5630000.0,2025-09-02,2027-06-30,1.0,5630000.0,,ACTIVE,M,CM,35,Germany,Galatasaray
39528,Super Lig,Nélson Semedo,EUR,100962.0,6560000.0,5250000.0,2025-07-30,2027-06-30,1.0,5250000.0,,ACTIVE,D,RB,32,Portugal,Fenerbahce
39529,Super Lig,Davinson Sánchez,EUR,96154.0,5750000.0,5000000.0,2025-08-15,2029-06-30,3.0,15000000.0,,ACTIVE,D,CB,30,Colombia,Galatasaray
39530,Super Lig,Lucas Torreira,EUR,90192.0,5320000.0,4690000.0,2025-04-17,2028-06-30,2.0,9380000.0,,ACTIVE,M,DM,30,Uruguay,Galatasaray
39531,Super Lig,André Onana,EUR,84231.0,6880000.0,4380000.0,2026-07-03,2027-06-30,1.0,4380000.0,,LOAN,K,GK,30,Cameroon,Trabzonspor
39532,Super Lig,Aleksey Batrakov,EUR,78077.0,4670000.0,4060000.0,2026-08-20,2031-06-30,5.0,20300000.0,,ACTIVE,F,AM,21,Russia,Galatasaray
39533,Super Lig,Stefan Savić,EUR,76923.0,5000000.0,4000000.0,2024-07-26,2027-06-30,1.0,4000000.0,,ACTIVE,D,CB,35,Montenegro,Trabzonspor
39534,Super Lig,Mario Lemina,EUR,72115.0,4380000.0,3750000.0,2026-07-21,2028-06-30,2.0,7500000.0,,ACTIVE,M,DM,33,Gabon,Galatasaray
39535,Super Lig,Emmanuel Agbadou,EUR,72115.0,4220000.0,3750000.0,2026-02-06,2030-06-30,4.0,15000000.0,,ACTIVE,D,CB,29,Cote d'Ivoire,Besiktas
39536,Super Lig,Baris Yilmaz,EUR,72115.0,7500000.0,3750000.0,2025-07-29,2028-06-30,2.0,7500000.0,,ACTIVE,F,LW,26,Turkey,Galatasaray
39537,Super Lig,Gabriel Sara,EUR,66154.0,4300000.0,3440000.0,2024-08-04,2029-06-30,3.0,10320000.0,,ACTIVE,M,CM,27,Brazil,Galatasaray
39538,Super Lig,Lesley Ugochukwu,EUR,63654.0,3810000.0,3310000.0,2026-07-15,2027-06-30,1.0,3310000.0,,LOAN,M,DM,22,France,Galatasaray
39539,Super Lig,Fabinho,EUR,62500.0,4630000.0,3250000.0,2026-08-24,2028-06-30,2.0,6500000.0,,ACTIVE,M,DM,32,Brazil,Trabzonspor
39540,Super Lig,Ernest Muci,EUR,60192.0,3600000.0,3130000.0,2026-07-01,2029-06-30,3.0,9390000.0,,ACTIVE,F,AM,25,Albania,Trabzonspor
39541,Super Lig,Uğurcan Çakır,EUR,60192.0,3600000.0,3130000.0,2025-09-01,2030-06-30,4.0,12520000.0,,ACTIVE,K,GK,30,Turkey,Galatasaray
39542,Super Lig,Vaclav Cerny,EUR,60192.0,3910000.0,3130000.0,2025-09-02,2028-06-30,2.0,6260000.0,,ACTIVE,F,RW,28,Czech Republic,Besiktas
39543,Super Lig,Wilfred Ndidi,EUR,60192.0,3910000.0,3130000.0,2025-08-07,2028-06-30,2.0,6260000.0,,ACTIVE,M,DM,29,Nigeria,Besiktas
39544,Super Lig,Roland Sallai,EUR,60192.0,3910000.0,3130000.0,2024-09-13,2028-06-30,2.0,6260000.0,,ACTIVE,D,RB,29,Hungary,Galatasaray
39545,Super Lig,Abdülkerim Bardakcı,EUR,60192.0,3600000.0,3130000.0,2025-06-02,2027-06-30,1.0,3130000.0,,ACTIVE,D,CB,32,Turkey,Galatasaray
39546,Super Lig,Yunus Akgün,EUR,60192.0,3760000.0,3130000.0,2025-08-05,2029-06-30,3.0,9390000.0,,ACTIVE,F,RW,26,Turkey,Galatasaray
39547,Super Lig,Franculino,EUR,51154.0,3060000.0,2660000.0,2026-09-02,2030-06-30,4.0,10640000.0,,ACTIVE,F,CF,22,Guinea-Bissau,Trabzonspor
39548,Super Lig,Ismail Jakobs,EUR,50577.0,3290000.0,2630000.0,2025-07-01,2027-06-30,1.0,2630000.0,,ACTIVE,D,LB,27,Senegal,Galatasaray
39549,Super Lig,Aral Şimşir,EUR,48077.0,2880000.0,2500000.0,2026-07-08,2030-06-30,4.0,10000000.0,,ACTIVE,F,LW,24,Turkey,Trabzonspor
39550,Super Lig,Paul Onuachu,EUR,48077.0,3130000.0,2500000.0,2025-07-01,2028-06-30,2.0,5000000.0,,ACTIVE,F,CF,32,Nigeria,Trabzonspor
39551,Super Lig,El Chadaille Bitshiabu,EUR,48077.0,2880000.0,2500000.0,2026-09-02,2027-06-30,1.0,2500000.0,,LOAN,D,CB,21,France,Galatasaray
39552,Super Lig,Kojo Peprah Oppong,EUR,48077.0,3130000.0,2500000.0,2026-08-28,2030-06-30,4.0,10000000.0,,ACTIVE,D,CB,22,Ghana,Fenerbahce
39553,Super Lig,Kassoum Ouattara,EUR,48077.0,3130000.0,2500000.0,2026-07-02,2030-06-30,4.0,10000000.0,,ACTIVE,D,LB,21,France,Besiktas
39554,Super Lig,Michael Murillo,EUR,48077.0,3130000.0,2500000.0,2026-02-06,2028-06-30,2.0,5000000.0,,ACTIVE,D,RB,30,Panama,Besiktas
39555,Super Lig,Milot Rashica,EUR,48077.0,3130000.0,2500000.0,2023-08-16,2027-06-30,1.0,2500000.0,,ACTIVE,F,RW,30,Kosovo,Besiktas
39556,Super Lig,Salih Özcan,EUR,48077.0,3130000.0,2500000.0,2026-07-09,2029-06-30,3.0,7500000.0,,ACTIVE,M,DM,28,Turkey,Besiktas
39557,Super Lig,Diego Carlos,EUR,48077.0,3130000.0,2500000.0,2025-01-23,2028-06-30,2.0,5000000.0,,INACTIVE,D,CB,33,Brazil,Fenerbahce
39558,Super Lig,Tiago Djaló,EUR,48077.0,3130000.0,2500000.0,2025-08-27,2028-06-30,2.0,5000000.0,,ACTIVE,D,CB,26,Portugal,Besiktas
39559,Super Lig,Jayden Oosterwolde,EUR,43269.0,2810000.0,2250000.0,2025-07-08,2028-06-30,2.0,4500000.0,,ACTIVE,D,CB,25,Netherlands,Fenerbahce
39560,Super Lig,Dorgeles Nene,EUR,38462.0,2500000.0,2000000.0,2025-08-19,2030-06-30,4.0,8000000.0,,ACTIVE,F,RW,23,Mali,Fenerbahce
39561,Super Lig,Mert Günok,EUR,36154.0,2350000.0,1880000.0,2026-01-06,2028-06-30,2.0,3760000.0,,ACTIVE,K,GK,37,Turkey,Fenerbahce
39562,Super Lig,Deniz Gül,EUR,36154.0,2160000.0,1880000.0,2026-09-01,2031-06-30,5.0,9400000.0,,ACTIVE,F,CF,22,Turkey,Galatasaray
39563,Super Lig,İrfan Can Kahveci,EUR,36154.0,2160000.0,1880000.0,2025-01-12,2028-06-30,2.0,3760000.0,,ACTIVE,F,AM,31,Turkey,Fenerbahce
39564,Super Lig,Ümit Akdağ,EUR,36154.0,2510000.0,1880000.0,2026-09-02,2030-06-30,4.0,7520000.0,,ACTIVE,D,CB,22,Turkey,Besiktas
39565,Super Lig,Archie Brown,EUR,36154.0,2350000.0,1880000.0,2025-07-12,2028-06-30,2.0,3760000.0,23000000.0,ACTIVE,D,LB,24,England,Fenerbahce
39566,Super Lig,Kaan Ayhan,EUR,36154.0,2350000.0,1880000.0,2025-04-30,2028-06-30,2.0,3760000.0,,ACTIVE,D,CB,31,Turkey,Galatasaray
39567,Super Lig,Ozan Tufan,EUR,35385.0,2120000.0,1840000.0,2024-07-01,2027-06-30,1.0,1840000.0,,ACTIVE,M,CM,31,Turkey,Trabzonspor
39568,Super Lig,Okay Yokuşlu,EUR,35385.0,2120000.0,1840000.0,2024-07-31,2027-06-30,1.0,1840000.0,,ACTIVE,M,DM,32,Turkey,Trabzonspor
39569,Super Lig,Evren Eren Elmali,EUR,34808.0,2080000.0,1810000.0,2025-02-11,2028-06-30,2.0,3620000.0,,ACTIVE,D,LB,26,Turkey,Galatasaray
39570,Super Lig,Batista Mendy,EUR,34423.0,2060000.0,1790000.0,2023-09-07,2027-06-30,1.0,1790000.0,,ACTIVE,M,DM,26,France,Trabzonspor
39571,Super Lig,Noah Saviolo,EUR,32500.0,5440000.0,1690000.0,2026-07-01,2031-06-30,5.0,8450000.0,,ACTIVE,F,LW,22,Portugal,Trabzonspor
39572,Super Lig,Ahmed Kutucu,EUR,32500.0,1940000.0,1690000.0,2026-07-19,2027-06-30,1.0,1690000.0,,LOAN,F,LW,26,Turkey,Caykur Rizespor
39573,Super Lig,Sidny Lopes Cabral,EUR,31346.0,1870000.0,1630000.0,2026-07-01,2031-06-30,5.0,8150000.0,,ACTIVE,D,LB,23,Cape Verde,Trabzonspor
39574,Super Lig,Cenk Özkacar,EUR,30000.0,1790000.0,1560000.0,2026-07-17,2029-06-30,3.0,4680000.0,,ACTIVE,D,CB,25,Turkey,Trabzonspor
39575,Super Lig,Arthur Masuaku,EUR,28846.0,1880000.0,1500000.0,2026-08-10,2028-06-30,2.0,3000000.0,,ACTIVE,D,LB,32,Democratic Republic of the Congo,Konyaspor
39576,Super Lig,Ruslan Malinovskyi,EUR,28846.0,1730000.0,1500000.0,2026-07-01,2029-06-30,3.0,4500000.0,,ACTIVE,M,CM,33,Ukraine,Trabzonspor
39577,Super Lig,Eldor Shomurodov,EUR,28846.0,1880000.0,1500000.0,2026-07-01,2028-06-30,2.0,3000000.0,,ACTIVE,F,CF,31,Uzbekistan,Basaksehir
39578,Super Lig,Mostafa Mohamed,EUR,28846.0,1880000.0,1500000.0,2026-09-01,2029-06-30,3.0,4500000.0,,ACTIVE,F,CF,28,Egypt,Konyaspor
39579,Super Lig,Mert Müldür,EUR,28846.0,1880000.0,1500000.0,2023-08-02,2027-06-30,1.0,1500000.0,,ACTIVE,D,RB,27,Turkey,Fenerbahce
39580,Super Lig,Jean-Luc Dompé,EUR,28846.0,1880000.0,1500000.0,2026-08-27,2028-06-30,2.0,3000000.0,,ACTIVE,F,LW,31,France,Konyaspor
39581,Super Lig,Cengiz Ünder,EUR,28846.0,1880000.0,1500000.0,2026-08-28,2027-06-30,1.0,1500000.0,,ACTIVE,F,RW,29,Turkey,Corum
39582,Super Lig,Diogo Gonçalves,EUR,26538.0,1730000.0,1380000.0,2026-02-05,2028-06-30,2.0,2760000.0,,ACTIVE,F,LW,29,Portugal,Konyaspor
39583,Super Lig,Jackson Muleka,EUR,26538.0,1730000.0,1380000.0,2025-08-20,2027-06-30,1.0,1380000.0,,ACTIVE,F,CF,26,Democratic Republic of the Congo,Konyaspor
39584,Super Lig,Wagner Pina,EUR,25192.0,1510000.0,1310000.0,2025-07-01,2029-06-30,3.0,3930000.0,,ACTIVE,D,RB,23,Cape Verde,Trabzonspor
39585,Super Lig,Dia Saba,EUR,24038.0,1560000.0,1250000.0,2025-08-03,2027-06-30,1.0,1250000.0,,ACTIVE,F,AM,33,Israel,Amedspor
39586,Super Lig,Hyeon-gyu Oh,EUR,24038.0,1560000.0,1250000.0,2026-02-04,2029-06-30,3.0,3750000.0,,ACTIVE,F,CF,25,South Korea,Besiktas
39587,Super Lig,Benjamin Bouchouari,EUR,24038.0,1560000.0,1250000.0,2025-09-04,2028-06-30,2.0,2500000.0,,ACTIVE,M,CM,24,Morocco,Trabzonspor
39588,Super Lig,Fabio Miretti,EUR,24038.0,1560000.0,1250000.0,2026-08-28,2027-06-30,1.0,1250000.0,,LOAN,M,CM,23,Italy,Besiktas
39589,Super Lig,Mohamed Bayo,EUR,24038.0,1560000.0,1250000.0,2026-09-04,2030-06-30,4.0,5000000.0,,ACTIVE,F,CF,28,Guinea,Samsunspor
39590,Super Lig,Rodrigo Becão,EUR,24038.0,1440000.0,1250000.0,2023-07-20,2028-06-30,2.0,2500000.0,,INACTIVE,D,CB,30,Brazil,Fenerbahce
39591,Super Lig,Alban Lafont,EUR,24038.0,1560000.0,1250000.0,2026-07-21,2029-06-30,3.0,3750000.0,,ACTIVE,K,GK,27,Cote d'Ivoire,Amedspor
39592,Super Lig,Ali Sowe,EUR,24038.0,1560000.0,1250000.0,2025-07-17,2028-06-30,2.0,2500000.0,,ACTIVE,F,CF,32,The Gambia,Caykur Rizespor
39593,Super Lig,Bruno Petkovic,EUR,24038.0,1880000.0,1250000.0,2025-07-16,2027-06-30,1.0,1250000.0,,ACTIVE,F,CF,31,Croatia,Kocaelispor
39594,Super Lig,Rıdvan Yılmaz,EUR,24038.0,1560000.0,1250000.0,2025-08-23,2028-06-30,2.0,2500000.0,,ACTIVE,D,LB,25,Turkey,Besiktas
39595,Super Lig,Elisha Owusu,EUR,24038.0,1560000.0,1250000.0,2026-08-18,2028-06-30,2.0,2500000.0,,ACTIVE,M,DM,28,Ghana,Erzurumspor
39596,Super Lig,Andreas Skov Olsen,EUR,24038.0,1560000.0,1250000.0,2026-07-28,2027-06-30,1.0,1250000.0,,LOAN,F,RW,26,Denmark,Basaksehir
39597,Super Lig,Berat Özdemir,EUR,24038.0,1560000.0,1250000.0,2026-08-09,2028-06-30,2.0,2500000.0,,ACTIVE,M,DM,28,Turkey,Corum
39598,Super Lig,Çağlar Söyüncü,EUR,24038.0,1560000.0,1250000.0,2026-09-04,2028-06-30,2.0,2500000.0,,ACTIVE,D,CB,30,Turkey,Corum
39599,Super Lig,Mame Thiam,EUR,24038.0,1560000.0,1250000.0,2026-01-06,2027-06-30,1.0,1250000.0,,ACTIVE,F,CF,33,Senegal,Corum
39600,Super Lig,Alexandru Maxim,EUR,22308.0,1450000.0,1160000.0,2026-05-13,2027-06-30,1.0,1160000.0,,ACTIVE,F,AM,36,Romania,Gaziantep BB
39601,Super Lig,Enis Bardhi,EUR,22115.0,1440000.0,1150000.0,2025-07-12,2027-06-30,1.0,1150000.0,,ACTIVE,F,AM,31,North Macedonia,Konyaspor
39602,Super Lig,Umut Nayir,EUR,21923.0,1310000.0,1140000.0,2026-01-29,2027-06-30,1.0,1140000.0,,ACTIVE,F,CF,33,Turkey,Trabzonspor
39603,Super Lig,Ousseynou Ba,EUR,21731.0,1410000.0,1130000.0,2024-07-13,2027-06-30,1.0,1130000.0,,ACTIVE,D,CB,30,Senegal,Basaksehir
39604,Super Lig,Onur Bulut,EUR,21731.0,1410000.0,1130000.0,2025-07-01,2027-06-30,1.0,1130000.0,,ACTIVE,D,RB,32,Turkey,Basaksehir
39605,Super Lig,Rayyan Baniya,EUR,20385.0,1330000.0,1060000.0,2026-02-04,2030-06-30,4.0,4240000.0,,ACTIVE,D,CB,27,Turkey,Konyaspor
39606,Super Lig,Davie Selke,EUR,20385.0,1330000.0,1060000.0,2025-07-11,2027-06-30,1.0,1060000.0,,ACTIVE,F,CF,31,Germany,Basaksehir
39607,Super Lig,Yahia Fofana,EUR,20385.0,1330000.0,1060000.0,2025-09-02,2028-06-30,2.0,2120000.0,,ACTIVE,K,GK,26,Cote d'Ivoire,Caykur Rizespor
39608,Super Lig,Ibrahim Olawoyin,EUR,20385.0,1330000.0,1060000.0,2024-08-23,2027-06-30,1.0,1060000.0,,ACTIVE,M,CM,28,Nigeria,Caykur Rizespor
39609,Super Lig,Mbaye Diagne,EUR,20385.0,1330000.0,1060000.0,2025-08-09,2027-06-30,1.0,1060000.0,,ACTIVE,F,CF,34,Senegal,Amedspor
39610,Super Lig,Mustafa Eskihellaç,EUR,19808.0,1180000.0,1030000.0,2025-02-07,2027-06-30,1.0,1030000.0,,ACTIVE,D,LB,29,Turkey,Trabzonspor
39611,Super Lig,Günay Güvenç,EUR,19231.0,1150000.0,1000000.0,2025-08-15,2028-06-30,2.0,2000000.0,,ACTIVE,K,GK,35,Turkey,Galatasaray
39612,Super Lig,Halil Dervişoğlu,EUR,19231.0,1150000.0,1000000.0,2026-08-13,2027-06-30,1.0,1000000.0,,LOAN,F,CF,26,Turkey,Gaziantep BB
39613,Super Lig,Oğuz Aydın,EUR,19231.0,1250000.0,1000000.0,2024-07-15,2028-06-30,2.0,2000000.0,,ACTIVE,F,LW,25,Turkey,Fenerbahce
39614,Super Lig,Taylan Bulut,EUR,19231.0,1250000.0,1000000.0,2025-08-16,2030-06-30,4.0,4000000.0,,ACTIVE,D,RB,20,Germany,Besiktas
39615,Super Lig,Halil Dervişoğlu,EUR,19231.0,1150000.0,1000000.0,2023-07-15,2027-06-30,1.0,1000000.0,,INACTIVE,F,CF,26,Turkey,Galatasaray
39616,Super Lig,Samet Akaydin,EUR,18846.0,1130000.0,980000.0,2026-07-01,2028-06-30,2.0,1960000.0,,ACTIVE,D,CB,32,Turkey,Trabzonspor
39617,Super Lig,Youssoufa Moukoko,EUR,18654.0,1210000.0,970000.0,2026-09-01,2027-06-30,1.0,970000.0,,LOAN,F,CF,21,Germany,Corum
39618,Super Lig,Renato Nhaga,EUR,18077.0,1080000.0,940000.0,2026-02-04,2030-06-30,4.0,3760000.0,,ACTIVE,M,CM,19,Guinea-Bissau,Galatasaray
39619,Super Lig,Florent Hadergjonaj,EUR,17308.0,1130000.0,900000.0,2025-07-09,2027-06-30,1.0,900000.0,,ACTIVE,M,RM,32,Kosovo,Alanyaspor
39620,Super Lig,Chibuike Nwaiwu,EUR,16923.0,1010000.0,880000.0,2026-01-07,2030-06-30,4.0,3520000.0,,ACTIVE,D,CB,23,Nigeria,Trabzonspor
39621,Super Lig,Michal Karbownik,EUR,16923.0,1100000.0,880000.0,2026-07-01,2029-06-30,3.0,2640000.0,,ACTIVE,D,LB,25,Poland,Basaksehir
39622,Super Lig,Sékou Koïta,EUR,16923.0,1100000.0,880000.0,2026-07-01,2027-06-30,1.0,880000.0,,ACTIVE,F,CF,26,Mali,Genclerbirligi SK
39623,Super Lig,Fatih Kaya,EUR,16923.0,1100000.0,880000.0,2026-07-01,2029-06-30,3.0,2640000.0,,ACTIVE,F,CF,26,Germany,Samsunspor
39624,Super Lig,Abakar Sylla,EUR,16923.0,1100000.0,880000.0,2026-09-04,2028-06-30,2.0,1760000.0,,ACTIVE,D,CB,23,Cote d'Ivoire,Gaziantep BB
39625,Super Lig,Kerem Demirbay,EUR,16923.0,1260000.0,880000.0,2026-01-15,2029-06-30,3.0,2640000.0,,ACTIVE,M,CM,33,Germany,Kasimpasa
39626,Super Lig,Berkan Kutlu,EUR,16923.0,1100000.0,880000.0,2026-08-11,2027-06-30,1.0,880000.0,,ACTIVE,M,CM,28,Turkey,Kocaelispor
39627,Super Lig,Berkay Özcan,EUR,16923.0,1100000.0,880000.0,2023-09-12,2027-06-30,1.0,880000.0,,ACTIVE,M,CM,28,Turkey,Basaksehir
39628,Super Lig,Rayan Raveloson,EUR,16923.0,1100000.0,880000.0,2026-07-01,2029-06-30,3.0,2640000.0,,ACTIVE,M,DM,29,Madagascar,Amedspor
39629,Super Lig,Tim Jabol-Folcarelli,EUR,16923.0,1100000.0,880000.0,2025-02-11,2029-06-30,3.0,2640000.0,,ACTIVE,M,CM,26,France,Trabzonspor
39630,Super Lig,Hrvoje Smolcic,EUR,16346.0,1060000.0,850000.0,2026-07-01,2028-06-30,2.0,1700000.0,,ACTIVE,D,CB,26,Croatia,Corum
39631,Super Lig,Sontje Hansen,EUR,15577.0,1010000.0,810000.0,2026-08-20,2027-06-30,1.0,810000.0,,LOAN,F,RW,24,Curacao,Gaziantep BB
39632,Super Lig,Ianis Hagi,EUR,15577.0,1010000.0,810000.0,2025-09-05,2027-06-30,1.0,810000.0,,ACTIVE,F,AM,27,Romania,Alanyaspor
39633,Super Lig,Myenty Abena,EUR,15577.0,1010000.0,810000.0,2025-07-01,2027-06-30,1.0,810000.0,,ACTIVE,D,CB,31,Suriname,Gaziantep BB
39634,Super Lig,Meschack Elia,EUR,15577.0,1010000.0,810000.0,2025-09-12,2028-06-30,2.0,1620000.0,,ACTIVE,F,CF,29,Democratic Republic of the Congo,Alanyaspor
39635,Super Lig,Yusuf Sarı,EUR,15577.0,1010000.0,810000.0,2025-01-13,2028-06-30,2.0,1620000.0,,ACTIVE,F,RW,27,Turkey,Basaksehir
39636,Super Lig,Cihan Çanak,EUR,15000.0,900000.0,780000.0,2024-07-01,2027-06-30,1.0,780000.0,,ACTIVE,F,RW,21,Turkey,Trabzonspor
39637,Super Lig,Juan,EUR,14423.0,940000.0,750000.0,2025-08-25,2029-06-30,3.0,2250000.0,,ACTIVE,F,CF,24,Brazil,Goztepe
39638,Super Lig,Adrian Benedyczak,EUR,14423.0,940000.0,750000.0,2026-07-28,2030-06-30,4.0,3000000.0,,ACTIVE,F,CF,25,Poland,Kasimpasa
39639,Super Lig,Güven Yalçın,EUR,14423.0,940000.0,750000.0,2026-07-29,2028-06-30,2.0,1500000.0,,ACTIVE,F,CF,27,Turkey,Kasimpasa
39640,Super Lig,Fousseni Diabaté,EUR,14423.0,940000.0,750000.0,2025-09-08,2027-06-30,1.0,750000.0,,ACTIVE,F,RW,30,Mali,Kasimpasa
39641,Super Lig,Ui-jo Hwang,EUR,14423.0,940000.0,750000.0,2025-07-11,2027-06-30,1.0,750000.0,,ACTIVE,F,AM,34,South Korea,Alanyaspor
39642,Super Lig,David Bates,EUR,14423.0,940000.0,750000.0,2026-07-01,2028-06-30,2.0,1500000.0,,ACTIVE,D,CB,29,Scotland,Amedspor
39643,Super Lig,Gift Emmanuel Orban,EUR,14423.0,940000.0,750000.0,2026-07-27,2027-06-30,1.0,750000.0,,LOAN,F,CF,24,Nigeria,Amedspor
39644,Super Lig,Samuel Ballet,EUR,14423.0,940000.0,750000.0,2026-08-10,2029-06-30,3.0,2250000.0,,ACTIVE,F,RW,25,Switzerland,Amedspor
39645,Super Lig,Bertuğ Yıldırım,EUR,14423.0,940000.0,750000.0,2025-09-12,2029-06-30,3.0,2250000.0,,ACTIVE,F,CF,24,Turkey,Basaksehir
39646,Super Lig,Christopher Operi,EUR,14423.0,940000.0,750000.0,2025-01-13,2027-06-30,1.0,750000.0,,ACTIVE,D,LB,29,Cote d'Ivoire,Basaksehir
39647,Super Lig,Muhammed Şengezer,EUR,14423.0,940000.0,750000.0,2025-08-20,2028-06-30,2.0,1500000.0,,ACTIVE,K,GK,29,Turkey,Basaksehir
39648,Super Lig,Olivier Kemen,EUR,14423.0,940000.0,750000.0,2024-01-30,2027-06-30,1.0,750000.0,,ACTIVE,M,CM,30,Cameroon,Basaksehir
39649,Super Lig,Umut Güneş,EUR,14423.0,940000.0,750000.0,2025-02-11,2028-06-30,2.0,1500000.0,,ACTIVE,M,CM,26,Turkey,Basaksehir
39650,Super Lig,Emirhan Topçu,EUR,14423.0,940000.0,750000.0,2024-08-02,2028-06-30,2.0,1500000.0,,ACTIVE,D,CB,25,Turkey,Besiktas
39651,Super Lig,Modibo Sagnan,EUR,14423.0,940000.0,750000.0,2026-07-08,2028-06-30,2.0,1500000.0,,ACTIVE,D,CB,27,Mali,Caykur Rizespor
39652,Super Lig,Qazim Laci,EUR,14423.0,940000.0,750000.0,2025-07-20,2028-06-30,2.0,1500000.0,,ACTIVE,M,CM,30,Albania,Caykur Rizespor
39653,Super Lig,Taylan Antalyalı,EUR,14423.0,940000.0,750000.0,2025-08-20,2027-06-30,1.0,750000.0,,ACTIVE,M,DM,31,Turkey,Caykur Rizespor
39654,Super Lig,Tanguy Coulibaly,EUR,14423.0,940000.0,750000.0,2025-09-02,2028-06-30,2.0,1500000.0,,ACTIVE,F,RW,25,France,Samsunspor
39655,Super Lig,Gökhan Sazdağı,EUR,14423.0,940000.0,750000.0,2026-07-04,2028-06-30,2.0,1500000.0,,ACTIVE,D,RB,31,Turkey,Corum
39656,Super Lig,Eren Tozlu,EUR,14423.0,940000.0,750000.0,2026-06-30,2027-06-30,1.0,750000.0,,ACTIVE,F,CF,35,Turkey,Erzurumspor
39657,Super Lig,Gabriele Guarino,EUR,14423.0,940000.0,750000.0,2026-08-11,2031-06-30,5.0,3750000.0,,ACTIVE,D,CB,22,Italy,Samsunspor
39658,Super Lig,Martín Rodríguez,EUR,14423.0,940000.0,750000.0,2026-07-07,2027-06-30,1.0,750000.0,,ACTIVE,F,AM,32,Chile,Erzurumspor
39659,Super Lig,Emre Kılınç,EUR,14423.0,940000.0,750000.0,2025-07-01,2028-06-30,2.0,1500000.0,,ACTIVE,F,LW,32,Turkey,Samsunspor
39660,Super Lig,Elliot Watt,EUR,14423.0,940000.0,750000.0,2026-07-18,2030-06-30,4.0,3000000.0,,ACTIVE,M,DM,26,Scotland,Samsunspor
39661,Super Lig,Abdelhamid Sabiri,EUR,14423.0,940000.0,750000.0,2026-07-31,2027-06-30,1.0,750000.0,,ACTIVE,F,AM,29,Morocco,Eyupspor
39662,Super Lig,Jawad El Yamiq,EUR,14423.0,940000.0,750000.0,2026-07-15,2027-06-30,1.0,750000.0,,ACTIVE,D,CB,34,Morocco,Eyupspor
39663,Super Lig,Amara Diouf,EUR,14423.0,860000.0,750000.0,2026-07-01,2031-06-30,5.0,3750000.0,,ACTIVE,F,LW,18,Senegal,Fenerbahce
39664,Super Lig,Deniz Türüç,EUR,14423.0,940000.0,750000.0,2026-01-03,2028-06-30,2.0,1500000.0,,ACTIVE,F,RW,33,Turkey,Konyaspor
39665,Super Lig,Chidozie Awaziem,EUR,14423.0,940000.0,750000.0,2026-07-29,2028-06-30,2.0,1500000.0,,ACTIVE,D,CB,29,Nigeria,Konyaspor
39666,Super Lig,Juninho Bacuna,EUR,14423.0,940000.0,750000.0,2025-07-11,2027-06-30,1.0,750000.0,,ACTIVE,M,CM,29,Curacao,Gaziantep BB
39667,Super Lig,Kerim Calhanoglu,EUR,14423.0,940000.0,750000.0,2026-07-29,2028-06-30,2.0,1500000.0,,ACTIVE,D,LB,24,Germany,Gaziantep BB
39668,Super Lig,Luis Pérez,EUR,14423.0,940000.0,750000.0,2025-08-21,2027-06-30,1.0,750000.0,,ACTIVE,D,RB,31,Spain,Gaziantep BB
39669,Super Lig,Salih Uçan,EUR,14423.0,940000.0,750000.0,2026-08-10,2028-06-30,2.0,1500000.0,,ACTIVE,M,CM,32,Turkey,Genclerbirligi SK
39670,Super Lig,Tiago Gouveia,EUR,14423.0,940000.0,750000.0,2026-08-20,2027-06-30,1.0,750000.0,,LOAN,F,RW,25,Portugal,Genclerbirligi SK
39671,Super Lig,Rhaldney,EUR,13269.0,860000.0,690000.0,2025-07-10,2028-06-30,2.0,1380000.0,,ACTIVE,M,CM,27,Brazil,Goztepe
39672,Super Lig,Ertuğrul Taşkıran,EUR,13269.0,860000.0,690000.0,2026-07-17,2027-06-30,1.0,690000.0,,ACTIVE,K,GK,36,Turkey,Erzurumspor
39673,Super Lig,Kévin Rodrigues,EUR,13269.0,860000.0,690000.0,2026-07-09,2027-06-30,1.0,690000.0,,ACTIVE,D,LB,32,Portugal,Genclerbirligi SK
39674,Super Lig,Valentin Mihăilă,EUR,13269.0,860000.0,690000.0,2025-07-18,2029-06-30,3.0,2070000.0,,ACTIVE,F,LW,26,Romania,Caykur Rizespor
39675,Super Lig,Bilal Boutobba,EUR,13269.0,860000.0,690000.0,2026-08-05,2027-06-30,1.0,690000.0,,ACTIVE,F,RW,28,France,Eyupspor
39676,Super Lig,Can Keleş,EUR,13269.0,790000.0,690000.0,2024-07-22,2028-06-30,2.0,1380000.0,,ACTIVE,F,RW,25,Austria,Besiktas
39677,Super Lig,Melih Kabasakal,EUR,13269.0,790000.0,690000.0,2026-07-01,2028-06-30,2.0,1380000.0,,ACTIVE,M,DM,30,Turkey,Trabzonspor
39678,Super Lig,Massadio Haïdara,EUR,13269.0,860000.0,690000.0,2025-07-03,2027-06-30,1.0,690000.0,,ACTIVE,D,LB,33,Mali,Kocaelispor
39679,Super Lig,Efkan Bekiroğlu,EUR,13269.0,860000.0,690000.0,2026-05-20,2027-06-30,1.0,690000.0,,ACTIVE,F,AM,30,Turkey,Goztepe
39680,Super Lig,Janderson,EUR,13269.0,860000.0,690000.0,2025-07-01,2028-06-30,2.0,1380000.0,,ACTIVE,F,CF,27,Brazil,Goztepe
39681,Super Lig,Elias Jelert,EUR,13269.0,790000.0,690000.0,2024-07-25,2029-06-30,3.0,2070000.0,,INACTIVE,D,RB,23,Denmark,Galatasaray
39682,Super Lig,Levent Mercan,EUR,12308.0,800000.0,640000.0,2024-07-01,2028-06-30,2.0,1280000.0,,ACTIVE,D,LB,25,Turkey,Fenerbahce
39683,Super Lig,Igor Drapiński,EUR,12115.0,790000.0,630000.0,2026-08-05,2031-06-30,5.0,3150000.0,,ACTIVE,D,CB,22,Poland,Samsunspor
39684,Super Lig,Pedro Mendes,EUR,12115.0,790000.0,630000.0,2026-09-04,2028-06-30,2.0,1260000.0,,ACTIVE,F,CF,27,Portugal,Genclerbirligi SK
39685,Super Lig,Cheikh Niasse,EUR,12115.0,790000.0,630000.0,2026-08-20,2027-06-30,1.0,630000.0,,LOAN,M,DM,26,Senegal,Genclerbirligi SK
39686,Super Lig,Florian Ayé,EUR,12115.0,790000.0,630000.0,2026-08-28,2028-06-30,2.0,1260000.0,,ACTIVE,F,CF,29,France,Kocaelispor
39687,Super Lig,Mithat Pala,EUR,12115.0,790000.0,630000.0,2026-08-07,2028-06-30,2.0,1260000.0,,ACTIVE,D,RB,26,Turkey,Caykur Rizespor
39688,Super Lig,Matej Maglica,EUR,12115.0,790000.0,630000.0,2026-08-23,2028-06-30,2.0,1260000.0,,ACTIVE,D,CB,27,Croatia,Kocaelispor
39689,Super Lig,Miguel Cardoso,EUR,12115.0,790000.0,630000.0,2026-08-18,2028-06-30,2.0,1260000.0,,ACTIVE,F,LW,32,Portugal,Erzurumspor
39690,Super Lig,Emin Bayram,EUR,12115.0,790000.0,630000.0,2026-07-09,2030-06-30,4.0,2520000.0,,ACTIVE,D,CB,23,Turkey,Basaksehir
39691,Super Lig,Zak Jules,EUR,12115.0,790000.0,630000.0,2026-07-07,2027-06-30,1.0,630000.0,,ACTIVE,D,CB,29,Scotland,Eyupspor
39692,Super Lig,Doğan Alemdar,EUR,12115.0,720000.0,630000.0,2026-07-08,2030-06-30,4.0,2520000.0,,ACTIVE,K,GK,23,Turkey,Besiktas
39693,Super Lig,Ernest Poku,EUR,12115.0,790000.0,630000.0,2026-08-26,2027-06-30,1.0,630000.0,,LOAN,F,RW,22,Netherlands,Besiktas
39694,Super Lig,Ahmed Ildiz,EUR,12115.0,790000.0,630000.0,2026-01-02,2027-06-30,1.0,630000.0,,ACTIVE,M,CM,29,Turkey,Corum
39695,Super Lig,İsmail Yüksek,EUR,12115.0,760000.0,630000.0,2025-03-28,2028-06-30,2.0,1260000.0,,ACTIVE,M,DM,27,Turkey,Fenerbahce
39696,Super Lig,Junior Olaitan,EUR,12115.0,790000.0,630000.0,2026-02-03,2029-06-30,3.0,1890000.0,,ACTIVE,M,CM,24,Benin,Besiktas
39697,Super Lig,Mohamed Diomandé,EUR,12115.0,790000.0,630000.0,2026-08-12,2029-06-30,3.0,1890000.0,,ACTIVE,M,CM,24,Cote d'Ivoire,Corum
39698,Super Lig,Serdar Saatçı,EUR,12115.0,790000.0,630000.0,2026-07-07,2029-06-30,3.0,1890000.0,,ACTIVE,D,CB,23,Turkey,Corum
39699,Super Lig,Ylber Ramadani,EUR,12115.0,790000.0,630000.0,2026-07-05,2028-06-30,2.0,1260000.0,,ACTIVE,M,DM,30,Albania,Corum
39700,Super Lig,Rafael Luís,EUR,12115.0,790000.0,630000.0,2026-09-04,2028-06-30,2.0,1260000.0,,ACTIVE,M,DM,21,Portugal,Genclerbirligi SK
39701,Super Lig,Tayyip Sanuc,EUR,12115.0,790000.0,630000.0,2026-07-19,2028-06-30,2.0,1260000.0,,ACTIVE,D,CB,26,Turkey,Caykur Rizespor
39702,Super Lig,Nihad Mujakic,EUR,12115.0,790000.0,630000.0,2026-07-15,2029-06-30,3.0,1890000.0,,ACTIVE,D,CB,28,Bosnia-Herzegovina,Erzurumspor
39703,Super Lig,Sinclair Armstrong,EUR,12115.0,790000.0,630000.0,2026-07-01,2030-06-30,4.0,2520000.0,,ACTIVE,F,CF,23,Ireland,Goztepe
39704,Super Lig,Cem Üstündag,EUR,12115.0,790000.0,630000.0,2026-02-05,2028-06-30,2.0,1260000.0,,ACTIVE,M,CM,25,Austria,Amedspor
39705,Super Lig,Ermal Krasniqi,EUR,12115.0,790000.0,630000.0,2026-07-01,2028-06-30,2.0,1260000.0,,ACTIVE,F,LW,28,Kosovo,Amedspor
39706,Super Lig,Mehmet Yeşil,EUR,12115.0,790000.0,630000.0,2024-07-17,2028-06-30,2.0,1260000.0,,ACTIVE,D,CB,28,Turkey,Amedspor
39707,Super Lig,Nuno Lima,EUR,12115.0,750000.0,630000.0,2025-10-14,2029-06-30,3.0,1890000.0,,ACTIVE,D,CB,25,Portugal,Alanyaspor
39708,Super Lig,Chandrel Massanga,EUR,12115.0,790000.0,630000.0,2026-08-07,2027-06-30,1.0,630000.0,,ACTIVE,M,DM,27,Congo,Eyupspor
39709,Super Lig,Jesús Ramírez,EUR,12115.0,790000.0,630000.0,2026-08-07,2029-06-30,3.0,1890000.0,,ACTIVE,F,CF,28,Venezuela,Corum
39710,Super Lig,Konrad Michalak,EUR,12115.0,790000.0,630000.0,2026-07-03,2027-06-30,1.0,630000.0,,ACTIVE,F,LW,28,Poland,Eyupspor
39711,Super Lig,Ömer Ali Şahiner,EUR,12115.0,790000.0,630000.0,2026-05-21,2028-06-30,2.0,1260000.0,,ACTIVE,D,RB,34,Turkey,Basaksehir
39712,Super Lig,Can Bozdogan,EUR,12115.0,790000.0,630000.0,2026-09-04,2028-06-30,2.0,1260000.0,,ACTIVE,M,CM,25,Germany,Caykur Rizespor
39713,Super Lig,Okan Kocuk,EUR,11923.0,780000.0,620000.0,2025-07-16,2028-06-30,2.0,1240000.0,,ACTIVE,K,GK,31,Turkey,Samsunspor
39714,Super Lig,Haris Hajradinovic,EUR,11923.0,780000.0,620000.0,2026-04-09,2027-06-30,1.0,620000.0,,ACTIVE,F,AM,32,Bosnia-Herzegovina,Kasimpasa
39715,Super Lig,Godfried Frimpong,EUR,11923.0,780000.0,620000.0,2025-08-07,2027-06-30,1.0,620000.0,,ACTIVE,D,LB,27,Netherlands,Kasimpasa
39716,Super Lig,Metehan Mimaroğlu,EUR,11538.0,690000.0,600000.0,2026-07-01,2027-06-30,1.0,600000.0,,ACTIVE,F,LW,32,Turkey,Trabzonspor
39717,Super Lig,Fidan Aliti,EUR,11154.0,730000.0,580000.0,2025-07-12,2028-06-30,2.0,1160000.0,,ACTIVE,D,CB,32,Kosovo,Alanyaspor
39718,Super Lig,Abbosbek Fayzullaev,EUR,10769.0,700000.0,560000.0,2025-07-30,2030-06-30,4.0,2240000.0,,ACTIVE,F,RW,22,Uzbekistan,Basaksehir
39719,Super Lig,Kartal Yılmaz,EUR,10769.0,700000.0,560000.0,2025-09-10,2028-06-30,2.0,1120000.0,,ACTIVE,M,DM,25,Turkey,Besiktas
39720,Super Lig,Göktan Gürpüz,EUR,10769.0,700000.0,560000.0,2026-08-27,2027-06-30,1.0,560000.0,,LOAN,F,AM,23,Turkey,Corum
39721,Super Lig,Edin Visca,EUR,10769.0,700000.0,560000.0,2026-07-01,2027-06-30,1.0,560000.0,,ACTIVE,F,RW,36,Bosnia-Herzegovina,Basaksehir
39722,Super Lig,Kacper Kozłowski,EUR,10769.0,700000.0,560000.0,2024-07-19,2027-06-30,1.0,560000.0,,ACTIVE,F,AM,22,Poland,Gaziantep BB
39723,Super Lig,Enis Destan,EUR,10769.0,700000.0,560000.0,2026-08-14,2029-06-30,3.0,1680000.0,,ACTIVE,F,CF,24,Turkey,Konyaspor
39724,Super Lig,Ulrich Meleke,EUR,10769.0,700000.0,560000.0,2026-07-29,2028-06-30,2.0,1120000.0,,ACTIVE,M,DM,27,Cote d'Ivoire,Gaziantep BB
39725,Super Lig,Afonso Sousa,EUR,10769.0,700000.0,560000.0,2025-08-15,2030-06-30,4.0,2240000.0,,ACTIVE,F,AM,26,Portugal,Samsunspor
39726,Super Lig,Yhoan Andzouana,EUR,10769.0,700000.0,560000.0,2025-07-07,2028-06-30,2.0,1120000.0,,ACTIVE,D,RB,29,Congo,Konyaspor
39727,Super Lig,Gyrano Kerk,EUR,10769.0,700000.0,560000.0,2026-07-30,2027-06-30,1.0,560000.0,,ACTIVE,F,RW,30,Suriname,Erzurumspor
39728,Super Lig,Yira Sor,EUR,10769.0,700000.0,560000.0,2026-08-09,2029-06-30,3.0,1680000.0,,ACTIVE,F,LW,26,Nigeria,Amedspor
39729,Super Lig,Gaius Makouta,EUR,10769.0,700000.0,560000.0,2024-07-25,2027-06-30,1.0,560000.0,,ACTIVE,M,DM,29,Congo,Alanyaspor
39730,Super Lig,André Henrique,EUR,10769.0,700000.0,560000.0,2026-07-01,2030-06-30,4.0,2240000.0,,ACTIVE,F,CF,24,Brazil,Goztepe
39731,Super Lig,Ahmed Abdullahi,EUR,10769.0,700000.0,560000.0,2026-08-04,2027-06-30,1.0,560000.0,,ACTIVE,F,CF,22,Nigeria,Eyupspor
39732,Super Lig,Ali Yavuz Kol,EUR,10769.0,700000.0,560000.0,2025-07-01,2027-06-30,1.0,560000.0,,ACTIVE,F,LW,25,Turkey,Kasimpasa
39733,Super Lig,Pedro Pereira,EUR,10769.0,700000.0,560000.0,2025-07-24,2027-06-30,1.0,560000.0,,ACTIVE,D,RB,28,Portugal,Genclerbirligi SK
39734,Super Lig,Strahinja Erakovic,EUR,10577.0,630000.0,550000.0,2026-09-04,2027-06-30,1.0,550000.0,,LOAN,D,CB,25,Serbia,Samsunspor
39735,Super Lig,Onur Ergün,EUR,10577.0,690000.0,550000.0,2026-06-22,2027-06-30,1.0,550000.0,,ACTIVE,M,DM,33,Turkey,Basaksehir
39736,Super Lig,Alexandre Penetra,EUR,10000.0,650000.0,520000.0,2026-08-03,2027-06-30,1.0,520000.0,,LOAN,D,CB,24,Portugal,Corum
39737,Super Lig,Maestro,EUR,9615.0,630000.0,500000.0,2025-07-03,2029-06-30,3.0,1500000.0,,ACTIVE,M,DM,23,Angola,Alanyaspor
39738,Super Lig,Marcos Felipe,EUR,9615.0,630000.0,500000.0,2026-07-10,2028-06-30,2.0,1000000.0,,ACTIVE,K,GK,30,Brazil,Corum
39739,Super Lig,Joe Mendes,EUR,9615.0,630000.0,500000.0,2025-07-10,2030-06-30,4.0,2000000.0,,ACTIVE,D,RB,23,Sweden,Samsunspor
39740,Super Lig,Jaurès Assoumou,EUR,9615.0,630000.0,500000.0,2026-01-21,2030-06-30,4.0,2000000.0,,ACTIVE,F,LW,23,Cote d'Ivoire,Samsunspor
39741,Super Lig,Gennaro Borrelli,EUR,9615.0,630000.0,500000.0,2026-09-04,2027-06-30,1.0,500000.0,,LOAN,F,CF,26,Italy,Caykur Rizespor
39742,Super Lig,Arda Kurtulan,EUR,9615.0,630000.0,500000.0,2025-07-01,2029-06-30,3.0,1500000.0,,ACTIVE,M,RM,23,Turkey,Goztepe
39743,Super Lig,Emrecan Bulut,EUR,9615.0,630000.0,500000.0,2024-08-05,2028-06-30,2.0,1000000.0,,ACTIVE,F,LW,23,Turkey,Caykur Rizespor
39744,Super Lig,Yasin Özcan,EUR,9615.0,630000.0,500000.0,2026-01-28,2027-01-27,1.0,500000.0,,LOAN,D,CB,20,Turkey,Besiktas
39745,Super Lig,Umut Bozok,EUR,9615.0,630000.0,500000.0,2026-07-29,2028-06-30,2.0,1000000.0,,ACTIVE,F,CF,29,Turkey,Basaksehir
39746,Super Lig,Hamza Güreler,EUR,9615.0,630000.0,500000.0,2025-09-01,2028-06-30,2.0,1000000.0,,ACTIVE,D,CB,20,Turkey,Basaksehir
39747,Super Lig,Deniz Dilmen,EUR,9615.0,630000.0,500000.0,2026-09-04,2029-06-30,3.0,1500000.0,,ACTIVE,K,GK,21,Turkey,Basaksehir
39748,Super Lig,Mohamed Khalil,EUR,9615.0,630000.0,500000.0,2026-08-07,2029-06-30,3.0,1500000.0,,ACTIVE,F,LW,25,Syria,Amedspor
39749,Super Lig,Lumbardh Dellova,EUR,9615.0,630000.0,500000.0,2026-07-10,2029-06-30,3.0,1500000.0,,ACTIVE,D,CB,27,Kosovo,Amedspor
39750,Super Lig,Baran Gezek,EUR,9615.0,630000.0,500000.0,2026-08-08,2030-06-30,4.0,2000000.0,,ACTIVE,M,DM,21,Turkey,Alanyaspor
39751,Super Lig,Andri Fannar Baldursson,EUR,9615.0,630000.0,500000.0,2025-07-30,2028-06-30,2.0,1000000.0,,ACTIVE,M,DM,24,Iceland,Kasimpasa
39752,Super Lig,Adil Demirbağ,EUR,9615.0,630000.0,500000.0,2024-06-15,2027-06-30,1.0,500000.0,,ACTIVE,D,CB,28,Turkey,Konyaspor
39753,Super Lig,Paolo Fernandes,EUR,9615.0,630000.0,500000.0,2026-08-24,2027-06-30,1.0,500000.0,,LOAN,F,RW,28,Spain,Alanyaspor
39754,Super Lig,Drissa Camara,EUR,9615.0,630000.0,500000.0,2025-09-01,2028-06-30,2.0,1000000.0,,ACTIVE,M,CM,24,Cote d'Ivoire,Gaziantep BB
39755,Super Lig,Paulo Victor,EUR,9615.0,630000.0,500000.0,2026-07-03,2027-06-30,1.0,500000.0,,ACTIVE,K,GK,39,Brazil,Alanyaspor
39756,Super Lig,Kacper Tobiasz,EUR,9615.0,630000.0,500000.0,2026-07-29,2029-06-30,3.0,1500000.0,,ACTIVE,K,GK,23,Poland,Gaziantep BB
39757,Super Lig,Show,EUR,9615.0,630000.0,500000.0,2026-07-18,2029-06-30,3.0,1500000.0,,ACTIVE,M,DM,27,Angola,Kocaelispor
39758,Super Lig,Onurcan Piri,EUR,9615.0,630000.0,500000.0,2026-07-01,2027-06-30,1.0,500000.0,,ACTIVE,K,GK,31,Turkey,Kocaelispor
39759,Super Lig,Noah Sonko Sundberg,EUR,9615.0,630000.0,500000.0,2026-07-03,2028-06-30,2.0,1000000.0,,ACTIVE,D,CB,30,The Gambia,Goztepe
39760,Super Lig,Makana Baku,EUR,9615.0,630000.0,500000.0,2026-07-01,2028-06-30,2.0,1000000.0,,ACTIVE,F,LW,28,Germany,Kocaelispor
39761,Super Lig,Dimitrios Goutas,EUR,9615.0,630000.0,500000.0,2025-07-11,2027-06-30,1.0,500000.0,,ACTIVE,D,CB,32,Greece,Genclerbirligi SK
39762,Super Lig,Malcom Bokele,EUR,9615.0,630000.0,500000.0,2024-08-14,2027-06-30,1.0,500000.0,,ACTIVE,D,CB,26,Cameroon,Goztepe
39763,Super Lig,Metehan Baltacı,EUR,9615.0,630000.0,500000.0,2026-08-22,2027-06-30,1.0,500000.0,,LOAN,D,CB,23,Turkey,Genclerbirligi SK
39764,Super Lig,Luka Gugeshashvili,EUR,9615.0,630000.0,500000.0,2026-07-29,2027-06-30,1.0,500000.0,,LOAN,K,GK,27,Georgia,Goztepe
39765,Super Lig,Samed Onur,EUR,9615.0,630000.0,500000.0,2026-07-03,2029-06-30,3.0,1500000.0,,ACTIVE,M,CM,24,Turkey,Samsunspor
39766,Super Lig,Zakaria Ariss,EUR,9615.0,630000.0,500000.0,2026-07-01,2030-06-30,4.0,2000000.0,,ACTIVE,D,LB,22,Morocco,Caykur Rizespor
39767,Super Lig,Oskar Øhlenschlæger,EUR,9615.0,630000.0,500000.0,2026-08-24,2031-06-30,5.0,2500000.0,,ACTIVE,F,RW,22,Denmark,Samsunspor
39768,Super Lig,Nariman Akhundzada,EUR,9231.0,550000.0,480000.0,2026-08-03,2027-06-30,1.0,480000.0,,LOAN,F,CF,22,Azerbaijan,Erzurumspor
39769,Super Lig,Dal Varesanovic,EUR,8654.0,560000.0,450000.0,2024-11-26,2027-06-30,1.0,450000.0,,ACTIVE,F,AM,25,Bosnia-Herzegovina,Caykur Rizespor
39770,Super Lig,Bahadır Güngördü,EUR,8462.0,550000.0,440000.0,2025-01-16,2027-06-30,1.0,440000.0,,ACTIVE,K,GK,30,Turkey,Konyaspor
39771,Super Lig,Iván Cédric,EUR,8462.0,550000.0,440000.0,2026-08-21,2030-06-30,4.0,1760000.0,,ACTIVE,F,CF,24,Cameroon,Alanyaspor
39772,Super Lig,Aleksandar Jovanović,EUR,8462.0,550000.0,440000.0,2025-07-01,2027-06-30,1.0,440000.0,,ACTIVE,K,GK,33,Serbia,Kocaelispor
39773,Super Lig,Antoine Sekongo,EUR,8462.0,550000.0,440000.0,2026-08-04,2031-06-30,5.0,2200000.0,,ACTIVE,M,CM,22,Mali,Samsunspor
39774,Super Lig,Bilal Bayazıt,EUR,8462.0,550000.0,440000.0,2026-07-03,2030-06-30,4.0,1760000.0,,ACTIVE,K,GK,27,Turkey,Samsunspor
39775,Super Lig,Gökhan Gül,EUR,8462.0,550000.0,440000.0,2026-08-10,2028-06-30,2.0,880000.0,,ACTIVE,M,DM,28,Germany,Amedspor
39776,Super Lig,Furkan Soyalp,EUR,8462.0,550000.0,440000.0,2026-07-10,2027-06-30,1.0,440000.0,,ACTIVE,M,CM,31,Turkey,Amedspor
39777,Super Lig,Elayis Tavsan,EUR,8462.0,550000.0,440000.0,2026-01-16,2030-06-30,4.0,1760000.0,,ACTIVE,F,RW,25,Turkey,Samsunspor
39778,Super Lig,Thalisson,EUR,8462.0,550000.0,440000.0,2025-07-04,2027-06-30,1.0,440000.0,,ACTIVE,D,CB,28,Brazil,Genclerbirligi SK
39779,Super Lig,İbrahim Kaya,EUR,8462.0,550000.0,440000.0,2025-07-01,2029-06-30,3.0,1320000.0,,ACTIVE,F,AM,25,Turkey,Alanyaspor
39780,Super Lig,Jesurun Rak-Sakyi,EUR,8462.0,550000.0,440000.0,2026-09-04,2027-06-30,1.0,440000.0,,LOAN,F,RW,23,Ghana,Kasimpasa
39781,Super Lig,Kamil Ahmet Çörekçi,EUR,8462.0,550000.0,440000.0,2026-01-06,2027-06-30,1.0,440000.0,,ACTIVE,D,RB,34,Turkey,Kasimpasa
39782,Super Lig,Alex Matos,EUR,8462.0,550000.0,440000.0,2026-07-02,2027-06-30,1.0,440000.0,,LOAN,M,CM,21,England,Goztepe
39783,Super Lig,Tobias Gulliksen,EUR,8462.0,550000.0,440000.0,2026-09-01,2027-06-30,1.0,440000.0,,LOAN,F,AM,23,Norway,Kocaelispor
39784,Super Lig,Deian Sorescu,EUR,8462.0,550000.0,440000.0,2024-08-10,2027-06-30,1.0,440000.0,,ACTIVE,D,RB,29,Romania,Gaziantep BB
39785,Super Lig,Nazım Sangaré,EUR,8462.0,550000.0,440000.0,2026-07-08,2028-06-30,2.0,880000.0,,ACTIVE,D,CB,32,Turkey,Gaziantep BB
39786,Super Lig,Serdar Dursun,EUR,8462.0,550000.0,440000.0,2026-08-07,2027-06-30,1.0,440000.0,,ACTIVE,F,CF,34,Turkey,Gaziantep BB
39787,Super Lig,Logi Tómasson,EUR,8462.0,550000.0,440000.0,2025-07-01,2029-06-30,3.0,1320000.0,,ACTIVE,D,LB,25,Iceland,Samsunspor
39788,Super Lig,Trivante Stewart,EUR,8462.0,550000.0,440000.0,2026-07-29,2027-06-30,1.0,440000.0,,LOAN,F,CF,26,Jamaica,Gaziantep BB
39789,Super Lig,Mustafa Fettahoğlu,EUR,8462.0,550000.0,440000.0,2024-08-13,2027-06-30,1.0,440000.0,,ACTIVE,F,LW,25,Turkey,Erzurumspor
39790,Super Lig,Khusniddin Alikulov,EUR,8462.0,550000.0,440000.0,2026-02-09,2027-06-30,1.0,440000.0,,ACTIVE,D,CB,27,Uzbekistan,Caykur Rizespor
39791,Super Lig,Alexis Antunes,EUR,8462.0,550000.0,440000.0,2026-01-05,2029-06-30,3.0,1320000.0,,ACTIVE,F,AM,26,Switzerland,Goztepe
39792,Super Lig,Adama Traoré,EUR,8462.0,550000.0,440000.0,2025-08-15,2027-06-30,1.0,440000.0,,ACTIVE,F,RW,31,Mali,Genclerbirligi SK
39793,Super Lig,Guram Giorbelidze,EUR,8462.0,550000.0,440000.0,2025-07-01,2027-06-30,1.0,440000.0,,ACTIVE,D,LB,30,Georgia,Erzurumspor
39794,Super Lig,Emir Ortakaya,EUR,8462.0,550000.0,440000.0,2026-07-05,2028-06-30,2.0,880000.0,,ACTIVE,D,CB,22,Turkey,Kocaelispor
39795,Super Lig,Franco Tongya,EUR,8462.0,550000.0,440000.0,2025-09-05,2027-06-30,1.0,440000.0,,ACTIVE,M,CM,24,Italy,Genclerbirligi SK
39796,Super Lig,İrfan Can Eğribayat,EUR,8462.0,550000.0,440000.0,2026-08-13,2028-06-30,2.0,880000.0,,ACTIVE,K,GK,28,Turkey,Genclerbirligi SK
39797,Super Lig,Festy Ebosele,EUR,8462.0,550000.0,440000.0,2026-08-07,2027-06-30,1.0,440000.0,,LOAN,D,RB,24,Ireland,Erzurumspor
39798,Super Lig,Oğulcan Ülgün,EUR,8462.0,550000.0,440000.0,2025-07-25,2027-06-30,1.0,440000.0,,ACTIVE,M,CM,28,Turkey,Genclerbirligi SK
39799,Super Lig,Bekir Turaç Böke,EUR,8462.0,550000.0,440000.0,2026-08-18,2029-06-30,3.0,1320000.0,,ACTIVE,F,CF,27,Turkey,Goztepe
39800,Super Lig,Simone Giordano,EUR,8462.0,550000.0,440000.0,2026-08-23,2028-06-30,2.0,880000.0,,ACTIVE,D,LB,24,Italy,Eyupspor
39801,Super Lig,Deniz Ertaş,EUR,8462.0,550000.0,440000.0,2023-12-20,2027-06-30,1.0,440000.0,,ACTIVE,K,GK,21,Turkey,Konyaspor
39802,Super Lig,Lenny Pintor,EUR,8462.0,550000.0,440000.0,2026-01-09,2027-06-30,1.0,440000.0,,ACTIVE,F,LW,26,France,Eyupspor
39803,Super Lig,Horațiu Moldovan,EUR,8462.0,550000.0,440000.0,2026-07-14,2027-06-30,1.0,440000.0,,LOAN,K,GK,28,Romania,Eyupspor
39804,Super Lig,Marko Jevtović,EUR,8462.0,550000.0,440000.0,2026-08-07,2027-06-30,1.0,440000.0,,ACTIVE,M,DM,33,Serbia,Konyaspor
39805,Super Lig,Kazımcan Karataş,EUR,7692.0,460000.0,400000.0,2022-07-01,2027-06-30,1.0,400000.0,,ACTIVE,D,LB,23,Turkey,Galatasaray
39806,Super Lig,Eyüp Aydın,EUR,7692.0,460000.0,400000.0,2023-09-15,2027-06-30,1.0,400000.0,,ACTIVE,M,DM,22,Turkey,Galatasaray
39807,Super Lig,Andreas Gianniotis,EUR,7500.0,490000.0,390000.0,2025-06-05,2027-06-30,1.0,390000.0,,ACTIVE,K,GK,33,Greece,Kasimpasa
39808,Super Lig,Uğur Kaan Yıldız,EUR,7308.0,480000.0,380000.0,2026-07-01,2028-06-30,2.0,760000.0,,ACTIVE,M,CM,24,Turkey,Kocaelispor
39809,Super Lig,Semih Kılıçsoy,EUR,7308.0,480000.0,380000.0,2024-01-02,2028-06-30,2.0,760000.0,,ACTIVE,F,CF,21,Turkey,Besiktas
39810,Super Lig,Mete Kaan Demir,EUR,7308.0,480000.0,380000.0,2026-07-24,2027-06-30,1.0,380000.0,,ACTIVE,F,RW,28,Turkey,Eyupspor
39811,Super Lig,Tino Anjorin,EUR,7308.0,480000.0,380000.0,2026-09-04,2027-06-30,1.0,380000.0,,LOAN,M,CM,24,England,Goztepe
39812,Super Lig,Arda Şengül,EUR,7308.0,480000.0,380000.0,2025-07-26,2028-06-30,2.0,760000.0,,ACTIVE,D,CB,27,Turkey,Corum
39813,Super Lig,Orhan Ovacıklı,EUR,7308.0,480000.0,380000.0,2026-06-30,2027-06-30,1.0,380000.0,,ACTIVE,D,RB,37,Turkey,Erzurumspor
39814,Super Lig,Florin Ștefan,EUR,7308.0,480000.0,380000.0,2026-07-29,2027-06-30,1.0,380000.0,,ACTIVE,D,LB,30,Romania,Gaziantep BB
39815,Super Lig,Ivan Brnic,EUR,7308.0,480000.0,380000.0,2025-02-11,2028-06-30,2.0,760000.0,,ACTIVE,F,LW,25,Croatia,Basaksehir
39816,Super Lig,Yusuf Özdemir,EUR,7308.0,480000.0,380000.0,2023-09-25,2028-06-30,2.0,760000.0,,ACTIVE,M,LM,25,Turkey,Alanyaspor
39817,Super Lig,Mortadha Ben Ouanes,EUR,7308.0,480000.0,380000.0,2025-06-05,2027-06-30,1.0,380000.0,,ACTIVE,F,LW,32,Tunisia,Kasimpasa
39818,Super Lig,Ahmet Oğuz,EUR,7308.0,480000.0,380000.0,2026-09-04,2027-06-30,1.0,380000.0,,ACTIVE,D,RB,33,Turkey,Konyaspor
39819,Super Lig,Tanguy Zoukrou,EUR,7308.0,480000.0,380000.0,2026-07-06,2027-06-30,1.0,380000.0,,LOAN,D,CB,23,France,Kocaelispor
39820,Super Lig,Atakan Akkaynak,EUR,7308.0,480000.0,380000.0,2025-09-12,2028-06-30,2.0,760000.0,,ACTIVE,M,CM,27,Turkey,Corum
39821,Super Lig,Jakub Kaluzinski,EUR,7308.0,480000.0,380000.0,2025-09-12,2029-06-30,3.0,1140000.0,,ACTIVE,M,DM,23,Poland,Basaksehir
39822,Super Lig,Gökdeniz Bayrakdar,EUR,7308.0,480000.0,380000.0,2026-08-04,2029-06-30,3.0,1140000.0,,ACTIVE,F,CF,24,Turkey,Goztepe
39823,Super Lig,Rigoberto Rivas,EUR,7308.0,480000.0,380000.0,2025-04-22,2027-06-30,1.0,380000.0,,ACTIVE,F,LW,28,Honduras,Kocaelispor
39824,Super Lig,Markus Seehusen Karlsbakk,EUR,7308.0,480000.0,380000.0,2026-08-08,2029-06-30,3.0,1140000.0,,ACTIVE,M,CM,26,Norway,Corum
39825,Super Lig,Mustafa Yumlu,EUR,7308.0,480000.0,380000.0,2026-06-30,2027-06-30,1.0,380000.0,,ACTIVE,D,CB,38,Turkey,Erzurumspor
39826,Super Lig,Celil Yüksel,EUR,7308.0,480000.0,380000.0,2025-02-22,2027-06-30,1.0,380000.0,,ACTIVE,M,CM,28,Turkey,Samsunspor
39827,Super Lig,Emircan Gürlük,EUR,7308.0,480000.0,380000.0,2026-07-08,2028-06-30,2.0,760000.0,,ACTIVE,F,LW,22,Turkey,Corum
39828,Super Lig,Kévin Mouanga,EUR,7308.0,480000.0,380000.0,2026-08-25,2030-06-30,4.0,1520000.0,,ACTIVE,D,CB,26,Congo,Kasimpasa
39829,Super Lig,Ömer Bayram,EUR,7308.0,480000.0,380000.0,2026-09-04,2027-06-30,1.0,380000.0,,ACTIVE,D,LB,35,Turkey,Kasimpasa
39830,Super Lig,Adedire Mebude,EUR,7308.0,480000.0,380000.0,2026-01-14,2030-06-30,4.0,1520000.0,,ACTIVE,F,RW,22,Scotland,Caykur Rizespor
39831,Super Lig,Metehan Altunbaş,EUR,7308.0,480000.0,380000.0,2026-08-07,2029-06-30,3.0,1140000.0,,ACTIVE,F,CF,23,Turkey,Kocaelispor
39832,Super Lig,Kahraman Demirtaş,EUR,7308.0,480000.0,380000.0,2025-07-15,2027-06-30,1.0,380000.0,,ACTIVE,D,CB,32,Turkey,Amedspor
39833,Super Lig,Ebrima Colley,EUR,7308.0,480000.0,380000.0,2026-07-15,2027-06-30,1.0,380000.0,,LOAN,F,LW,26,The Gambia,Konyaspor
39834,Super Lig,Brandon Baiye,EUR,7308.0,480000.0,380000.0,2025-07-09,2027-06-30,1.0,380000.0,,ACTIVE,M,DM,25,Belgium,Erzurumspor
39835,Super Lig,Gökhan Akkan,EUR,7308.0,480000.0,380000.0,2026-07-01,2027-06-30,1.0,380000.0,,ACTIVE,K,GK,31,Turkey,Genclerbirligi SK
39836,Super Lig,Cemali Sertel,EUR,7308.0,480000.0,380000.0,2025-08-06,2028-06-30,2.0,760000.0,,ACTIVE,D,LB,26,Turkey,Corum
39837,Super Lig,Mustafa Burak Bozan,EUR,7308.0,480000.0,380000.0,2026-07-04,2029-06-30,3.0,1140000.0,,ACTIVE,K,GK,26,Turkey,Amedspor
40818,MLS,Johan Gómez,EUR,,,,2026-09-02,2029-06-30,4.0,,,ACTIVE,F,AM,25,United States,Chicago Fire
39838,Super Lig,Gonçalo Sousa,EUR,7308.0,480000.0,380000.0,2026-08-19,2027-06-30,1.0,380000.0,,LOAN,F,RW,20,Portugal,Kocaelispor
39839,Super Lig,Rayan Lutin,EUR,7308.0,480000.0,380000.0,2026-08-10,2028-06-30,2.0,760000.0,,ACTIVE,F,AM,23,Comoros,Amedspor
39840,Super Lig,Tarık Çetin,EUR,7308.0,480000.0,380000.0,2026-05-16,2029-06-30,3.0,1140000.0,,ACTIVE,K,GK,29,Turkey,Fenerbahce
39841,Super Lig,Toni Borevković,EUR,7308.0,480000.0,380000.0,2025-08-15,2028-06-30,2.0,760000.0,,INACTIVE,D,CB,29,Croatia,Samsunspor
39842,Super Lig,Ensar Çavuşoğlu,EUR,7308.0,480000.0,380000.0,2026-07-17,2029-06-30,3.0,1140000.0,,ACTIVE,D,CB,24,Turkey,Genclerbirligi SK
39843,Super Lig,Arif Boşluk,EUR,7308.0,480000.0,380000.0,2026-07-01,2027-06-30,1.0,380000.0,,ACTIVE,D,LB,23,Turkey,Konyaspor
39844,Super Lig,Umut Meraş,EUR,7308.0,480000.0,380000.0,2026-07-14,2028-06-30,2.0,760000.0,,ACTIVE,D,LB,30,Turkey,Amedspor
39845,Super Lig,Amar Gerxhaliu,EUR,7308.0,480000.0,380000.0,2026-06-01,2027-06-30,1.0,380000.0,,ACTIVE,D,CB,24,Kosovo,Erzurumspor
39846,Super Lig,Alexandros Kyziridis,EUR,7308.0,480000.0,380000.0,2026-08-10,2029-06-30,3.0,1140000.0,,ACTIVE,F,LW,25,Greece,Corum
39847,Super Lig,Fatih Aksoy,EUR,7115.0,460000.0,370000.0,2025-07-22,2027-06-30,1.0,370000.0,,ACTIVE,D,CB,28,Turkey,Alanyaspor
39848,Super Lig,Ali Habeşoğlu,EUR,6731.0,400000.0,350000.0,2026-09-04,2029-06-30,3.0,1050000.0,,ACTIVE,F,CF,22,Turkey,Trabzonspor
39849,Super Lig,Cláudio Winck,EUR,6538.0,430000.0,340000.0,2025-06-05,2027-06-30,1.0,340000.0,,ACTIVE,D,RB,32,Brazil,Kasimpasa
39850,Super Lig,Furkan Bayır,EUR,6538.0,430000.0,340000.0,2025-01-28,2028-06-30,2.0,680000.0,,ACTIVE,D,CB,26,Turkey,Goztepe
39851,Super Lig,Mahamadou Susoho,EUR,5962.0,390000.0,310000.0,2026-01-31,2028-06-30,2.0,620000.0,,ACTIVE,M,DM,21,Spain,Kocaelispor
39852,Super Lig,Dan Agyei,EUR,5962.0,390000.0,310000.0,2025-07-01,2027-06-30,1.0,310000.0,,ACTIVE,F,RW,29,Ghana,Kocaelispor
39853,Super Lig,Miraç Acer,EUR,5962.0,390000.0,310000.0,2025-09-11,2027-06-30,1.0,310000.0,,ACTIVE,D,CB,30,Turkey,Amedspor
39854,Super Lig,Jerome Opoku,EUR,5962.0,390000.0,310000.0,2024-07-01,2027-06-30,1.0,310000.0,,ACTIVE,D,CB,27,Ghana,Basaksehir
39855,Super Lig,Ousmane Diabate,EUR,5962.0,390000.0,310000.0,2026-08-26,2027-06-30,1.0,310000.0,,LOAN,M,DM,18,Guinea,Genclerbirligi SK
39856,Super Lig,Emre Demir,EUR,5962.0,390000.0,310000.0,2026-08-26,2029-06-30,3.0,930000.0,,ACTIVE,F,AM,22,Turkey,Alanyaspor
39857,Super Lig,Yusuf Barası,EUR,5962.0,390000.0,310000.0,2026-08-13,2027-06-30,1.0,310000.0,,LOAN,F,CF,23,Turkey,Eyupspor
39858,Super Lig,Marcus Rafferty,EUR,5962.0,390000.0,310000.0,2026-07-01,2030-06-30,4.0,1240000.0,,ACTIVE,F,LW,21,Sweden,Kasimpasa
39859,Super Lig,Ogün Bayrak,EUR,5962.0,390000.0,310000.0,2025-08-21,2028-06-30,2.0,620000.0,,ACTIVE,M,RM,27,Turkey,Goztepe
39860,Super Lig,Arda Kızıldağ,EUR,5962.0,390000.0,310000.0,2025-06-18,2027-06-30,1.0,310000.0,,ACTIVE,D,CB,27,Turkey,Gaziantep BB
39861,Super Lig,Arseniy Batagov,EUR,5962.0,390000.0,310000.0,2024-08-06,2028-06-30,2.0,620000.0,,ACTIVE,D,CB,24,Ukraine,Trabzonspor
39862,Super Lig,Batuhan Çelik,EUR,5962.0,390000.0,310000.0,2023-08-09,2027-06-30,1.0,310000.0,,ACTIVE,F,CF,21,Turkey,Basaksehir
39863,Super Lig,Taha Altıkardeş,EUR,5962.0,390000.0,310000.0,2025-07-13,2028-06-30,2.0,620000.0,,ACTIVE,D,CB,23,Turkey,Goztepe
39864,Super Lig,Uğurcan Yazğılı,EUR,5962.0,390000.0,310000.0,2025-08-14,2027-06-30,1.0,310000.0,,ACTIVE,D,CB,27,Turkey,Konyaspor
39865,Super Lig,Fredy,EUR,5962.0,390000.0,310000.0,2026-01-20,2027-06-30,1.0,310000.0,,ACTIVE,M,CM,36,Angola,Corum
39866,Super Lig,Matei Ilie,EUR,5962.0,390000.0,310000.0,2026-07-01,2030-06-30,4.0,1240000.0,,ACTIVE,D,CB,23,Romania,Kasimpasa
39867,Super Lig,İzzet Çelik,EUR,5962.0,390000.0,310000.0,2025-07-02,2029-06-30,3.0,930000.0,,ACTIVE,M,CM,22,Turkey,Alanyaspor
39868,Super Lig,Tayfur Bingöl,EUR,5962.0,390000.0,310000.0,2025-08-22,2027-06-30,1.0,310000.0,,ACTIVE,M,CM,33,Turkey,Kocaelispor
39869,Super Lig,Allan Godói,EUR,5962.0,390000.0,310000.0,2025-07-01,2027-06-30,1.0,310000.0,,ACTIVE,D,CB,33,Brazil,Goztepe
39870,Super Lig,Ayberk Karapo,EUR,5962.0,390000.0,310000.0,2026-07-09,2030-06-30,4.0,1240000.0,,ACTIVE,D,RB,22,Turkey,Kasimpasa
39871,Super Lig,Richard Akonnor,EUR,5962.0,390000.0,310000.0,2026-08-20,2027-06-30,1.0,310000.0,,LOAN,M,LM,22,United Arab Emirates,Goztepe
39872,Super Lig,Fuat Bavuk,EUR,5962.0,390000.0,310000.0,2026-07-29,2028-06-30,2.0,620000.0,,ACTIVE,F,CF,26,Turkey,Gaziantep BB
39873,Super Lig,Erhan Erentürk,EUR,5962.0,390000.0,310000.0,2026-07-08,2028-06-30,2.0,620000.0,,ACTIVE,K,GK,31,Turkey,Corum
39874,Super Lig,Enver Kulasin,EUR,5962.0,390000.0,310000.0,2025-07-27,2028-06-30,2.0,620000.0,,ACTIVE,F,RW,22,Bosnia-Herzegovina,Gaziantep BB
39875,Super Lig,Anfernee Dijksteel,EUR,5962.0,390000.0,310000.0,2025-07-25,2027-06-30,1.0,310000.0,,ACTIVE,D,CB,29,Suriname,Kocaelispor
39876,Super Lig,Thiemoko Diarra,EUR,5962.0,390000.0,310000.0,2026-07-09,2030-06-30,4.0,1240000.0,,ACTIVE,F,LW,23,Mali,Kasimpasa
39877,Super Lig,Yalçın Kayan,EUR,5962.0,390000.0,310000.0,2026-01-09,2028-06-30,2.0,620000.0,,ACTIVE,M,CM,27,Turkey,Samsunspor
39878,Super Lig,Enes Keskin,EUR,5000.0,330000.0,260000.0,2025-01-30,2029-06-30,3.0,780000.0,,ACTIVE,M,RM,25,Turkey,Alanyaspor
39879,Super Lig,Ibrahim Diabate,EUR,5000.0,330000.0,260000.0,2026-08-26,2027-06-30,1.0,260000.0,,LOAN,F,CF,26,Cote d'Ivoire,Erzurumspor
39880,Super Lig,Arda Usluoğlu,EUR,4808.0,310000.0,250000.0,2024-09-13,2027-06-30,1.0,250000.0,,ACTIVE,F,CF,19,Turkey,Alanyaspor
39881,Super Lig,Omar Ben Ali,EUR,4808.0,310000.0,250000.0,2026-07-06,2030-06-30,4.0,1000000.0,,ACTIVE,F,CF,21,Tunisia,Alanyaspor
39882,Super Lig,Ali Turap Bülbül,EUR,4808.0,310000.0,250000.0,2026-08-17,2028-06-30,2.0,500000.0,,ACTIVE,D,RB,21,Turkey,Amedspor
39883,Super Lig,Veysel Sapan,EUR,4808.0,310000.0,250000.0,2025-07-03,2028-06-30,2.0,500000.0,,ACTIVE,K,GK,30,Turkey,Amedspor
39884,Super Lig,Volkan Babacan,EUR,4808.0,310000.0,250000.0,2026-06-22,2027-06-30,1.0,250000.0,,ACTIVE,K,GK,38,Turkey,Basaksehir
39885,Super Lig,Ahmet Sami Bircan,EUR,4808.0,310000.0,250000.0,2026-07-01,2028-06-30,2.0,500000.0,,ACTIVE,F,CF,19,Turkey,Besiktas
39886,Super Lig,İlhan Fakılı,EUR,4808.0,310000.0,250000.0,2026-07-05,2030-06-30,4.0,1000000.0,,ACTIVE,F,LW,20,Turkey,Besiktas
39887,Super Lig,Mustafa Hekimoğlu,EUR,4808.0,310000.0,250000.0,2025-02-17,2028-06-30,2.0,500000.0,,ACTIVE,F,CF,19,Turkey,Besiktas
39888,Super Lig,Attila Mocsi,EUR,4808.0,310000.0,250000.0,2023-08-25,2027-06-30,1.0,250000.0,,ACTIVE,D,CB,26,Hungary,Caykur Rizespor
39889,Super Lig,Umut Erdem,EUR,4808.0,310000.0,250000.0,2026-08-13,2029-06-30,3.0,750000.0,,ACTIVE,D,LB,22,Turkey,Caykur Rizespor
39890,Super Lig,Andrei Borza,EUR,4808.0,310000.0,250000.0,2026-07-24,2030-06-30,4.0,1000000.0,,ACTIVE,D,LB,20,Romania,Corum
39891,Super Lig,Matija Orbanic,EUR,4808.0,310000.0,250000.0,2025-07-01,2027-06-30,1.0,250000.0,,ACTIVE,K,GK,26,Croatia,Erzurumspor
39892,Super Lig,Sefa Akgün,EUR,4808.0,310000.0,250000.0,2026-06-24,2027-06-30,1.0,250000.0,,ACTIVE,M,CM,26,Turkey,Erzurumspor
39893,Super Lig,Anıl Yaşar,EUR,4808.0,310000.0,250000.0,2026-07-28,2027-06-30,1.0,250000.0,,LOAN,D,CB,24,Turkey,Eyupspor
39894,Super Lig,David Costa,EUR,4808.0,310000.0,250000.0,2026-07-07,2027-06-30,1.0,250000.0,,ACTIVE,F,AM,22,Cape Verde,Eyupspor
39895,Super Lig,Emre Bilgin,EUR,4808.0,310000.0,250000.0,2026-08-15,2028-06-30,2.0,500000.0,,ACTIVE,K,GK,22,Turkey,Eyupspor
39896,Super Lig,Talha Ülvan,EUR,4808.0,310000.0,250000.0,2025-07-02,2028-06-30,2.0,500000.0,,ACTIVE,D,RB,25,Turkey,Eyupspor
39897,Super Lig,Arda Ünyay,EUR,4808.0,290000.0,250000.0,2025-07-01,2028-06-30,2.0,500000.0,,ACTIVE,D,CB,19,Turkey,Galatasaray
39898,Super Lig,Armando Güner,EUR,4808.0,290000.0,250000.0,2026-02-05,2030-06-30,4.0,1000000.0,,ACTIVE,F,RW,18,Argentina,Galatasaray
39899,Super Lig,Berat Luş,EUR,4808.0,310000.0,250000.0,2026-08-13,2029-06-30,3.0,750000.0,,ACTIVE,F,LW,19,Turkey,Galatasaray
39900,Super Lig,Enes Emre Büyük,EUR,4808.0,310000.0,250000.0,2026-09-04,2028-06-30,2.0,500000.0,,ACTIVE,K,GK,20,Turkey,Galatasaray
39901,Super Lig,Ataberk Dadakdeniz,EUR,4808.0,310000.0,250000.0,2026-09-04,2027-06-30,1.0,250000.0,,ACTIVE,K,GK,27,Turkey,Gaziantep BB
39902,Super Lig,Efe Sarıkaya,EUR,4808.0,310000.0,250000.0,2026-09-04,2028-06-30,2.0,500000.0,,ACTIVE,D,CB,20,Turkey,Gaziantep BB
39903,Super Lig,Ogün Özçiçek,EUR,4808.0,310000.0,250000.0,2024-08-08,2027-06-30,1.0,250000.0,,ACTIVE,M,DM,27,Turkey,Gaziantep BB
39904,Super Lig,Sabahattin Destici,EUR,4808.0,310000.0,250000.0,2026-07-29,2028-06-30,2.0,500000.0,,ACTIVE,D,RB,26,Turkey,Gaziantep BB
39905,Super Lig,Jakob Jessen,EUR,4808.0,310000.0,250000.0,2026-07-12,2030-06-30,4.0,1000000.0,,ACTIVE,D,LB,22,Denmark,Kasimpasa
39906,Super Lig,Onur Öztonga,EUR,4808.0,310000.0,250000.0,2020-08-27,2027-06-30,1.0,250000.0,,ACTIVE,D,CB,26,Turkey,Kocaelispor
39907,Super Lig,Melih İbrahimoğlu,EUR,4808.0,310000.0,250000.0,2024-07-19,2027-06-30,1.0,250000.0,,ACTIVE,M,CM,26,Turkey,Konyaspor
39908,Super Lig,Rajmund Tóth,EUR,4808.0,310000.0,250000.0,2026-08-18,2030-06-30,4.0,1000000.0,,ACTIVE,M,DM,22,Hungary,Konyaspor
39909,Super Lig,Siaka Bakayoko,EUR,3654.0,240000.0,190000.0,2026-07-01,2029-06-30,3.0,570000.0,,ACTIVE,D,CB,21,France,Caykur Rizespor
39910,Super Lig,Saba Kharebashvili,EUR,3654.0,240000.0,190000.0,2026-09-03,2030-06-30,4.0,760000.0,,ACTIVE,D,LB,18,Georgia,Basaksehir
39911,Super Lig,Fıratcan Üzüm,EUR,3654.0,240000.0,190000.0,2026-06-20,2027-06-30,1.0,190000.0,,ACTIVE,D,RB,27,Turkey,Genclerbirligi SK
39912,Super Lig,Hamza Akman,EUR,3654.0,240000.0,190000.0,2025-01-17,2028-06-30,2.0,380000.0,,ACTIVE,M,CM,21,Turkey,Eyupspor
39913,Super Lig,Yiğit Demir,EUR,3654.0,240000.0,190000.0,2026-08-23,2029-06-30,3.0,570000.0,,ACTIVE,D,CB,23,Turkey,Eyupspor
39914,Super Lig,Bartuğ Elmaz,EUR,3654.0,240000.0,190000.0,2023-07-20,2028-06-30,2.0,380000.0,,ACTIVE,M,DM,23,Turkey,Fenerbahce
39915,Super Lig,Novatus Miroshi,EUR,3654.0,240000.0,190000.0,2024-07-23,2028-06-30,2.0,380000.0,,ACTIVE,M,DM,24,Tanzania,Goztepe
39916,Super Lig,Yakup Kırtay,EUR,3654.0,240000.0,190000.0,2022-07-01,2027-06-30,1.0,190000.0,,ACTIVE,D,CB,23,Turkey,Erzurumspor
39917,Super Lig,Emirhan Acar,EUR,3654.0,240000.0,190000.0,2026-09-04,2029-06-30,3.0,570000.0,,ACTIVE,M,CM,21,Turkey,Erzurumspor
39918,Super Lig,Amadou Cissé,EUR,3654.0,240000.0,190000.0,2026-07-08,2029-06-30,3.0,570000.0,,ACTIVE,D,CB,20,Guinea,Amedspor
39919,Super Lig,Cengizhan Bayrak,EUR,3654.0,240000.0,190000.0,2026-06-30,2027-06-30,1.0,190000.0,,ACTIVE,D,LB,26,Turkey,Erzurumspor
39920,Super Lig,Dilhan Demir,EUR,3654.0,240000.0,190000.0,2026-09-04,2027-06-30,1.0,190000.0,,ACTIVE,F,RW,23,Germany,Amedspor
39921,Super Lig,Serhat Öztaşdelen,EUR,3654.0,240000.0,190000.0,2025-08-01,2027-06-30,1.0,190000.0,,ACTIVE,K,GK,21,Turkey,Kocaelispor
39922,Super Lig,Elson Mendes,EUR,3654.0,240000.0,190000.0,2026-07-01,2030-06-30,4.0,760000.0,,ACTIVE,M,DM,20,Cape Verde,Kasimpasa
39923,Super Lig,Moussa Diakité,EUR,3654.0,240000.0,190000.0,2026-08-14,2027-06-30,1.0,190000.0,,LOAN,M,CM,22,Mali,Caykur Rizespor
39924,Super Lig,Mirza Cihan,EUR,3654.0,240000.0,190000.0,2022-09-15,2027-06-30,1.0,190000.0,,ACTIVE,F,LW,25,Turkey,Gaziantep BB
39925,Super Lig,Muharrem Cinan,EUR,3654.0,240000.0,190000.0,2026-04-09,2027-06-30,1.0,190000.0,,ACTIVE,D,LB,28,Turkey,Kocaelispor
39926,Super Lig,Zafer Görgen,EUR,3654.0,240000.0,190000.0,2022-08-24,2027-06-30,1.0,190000.0,,ACTIVE,K,GK,26,Turkey,Caykur Rizespor
39927,Super Lig,Ali Emre Yanar,EUR,3077.0,200000.0,160000.0,2025-08-14,2027-06-30,1.0,160000.0,,ACTIVE,K,GK,28,Turkey,Kasimpasa
39928,Super Lig,Taha Şahin,EUR,3077.0,200000.0,160000.0,2025-01-02,2028-06-30,2.0,320000.0,,ACTIVE,D,RB,25,Turkey,Caykur Rizespor
39929,Super Lig,Lawrence Agyekum,EUR,2885.0,190000.0,150000.0,2026-09-04,2027-06-30,1.0,150000.0,,LOAN,M,CM,22,Ghana,Erzurumspor
39930,Super Lig,Efe Arda Koyuncu,EUR,2885.0,190000.0,150000.0,2026-09-04,2028-06-30,2.0,300000.0,,ACTIVE,D,CB,21,Turkey,Basaksehir
39931,Super Lig,Oghenekaro Etebo,EUR,2885.0,190000.0,150000.0,2025-07-29,2027-06-30,1.0,150000.0,,ACTIVE,M,DM,30,Nigeria,Genclerbirligi SK
39932,Super Lig,Emir Yaşar,EUR,2885.0,190000.0,150000.0,2026-09-04,2029-06-30,3.0,450000.0,,ACTIVE,K,GK,20,Turkey,Besiktas
39933,Super Lig,Ognjen Mimović,EUR,2885.0,190000.0,150000.0,2025-01-31,2029-06-30,3.0,450000.0,,ACTIVE,D,RB,22,Serbia,Fenerbahce
39934,Super Lig,Abdou Aziz Fall,EUR,2885.0,190000.0,150000.0,2025-07-01,2030-06-30,4.0,600000.0,,ACTIVE,M,CM,19,Senegal,Fenerbahce
39935,Super Lig,Luca Stancic,EUR,2500.0,160000.0,130000.0,2025-07-01,2028-06-30,2.0,260000.0,,ACTIVE,K,GK,19,Turkey,Basaksehir
39936,Super Lig,Mustafa Coşkun Tosun,EUR,2500.0,160000.0,130000.0,2026-07-01,2029-06-30,3.0,390000.0,,ACTIVE,F,CF,17,Turkey,Caykur Rizespor
39937,Super Lig,Bedirhan Yıldız,EUR,2500.0,160000.0,130000.0,2024-08-13,2027-06-30,1.0,130000.0,,ACTIVE,F,RW,21,Turkey,Kocaelispor
39938,Super Lig,Arda Özyar,EUR,2500.0,160000.0,130000.0,2026-08-08,2031-06-30,5.0,650000.0,,ACTIVE,F,CF,19,Turkey,Kocaelispor
39939,Super Lig,Arda Akgül,EUR,2500.0,160000.0,130000.0,2024-07-01,2027-06-30,1.0,130000.0,,ACTIVE,F,CF,21,Turkey,Genclerbirligi SK
39940,Super Lig,Abdurrahim Dursun,EUR,2500.0,160000.0,130000.0,2025-08-01,2027-06-30,1.0,130000.0,,ACTIVE,D,LB,27,Turkey,Genclerbirligi SK
39941,Super Lig,Yakup Ayan,EUR,2500.0,160000.0,130000.0,2026-07-01,2028-06-30,2.0,260000.0,,ACTIVE,D,CB,18,Turkey,Caykur Rizespor
39942,Super Lig,Prince Martor Jr,EUR,2500.0,160000.0,130000.0,2026-07-01,2028-06-30,2.0,260000.0,,ACTIVE,F,LW,19,Liberia,Genclerbirligi SK
39943,Super Lig,Victor Orakpo,EUR,2500.0,160000.0,130000.0,2026-09-03,2027-06-30,1.0,130000.0,,LOAN,F,CF,20,Nigeria,Genclerbirligi SK
39944,Super Lig,Ermin Mahmic,EUR,2500.0,160000.0,130000.0,2026-08-29,2029-06-30,3.0,390000.0,,ACTIVE,F,AM,21,Bosnia-Herzegovina,Corum
39945,Super Lig,Hüseyin Bulut,EUR,2500.0,160000.0,130000.0,2026-07-11,2028-06-30,2.0,260000.0,,ACTIVE,D,RB,27,Turkey,Corum
39946,Super Lig,Ege Öztürk,EUR,2500.0,160000.0,130000.0,2026-07-01,2027-06-30,1.0,130000.0,,ACTIVE,K,GK,18,Turkey,Basaksehir
39947,Super Lig,Albert Gomez,EUR,2500.0,160000.0,130000.0,2026-07-01,2028-06-30,2.0,260000.0,,ACTIVE,D,CB,20,The Gambia,Basaksehir
39948,Super Lig,Kerem Fidan,EUR,2500.0,160000.0,130000.0,2025-07-01,2029-06-30,3.0,390000.0,,ACTIVE,D,CB,20,Turkey,Samsunspor
39949,Super Lig,Onuralp Çevikkan,EUR,2500.0,160000.0,130000.0,2024-02-08,2028-06-30,2.0,260000.0,,ACTIVE,K,GK,20,Turkey,Trabzonspor
39950,Super Lig,Ibrahim Sabra,EUR,2500.0,160000.0,130000.0,2025-07-01,2029-06-30,3.0,390000.0,,ACTIVE,F,CF,20,Jordan,Goztepe
39951,Super Lig,Emre Erdem,EUR,2500.0,160000.0,130000.0,2025-08-13,2028-06-30,2.0,260000.0,,ACTIVE,D,CB,24,Turkey,Erzurumspor
39952,Super Lig,Erkan Anapa,EUR,2500.0,160000.0,130000.0,2025-02-10,2027-06-30,1.0,130000.0,,ACTIVE,K,GK,28,Turkey,Erzurumspor
39953,Super Lig,Musa Eren Karakaş,EUR,2500.0,160000.0,130000.0,2026-08-10,2029-06-30,3.0,390000.0,,ACTIVE,F,RW,22,Turkey,Eyupspor
39954,Super Lig,Ruan,EUR,2500.0,160000.0,130000.0,2025-09-12,2030-06-30,4.0,520000.0,,ACTIVE,M,LM,21,Brazil,Alanyaspor
39955,Super Lig,Jankat Yılmaz,EUR,2500.0,150000.0,130000.0,2024-07-19,2027-06-30,1.0,130000.0,,ACTIVE,K,GK,22,Turkey,Galatasaray
39956,Super Lig,Arda Yılmaz,EUR,2500.0,160000.0,130000.0,2026-07-01,2028-06-30,2.0,260000.0,,ACTIVE,K,GK,18,Turkey,Galatasaray
39957,Super Lig,Ada Yüzgeç,EUR,2500.0,160000.0,130000.0,2026-07-01,2029-06-30,3.0,390000.0,,ACTIVE,F,CF,17,Turkey,Galatasaray
39958,Super Lig,Arouna Soro,EUR,2500.0,160000.0,130000.0,2026-07-07,2031-06-30,5.0,650000.0,,ACTIVE,F,AM,19,Cote d'Ivoire,Alanyaspor
39959,Super Lig,Yiğit Efe Demir,EUR,2500.0,160000.0,130000.0,2025-07-08,2029-06-30,3.0,390000.0,,ACTIVE,D,CB,22,Turkey,Fenerbahce
39960,Super Lig,Emirhan Yiğit,EUR,2500.0,160000.0,130000.0,2026-07-01,2028-06-30,2.0,260000.0,,ACTIVE,F,RW,20,Turkey,Kasimpasa
39961,Super Lig,Mücahit Ibrahimoglu,EUR,2500.0,160000.0,130000.0,2026-07-01,2028-06-30,2.0,260000.0,,ACTIVE,M,DM,21,Austria,Konyaspor
39962,Super Lig,Bedirhan Özyurt,EUR,2500.0,160000.0,130000.0,2025-07-03,2030-06-30,4.0,520000.0,,ACTIVE,D,CB,23,Turkey,Alanyaspor
39963,Super Lig,Mert Bayram,EUR,2500.0,160000.0,130000.0,2024-07-19,2029-06-30,3.0,390000.0,,ACTIVE,K,GK,21,Turkey,Alanyaspor
39964,Super Lig,Emir Bars,EUR,2500.0,160000.0,130000.0,2025-08-20,2029-06-30,3.0,390000.0,,ACTIVE,F,LW,21,Turkey,Konyaspor
39965,Super Lig,Göktuğ Erdem,EUR,2500.0,160000.0,130000.0,2026-08-10,2027-06-30,1.0,130000.0,,ACTIVE,M,CM,23,Turkey,Genclerbirligi SK
39966,Super Lig,Adem Arous,EUR,2500.0,160000.0,130000.0,2025-09-03,2028-06-30,2.0,260000.0,,ACTIVE,D,CB,22,Tunisia,Kasimpasa
39967,Super Lig,Emirhan Yılmaz,EUR,2500.0,160000.0,130000.0,2026-07-01,2028-06-30,2.0,260000.0,,ACTIVE,M,CM,22,Turkey,Caykur Rizespor
39968,Super Lig,Diabel Ndoye,EUR,2308.0,150000.0,120000.0,2026-02-02,2028-06-30,2.0,240000.0,,ACTIVE,D,CB,19,Senegal,Eyupspor
39969,Super Lig,Charles-André Raux-Yao,EUR,2308.0,150000.0,120000.0,2026-01-09,2028-06-30,2.0,240000.0,,ACTIVE,M,CM,24,France,Eyupspor
39970,Super Lig,Iustin Doicaru,EUR,2115.0,140000.0,110000.0,2026-08-25,2031-06-30,5.0,550000.0,,ACTIVE,F,RW,19,Romania,Caykur Rizespor
39971,Super Lig,Erol Can Çolak,EUR,2115.0,140000.0,110000.0,2025-04-17,2028-06-30,2.0,220000.0,,ACTIVE,K,GK,20,Turkey,Trabzonspor
39972,Super Lig,Efe Doğan,EUR,2115.0,140000.0,110000.0,2025-02-07,2029-06-30,3.0,330000.0,,ACTIVE,K,GK,22,Turkey,Caykur Rizespor
39973,Super Lig,Ahmet Yıldırım,EUR,2115.0,140000.0,110000.0,2025-01-10,2029-06-30,3.0,330000.0,,ACTIVE,K,GK,19,Turkey,Trabzonspor
39974,Super Lig,Enes Albak,EUR,1923.0,130000.0,100000.0,2023-07-01,2027-06-30,1.0,100000.0,,ACTIVE,D,LB,21,Turkey,Samsunspor
39975,Super Lig,Ege Albayrak,EUR,1923.0,130000.0,100000.0,2025-09-03,2028-06-30,2.0,200000.0,,ACTIVE,K,GK,19,Turkey,Kasimpasa
39976,Super Lig,Yunus Emre Çift,EUR,1923.0,130000.0,100000.0,2022-07-29,2027-06-30,1.0,100000.0,,ACTIVE,D,CB,23,Turkey,Samsunspor
39977,Super Lig,Ata Yanık,EUR,1731.0,110000.0,90000.0,2026-07-01,2028-06-30,2.0,180000.0,,ACTIVE,D,CB,17,Turkey,Konyaspor
39978,Super Lig,Berat Perçin,EUR,1731.0,110000.0,90000.0,2025-07-01,2029-06-30,3.0,270000.0,,ACTIVE,D,CB,20,Turkey,Amedspor
39979,Super Lig,Berhan Kutlay Şatlı,EUR,1731.0,110000.0,90000.0,2026-08-15,2029-06-30,3.0,270000.0,,ACTIVE,D,CB,20,Turkey,Eyupspor
39980,Super Lig,Muhammed Emin Bektaş,EUR,1731.0,110000.0,90000.0,2026-08-08,2030-06-30,4.0,360000.0,,ACTIVE,F,CF,20,Turkey,Kasimpasa
39981,Super Lig,Berk Kızıldemir,EUR,1731.0,110000.0,90000.0,2026-07-02,2029-06-30,3.0,270000.0,,ACTIVE,F,RW,19,Turkey,Amedspor
39982,Super Lig,Hasan Yıldırım,EUR,1731.0,110000.0,90000.0,2024-09-05,2029-06-30,3.0,270000.0,,ACTIVE,F,LW,20,Turkey,Amedspor
39983,Super Lig,Yiğit Baran Karaoğlan,EUR,1731.0,110000.0,90000.0,2026-07-01,2028-06-30,2.0,180000.0,,ACTIVE,D,CB,20,Turkey,Erzurumspor
39984,Super Lig,Muhammed Damar,EUR,1731.0,110000.0,90000.0,2026-07-01,2027-06-30,1.0,90000.0,,ACTIVE,K,GK,18,Turkey,Amedspor
39985,Super Lig,Sercan Deniz,EUR,1731.0,110000.0,90000.0,2026-07-10,2030-06-30,4.0,360000.0,,ACTIVE,F,LW,19,Turkey,Kasimpasa
39986,Super Lig,Taha Rençber,EUR,1731.0,110000.0,90000.0,2026-09-04,2027-06-30,1.0,90000.0,,ACTIVE,D,CB,18,Turkey,Erzurumspor
39987,Super Lig,Şerefhan Sağlık,EUR,1731.0,110000.0,90000.0,2025-02-11,2028-06-30,2.0,180000.0,,ACTIVE,K,GK,21,Turkey,Erzurumspor
39988,Super Lig,Ömer Arda Kara,EUR,1731.0,110000.0,90000.0,2024-08-09,2027-06-30,1.0,90000.0,,ACTIVE,D,CB,18,Turkey,Erzurumspor
39989,Super Lig,Azem Yortaç,EUR,1731.0,110000.0,90000.0,2026-07-01,2028-06-30,2.0,180000.0,,ACTIVE,D,CB,18,Turkey,Besiktas
39990,Super Lig,Kadir Gümüş,EUR,1731.0,110000.0,90000.0,2026-07-07,2028-06-30,2.0,180000.0,,ACTIVE,F,CF,22,Turkey,Gaziantep BB
39991,Super Lig,Ozan Sevim,EUR,1731.0,110000.0,90000.0,2026-07-01,2028-06-30,2.0,180000.0,,ACTIVE,F,LW,19,Turkey,Besiktas
39992,Super Lig,Karamba Gassama,EUR,1731.0,110000.0,90000.0,2026-01-12,2029-06-30,3.0,270000.0,,ACTIVE,M,CM,21,The Gambia,Gaziantep BB
39993,Super Lig,Emirhan Boz,EUR,1731.0,110000.0,90000.0,2026-07-01,2030-06-30,4.0,360000.0,,ACTIVE,M,DM,20,Turkey,Kasimpasa
39994,Super Lig,Hasanege Akdoğan,EUR,1731.0,110000.0,90000.0,2024-07-04,2027-06-30,1.0,90000.0,,ACTIVE,F,CF,18,Turkey,Corum
39995,Super Lig,Arif Şimşir,EUR,1731.0,110000.0,90000.0,2026-07-08,2029-06-30,3.0,270000.0,,ACTIVE,K,GK,21,Turkey,Corum
39996,Super Lig,Victor Gidado,EUR,1731.0,110000.0,90000.0,2026-01-10,2029-06-30,3.0,270000.0,,ACTIVE,F,AM,22,Nigeria,Gaziantep BB
39997,Super Lig,Şamil Öztürk,EUR,1731.0,110000.0,90000.0,2026-01-10,2028-06-30,2.0,180000.0,,ACTIVE,K,GK,21,Turkey,Goztepe
39998,Super Lig,Şahin Dik,EUR,1731.0,110000.0,90000.0,2026-08-08,2031-06-30,5.0,450000.0,,ACTIVE,F,LW,22,Turkey,Alanyaspor
39999,Super Lig,Atakan Müjde,EUR,1731.0,110000.0,90000.0,2025-02-05,2027-06-30,1.0,90000.0,,ACTIVE,M,DM,22,Turkey,Kasimpasa
40000,Super Lig,Da Mata,EUR,1731.0,110000.0,90000.0,2026-07-14,2029-06-30,3.0,270000.0,,ACTIVE,D,CB,20,Brazil,Konyaspor
40001,Super Lig,Ömer Çobanoğlu,EUR,1731.0,110000.0,90000.0,2026-07-01,2030-06-30,4.0,360000.0,,ACTIVE,M,DM,19,Turkey,Konyaspor
40002,Super Lig,Haydar Karataş,EUR,1731.0,110000.0,90000.0,2026-07-17,2030-06-30,4.0,360000.0,,ACTIVE,F,LW,19,Turkey,Kocaelispor
40003,Super Lig,Taha Güneş,EUR,1731.0,110000.0,90000.0,2025-05-05,2027-06-30,1.0,90000.0,,ACTIVE,F,AM,20,Turkey,Gaziantep BB
40004,Super Lig,Taşkın İlter,EUR,1538.0,100000.0,80000.0,2025-10-15,2027-06-30,1.0,80000.0,,ACTIVE,M,DM,32,Turkey,Eyupspor
40005,Super Lig,Ömer Ahmet Ceyhan,EUR,1538.0,100000.0,80000.0,2025-12-22,2029-06-30,3.0,240000.0,,ACTIVE,D,RB,19,Turkey,Eyupspor
40006,Super Lig,Sinan Alkaş,EUR,1346.0,90000.0,70000.0,2026-07-01,2028-06-30,2.0,140000.0,,ACTIVE,F,CF,19,Turkey,Kasimpasa
40007,Super Lig,Ali Osman Kalın,EUR,1346.0,90000.0,70000.0,2025-07-01,2027-06-30,1.0,70000.0,,ACTIVE,F,LW,18,Turkey,Gaziantep BB
40008,Super Lig,Bilal Demirağ,EUR,1346.0,90000.0,70000.0,2026-07-31,2029-06-30,3.0,210000.0,,ACTIVE,D,CB,17,Turkey,Alanyaspor
40009,Super Lig,Arda Çağan Çelik,EUR,1346.0,90000.0,70000.0,2024-07-01,2028-06-30,2.0,140000.0,,ACTIVE,D,CB,21,Turkey,Genclerbirligi SK
40010,Super Lig,Salih Arıcı,EUR,1346.0,90000.0,70000.0,2026-07-01,2027-06-30,1.0,70000.0,,ACTIVE,D,CB,18,Turkey,Kasimpasa
40011,Super Lig,Arda Özçimen,EUR,1346.0,90000.0,70000.0,2025-04-11,2027-06-30,1.0,70000.0,,ACTIVE,K,GK,24,Turkey,Goztepe
40012,Super Lig,Ege Yıldırım,EUR,1346.0,90000.0,70000.0,2026-02-20,2029-06-30,3.0,210000.0,,ACTIVE,D,CB,19,Turkey,Goztepe
40013,Super Lig,Mahmut Can Kara,EUR,1346.0,90000.0,70000.0,2026-07-01,2028-06-30,2.0,140000.0,,ACTIVE,K,GK,20,Turkey,Alanyaspor
40014,Super Lig,Furkan Çetinkaya,EUR,1154.0,80000.0,60000.0,2025-12-03,2028-06-30,2.0,120000.0,,ACTIVE,F,AM,17,Turkey,Corum
40015,Super Lig,Hasan Yağız Döne,EUR,1154.0,80000.0,60000.0,2026-07-01,2027-06-30,1.0,60000.0,,ACTIVE,K,GK,15,Turkey,Caykur Rizespor
40016,Super Lig,Berk Deniz Çukurcu,EUR,1154.0,80000.0,60000.0,2025-01-13,2027-06-30,1.0,60000.0,,ACTIVE,K,GK,18,Turkey,Genclerbirligi SK
40017,Super Lig,Mustafa Tan,EUR,1154.0,80000.0,60000.0,2023-12-04,2028-06-30,2.0,120000.0,,ACTIVE,D,RB,21,Turkey,Samsunspor
40018,Super Lig,Talha Polat,EUR,1154.0,80000.0,60000.0,2026-07-01,2027-06-30,1.0,60000.0,,ACTIVE,K,GK,19,Turkey,Kocaelispor
40019,Super Lig,Erk Aslan,EUR,1154.0,80000.0,60000.0,2026-07-01,2027-06-30,1.0,60000.0,,ACTIVE,F,LW,17,Turkey,Genclerbirligi SK
40020,Super Lig,İbrahim Kağan Alkış,EUR,1154.0,80000.0,60000.0,2025-07-01,2027-06-30,1.0,60000.0,,ACTIVE,K,GK,20,Turkey,Gaziantep BB
40021,Super Lig,Ege Bilim,EUR,1154.0,80000.0,60000.0,2024-07-01,2030-06-30,4.0,240000.0,,ACTIVE,M,CM,20,Turkey,Kocaelispor
40022,Super Lig,Cemilhan Aslan,EUR,1154.0,80000.0,60000.0,2026-01-01,2027-06-30,1.0,60000.0,,ACTIVE,K,GK,18,Turkey,Gaziantep BB
40023,Super Lig,Hamza Aydar,EUR,1154.0,80000.0,60000.0,2025-07-01,2028-06-30,2.0,120000.0,,ACTIVE,D,LB,17,Turkey,Genclerbirligi SK
40024,Super Lig,Burak Enes Yıkıcı,EUR,1154.0,80000.0,60000.0,2024-07-01,2027-06-30,1.0,60000.0,,ACTIVE,F,AM,22,Turkey,Gaziantep BB
40025,Super Lig,Efe Yiğit Üstün,EUR,1154.0,80000.0,60000.0,2025-08-15,2028-06-30,2.0,120000.0,,ACTIVE,K,GK,18,Turkey,Samsunspor
40026,Super Lig,Nevzat Üzel,EUR,1154.0,80000.0,60000.0,2026-01-01,2027-06-30,1.0,60000.0,,ACTIVE,K,GK,19,Turkey,Goztepe
40027,Super Lig,Hulusi Destici,EUR,1154.0,80000.0,60000.0,2026-08-17,2030-06-30,4.0,240000.0,,ACTIVE,M,DM,18,Turkey,Kocaelispor
40028,Super Lig,Saikuba Jarju,EUR,1154.0,80000.0,60000.0,2026-01-02,2029-06-30,3.0,180000.0,,ACTIVE,F,RW,18,The Gambia,Samsunspor
40029,Super Lig,Muhammet Akmelek,EUR,1154.0,80000.0,60000.0,2025-10-22,2028-06-30,2.0,120000.0,,ACTIVE,F,CF,17,Turkey,Gaziantep BB
40030,Super Lig,Efe Berat Töruz,EUR,1154.0,80000.0,60000.0,2026-07-13,2029-06-30,3.0,180000.0,,ACTIVE,K,GK,19,Turkey,Samsunspor
40031,Super Lig,Bedirhan Çetin,EUR,1154.0,80000.0,60000.0,2024-11-22,2030-06-30,4.0,240000.0,,ACTIVE,D,CB,20,Turkey,Samsunspor
40032,Super Lig,Ahmet Taha Dağbaşı,EUR,1154.0,80000.0,60000.0,2026-02-06,2030-06-30,4.0,240000.0,,ACTIVE,D,CB,21,Turkey,Kasimpasa
40033,Super Lig,Abdou Khadre Sy,EUR,1154.0,80000.0,60000.0,2026-02-02,2028-06-30,2.0,120000.0,,ACTIVE,F,CF,18,Senegal,Eyupspor
40034,Super Lig,Arda Yavuz,EUR,1154.0,80000.0,60000.0,2026-01-13,2030-06-30,4.0,240000.0,,ACTIVE,D,LB,20,Turkey,Eyupspor
40035,Super Lig,Christ Sadia,EUR,1154.0,80000.0,60000.0,2025-09-11,2028-06-30,2.0,120000.0,,ACTIVE,F,RW,19,Cote d'Ivoire,Eyupspor
40036,Super Lig,Umut Keseci,EUR,1154.0,80000.0,60000.0,2026-02-06,2029-06-30,3.0,180000.0,,ACTIVE,K,GK,22,Turkey,Eyupspor
40037,Super Lig,Emir Gündoğdu,EUR,962.0,60000.0,50000.0,2026-07-01,2029-06-30,3.0,150000.0,,ACTIVE,K,GK,16,Turkey,Konyaspor
40038,Super Lig,Egemen Aydın,EUR,962.0,60000.0,50000.0,2024-12-26,2027-06-30,1.0,50000.0,,ACTIVE,K,GK,19,Turkey,Konyaspor
40039,Super Lig,Ayaz Özcan,EUR,962.0,60000.0,50000.0,2025-08-04,2028-06-30,2.0,100000.0,,ACTIVE,F,CF,16,Turkey,Genclerbirligi SK
40040,Super Lig,Mert Hakan Yandaş,EUR,192.0,40000.0,10000.0,2026-07-05,2027-06-30,1.0,10000.0,,ACTIVE,F,AM,32,Turkey,Fenerbahce
40041,MLS,Lionel Messi,EUR,442307.0,26066666.0,23000000.0,2025-10-23,2028-12-31,3.0,69000000.0,,ACTIVE,F,RW,39,Argentina,Inter Miami
40042,MLS,Heung-min Son,EUR,183447.0,10260624.0,9539250.0,2025-08-06,2027-12-31,2.0,19078500.0,,ACTIVE,F,LW,34,South Korea,LA FC
40043,MLS,Rodrigo De Paul,EUR,133913.0,8913254.0,6963480.0,2026-01-26,2029-12-31,4.0,27853920.0,,ACTIVE,M,CM,32,Argentina,Inter Miami
40044,MLS,Miguel Almirón,EUR,107145.0,7241320.0,5571520.0,2025-01-31,2027-12-31,2.0,11143040.0,,ACTIVE,F,RW,32,Paraguay,Atlanta United
40045,MLS,Hirving Lozano,EUR,106154.0,8586666.0,5520000.0,2026-08-07,2026-12-31,1.0,5520000.0,,LOAN,F,LW,31,Mexico,LA Galaxy
40046,MLS,Emil Forsberg,EUR,95627.0,5552775.0,4972600.0,2024-01-31,2026-12-31,1.0,4972600.0,,ACTIVE,F,LW,34,Sweden,NY Red Bulls
40047,MLS,Sam Surridge,EUR,93415.0,5458360.0,4857600.0,2026-02-21,2028-06-30,3.0,14572800.0,,ACTIVE,F,CF,28,England,Nashville SC
40048,MLS,Riqui Puig,EUR,90673.0,5328813.0,4715000.0,2024-05-31,2027-12-31,2.0,9430000.0,,ACTIVE,M,CM,27,Spain,LA Galaxy
40049,MLS,Thomas Müller,EUR,88462.0,4740304.0,4600004.0,2025-08-06,2026-12-31,1.0,4600004.0,,ACTIVE,F,SS,36,Germany,Vancouver Whitecaps
40050,MLS,Jonathan Bamba,EUR,88462.0,5135262.0,4600000.0,2025-01-31,2027-12-31,2.0,9200000.0,,ACTIVE,F,LW,30,Cote d'Ivoire,Chicago Fire
40051,MLS,Carles Gil,EUR,79615.0,4555916.0,4140000.0,2026-02-02,2028-06-30,3.0,12420000.0,,ACTIVE,F,AM,33,Spain,NE Revolution
40052,MLS,Hany Mukhtar,EUR,70769.0,4978734.0,3680000.0,2024-03-08,2026-12-31,1.0,3680000.0,,ACTIVE,F,AM,31,Germany,Nashville SC
40053,MLS,Denis Bouanga,EUR,70769.0,4544080.0,3680000.0,2024-03-08,2028-12-31,3.0,11040000.0,,ACTIVE,F,LW,31,Gabon,LA FC
40054,MLS,Aleksey Miranchuk,EUR,67231.0,4678606.0,3496000.0,2024-07-30,2027-12-31,2.0,6992000.0,,ACTIVE,F,AM,30,Russia,Atlanta United
40055,MLS,Kévin Denkey,EUR,67231.0,3505200.0,3496000.0,2025-01-31,2028-12-31,3.0,10488000.0,,ACTIVE,F,CF,25,Togo,FC Cincinnati
40056,MLS,Timo Werner,EUR,66149.0,3926596.0,3439762.0,2026-01-29,2028-06-30,3.0,10319287.0,,ACTIVE,F,CF,30,Germany,San Jose Earthquakes
40057,MLS,Nicolás Fernández Mercau,EUR,64577.0,3358000.0,3358000.0,2025-07-24,2029-12-31,4.0,13432000.0,,ACTIVE,F,CF,26,Argentina,NYC FC
40058,MLS,Ryan Gauld,EUR,61923.0,3381000.0,3220000.0,2024-01-25,2027-12-31,2.0,6440000.0,,ACTIVE,F,AM,30,Scotland,Vancouver Whitecaps
40059,MLS,Miles Robinson,EUR,61923.0,3634000.0,3220000.0,2025-09-10,2027-12-31,2.0,6440000.0,,ACTIVE,D,CB,29,United States,FC Cincinnati
40060,MLS,Joseph Paintsil,EUR,61145.0,4141840.0,3179520.0,2024-02-21,2027-12-31,2.0,6359040.0,,ACTIVE,F,LW,28,Ghana,LA Galaxy
40061,MLS,Facundo Torres,EUR,59446.0,4052600.0,3091200.0,2026-01-26,2030-06-30,5.0,15456000.0,,ACTIVE,F,RW,26,Uruguay,Austin
40062,MLS,Brandon Vazquez,EUR,59269.0,3405636.0,3082000.0,2025-01-31,2028-12-31,3.0,9246000.0,,ACTIVE,F,CF,27,United States,Austin
40063,MLS,Josh Sargent,EUR,56793.0,4844414.0,2953200.0,2026-02-27,2031-06-30,6.0,17719200.0,,ACTIVE,F,CF,26,United States,Toronto FC
40064,MLS,Evander,EUR,56615.0,4357498.0,2944000.0,2025-02-17,2027-12-31,2.0,5888000.0,,ACTIVE,F,AM,28,Brazil,FC Cincinnati
40065,MLS,Eric-Maxim Choupo-Moting,EUR,56615.0,3248214.0,2944000.0,2025-01-01,2026-12-31,1.0,2944000.0,,ACTIVE,F,CF,37,Cameroon,NY Red Bulls
40066,MLS,Anders Dreyer,EUR,52709.0,3276351.0,2740835.0,2026-01-14,2029-12-31,4.0,10963338.0,,ACTIVE,F,RW,28,Denmark,San Diego FC
40067,MLS,Germán Berterame,EUR,49538.0,3518264.0,2576000.0,2026-01-30,2029-06-30,4.0,10304000.0,,ACTIVE,F,CF,27,Mexico,Inter Miami
40068,MLS,Pep Biel,EUR,49096.0,2774318.0,2553000.0,2026-01-26,2027-12-31,2.0,5106000.0,,ACTIVE,F,AM,30,Spain,Charlotte FC
40069,MLS,Wessam Abou Ali,EUR,49096.0,3322810.0,2553000.0,2025-07-26,2027-12-31,2.0,5106000.0,,ACTIVE,F,CF,27,Palestine,Columbus Crew
40070,MLS,David Costa,EUR,48212.0,3151000.0,2507000.0,2025-02-17,2028-12-31,3.0,7521000.0,,ACTIVE,F,AM,25,Portugal,Portland Timbers
40071,MLS,Albert Rusnák,EUR,47504.0,2470200.0,2470200.0,2025-01-09,2026-12-31,1.0,2470200.0,,ACTIVE,F,AM,32,Slovakia,Seattle Sounders
40072,MLS,Liel Abada,EUR,44231.0,2436620.0,2300000.0,2024-03-07,2026-12-31,1.0,2300000.0,,ACTIVE,F,RW,24,Israel,Charlotte FC
40073,MLS,Roman Bürki,EUR,44231.0,2530000.0,2300000.0,2025-10-18,2027-12-31,2.0,4600000.0,,ACTIVE,K,GK,35,Switzerland,St. Louis City
40074,MLS,Petar Musa,EUR,43346.0,2649600.0,2254000.0,2024-02-01,2027-12-31,2.0,4508000.0,,ACTIVE,F,CF,28,Croatia,FC Dallas
40075,MLS,Jordan Morris,EUR,41798.0,2182700.0,2173500.0,2023-01-19,2027-12-31,2.0,4347000.0,,ACTIVE,F,CF,31,United States,Seattle Sounders
40076,MLS,Mateusz Bogusz,EUR,41577.0,2319364.0,2161996.0,2026-01-29,2028-06-30,3.0,6485989.0,,ACTIVE,F,AM,25,Poland,Houston Dynamo
40077,MLS,Kristoffer Velde,EUR,40338.0,2784840.0,2097600.0,2025-08-13,2028-12-31,3.0,6292800.0,,ACTIVE,F,LW,26,Norway,Portland Timbers
40078,MLS,Djordje Mihailovic,EUR,40324.0,2601948.0,2096836.0,2025-08-07,2028-12-31,3.0,6290509.0,,ACTIVE,F,AM,27,United States,Toronto FC
40079,MLS,Morgan Guilavogui,EUR,38923.0,2047460.0,2024000.0,2026-02-03,2029-06-30,4.0,8096000.0,,ACTIVE,F,RW,28,Guinea,Real Salt Lake
40080,MLS,João Klauss,EUR,38702.0,2681800.0,2012500.0,2026-01-27,2026-12-31,1.0,2012500.0,,ACTIVE,F,CF,29,Brazil,LA Galaxy
40081,MLS,Tai Baribo,EUR,37154.0,2161080.0,1932000.0,2025-12-17,2030-06-30,5.0,9660000.0,,ACTIVE,F,CF,28,Israel,DC United
40082,MLS,Paxten Aaronson,EUR,35385.0,2049818.0,1840000.0,2025-08-21,2030-12-31,5.0,9200000.0,,ACTIVE,F,AM,23,United States,Colorado Rapids
40083,MLS,Cristian Espinoza,EUR,34647.0,2156082.0,1801666.0,2026-01-09,2028-12-31,3.0,5404999.0,,ACTIVE,F,RW,31,Argentina,Nashville SC
40084,MLS,Thiago Martins,EUR,31846.0,2081040.0,1656000.0,2025-12-01,2026-12-31,1.0,1656000.0,,ACTIVE,D,CB,31,Brazil,NYC FC
40085,MLS,Marcus Ingvartsen,EUR,31846.0,1656000.0,1656000.0,2025-01-31,2027-12-31,2.0,3312000.0,,ACTIVE,F,CF,30,Denmark,San Diego FC
40086,MLS,Matt Turner,EUR,31424.0,1787455.0,1634045.0,2026-07-13,2026-12-31,1.0,1634045.0,,LOAN,K,GK,32,United States,NE Revolution
40087,MLS,Sergio Reguilón,EUR,30077.0,1656000.0,1564000.0,2026-01-26,2027-12-31,2.0,3128000.0,,ACTIVE,D,LB,29,Spain,Inter Miami
40088,MLS,Cristian Roldán,EUR,29104.0,1624720.0,1513400.0,2023-01-19,2027-12-31,2.0,3026800.0,,ACTIVE,M,CM,31,United States,Seattle Sounders
40089,MLS,Jesús Ferreira,EUR,29001.0,1732302.0,1508068.0,2025-01-08,2027-12-31,2.0,3016135.0,,ACTIVE,F,CF,25,United States,Seattle Sounders
40090,MLS,Matt Miazga,EUR,28997.0,1507880.0,1507880.0,2025-11-26,2026-12-31,1.0,1507880.0,,ACTIVE,D,CB,31,United States,FC Cincinnati
40091,MLS,Marco Pašalić,EUR,28307.0,1518614.0,1472000.0,2025-02-05,2027-12-31,2.0,2944000.0,,ACTIVE,F,RW,25,Croatia,Orlando City
40092,MLS,Myrto Uzuni,EUR,28307.0,2120600.0,1472000.0,2025-01-31,2027-12-31,2.0,2944000.0,,ACTIVE,F,LW,31,Albania,Austin
40093,MLS,Martín Ojeda,EUR,28307.0,1635944.0,1472000.0,2025-11-17,2029-06-30,4.0,5888000.0,,ACTIVE,F,AM,27,Argentina,Orlando City
40094,MLS,Guilherme,EUR,27044.0,1771212.0,1406286.0,2026-01-26,2028-06-30,3.0,4218859.0,,ACTIVE,F,LW,31,Brazil,Houston Dynamo
40095,MLS,Obinna Nwobodo,EUR,26538.0,1701746.0,1380000.0,2025-05-15,2027-12-31,2.0,2760000.0,,ACTIVE,M,DM,29,Nigeria,FC Cincinnati
40096,MLS,Leonardo Campana,EUR,26450.0,1487939.0,1375393.0,2024-12-19,2027-12-31,2.0,2750785.0,,ACTIVE,F,CF,26,Ecuador,NE Revolution
40097,MLS,Luca de la Torre,EUR,25785.0,1482881.0,1340795.0,2026-01-26,2029-06-30,4.0,5363180.0,,ACTIVE,M,CM,28,United States,Charlotte FC
40098,MLS,Philip Zinckernagel,EUR,25744.0,1504812.0,1338715.0,2026-09-02,2028-06-30,3.0,4016145.0,,ACTIVE,F,RW,31,Denmark,Chicago Fire
40099,MLS,Tyler Boyd,EUR,25300.0,1320200.0,1315600.0,2026-01-14,2026-12-31,1.0,1315600.0,,ACTIVE,F,LW,31,United States,LA FC
40100,MLS,Hannes Wolf,EUR,24769.0,1389200.0,1288000.0,2024-01-31,2027-12-31,2.0,2576000.0,,ACTIVE,F,RW,27,Austria,NYC FC
40101,MLS,Kelvin Yeboah,EUR,24062.0,1437684.0,1251200.0,2024-07-27,2027-12-31,2.0,2502400.0,,ACTIVE,F,CF,26,Italy,Minnesota United
40102,MLS,Prince Osei Owusu,EUR,23000.0,1223600.0,1196000.0,2025-01-13,2028-06-30,3.0,3588000.0,,ACTIVE,F,CF,29,Ghana,CF Montreal
40103,MLS,Sam Adekugbe,EUR,23000.0,1276960.0,1196000.0,2023-08-02,2026-12-31,1.0,1196000.0,,ACTIVE,D,LB,31,Canada,Vancouver Whitecaps
40104,MLS,Dániel Sallói,EUR,23000.0,1235866.0,1196000.0,2026-02-19,2026-12-31,1.0,1196000.0,,ACTIVE,F,LW,30,Hungary,Toronto FC
40105,MLS,Lucas Halter,EUR,22381.0,1303567.0,1163804.0,2026-01-26,2030-06-30,5.0,5819018.0,,ACTIVE,D,CB,26,Brazil,Houston Dynamo
40106,MLS,James Sands,EUR,22115.0,1213250.0,1150000.0,2026-06-18,2030-06-30,5.0,5750000.0,,ACTIVE,M,DM,26,United States,NYC FC
40107,MLS,Talles Magno,EUR,22115.0,1255800.0,1150000.0,2021-05-18,2027-12-31,2.0,2300000.0,,ACTIVE,F,LW,24,Brazil,NYC FC
40108,MLS,Enea Mihaj,EUR,21496.0,1432440.0,1117800.0,2025-07-24,2028-12-31,3.0,3353400.0,,ACTIVE,D,CB,28,Albania,Atlanta United
40109,MLS,Julian Gressel,EUR,21302.0,1107685.0,1107685.0,2025-04-29,2026-12-31,1.0,1107685.0,,ACTIVE,M,RM,32,United States,Minnesota United
40110,MLS,André Franco,EUR,21231.0,1202229.0,1104000.0,2026-01-26,2028-06-30,3.0,3312000.0,,ACTIVE,F,AM,28,Portugal,Chicago Fire
40111,MLS,Rob Holding,EUR,21231.0,1104000.0,1104000.0,2025-08-03,2026-12-31,1.0,1104000.0,,ACTIVE,D,CB,30,England,Colorado Rapids
40112,MLS,Louis Munteanu,EUR,21054.0,1503372.0,1094800.0,2026-01-26,2029-06-30,4.0,4379200.0,,ACTIVE,F,CF,24,Romania,DC United
40113,MLS,Justen Glad,EUR,20346.0,1223600.0,1058000.0,2023-09-28,2026-12-31,1.0,1058000.0,,ACTIVE,D,CB,29,United States,Real Salt Lake
40114,MLS,Tomás Chancalay,EUR,20346.0,1172425.0,1058000.0,2025-12-26,2028-06-30,3.0,3174000.0,,ACTIVE,F,LW,27,Argentina,Minnesota United
40115,MLS,Jackson Yueill,EUR,20188.0,1049800.0,1049800.0,2024-12-18,2027-12-31,2.0,2099600.0,,ACTIVE,M,CM,29,United States,NE Revolution
40116,MLS,Walker Zimmerman,EUR,20169.0,1571394.0,1048800.0,2026-01-02,2028-06-30,3.0,3146400.0,,ACTIVE,D,CB,33,United States,Toronto FC
40117,MLS,Cheikh Sabaly,EUR,19623.0,1301549.0,1020364.0,2026-02-05,2029-06-30,4.0,4081455.0,,ACTIVE,F,LW,27,Senegal,Vancouver Whitecaps
40118,MLS,Zack Steffen,EUR,19462.0,1012000.0,1012000.0,2024-01-31,2026-12-31,1.0,1012000.0,,ACTIVE,K,GK,31,United States,Colorado Rapids
40119,MLS,Lasse Berg Johnsen,EUR,19462.0,1095950.0,1012000.0,2026-02-18,2028-06-30,3.0,3036000.0,,ACTIVE,M,CM,27,Norway,Sporting KC
40120,MLS,Emmanuel Sabbi,EUR,19107.0,1074330.0,993600.0,2025-02-11,2027-12-31,2.0,1987200.0,,ACTIVE,F,RW,28,United States,Vancouver Whitecaps
40121,MLS,Teenage Hadebe,EUR,19107.0,1131600.0,993600.0,2025-11-26,2026-12-31,1.0,993600.0,,ACTIVE,D,CB,30,Zimbabwe,FC Cincinnati
40122,MLS,Brian White,EUR,18843.0,979800.0,979800.0,2025-02-26,2027-12-31,2.0,1959600.0,,ACTIVE,F,CF,30,United States,Vancouver Whitecaps
40123,MLS,Steven Alzate,EUR,18793.0,1266920.0,977211.0,2025-08-04,2030-12-31,5.0,4886056.0,,ACTIVE,M,CM,28,Colombia,Atlanta United
40124,MLS,Marco Delgado,EUR,18665.0,970600.0,970600.0,2025-01-22,2028-12-31,3.0,2911800.0,,ACTIVE,M,CM,31,United States,LA FC
40125,MLS,Mathías Laborda,EUR,18577.0,1098135.0,966000.0,2025-12-08,2026-12-31,1.0,966000.0,,ACTIVE,D,CB,26,Uruguay,Vancouver Whitecaps
40126,MLS,Keaton Parks,EUR,17693.0,1039600.0,920000.0,2024-01-19,2026-12-31,1.0,920000.0,,ACTIVE,M,DM,29,United States,NYC FC
40127,MLS,Andrés Cubas,EUR,17693.0,1061066.0,920000.0,2026-02-24,2028-06-30,3.0,2760000.0,,ACTIVE,M,DM,30,Paraguay,Vancouver Whitecaps
40128,MLS,Pedro de la Vega,EUR,17693.0,1268680.0,920000.0,2024-01-31,2027-12-31,2.0,1840000.0,,ACTIVE,F,RW,25,Argentina,Seattle Sounders
40129,MLS,Paul Arriola,EUR,17693.0,1051100.0,920000.0,2025-01-13,2027-12-31,2.0,1840000.0,,ACTIVE,F,RW,31,United States,Seattle Sounders
40130,MLS,Jeppe Tverskov,EUR,17693.0,1008934.0,920000.0,2025-10-24,2027-12-31,2.0,1840000.0,,ACTIVE,M,DM,33,Denmark,San Diego FC
40131,MLS,José Caicedo,EUR,17693.0,989008.0,920000.0,2026-03-12,2030-06-30,5.0,4600000.0,,ACTIVE,M,DM,24,Colombia,Portland Timbers
40132,MLS,Andre Blake,EUR,17693.0,1086750.0,920000.0,2024-05-23,2026-12-31,1.0,920000.0,,ACTIVE,K,GK,35,Jamaica,Philadelphia Union
40133,MLS,Tim Ream,EUR,17693.0,1037530.0,920000.0,2024-08-07,2026-12-31,1.0,920000.0,,ACTIVE,D,CB,38,United States,Charlotte FC
40134,MLS,Bongokuhle Hlongwane,EUR,17693.0,1051100.0,920000.0,2024-11-27,2027-12-31,2.0,1840000.0,,ACTIVE,F,RW,26,South Africa,Minnesota United
40135,MLS,Tristan Blackmon,EUR,17250.0,897000.0,897000.0,2026-02-25,2030-06-30,5.0,4485000.0,,ACTIVE,D,CB,30,United States,Vancouver Whitecaps
40136,MLS,Jack Elliott,EUR,16993.0,969933.0,883670.0,2025-11-26,2026-12-31,1.0,883670.0,,ACTIVE,D,CB,31,England,Chicago Fire
40137,MLS,Shapi Suleymanov,EUR,16807.0,979826.0,874000.0,2025-02-03,2026-12-31,1.0,874000.0,,ACTIVE,F,RW,26,Russia,Sporting KC
40138,MLS,Yeimar Gómez Andrade,EUR,15923.0,903900.0,828000.0,2025-11-25,2026-12-31,1.0,828000.0,,ACTIVE,D,CB,34,Colombia,Seattle Sounders
40139,MLS,Cade Cowell,EUR,15923.0,1087900.0,828000.0,2026-01-26,2026-12-31,1.0,828000.0,,LOAN,F,LW,22,United States,NY Red Bulls
40140,MLS,Patrick Schulte,EUR,15923.0,949516.0,828000.0,2025-02-17,2027-12-31,2.0,1656000.0,,ACTIVE,K,GK,25,United States,Columbus Crew
40141,MLS,Jack Maher,EUR,15923.0,915830.0,828000.0,2022-11-16,2027-12-31,2.0,1656000.0,,ACTIVE,D,CB,26,United States,Nashville SC
40142,MLS,Sam Vines,EUR,15923.0,839500.0,828000.0,2026-09-02,2026-12-31,1.0,828000.0,,LOAN,D,LB,27,United States,San Diego FC
40143,MLS,Harry Toffolo,EUR,15923.0,938400.0,828000.0,2025-08-05,2028-12-31,3.0,2484000.0,,ACTIVE,D,LB,31,England,Charlotte FC
40144,MLS,Joaquín Pereyra,EUR,15923.0,1001880.0,828000.0,2025-10-23,2028-12-31,3.0,2484000.0,,ACTIVE,M,CM,27,Argentina,Minnesota United
40145,MLS,Alhassan Yusuf,EUR,15923.0,915686.0,828000.0,2024-08-12,2027-12-31,2.0,1656000.0,,ACTIVE,M,CM,26,Nigeria,NE Revolution
40146,MLS,DeJuan Jones,EUR,15782.0,826386.0,820636.0,2025-04-22,2027-12-31,2.0,1641273.0,,ACTIVE,D,LB,29,United States,San Jose Earthquakes
40147,MLS,Sean Johnson,EUR,15631.0,812797.0,812797.0,2025-12-23,2027-06-30,2.0,1625594.0,,ACTIVE,K,GK,37,United States,DC United
40148,MLS,Dave Romney,EUR,15620.0,885385.0,812245.0,2024-12-09,2026-12-31,1.0,812245.0,,ACTIVE,D,CB,33,United States,San Jose Earthquakes
40149,MLS,Artur,EUR,15481.0,881709.0,805004.0,2025-10-22,2026-12-31,1.0,805004.0,,ACTIVE,M,DM,30,Brazil,Houston Dynamo
40150,MLS,André Gomes,EUR,15481.0,894188.0,805000.0,2026-02-19,2027-06-30,2.0,1610000.0,,ACTIVE,M,CM,33,Portugal,Columbus Crew
40151,MLS,Richie Laryea,EUR,15481.0,1117283.0,805000.0,2024-02-23,2026-12-31,1.0,805000.0,,ACTIVE,D,RB,31,Canada,Toronto FC
40152,MLS,Alexander Aravena,EUR,15165.0,944205.0,788572.0,2026-02-25,2026-12-31,1.0,788572.0,,LOAN,F,LW,24,Chile,Portland Timbers
40153,MLS,Facundo Mura,EUR,15038.0,944725.0,782000.0,2026-01-26,2029-06-30,4.0,3128000.0,,ACTIVE,D,RB,27,Argentina,Inter Miami
40154,MLS,Henry Kessler,EUR,15038.0,888283.0,782000.0,2026-01-29,2026-12-31,1.0,782000.0,,ACTIVE,D,CB,28,United States,Charlotte FC
40155,MLS,Cole Bassett,EUR,15038.0,782000.0,782000.0,2026-02-02,2027-12-31,2.0,1564000.0,,ACTIVE,F,AM,25,United States,Portland Timbers
40156,MLS,Steven Moreira,EUR,14862.0,848240.0,772800.0,2025-11-26,2026-12-31,1.0,772800.0,,ACTIVE,D,RB,32,Cape Verde,Columbus Crew
40157,MLS,Hassani Dotson,EUR,14651.0,761875.0,761875.0,2025-12-16,2028-06-30,3.0,2285625.0,,ACTIVE,M,CM,29,United States,Seattle Sounders
40158,MLS,Jakob Glesnes,EUR,14615.0,1167023.0,760000.0,2026-03-11,2029-06-30,4.0,3040000.0,,ACTIVE,D,CB,32,Norway,LA Galaxy
40159,MLS,Timothy Tillman,EUR,14596.0,810888.0,759000.0,2025-09-18,2028-12-31,3.0,2277000.0,,ACTIVE,M,CM,27,United States,LA FC
40160,MLS,Santiago Moreno,EUR,14209.0,863316.0,738875.0,2026-03-26,2026-12-31,1.0,738875.0,,LOAN,F,RW,26,Colombia,FC Dallas
40161,MLS,Luis Suárez,EUR,14209.0,738875.0,738875.0,2025-12-17,2026-12-31,1.0,738875.0,,ACTIVE,F,CF,39,Uruguay,Inter Miami
40162,MLS,Hugo Lloris,EUR,14154.0,736000.0,736000.0,2025-12-04,2026-12-31,1.0,736000.0,,ACTIVE,K,GK,39,France,LA FC
40163,MLS,Shaq Moore,EUR,14154.0,800400.0,736000.0,2024-12-27,2026-12-31,1.0,736000.0,,ACTIVE,D,RB,29,United States,FC Dallas
40164,MLS,Mamadou Fofana,EUR,14154.0,842950.0,736000.0,2025-01-31,2027-12-31,2.0,1472000.0,,ACTIVE,D,CB,28,Mali,NE Revolution
40165,MLS,Ronaldo Vieira,EUR,14154.0,785546.0,736000.0,2025-08-07,2026-12-31,1.0,736000.0,,ACTIVE,M,CM,28,Guinea-Bissau,San Jose Earthquakes
40166,MLS,Nouhou Tolo,EUR,14154.0,768200.0,736000.0,2026-03-10,2029-06-30,4.0,2944000.0,,ACTIVE,D,LB,29,Cameroon,Seattle Sounders
40167,MLS,Ashley Westwood,EUR,14154.0,766666.0,736000.0,2024-09-10,2026-12-31,1.0,736000.0,,ACTIVE,M,DM,36,England,Charlotte FC
40168,MLS,Dor Turgeman,EUR,14154.0,736000.0,736000.0,2025-08-20,2028-12-31,3.0,2208000.0,,ACTIVE,F,CF,22,Israel,NE Revolution
40169,MLS,Sean Zawadzki,EUR,14154.0,828460.0,736000.0,2026-01-13,2030-12-31,5.0,3680000.0,,ACTIVE,D,CB,26,United States,Columbus Crew
40170,MLS,Michael Boxall,EUR,14154.0,853300.0,736000.0,2024-09-24,2026-12-31,1.0,736000.0,,ACTIVE,D,CB,38,New Zealand,Minnesota United
40171,MLS,Matti Peltola,EUR,14154.0,805920.0,736000.0,2024-02-02,2027-12-31,2.0,1472000.0,,ACTIVE,M,DM,24,Finland,DC United
40172,MLS,Jonathan Osorio,EUR,14154.0,996666.0,736000.0,2022-12-12,2026-12-31,1.0,736000.0,,ACTIVE,M,CM,34,Canada,Toronto FC
40173,MLS,Robin Lod,EUR,14154.0,797334.0,736000.0,2025-12-26,2028-06-30,3.0,2208000.0,,ACTIVE,M,CM,33,Finland,Chicago Fire
40174,MLS,Hamzat Ojediran,EUR,14154.0,811134.0,736000.0,2026-01-26,2029-06-30,4.0,2944000.0,,ACTIVE,M,DM,22,Nigeria,Colorado Rapids
40175,MLS,Darren Yapi,EUR,14065.0,754400.0,731400.0,2026-05-05,2029-06-30,4.0,2925600.0,,ACTIVE,F,CF,21,United States,Colorado Rapids
40176,MLS,Kristijan Kahlina,EUR,13712.0,748650.0,713000.0,2024-10-01,2026-12-31,1.0,713000.0,,ACTIVE,K,GK,34,Croatia,Charlotte FC
40177,MLS,Yohei Takaoka,EUR,13671.0,774473.0,710909.0,2025-12-18,2027-06-30,2.0,1421818.0,,ACTIVE,K,GK,30,Japan,Vancouver Whitecaps
40178,MLS,Justin Haak,EUR,13320.0,745716.0,692614.0,2025-12-29,2026-12-31,1.0,692614.0,,ACTIVE,D,CB,24,United States,LA Galaxy
40179,MLS,Jonathan Bond,EUR,13269.0,744928.0,690000.0,2025-04-11,2026-12-31,1.0,690000.0,,ACTIVE,K,GK,33,England,Houston Dynamo
40180,MLS,Stijn Spierings,EUR,13269.0,720666.0,690000.0,2026-01-26,2028-06-30,3.0,2070000.0,,ACTIVE,M,CM,30,Netherlands,Real Salt Lake
40181,MLS,Lukas Engel,EUR,13269.0,765564.0,690000.0,2026-01-26,2028-12-31,3.0,2070000.0,,ACTIVE,D,LB,27,Denmark,Real Salt Lake
40182,MLS,Alonso Martínez,EUR,13269.0,782306.0,690000.0,2025-02-28,2027-12-31,2.0,1380000.0,,ACTIVE,F,CF,27,Costa Rica,NYC FC
40183,MLS,Reggie Cannon,EUR,13269.0,774180.0,690000.0,2024-09-11,2027-12-31,2.0,1380000.0,,ACTIVE,D,RB,28,United States,Colorado Rapids
40184,MLS,Micael,EUR,13269.0,821045.0,690000.0,2026-01-26,2026-12-31,1.0,690000.0,,LOAN,D,CB,26,Brazil,Inter Miami
40185,MLS,Antônio Carlos,EUR,13269.0,766062.0,690000.0,2025-07-30,2026-12-31,1.0,690000.0,,ACTIVE,D,CB,33,Brazil,Houston Dynamo
40186,MLS,Anderson Julio,EUR,13269.0,754400.0,690000.0,2025-11-20,2026-12-31,1.0,690000.0,,ACTIVE,F,RW,30,Ecuador,FC Dallas
40187,MLS,Dayne St Clair,EUR,13186.0,744032.0,685688.0,2026-01-04,2026-12-31,1.0,685688.0,,ACTIVE,K,GK,29,Canada,Inter Miami
40188,MLS,Sebastien Ibeagha,EUR,12915.0,730135.0,671600.0,2025-11-20,2026-12-31,1.0,671600.0,,ACTIVE,D,CB,34,United States,FC Dallas
40189,MLS,Mathieu Choinière,EUR,12827.0,667000.0,667000.0,2026-01-26,2028-12-31,3.0,2001000.0,,ACTIVE,M,CM,27,Canada,LA FC
40190,MLS,Henry Wingo,EUR,12827.0,732349.0,667000.0,2024-07-18,2026-12-31,1.0,667000.0,,ACTIVE,D,RB,30,United States,Toronto FC
40191,MLS,Sergi Palencia,EUR,12827.0,685400.0,667000.0,2025-09-16,2028-12-31,3.0,2001000.0,,ACTIVE,D,RB,30,Spain,LA FC
40192,MLS,Ryan Porteous,EUR,12827.0,699439.0,667000.0,2025-08-04,2028-12-31,3.0,2001000.0,,ACTIVE,D,CB,27,Scotland,LA FC
40193,MLS,Braian Ojeda,EUR,12827.0,837660.0,667000.0,2026-01-02,2029-06-30,4.0,2668000.0,,ACTIVE,M,DM,26,Paraguay,Orlando City
40194,MLS,Eddie Segura,EUR,12782.0,664700.0,664700.0,2024-11-27,2026-12-31,1.0,664700.0,,ACTIVE,D,CB,29,Colombia,LA FC
40195,MLS,Jeremy Ebobisse,EUR,12782.0,664700.0,664700.0,2024-12-23,2027-12-31,2.0,1329400.0,,ACTIVE,F,CF,29,United States,LA FC
40196,MLS,Dominik Marczuk,EUR,12738.0,731860.0,662400.0,2024-08-14,2027-12-31,2.0,1324800.0,,ACTIVE,F,RW,22,Poland,Real Salt Lake
40197,MLS,Edvard Tagseth,EUR,12738.0,677734.0,662400.0,2026-02-11,2027-12-31,2.0,1324800.0,,ACTIVE,M,CM,25,Norway,Nashville SC
40198,MLS,Raul Gustavo,EUR,12738.0,747923.0,662400.0,2025-08-15,2027-12-31,2.0,1324800.0,,ACTIVE,D,CB,27,Brazil,NYC FC
40199,MLS,Jorge Ruvalcaba,EUR,12738.0,725446.0,662400.0,2026-02-02,2030-06-30,5.0,3312000.0,,ACTIVE,F,LW,25,Mexico,NY Red Bulls
40200,MLS,Bruno Damiani,EUR,12738.0,779792.0,662400.0,2025-02-18,2028-12-31,3.0,1987200.0,,ACTIVE,F,CF,24,Uruguay,Philadelphia Union
40201,MLS,Luca Langoni,EUR,12650.0,724300.0,657800.0,2024-08-02,2027-12-31,2.0,1315600.0,,ACTIVE,F,RW,24,Argentina,NE Revolution
40202,MLS,Ranko Veselinović,EUR,12650.0,719555.0,657800.0,2023-08-02,2026-12-31,1.0,657800.0,,ACTIVE,D,CB,27,Serbia,Vancouver Whitecaps
40203,MLS,Diadié Samassékou,EUR,12650.0,710121.0,657796.0,2025-08-21,2026-12-31,1.0,657796.0,,ACTIVE,M,DM,30,Mali,Houston Dynamo
40204,MLS,Onni Valakari,EUR,12473.0,719256.0,648600.0,2026-01-26,2028-12-31,3.0,1945800.0,,ACTIVE,F,AM,27,Finland,San Diego FC
40205,MLS,Tomas Ostrák,EUR,12385.0,736920.0,644000.0,2022-07-01,2026-12-31,1.0,644000.0,,ACTIVE,F,AM,26,Czech Republic,St. Louis City
40206,MLS,Griffin Dorsey,EUR,12385.0,706460.0,644000.0,2026-02-18,2028-06-30,3.0,1932000.0,,ACTIVE,D,RB,27,United States,Orlando City
40207,MLS,Jeisson Palacios,EUR,12385.0,1009700.0,644000.0,2025-01-31,2026-12-31,1.0,644000.0,,ACTIVE,D,CB,32,Colombia,Nashville SC
40208,MLS,Anton Salétros,EUR,12385.0,690000.0,644000.0,2026-01-26,2028-12-31,3.0,1932000.0,,ACTIVE,M,CM,30,Sweden,Chicago Fire
40209,MLS,Idan Toklomati,EUR,12385.0,718980.0,644000.0,2026-02-18,2029-06-30,4.0,2576000.0,,ACTIVE,F,CF,22,Israel,Charlotte FC
40210,MLS,Andrés Perea,EUR,12296.0,696440.0,639400.0,2024-01-15,2028-06-30,3.0,1918200.0,,ACTIVE,M,DM,25,United States,NYC FC
40211,MLS,Eduard Atuesta,EUR,12163.0,759230.0,632500.0,2026-02-19,2029-06-30,4.0,2530000.0,,ACTIVE,M,CM,29,Colombia,Orlando City
40212,MLS,Niko Tsakiris,EUR,12132.0,694797.0,630857.0,2026-02-19,2029-06-30,4.0,2523428.0,,ACTIVE,M,CM,21,United States,San Jose Earthquakes
40213,MLS,Sang-bin Jeong,EUR,12121.0,728486.0,630315.0,2025-10-21,2026-12-31,1.0,630315.0,,ACTIVE,F,CF,24,South Korea,St. Louis City
40214,MLS,Matt Polster,EUR,11943.0,674666.0,621000.0,2025-05-16,2027-12-31,2.0,1242000.0,,ACTIVE,M,DM,33,United States,NE Revolution
40215,MLS,Matt Freese,EUR,11943.0,732166.0,621000.0,2025-09-18,2030-12-31,5.0,3105000.0,,ACTIVE,K,GK,28,United States,NYC FC
40216,MLS,Jalen Neal,EUR,11943.0,695750.0,621000.0,2025-01-06,2027-12-31,2.0,1242000.0,,ACTIVE,D,CB,23,United States,CF Montreal
40217,MLS,Malte Amundsen,EUR,11943.0,687700.0,621000.0,2024-08-15,2027-12-31,2.0,1242000.0,,ACTIVE,D,CB,28,Denmark,Columbus Crew
40218,MLS,Griffin Yow,EUR,11943.0,746005.0,621000.0,2026-01-26,2029-06-30,4.0,2484000.0,,ACTIVE,F,RW,23,United States,NE Revolution
40219,MLS,Nectarios Triantis,EUR,11854.0,674052.0,616400.0,2025-08-21,2029-12-31,4.0,2465600.0,,ACTIVE,M,CM,23,Greece,Minnesota United
40220,MLS,Alex Muyl,EUR,11588.0,602600.0,602600.0,2025-11-17,2026-12-31,1.0,602600.0,,ACTIVE,F,RW,30,United States,Nashville SC
40221,MLS,Benjamín Kuscevic,EUR,11500.0,740583.0,598004.0,2026-03-05,2026-12-31,1.0,598004.0,,LOAN,D,CB,30,Chile,Toronto FC
40222,MLS,Brayan Vera,EUR,11500.0,688160.0,598000.0,2025-12-10,2028-06-30,3.0,1794000.0,,ACTIVE,D,CB,27,Colombia,CF Montreal
40223,MLS,David Ayala,EUR,11500.0,709320.0,598000.0,2026-01-09,2026-12-31,1.0,598000.0,,ACTIVE,M,DM,24,Argentina,Inter Miami
40224,MLS,Danny Musovski,EUR,11500.0,655890.0,598000.0,2025-11-25,2028-06-30,3.0,1794000.0,,ACTIVE,F,CF,30,North Macedonia,Seattle Sounders
40225,MLS,Danley Jean Jacques,EUR,11500.0,646300.0,598000.0,2024-08-08,2026-12-31,1.0,598000.0,,ACTIVE,M,DM,26,Haiti,Philadelphia Union
40226,MLS,Ahmed Qasem,EUR,11500.0,598000.0,598000.0,2025-02-18,2027-12-31,2.0,1196000.0,,ACTIVE,F,LW,23,Iraq,Nashville SC
40227,MLS,DeAndre Yedlin,EUR,11500.0,668534.0,598000.0,2025-11-03,2027-12-31,2.0,1196000.0,,ACTIVE,D,RB,33,United States,Real Salt Lake
40228,MLS,David Schnegg,EUR,11500.0,695750.0,598000.0,2026-01-15,2026-12-31,1.0,598000.0,,ACTIVE,D,LB,27,Austria,Charlotte FC
40229,MLS,Besard Šabović,EUR,11500.0,598000.0,598000.0,2025-01-31,2027-12-31,2.0,1196000.0,,ACTIVE,M,CM,28,Sweden,Austin
40230,MLS,Sean Nealis,EUR,11500.0,665850.0,598000.0,2025-12-22,2026-12-31,1.0,598000.0,,ACTIVE,D,CB,29,United States,DC United
40231,MLS,Maxwell Woledzi,EUR,11500.0,614100.0,598000.0,2026-01-26,2028-12-31,3.0,1794000.0,,ACTIVE,D,CB,25,Ghana,Nashville SC
40232,MLS,Fallou Fall,EUR,11420.0,684405.0,593860.0,2025-07-24,2028-12-31,3.0,1781580.0,,ACTIVE,D,CB,22,Senegal,St. Louis City
40233,MLS,Lucas Sanabria,EUR,11323.0,683376.0,588800.0,2025-02-08,2029-12-31,4.0,2355200.0,,ACTIVE,M,DM,22,Uruguay,LA Galaxy
40234,MLS,Maya Yoshida,EUR,11323.0,658519.0,588800.0,2025-01-18,2026-12-31,1.0,588800.0,,ACTIVE,D,CB,38,Japan,LA Galaxy
40235,MLS,Gonzalo Luján,EUR,11146.0,848010.0,579600.0,2025-01-31,2027-12-31,2.0,1159200.0,,ACTIVE,D,CB,25,Argentina,Inter Miami
40236,MLS,Andrew Gutman,EUR,11057.0,575000.0,575000.0,2023-12-12,2026-12-31,1.0,575000.0,,ACTIVE,D,LB,29,United States,Chicago Fire
40237,MLS,Tadeo Allende,EUR,11057.0,920000.0,575000.0,2026-01-26,2030-06-30,5.0,2875000.0,,ACTIVE,F,RW,27,Argentina,Inter Miami
40238,MLS,Igor Jesus,EUR,11057.0,636349.0,575000.0,2025-01-31,2028-12-31,3.0,1725000.0,,ACTIVE,M,DM,23,Brazil,LA FC
40239,MLS,Omir Fernandez,EUR,11057.0,631925.0,575000.0,2025-04-18,2026-12-31,1.0,575000.0,,ACTIVE,F,RW,27,United States,Portland Timbers
40240,MLS,Álex Roldán,EUR,11057.0,605406.0,575000.0,2023-12-15,2029-06-30,4.0,2300000.0,,ACTIVE,D,RB,30,El Salvador,Seattle Sounders
40241,MLS,Jackson Ragen,EUR,11057.0,584200.0,575000.0,2024-09-25,2027-12-31,2.0,1150000.0,,ACTIVE,D,CB,27,United States,Seattle Sounders
40242,MLS,Agustín Bouzat,EUR,11057.0,649286.0,574996.0,2026-01-26,2028-06-30,3.0,1724989.0,,ACTIVE,M,DM,32,Argentina,Houston Dynamo
40243,MLS,Marco Reus,EUR,10692.0,830175.0,556015.0,2026-02-28,2027-12-31,2.0,1112030.0,,ACTIVE,F,AM,37,Germany,LA Galaxy
40244,MLS,Amahl Pellegrino,EUR,10615.0,593400.0,552000.0,2025-12-09,2026-12-31,1.0,552000.0,,ACTIVE,F,LW,36,Norway,San Diego FC
40245,MLS,Timo Baumgartl,EUR,10615.0,637866.0,552000.0,2025-01-31,2026-12-31,1.0,552000.0,,ACTIVE,D,CB,30,Germany,St. Louis City
40246,MLS,Aiden O'Neill,EUR,10615.0,580463.0,552000.0,2025-04-23,2028-12-31,3.0,1656000.0,,ACTIVE,M,DM,28,Australia,NYC FC
40247,MLS,Samuel Gidi,EUR,10615.0,617366.0,552000.0,2025-08-19,2028-12-31,3.0,1656000.0,,ACTIVE,M,CM,22,Slovakia,FC Cincinnati
40248,MLS,Maxime Crépeau,EUR,10615.0,552000.0,552000.0,2026-01-06,2028-06-30,3.0,1656000.0,,ACTIVE,K,GK,32,Canada,Orlando City
40249,MLS,Chris Durkin,EUR,10615.0,615020.0,552000.0,2025-10-21,2028-06-30,3.0,1656000.0,,ACTIVE,M,DM,26,United States,St. Louis City
40250,MLS,Conrad Wallem,EUR,10615.0,604613.0,552000.0,2026-01-26,2029-06-30,4.0,2208000.0,,ACTIVE,M,RM,26,Norway,St. Louis City
40251,MLS,Daniel Edelman,EUR,10615.0,622242.0,552000.0,2026-01-13,2029-06-30,4.0,2208000.0,,ACTIVE,M,DM,23,United States,St. Louis City
40252,MLS,Gennadiy Synchuk,EUR,10615.0,557520.0,552000.0,2025-01-31,2028-12-31,3.0,1656000.0,,ACTIVE,F,RW,20,Ukraine,CF Montreal
40253,MLS,Dylan Chambost,EUR,10615.0,639630.0,552000.0,2026-04-23,2029-06-30,4.0,2208000.0,,ACTIVE,M,CM,29,France,Columbus Crew
40254,MLS,Japhet Sery Larsen,EUR,10615.0,621276.0,552000.0,2026-01-26,2029-06-30,4.0,2208000.0,,ACTIVE,D,CB,26,Denmark,Philadelphia Union
40255,MLS,David Brekalo,EUR,10615.0,628360.0,552000.0,2023-03-14,2027-12-31,2.0,1104000.0,,ACTIVE,D,CB,27,Slovenia,Orlando City
40256,MLS,Capita,EUR,10615.0,606022.0,552000.0,2026-03-13,2029-06-30,4.0,2208000.0,,ACTIVE,F,LW,24,Angola,Sporting KC
40257,MLS,Indiana Vassilev,EUR,10615.0,611800.0,552000.0,2025-02-21,2028-12-31,3.0,1656000.0,,ACTIVE,F,RW,25,United States,Philadelphia Union
40258,MLS,Erik Thommy,EUR,10615.0,650134.0,552000.0,2026-01-29,2027-06-30,2.0,1104000.0,,ACTIVE,F,AM,32,Germany,LA Galaxy
40259,MLS,Brad Stuver,EUR,10615.0,581134.0,552000.0,2025-09-25,2026-12-31,1.0,552000.0,,ACTIVE,K,GK,35,United States,Austin
40260,MLS,Herman Johansson,EUR,10615.0,680800.0,552000.0,2026-01-26,2029-06-30,4.0,2208000.0,,ACTIVE,M,RM,28,Sweden,FC Dallas
40261,MLS,Maximiliano Falcón,EUR,10615.0,620310.0,552000.0,2025-02-01,2028-12-31,3.0,1656000.0,,ACTIVE,D,CB,29,Uruguay,Inter Miami
40262,MLS,Tristan Muyumba,EUR,10615.0,590272.0,552000.0,2023-07-06,2026-12-31,1.0,552000.0,,ACTIVE,M,DM,29,France,Atlanta United
40263,MLS,Mbekezeli Mbokazi,EUR,10492.0,603170.0,545560.0,2026-01-26,2029-12-31,4.0,2182240.0,,ACTIVE,D,CB,20,South Africa,Chicago Fire
40264,MLS,Osaze Urhoghide,EUR,10262.0,592463.0,533600.0,2025-02-11,2028-12-31,3.0,1600800.0,,ACTIVE,D,CB,26,England,FC Dallas
40265,MLS,Ilay Feingold,EUR,10173.0,529000.0,529000.0,2025-01-31,2027-12-31,2.0,1058000.0,,ACTIVE,D,RB,22,Israel,NE Revolution
40266,MLS,Milan Iloski,EUR,10173.0,577938.0,529000.0,2025-08-05,2027-12-31,2.0,1058000.0,,ACTIVE,F,CF,27,United States,Philadelphia Union
40267,MLS,Robert Voloder,EUR,10173.0,630430.0,529000.0,2026-01-12,2028-12-31,3.0,1587000.0,,ACTIVE,D,CB,25,Germany,NY Red Bulls
40268,MLS,Ramiro,EUR,10173.0,529000.0,529000.0,2025-01-31,2026-12-31,1.0,529000.0,,ACTIVE,M,CM,33,Brazil,FC Dallas
40269,MLS,Oleksandr Svatok,EUR,10173.0,533600.0,529000.0,2024-07-18,2027-12-31,2.0,1058000.0,,ACTIVE,D,CB,31,Ukraine,Austin
40270,MLS,Djé D'Avilla,EUR,10137.0,630647.0,527160.0,2025-04-01,2028-12-31,3.0,1581480.0,,ACTIVE,M,DM,23,Cote d'Ivoire,Chicago Fire
40271,MLS,Antony,EUR,9907.0,612759.0,515200.0,2023-08-02,2026-12-31,1.0,515200.0,,ACTIVE,F,LW,25,Brazil,Portland Timbers
40272,MLS,Mateo Silvetti,EUR,9731.0,558512.0,506000.0,2025-08-21,2029-12-31,4.0,2024000.0,,ACTIVE,F,LW,20,Argentina,Inter Miami
40273,MLS,Keisuke Kurokawa,EUR,9731.0,566260.0,506000.0,2026-01-26,2029-06-30,4.0,2024000.0,,ACTIVE,D,LB,29,Japan,DC United
40274,MLS,Ryan Hollingshead,EUR,9731.0,506000.0,506000.0,2025-10-24,2027-12-31,2.0,1012000.0,,ACTIVE,D,LB,35,United States,LA FC
40275,MLS,Andy Nájar,EUR,9731.0,555066.0,506000.0,2026-02-04,2026-12-31,1.0,506000.0,,ACTIVE,D,RB,33,Honduras,Nashville SC
40276,MLS,Wikelman Carmona,EUR,9731.0,510600.0,506000.0,2026-02-09,2027-12-31,2.0,1012000.0,,ACTIVE,F,AM,23,Venezuela,CF Montreal
40277,MLS,Tayvon Gray,EUR,9731.0,610880.0,506000.0,2025-12-01,2026-12-31,1.0,506000.0,,ACTIVE,D,RB,24,Jamaica,NYC FC
40278,MLS,Wil Trapp,EUR,9731.0,554300.0,506000.0,2025-01-09,2026-12-31,1.0,506000.0,,ACTIVE,M,DM,33,United States,Minnesota United
40279,MLS,Mikkel Desler,EUR,9731.0,506000.0,506000.0,2024-07-18,2027-12-31,2.0,1012000.0,,ACTIVE,D,RB,31,Denmark,Austin
40280,MLS,Kye Rowles,EUR,9731.0,691534.0,506000.0,2025-01-31,2026-12-31,1.0,506000.0,,ACTIVE,D,CB,28,Australia,DC United
40281,MLS,Joao Ortiz,EUR,9731.0,552575.0,506000.0,2025-01-31,2027-12-31,2.0,1012000.0,,ACTIVE,M,DM,30,Ecuador,Portland Timbers
40282,MLS,Duane Holmes,EUR,9731.0,577760.0,506000.0,2025-03-11,2026-12-31,1.0,506000.0,,ACTIVE,M,RM,31,United States,Houston Dynamo
40283,MLS,Iván Angulo,EUR,9731.0,536044.0,505996.0,2025-11-17,2026-12-31,1.0,505996.0,,ACTIVE,F,LW,27,Colombia,Orlando City
40284,MLS,Agustín Ojeda,EUR,9554.0,559206.0,496800.0,2024-02-02,2028-12-31,3.0,1490400.0,,ACTIVE,F,LW,22,Argentina,NYC FC
40285,MLS,Samuel Piette,EUR,9470.0,571335.0,492430.0,2025-02-21,2027-12-31,2.0,984860.0,,ACTIVE,M,DM,31,Canada,CF Montreal
40286,MLS,Christian Ramirez,EUR,9288.0,531300.0,483000.0,2026-02-27,2026-12-31,1.0,483000.0,,ACTIVE,F,CF,35,United States,Austin
40287,MLS,Roman Celentano,EUR,9288.0,528080.0,483000.0,2023-09-01,2027-12-31,2.0,966000.0,,ACTIVE,K,GK,25,United States,FC Cincinnati
40288,MLS,Adrián Marín,EUR,9288.0,531734.0,483000.0,2025-08-07,2026-12-31,1.0,483000.0,,ACTIVE,D,LB,29,Spain,Orlando City
40289,MLS,Lucas Bartlett,EUR,9288.0,538775.0,483000.0,2024-08-08,2027-12-31,2.0,966000.0,,ACTIVE,D,CB,29,United States,DC United
40290,MLS,John McCarthy,EUR,9288.0,542034.0,483000.0,2025-08-21,2026-12-31,1.0,483000.0,,ACTIVE,K,GK,34,United States,NY Red Bulls
40291,MLS,Paul Rothrock,EUR,9288.0,483000.0,483000.0,2025-12-29,2029-06-30,4.0,1932000.0,,ACTIVE,F,LW,27,United States,Seattle Sounders
40292,MLS,Christopher McVey,EUR,9288.0,530668.0,483000.0,2024-12-12,2027-12-31,2.0,966000.0,,ACTIVE,D,CB,29,Sweden,San Diego FC
40293,MLS,Tomás Jacob,EUR,9288.0,591100.0,483000.0,2026-01-26,2029-06-30,4.0,1932000.0,,ACTIVE,D,CB,22,Argentina,Atlanta United
40294,MLS,Ibrahim Aliyu,EUR,9288.0,530269.0,483000.0,2026-03-12,2026-12-31,1.0,483000.0,,ACTIVE,F,CF,24,Nigeria,Houston Dynamo
40295,MLS,Héctor Herrera,EUR,9288.0,523250.0,483000.0,2026-01-26,2026-12-31,1.0,483000.0,,ACTIVE,M,CM,36,Mexico,Houston Dynamo
40296,MLS,Lawrence Ennali,EUR,8846.0,528310.0,460000.0,2024-07-18,2026-12-31,1.0,460000.0,,ACTIVE,F,LW,24,Germany,Houston Dynamo
40297,MLS,Mohamed Farsi,EUR,8846.0,487600.0,460000.0,2024-02-21,2027-12-31,2.0,920000.0,,ACTIVE,M,RM,26,Algeria,Columbus Crew
40298,MLS,Patrick Yazbek,EUR,8846.0,566732.0,460000.0,2024-07-22,2027-12-31,2.0,920000.0,,ACTIVE,M,CM,24,Australia,Nashville SC
40299,MLS,Juan Jose Arias,EUR,8846.0,519928.0,460000.0,2026-07-14,2026-12-31,1.0,460000.0,,LOAN,D,CB,22,Colombia,Real Salt Lake
40300,MLS,Juan Manuel Sanabria,EUR,8846.0,460000.0,460000.0,2026-02-10,2030-06-30,5.0,2300000.0,,ACTIVE,D,LB,26,Uruguay,Real Salt Lake
40301,MLS,Agustín Anello,EUR,8846.0,496460.0,460000.0,2026-02-10,2029-06-30,4.0,1840000.0,,ACTIVE,F,LW,24,United States,Philadelphia Union
40302,MLS,Jamal Thiaré,EUR,8846.0,487600.0,460000.0,2026-02-02,2026-12-31,1.0,460000.0,,ACTIVE,F,CF,33,Senegal,Columbus Crew
40303,MLS,Brandt Bronico,EUR,8846.0,507534.0,460000.0,2025-11-12,2027-12-31,2.0,920000.0,,ACTIVE,M,CM,31,United States,Charlotte FC
40304,MLS,Joseph Rosales,EUR,8846.0,487485.0,460000.0,2025-12-23,2029-06-30,4.0,1840000.0,,ACTIVE,D,LB,25,Honduras,Austin
40305,MLS,Robin Jansson,EUR,8846.0,487600.0,460000.0,2025-12-01,2027-12-31,2.0,920000.0,,ACTIVE,D,CB,34,Sweden,Orlando City
40306,MLS,Daniel Munie,EUR,8846.0,528080.0,460000.0,2025-10-23,2028-12-31,3.0,1380000.0,,ACTIVE,D,CB,26,United States,San Jose Earthquakes
40307,MLS,Luis Otávio,EUR,8846.0,523480.0,460000.0,2026-01-26,2028-06-30,3.0,1380000.0,,ACTIVE,M,DM,19,Brazil,Orlando City
40308,MLS,Theodore Ku-DiPietro,EUR,8846.0,511520.0,460000.0,2025-02-10,2027-12-31,2.0,920000.0,,ACTIVE,F,AM,24,United States,Colorado Rapids
40309,MLS,Iago Teodoro,EUR,8846.0,507725.0,460000.0,2026-02-07,2029-06-30,4.0,1840000.0,,ACTIVE,D,CB,21,Brazil,Orlando City
40310,MLS,Quinn Sullivan,EUR,8846.0,522560.0,460000.0,2024-10-23,2027-12-31,2.0,920000.0,,ACTIVE,M,CM,22,United States,Philadelphia Union
40311,MLS,Pavel Bucha,EUR,8846.0,504872.0,459993.0,2024-02-07,2026-12-31,1.0,459993.0,,ACTIVE,M,CM,28,Czech Republic,FC Cincinnati
40312,MLS,Miguel Ángel Navarro,EUR,8811.0,504879.0,458160.0,2026-02-17,2026-12-31,1.0,458160.0,,LOAN,D,LB,27,Venezuela,Colorado Rapids
40313,MLS,Nkosi Tafari,EUR,8519.0,442980.0,442980.0,2025-11-26,2026-12-31,1.0,442980.0,,ACTIVE,D,CB,29,United States,LA FC
40314,MLS,Wilder Cartagena,EUR,8493.0,487830.0,441600.0,2025-11-12,2026-12-31,1.0,441600.0,,ACTIVE,M,DM,31,Peru,Orlando City
40315,MLS,Carlos Garcés,EUR,8493.0,476560.0,441600.0,2024-04-01,2028-12-31,3.0,1324800.0,,ACTIVE,D,CB,24,Colombia,LA Galaxy
40316,MLS,Maxi Moralez,EUR,8493.0,460000.0,441600.0,2026-01-12,2026-12-31,1.0,441600.0,,ACTIVE,F,AM,39,Argentina,NYC FC
40317,MLS,Matheus Pereira,EUR,8439.0,598736.0,438840.0,2026-01-26,2028-06-30,3.0,1316520.0,,ACTIVE,D,LB,25,Brazil,Toronto FC
40318,MLS,Nathan Byrne,EUR,8404.0,458850.0,437000.0,2024-09-25,2026-12-31,1.0,437000.0,,ACTIVE,D,RB,34,England,Charlotte FC
40319,MLS,Jacob Shaffelburg,EUR,8404.0,478400.0,437000.0,2025-12-29,2026-12-31,1.0,437000.0,,ACTIVE,F,LW,26,Canada,LA FC
40320,MLS,Juan David Mosquera,EUR,8404.0,498318.0,437000.0,2024-02-13,2027-12-31,2.0,874000.0,,ACTIVE,D,RB,24,Colombia,Portland Timbers
40321,MLS,Rafael,EUR,8315.0,647450.0,432400.0,2025-09-11,2027-12-31,2.0,864800.0,,ACTIVE,K,GK,36,Brazil,Real Salt Lake
40322,MLS,Nikola Petković,EUR,8315.0,474950.0,432400.0,2026-01-08,2026-12-31,1.0,432400.0,,LOAN,M,CM,23,Serbia,Seattle Sounders
40323,MLS,Josh Atencio,EUR,8182.0,425500.0,425500.0,2025-02-15,2027-12-31,2.0,851000.0,,ACTIVE,M,DM,24,United States,Colorado Rapids
40324,MLS,Lalas Abubakar,EUR,8138.0,455400.0,423200.0,2024-12-19,2026-12-31,1.0,423200.0,,ACTIVE,D,CB,31,Ghana,FC Dallas
40325,MLS,Nicolás Romero,EUR,8050.0,453100.0,418600.0,2025-01-31,2027-12-31,2.0,837200.0,,ACTIVE,D,CB,22,Argentina,Minnesota United
40326,MLS,Ezekiel Alladoh,EUR,7962.0,496800.0,414000.0,2026-01-26,2028-12-31,3.0,1242000.0,,ACTIVE,F,CF,20,Ghana,Philadelphia Union
40327,MLS,Cavan Sullivan,EUR,7962.0,564880.0,414000.0,2024-05-09,2028-12-31,3.0,1242000.0,,ACTIVE,F,AM,16,United States,Philadelphia Union
40328,MLS,Alexandros Katranis,EUR,7962.0,478285.0,414000.0,2025-11-07,2026-12-31,1.0,414000.0,,ACTIVE,D,LB,28,Greece,Real Salt Lake
40329,MLS,Oliver Larraz,EUR,7962.0,456934.0,414000.0,2026-01-15,2027-06-30,2.0,828000.0,,ACTIVE,M,CM,24,United States,Vancouver Whitecaps
40330,MLS,Theo Corbeanu,EUR,7962.0,456895.0,414000.0,2026-01-26,2027-12-31,2.0,828000.0,,ACTIVE,F,RW,24,Canada,Toronto FC
40331,MLS,Diego Luna,EUR,7962.0,460766.0,414000.0,2024-03-08,2026-12-31,1.0,414000.0,,ACTIVE,M,LM,23,United States,Real Salt Lake
40332,MLS,Jimer Fory,EUR,7962.0,432400.0,414000.0,2025-02-04,2028-12-31,3.0,1242000.0,,ACTIVE,D,LB,24,Colombia,Portland Timbers
40333,MLS,Zorhan Bassong,EUR,7962.0,497566.0,414000.0,2026-03-30,2029-06-30,4.0,1656000.0,,ACTIVE,M,CM,27,Canada,Sporting KC
40334,MLS,Drake Callender,EUR,7962.0,465444.0,414000.0,2025-12-29,2026-12-31,1.0,414000.0,,ACTIVE,K,GK,28,United States,Minnesota United
40335,MLS,Sam Junqua,EUR,7962.0,444188.0,414000.0,2024-12-23,2028-06-30,3.0,1242000.0,,ACTIVE,D,LB,29,United States,Real Salt Lake
40336,MLS,Sekou Bangoura,EUR,7962.0,498794.0,414000.0,2026-01-26,2029-06-30,4.0,1656000.0,,ACTIVE,M,CM,24,Guinea,Columbus Crew
40337,MLS,Ian Harkes,EUR,7962.0,414000.0,414000.0,2024-12-09,2026-12-31,1.0,414000.0,,ACTIVE,M,CM,31,United States,San Jose Earthquakes
40338,MLS,Thomas Gillier,EUR,7873.0,448040.0,409400.0,2026-06-19,2026-12-31,1.0,409400.0,,LOAN,K,GK,22,Chile,CF Montreal
40339,MLS,Aaron Long,EUR,7873.0,966000.0,409400.0,2024-12-12,2027-12-31,2.0,818800.0,,ACTIVE,D,CB,33,United States,LA FC
40340,MLS,Maren Haile-Selassie,EUR,7855.0,444820.0,408480.0,2024-01-31,2026-12-31,1.0,408480.0,,ACTIVE,M,RM,27,Switzerland,Chicago Fire
40341,MLS,Benjamin Kikanovic,EUR,7820.0,440404.0,406640.0,2025-11-26,2029-06-30,4.0,1626560.0,,ACTIVE,D,RB,26,United States,San Jose Earthquakes
40342,MLS,Justin Che,EUR,7785.0,461534.0,404800.0,2026-01-26,2028-12-31,3.0,1214400.0,,ACTIVE,D,RB,22,United States,NY Red Bulls
40343,MLS,Mamadou Mbacke,EUR,7696.0,456642.0,400200.0,2026-01-29,2028-06-30,3.0,1200600.0,,ACTIVE,D,CB,23,Senegal,St. Louis City
40344,MLS,Bryan Ramírez,EUR,7696.0,629372.0,400200.0,2026-01-26,2029-06-30,4.0,1600800.0,,ACTIVE,F,RW,26,Ecuador,FC Cincinnati
40345,MLS,Jefferson Díaz,EUR,7696.0,400200.0,400200.0,2024-07-29,2026-12-31,1.0,400200.0,,ACTIVE,D,CB,25,Colombia,Minnesota United
40346,MLS,Vítor Costa,EUR,7519.0,426266.0,391000.0,2025-11-26,2026-12-31,1.0,391000.0,,ACTIVE,D,LB,32,Brazil,San Jose Earthquakes
40347,MLS,Jared Stroud,EUR,7519.0,430100.0,391000.0,2023-12-12,2026-12-31,1.0,391000.0,,ACTIVE,F,LW,30,United States,DC United
40348,MLS,Jake Davis,EUR,7519.0,402500.0,391000.0,2024-04-30,2027-12-31,2.0,782000.0,,ACTIVE,D,RB,24,United States,Sporting KC
40349,MLS,Jahkeele Marshall-Rutty,EUR,7519.0,435850.0,391000.0,2026-02-09,2027-12-31,2.0,782000.0,,ACTIVE,D,RB,22,Canada,NY Red Bulls
40350,MLS,Ethan Horvath,EUR,7519.0,482916.0,390993.0,2026-01-29,2027-06-30,2.0,781985.0,,ACTIVE,K,GK,31,United States,NY Red Bulls
40351,MLS,Ayoub Jabbari,EUR,7431.0,436816.0,386400.0,2026-01-26,2028-12-31,3.0,1159200.0,,ACTIVE,F,CF,26,Morocco,FC Cincinnati
40352,MLS,Owen Gene,EUR,7431.0,414092.0,386400.0,2025-02-11,2027-12-31,2.0,772800.0,,ACTIVE,M,CM,23,Guadeloupe,Minnesota United
40353,MLS,Matthew Longstaff,EUR,7360.0,400999.0,382720.0,2025-10-20,2026-12-31,1.0,382720.0,,ACTIVE,M,CM,26,England,CF Montreal
40354,MLS,Dylan Nealis,EUR,7298.0,379500.0,379500.0,2024-05-09,2027-12-31,2.0,759000.0,,ACTIVE,D,RB,28,United States,NY Red Bulls
40355,MLS,Daniel Lovitz,EUR,7254.0,393300.0,377200.0,2025-11-17,2026-12-31,1.0,377200.0,,ACTIVE,D,LB,35,United States,Nashville SC
40356,MLS,Geovane Jesus,EUR,7077.0,411240.0,368000.0,2023-01-31,2026-12-31,1.0,368000.0,,ACTIVE,D,RB,25,Brazil,FC Dallas
40357,MLS,Jon Gallagher,EUR,7077.0,368000.0,368000.0,2026-01-14,2028-06-30,3.0,1104000.0,,ACTIVE,D,RB,30,Ireland,Austin
40358,MLS,Dante Polvara,EUR,7077.0,401862.0,368000.0,2026-01-30,2028-06-30,3.0,1104000.0,,ACTIVE,D,CB,26,United States,St. Louis City
40359,MLS,Joaquín Valiente,EUR,7077.0,406660.0,368000.0,2026-02-13,2028-06-30,3.0,1104000.0,,ACTIVE,F,AM,25,Uruguay,FC Dallas
40360,MLS,Brandon Bye,EUR,7077.0,407100.0,368000.0,2025-12-22,2027-12-31,2.0,736000.0,,ACTIVE,D,RB,30,United States,Portland Timbers
40361,MLS,John Pulskamp,EUR,7077.0,391345.0,368000.0,2025-10-23,2026-12-31,1.0,368000.0,,ACTIVE,K,GK,25,United States,Sporting KC
40362,MLS,Kenji Cabrera,EUR,7077.0,404849.0,368000.0,2025-07-24,2028-12-31,3.0,1104000.0,,ACTIVE,F,LW,23,Peru,Vancouver Whitecaps
40363,MLS,Brooklyn Raines,EUR,7077.0,407790.0,368000.0,2025-12-23,2029-06-30,4.0,1472000.0,,ACTIVE,M,CM,21,United States,NE Revolution
40364,MLS,Kyle Duncan,EUR,7077.0,402858.0,368000.0,2026-02-13,2026-12-31,1.0,368000.0,,ACTIVE,D,RB,29,Jamaica,Minnesota United
40365,MLS,Noah Streit,EUR,7077.0,415226.0,368000.0,2026-02-09,2029-12-31,4.0,1472000.0,,ACTIVE,F,RW,20,Switzerland,CF Montreal
40366,MLS,Édier Ocampo,EUR,7077.0,417495.0,368000.0,2024-08-08,2027-12-31,2.0,736000.0,,ACTIVE,D,RB,22,Colombia,Vancouver Whitecaps
40367,MLS,Fabian Herbers,EUR,7077.0,404800.0,368000.0,2025-01-03,2026-12-31,1.0,368000.0,,ACTIVE,M,CM,33,Germany,CF Montreal
40368,MLS,Emeka Eneli,EUR,7077.0,405720.0,368000.0,2024-08-22,2028-12-31,3.0,1104000.0,,ACTIVE,M,DM,26,United States,Real Salt Lake
40369,MLS,Efraín Morales,EUR,7077.0,415150.0,368000.0,2025-07-24,2028-12-31,3.0,1104000.0,,ACTIVE,D,CB,22,Bolivia,CF Montreal
40370,MLS,Simon Becher,EUR,7077.0,408825.0,368000.0,2026-02-26,2028-06-30,3.0,1104000.0,,ACTIVE,F,CF,27,United States,St. Louis City
40371,MLS,Jovan Lukić,EUR,6988.0,406065.0,363400.0,2025-02-05,2026-12-31,1.0,363400.0,,ACTIVE,M,CM,24,Serbia,Philadelphia Union
40372,MLS,Bruno Caicedo,EUR,6900.0,395738.0,358800.0,2026-01-30,2029-06-30,4.0,1435200.0,,ACTIVE,F,LW,21,Ecuador,Vancouver Whitecaps
40373,MLS,Cameron Harper,EUR,6900.0,397210.0,358800.0,2024-04-03,2027-12-31,2.0,717600.0,,ACTIVE,F,RW,24,United States,NY Red Bulls
40374,MLS,Diego Chará,EUR,6865.0,357000.0,357000.0,2025-11-14,2026-12-31,1.0,357000.0,,ACTIVE,M,CM,40,Colombia,Portland Timbers
40375,MLS,Yannick Bright,EUR,6812.0,427057.0,354200.0,2025-10-28,2028-12-31,3.0,1062600.0,,ACTIVE,M,DM,25,Italy,Inter Miami
40376,MLS,Brendan Hines-Ike,EUR,6635.0,345000.0,345000.0,2025-11-25,2026-12-31,1.0,345000.0,,ACTIVE,D,CB,31,United States,Austin
40377,MLS,Calvin Harris,EUR,6635.0,345000.0,345000.0,2026-01-15,2027-06-30,2.0,690000.0,,ACTIVE,F,RW,26,England,Sporting KC
40378,MLS,Ian Fray,EUR,6635.0,394680.0,345000.0,2025-12-11,2029-06-30,4.0,1380000.0,,ACTIVE,D,CB,24,Jamaica,Inter Miami
40379,MLS,Noah Allen,EUR,6635.0,399881.0,345000.0,2026-09-02,2026-12-31,1.0,345000.0,,LOAN,D,LB,22,Greece,Chicago Fire
40380,MLS,Derrick Etienne,EUR,6635.0,345000.0,345000.0,2024-04-23,2026-12-31,1.0,345000.0,,ACTIVE,F,LW,29,Haiti,Toronto FC
40381,MLS,Raheem Edwards,EUR,6635.0,381193.0,345000.0,2026-02-17,2026-12-31,1.0,345000.0,,ACTIVE,D,LB,31,Canada,Toronto FC
40382,MLS,Julián Aude,EUR,6635.0,354200.0,345000.0,2023-03-21,2027-12-31,2.0,690000.0,,ACTIVE,D,LB,23,Argentina,LA Galaxy
40383,MLS,Peglow,EUR,6635.0,576207.0,345000.0,2025-01-31,2027-12-31,2.0,690000.0,,ACTIVE,F,LW,24,Brazil,DC United
40384,MLS,Silvan Hefti,EUR,6546.0,400046.0,340400.0,2026-01-29,2027-06-30,2.0,680800.0,,ACTIVE,D,RB,28,Switzerland,DC United
40385,MLS,Stefan Frei,EUR,6457.0,359490.0,335800.0,2025-12-15,2027-12-31,2.0,671600.0,,ACTIVE,K,GK,40,United States,Seattle Sounders
40386,MLS,Ender Echenique,EUR,6306.0,410854.0,327888.0,2025-07-24,2028-12-31,3.0,983664.0,,ACTIVE,F,RW,22,Venezuela,FC Cincinnati
40387,MLS,Christian Cappis,EUR,6227.0,323840.0,323840.0,2025-07-24,2027-12-31,2.0,647680.0,,ACTIVE,M,CM,27,United States,FC Dallas
40388,MLS,Warren Madrigal,EUR,6193.0,371220.0,322000.0,2026-01-26,2029-06-30,4.0,1288000.0,,ACTIVE,F,LW,22,Costa Rica,Nashville SC
40389,MLS,Paul Marie,EUR,6193.0,351900.0,322000.0,2023-11-29,2026-12-31,1.0,322000.0,,ACTIVE,D,RB,31,France,San Jose Earthquakes
40390,MLS,Ousseni Bouda,EUR,6193.0,322000.0,322000.0,2025-06-20,2027-12-31,2.0,644000.0,,ACTIVE,F,RW,26,Burkina Faso,San Jose Earthquakes
40391,MLS,CJ dos Santos,EUR,6193.0,359605.0,322000.0,2025-05-29,2027-12-31,2.0,644000.0,,ACTIVE,K,GK,26,Cape Verde,San Diego FC
40392,MLS,Leonardo Barroso,EUR,6193.0,363860.0,322000.0,2025-01-31,2028-12-31,3.0,966000.0,,ACTIVE,D,RB,21,Portugal,Chicago Fire
40393,MLS,Sergio Oregel,EUR,6193.0,361100.0,322000.0,2022-01-01,2028-12-31,3.0,966000.0,,ACTIVE,M,CM,21,United States,Chicago Fire
40394,MLS,Logan Farrington,EUR,6193.0,383640.0,322000.0,2026-07-10,2028-06-30,3.0,966000.0,,ACTIVE,F,CF,24,United States,FC Dallas
40395,MLS,Djibril Diani,EUR,6193.0,356908.0,322000.0,2025-11-21,2026-12-31,1.0,322000.0,,ACTIVE,M,DM,28,France,Charlotte FC
40396,MLS,John Nelson,EUR,6193.0,322000.0,322000.0,2026-01-21,2028-06-30,3.0,966000.0,,ACTIVE,D,LB,28,United States,LA Galaxy
40397,MLS,Tanner Beason,EUR,6193.0,322000.0,322000.0,2024-12-20,2026-12-31,1.0,322000.0,,ACTIVE,D,CB,29,United States,NE Revolution
40398,MLS,Anthony Markanich,EUR,6193.0,364044.0,322000.0,2025-09-02,2028-12-31,3.0,966000.0,,ACTIVE,D,LB,26,United States,Minnesota United
40399,MLS,Tomas Totland,EUR,6193.0,360422.0,322000.0,2024-01-31,2026-12-31,1.0,322000.0,,ACTIVE,D,RB,26,Norway,St. Louis City
40400,MLS,Tim Parker,EUR,6193.0,356500.0,322000.0,2025-12-19,2026-12-31,1.0,322000.0,,ACTIVE,D,CB,33,United States,NY Red Bulls
40401,MLS,Viktor Radojević,EUR,6193.0,328440.0,322000.0,2026-09-02,2026-12-31,1.0,322000.0,,LOAN,D,LB,22,Serbia,CF Montreal
40402,MLS,Rudy Camacho,EUR,6193.0,381800.0,322000.0,2025-12-19,2026-12-31,1.0,322000.0,,ACTIVE,D,CB,35,France,Columbus Crew
40403,MLS,Alex Mighten,EUR,5750.0,305709.0,299000.0,2024-08-30,2026-12-31,1.0,299000.0,,ACTIVE,F,LW,24,England,San Diego FC
40404,MLS,Aníbal Godoy,EUR,5750.0,329666.0,299000.0,2025-12-09,2026-12-31,1.0,299000.0,,ACTIVE,M,DM,36,Panama,San Diego FC
40405,MLS,Archie Goodwin,EUR,5750.0,336892.0,299000.0,2025-08-13,2028-12-31,3.0,897000.0,,ACTIVE,F,CF,21,Australia,Charlotte FC
40406,MLS,Telasco Segovia,EUR,5750.0,331200.0,299000.0,2025-01-31,2029-12-31,4.0,1196000.0,,ACTIVE,M,CM,23,Venezuela,Inter Miami
40407,MLS,Mateja Djordjević,EUR,5750.0,308200.0,299000.0,2025-07-24,2028-12-31,3.0,897000.0,,ACTIVE,D,CB,23,Serbia,Austin
40408,MLS,Guilherme Biro,EUR,5750.0,299000.0,299000.0,2024-01-31,2027-12-31,2.0,598000.0,,ACTIVE,D,LB,26,Brazil,Austin
40409,MLS,Will Sands,EUR,5750.0,306666.0,299000.0,2026-06-09,2030-06-30,5.0,1495000.0,,ACTIVE,D,LB,26,United States,NE Revolution
40410,MLS,Elijah Wynder,EUR,5750.0,324031.0,299000.0,2025-01-26,2027-12-31,2.0,598000.0,,ACTIVE,M,CM,23,United States,LA Galaxy
40411,MLS,Jesús Bueno,EUR,5750.0,330395.0,299000.0,2023-12-01,2026-12-31,1.0,299000.0,,ACTIVE,M,DM,27,Venezuela,Philadelphia Union
40412,MLS,Nathan Harriel,EUR,5750.0,387596.0,299000.0,2023-03-23,2026-12-31,1.0,299000.0,,ACTIVE,D,RB,25,United States,Philadelphia Union
40413,MLS,Emilio Aristizábal,EUR,5750.0,317205.0,298996.0,2026-02-17,2026-12-31,1.0,298996.0,,LOAN,F,CF,21,Colombia,Toronto FC
40414,MLS,Lucas Hoyos,EUR,5573.0,315254.0,289800.0,2026-01-26,2026-12-31,1.0,289800.0,,ACTIVE,K,GK,37,Argentina,Atlanta United
40415,MLS,JT Marcinkowski,EUR,5343.0,277840.0,277840.0,2025-01-16,2026-12-31,1.0,277840.0,,ACTIVE,K,GK,29,United States,LA Galaxy
40416,MLS,Diego Fagúndez,EUR,5307.0,290950.0,276000.0,2026-03-13,2026-12-31,1.0,276000.0,,ACTIVE,F,LW,31,Uruguay,NE Revolution
40417,MLS,Alonso Coello,EUR,5307.0,308200.0,276000.0,2025-01-16,2027-12-31,2.0,552000.0,,ACTIVE,M,CM,26,Spain,Toronto FC
40418,MLS,Keegan Rosenberry,EUR,5307.0,276000.0,276000.0,2024-11-26,2027-12-31,2.0,552000.0,,ACTIVE,D,RB,32,United States,Colorado Rapids
40419,MLS,Mitja Ilenic,EUR,5307.0,360364.0,276000.0,2023-01-31,2026-12-31,1.0,276000.0,,ACTIVE,M,RM,21,Slovenia,NYC FC
40420,MLS,Baye Coulibaly,EUR,5307.0,303140.0,276000.0,2025-09-03,2028-12-31,3.0,828000.0,,ACTIVE,M,CM,20,Mali,Charlotte FC
40421,MLS,James Pantemis,EUR,5307.0,295166.0,276000.0,2025-11-14,2026-12-31,1.0,276000.0,,ACTIVE,K,GK,29,Canada,Portland Timbers
40422,MLS,Diego Borges,EUR,5307.0,303600.0,276000.0,2026-03-17,2030-06-30,5.0,1380000.0,,ACTIVE,D,CB,21,Brazil,Sporting KC
40423,MLS,Kevin O'Toole,EUR,5307.0,297466.0,276000.0,2026-07-16,2029-06-30,4.0,1104000.0,,ACTIVE,D,LB,27,Ireland,NYC FC
40424,MLS,Philippe Ndinga,EUR,5307.0,305670.0,276000.0,2026-02-27,2029-06-30,4.0,1104000.0,,ACTIVE,D,LB,21,Congo,Philadelphia Union
40425,MLS,Bryce Duke,EUR,5307.0,309580.0,276000.0,2026-02-09,2027-06-30,2.0,552000.0,,ACTIVE,F,AM,25,United States,San Diego FC
40426,MLS,Zac McGraw,EUR,5219.0,314410.0,271400.0,2025-02-18,2026-12-31,1.0,271400.0,,ACTIVE,D,CB,29,Canada,Portland Timbers
40427,MLS,Ariath Piol,EUR,5202.0,320950.0,270480.0,2025-01-31,2027-12-31,2.0,540960.0,,ACTIVE,F,CF,21,Australia,Real Salt Lake
40428,MLS,Bode Davis,EUR,5131.0,295136.0,266800.0,2025-08-21,2027-12-31,2.0,533600.0,,ACTIVE,D,RB,24,United States,CF Montreal
40429,MLS,Alvas Powell,EUR,5043.0,299690.0,262200.0,2025-12-12,2026-12-31,1.0,262200.0,,ACTIVE,D,RB,32,Jamaica,FC Cincinnati
40430,MLS,Carlos Harvey,EUR,5043.0,291698.0,262200.0,2025-06-03,2028-12-31,3.0,786600.0,,ACTIVE,M,DM,26,Panama,Minnesota United
40431,MLS,Ethan Kohler,EUR,4954.0,284096.0,257600.0,2026-01-26,2029-06-30,4.0,1030400.0,,ACTIVE,D,CB,21,United States,NE Revolution
40432,MLS,Finn Surman,EUR,4865.0,278974.0,253000.0,2024-07-20,2026-12-31,1.0,253000.0,,ACTIVE,D,CB,22,New Zealand,Portland Timbers
40433,MLS,Reed Baker-Whiting,EUR,4865.0,260360.0,253000.0,2026-02-18,2028-12-31,3.0,759000.0,,ACTIVE,D,LB,21,United States,Nashville SC
40434,MLS,Kai Trewin,EUR,4865.0,286619.0,253000.0,2026-01-27,2029-06-30,4.0,1012000.0,,ACTIVE,M,DM,25,Australia,NYC FC
40435,MLS,Tyrese Spicer,EUR,4865.0,286925.0,253000.0,2025-12-20,2028-06-30,3.0,759000.0,,ACTIVE,F,LW,25,Trinidad and Tobago,Orlando City
40436,MLS,Pedro Soma,EUR,4865.0,299417.0,253000.0,2025-07-28,2027-12-31,2.0,506000.0,,ACTIVE,M,DM,20,United States,San Diego FC
40437,MLS,Brandon Servania,EUR,4865.0,279424.0,253000.0,2025-02-11,2026-12-31,1.0,253000.0,,ACTIVE,M,CM,27,United States,DC United
40438,MLS,Ran Binyamin,EUR,4865.0,277916.0,253000.0,2026-01-26,2029-06-30,4.0,1012000.0,,ACTIVE,M,CM,22,Israel,FC Dallas
40439,MLS,Julián Bazán,EUR,4865.0,287799.0,252993.0,2026-03-26,2028-06-30,3.0,758978.0,,ACTIVE,D,CB,20,Colombia,NY Red Bulls
40440,MLS,Célio Pompeu,EUR,4825.0,284286.0,250930.0,2024-04-26,2026-12-31,1.0,250930.0,,ACTIVE,F,LW,26,Brazil,St. Louis City
40441,MLS,Elías Báez,EUR,4684.0,270210.0,243530.0,2026-02-03,2028-12-31,3.0,730589.0,,ACTIVE,D,LB,21,Argentina,Atlanta United
40442,MLS,Kyle Hiebert,EUR,4600.0,265880.0,239200.0,2023-12-04,2026-12-31,1.0,239200.0,,ACTIVE,D,CB,29,Canada,St. Louis City
40443,MLS,Patrickson Delgado,EUR,4600.0,263378.0,239200.0,2025-01-31,2027-12-31,2.0,478400.0,,ACTIVE,M,DM,22,Ecuador,FC Dallas
40444,MLS,Andrew Thomas,EUR,4468.0,232300.0,232300.0,2024-05-07,2027-12-31,2.0,464600.0,,ACTIVE,K,GK,28,United States,Seattle Sounders
40445,MLS,Chris Brady,EUR,4423.0,320466.0,230000.0,2022-05-16,2029-12-31,4.0,920000.0,,ACTIVE,K,GK,22,United States,Chicago Fire
40446,MLS,Jonathan Sirois,EUR,4423.0,246215.0,230000.0,2026-02-02,2026-12-31,1.0,230000.0,,ACTIVE,K,GK,25,Canada,FC Dallas
40447,MLS,Bernard Kamungo,EUR,4423.0,258520.0,230000.0,2025-01-07,2027-12-31,2.0,460000.0,,ACTIVE,F,RW,24,Tanzania,FC Dallas
40448,MLS,Preston Judd,EUR,4423.0,275425.0,230000.0,2026-07-15,2029-06-30,4.0,920000.0,,ACTIVE,F,CF,27,United States,San Jose Earthquakes
40449,MLS,Tah Anunga,EUR,4423.0,241500.0,230000.0,2025-11-26,2026-12-31,1.0,230000.0,,ACTIVE,M,CM,30,Cameroon,FC Cincinnati
40450,MLS,Andrew Privett,EUR,4423.0,258888.0,230000.0,2024-05-23,2028-12-31,3.0,690000.0,,ACTIVE,D,CB,26,United States,Charlotte FC
40451,MLS,Puso Dithejane,EUR,4423.0,260592.0,230000.0,2026-01-26,2030-06-30,5.0,1150000.0,,ACTIVE,F,RW,22,South Africa,Chicago Fire
40452,MLS,Alex Bono,EUR,4423.0,241500.0,230000.0,2026-01-26,2026-12-31,1.0,230000.0,,ACTIVE,K,GK,32,United States,DC United
40453,MLS,Jonathan González,EUR,4423.0,253575.0,230000.0,2026-02-20,2026-12-31,1.0,230000.0,,ACTIVE,M,DM,27,Mexico,San Jose Earthquakes
40454,MLS,Beau Leroux,EUR,4423.0,229996.0,229996.0,2025-12-30,2028-06-30,3.0,689989.0,,ACTIVE,M,CM,23,United States,San Jose Earthquakes
40455,MLS,Alex Bonetig,EUR,4246.0,240120.0,220800.0,2026-01-26,2028-06-30,3.0,662400.0,,ACTIVE,D,CB,24,Australia,Portland Timbers
40456,MLS,Mauricio González,EUR,4246.0,220800.0,220800.0,2026-01-26,2030-06-30,5.0,1104000.0,,ACTIVE,F,LW,21,Colombia,Minnesota United
40457,MLS,Dawid Bugaj,EUR,4246.0,246192.0,220800.0,2024-07-18,2026-12-31,1.0,220800.0,,ACTIVE,D,RB,22,Poland,CF Montreal
40458,MLS,Morrison Agyemang,EUR,4246.0,241114.0,220800.0,2026-02-20,2029-06-30,4.0,883200.0,,ACTIVE,D,CB,21,Ghana,Charlotte FC
40459,MLS,Evan Louro,EUR,4202.0,238864.0,218500.0,2025-11-26,2026-12-31,1.0,218500.0,,ACTIVE,K,GK,30,United States,FC Cincinnati
40460,MLS,Osvald Søe,EUR,4157.0,216196.0,216196.0,2026-01-26,2028-06-30,3.0,648589.0,,ACTIVE,D,CB,20,Denmark,San Diego FC
40461,MLS,Josh Bauer,EUR,4069.0,233374.0,211600.0,2024-12-10,2026-12-31,1.0,211600.0,,ACTIVE,D,CB,28,United States,Nashville SC
40462,MLS,Tyler Miller,EUR,4013.0,230851.0,208656.0,2026-01-26,2028-06-30,3.0,625968.0,,ACTIVE,K,GK,33,United States,Charlotte FC
40463,MLS,Jimmy Maurer,EUR,3981.0,207000.0,207000.0,2024-12-17,2026-12-31,1.0,207000.0,,ACTIVE,K,GK,37,United States,Houston Dynamo
40464,MLS,Jack Skahan,EUR,3981.0,207000.0,207000.0,2025-11-26,2026-12-31,1.0,207000.0,,ACTIVE,M,CM,28,United States,San Jose Earthquakes
40465,MLS,Daniel Ríos,EUR,3981.0,218101.0,207000.0,2026-01-26,2026-12-31,1.0,207000.0,,ACTIVE,F,CF,31,Mexico,CF Montreal
40466,MLS,Felipe Andrade,EUR,3981.0,232300.0,207000.0,2026-01-26,2027-12-31,2.0,414000.0,,ACTIVE,D,LB,24,Brazil,Houston Dynamo
40467,MLS,Luka Gavran,EUR,3981.0,229517.0,207000.0,2025-01-20,2027-12-31,2.0,414000.0,,ACTIVE,K,GK,26,Canada,Toronto FC
40468,MLS,Ben Lundt,EUR,3981.0,207000.0,207000.0,2025-11-10,2027-12-31,2.0,414000.0,,ACTIVE,K,GK,30,Germany,St. Louis City
40469,MLS,Ilie Sánchez,EUR,3981.0,207000.0,207000.0,2025-11-25,2026-12-31,1.0,207000.0,,ACTIVE,M,DM,35,Spain,Austin
40470,MLS,Jon Bell,EUR,3981.0,207000.0,207000.0,2025-12-16,2028-06-30,3.0,621000.0,,ACTIVE,D,CB,29,Jamaica,Austin
40471,MLS,Rodolfo Aloko,EUR,3893.0,231534.0,202400.0,2026-04-10,2030-06-30,5.0,1012000.0,,ACTIVE,F,RW,19,Benin,Charlotte FC
40472,MLS,Ryan Raposo,EUR,3893.0,202400.0,202400.0,2026-01-29,2028-06-30,3.0,607200.0,,ACTIVE,M,LM,27,Canada,LA FC
40473,MLS,Pablo Sisniega,EUR,3804.0,222149.0,197800.0,2026-02-26,2027-12-31,2.0,395600.0,,ACTIVE,K,GK,31,Mexico,San Diego FC
40474,MLS,Stefan Cleveland,EUR,3804.0,218040.0,197800.0,2025-12-10,2026-12-31,1.0,197800.0,,ACTIVE,K,GK,32,United States,Sporting KC
40475,MLS,DJ Taylor,EUR,3715.0,220908.0,193200.0,2023-12-01,2026-12-31,1.0,193200.0,,ACTIVE,D,RB,29,United States,Minnesota United
40476,MLS,Ivan Losenko,EUR,3715.0,228160.0,193200.0,2026-01-26,2026-12-31,1.0,193200.0,,LOAN,M,CM,22,Ukraine,CF Montreal
40477,MLS,Earl Edwards,EUR,3715.0,202630.0,193200.0,2025-11-26,2026-12-31,1.0,193200.0,,ACTIVE,K,GK,34,United States,San Jose Earthquakes
40478,MLS,AJ Marcucci,EUR,3627.0,211655.0,188600.0,2025-12-22,2029-12-31,4.0,754400.0,,ACTIVE,K,GK,27,United States,NY Red Bulls
40479,MLS,Belal Halbouni,EUR,3609.0,211814.0,187680.0,2026-01-30,2027-06-30,2.0,375360.0,,ACTIVE,D,CB,26,Syria,Vancouver Whitecaps
40480,MLS,Kaick,EUR,3538.0,231748.0,184000.0,2025-03-05,2028-12-31,3.0,552000.0,,ACTIVE,M,DM,20,Brazil,FC Dallas
40481,MLS,Mauricio Pineda,EUR,3538.0,294544.0,184000.0,2025-09-16,2027-12-31,2.0,368000.0,,ACTIVE,D,CB,28,United States,Chicago Fire
40482,MLS,Geiner Martínez,EUR,3538.0,331388.0,184000.0,2026-02-03,2028-06-30,3.0,552000.0,,ACTIVE,D,CB,23,Colombia,Philadelphia Union
40483,MLS,Amar Sejdić,EUR,3538.0,197386.0,184000.0,2025-11-26,2026-12-31,1.0,184000.0,,ACTIVE,M,DM,29,United States,Columbus Crew
40484,MLS,David Ruíz,EUR,3538.0,213336.0,184000.0,2026-09-02,2026-12-31,1.0,184000.0,,LOAN,M,DM,22,Honduras,NY Red Bulls
40485,MLS,Sam Rogers,EUR,3538.0,205160.0,184000.0,2025-01-31,2026-12-31,1.0,184000.0,,ACTIVE,D,CB,27,United States,Chicago Fire
40486,MLS,Joe Willis,EUR,3538.0,198720.0,184000.0,2025-12-09,2026-12-31,1.0,184000.0,,ACTIVE,K,GK,38,United States,Nashville SC
40819,MLS,Maurice Malone,EUR,,,,2026-08-24,2030-06-30,5.0,,,ACTIVE,F,CF,26,Germany,Minnesota United
40487,MLS,Zach Booth,EUR,3538.0,200100.0,184000.0,2026-01-26,2026-12-31,1.0,184000.0,,LOAN,F,LW,22,United States,Real Salt Lake
40488,MLS,Rocco Ríos Novo,EUR,3538.0,206172.0,184000.0,2026-01-26,2029-06-30,4.0,736000.0,,ACTIVE,K,GK,24,Argentina,Inter Miami
40489,MLS,Nolan Norris,EUR,3538.0,201151.0,184000.0,2026-01-15,2029-06-30,4.0,736000.0,,ACTIVE,D,LB,21,United States,FC Dallas
40490,MLS,Rafael Santos,EUR,3538.0,208246.0,184000.0,2026-01-27,2027-06-30,2.0,368000.0,,ACTIVE,D,LB,28,Brazil,St. Louis City
40491,MLS,Thomas Hasal,EUR,3538.0,193322.0,184000.0,2025-11-26,2026-12-31,1.0,184000.0,,ACTIVE,K,GK,27,Canada,LA FC
40492,MLS,Lukas MacNaughton,EUR,3538.0,201762.0,184000.0,2026-02-10,2027-06-30,2.0,368000.0,,ACTIVE,D,CB,31,Canada,St. Louis City
40493,MLS,Novak Mićović,EUR,3538.0,184000.0,184000.0,2024-01-31,2026-12-31,1.0,184000.0,,ACTIVE,K,GK,24,Serbia,LA Galaxy
40494,MLS,Emmanuel Boateng,EUR,3273.0,170204.0,170204.0,2025-01-06,2026-12-31,1.0,170204.0,,ACTIVE,M,LM,32,Ghana,San Diego FC
40495,MLS,Bryan Acosta,EUR,3273.0,184460.0,170200.0,2025-01-31,2026-12-31,1.0,170200.0,,ACTIVE,M,CM,32,Honduras,Nashville SC
40496,MLS,Peter Stroud,EUR,3273.0,205236.0,170200.0,2025-12-16,2026-12-31,1.0,170200.0,,ACTIVE,M,CM,24,United States,Minnesota United
40497,MLS,Andy Rojas,EUR,3273.0,196081.0,170200.0,2025-08-19,2028-12-31,3.0,510600.0,,ACTIVE,F,LW,20,Costa Rica,NY Red Bulls
40498,MLS,Nick Markanich,EUR,3272.0,186556.0,170165.0,2026-01-26,2026-12-31,1.0,170165.0,,LOAN,F,RW,26,United States,Houston Dynamo
40499,MLS,Juan Mina,EUR,3096.0,175197.0,161000.0,2023-07-31,2026-12-31,1.0,161000.0,,ACTIVE,D,RB,22,Colombia,NY Red Bulls
40500,MLS,Julian Hall,EUR,3096.0,236662.0,161000.0,2026-08-27,2030-06-30,5.0,805000.0,,ACTIVE,F,CF,18,United States,NY Red Bulls
40501,MLS,Jonathan Dean,EUR,3096.0,193844.0,161000.0,2025-09-22,2027-12-31,2.0,322000.0,,ACTIVE,D,RB,29,United States,Chicago Fire
40502,MLS,Damian Las,EUR,3096.0,161000.0,161000.0,2022-01-25,2027-12-31,2.0,322000.0,,ACTIVE,K,GK,24,United States,Austin
40503,MLS,Philip Quinton,EUR,3096.0,161000.0,161000.0,2025-11-07,2026-12-31,1.0,161000.0,,ACTIVE,D,CB,26,United States,Real Salt Lake
40504,MLS,Oscar Verhoeven,EUR,3096.0,173323.0,161000.0,2026-01-01,2026-12-31,1.0,161000.0,,ACTIVE,D,RB,20,United States,San Diego FC
40505,MLS,Ralph Priso-Mbongue,EUR,3096.0,174034.0,161000.0,2024-12-11,2029-06-30,4.0,644000.0,,ACTIVE,M,DM,24,Canada,Vancouver Whitecaps
40506,MLS,Brian Romero,EUR,3096.0,170966.0,161000.0,2022-08-03,2026-12-31,1.0,161000.0,,ACTIVE,F,RW,20,United States,Charlotte FC
40507,MLS,Jeremy Rafanello,EUR,2919.0,171235.0,151800.0,2024-10-16,2026-12-31,1.0,151800.0,,ACTIVE,F,AM,26,United States,Philadelphia Union
40508,MLS,Nicholas Hagen,EUR,2919.0,168912.0,151800.0,2025-01-09,2026-12-31,1.0,151800.0,,ACTIVE,K,GK,30,Guatemala,Columbus Crew
40509,MLS,Isaac Boehmer,EUR,2919.0,159850.0,151800.0,2025-12-08,2027-12-31,2.0,303600.0,,ACTIVE,K,GK,24,Canada,Vancouver Whitecaps
40510,MLS,Josh Cohen,EUR,2919.0,166750.0,151800.0,2026-01-01,2027-06-30,2.0,303600.0,,ACTIVE,K,GK,34,United States,Chicago Fire
40511,MLS,Devin Padelford,EUR,2831.0,165140.0,147200.0,2026-09-02,2026-12-31,1.0,147200.0,,LOAN,D,LB,23,United States,NY Red Bulls
40512,MLS,Nehuén Benedetti,EUR,2831.0,179216.0,147200.0,2026-01-26,2029-12-31,4.0,588800.0,,ACTIVE,M,CM,21,Argentina,NY Red Bulls
40513,MLS,Nicolas Hansen,EUR,2831.0,147200.0,147200.0,2026-01-22,2028-12-31,3.0,441600.0,,ACTIVE,K,GK,25,Denmark,Colorado Rapids
40514,MLS,Javier Otero,EUR,2831.0,150650.0,147200.0,2024-12-05,2026-12-31,1.0,147200.0,,ACTIVE,K,GK,23,Venezuela,Orlando City
40515,MLS,Luis Rivera,EUR,2831.0,157412.0,147200.0,2025-03-14,2026-12-31,1.0,147200.0,,ACTIVE,D,LB,18,United States,Real Salt Lake
40516,MLS,Jackson Hopkins,EUR,2787.0,145206.0,144900.0,2026-05-27,2029-06-30,4.0,579600.0,,ACTIVE,F,AM,22,United States,DC United
40517,MLS,Ronald Donkor,EUR,2654.0,161368.0,138000.0,2026-06-02,2030-06-30,5.0,690000.0,,ACTIVE,M,CM,21,Ghana,NY Red Bulls
40518,MLS,Máximo Carrizo,EUR,2654.0,168841.0,138000.0,2022-02-28,2027-12-31,2.0,276000.0,,ACTIVE,M,CM,18,United States,NYC FC
40519,MLS,Nimfasha Berchimas,EUR,2654.0,151739.0,138000.0,2022-11-17,2026-12-31,1.0,138000.0,,ACTIVE,F,LW,18,United States,Charlotte FC
40520,MLS,Jules-Anthony Vilsaint,EUR,2654.0,144325.0,138000.0,2025-08-13,2026-12-31,1.0,138000.0,,ACTIVE,F,CF,23,Canada,Toronto FC
40521,MLS,Kobe Franklin,EUR,2654.0,147938.0,138000.0,2025-10-24,2026-12-31,1.0,138000.0,,ACTIVE,D,RB,23,Canada,Toronto FC
40522,MLS,Mohammed Sofo,EUR,2654.0,191360.0,138000.0,2024-09-07,2026-12-31,1.0,138000.0,,ACTIVE,F,LW,21,Ghana,NY Red Bulls
40523,MLS,Chris Mueller,EUR,2654.0,171672.0,138000.0,2025-09-22,2026-12-31,1.0,138000.0,,ACTIVE,F,RW,30,United States,Chicago Fire
40524,MLS,Thomas Williams,EUR,2654.0,150765.0,138000.0,2025-12-08,2026-12-31,1.0,138000.0,,ACTIVE,D,CB,22,United States,Nashville SC
40525,MLS,Brian Schwake,EUR,2654.0,153456.0,138000.0,2025-01-31,2026-12-31,1.0,138000.0,,ACTIVE,K,GK,25,United States,Nashville SC
40526,MLS,Jeff Gal,EUR,2654.0,151800.0,138000.0,2025-09-22,2026-12-31,1.0,138000.0,,ACTIVE,K,GK,33,United States,Chicago Fire
40527,MLS,Noel Buck,EUR,2654.0,138000.0,138000.0,2025-11-26,2026-12-31,1.0,138000.0,,ACTIVE,M,CM,21,England,San Jose Earthquakes
40528,MLS,Caden Glover,EUR,2654.0,142600.0,138000.0,2023-01-09,2027-12-31,2.0,276000.0,,ACTIVE,F,CF,19,United States,St. Louis City
40529,MLS,David Vazquez,EUR,2477.0,143410.0,128800.0,2026-01-01,2027-12-31,2.0,257600.0,,ACTIVE,M,RM,20,United States,San Diego FC
40530,MLS,Jack Neeley,EUR,2477.0,130640.0,128800.0,2023-03-24,2026-12-31,1.0,128800.0,,ACTIVE,D,CB,21,United States,Charlotte FC
40531,MLS,Taha Habroune,EUR,2477.0,139840.0,128800.0,2024-01-17,2027-12-31,2.0,257600.0,,ACTIVE,M,CM,20,United States,Columbus Crew
40532,MLS,Ben Bender,EUR,2477.0,137694.0,128800.0,2025-05-09,2027-06-30,2.0,257600.0,,ACTIVE,M,CM,25,United States,Philadelphia Union
40533,MLS,Kosi Thompson,EUR,2477.0,133639.0,128800.0,2026-03-26,2026-12-31,1.0,128800.0,,ACTIVE,D,RB,23,Canada,Colorado Rapids
40534,MLS,Victor Loturi,EUR,2388.0,134780.0,124200.0,2025-01-31,2026-12-31,1.0,124200.0,,ACTIVE,M,CM,25,Canada,CF Montreal
40535,MLS,William Yarbrough,EUR,2388.0,138000.0,124200.0,2026-01-16,2026-12-31,1.0,124200.0,,ACTIVE,K,GK,37,United States,Toronto FC
40536,MLS,Hunter Sulte,EUR,2388.0,137770.0,124200.0,2021-01-01,2028-06-30,3.0,372600.0,,ACTIVE,K,GK,24,United States,Portland Timbers
40537,MLS,Santiago Morales,EUR,2300.0,127266.0,119600.0,2023-09-12,2027-12-31,2.0,239200.0,,ACTIVE,M,CM,19,United States,Inter Miami
40538,MLS,Omar Valencia,EUR,2300.0,130985.0,119600.0,2024-12-09,2027-12-31,2.0,239200.0,,ACTIVE,D,LB,22,Panama,NY Red Bulls
40539,MLS,Tyson Pearce,EUR,2300.0,119600.0,119600.0,2024-01-01,2027-12-31,2.0,239200.0,,ACTIVE,D,RB,19,United States,St. Louis City
40540,MLS,Noah Cobb,EUR,2300.0,119600.0,119600.0,2026-01-01,2026-12-31,1.0,119600.0,,ACTIVE,D,CB,21,United States,Colorado Rapids
40541,MLS,Luke Brennan,EUR,2212.0,115000.0,115000.0,2024-01-01,2027-12-31,2.0,230000.0,,ACTIVE,M,RM,21,United States,Atlanta United
40542,MLS,George Marks,EUR,2212.0,121555.0,115000.0,2025-12-11,2026-12-31,1.0,115000.0,,ACTIVE,K,GK,26,United States,Philadelphia Union
40543,MLS,Robert Turdean,EUR,2212.0,145293.0,115000.0,2025-01-22,2028-12-31,3.0,345000.0,,ACTIVE,F,AM,16,United States,Chicago Fire
40544,MLS,Jackson Travis,EUR,2212.0,117300.0,115000.0,2022-03-04,2026-12-31,1.0,115000.0,,ACTIVE,D,LB,22,United States,Colorado Rapids
40545,MLS,Gerardo Valenzuela,EUR,2212.0,131139.0,115000.0,2023-05-25,2026-12-31,1.0,115000.0,,ACTIVE,F,AM,21,United States,FC Cincinnati
40546,MLS,Zane Monlouis,EUR,2212.0,126860.0,115000.0,2025-02-22,2026-12-31,1.0,115000.0,,ACTIVE,D,CB,22,Jamaica,Toronto FC
40547,MLS,Micah Burton,EUR,2212.0,125120.0,115000.0,2024-01-10,2027-12-31,2.0,230000.0,,ACTIVE,F,AM,20,United States,Austin
40548,MLS,Justin Reynolds,EUR,2183.0,113528.0,113528.0,2025-12-30,2026-12-31,1.0,113528.0,,ACTIVE,D,RB,22,United States,Sporting KC
40549,MLS,Edwyn Mendoza,EUR,2123.0,121845.0,110400.0,2025-02-27,2027-12-31,2.0,220800.0,,ACTIVE,M,DM,20,United States,San Jose Earthquakes
40550,MLS,Ajani Fortune,EUR,2123.0,110400.0,110400.0,2025-11-18,2026-12-31,1.0,110400.0,,ACTIVE,M,CM,23,Trinidad and Tobago,Atlanta United
40551,MLS,Luca Petrasso,EUR,2116.0,123957.0,110032.0,2025-10-20,2029-06-30,4.0,440128.0,,ACTIVE,D,LB,26,Canada,CF Montreal
40552,MLS,Kimani Stewart-Baynes,EUR,2035.0,106720.0,105800.0,2024-01-17,2026-12-31,1.0,105800.0,,ACTIVE,F,LW,21,Canada,Colorado Rapids
40553,MLS,Sal Olivas,EUR,2007.0,126482.0,104328.0,2025-02-20,2028-12-31,3.0,312984.0,,ACTIVE,F,CF,20,United States,Philadelphia Union
40554,MLS,Nico Cavallo,EUR,2007.0,106028.0,104328.0,2025-02-21,2026-12-31,1.0,104328.0,,ACTIVE,D,LB,24,United States,NYC FC
40555,MLS,Wyatt Meyer,EUR,2007.0,107226.0,104328.0,2026-02-03,2026-12-31,1.0,104328.0,,ACTIVE,D,CB,25,United States,Sporting KC
40556,MLS,Fafà Picault,EUR,2007.0,130870.0,104328.0,2026-02-17,2026-12-31,1.0,104328.0,,ACTIVE,F,LW,35,Haiti,Atlanta United
40557,MLS,Tomás Romero,EUR,2007.0,104328.0,104328.0,2025-12-01,2026-12-31,1.0,104328.0,,ACTIVE,K,GK,25,El Salvador,NYC FC
40558,MLS,Adri Mehmeti,EUR,2007.0,146262.0,104328.0,2024-12-10,2028-12-31,3.0,312984.0,,ACTIVE,M,CM,17,United States,NY Red Bulls
40559,MLS,Kyle Smith,EUR,2007.0,108928.0,104328.0,2026-01-07,2026-12-31,1.0,104328.0,,ACTIVE,D,RB,34,United States,FC Cincinnati
40560,MLS,Tyler Hall,EUR,2007.0,104328.0,104328.0,2024-01-10,2027-12-31,2.0,208656.0,,ACTIVE,D,CB,20,United States,Inter Miami
40561,MLS,Luis Barraza,EUR,2007.0,111228.0,104328.0,2026-01-23,2027-06-30,2.0,208656.0,,ACTIVE,K,GK,29,United States,Inter Miami
40562,MLS,Israel Boatwright,EUR,2007.0,106168.0,104328.0,2024-01-10,2026-12-31,1.0,104328.0,,ACTIVE,D,RB,21,Dominican Republic,Inter Miami
40563,MLS,Cayman Togashi,EUR,2007.0,104328.0,104328.0,2025-11-18,2026-12-31,1.0,104328.0,,ACTIVE,F,CF,33,Japan,Atlanta United
40564,MLS,Malachi Jones,EUR,2007.0,104328.0,104328.0,2024-01-22,2026-12-31,1.0,104328.0,,ACTIVE,F,LW,22,Sierra Leone,NYC FC
40565,MLS,Wayne Frederick,EUR,2007.0,104328.0,104328.0,2026-07-24,2030-06-30,5.0,521640.0,,ACTIVE,M,CM,22,Trinidad and Tobago,Colorado Rapids
40566,MLS,Sergio Santos,EUR,2007.0,157320.0,104328.0,2026-02-18,2026-12-31,1.0,104328.0,,ACTIVE,F,CF,32,Brazil,Atlanta United
40567,MLS,Stephen Afrifa,EUR,2007.0,104328.0,104328.0,2025-10-23,2026-12-31,1.0,104328.0,,ACTIVE,F,LW,25,Canada,Sporting KC
40568,MLS,Gabriel Segal,EUR,2007.0,104328.0,104328.0,2026-01-04,2027-06-30,2.0,208656.0,,ACTIVE,F,CF,25,United States,DC United
40569,MLS,Jude Terry,EUR,2007.0,137814.0,104328.0,2025-01-01,2027-12-31,2.0,208656.0,,ACTIVE,M,CM,17,United States,LA FC
40570,MLS,Lazar Stefanović,EUR,2007.0,115282.0,104328.0,2025-02-26,2028-12-31,3.0,312984.0,,ACTIVE,D,CB,20,Canada,Toronto FC
40571,MLS,Fabian Mrozek,EUR,2007.0,138828.0,104328.0,2026-03-05,2026-12-31,1.0,104328.0,,LOAN,K,GK,22,Poland,FC Cincinnati
40572,MLS,Jayden Hibbert,EUR,2007.0,104328.0,104328.0,2025-11-18,2026-12-31,1.0,104328.0,,ACTIVE,K,GK,22,Canada,Atlanta United
40573,MLS,Jonathan Shore,EUR,2007.0,115828.0,104328.0,2023-03-17,2027-12-31,2.0,208656.0,,ACTIVE,M,CM,19,United States,NYC FC
40574,MLS,Nicksoen Gomis,EUR,2007.0,104328.0,104328.0,2025-10-24,2026-12-31,1.0,104328.0,,ACTIVE,D,CB,24,France,Toronto FC
40575,MLS,Ștefan Chirilă,EUR,2007.0,117926.0,104328.0,2025-01-01,2028-12-31,3.0,312984.0,,ACTIVE,F,CF,19,Romania,FC Cincinnati
40576,MLS,Max Anchor,EUR,2007.0,111175.0,104328.0,2025-12-17,2026-12-31,1.0,104328.0,,ACTIVE,K,GK,22,Canada,Seattle Sounders
40577,MLS,Jacob Arroyave,EUR,2007.0,116286.0,104328.0,2025-01-10,2027-12-31,2.0,208656.0,,ACTIVE,M,CM,18,United States,NYC FC
40578,MLS,Isaac Walker,EUR,2007.0,111666.0,104328.0,2026-02-06,2026-12-31,1.0,104328.0,,ACTIVE,K,GK,26,United States,Charlotte FC
40579,MLS,Greg Ranjitsingh,EUR,2007.0,104328.0,104328.0,2025-01-14,2026-12-31,1.0,104328.0,,ACTIVE,K,GK,33,Trinidad and Tobago,NYC FC
40580,MLS,Matthew Edwards,EUR,2007.0,104328.0,104328.0,2025-11-18,2026-12-31,1.0,104328.0,,ACTIVE,D,CB,23,United States,Atlanta United
40581,MLS,Cesar Ruvalcaba,EUR,2007.0,104328.0,104328.0,2025-11-26,2026-12-31,1.0,104328.0,,ACTIVE,D,CB,25,United States,Columbus Crew
40582,MLS,Drew Baiera,EUR,2007.0,109789.0,104328.0,2023-07-06,2027-12-31,2.0,208656.0,,ACTIVE,D,RB,19,United States,NYC FC
40583,MLS,Garrison Tubbs,EUR,2007.0,104328.0,104328.0,2024-10-25,2026-12-31,1.0,104328.0,,ACTIVE,D,CB,24,United States,DC United
40584,MLS,Cole Mrowka,EUR,2007.0,122735.0,104328.0,2024-03-05,2026-12-31,1.0,104328.0,,ACTIVE,M,CM,20,Philippines,Columbus Crew
40585,MLS,Hosei Kijima,EUR,2007.0,104328.0,104328.0,2025-11-26,2026-12-31,1.0,104328.0,,ACTIVE,M,CM,24,Japan,DC United
40586,MLS,Franco Negri,EUR,2007.0,106357.0,104328.0,2026-01-27,2026-12-31,1.0,104328.0,,ACTIVE,D,LB,31,Argentina,Houston Dynamo
40587,MLS,Kee-hee Kim,EUR,2007.0,104328.0,104328.0,2025-11-25,2026-12-31,1.0,104328.0,,ACTIVE,D,CB,37,South Korea,Seattle Sounders
40588,MLS,Kalani Kossa-Rienzi,EUR,2007.0,104328.0,104328.0,2025-11-25,2026-12-31,1.0,104328.0,,ACTIVE,D,RB,24,United States,Seattle Sounders
40589,MLS,Ryan Sailor,EUR,2007.0,104328.0,104328.0,2025-12-17,2026-12-31,1.0,104328.0,,ACTIVE,D,CB,27,United States,Seattle Sounders
40590,MLS,Kieran Sargeant,EUR,2007.0,112406.0,104328.0,2025-12-18,2026-12-31,1.0,104328.0,,ACTIVE,D,LB,23,United States,San Diego FC
40591,MLS,Jordan Adebayo-Smith,EUR,2007.0,120170.0,104328.0,2024-01-15,2026-12-31,1.0,104328.0,,ACTIVE,F,CF,25,United States,Minnesota United
40592,MLS,MyKhi Joyner,EUR,2007.0,120226.0,104328.0,2025-01-01,2028-12-31,3.0,312984.0,,ACTIVE,M,LM,20,United States,St. Louis City
40593,MLS,Miguel Perez,EUR,2007.0,104328.0,104328.0,2025-10-21,2026-12-31,1.0,104328.0,,ACTIVE,M,CM,21,United States,St. Louis City
40594,MLS,Sébastian Breza,EUR,2007.0,113528.0,104328.0,2025-10-20,2027-12-31,2.0,208656.0,,ACTIVE,K,GK,28,Canada,CF Montreal
40595,MLS,Matthew Corcoran,EUR,2007.0,124815.0,104328.0,2025-02-11,2027-12-31,2.0,208656.0,,ACTIVE,M,DM,20,United States,Nashville SC
40596,MLS,Morris Duggan,EUR,2007.0,104328.0,104328.0,2024-02-23,2026-12-31,1.0,104328.0,,ACTIVE,D,CB,25,Germany,Minnesota United
40597,MLS,Stuart Hawkins,EUR,2007.0,115387.0,104328.0,2023-09-13,2026-12-31,1.0,104328.0,,ACTIVE,D,CB,19,United States,Seattle Sounders
40598,MLS,Willy Kumado,EUR,2007.0,115768.0,104328.0,2025-02-10,2026-12-31,1.0,104328.0,,ACTIVE,D,RB,23,Ghana,San Diego FC
40599,MLS,Stiven Jimenez,EUR,2007.0,104328.0,104328.0,2025-11-26,2026-12-31,1.0,104328.0,,ACTIVE,M,CM,19,Mexico,FC Cincinnati
40600,MLS,Joran Gerbet,EUR,2007.0,104328.0,104328.0,2025-11-17,2026-12-31,1.0,104328.0,,ACTIVE,M,DM,25,France,Orlando City
40601,MLS,Evan Bush,EUR,2007.0,104328.0,104328.0,2025-12-11,2026-12-31,1.0,104328.0,,ACTIVE,K,GK,40,United States,Columbus Crew
40602,MLS,Brady Scott,EUR,2007.0,104328.0,104328.0,2025-10-30,2026-12-31,1.0,104328.0,,ACTIVE,K,GK,27,United States,LA Galaxy
40603,MLS,Nick Hagglund,EUR,2007.0,119662.0,104328.0,2025-01-15,2027-12-31,2.0,208656.0,,ACTIVE,D,CB,33,United States,FC Cincinnati
40604,MLS,Chris Rindov,EUR,2007.0,112378.0,104328.0,2025-09-05,2026-12-31,1.0,104328.0,,ACTIVE,D,CB,24,United States,LA Galaxy
40605,MLS,Peyton Miller,EUR,2007.0,106168.0,104328.0,2026-07-14,2029-06-30,4.0,417312.0,,ACTIVE,D,LB,18,United States,NE Revolution
40606,MLS,Georgi Minoungou,EUR,2007.0,104328.0,104328.0,2026-03-27,2028-12-31,3.0,312984.0,,ACTIVE,F,RW,24,Burkina Faso,Colorado Rapids
40607,MLS,Marcos Zambrano,EUR,2007.0,124806.0,104328.0,2026-03-27,2026-12-31,1.0,104328.0,,LOAN,F,CF,21,United States,NE Revolution
40608,MLS,Tyger Smalls,EUR,2007.0,104328.0,104328.0,2025-11-21,2026-12-31,1.0,104328.0,,ACTIVE,F,RW,23,England,Charlotte FC
40609,MLS,Noel Caliskan,EUR,2007.0,104328.0,104328.0,2026-05-01,2029-06-30,4.0,417312.0,,ACTIVE,M,CM,26,Germany,Real Salt Lake
40610,MLS,Francesco Montali,EUR,2007.0,107252.0,104328.0,2025-11-26,2026-12-31,1.0,104328.0,,ACTIVE,K,GK,26,United States,San Jose Earthquakes
40611,MLS,Isaiah Parente,EUR,2007.0,104328.0,104328.0,2025-10-30,2026-12-31,1.0,104328.0,,ACTIVE,M,CM,26,United States,LA Galaxy
40612,MLS,Jeevan Badwal,EUR,2007.0,104328.0,104328.0,2024-09-13,2027-12-31,2.0,208656.0,,ACTIVE,M,CM,20,Canada,Vancouver Whitecaps
40613,MLS,Luca Moisa,EUR,2007.0,104328.0,104328.0,2025-03-14,2027-12-31,2.0,208656.0,,ACTIVE,M,CM,18,United States,Real Salt Lake
40614,MLS,Kobi Henry,EUR,2007.0,111666.0,104328.0,2026-01-26,2027-12-31,2.0,208656.0,,ACTIVE,D,CB,22,Trinidad and Tobago,Real Salt Lake
40615,MLS,Alejandro Bedoya,EUR,2007.0,208656.0,104328.0,2026-01-08,2026-12-31,1.0,104328.0,,ACTIVE,M,CM,39,United States,Philadelphia Union
40616,MLS,Sam Sarver,EUR,2007.0,104328.0,104328.0,2025-07-24,2026-12-31,1.0,104328.0,,ACTIVE,F,RW,23,United States,FC Dallas
40617,MLS,Andrew Rick,EUR,2007.0,113450.0,104328.0,2024-05-05,2028-12-31,3.0,312984.0,,ACTIVE,K,GK,20,United States,Philadelphia Union
40618,MLS,JD Gunn,EUR,2007.0,106887.0,104328.0,2026-02-05,2026-12-31,1.0,104328.0,,ACTIVE,K,GK,26,Panama,NE Revolution
40619,MLS,Ali Fadal,EUR,2007.0,104328.0,104328.0,2025-02-08,2026-12-31,1.0,104328.0,,ACTIVE,M,CM,22,Ghana,Colorado Rapids
40620,MLS,Jamar Ricketts,EUR,2007.0,105788.0,104328.0,2026-07-16,2029-06-30,4.0,417312.0,,ACTIVE,D,LB,24,United States,San Jose Earthquakes
40621,MLS,Kaedren Spivey,EUR,2007.0,107088.0,104328.0,2025-02-27,2028-12-31,3.0,312984.0,,ACTIVE,M,CM,17,United States,San Jose Earthquakes
40622,MLS,Nick Fernández,EUR,2007.0,106080.0,104328.0,2025-11-26,2026-12-31,1.0,104328.0,,ACTIVE,M,DM,24,United States,San Jose Earthquakes
40623,MLS,Ian James,EUR,2007.0,108558.0,104328.0,2024-12-06,2027-12-31,2.0,208656.0,,ACTIVE,D,CB,18,United States,Sporting KC
40624,MLS,Frankie Westfield,EUR,2007.0,115262.0,104328.0,2025-02-06,2028-12-31,3.0,312984.0,,ACTIVE,D,RB,20,United States,Philadelphia Union
40625,MLS,Andrew Farrell,EUR,2007.0,104328.0,104328.0,2025-11-21,2026-12-31,1.0,104328.0,,ACTIVE,D,CB,34,United States,NE Revolution
40626,MLS,Álvaro Augusto,EUR,2007.0,115477.0,104328.0,2025-02-13,2027-12-31,2.0,208656.0,,ACTIVE,D,CB,21,Brazil,FC Dallas
40627,MLS,Adrián Zendejas,EUR,2007.0,104328.0,104328.0,2025-12-08,2026-12-31,1.0,104328.0,,ACTIVE,K,GK,31,United States,Vancouver Whitecaps
40628,MLS,Kristian Fletcher,EUR,2007.0,116594.0,104328.0,2026-01-13,2026-12-31,1.0,104328.0,,ACTIVE,F,CF,21,United States,FC Cincinnati
40629,MLS,Tom Barlow,EUR,2007.0,111994.0,104328.0,2026-01-12,2026-12-31,1.0,104328.0,,ACTIVE,F,CF,31,United States,FC Cincinnati
40630,MLS,Trey Muse,EUR,2007.0,104328.0,104328.0,2025-11-14,2026-12-31,1.0,104328.0,,ACTIVE,K,GK,27,United States,Portland Timbers
40631,MLS,Rubén Ramos Jr,EUR,2007.0,104328.0,104328.0,2026-09-02,2027-06-30,2.0,208656.0,,LOAN,F,AM,19,United States,Sporting KC
40632,MLS,Nonso Adimabua,EUR,2007.0,107902.0,104328.0,2026-02-20,2026-12-31,1.0,104328.0,,ACTIVE,F,CF,26,Nigeria,San Jose Earthquakes
40633,MLS,Alec Smir,EUR,2007.0,104328.0,104328.0,2024-11-27,2026-12-31,1.0,104328.0,,ACTIVE,K,GK,27,United States,Minnesota United
40634,MLS,Jayden Reid,EUR,2007.0,107323.0,104328.0,2026-02-03,2026-12-31,1.0,104328.0,,ACTIVE,D,LB,25,United States,Sporting KC
40635,MLS,Michael Collodi,EUR,2007.0,115759.0,104328.0,2025-01-09,2026-12-31,1.0,104328.0,,ACTIVE,K,GK,25,United States,FC Dallas
40636,MLS,Eric Miller,EUR,2007.0,104328.0,104328.0,2025-12-23,2026-12-31,1.0,104328.0,,ACTIVE,D,RB,33,United States,Portland Timbers
40637,MLS,Damario McIntosh,EUR,2007.0,112561.0,104328.0,2025-01-22,2028-12-31,3.0,312984.0,,ACTIVE,D,RB,19,Jamaica,NE Revolution
40638,MLS,Cody Baker,EUR,2007.0,109576.0,104328.0,2026-07-15,2026-12-31,1.0,104328.0,,LOAN,D,RB,22,United States,NE Revolution
40639,MLS,Luke Pruter,EUR,2007.0,104328.0,104328.0,2026-01-09,2026-12-31,1.0,104328.0,,ACTIVE,K,GK,25,United States,Columbus Crew
40640,MLS,Slade Starnes,EUR,1558.0,85994.0,80983.0,2026-01-05,2027-06-30,2.0,161966.0,,ACTIVE,D,CB,22,United States,FC Dallas
40641,MLS,Grant Leveille,EUR,1558.0,89010.0,80983.0,2026-02-25,2029-06-30,4.0,323932.0,,ACTIVE,K,GK,18,Haiti,DC United
40642,MLS,Tristan Brown,EUR,1558.0,84998.0,80983.0,2025-06-10,2028-12-31,3.0,242949.0,,ACTIVE,D,LB,18,United States,Columbus Crew
40643,MLS,Nikola Marković,EUR,1558.0,86349.0,80983.0,2026-01-20,2029-06-30,4.0,323932.0,,ACTIVE,D,CB,22,Canada,DC United
40644,MLS,Oscar Avilez,EUR,1558.0,100249.0,80983.0,2025-10-16,2028-12-31,3.0,242949.0,,ACTIVE,F,LW,16,United States,DC United
40645,MLS,Ademar Chávez,EUR,1558.0,104733.0,80983.0,2026-01-05,2029-12-31,4.0,323932.0,,ACTIVE,F,AM,17,Mexico,FC Cincinnati
40646,MLS,Kenji Mboma Dem,EUR,1558.0,80983.0,80983.0,2025-11-26,2026-12-31,1.0,80983.0,,ACTIVE,F,CF,24,France,FC Cincinnati
40647,MLS,Caleb Swann,EUR,1558.0,80983.0,80983.0,2026-01-05,2027-12-31,2.0,161966.0,,ACTIVE,M,CM,19,United States,FC Dallas
40648,MLS,Daniel Baran,EUR,1558.0,94062.0,80983.0,2025-01-09,2026-12-31,1.0,80983.0,,ACTIVE,F,LW,19,Poland,FC Dallas
40649,MLS,Diego García,EUR,1558.0,93533.0,80983.0,2025-01-09,2027-12-31,2.0,161966.0,,ACTIVE,M,CM,19,United States,FC Dallas
40650,MLS,Enzo Newman,EUR,1558.0,80983.0,80983.0,2025-01-24,2026-12-31,1.0,80983.0,,ACTIVE,D,RB,20,United States,FC Dallas
40651,MLS,Jaidyn Contreras,EUR,1558.0,80983.0,80983.0,2026-01-05,2027-12-31,2.0,161966.0,,ACTIVE,F,LW,18,United States,FC Dallas
40652,MLS,Joshua Torquato,EUR,1558.0,88343.0,80983.0,2025-07-18,2027-12-31,2.0,161966.0,,ACTIVE,D,LB,19,United States,FC Dallas
40653,MLS,Kaka Scabin,EUR,1558.0,80983.0,80983.0,2026-01-05,2027-12-31,2.0,161966.0,,ACTIVE,D,CB,19,United States,FC Dallas
40654,MLS,Nicholas Simmonds,EUR,1558.0,94488.0,80983.0,2025-12-18,2026-12-31,1.0,80983.0,,ACTIVE,F,CF,19,Jamaica,FC Dallas
40655,MLS,Ricky Louis,EUR,1558.0,81749.0,80983.0,2025-12-18,2026-12-31,1.0,80983.0,,ACTIVE,F,CF,21,Haiti,FC Dallas
40656,MLS,Gavin Turner,EUR,1558.0,101438.0,80983.0,2025-02-21,2027-12-31,2.0,161966.0,,ACTIVE,F,AM,19,United States,DC United
40657,MLS,Agustin Resch,EUR,1558.0,80983.0,80983.0,2026-03-20,2026-12-31,1.0,80983.0,,ACTIVE,D,CB,24,Argentina,Houston Dynamo
40658,MLS,Blake Gillingham,EUR,1558.0,80983.0,80983.0,2025-10-22,2026-12-31,1.0,80983.0,,ACTIVE,K,GK,23,United States,Houston Dynamo
40659,MLS,Chase Adams,EUR,1558.0,105159.0,80983.0,2026-01-07,2029-06-30,4.0,323932.0,,ACTIVE,F,CF,18,United States,Columbus Crew
40660,MLS,Logan Erb,EUR,1558.0,85903.0,80983.0,2025-12-18,2026-12-31,1.0,80983.0,,ACTIVE,K,GK,22,United States,Houston Dynamo
40661,MLS,Matthew Arana,EUR,1558.0,93827.0,80983.0,2026-02-21,2028-06-30,3.0,242949.0,,ACTIVE,M,CM,16,Mexico,Houston Dynamo
40662,MLS,Reese Miller,EUR,1558.0,85255.0,80983.0,2025-12-18,2026-12-31,1.0,80983.0,,ACTIVE,D,LB,22,United States,Houston Dynamo
40663,MLS,Alexander Shaw,EUR,1558.0,80983.0,80983.0,2026-03-20,2026-12-31,1.0,80983.0,,ACTIVE,M,CM,18,United States,Inter Miami
40664,MLS,Dániel Pintér,EUR,1558.0,80983.0,80983.0,2026-01-21,2028-06-30,3.0,242949.0,,ACTIVE,F,LW,19,United States,Inter Miami
40665,MLS,Sydney Wathuta,EUR,1558.0,80983.0,80983.0,2026-02-02,2027-06-30,2.0,161966.0,,ACTIVE,M,CM,22,Canada,Colorado Rapids
40666,MLS,Tate Johnson,EUR,1558.0,81903.0,80983.0,2026-08-28,2030-06-30,5.0,404915.0,,ACTIVE,D,LB,21,United States,Vancouver Whitecaps
40667,MLS,Cabral Carter,EUR,1558.0,84433.0,80983.0,2026-01-08,2027-12-31,2.0,161966.0,,ACTIVE,K,GK,22,United States,LA FC
40668,MLS,Christian Díaz,EUR,1558.0,80983.0,80983.0,2026-03-23,2027-06-30,2.0,161966.0,,ACTIVE,D,CB,20,United States,LA FC
40669,MLS,Mamadou Billo Diop,EUR,1558.0,80983.0,80983.0,2026-03-14,2028-06-30,3.0,242949.0,,ACTIVE,F,CF,19,Senegal,Colorado Rapids
40670,MLS,Kenny Nielsen,EUR,1558.0,80983.0,80983.0,2025-11-26,2026-12-31,1.0,80983.0,,ACTIVE,D,CB,24,United States,LA FC
40671,MLS,Harbor Miller,EUR,1558.0,80983.0,80983.0,2025-01-01,2027-12-31,2.0,161966.0,,ACTIVE,D,RB,19,United States,LA Galaxy
40672,MLS,Donavan Phillip,EUR,1558.0,80983.0,80983.0,2026-01-23,2027-12-31,2.0,161966.0,,ACTIVE,F,CF,21,St Lucia,Colorado Rapids
40673,MLS,Alex Harris,EUR,1558.0,82823.0,80983.0,2024-12-20,2027-12-31,2.0,161966.0,,ACTIVE,F,RW,21,United States,Colorado Rapids
40674,MLS,Riley Dalgado,EUR,1558.0,80983.0,80983.0,2026-01-01,2027-12-31,2.0,161966.0,,ACTIVE,D,LB,20,United States,LA Galaxy
40675,MLS,Darius Randell,EUR,1558.0,90545.0,80983.0,2025-05-31,2026-12-31,1.0,80983.0,,ACTIVE,F,RW,19,United States,Minnesota United
40676,MLS,Kieran Chandler,EUR,1558.0,80983.0,80983.0,2025-08-23,2026-12-31,1.0,80983.0,,ACTIVE,D,LB,21,United States,Minnesota United
40677,MLS,Mamadou Dieng,EUR,1558.0,83878.0,80983.0,2025-08-21,2026-12-31,1.0,80983.0,,ACTIVE,F,CF,22,Senegal,Minnesota United
40678,MLS,Marcus Caldeira,EUR,1558.0,80983.0,80983.0,2026-01-28,2026-12-31,1.0,80983.0,,ACTIVE,F,CF,21,Canada,Minnesota United
40679,MLS,Dean Boltz,EUR,1558.0,82823.0,80983.0,2024-12-20,2027-12-31,2.0,161966.0,,ACTIVE,F,CF,20,United States,Chicago Fire
40680,MLS,David Poreba,EUR,1558.0,90949.0,80983.0,2025-11-26,2026-12-31,1.0,80983.0,,ACTIVE,F,AM,23,Poland,Chicago Fire
40681,MLS,Jordan Knight,EUR,1558.0,86349.0,80983.0,2025-09-11,2026-12-31,1.0,80983.0,,ACTIVE,D,LB,24,Canada,Nashville SC
40682,MLS,Malachi Molina,EUR,1558.0,92682.0,80983.0,2026-02-18,2026-12-31,1.0,80983.0,,LOAN,D,RB,19,Jamaica,Nashville SC
40683,MLS,Owen Presthus,EUR,1558.0,86679.0,80983.0,2026-08-31,2027-06-30,2.0,161966.0,,LOAN,D,RB,20,United States,Nashville SC
40684,MLS,Shak Mohammed,EUR,1558.0,82517.0,80983.0,2026-01-07,2026-12-31,1.0,80983.0,,ACTIVE,F,RW,23,Ghana,Nashville SC
40685,MLS,Xavier Valdez,EUR,1558.0,90183.0,80983.0,2025-11-17,2026-12-31,1.0,80983.0,,ACTIVE,K,GK,22,Dominican Republic,Nashville SC
40686,MLS,Adrian Gill,EUR,1558.0,80983.0,80983.0,2026-01-27,2027-06-30,2.0,161966.0,,ACTIVE,M,CM,20,United States,Atlanta United
40687,MLS,Cristiano Oliveira,EUR,1558.0,91103.0,80983.0,2026-01-14,2029-12-31,4.0,323932.0,,ACTIVE,F,AM,18,United States,NE Revolution
40688,MLS,Donovan Parisian,EUR,1558.0,80983.0,80983.0,2025-01-03,2026-12-31,1.0,80983.0,,ACTIVE,K,GK,21,Armenia,NE Revolution
40689,MLS,Will Cleary,EUR,1558.0,82164.0,80983.0,2026-02-19,2026-12-31,1.0,80983.0,,ACTIVE,D,RB,23,United States,Charlotte FC
40690,MLS,Cooper Flax,EUR,1558.0,80983.0,80983.0,2025-12-22,2026-12-31,1.0,80983.0,,ACTIVE,F,AM,22,United States,NYC FC
40691,MLS,Kamran Acito,EUR,1558.0,80983.0,80983.0,2025-12-22,2026-12-31,1.0,80983.0,,ACTIVE,D,CB,22,United States,NYC FC
40692,MLS,Kevin Pierre Jr,EUR,1558.0,83008.0,80983.0,2026-02-20,2026-12-31,1.0,80983.0,,ACTIVE,M,CM,23,United States,NYC FC
40693,MLS,Mac Learned,EUR,1558.0,80983.0,80983.0,2026-01-09,2026-12-31,1.0,80983.0,,ACTIVE,K,GK,24,United States,NYC FC
40694,MLS,Max Murray,EUR,1558.0,82683.0,80983.0,2025-12-01,2026-12-31,1.0,80983.0,,ACTIVE,D,CB,24,United States,NYC FC
40695,MLS,Andrew Johnson,EUR,1558.0,82164.0,80983.0,2026-02-19,2026-12-31,1.0,80983.0,,ACTIVE,D,CB,22,St. Vincent & Grenadinen,Charlotte FC
40696,MLS,Matthew Dos Santos,EUR,1558.0,96376.0,80983.0,2026-03-06,2029-06-30,4.0,323932.0,,ACTIVE,D,LB,18,United States,NY Red Bulls
40697,MLS,Rafael Mosquera,EUR,1558.0,91931.0,80983.0,2025-08-21,2028-12-31,3.0,242949.0,,ACTIVE,F,LW,21,Panama,NY Red Bulls
40698,MLS,Tanner Rosborough,EUR,1558.0,96640.0,80983.0,2025-01-01,2028-12-31,3.0,242949.0,,ACTIVE,F,CF,18,United States,NY Red Bulls
40699,MLS,Tobias Szewczyk,EUR,1558.0,101789.0,80983.0,2026-01-01,2029-12-31,4.0,323932.0,,ACTIVE,K,GK,17,United States,NY Red Bulls
40700,MLS,Gustavo Caraballo,EUR,1558.0,86848.0,80983.0,2025-03-14,2027-12-31,2.0,161966.0,,ACTIVE,F,RW,18,Venezuela,Orlando City
40701,MLS,Harvey Sarajian,EUR,1558.0,80983.0,80983.0,2026-01-16,2028-06-30,3.0,242949.0,,ACTIVE,F,LW,21,United States,Orlando City
40702,MLS,Justin Ellis,EUR,1558.0,103430.0,80983.0,2026-02-20,2027-06-30,2.0,161966.0,,ACTIVE,F,CF,19,United States,Orlando City
40703,MLS,Samsy Keita,EUR,1558.0,94426.0,80983.0,2026-02-06,2029-06-30,4.0,323932.0,,ACTIVE,K,GK,17,Canada,CF Montreal
40704,MLS,Nolan Miller,EUR,1558.0,80983.0,80983.0,2026-02-04,2026-12-31,1.0,80983.0,,ACTIVE,D,CB,22,United States,Orlando City
40705,MLS,Zakaria Taifi,EUR,1558.0,91929.0,80983.0,2025-05-17,2026-12-31,1.0,80983.0,,ACTIVE,D,RB,20,Morocco,Orlando City
40706,MLS,Owen Graham-Roache,EUR,1558.0,86402.0,80983.0,2025-02-01,2026-12-31,1.0,80983.0,,ACTIVE,F,CF,18,Canada,CF Montreal
40707,MLS,Olger Escobar,EUR,1558.0,85947.0,80983.0,2025-04-23,2026-12-31,1.0,80983.0,,ACTIVE,F,AM,19,Guatemala,CF Montreal
40708,MLS,Finn Sundstrom,EUR,1558.0,94102.0,80983.0,2025-12-30,2028-12-31,3.0,242949.0,,ACTIVE,D,CB,19,United States,Philadelphia Union
40709,MLS,Kaiden Moore,EUR,1558.0,80983.0,80983.0,2026-01-21,2026-12-31,1.0,80983.0,,LOAN,D,CB,19,United States,Philadelphia Union
40710,MLS,Josh Nteziryayo,EUR,1558.0,83830.0,80983.0,2025-12-15,2028-12-31,3.0,242949.0,,ACTIVE,M,DM,17,Canada,CF Montreal
40711,MLS,Gage Guerra,EUR,1558.0,80983.0,80983.0,2025-11-14,2026-12-31,1.0,80983.0,,ACTIVE,F,CF,23,United States,Portland Timbers
40712,MLS,Ian Smith,EUR,1558.0,80983.0,80983.0,2025-11-14,2026-12-31,1.0,80983.0,,ACTIVE,D,LB,24,United States,Portland Timbers
40713,MLS,Sawyer Jura,EUR,1558.0,84049.0,80983.0,2026-01-01,2027-12-31,2.0,161966.0,,ACTIVE,D,RB,20,United States,Portland Timbers
40714,MLS,Aiden Hezarkhani,EUR,1558.0,86832.0,80983.0,2025-03-14,2028-12-31,3.0,242949.0,,ACTIVE,F,RW,19,United States,Real Salt Lake
40715,MLS,Antonio Riquelme,EUR,1558.0,84401.0,80983.0,2026-01-09,2026-12-31,1.0,80983.0,,ACTIVE,M,CM,18,Chile,Real Salt Lake
40716,MLS,Chance Cowell,EUR,1558.0,84401.0,80983.0,2026-01-06,2027-12-31,2.0,161966.0,,ACTIVE,F,LW,18,United States,Real Salt Lake
40717,MLS,Colin Guske,EUR,1558.0,90924.0,80983.0,2026-08-21,2026-12-31,1.0,80983.0,,LOAN,M,DM,19,United States,Real Salt Lake
40718,MLS,Gio Villa,EUR,1558.0,84049.0,80983.0,2025-03-14,2028-12-31,3.0,242949.0,,ACTIVE,D,RB,18,United States,Real Salt Lake
40719,MLS,Griffin Dillon,EUR,1558.0,85255.0,80983.0,2026-01-09,2026-12-31,1.0,80983.0,,ACTIVE,M,CM,23,United States,Real Salt Lake
40720,MLS,Emil Gazdov,EUR,1558.0,88478.0,80983.0,2025-02-28,2026-12-31,1.0,80983.0,,ACTIVE,K,GK,22,Canada,CF Montreal
40721,MLS,Max Kerkvliet,EUR,1558.0,80983.0,80983.0,2025-03-15,2026-12-31,1.0,80983.0,,ACTIVE,K,GK,20,United States,Real Salt Lake
40722,MLS,Omar Marquez,EUR,1558.0,95312.0,80983.0,2025-03-14,2028-12-31,3.0,242949.0,,ACTIVE,F,RW,18,Mexico,Real Salt Lake
40723,MLS,Owen Anderson,EUR,1558.0,86402.0,80983.0,2025-03-14,2028-12-31,3.0,242949.0,,ACTIVE,F,AM,19,United States,Real Salt Lake
40724,MLS,Sergi Solans,EUR,1558.0,80983.0,80983.0,2026-08-25,2030-06-30,5.0,404915.0,,ACTIVE,F,CF,23,Spain,Real Salt Lake
40725,MLS,Van Parker,EUR,1558.0,82977.0,80983.0,2026-02-02,2030-06-30,5.0,404915.0,,ACTIVE,F,RW,17,Canada,Real Salt Lake
40726,MLS,Alejandro Alvarado,EUR,1558.0,87903.0,80983.0,2025-01-31,2026-12-31,1.0,80983.0,,ACTIVE,M,CM,23,United States,San Diego FC
40727,MLS,Bryan Zamblé,EUR,1558.0,80983.0,80983.0,2026-02-19,2026-12-31,1.0,80983.0,,ACTIVE,F,LW,18,Cote d'Ivoire,San Diego FC
40728,MLS,Ian Pilcher,EUR,1558.0,80983.0,80983.0,2025-12-09,2026-12-31,1.0,80983.0,,ACTIVE,D,CB,23,United States,San Diego FC
40729,MLS,Manu Duah,EUR,1558.0,84663.0,80983.0,2026-09-03,2030-06-30,5.0,404915.0,,ACTIVE,D,CB,21,Ghana,San Diego FC
40730,MLS,Brandan Craig,EUR,1558.0,90004.0,80983.0,2025-10-20,2026-12-31,1.0,80983.0,,ACTIVE,D,CB,22,United States,CF Montreal
40731,MLS,Max Floriani,EUR,1558.0,83283.0,80983.0,2025-11-26,2026-12-31,1.0,80983.0,,ACTIVE,D,CB,23,United States,San Jose Earthquakes
40732,MLS,Nate Crockford,EUR,1558.0,80983.0,80983.0,2026-01-12,2026-12-31,1.0,80983.0,,ACTIVE,K,GK,24,United States,San Jose Earthquakes
40733,MLS,Riley Thomas,EUR,1558.0,80983.0,80983.0,2025-11-25,2026-12-31,1.0,80983.0,,ACTIVE,D,RB,24,United States,Austin
40734,MLS,Reid Roberts,EUR,1558.0,80983.0,80983.0,2026-07-16,2029-06-30,4.0,323932.0,,ACTIVE,D,CB,22,United States,San Jose Earthquakes
40735,MLS,Rohan Rajagopal,EUR,1558.0,80983.0,80983.0,2026-01-01,2027-12-31,2.0,161966.0,,ACTIVE,M,DM,19,United States,San Jose Earthquakes
40736,MLS,Antino Lopez,EUR,1558.0,80983.0,80983.0,2026-03-18,2026-12-31,1.0,80983.0,,ACTIVE,D,CB,24,United States,Seattle Sounders
40737,MLS,Sebastian Gomez,EUR,1558.0,87161.0,80983.0,2026-01-13,2029-12-31,4.0,323932.0,,ACTIVE,F,AM,20,United States,Seattle Sounders
40738,MLS,Snyder Brunell,EUR,1558.0,90207.0,80983.0,2025-07-29,2028-12-31,3.0,242949.0,,ACTIVE,M,DM,19,United States,Seattle Sounders
40739,MLS,Ervin Torres,EUR,1558.0,96163.0,80983.0,2025-11-24,2028-12-31,3.0,242949.0,,ACTIVE,M,CM,18,United States,Austin
40740,MLS,Jack Kortkamp,EUR,1558.0,82823.0,80983.0,2024-12-06,2027-12-31,2.0,161966.0,,ACTIVE,K,GK,18,United States,Sporting KC
40741,MLS,Jacob Bartlett,EUR,1558.0,83743.0,80983.0,2025-01-09,2027-12-31,2.0,161966.0,,ACTIVE,M,DM,20,United States,Sporting KC
40742,MLS,Jansen Miller,EUR,1558.0,82529.0,80983.0,2025-10-23,2026-12-31,1.0,80983.0,,ACTIVE,D,CB,24,United States,Sporting KC
40743,MLS,Kwaku Agyabeng,EUR,1558.0,81749.0,80983.0,2025-12-18,2028-06-30,3.0,242949.0,,ACTIVE,M,CM,20,Ghana,Sporting KC
40744,MLS,Seymour Reid,EUR,1558.0,94613.0,80983.0,2026-09-02,2027-06-30,2.0,161966.0,,LOAN,F,CF,18,Jamaica,Sporting KC
40745,MLS,Christopher Applewhite,EUR,1558.0,89672.0,80983.0,2026-09-02,2027-06-30,2.0,161966.0,,LOAN,D,CB,19,United States,Austin
40746,MLS,Taylor Calheira,EUR,1558.0,92758.0,80983.0,2026-02-19,2028-06-30,3.0,242949.0,,ACTIVE,F,CF,24,United States,Sporting KC
40747,MLS,Brendan McSorley,EUR,1558.0,80983.0,80983.0,2025-10-21,2026-12-31,1.0,80983.0,,ACTIVE,F,CF,24,United States,St. Louis City
40748,MLS,Jaziel Orozco,EUR,1558.0,80983.0,80983.0,2025-10-21,2026-12-31,1.0,80983.0,,ACTIVE,D,RB,22,United States,St. Louis City
40749,MLS,Will Reilly,EUR,1558.0,80983.0,80983.0,2025-11-18,2026-12-31,1.0,80983.0,,ACTIVE,M,CM,23,United States,Atlanta United
40750,MLS,Adisa De Rosario,EUR,1558.0,96267.0,80983.0,2025-02-07,2026-12-31,1.0,80983.0,,ACTIVE,K,GK,21,Canada,Toronto FC
40751,MLS,Santiago Pita,EUR,1558.0,80983.0,80983.0,2025-12-10,2026-12-31,1.0,80983.0,,ACTIVE,F,AM,19,Venezuela,Atlanta United
40752,MLS,Malik Henry,EUR,1558.0,80983.0,80983.0,2025-10-24,2026-12-31,1.0,80983.0,,ACTIVE,M,RM,24,Canada,Toronto FC
40753,MLS,Markus Cimermancic,EUR,1558.0,93731.0,80983.0,2025-02-21,2026-12-31,1.0,80983.0,,ACTIVE,M,CM,21,Canada,Toronto FC
40754,MLS,Stefan Kapor,EUR,1558.0,89921.0,80983.0,2026-01-01,2029-12-31,4.0,323932.0,,ACTIVE,D,CB,17,Canada,Toronto FC
40755,MLS,Mihail Gherasimencov,EUR,1558.0,89928.0,80983.0,2026-01-01,2028-06-30,3.0,242949.0,,ACTIVE,D,LB,21,Moldova,Vancouver Whitecaps
40756,MLS,Nikola Djordjevic,EUR,1558.0,80983.0,80983.0,2025-12-15,2026-12-31,1.0,80983.0,,ACTIVE,D,RB,23,United States,Vancouver Whitecaps
40757,MLS,Rayan Elloumi,EUR,1558.0,95377.0,80983.0,2025-09-12,2028-12-31,3.0,242949.0,,ACTIVE,F,CF,18,Tunisia,Vancouver Whitecaps
40758,MLS,Dominik Chong Qui,EUR,1558.0,80983.0,80983.0,2025-04-04,2028-12-31,3.0,242949.0,,ACTIVE,D,LB,18,United States,Atlanta United
40759,MLS,Cooper Sanchez,EUR,1558.0,80983.0,80983.0,2025-08-05,2026-12-31,1.0,80983.0,,ACTIVE,M,CM,18,United States,Atlanta United
40760,MLS,Vincent Janssen,EUR,,,,2026-07-29,2028-06-30,3.0,,,ACTIVE,F,CF,32,Netherlands,Portland Timbers
40761,MLS,Ronald Hernández,EUR,,,,2026-09-02,2026-12-31,1.0,,,ACTIVE,D,RB,28,Venezuela,Portland Timbers
40762,MLS,Breel Embolo,EUR,,,,2026-08-23,2030-06-30,5.0,,,ACTIVE,F,CF,29,Switzerland,Atlanta United
40763,MLS,Kamal Miller,EUR,,,,2024-01-04,2026-12-31,1.0,,,ACTIVE,D,CB,29,Canada,Portland Timbers
40764,MLS,Joel Waterman,EUR,,,,2026-09-02,2027-12-31,2.0,,,ACTIVE,D,CB,30,Canada,Portland Timbers
40765,MLS,Daniel,EUR,,,,2026-07-13,2028-06-30,3.0,,,ACTIVE,K,GK,32,Brazil,FC Dallas
40766,MLS,Júnior Alonso,EUR,,,,2026-07-13,2029-06-30,4.0,,,ACTIVE,D,CB,33,Paraguay,Atlanta United
40767,MLS,Przemysław Płacheta,EUR,,,,2026-07-13,2029-12-31,4.0,,,ACTIVE,F,LW,28,Poland,Austin
40768,MLS,Ariel Lassiter,EUR,,,,2024-12-23,2026-12-31,1.0,,,ACTIVE,F,LW,31,Costa Rica,Portland Timbers
40769,MLS,Neil Pierre,EUR,,,,2025-02-04,2028-12-31,3.0,,,ACTIVE,D,CB,18,United States,Philadelphia Union
40770,MLS,Malik Jakupović,EUR,,,,2026-04-02,2030-06-30,5.0,,,ACTIVE,F,CF,17,United States,Philadelphia Union
40771,MLS,Yadaly Diaby,EUR,,,,2026-09-01,2030-06-30,5.0,,,ACTIVE,F,CF,26,Guinea,Vancouver Whitecaps
40772,MLS,Kai Wagner,EUR,,,,2026-07-17,2029-06-30,4.0,,,ACTIVE,D,LB,29,Germany,Philadelphia Union
40773,MLS,Clay Holstad,EUR,,,,2026-07-27,2026-12-31,1.0,,,LOAN,M,CM,26,United States,FC Dallas
40774,MLS,Caden Clark,EUR,,,,2026-09-02,2026-12-31,1.0,,,ACTIVE,F,AM,23,United States,Seattle Sounders
40775,MLS,Vinícius Nogueira,EUR,,,,2026-08-27,2027-06-30,2.0,,,LOAN,D,LB,24,Brazil,Orlando City
40776,MLS,Tristan Himes,EUR,,,,2026-07-16,2027-06-30,2.0,,,ACTIVE,K,GK,23,United States,Orlando City
40777,MLS,Dejan Joveljić,EUR,,,,2026-08-25,2030-06-30,5.0,,,ACTIVE,F,CF,27,Serbia,Seattle Sounders
40778,MLS,Tiago,EUR,,,,2026-01-26,2028-06-30,3.0,,,ACTIVE,F,LW,21,Brazil,Orlando City
40779,MLS,Daryl Dike,EUR,,,,2026-07-17,2027-06-30,2.0,,,ACTIVE,F,CF,26,United States,Orlando City
40780,MLS,Jorge Alastuey,EUR,,,,2026-07-31,2026-12-31,1.0,,,ACTIVE,M,CM,23,Spain,Austin
40781,MLS,Clovis Archange,EUR,,,,2026-07-17,2027-12-31,2.0,,,ACTIVE,D,CB,18,Canada,Orlando City
40782,MLS,Bernardo Rhein,EUR,,,,2026-07-25,2028-06-30,3.0,,,ACTIVE,M,LM,18,United States,Orlando City
40783,MLS,Antoine Griezmann,EUR,,,,2026-07-13,2028-06-30,3.0,,,ACTIVE,F,SS,35,France,Orlando City
40784,MLS,Mijahir Jiménez,EUR,,,,2026-08-14,2028-06-30,3.0,,,ACTIVE,F,CF,19,Panama,NY Red Bulls
40785,MLS,Allan Saint-Maximin,EUR,,,,2026-07-13,2029-06-30,4.0,,,ACTIVE,F,LW,29,France,Charlotte FC
40786,MLS,Aron John,EUR,,,,2026-04-21,2028-06-30,3.0,,,ACTIVE,M,CM,20,United States,Charlotte FC
40787,MLS,Peter Molinari,EUR,,,,2026-01-02,2026-12-31,1.0,,,ACTIVE,M,DM,17,United States,NYC FC
40788,MLS,Luighi,EUR,,,,2026-07-28,2026-12-31,1.0,,,LOAN,F,CF,20,Brazil,NYC FC
40789,MLS,Bénie Traoré,EUR,,,,2026-07-13,2030-06-30,5.0,,,ACTIVE,F,LW,23,Cote d'Ivoire,NYC FC
40790,MLS,Peter Kingston,EUR,,,,2026-04-03,2026-12-31,1.0,,,ACTIVE,M,DM,25,United States,Seattle Sounders
40791,MLS,Arnau Farnós,EUR,,,,2026-04-25,2026-12-31,1.0,,,ACTIVE,F,SS,23,Spain,NYC FC
40792,MLS,Benji Flowers,EUR,,,,2026-07-23,2031-06-30,6.0,,,ACTIVE,F,LW,15,Mexico,FC Dallas
40793,MLS,Lautaro Giaccone,EUR,,,,2026-07-13,2027-06-30,2.0,,,LOAN,F,RW,25,Argentina,Columbus Crew
40794,MLS,Mikah Thomas,EUR,,,,2025-02-20,2026-12-31,1.0,,,ACTIVE,D,LB,21,United States,Charlotte FC
40795,MLS,Wilson Harris,EUR,,,,2026-07-13,2026-12-31,1.0,,,ACTIVE,F,CF,26,United States,NE Revolution
40796,MLS,Giuliano Galoppo,EUR,,,,2026-09-02,2027-06-30,2.0,,,LOAN,M,CM,27,Argentina,Atlanta United
40797,MLS,André Luiz,EUR,,,,2026-08-18,2031-06-30,6.0,,,ACTIVE,F,RW,24,Brazil,Sporting KC
40798,MLS,Tylon Smith,EUR,,,,2026-08-13,2027-06-30,2.0,,,LOAN,D,CB,21,South Africa,NE Revolution
40799,MLS,Judah Siqueira,EUR,,,,2026-08-27,2028-06-30,3.0,,,ACTIVE,M,CM,17,United States,NE Revolution
40800,MLS,Joshua Wynder,EUR,,,,2026-09-02,2027-06-30,2.0,,,ACTIVE,D,CB,21,United States,NE Revolution
40801,MLS,Emir Karić,EUR,,,,2026-07-13,2028-12-31,3.0,,,ACTIVE,D,LB,29,Bosnia-Herzegovina,Sporting KC
40802,MLS,Jack Harrison,EUR,,,,2026-07-26,2030-06-30,5.0,,,ACTIVE,F,LW,29,England,NE Revolution
40803,MLS,Marcelo Herrera,EUR,,,,2026-07-13,2029-06-30,4.0,,,ACTIVE,D,RB,27,Argentina,Columbus Crew
40804,MLS,Julián Malatini,EUR,,,,2026-09-02,2027-06-30,2.0,,,LOAN,D,CB,25,Argentina,FC Cincinnati
40805,MLS,Andreas Hanche-Olsen,EUR,,,,2026-09-01,2031-06-30,6.0,,,ACTIVE,D,CB,29,Norway,Chicago Fire
40806,MLS,Santiago Rodríguez,EUR,,,,2026-09-02,2030-06-30,5.0,,,ACTIVE,F,AM,26,Uruguay,Columbus Crew
40807,MLS,Dániel Gazdag,EUR,,,,2026-09-01,2027-06-30,2.0,,,ACTIVE,F,AM,30,Hungary,NE Revolution
40808,MLS,Anzor Mekvabishvili,EUR,,,,2026-09-01,2029-06-30,4.0,,,ACTIVE,M,DM,25,Georgia,Chicago Fire
40809,MLS,Zidane Yáñez,EUR,,,,2026-07-20,2028-12-31,3.0,,,ACTIVE,F,CF,18,Chile,Nashville SC
40810,MLS,Kwasi Poku,EUR,,,,2026-07-30,2028-06-30,3.0,,,ACTIVE,F,CF,23,Canada,Vancouver Whitecaps
40811,MLS,Famara Camara,EUR,,,,2026-07-27,2029-06-30,4.0,,,ACTIVE,M,DM,21,Senegal,Nashville SC
40812,MLS,Moisés Mosquera,EUR,,,,2026-07-13,2031-06-30,6.0,,,ACTIVE,D,CB,25,Colombia,Sporting KC
40813,MLS,Or Blorian,EUR,,,,2026-07-13,2029-06-30,4.0,,,ACTIVE,D,CB,26,Israel,Sporting KC
40814,MLS,Owen Wolff,EUR,,,,2026-08-26,2031-06-30,6.0,,,ACTIVE,M,CM,21,United States,Sporting KC
40815,MLS,Elias Saad,EUR,,,,2026-07-16,2027-06-30,2.0,,,LOAN,F,LW,26,Tunisia,Nashville SC
40820,MLS,Andre Dozzell,EUR,,,,2026-07-13,2028-12-31,3.0,,,ACTIVE,M,CM,27,England,DC United
40821,MLS,Kayne Rizvanovich,EUR,,,,2026-01-16,2027-12-31,2.0,,,ACTIVE,K,GK,18,United States,Minnesota United
40822,MLS,Cherrion Valerius,EUR,,,,2026-09-02,2026-12-31,1.0,,,LOAN,D,RB,20,Netherlands,Minnesota United
40823,MLS,Alexandru Mățan,EUR,,,,2026-07-21,2029-12-31,4.0,,,ACTIVE,F,AM,27,Romania,St. Louis City
40824,MLS,Robert Lewandowski,EUR,,,,2026-07-13,2028-06-30,3.0,,,ACTIVE,F,CF,38,Poland,Chicago Fire
40825,MLS,Ayoub Lajhar,EUR,,,,2026-05-09,2026-12-31,1.0,,,ACTIVE,M,LM,22,Libya,FC Cincinnati
40826,MLS,Aziel Jackson,EUR,,,,2026-08-13,2026-12-31,1.0,,,LOAN,F,AM,24,United States,Minnesota United
40827,MLS,Carlo Holse,EUR,,,,2026-07-28,2028-12-31,3.0,,,ACTIVE,F,AM,27,Denmark,St. Louis City
40828,MLS,Troy Elgersma,EUR,,,,2026-05-07,2026-12-31,1.0,,,ACTIVE,F,LW,22,United States,LA Galaxy
40829,MLS,Charles-Emile Brunet,EUR,,,,2026-09-02,2026-12-31,1.0,,,ACTIVE,M,DM,22,Canada,St. Louis City
40830,MLS,Sergi Roberto,EUR,,,,2026-08-08,2028-06-30,3.0,,,ACTIVE,M,CM,34,Spain,LA Galaxy
40831,MLS,Robert Taylor,EUR,,,,2026-07-15,2026-12-31,1.0,,,ACTIVE,F,LW,31,Finland,LA Galaxy
40832,MLS,Damion Downs,EUR,,,,2026-09-02,2027-06-30,2.0,,,LOAN,F,CF,22,United States,St. Louis City
40833,MLS,Pablo Ruiz,EUR,,,,2026-09-02,2026-12-31,1.0,,,ACTIVE,M,CM,27,Argentina,LA Galaxy
40834,MLS,Kyogo Furuhashi,EUR,,,,2026-07-21,2031-06-30,6.0,,,ACTIVE,F,CF,31,Japan,LA Galaxy
40835,MLS,Adam Beaudry,EUR,,,,2024-01-10,2027-12-31,2.0,,,ACTIVE,K,GK,20,United States,Colorado Rapids
40836,MLS,Andrei Chirilă,EUR,,,,2026-04-02,2029-06-30,4.0,,,ACTIVE,D,CB,18,United States,FC Cincinnati
40837,MLS,Calegari,EUR,,,,2026-09-02,2029-06-30,4.0,,,ACTIVE,D,RB,24,Brazil,LA Galaxy
40838,MLS,Yevhen Cheberko,EUR,,,,2026-07-13,2026-12-31,1.0,,,ACTIVE,D,CB,28,Ukraine,LA FC
40839,MLS,Grant Gilmore,EUR,,,,2026-07-01,2029-12-31,4.0,,,ACTIVE,D,CB,18,United States,Colorado Rapids
40840,MLS,Tommy Mihalić,EUR,,,,2026-08-29,2026-12-31,1.0,,,ACTIVE,F,LW,23,Croatia,LA FC
40841,MLS,Ibrahim Sadiq,EUR,,,,2026-09-02,2028-06-30,3.0,,,ACTIVE,F,RW,26,Ghana,Colorado Rapids
40842,MLS,Palmer Ault,EUR,,,,2026-07-15,2027-06-30,2.0,,,ACTIVE,F,CF,22,United States,St. Louis City
40843,MLS,Rafael Navarro,EUR,,,,2026-09-02,2030-12-31,5.0,,,ACTIVE,F,CF,26,Brazil,St. Louis City
40844,MLS,Thayllon,EUR,,,,2026-09-02,2027-06-30,2.0,,,LOAN,F,RW,20,Brazil,LA FC
40845,MLS,Sergio Vásquez,EUR,,,,2026-08-25,2030-06-30,5.0,,,ACTIVE,M,DM,22,Ecuador,LA FC
40846,MLS,Leo Walta,EUR,,,,2026-08-31,2026-12-31,1.0,,,LOAN,F,AM,23,Finland,LA FC
40847,MLS,Loïc Williams,EUR,,,,2026-07-13,2030-06-30,5.0,,,ACTIVE,D,CB,24,Spain,Colorado Rapids
40848,MLS,Tahir Reid-Brown,EUR,,,,2026-08-13,2027-12-31,2.0,,,ACTIVE,D,LB,20,United States,St. Louis City
40849,MLS,Morgan Whittaker,EUR,,,,2026-09-02,2030-06-30,5.0,,,ACTIVE,F,RW,25,England,Colorado Rapids
40850,MLS,Stanislav Lapkes,EUR,,,,2025-01-22,2027-12-31,2.0,,,ACTIVE,K,GK,20,Belarus,Columbus Crew
40851,MLS,Armindo Sieb,EUR,,,,2026-08-13,2029-06-30,4.0,,,ACTIVE,F,SS,23,Germany,LA FC
40852,MLS,Riquelme Fillipi,EUR,,,,2026-09-02,2030-06-30,5.0,,,ACTIVE,F,LW,19,Brazil,Inter Miami
40853,MLS,Zach Zengue,EUR,,,,2026-07-13,2026-12-31,1.0,,,ACTIVE,F,LW,22,United States,St. Louis City
40854,MLS,Tarun Karumanchi,EUR,,,,2026-07-30,2027-06-30,2.0,,,ACTIVE,M,DM,23,United States,Columbus Crew
40855,MLS,Alejandro Piedrahita,EUR,,,,2026-09-02,2027-06-30,2.0,,,LOAN,F,LW,24,Colombia,Toronto FC
40856,MLS,Preston Plambeck,EUR,,,,2026-05-13,2026-12-31,1.0,,,ACTIVE,M,LM,20,United States,Inter Miami
40857,MLS,Sayed Abu Farkhi,EUR,,,,2026-09-01,2030-06-30,5.0,,,ACTIVE,F,CF,20,Israel,Colorado Rapids
40858,MLS,Matías Galarza,EUR,,,,2026-09-02,2026-12-31,1.0,,,LOAN,M,CM,24,Paraguay,Inter Miami
40859,MLS,Lovend's Delinois,EUR,,,,2026-08-15,2027-06-30,2.0,,,ACTIVE,F,CF,21,Haiti,Inter Miami
40860,MLS,Youssef Maziz,EUR,,,,2026-07-31,2028-12-31,3.0,,,ACTIVE,F,AM,28,France,Colorado Rapids
40861,MLS,Fricio Caicedo,EUR,,,,2026-07-14,2027-06-30,2.0,,,LOAN,D,CB,18,Ecuador,Inter Miami
40862,MLS,Rui Modesto,EUR,,,,2026-09-01,2030-06-30,5.0,,,ACTIVE,M,RM,26,Angola,Vancouver Whitecaps
40863,MLS,Jackson Gilman,EUR,,,,2026-05-22,2026-12-31,1.0,,,ACTIVE,D,CB,22,United States,Toronto FC
40864,MLS,Paulo Díaz,EUR,,,,2026-07-14,2028-06-30,3.0,,,ACTIVE,D,CB,32,Chile,Atlanta United
40865,MLS,Mauricio Amaro,EUR,,,,2026-08-07,2029-06-30,4.0,,,ACTIVE,M,CM,21,Uruguay,Atlanta United
40866,MLS,Ezequiel Abadia-Reda,EUR,,,,2026-04-03,2026-12-31,1.0,,,ACTIVE,D,LB,20,United States,Inter Miami
40867,MLS,Anass Zaroury,EUR,,,,2026-09-02,2027-06-30,2.0,,,ACTIVE,F,LW,25,Morocco,Columbus Crew
40868,MLS,Brais Méndez,EUR,,,,2026-07-13,2029-06-30,4.0,,,ACTIVE,F,AM,29,Spain,Columbus Crew
40869,MLS,Lewis Morgan,EUR,,,,2026-09-02,2026-12-31,1.0,,,ACTIVE,F,LW,29,Scotland,Toronto FC
40870,MLS,Daniel Sumalla,EUR,,,,2026-07-22,2026-12-31,1.0,,,ACTIVE,D,CB,19,United States,Inter Miami
40871,MLS,Kimito Nono,EUR,,,,2026-07-29,2029-06-30,4.0,,,ACTIVE,D,RB,24,Japan,DC United
40872,MLS,Kamil Castillo,EUR,,,,2026-07-31,2030-12-31,5.0,,,ACTIVE,M,CM,16,Dominican Republic,DC United
40873,MLS,Casemiro,EUR,,,,2026-07-22,2027-06-30,2.0,,,ACTIVE,M,DM,34,Brazil,Inter Miami
40874,MLS,Nelson Palacio,EUR,,,,2026-07-13,2026-12-31,1.0,,,ACTIVE,M,CM,25,Colombia,Toronto FC
40875,MLS,Brooks Lennon,EUR,,,,2026-07-01,2027-06-30,2.0,,,ACTIVE,D,RB,28,United States,Columbus Crew
40876,MLS,Niklas Dorsch,EUR,,,,2026-07-28,2031-06-30,6.0,,,ACTIVE,M,DM,28,Germany,Toronto FC
40877,MLS,Marcelo Saracchi,EUR,,,,2026-08-11,2029-06-30,4.0,,,ACTIVE,D,LB,28,Uruguay,Houston Dynamo
40878,MLS,Richard Chukwu,EUR,,,,2026-07-16,2030-06-30,5.0,,,ACTIVE,D,CB,18,Canada,Toronto FC
40879,MLS,Lyle Foster,EUR,,,,2026-09-02,2027-06-30,2.0,,,LOAN,F,CF,26,South Africa,Houston Dynamo
40880,MLS,Sebastián Ramírez,EUR,,,,2026-08-20,2027-06-30,2.0,,,LOAN,M,DM,20,Colombia,Vancouver Whitecaps
40881,MLS,Duncan McGuire,EUR,,,,2026-07-13,2027-12-31,2.0,,,ACTIVE,F,CF,25,United States,Houston Dynamo
40882,MLS,Eric Bailly,EUR,,,,2026-07-17,2027-06-30,2.0,,,ACTIVE,D,CB,32,Cote d'Ivoire,Columbus Crew
40883,MLS,Gonzalo Tapia,EUR,,,,2026-08-05,2027-05-31,2.0,,,LOAN,F,CF,24,Chile,Columbus Crew
40884,MLS,Marcus Alstrup,EUR,,,,2026-07-24,2026-12-31,1.0,,,ACTIVE,K,GK,22,Denmark,San Diego FC
40885,MLS,Brayan Ceballos,EUR,,,,2026-07-24,2027-12-31,2.0,,,ACTIVE,D,CB,25,Colombia,CF Montreal
40886,MLS,Hugo Picard,EUR,,,,2025-07-24,2028-12-31,3.0,,,INACTIVE,M,LM,23,France,Columbus Crew
40887,MLS,Daniel Pereira,EUR,,,,2026-07-13,2028-12-31,3.0,,,ACTIVE,M,CM,26,Venezuela,CF Montreal
40888,MLS,Ian Murphy,EUR,,,,2026-07-13,2026-12-31,1.0,,,ACTIVE,D,CB,26,United States,San Diego FC
40889,MLS,Gabriel Pirani,EUR,,,,2026-07-13,2026-12-31,1.0,,,ACTIVE,F,AM,24,Brazil,San Diego FC
40890,MLS,Elias Achouri,EUR,,,,2026-07-24,2029-06-30,4.0,,,ACTIVE,F,LW,27,Tunisia,San Diego FC
40891,MLS,Duran Ferree,EUR,,,,2023-12-13,2027-12-31,2.0,,,ACTIVE,K,GK,19,United States,San Diego FC
40892,MLS,David Mimbang,EUR,,,,2026-09-02,2027-06-30,2.0,,,LOAN,M,CM,18,Cameroon,San Diego FC
40893,MLS,Angus Gunn,EUR,,,,2026-07-13,2030-06-30,5.0,,,ACTIVE,K,GK,30,Scotland,San Jose Earthquakes
40894,MLS,Dagur Dan Thórhallsson,EUR,,,,2026-07-24,2028-06-30,3.0,,,ACTIVE,D,RB,26,Iceland,San Diego FC
40895,MLS,Cédric Bakambu,EUR,,,,2026-09-02,2026-12-31,1.0,,,ACTIVE,F,CF,35,Democratic Republic of the Congo,San Diego FC
40896,MLS,Taylor Booth,EUR,,,,2026-09-02,2027-06-30,2.0,,,LOAN,F,RW,25,United States,Real Salt Lake
40897,MLS,Darius Johnson,EUR,,,,2026-05-19,2026-12-31,1.0,,,ACTIVE,F,LW,26,Grenada,San Jose Earthquakes
40898,MLS,Alexis Sánchez,EUR,,,,2026-08-11,2027-06-30,2.0,,,ACTIVE,F,SS,37,Chile,CF Montreal
40899,MLS,Žan Kolmanič,EUR,,,,2024-04-26,2026-12-31,1.0,,,ACTIVE,D,LB,26,Slovenia,Austin
40900,MLS,Dante Sealy,EUR,,,,2026-08-28,2026-12-31,1.0,,,ACTIVE,F,RW,23,Trinidad and Tobago,CF Montreal
40901,MLS,Eduard Löwen,EUR,,,,2026-08-26,2028-06-30,3.0,,,ACTIVE,M,CM,29,Germany,San Jose Earthquakes
40902,MLS,Saba Lobjanidze,EUR,,,,2026-07-13,2026-12-31,1.0,,,ACTIVE,F,LW,31,Georgia,Real Salt Lake
40903,MLS,Mason Stajduhar,EUR,,,,2025-11-07,2026-12-31,1.0,,,ACTIVE,K,GK,28,United States,Real Salt Lake
40904,MLS,Luc De Fougerolles,EUR,,,,2026-09-02,2026-12-31,1.0,,,LOAN,D,CB,20,Canada,Real Salt Lake
40905,MLS,Lineker Rodrigues,EUR,,,,2026-08-10,2027-06-30,2.0,,,ACTIVE,F,CF,24,Brazil,Real Salt Lake
40906,MLS,Jason Shokalook,EUR,,,,2026-09-02,2026-12-31,1.0,,,ACTIVE,F,CF,23,United States,Real Salt Lake
40907,MLS,Dusan Zagar,EUR,,,,2026-09-02,2029-06-30,4.0,,,ACTIVE,F,LW,19,Serbia,Real Salt Lake
40908,MLS,Diego Rocío,EUR,,,,2026-01-01,2028-12-31,3.0,,,ACTIVE,F,RW,19,Mexico,Real Salt Lake
40909,MLS,Luka Jovanović,EUR,,,,2026-07-16,2028-06-30,3.0,,,ACTIVE,F,CF,21,Australia,San Jose Earthquakes
40910,MLS,Josef Martínez,EUR,,,,2026-08-13,2026-12-31,1.0,,,ACTIVE,F,CF,33,Venezuela,Columbus Crew
40911,MLS,Aleksa Cvetkovic,EUR,,,,2026-08-10,2030-06-30,5.0,,,ACTIVE,M,DM,21,Serbia,Vancouver Whitecaps
40912,MLS,Frankie Amaya,EUR,,,,2026-03-26,2026-12-31,1.0,,,LOAN,M,CM,25,United States,CF Montreal
40913,MLS,Daniel Job,EUR,,,,2026-09-02,2030-06-30,5.0,,,ACTIVE,F,LW,21,Nigeria,FC Dallas
40914,Primeira Liga,Diogo Costa,EUR,92500.0,5770000.0,4810000.0,2025-12-23,2030-06-30,4.0,19240000.0,60000000.0,ACTIVE,K,GK,26,Portugal,Porto
40915,Primeira Liga,Santiago Gimenez,EUR,92500.0,5530000.0,4810000.0,2026-08-31,2027-06-30,1.0,4810000.0,,LOAN,F,CF,25,Mexico,Porto
40916,Primeira Liga,Seko Fofana,EUR,92500.0,5530000.0,4810000.0,2026-08-26,2027-06-30,1.0,4810000.0,,LOAN,M,CM,31,Cote d'Ivoire,Porto
40917,Primeira Liga,Jhon Durán,EUR,92500.0,6010000.0,4810000.0,2026-07-20,2027-06-30,1.0,4810000.0,,LOAN,F,CF,22,Colombia,Benfica
40918,Primeira Liga,João Palhinha,EUR,92500.0,6010000.0,4810000.0,2026-08-26,2030-06-30,4.0,19240000.0,,ACTIVE,M,DM,31,Portugal,Benfica
40919,Primeira Liga,Jakub Kiwior,EUR,81346.0,5290000.0,4230000.0,2026-07-01,2030-06-30,4.0,16920000.0,70000000.0,ACTIVE,D,CB,26,Poland,Porto
40920,Primeira Liga,Rafa Silva,EUR,81346.0,5290000.0,4230000.0,2026-01-22,2028-06-30,2.0,8460000.0,,ACTIVE,F,RW,33,Portugal,Benfica
40921,Primeira Liga,Anatolii Trubin,EUR,74038.0,4810000.0,3850000.0,2023-08-10,2028-06-30,2.0,7700000.0,100000000.0,ACTIVE,K,GK,25,Ukraine,Benfica
40922,Primeira Liga,Clément Lenglet,EUR,74038.0,4810000.0,3850000.0,2026-07-01,2027-06-30,1.0,3850000.0,,LOAN,D,CB,31,France,Benfica
40923,Primeira Liga,Maximiliano Araújo,EUR,59231.0,4040000.0,3080000.0,2026-08-03,2030-06-30,4.0,12320000.0,80000000.0,ACTIVE,D,LB,26,Uruguay,Sporting Lisbon
40924,Primeira Liga,Fredrik Aursnes,EUR,55385.0,3600000.0,2880000.0,2024-12-12,2029-06-30,3.0,8640000.0,50000000.0,ACTIVE,M,CM,30,Norway,Benfica
40925,Primeira Liga,Tomás Araújo,EUR,55385.0,3600000.0,2880000.0,2026-09-02,2031-06-30,5.0,14400000.0,80000000.0,ACTIVE,D,CB,24,Portugal,Benfica
40926,Primeira Liga,Vangelis Pavlidis,EUR,55385.0,3600000.0,2880000.0,2024-07-01,2029-06-30,3.0,8640000.0,100000000.0,ACTIVE,F,CF,27,Greece,Benfica
40927,Primeira Liga,André Silva,EUR,55385.0,3840000.0,2880000.0,2026-07-01,2027-06-30,1.0,2880000.0,,ACTIVE,F,CF,30,Portugal,Porto
40928,Primeira Liga,In-beom Hwang,EUR,55385.0,3600000.0,2880000.0,2026-07-20,2029-06-30,3.0,8640000.0,,ACTIVE,M,CM,29,South Korea,Porto
40929,Primeira Liga,Dodi Lukébakio,EUR,55385.0,3600000.0,2880000.0,2025-09-01,2030-06-30,4.0,11520000.0,,ACTIVE,F,RW,28,Belgium,Benfica
40930,Primeira Liga,Rodrigo Zalazar,EUR,55385.0,3600000.0,2880000.0,2026-07-01,2031-06-30,5.0,14400000.0,,ACTIVE,F,AM,27,Uruguay,Sporting Lisbon
40931,Primeira Liga,Sergi Altimira,EUR,55385.0,3600000.0,2880000.0,2026-07-01,2031-06-30,5.0,14400000.0,,ACTIVE,M,DM,25,Spain,Sporting Lisbon
40932,Primeira Liga,Leandro Barreiro Martins,EUR,48077.0,3130000.0,2500000.0,2024-07-02,2029-06-30,3.0,7500000.0,,ACTIVE,M,CM,26,Luxembourg,Benfica
40933,Primeira Liga,Pepê,EUR,48077.0,3130000.0,2500000.0,2025-08-29,2028-06-30,2.0,5000000.0,75000000.0,ACTIVE,F,RW,29,Brazil,Porto
40934,Primeira Liga,Luis Suárez,EUR,48077.0,3130000.0,2500000.0,2025-07-28,2030-06-30,4.0,10000000.0,80000000.0,ACTIVE,F,CF,28,Colombia,Sporting Lisbon
40935,Primeira Liga,Jan Bednarek,EUR,48077.0,3130000.0,2500000.0,2025-07-28,2029-06-30,3.0,7500000.0,60000000.0,ACTIVE,D,CB,30,Poland,Porto
40936,Primeira Liga,Enzo Barrenechea,EUR,40769.0,2650000.0,2120000.0,2026-07-01,2030-06-30,4.0,8480000.0,,ACTIVE,M,DM,25,Argentina,Benfica
40937,Primeira Liga,Samuel Dahl,EUR,40769.0,2650000.0,2120000.0,2025-07-01,2029-06-30,3.0,6360000.0,,ACTIVE,D,LB,23,Sweden,Benfica
40938,Primeira Liga,Luís Guilherme,EUR,38462.0,2500000.0,2000000.0,2026-01-04,2030-06-30,4.0,8000000.0,,ACTIVE,F,RW,20,Brazil,Sporting Lisbon
40939,Primeira Liga,Eduardo Quaresma,EUR,38462.0,2500000.0,2000000.0,2026-07-29,2031-06-30,5.0,10000000.0,80000000.0,ACTIVE,D,CB,24,Portugal,Sporting Lisbon
40940,Primeira Liga,Gabri Veiga,EUR,38462.0,2500000.0,2000000.0,2025-06-05,2030-06-30,4.0,8000000.0,,ACTIVE,F,AM,24,Spain,Porto
40941,Primeira Liga,Alberto Costa,EUR,36923.0,2400000.0,1920000.0,2025-07-24,2030-06-30,4.0,7680000.0,,ACTIVE,D,RB,22,Portugal,Porto
40942,Primeira Liga,Georgiy Sudakov,EUR,36923.0,2400000.0,1920000.0,2026-07-01,2029-06-30,3.0,5760000.0,,ACTIVE,F,AM,24,Ukraine,Benfica
40943,Primeira Liga,Nestory Irankunda,EUR,36923.0,2400000.0,1920000.0,2026-08-15,2031-06-30,5.0,9600000.0,80000000.0,ACTIVE,F,LW,20,Australia,Sporting Lisbon
40944,Primeira Liga,Jakub Kamiński,EUR,36923.0,2400000.0,1920000.0,2026-07-07,2031-06-30,5.0,9600000.0,,ACTIVE,F,LW,24,Poland,Benfica
40945,Primeira Liga,Gonçalo Inácio,EUR,33269.0,2160000.0,1730000.0,2025-12-11,2030-06-30,4.0,6920000.0,60000000.0,ACTIVE,D,CB,25,Portugal,Sporting Lisbon
40946,Primeira Liga,Samu Aghehowa,EUR,31346.0,2040000.0,1630000.0,2024-08-23,2029-06-30,3.0,4890000.0,100000000.0,ACTIVE,F,CF,22,Spain,Porto
40947,Primeira Liga,Alexander Bah,EUR,31346.0,2040000.0,1630000.0,2024-12-17,2029-06-30,3.0,4890000.0,60000000.0,ACTIVE,D,RB,28,Denmark,Benfica
40948,Primeira Liga,Bruma,EUR,29615.0,1930000.0,1540000.0,2025-02-03,2028-06-30,2.0,3080000.0,,ACTIVE,F,LW,31,Portugal,Benfica
40949,Primeira Liga,Alessandro Circati,EUR,29615.0,1930000.0,1540000.0,2026-08-19,2031-06-30,5.0,7700000.0,,ACTIVE,D,CB,22,Australia,Benfica
40950,Primeira Liga,Issa Doumbia,EUR,29615.0,1930000.0,1540000.0,2026-07-01,2031-06-30,5.0,7700000.0,80000000.0,ACTIVE,M,CM,22,Italy,Sporting Lisbon
40951,Primeira Liga,Fotis Ioannidis,EUR,29615.0,1930000.0,1540000.0,2025-09-01,2030-06-30,4.0,6160000.0,,ACTIVE,F,CF,26,Greece,Sporting Lisbon
40952,Primeira Liga,Souza,EUR,28846.0,1730000.0,1500000.0,2026-08-31,2027-06-30,1.0,1500000.0,,LOAN,D,LB,20,Brazil,Porto
40953,Primeira Liga,Manu,EUR,27885.0,1810000.0,1450000.0,2025-01-20,2030-06-30,4.0,5800000.0,,ACTIVE,M,DM,25,Portugal,Benfica
40954,Primeira Liga,Nehuén Pérez,EUR,27692.0,1800000.0,1440000.0,2025-07-01,2029-06-30,3.0,4320000.0,,ACTIVE,D,CB,26,Argentina,Porto
40955,Primeira Liga,Alan Varela,EUR,24038.0,1560000.0,1250000.0,2025-05-29,2030-06-30,4.0,5000000.0,75000000.0,ACTIVE,M,DM,25,Argentina,Porto
40956,Primeira Liga,Gianluca Prestianni,EUR,24038.0,1560000.0,1250000.0,2024-01-31,2029-06-30,3.0,3750000.0,,ACTIVE,F,RW,20,Argentina,Benfica
40957,Primeira Liga,Borja Sainz,EUR,22115.0,1440000.0,1150000.0,2025-07-13,2030-06-30,4.0,4600000.0,,ACTIVE,F,LW,25,Spain,Porto
40958,Primeira Liga,Pablo Rosario,EUR,22115.0,1440000.0,1150000.0,2025-08-28,2029-06-30,3.0,3450000.0,,ACTIVE,M,DM,29,Dominican Republic,Porto
40959,Primeira Liga,Iván Fresneda,EUR,22115.0,1440000.0,1150000.0,2023-08-30,2028-06-30,2.0,2300000.0,,ACTIVE,D,RB,21,Spain,Sporting Lisbon
40960,Primeira Liga,Jonas Wind,EUR,22115.0,1440000.0,1150000.0,2026-07-01,2029-06-30,3.0,3450000.0,,ACTIVE,F,CF,27,Denmark,Braga
40961,Primeira Liga,Fran Navarro,EUR,22115.0,1440000.0,1150000.0,2025-07-01,2029-06-30,3.0,3450000.0,,ACTIVE,F,CF,28,Spain,Braga
40962,Primeira Liga,Rui Silva,EUR,22115.0,1440000.0,1150000.0,2025-07-01,2028-06-30,2.0,2300000.0,,ACTIVE,K,GK,32,Portugal,Sporting Lisbon
40963,Primeira Liga,Andreas Schjelderup,EUR,22115.0,1440000.0,1150000.0,2023-01-12,2028-06-30,2.0,2300000.0,,ACTIVE,F,LW,22,Norway,Benfica
40964,Primeira Liga,Silas Andersen,EUR,19231.0,1250000.0,1000000.0,2026-07-01,2031-06-30,5.0,5000000.0,,ACTIVE,M,DM,22,Denmark,Sporting Lisbon
40965,Primeira Liga,Nuno Santos,EUR,19231.0,1250000.0,1000000.0,2023-08-16,2027-06-30,1.0,1000000.0,60000000.0,ACTIVE,D,LB,31,Portugal,Sporting Lisbon
40966,Primeira Liga,Zeno Debast,EUR,19231.0,1250000.0,1000000.0,2024-07-04,2029-06-30,3.0,3000000.0,,ACTIVE,D,CB,22,Belgium,Sporting Lisbon
40967,Primeira Liga,Ricardo Horta,EUR,19231.0,1250000.0,1000000.0,2023-04-05,2028-06-30,2.0,2000000.0,,ACTIVE,F,LW,31,Portugal,Braga
40968,Primeira Liga,Adrian Bajrami,EUR,18462.0,1200000.0,960000.0,2026-07-01,2031-06-30,5.0,4800000.0,,ACTIVE,D,CB,24,Switzerland,Braga
40969,Primeira Liga,Denis Huseinbasic,EUR,18462.0,1200000.0,960000.0,2026-07-01,2031-06-30,5.0,4800000.0,,ACTIVE,M,CM,25,Bosnia-Herzegovina,Braga
40970,Primeira Liga,Souffian El Karouani,EUR,18462.0,1200000.0,960000.0,2026-09-01,2027-06-30,1.0,960000.0,,LOAN,D,LB,25,Morocco,Benfica
40971,Primeira Liga,Jovan Milosevic,EUR,18462.0,1200000.0,960000.0,2026-08-19,2031-06-30,5.0,4800000.0,,ACTIVE,F,CF,21,Serbia,Braga
40972,Primeira Liga,Henrique Araújo,EUR,18462.0,1200000.0,960000.0,2026-07-28,2029-06-30,3.0,2880000.0,,ACTIVE,F,CF,24,Portugal,Casa Pia
40973,Primeira Liga,Victor Froholdt,EUR,18462.0,1200000.0,960000.0,2025-07-23,2030-06-30,4.0,3840000.0,85000000.0,ACTIVE,M,CM,20,Denmark,Porto
40974,Primeira Liga,Geny Catamo,EUR,18462.0,1200000.0,960000.0,2023-12-22,2028-06-30,2.0,1920000.0,60000000.0,ACTIVE,F,RW,25,Mozambique,Sporting Lisbon
40975,Primeira Liga,Gabriel Mec,EUR,18462.0,1200000.0,960000.0,2026-09-02,2031-06-30,5.0,4800000.0,,ACTIVE,F,RW,18,Brazil,Porto
40976,Primeira Liga,Joel Robles,EUR,18462.0,1200000.0,960000.0,2025-03-17,2028-06-30,2.0,1920000.0,,ACTIVE,K,GK,36,Spain,Estoril
40977,Primeira Liga,Georgios Vagiannidis,EUR,18462.0,1200000.0,960000.0,2025-08-06,2030-06-30,4.0,3840000.0,,ACTIVE,D,RB,24,Greece,Sporting Lisbon
40978,Primeira Liga,Ibrahima Ba,EUR,18462.0,1200000.0,960000.0,2026-07-22,2031-06-30,5.0,4800000.0,,ACTIVE,D,CB,21,Senegal,Sporting Lisbon
40979,Primeira Liga,Bright Arrey-Mbi,EUR,18462.0,1200000.0,960000.0,2024-07-17,2029-06-30,3.0,2880000.0,50000000.0,ACTIVE,D,CB,23,Germany,Braga
40980,Primeira Liga,Claudio Echeverri,EUR,17308.0,1130000.0,900000.0,2026-09-02,2027-06-30,1.0,900000.0,,LOAN,F,AM,20,Argentina,Benfica
40981,Primeira Liga,Gustaf Lagerbielke,EUR,16538.0,1080000.0,860000.0,2025-07-08,2030-06-30,4.0,3440000.0,,ACTIVE,D,CB,26,Sweden,Braga
40982,Primeira Liga,Zaidu Sanusi,EUR,15000.0,980000.0,780000.0,2022-10-07,2027-06-30,1.0,780000.0,50000000.0,ACTIVE,D,LB,29,Nigeria,Porto
40983,Primeira Liga,Sotiris Alexandropoulos,EUR,15000.0,980000.0,780000.0,2022-08-29,2027-06-30,1.0,780000.0,,ACTIVE,M,CM,24,Greece,Sporting Lisbon
40984,Primeira Liga,João Moutinho,EUR,14808.0,960000.0,770000.0,2026-05-20,2027-06-30,1.0,770000.0,,ACTIVE,M,CM,39,Portugal,Braga
40985,Primeira Liga,Pedro Lima,EUR,14808.0,960000.0,770000.0,2026-07-01,2031-06-30,5.0,3850000.0,,ACTIVE,M,CM,23,Brazil,Sporting Lisbon
40986,Primeira Liga,Kaique Pereira,EUR,14808.0,960000.0,770000.0,2026-08-29,2031-06-30,5.0,3850000.0,,ACTIVE,K,GK,23,Brazil,Sporting Lisbon
40987,Primeira Liga,Ricardo Esgaio,EUR,14808.0,960000.0,770000.0,2026-07-01,2028-06-30,2.0,1540000.0,,ACTIVE,D,RB,33,Portugal,Gil Vicente
40988,Primeira Liga,Oskar Pietuszewski,EUR,14808.0,960000.0,770000.0,2026-05-28,2031-06-30,5.0,3850000.0,60000000.0,ACTIVE,F,LW,18,Poland,Porto
40989,Primeira Liga,Adrian Leon Barisic,EUR,14808.0,960000.0,770000.0,2026-07-01,2030-06-30,4.0,3080000.0,,ACTIVE,D,CB,25,Bosnia-Herzegovina,Braga
40990,Primeira Liga,Tommy Marqués,EUR,14808.0,960000.0,770000.0,2026-08-21,2031-06-30,5.0,3850000.0,60000000.0,ACTIVE,M,DM,19,Spain,Braga
40991,Primeira Liga,Georgios Koutsias,EUR,14808.0,960000.0,770000.0,2026-07-24,2031-06-30,5.0,3850000.0,,ACTIVE,F,CF,22,Greece,Famalicao
40992,Primeira Liga,Gil Dias,EUR,13077.0,850000.0,680000.0,2024-07-02,2027-06-30,1.0,680000.0,,ACTIVE,F,RW,29,Portugal,Famalicao
40993,Primeira Liga,Jérémy Livolant,EUR,12885.0,840000.0,670000.0,2024-09-17,2027-06-30,1.0,670000.0,,ACTIVE,F,RW,28,France,Casa Pia
40994,Primeira Liga,Matheus França,EUR,12885.0,840000.0,670000.0,2026-09-04,2027-06-30,1.0,670000.0,,LOAN,F,SS,22,Brazil,Alverca
40995,Primeira Liga,Ege Tiknaz,EUR,12885.0,960000.0,670000.0,2026-01-21,2031-06-30,5.0,3350000.0,,ACTIVE,M,DM,22,Turkey,Braga
40996,Primeira Liga,Pedro Ferreira,EUR,11154.0,730000.0,580000.0,2025-03-07,2028-06-30,2.0,1160000.0,,ACTIVE,M,DM,28,Portugal,Santa Clara
40997,Primeira Liga,Xeka,EUR,11154.0,730000.0,580000.0,2025-05-20,2028-06-30,2.0,1160000.0,,ACTIVE,M,CM,31,Portugal,Estoril
40998,Primeira Liga,Jakub Brabec,EUR,11154.0,730000.0,580000.0,2025-09-08,2027-06-30,1.0,580000.0,,ACTIVE,D,CB,34,Czech Republic,Rio Ave
40999,Primeira Liga,Joan Jordán,EUR,11154.0,730000.0,580000.0,2026-08-10,2028-06-30,2.0,1160000.0,,ACTIVE,M,CM,32,Spain,Estrela Amadora
41000,Primeira Liga,Rafael Fernandes,EUR,11154.0,730000.0,580000.0,2026-07-02,2027-06-30,1.0,580000.0,,LOAN,D,CB,24,Portugal,Marítimo
41001,Primeira Liga,Cláudio Ramos,EUR,11154.0,730000.0,580000.0,2024-06-11,2027-06-30,1.0,580000.0,,ACTIVE,K,GK,34,Portugal,Porto
41002,Primeira Liga,Tamás Szűcs,EUR,11154.0,730000.0,580000.0,2026-07-01,2031-06-30,5.0,2900000.0,,ACTIVE,M,CM,21,Hungary,Famalicao
41003,Primeira Liga,Salvador Blopa,EUR,11154.0,730000.0,580000.0,2025-12-14,2030-06-30,4.0,2320000.0,,ACTIVE,D,RB,19,Portugal,Sporting Lisbon
41004,Primeira Liga,Rodrigo Dias,EUR,11154.0,730000.0,580000.0,2025-07-09,2028-06-30,2.0,1160000.0,,ACTIVE,D,LB,21,Portugal,Sporting Lisbon
41005,Primeira Liga,José Fontán,EUR,11154.0,730000.0,580000.0,2025-06-17,2027-06-30,1.0,580000.0,,ACTIVE,D,CB,26,Spain,Arouca
41006,Primeira Liga,Toni Borevković,EUR,11154.0,730000.0,580000.0,2026-09-04,2027-06-30,1.0,580000.0,,LOAN,D,CB,29,Croatia,Vitoria SC
41007,Primeira Liga,Rafael Nel,EUR,11154.0,730000.0,580000.0,2022-11-22,2029-06-30,3.0,1740000.0,,ACTIVE,F,CF,21,Portugal,Sporting Lisbon
41008,Primeira Liga,Gabriel Silva,EUR,11154.0,730000.0,580000.0,2026-07-01,2031-06-30,5.0,2900000.0,,ACTIVE,M,LM,24,Brazil,Braga
41009,Primeira Liga,Pedro Amaral,EUR,11154.0,730000.0,580000.0,2026-08-25,2028-06-30,2.0,1160000.0,,ACTIVE,D,LB,29,Portugal,Rio Ave
41010,Primeira Liga,João Costa,EUR,11154.0,730000.0,580000.0,2025-07-09,2030-06-30,4.0,2320000.0,,ACTIVE,K,GK,30,Portugal,Porto
41011,Primeira Liga,Sorriso,EUR,11154.0,730000.0,580000.0,2025-07-01,2029-06-30,3.0,1740000.0,,ACTIVE,F,LW,25,Brazil,Famalicao
41012,Primeira Liga,Rochinha,EUR,11154.0,730000.0,580000.0,2026-07-16,2027-06-30,1.0,580000.0,,ACTIVE,F,LW,31,Portugal,Casa Pia
41013,Primeira Liga,Diogo Travassos,EUR,11154.0,730000.0,580000.0,2026-07-01,2031-06-30,5.0,2900000.0,,ACTIVE,D,RB,22,Portugal,Braga
41014,Primeira Liga,João Rego,EUR,11154.0,730000.0,580000.0,2026-08-22,2027-06-30,1.0,580000.0,100000000.0,LOAN,F,AM,21,Portugal,Casa Pia
41015,Primeira Liga,Vasco Sousa,EUR,11154.0,730000.0,580000.0,2025-09-01,2030-06-30,4.0,2320000.0,,ACTIVE,M,CM,23,Portugal,Porto
41016,Primeira Liga,Pau Víctor,EUR,11154.0,730000.0,580000.0,2025-07-25,2030-06-30,4.0,2320000.0,,ACTIVE,F,CF,24,Spain,Braga
41017,Primeira Liga,Diego Callai,EUR,11154.0,730000.0,580000.0,2026-07-01,2030-06-30,4.0,2320000.0,,ACTIVE,K,GK,22,Brazil,Sporting Lisbon
41018,Primeira Liga,Vítor Carvalho,EUR,10962.0,710000.0,570000.0,2023-07-01,2028-06-30,2.0,1140000.0,,ACTIVE,D,CB,29,Brazil,Braga
41019,Primeira Liga,João Carvalho,EUR,10000.0,650000.0,520000.0,2024-08-16,2027-06-30,1.0,520000.0,,ACTIVE,F,AM,29,Portugal,Estoril
41020,Primeira Liga,Tom van de Looi,EUR,10000.0,650000.0,520000.0,2024-07-01,2027-06-30,1.0,520000.0,,ACTIVE,M,DM,27,Netherlands,Famalicao
41021,Primeira Liga,William Gomes,EUR,9231.0,600000.0,480000.0,2025-01-31,2029-06-30,3.0,1440000.0,80000000.0,ACTIVE,F,RW,20,Brazil,Porto
41022,Primeira Liga,Diego Rodrigues,EUR,9231.0,600000.0,480000.0,2025-12-29,2030-06-30,4.0,1920000.0,,ACTIVE,M,CM,21,Portugal,Braga
41023,Primeira Liga,Daniel Banjaqui,EUR,9231.0,600000.0,480000.0,2026-04-02,2031-06-30,5.0,2400000.0,,ACTIVE,D,RB,18,Portugal,Benfica
41024,Primeira Liga,Yanis Begraoui,EUR,9231.0,600000.0,480000.0,2024-07-01,2028-06-30,2.0,960000.0,,ACTIVE,F,CF,25,Morocco,Estoril
41025,Primeira Liga,Miguel Baeza,EUR,9231.0,600000.0,480000.0,2024-07-16,2027-06-30,1.0,480000.0,,ACTIVE,F,AM,26,Spain,Nacional
41026,Primeira Liga,Lucas França,EUR,9231.0,600000.0,480000.0,2026-07-22,2028-06-30,2.0,960000.0,,ACTIVE,K,GK,30,Brazil,Santa Clara
41027,Primeira Liga,Ricard Sánchez,EUR,9231.0,600000.0,480000.0,2025-08-12,2027-06-30,1.0,480000.0,,ACTIVE,D,RB,26,Spain,Estoril
41028,Primeira Liga,Jesse Derry,EUR,9231.0,600000.0,480000.0,2026-07-11,2027-06-30,1.0,480000.0,,LOAN,F,LW,19,England,Sporting Lisbon
41029,Primeira Liga,Sergio Bermejo,EUR,9231.0,600000.0,480000.0,2025-01-24,2027-06-30,1.0,480000.0,,ACTIVE,F,RW,29,Spain,Gil Vicente
41030,Primeira Liga,Flávio Gonçalves,EUR,9231.0,600000.0,480000.0,2025-07-15,2030-06-30,4.0,1920000.0,,ACTIVE,F,LW,19,Portugal,Sporting Lisbon
41031,Primeira Liga,Renato Marin,EUR,9231.0,600000.0,480000.0,2026-07-06,2027-06-30,1.0,480000.0,,LOAN,K,GK,20,Italy,Nacional
41032,Primeira Liga,Moncef Zekri,EUR,9231.0,600000.0,480000.0,2026-09-20,2031-06-30,5.0,2400000.0,,ACTIVE,D,LB,17,Morocco,Sporting Lisbon
41033,Primeira Liga,Bernardo,EUR,9231.0,600000.0,480000.0,2026-07-01,2030-06-30,4.0,1920000.0,,ACTIVE,K,GK,24,Brazil,Braga
41034,Primeira Liga,Diogo Nascimento,EUR,9231.0,600000.0,480000.0,2026-07-15,2027-06-30,1.0,480000.0,,LOAN,M,CM,23,Portugal,Rio Ave
41035,Primeira Liga,Finn van Breemen,EUR,9231.0,600000.0,480000.0,2026-07-01,2030-06-30,4.0,1920000.0,,ACTIVE,D,CB,23,Netherlands,Famalicao
41036,Primeira Liga,Roland Galcik,EUR,9231.0,600000.0,480000.0,2026-07-16,2030-06-30,4.0,1920000.0,,ACTIVE,F,RW,25,Slovakia,Rio Ave
41037,Primeira Liga,Gabri Martínez,EUR,9231.0,600000.0,480000.0,2024-07-01,2029-06-30,3.0,1440000.0,,ACTIVE,M,LM,23,Spain,Braga
41038,Primeira Liga,Gorby,EUR,9231.0,600000.0,480000.0,2024-12-10,2028-06-30,2.0,960000.0,,ACTIVE,M,CM,24,France,Braga
41039,Primeira Liga,Lovro Zvonarek,EUR,9231.0,600000.0,480000.0,2026-07-16,2029-06-30,3.0,1440000.0,,ACTIVE,F,AM,21,Croatia,Estrela Amadora
41040,Primeira Liga,Sergio Barcia,EUR,9231.0,600000.0,480000.0,2026-07-01,2030-06-30,4.0,1920000.0,,ACTIVE,D,CB,25,Spain,Braga
41041,Primeira Liga,Samuel,EUR,9231.0,600000.0,480000.0,2026-08-11,2028-06-30,2.0,960000.0,,ACTIVE,K,GK,32,Brazil,Gil Vicente
41042,Primeira Liga,Samuel Soares,EUR,9231.0,600000.0,480000.0,2022-10-06,2027-06-30,1.0,480000.0,,ACTIVE,K,GK,24,Portugal,Benfica
41043,Primeira Liga,João Simões,EUR,9231.0,600000.0,480000.0,2024-11-01,2030-06-30,4.0,1920000.0,,ACTIVE,M,CM,19,Portugal,Sporting Lisbon
41044,Primeira Liga,Abdu Conté,EUR,9231.0,600000.0,480000.0,2025-08-29,2028-06-30,2.0,960000.0,,ACTIVE,D,LB,28,Portugal,Casa Pia
41045,Primeira Liga,Anísio Cabral,EUR,9231.0,600000.0,480000.0,2026-02-16,2031-06-30,5.0,2400000.0,80000000.0,ACTIVE,F,CF,18,Portugal,Benfica
41046,Primeira Liga,Brandon Aguilera,EUR,8654.0,560000.0,450000.0,2024-07-02,2027-06-30,1.0,450000.0,,ACTIVE,M,CM,23,Costa Rica,Rio Ave
41047,Primeira Liga,Vivaldo Semedo,EUR,8654.0,560000.0,450000.0,2026-07-16,2027-06-30,1.0,450000.0,,LOAN,F,CF,21,Portugal,Alverca
41048,Primeira Liga,Cassiano,EUR,8654.0,560000.0,450000.0,2026-06-24,2028-06-30,2.0,900000.0,,ACTIVE,F,CF,37,Brazil,Casa Pia
41049,Primeira Liga,Allen Obando,EUR,8269.0,490000.0,430000.0,2026-08-13,2027-06-30,1.0,430000.0,,LOAN,F,CF,20,Ecuador,Nacional
41050,Primeira Liga,Rafik Guitane,EUR,8077.0,530000.0,420000.0,2023-07-23,2027-06-30,1.0,420000.0,,ACTIVE,F,RW,27,Algeria,Estoril
41051,Primeira Liga,Alioune Ndoye,EUR,8077.0,530000.0,420000.0,2025-08-04,2029-06-30,3.0,1260000.0,,ACTIVE,F,CF,24,Senegal,Vitoria SC
41052,Primeira Liga,Nelson Abbey,EUR,7692.0,500000.0,400000.0,2025-07-01,2028-06-30,2.0,800000.0,,ACTIVE,D,CB,23,England,Rio Ave
41053,Primeira Liga,Gustavo Mancha,EUR,7692.0,500000.0,400000.0,2026-02-02,2027-06-30,1.0,400000.0,,LOAN,D,CB,22,Brazil,Rio Ave
41054,Primeira Liga,Bernardo Schappo,EUR,7308.0,480000.0,380000.0,2025-07-09,2028-06-30,2.0,760000.0,,ACTIVE,D,CB,27,Brazil,Estrela Amadora
41055,Primeira Liga,Javi Sánchez,EUR,7308.0,480000.0,380000.0,2026-01-05,2027-06-30,1.0,380000.0,,ACTIVE,D,CB,29,Spain,Arouca
41056,Primeira Liga,Stelios Andreou,EUR,7308.0,480000.0,380000.0,2026-08-06,2027-06-30,1.0,380000.0,,LOAN,D,CB,24,Cyprus,Estoril
41057,Primeira Liga,Héctor Hernández,EUR,7308.0,480000.0,380000.0,2026-01-27,2027-06-30,1.0,380000.0,,ACTIVE,F,CF,30,Spain,Gil Vicente
41058,Primeira Liga,Mario Climent,EUR,7308.0,480000.0,380000.0,2026-08-03,2028-06-30,2.0,760000.0,,ACTIVE,D,LB,24,Spain,Arouca
41059,Primeira Liga,Joelson Fernandes,EUR,7308.0,480000.0,380000.0,2025-08-30,2029-06-30,3.0,1140000.0,,ACTIVE,F,LW,23,Portugal,Gil Vicente
41060,Primeira Liga,Vinícius Lopes,EUR,7308.0,480000.0,380000.0,2024-07-02,2028-06-30,2.0,760000.0,,ACTIVE,F,RW,27,Brazil,Santa Clara
41061,Primeira Liga,Diogo Prioste,EUR,7308.0,480000.0,380000.0,2026-07-03,2027-06-30,1.0,380000.0,,LOAN,M,CM,22,Portugal,Gil Vicente
41062,Primeira Liga,Naïs Djouahra,EUR,7308.0,480000.0,380000.0,2025-07-02,2027-06-30,1.0,380000.0,,ACTIVE,F,LW,26,France,Arouca
41063,Primeira Liga,Orest Lebedenko,EUR,7308.0,480000.0,380000.0,2026-08-07,2028-06-30,2.0,760000.0,,ACTIVE,D,LB,27,Ukraine,Arouca
41064,Primeira Liga,Pablo Gozálbez,EUR,7308.0,480000.0,380000.0,2026-06-16,2029-06-30,3.0,1140000.0,,ACTIVE,F,AM,25,Spain,Arouca
41065,Primeira Liga,Fally Mayulu,EUR,7308.0,480000.0,380000.0,2026-02-02,2029-06-30,3.0,1140000.0,,ACTIVE,F,CF,24,France,Arouca
41066,Primeira Liga,Tiago Ribeiro,EUR,7308.0,480000.0,380000.0,2026-07-03,2029-06-30,3.0,1140000.0,,ACTIVE,M,CM,24,Portugal,Santa Clara
41067,Primeira Liga,Santi García,EUR,7308.0,480000.0,380000.0,2025-11-10,2028-06-30,2.0,760000.0,,ACTIVE,F,AM,25,Spain,Gil Vicente
41068,Primeira Liga,Zé Rafael,EUR,7308.0,480000.0,380000.0,2026-08-24,2027-06-30,1.0,380000.0,,ACTIVE,M,CM,33,Brazil,Alverca
41069,Primeira Liga,Gabriel Índio,EUR,7308.0,480000.0,380000.0,2026-07-28,2031-06-30,5.0,1900000.0,,ACTIVE,D,CB,18,Brazil,Benfica
41070,Primeira Liga,André Vidigal,EUR,7308.0,480000.0,380000.0,2026-08-21,2029-06-30,3.0,1140000.0,,ACTIVE,F,LW,28,Angola,Alverca
41071,Primeira Liga,Yellu Santiago,EUR,7308.0,480000.0,380000.0,2026-07-31,2027-06-30,1.0,380000.0,,LOAN,M,CM,22,Spain,Marítimo
41072,Primeira Liga,Emanuel Moreira,EUR,7308.0,480000.0,380000.0,2026-07-01,2029-06-30,3.0,1140000.0,,ACTIVE,D,CB,23,Portugal,Santa Clara
41073,Primeira Liga,André Ferreira,EUR,7308.0,480000.0,380000.0,2025-07-21,2028-06-30,2.0,760000.0,,ACTIVE,K,GK,30,Portugal,Moreirense
41074,Primeira Liga,José Neto,EUR,7308.0,480000.0,380000.0,2026-04-24,2031-06-30,5.0,1900000.0,,ACTIVE,D,LB,18,Portugal,Benfica
41075,Primeira Liga,Djé,EUR,7308.0,480000.0,380000.0,2025-07-01,2030-06-30,4.0,1520000.0,,ACTIVE,M,CM,23,Cape Verde,Santa Clara
41076,Primeira Liga,Dani Borges,EUR,7308.0,480000.0,380000.0,2024-01-31,2030-06-30,4.0,1520000.0,,ACTIVE,M,DM,23,Brazil,Santa Clara
41077,Primeira Liga,Kiko Bondoso,EUR,7308.0,480000.0,380000.0,2025-07-01,2027-06-30,1.0,380000.0,,ACTIVE,F,LW,30,Portugal,Moreirense
41078,Primeira Liga,Samy Jr Merheg,EUR,7308.0,480000.0,380000.0,2026-07-18,2029-06-30,3.0,1140000.0,,ACTIVE,F,CF,19,Lebanon,Alverca
41079,Primeira Liga,Gustavo Silva,EUR,7308.0,480000.0,380000.0,2024-08-07,2028-06-30,2.0,760000.0,,ACTIVE,F,RW,27,Brazil,Vitoria SC
41080,Primeira Liga,Tamble,EUR,7308.0,480000.0,380000.0,2026-02-02,2030-06-30,4.0,1520000.0,,ACTIVE,F,CF,25,Guinea-Bissau,Rio Ave
41081,Primeira Liga,Tamás Nikitscher,EUR,7308.0,480000.0,380000.0,2025-09-01,2029-06-30,3.0,1140000.0,,ACTIVE,M,DM,26,Hungary,Rio Ave
41082,Primeira Liga,Lohann Doucet,EUR,7308.0,480000.0,380000.0,2026-07-14,2029-06-30,3.0,1140000.0,,ACTIVE,M,DM,23,Burkina Faso,Vitoria SC
41083,Primeira Liga,Malik Sellouki,EUR,7308.0,480000.0,380000.0,2026-08-26,2029-06-30,3.0,1140000.0,,ACTIVE,F,AM,26,France,Rio Ave
41084,Primeira Liga,Pedro Bondo,EUR,7308.0,480000.0,380000.0,2025-01-21,2029-06-30,3.0,1140000.0,,ACTIVE,D,LB,21,Angola,Famalicao
41085,Primeira Liga,Paulo Moreira,EUR,7308.0,480000.0,380000.0,2026-07-01,2029-06-30,3.0,1140000.0,,ACTIVE,M,CM,26,Portugal,Famalicao
41086,Primeira Liga,Jalen Blesa,EUR,7308.0,480000.0,380000.0,2026-02-02,2030-06-30,4.0,1520000.0,,ACTIVE,F,CF,25,Spain,Rio Ave
41087,Primeira Liga,Filipe Soares,EUR,7308.0,480000.0,380000.0,2025-07-22,2027-06-30,1.0,380000.0,,ACTIVE,F,AM,27,Portugal,Nacional
41088,Primeira Liga,Mathias de Amorim,EUR,7308.0,480000.0,380000.0,2024-08-08,2028-06-30,2.0,760000.0,,ACTIVE,M,CM,21,Portugal,Famalicao
41089,Primeira Liga,Mario Dorgeles,EUR,7308.0,480000.0,380000.0,2025-07-04,2030-06-30,4.0,1520000.0,,ACTIVE,M,RM,22,Cote d'Ivoire,Braga
41090,Primeira Liga,Lazar Carević,EUR,7308.0,480000.0,380000.0,2024-08-21,2028-06-30,2.0,760000.0,,ACTIVE,K,GK,27,Montenegro,Famalicao
41091,Primeira Liga,Liziero,EUR,7308.0,480000.0,380000.0,2025-07-25,2028-06-30,2.0,760000.0,,ACTIVE,M,CM,28,Brazil,Nacional
41092,Primeira Liga,André Clóvis,EUR,7308.0,480000.0,380000.0,2023-07-01,2028-06-30,2.0,760000.0,,ACTIVE,F,CF,28,Brazil,Academico Viseu
41093,Primeira Liga,Matchoi Djaló,EUR,7308.0,480000.0,380000.0,2026-08-13,2027-06-30,1.0,380000.0,,ACTIVE,F,AM,23,Portugal,Nacional
41094,Primeira Liga,Gustavo Garcia,EUR,7308.0,480000.0,380000.0,2025-07-06,2029-06-30,3.0,1140000.0,,ACTIVE,D,RB,24,Brazil,Famalicao
41095,Primeira Liga,Matheus Dias,EUR,7308.0,480000.0,380000.0,2025-07-11,2030-06-30,4.0,1520000.0,,ACTIVE,M,DM,24,Brazil,Nacional
41096,Primeira Liga,André Gomes,EUR,7308.0,480000.0,380000.0,2026-07-20,2030-06-30,4.0,1520000.0,,ACTIVE,K,GK,21,Portugal,Casa Pia
41097,Primeira Liga,David Sousa,EUR,7308.0,480000.0,380000.0,2025-08-07,2028-06-30,2.0,760000.0,,ACTIVE,D,CB,25,Brazil,Casa Pia
41098,Primeira Liga,Evans Maurin,EUR,7308.0,480000.0,380000.0,2026-08-29,2029-06-30,3.0,1140000.0,,ACTIVE,F,CF,25,France,Casa Pia
41099,Primeira Liga,William Kokolo,EUR,7308.0,480000.0,380000.0,2026-08-20,2027-06-30,1.0,380000.0,,LOAN,M,LM,26,France,Nacional
41100,Primeira Liga,Cezary Miszta,EUR,7308.0,480000.0,380000.0,2024-07-01,2027-06-30,1.0,380000.0,,ACTIVE,K,GK,24,Poland,Rio Ave
41101,Primeira Liga,Dario Špikić,EUR,7308.0,480000.0,380000.0,2025-08-15,2028-06-30,2.0,760000.0,,ACTIVE,F,RW,27,Croatia,Rio Ave
41102,Primeira Liga,Kaique Rocha,EUR,7308.0,480000.0,380000.0,2025-07-28,2028-06-30,2.0,760000.0,,ACTIVE,D,CB,25,Brazil,Casa Pia
41103,Primeira Liga,Lawrence Ofori,EUR,7308.0,480000.0,380000.0,2026-01-18,2027-06-30,1.0,380000.0,,ACTIVE,M,CM,28,Ghana,Casa Pia
41104,Primeira Liga,Martim Fernandes,EUR,7308.0,480000.0,380000.0,2025-08-25,2030-06-30,4.0,1520000.0,,ACTIVE,D,RB,20,Portugal,Porto
41105,Primeira Liga,Patrick Sequeira,EUR,7308.0,480000.0,380000.0,2024-07-25,2027-06-30,1.0,380000.0,,ACTIVE,K,GK,27,Costa Rica,Casa Pia
41106,Primeira Liga,André Lacximicant,EUR,7308.0,480000.0,380000.0,2024-07-25,2028-06-30,2.0,760000.0,,ACTIVE,F,LW,25,Portugal,Estoril
41107,Primeira Liga,Antef Tsoungui,EUR,7308.0,480000.0,380000.0,2025-09-01,2029-06-30,3.0,1140000.0,,ACTIVE,M,DM,23,Belgium,Estoril
41108,Primeira Liga,Rafa Soares,EUR,7308.0,480000.0,380000.0,2026-07-23,2028-06-30,2.0,760000.0,,ACTIVE,D,LB,31,Portugal,Estrela Amadora
41109,Primeira Liga,Samu,EUR,7308.0,480000.0,380000.0,2024-07-01,2027-06-30,1.0,380000.0,,ACTIVE,F,AM,30,Portugal,Vitoria SC
41110,Primeira Liga,Fernando Medrano,EUR,7308.0,480000.0,380000.0,2026-07-01,2028-06-30,2.0,760000.0,,ACTIVE,D,LB,26,Spain,Estoril
41111,Primeira Liga,Ferro,EUR,7308.0,480000.0,380000.0,2025-07-31,2027-06-30,1.0,380000.0,,ACTIVE,D,CB,29,Portugal,Estoril
41112,Primeira Liga,Léo Linck,EUR,7308.0,480000.0,380000.0,2026-07-21,2027-06-30,1.0,380000.0,,LOAN,K,GK,25,Brazil,Estrela Amadora
41113,Primeira Liga,Duarte Cunha,EUR,7308.0,480000.0,380000.0,2026-05-08,2031-06-30,5.0,1900000.0,,ACTIVE,F,RW,18,Portugal,Porto
41114,Primeira Liga,Dominik Prpić,EUR,7308.0,480000.0,380000.0,2025-07-10,2030-06-30,4.0,1520000.0,,ACTIVE,D,CB,22,Croatia,Porto
41115,Primeira Liga,Jeremy Arévalo,EUR,7308.0,480000.0,380000.0,2026-09-04,2027-06-30,1.0,380000.0,,LOAN,F,CF,21,Ecuador,Estrela Amadora
41116,Primeira Liga,Milan Robin,EUR,7308.0,480000.0,380000.0,2026-09-04,2029-06-30,3.0,1140000.0,,ACTIVE,M,CM,26,France,Estoril
41117,Primeira Liga,Mohamed Bouldini,EUR,6731.0,440000.0,350000.0,2026-08-05,2027-06-30,1.0,350000.0,,ACTIVE,F,CF,30,Morocco,Academico Viseu
41118,Primeira Liga,Diogo Bezerra,EUR,6731.0,440000.0,350000.0,2026-01-13,2030-06-30,4.0,1400000.0,,ACTIVE,F,RW,24,Brazil,Rio Ave
41119,Primeira Liga,Andreas Ntoi,EUR,6731.0,440000.0,350000.0,2025-07-01,2028-06-30,2.0,700000.0,,ACTIVE,D,CB,23,Greece,Rio Ave
41120,Primeira Liga,Víctor Gómez,EUR,6731.0,440000.0,350000.0,2023-07-01,2028-06-30,2.0,700000.0,,ACTIVE,D,RB,26,Spain,Braga
41121,Primeira Liga,Luís Silva,EUR,6731.0,440000.0,350000.0,2025-06-25,2027-06-30,1.0,350000.0,,ACTIVE,M,CM,33,Portugal,Academico Viseu
41122,Primeira Liga,Nikolaos Michelis,EUR,6731.0,440000.0,350000.0,2024-08-15,2028-06-30,2.0,700000.0,,ACTIVE,D,CB,25,Greece,Academico Viseu
41123,Primeira Liga,Pedro Barcelos,EUR,6731.0,440000.0,350000.0,2025-07-08,2027-06-30,1.0,350000.0,,ACTIVE,D,CB,30,Brazil,Academico Viseu
41124,Primeira Liga,Robinho,EUR,6731.0,440000.0,350000.0,2025-07-09,2027-06-30,1.0,350000.0,,ACTIVE,D,RB,29,Portugal,Academico Viseu
41125,Primeira Liga,Soufiane Messeguem,EUR,6731.0,440000.0,350000.0,2025-05-30,2028-06-30,2.0,700000.0,,ACTIVE,M,CM,25,Germany,Academico Viseu
41126,Primeira Liga,Adrián Butzke,EUR,6731.0,440000.0,350000.0,2025-09-01,2027-06-30,1.0,350000.0,,ACTIVE,F,CF,27,Spain,Marítimo
41127,Primeira Liga,Gábor Szalai,EUR,6731.0,440000.0,350000.0,2026-07-24,2027-06-30,1.0,350000.0,,LOAN,D,CB,26,Hungary,Marítimo
41128,Primeira Liga,Igor Julião,EUR,6731.0,440000.0,350000.0,2024-09-18,2027-06-30,1.0,350000.0,,ACTIVE,D,RB,32,Brazil,Marítimo
41129,Primeira Liga,Valery Fernández,EUR,6731.0,440000.0,350000.0,2026-09-01,2027-06-30,1.0,350000.0,,ACTIVE,F,RW,26,Spain,Academico Viseu
41130,Primeira Liga,Raphael Guzzo,EUR,6731.0,440000.0,350000.0,2025-08-13,2027-06-30,1.0,350000.0,,ACTIVE,M,CM,31,Portugal,Marítimo
41131,Primeira Liga,Romain Correia,EUR,6731.0,440000.0,350000.0,2025-05-26,2027-06-30,1.0,350000.0,,ACTIVE,D,CB,27,Portugal,Marítimo
41132,Primeira Liga,Simo Bouzaidi,EUR,6731.0,440000.0,350000.0,2025-08-14,2028-06-30,2.0,700000.0,,ACTIVE,F,LW,26,Morocco,Marítimo
41133,Primeira Liga,Vladan Danilović,EUR,6731.0,440000.0,350000.0,2024-08-27,2027-06-30,1.0,350000.0,,ACTIVE,M,DM,27,Bosnia-Herzegovina,Marítimo
41134,Primeira Liga,Gonçalo Paciência,EUR,6731.0,440000.0,350000.0,2026-05-14,2028-06-30,2.0,700000.0,,ACTIVE,F,CF,32,Portugal,Santa Clara
41135,Primeira Liga,Brenner,EUR,6731.0,440000.0,350000.0,2025-07-01,2028-06-30,2.0,700000.0,,ACTIVE,F,RW,24,Brazil,Santa Clara
41136,Primeira Liga,Vítor Hugo,EUR,6731.0,440000.0,350000.0,2026-09-04,2030-06-30,4.0,1400000.0,,ACTIVE,K,GK,25,Brazil,Rio Ave
41137,Primeira Liga,Kiko,EUR,6731.0,440000.0,350000.0,2025-07-02,2029-06-30,3.0,1050000.0,,ACTIVE,D,LB,24,Portugal,Moreirense
41138,Primeira Liga,Leandro Santos,EUR,6731.0,440000.0,350000.0,2026-01-23,2030-06-30,4.0,1400000.0,,ACTIVE,D,RB,20,Portugal,Moreirense
41139,Primeira Liga,Simón García,EUR,6731.0,440000.0,350000.0,2026-09-04,2031-06-30,5.0,1750000.0,,ACTIVE,D,CB,21,Colombia,Rio Ave
41140,Primeira Liga,Kevin Chamorro,EUR,6731.0,440000.0,350000.0,2025-07-21,2029-06-30,3.0,1050000.0,,ACTIVE,K,GK,26,Costa Rica,Rio Ave
41141,Primeira Liga,Sikou Niakaté,EUR,6538.0,430000.0,340000.0,2023-07-01,2028-06-30,2.0,680000.0,,ACTIVE,D,CB,27,Mali,Braga
41142,Primeira Liga,Alfonso Pastor,EUR,6154.0,400000.0,320000.0,2026-02-02,2027-06-30,1.0,320000.0,,ACTIVE,K,GK,25,Spain,Marítimo
41143,Primeira Liga,Paulo Henrique,EUR,6154.0,400000.0,320000.0,2025-07-01,2027-06-30,1.0,320000.0,,ACTIVE,D,LB,29,Portugal,Marítimo
41144,Primeira Liga,Maxime Dominguez,EUR,6154.0,400000.0,320000.0,2026-07-01,2027-06-30,1.0,320000.0,,ACTIVE,F,AM,30,Switzerland,Marítimo
41145,Primeira Liga,Pedro Pacheco,EUR,5769.0,380000.0,300000.0,2024-10-07,2028-06-30,2.0,600000.0,,ACTIVE,D,CB,29,Portugal,Santa Clara
41146,Primeira Liga,Oliwier Zych,EUR,5769.0,380000.0,300000.0,2026-07-15,2027-06-30,1.0,300000.0,,LOAN,K,GK,22,Poland,Vitoria SC
41147,Primeira Liga,Pedro Santos,EUR,5769.0,380000.0,300000.0,2025-07-11,2028-06-30,2.0,600000.0,,ACTIVE,F,RW,23,Portugal,Famalicao
41148,Primeira Liga,Rodrigo Pinheiro,EUR,5769.0,380000.0,300000.0,2024-07-01,2028-06-30,2.0,600000.0,,ACTIVE,D,RB,24,Portugal,Famalicao
41149,Primeira Liga,Sebastián Pérez,EUR,5769.0,380000.0,300000.0,2025-07-30,2027-06-30,1.0,300000.0,,ACTIVE,M,DM,33,Colombia,Casa Pia
41150,Primeira Liga,João Mendes,EUR,5769.0,380000.0,300000.0,2024-07-01,2028-06-30,2.0,600000.0,,ACTIVE,D,LB,26,Portugal,Vitoria SC
41151,Primeira Liga,Taichi Fukui,EUR,5769.0,380000.0,300000.0,2025-02-03,2028-06-30,2.0,600000.0,,ACTIVE,M,CM,22,Japan,Arouca
41152,Primeira Liga,Maga,EUR,5769.0,380000.0,300000.0,2023-03-23,2027-06-30,1.0,300000.0,,ACTIVE,D,RB,23,Portugal,Vitoria SC
41153,Primeira Liga,Georgios Liavas,EUR,5769.0,380000.0,300000.0,2025-08-12,2029-06-30,3.0,900000.0,,ACTIVE,M,DM,25,Greece,Rio Ave
41154,Primeira Liga,Alanzinho,EUR,5769.0,380000.0,300000.0,2026-09-04,2028-06-30,2.0,600000.0,,ACTIVE,F,AM,26,Brazil,Vitoria SC
41155,Primeira Liga,Miguel Ángel Brau,EUR,5769.0,380000.0,300000.0,2026-08-28,2027-06-30,1.0,300000.0,,LOAN,D,LB,24,Spain,Academico Viseu
41156,Primeira Liga,Luan Patrick,EUR,5769.0,380000.0,300000.0,2025-07-10,2028-06-30,2.0,600000.0,,ACTIVE,D,CB,24,Brazil,Estrela Amadora
41157,Primeira Liga,Stefan Lekovic,EUR,5769.0,380000.0,300000.0,2026-07-01,2029-06-30,3.0,900000.0,,ACTIVE,D,CB,22,Serbia,Estrela Amadora
41158,Primeira Liga,Tiago Sá,EUR,5769.0,380000.0,300000.0,2023-06-29,2027-06-30,1.0,300000.0,,ACTIVE,K,GK,31,Portugal,Braga
41159,Primeira Liga,Beni,EUR,5769.0,380000.0,300000.0,2025-02-03,2029-06-30,3.0,900000.0,,ACTIVE,M,CM,24,Angola,Vitoria SC
41160,Primeira Liga,Jordan Holsgrove,EUR,5769.0,380000.0,300000.0,2024-08-13,2028-06-30,2.0,600000.0,,ACTIVE,M,DM,26,Scotland,Estoril
41161,Primeira Liga,Maracás,EUR,5769.0,380000.0,300000.0,2023-07-01,2029-06-30,3.0,900000.0,,ACTIVE,D,CB,32,Brazil,Moreirense
41162,Primeira Liga,Boris Popović,EUR,5769.0,380000.0,300000.0,2025-07-01,2028-06-30,2.0,600000.0,,ACTIVE,D,CB,26,Serbia,Arouca
41163,Primeira Liga,Martín Tejón,EUR,5577.0,360000.0,290000.0,2025-07-15,2027-06-30,1.0,290000.0,,ACTIVE,F,LW,22,Spain,Marítimo
41164,Primeira Liga,Fran Vieites,EUR,5577.0,360000.0,290000.0,2026-08-09,2028-06-30,2.0,580000.0,,ACTIVE,K,GK,27,Spain,Marítimo
41165,Primeira Liga,Tomás Domingos,EUR,5577.0,360000.0,290000.0,2025-07-01,2027-06-30,1.0,290000.0,,ACTIVE,D,RB,27,Portugal,Academico Viseu
41166,Primeira Liga,Cihan Kahraman,EUR,5577.0,360000.0,290000.0,2023-09-01,2027-06-30,1.0,290000.0,,ACTIVE,F,AM,27,Turkey,Academico Viseu
41167,Primeira Liga,Cristian Ferreira,EUR,5577.0,360000.0,290000.0,2026-07-07,2027-06-30,1.0,290000.0,,ACTIVE,M,CM,26,Argentina,Academico Viseu
41168,Primeira Liga,Dawda Camara,EUR,5577.0,360000.0,290000.0,2026-09-01,2030-06-30,4.0,1160000.0,,ACTIVE,F,CF,23,Mauritania,Alverca
41169,Primeira Liga,Juan Soriano,EUR,5577.0,360000.0,290000.0,2026-08-19,2028-06-30,2.0,580000.0,,ACTIVE,K,GK,29,Spain,Academico Viseu
41170,Primeira Liga,Anthony Correia,EUR,5577.0,360000.0,290000.0,2025-07-01,2027-06-30,1.0,290000.0,,ACTIVE,D,CB,27,France,Academico Viseu
41171,Primeira Liga,Hugo Gambor,EUR,5577.0,360000.0,290000.0,2026-09-04,2027-06-30,1.0,290000.0,,ACTIVE,D,CB,23,Central African Republic,Academico Viseu
41172,Primeira Liga,João Carvalho,EUR,5577.0,360000.0,290000.0,2025-01-01,2028-06-30,2.0,580000.0,,ACTIVE,K,GK,22,Portugal,Braga
41173,Primeira Liga,João Guilherme,EUR,5577.0,360000.0,290000.0,2026-07-10,2029-06-30,3.0,870000.0,,ACTIVE,F,RW,25,Brazil,Academico Viseu
41174,Primeira Liga,Nathanael Ogbeta,EUR,5577.0,360000.0,290000.0,2026-07-13,2028-06-30,2.0,580000.0,,ACTIVE,D,LB,25,England,Marítimo
41175,Primeira Liga,Mons Bassouamina,EUR,5577.0,360000.0,290000.0,2026-09-03,2027-06-30,1.0,290000.0,,ACTIVE,F,CF,28,Congo,Marítimo
41176,Primeira Liga,Nils Mortimer,EUR,5577.0,360000.0,290000.0,2025-05-30,2028-06-30,2.0,580000.0,,ACTIVE,F,RW,25,Spain,Academico Viseu
41177,Primeira Liga,JP,EUR,5577.0,360000.0,290000.0,2026-08-19,2030-06-30,4.0,1160000.0,,ACTIVE,M,CM,21,Brazil,Casa Pia
41178,Primeira Liga,Matija Mitrović,EUR,5385.0,350000.0,280000.0,2025-07-01,2029-06-30,3.0,840000.0,,ACTIVE,M,CM,21,Serbia,Vitoria SC
41179,Primeira Liga,Axel Camblan,EUR,5385.0,350000.0,280000.0,2026-09-03,2029-06-30,3.0,840000.0,,ACTIVE,F,RW,23,France,Estoril
41180,Primeira Liga,André Geraldes,EUR,5385.0,350000.0,280000.0,2025-02-08,2027-06-30,1.0,280000.0,,ACTIVE,D,RB,35,Portugal,Casa Pia
41181,Primeira Liga,Alassana Jatta,EUR,5385.0,350000.0,280000.0,2026-07-29,2030-06-30,4.0,1120000.0,,ACTIVE,F,CF,27,The Gambia,Casa Pia
41182,Primeira Liga,Leonardo Realpe,EUR,5385.0,350000.0,280000.0,2025-07-01,2029-06-30,3.0,840000.0,,ACTIVE,D,CB,25,Ecuador,Famalicao
41183,Primeira Liga,Marcos Peña,EUR,5385.0,350000.0,280000.0,2025-08-01,2029-06-30,3.0,840000.0,,ACTIVE,M,CM,21,Spain,Famalicao
41184,Primeira Liga,Víctor Rofino,EUR,5385.0,350000.0,280000.0,2026-08-31,2031-06-30,5.0,1400000.0,,ACTIVE,D,CB,24,Guinea-Bissau,Famalicao
41185,Primeira Liga,Agustín Moreira,EUR,5385.0,350000.0,280000.0,2026-07-01,2029-06-30,3.0,840000.0,,ACTIVE,F,RW,25,Uruguay,Gil Vicente
41186,Primeira Liga,Andreas Lausen,EUR,5385.0,350000.0,280000.0,2026-07-02,2030-06-30,4.0,1120000.0,,ACTIVE,M,CM,23,Denmark,Gil Vicente
41187,Primeira Liga,Vitinho,EUR,5385.0,350000.0,280000.0,2026-07-13,2029-06-30,3.0,840000.0,,ACTIVE,M,CM,22,Brazil,Santa Clara
41188,Primeira Liga,David Moreira,EUR,5385.0,350000.0,280000.0,2026-07-07,2029-06-30,3.0,840000.0,,ACTIVE,D,CB,22,Cape Verde,Gil Vicente
41189,Primeira Liga,Mateo Flores,EUR,5385.0,350000.0,280000.0,2026-07-01,2029-06-30,3.0,840000.0,,ACTIVE,M,CM,22,Spain,Arouca
41190,Primeira Liga,Vasconcelos,EUR,5385.0,350000.0,280000.0,2026-07-24,2029-06-30,3.0,840000.0,,ACTIVE,F,AM,21,Portugal,Santa Clara
41191,Primeira Liga,Ignacio de Arruabarrena,EUR,5385.0,350000.0,280000.0,2026-05-13,2028-06-30,2.0,560000.0,,ACTIVE,K,GK,29,Uruguay,Arouca
41192,Primeira Liga,Jonathan Buatu,EUR,5385.0,350000.0,280000.0,2025-07-24,2028-06-30,2.0,560000.0,,ACTIVE,D,CB,32,Angola,Gil Vicente
41193,Primeira Liga,Lucão,EUR,5385.0,350000.0,280000.0,2026-01-16,2028-06-30,2.0,560000.0,,ACTIVE,K,GK,25,Brazil,Gil Vicente
41194,Primeira Liga,Espen van Ee,EUR,5385.0,350000.0,280000.0,2025-08-31,2029-06-30,3.0,840000.0,,ACTIVE,M,CM,23,Netherlands,Arouca
41195,Primeira Liga,Marvin Elimbi,EUR,5385.0,350000.0,280000.0,2026-09-22,2029-06-30,3.0,840000.0,,ACTIVE,D,CB,23,France,Gil Vicente
41196,Primeira Liga,Murilo de Souza,EUR,5385.0,350000.0,280000.0,2026-03-11,2028-06-30,2.0,560000.0,,ACTIVE,F,RW,31,Brazil,Gil Vicente
41197,Primeira Liga,Ahmed Sidibé,EUR,5385.0,350000.0,280000.0,2026-08-06,2027-06-30,1.0,280000.0,,LOAN,D,CB,24,France,Vitoria SC
41198,Primeira Liga,Brian Mansilla,EUR,5385.0,350000.0,280000.0,2025-07-01,2028-06-30,2.0,560000.0,,ACTIVE,F,LW,24,Uruguay,Arouca
41199,Primeira Liga,Walace França,EUR,5385.0,350000.0,280000.0,2026-07-06,2027-06-30,1.0,280000.0,,LOAN,F,CF,21,Brazil,Gil Vicente
41200,Primeira Liga,Weverson,EUR,5385.0,350000.0,280000.0,2026-01-29,2028-06-30,2.0,560000.0,,ACTIVE,D,LB,26,Brazil,Gil Vicente
41201,Primeira Liga,Léo Santos,EUR,5385.0,350000.0,280000.0,2024-08-27,2027-06-30,1.0,280000.0,,ACTIVE,D,CB,27,Brazil,Nacional
41202,Primeira Liga,Lucas Soares,EUR,5385.0,350000.0,280000.0,2023-07-06,2029-06-30,3.0,840000.0,,ACTIVE,D,RB,28,Brazil,Santa Clara
41203,Primeira Liga,Barbero,EUR,5385.0,350000.0,280000.0,2025-07-16,2027-06-30,1.0,280000.0,,ACTIVE,F,CF,28,Spain,Arouca
41204,Primeira Liga,Alfonso Trezza,EUR,5385.0,350000.0,280000.0,2023-08-16,2027-06-30,1.0,280000.0,,ACTIVE,F,RW,27,Uruguay,Arouca
41205,Primeira Liga,Guilherme Romão,EUR,5385.0,350000.0,280000.0,2026-01-31,2027-06-30,1.0,280000.0,,LOAN,D,LB,28,Brazil,Santa Clara
41206,Primeira Liga,Arnel Jakupovic,EUR,5385.0,350000.0,280000.0,2026-09-02,2029-06-30,3.0,840000.0,,ACTIVE,F,CF,28,Austria,Vitoria SC
41207,Primeira Liga,Gilberto Batista,EUR,5385.0,350000.0,280000.0,2026-09-04,2029-06-30,3.0,840000.0,,ACTIVE,D,CB,22,Guinea-Bissau,Moreirense
41208,Primeira Liga,João Veloso,EUR,5385.0,350000.0,280000.0,2026-07-13,2027-06-30,1.0,280000.0,,LOAN,M,CM,21,Portugal,Moreirense
41209,Primeira Liga,Wesley,EUR,5385.0,350000.0,280000.0,2026-07-22,2027-06-30,1.0,280000.0,,ACTIVE,D,RB,26,Brazil,Nacional
41210,Primeira Liga,Mateja Stjepanović,EUR,5385.0,350000.0,280000.0,2025-07-08,2029-06-30,3.0,840000.0,,ACTIVE,M,DM,22,Serbia,Moreirense
41211,Primeira Liga,Sebastian Clemmensen,EUR,5385.0,350000.0,280000.0,2026-09-03,2030-06-30,4.0,1120000.0,,ACTIVE,F,RW,23,Denmark,Rio Ave
41212,Primeira Liga,Ryan Guilherme,EUR,5385.0,350000.0,280000.0,2026-02-01,2030-06-30,4.0,1120000.0,,ACTIVE,M,CM,23,Brazil,Rio Ave
41213,Primeira Liga,Rodri Alonso,EUR,5385.0,350000.0,280000.0,2025-07-01,2028-06-30,2.0,560000.0,,ACTIVE,M,CM,23,Spain,Moreirense
41214,Primeira Liga,Radek Siler,EUR,5385.0,350000.0,280000.0,2026-09-04,2031-06-30,5.0,1400000.0,,ACTIVE,F,CF,21,Czech Republic,Rio Ave
41215,Primeira Liga,Juan Castillo,EUR,5385.0,350000.0,280000.0,2025-07-01,2029-06-30,3.0,840000.0,,ACTIVE,K,GK,23,Colombia,Vitoria SC
41216,Primeira Liga,Roko Jurisic,EUR,5385.0,350000.0,280000.0,2026-09-04,2029-06-30,3.0,840000.0,,ACTIVE,D,LB,24,Croatia,Estoril
41217,Primeira Liga,Nail Omerovic,EUR,5385.0,350000.0,280000.0,2026-09-04,2029-06-30,3.0,840000.0,,ACTIVE,F,LW,23,Bosnia-Herzegovina,Estoril
41218,Primeira Liga,Martin Turk,EUR,5385.0,350000.0,280000.0,2025-07-24,2028-06-30,2.0,560000.0,,ACTIVE,K,GK,23,Slovenia,Estoril
41219,Primeira Liga,Stavros Gavriel,EUR,5385.0,350000.0,280000.0,2026-07-02,2029-06-30,3.0,840000.0,,ACTIVE,F,RW,24,Cyprus,Nacional
41220,Primeira Liga,Ismael Sierra,EUR,5385.0,350000.0,280000.0,2024-08-17,2027-06-30,1.0,280000.0,,ACTIVE,D,CB,23,Spain,Estoril
41221,Primeira Liga,Gonçalo Costa,EUR,5385.0,350000.0,280000.0,2024-07-31,2028-06-30,2.0,560000.0,,ACTIVE,D,LB,26,Portugal,Estoril
41222,Primeira Liga,Diogo Pinto,EUR,4808.0,310000.0,250000.0,2025-07-01,2028-06-30,2.0,500000.0,,ACTIVE,K,GK,22,Portugal,Estrela Amadora
41223,Primeira Liga,Ivanildo Fernandes,EUR,4808.0,310000.0,250000.0,2025-01-22,2027-06-30,1.0,250000.0,,ACTIVE,D,CB,30,Cape Verde,Nacional
41224,Primeira Liga,Antonio Espigares,EUR,4808.0,310000.0,250000.0,2025-07-01,2029-06-30,3.0,750000.0,,ACTIVE,D,CB,22,Spain,Gil Vicente
41225,Primeira Liga,Gil Martins,EUR,4808.0,310000.0,250000.0,2026-02-02,2028-06-30,2.0,500000.0,,ACTIVE,F,AM,20,Portugal,Gil Vicente
41226,Primeira Liga,MT,EUR,4808.0,310000.0,250000.0,2024-07-01,2028-06-30,2.0,500000.0,,ACTIVE,D,CB,25,Brazil,Santa Clara
41227,Primeira Liga,Welinton Torrão,EUR,4808.0,310000.0,250000.0,2026-01-01,2028-06-30,2.0,500000.0,,ACTIVE,F,RW,27,Brazil,Santa Clara
41228,Primeira Liga,Ythallo,EUR,4808.0,310000.0,250000.0,2026-09-02,2029-06-30,3.0,750000.0,,ACTIVE,D,CB,22,Brazil,Santa Clara
41229,Primeira Liga,Pedro Santos,EUR,4615.0,300000.0,240000.0,2024-10-07,2028-06-30,2.0,480000.0,,ACTIVE,M,CM,25,Portugal,Arouca
41230,Primeira Liga,Henrique Silva,EUR,4615.0,300000.0,240000.0,2025-11-01,2027-06-30,1.0,240000.0,,ACTIVE,D,CB,20,Brazil,Santa Clara
41231,Primeira Liga,Léo Jacó,EUR,4615.0,300000.0,240000.0,2026-08-11,2030-06-30,4.0,960000.0,,ACTIVE,F,CF,21,Brazil,Santa Clara
41232,Primeira Liga,Abraham Marcus,EUR,4615.0,300000.0,240000.0,2025-07-08,2028-06-30,2.0,480000.0,,ACTIVE,F,RW,26,Nigeria,Estrela Amadora
41233,Primeira Liga,Xavi Sintes,EUR,4615.0,300000.0,240000.0,2026-08-26,2027-06-30,1.0,240000.0,,ACTIVE,D,CB,25,Spain,Estoril
41234,Primeira Liga,Afonso Duarte,EUR,4615.0,300000.0,240000.0,2026-07-16,2028-06-30,2.0,480000.0,,ACTIVE,F,LW,21,Portugal,Santa Clara
41235,Primeira Liga,Felipe Silva,EUR,4423.0,290000.0,230000.0,2026-09-04,2027-06-30,1.0,230000.0,,LOAN,D,CB,24,Brazil,Casa Pia
41236,Primeira Liga,Robinho,EUR,3846.0,250000.0,200000.0,2025-07-14,2028-06-30,2.0,400000.0,,ACTIVE,M,CM,24,Brazil,Estrela Amadora
41237,Primeira Liga,Daniel Jr,EUR,3846.0,250000.0,200000.0,2025-08-28,2030-06-30,4.0,800000.0,,ACTIVE,F,AM,24,Brazil,Nacional
41238,Primeira Liga,José Silva,EUR,3846.0,250000.0,200000.0,2026-07-07,2029-06-30,3.0,600000.0,,ACTIVE,D,RB,21,Portugal,Gil Vicente
41239,Primeira Liga,Fabio Blanco,EUR,3846.0,250000.0,200000.0,2025-07-01,2029-06-30,3.0,600000.0,,ACTIVE,F,LW,22,Spain,Vitoria SC
41240,Primeira Liga,Miguel Nogueira,EUR,3846.0,250000.0,200000.0,2026-06-03,2029-06-30,3.0,600000.0,,ACTIVE,F,RW,21,Portugal,Vitoria SC
41241,Primeira Liga,Miguel Puche,EUR,3846.0,250000.0,200000.0,2025-05-02,2028-06-30,2.0,400000.0,,ACTIVE,F,LW,25,Spain,Arouca
41242,Primeira Liga,Vojin Serafimovic,EUR,3846.0,250000.0,200000.0,2026-07-01,2031-06-30,5.0,1000000.0,,ACTIVE,D,CB,20,Serbia,Famalicao
41243,Primeira Liga,Dinis Pinto,EUR,3846.0,250000.0,200000.0,2025-08-02,2027-06-30,1.0,200000.0,,ACTIVE,D,RB,26,Portugal,Moreirense
41244,Primeira Liga,Tiago Parente,EUR,3846.0,250000.0,200000.0,2025-07-01,2029-06-30,3.0,600000.0,,ACTIVE,D,LB,22,Portugal,Estoril
41245,Primeira Liga,Guilherme Liberato,EUR,3846.0,250000.0,200000.0,2024-07-01,2028-06-30,2.0,400000.0,,ACTIVE,M,DM,25,Brazil,Moreirense
41246,Primeira Liga,Oumar Camara,EUR,3846.0,250000.0,200000.0,2025-07-01,2029-06-30,3.0,600000.0,,ACTIVE,F,LW,19,France,Vitoria SC
41247,Primeira Liga,Dylan Nandín,EUR,3846.0,250000.0,200000.0,2025-07-01,2028-06-30,2.0,400000.0,,ACTIVE,F,CF,24,Uruguay,Arouca
41248,Primeira Liga,Óscar Rivas,EUR,3846.0,250000.0,200000.0,2024-07-02,2028-06-30,2.0,400000.0,,ACTIVE,D,CB,26,Spain,Vitoria SC
41249,Primeira Liga,Patrick Ouotro,EUR,3846.0,250000.0,200000.0,2026-07-28,2030-06-30,4.0,800000.0,,ACTIVE,F,CF,20,Cote d'Ivoire,Vitoria SC
41250,Primeira Liga,Julien Lomboto,EUR,3846.0,250000.0,200000.0,2026-03-06,2029-06-30,3.0,600000.0,,ACTIVE,D,CB,24,France,Rio Ave
41251,Primeira Liga,Hyun-ju Lee,EUR,3846.0,250000.0,200000.0,2025-07-23,2028-06-30,2.0,400000.0,,ACTIVE,F,AM,23,South Korea,Arouca
41252,Primeira Liga,Enrique Peña Zauner,EUR,3654.0,240000.0,190000.0,2025-01-23,2027-06-30,1.0,190000.0,,ACTIVE,F,LW,26,Venezuela,Marítimo
41253,Primeira Liga,Lucas Mincarelli,EUR,3654.0,240000.0,190000.0,2026-07-31,2029-06-30,3.0,570000.0,,ACTIVE,D,LB,22,France,Estrela Amadora
41254,Primeira Liga,Igor Milioransa,EUR,3654.0,240000.0,190000.0,2024-03-27,2027-06-30,1.0,190000.0,,ACTIVE,D,LB,29,Brazil,Academico Viseu
41255,Primeira Liga,Jhonatan,EUR,3654.0,240000.0,190000.0,2026-07-23,2027-06-30,1.0,190000.0,,ACTIVE,K,GK,35,Brazil,Alverca
41256,Primeira Liga,Nilton Varela,EUR,3654.0,240000.0,190000.0,2026-08-26,2028-06-30,2.0,380000.0,,ACTIVE,D,LB,25,Portugal,Marítimo
41257,Primeira Liga,Ian Luccas,EUR,3654.0,240000.0,190000.0,2026-08-05,2030-06-30,4.0,760000.0,,ACTIVE,M,DM,23,Brazil,Alverca
41258,Primeira Liga,Samuel Bamba,EUR,3654.0,240000.0,190000.0,2026-07-30,2029-06-30,3.0,570000.0,,ACTIVE,F,RW,22,Germany,Marítimo
41259,Primeira Liga,Tomás Tavares,EUR,3654.0,240000.0,190000.0,2026-07-25,2029-06-30,3.0,570000.0,,ACTIVE,D,RB,25,Portugal,Marítimo
41260,Primeira Liga,Alexandre Parsemain,EUR,3654.0,240000.0,190000.0,2026-07-02,2030-06-30,4.0,760000.0,,ACTIVE,F,CF,23,Martinique,Moreirense
41261,Primeira Liga,Ewerton,EUR,3654.0,240000.0,190000.0,2026-07-23,2027-06-30,1.0,190000.0,,LOAN,K,GK,28,Brazil,Academico Viseu
41262,Primeira Liga,Leonardo Vonić,EUR,3654.0,240000.0,190000.0,2025-01-21,2028-06-30,2.0,380000.0,,INACTIVE,F,CF,23,Croatia,Porto
41263,Primeira Liga,André Ceitil,EUR,3654.0,240000.0,190000.0,2026-01-26,2027-06-30,1.0,190000.0,,ACTIVE,M,DM,31,Portugal,Academico Viseu
41264,Primeira Liga,Manuel Mendonça,EUR,3654.0,240000.0,190000.0,2026-08-21,2030-06-30,4.0,760000.0,,ACTIVE,F,AM,21,Portugal,Moreirense
41265,Primeira Liga,Paulinho,EUR,3654.0,240000.0,190000.0,2026-08-21,2027-06-30,1.0,190000.0,,LOAN,F,CF,26,Portugal,Academico Viseu
41266,Primeira Liga,René Mitongo,EUR,3654.0,240000.0,190000.0,2026-09-04,2027-06-30,1.0,190000.0,,LOAN,F,CF,18,Belgium,Estrela Amadora
41267,Primeira Liga,Marcos Lavín,EUR,3654.0,240000.0,190000.0,2026-07-08,2027-06-30,1.0,190000.0,,ACTIVE,K,GK,30,Spain,Academico Viseu
41268,Primeira Liga,Noah Raveyre,EUR,3654.0,240000.0,190000.0,2026-07-03,2030-06-30,4.0,760000.0,,ACTIVE,K,GK,21,France,Alverca
41269,Primeira Liga,Matheus Mendes,EUR,3654.0,240000.0,190000.0,2025-08-20,2028-06-30,2.0,380000.0,,ACTIVE,K,GK,27,Brazil,Alverca
41270,Primeira Liga,Bryan Limbombe,EUR,3654.0,240000.0,190000.0,2026-08-06,2028-06-30,2.0,380000.0,,ACTIVE,F,RW,25,Belgium,Marítimo
41271,Primeira Liga,Rúben Pereira,EUR,3654.0,240000.0,190000.0,2025-07-01,2027-06-30,1.0,190000.0,,ACTIVE,D,CB,28,Portugal,Academico Viseu
41272,Primeira Liga,Ibrahim Alani,EUR,3654.0,240000.0,190000.0,2026-08-12,2029-06-30,3.0,570000.0,,ACTIVE,M,CM,20,Nigeria,Marítimo
41273,Primeira Liga,Ulisses,EUR,3462.0,230000.0,180000.0,2024-07-16,2028-06-30,2.0,360000.0,,ACTIVE,D,CB,26,Brazil,Nacional
41274,Primeira Liga,Vitinho,EUR,3462.0,230000.0,180000.0,2026-02-02,2029-06-30,3.0,540000.0,,ACTIVE,F,RW,23,Brazil,Santa Clara
41275,Primeira Liga,Óscar Aranda,EUR,3462.0,230000.0,180000.0,2023-08-08,2028-06-30,2.0,360000.0,,ACTIVE,F,LW,24,Spain,Famalicao
41276,Primeira Liga,João Goulart,EUR,3462.0,230000.0,180000.0,2024-07-05,2027-06-30,1.0,180000.0,,ACTIVE,D,CB,26,Portugal,Casa Pia
41277,Primeira Liga,Pedro Jesus,EUR,3462.0,230000.0,180000.0,2024-07-14,2027-06-30,1.0,180000.0,,ACTIVE,F,AM,23,Portugal,Santa Clara
41278,Primeira Liga,Tom Moustier,EUR,3462.0,230000.0,180000.0,2026-01-20,2028-06-30,2.0,360000.0,,ACTIVE,M,CM,24,France,Estrela Amadora
41279,Primeira Liga,Sorriso,EUR,3462.0,230000.0,180000.0,2026-07-10,2029-06-30,3.0,540000.0,,ACTIVE,F,LW,20,Brazil,Santa Clara
41280,Primeira Liga,Ivan Zlobin,EUR,2885.0,190000.0,150000.0,2025-06-17,2027-06-30,1.0,150000.0,,ACTIVE,K,GK,29,Russia,Famalicao
41281,Primeira Liga,David Grilo,EUR,2885.0,190000.0,150000.0,2025-07-02,2028-06-30,2.0,300000.0,,ACTIVE,K,GK,30,Portugal,Estrela Amadora
41282,Primeira Liga,Leny Meyer,EUR,2885.0,190000.0,150000.0,2026-07-01,2030-06-30,4.0,600000.0,,ACTIVE,D,LB,22,Switzerland,Famalicao
41283,Primeira Liga,Tony Strata,EUR,2885.0,190000.0,150000.0,2025-08-27,2029-06-30,3.0,450000.0,,ACTIVE,D,RB,22,Romania,Vitoria SC
41284,Primeira Liga,Pato,EUR,2885.0,190000.0,150000.0,2026-09-02,2027-06-30,1.0,150000.0,,LOAN,F,CF,22,Mexico,Famalicao
41285,Primeira Liga,Gu Costa,EUR,2885.0,190000.0,150000.0,2025-07-01,2029-06-30,3.0,450000.0,,ACTIVE,D,LB,20,Portugal,Academico Viseu
41286,Primeira Liga,Rica Rocha,EUR,2885.0,190000.0,150000.0,2024-07-01,2028-06-30,2.0,300000.0,,ACTIVE,M,DM,23,Portugal,Vitoria SC
41287,Primeira Liga,Roméo Beney,EUR,2885.0,190000.0,150000.0,2025-07-25,2030-06-30,4.0,600000.0,,ACTIVE,F,LW,21,Switzerland,Famalicao
41288,Primeira Liga,Ianis Stoica,EUR,2885.0,190000.0,150000.0,2025-07-28,2028-06-30,2.0,300000.0,,ACTIVE,F,LW,23,Romania,Estrela Amadora
41289,Primeira Liga,Kevin Höög Jansson,EUR,2885.0,190000.0,150000.0,2026-01-01,2028-06-30,2.0,300000.0,,ACTIVE,M,DM,25,Sweden,Estrela Amadora
41290,Primeira Liga,Nile John,EUR,2885.0,190000.0,150000.0,2026-01-29,2029-06-30,3.0,450000.0,,ACTIVE,M,CM,23,England,Moreirense
41291,Primeira Liga,João Gonçalves,EUR,2885.0,190000.0,150000.0,2026-07-06,2028-06-30,2.0,300000.0,,ACTIVE,K,GK,25,Portugal,Nacional
41292,Primeira Liga,Pablo Ruan,EUR,2885.0,190000.0,150000.0,2025-07-02,2030-06-30,4.0,600000.0,,ACTIVE,F,RW,23,Brazil,Nacional
41293,Primeira Liga,Marco Cruz,EUR,2885.0,190000.0,150000.0,2024-07-01,2028-06-30,2.0,300000.0,,ACTIVE,M,CM,22,Portugal,Vitoria SC
41294,Primeira Liga,Gabriel Cabral,EUR,2885.0,190000.0,150000.0,2026-07-01,2029-06-30,3.0,450000.0,,ACTIVE,K,GK,23,Brazil,Famalicao
41295,Primeira Liga,Danel Dongmo,EUR,2885.0,190000.0,150000.0,2026-07-07,2029-06-30,3.0,450000.0,,ACTIVE,M,CM,25,Cameroon,Nacional
41296,Primeira Liga,Chissumba,EUR,2885.0,190000.0,150000.0,2025-08-13,2027-06-30,1.0,150000.0,,LOAN,D,LB,21,Portugal,Alverca
41297,Primeira Liga,Tidjany Touré,EUR,2885.0,190000.0,150000.0,2024-07-01,2027-06-30,1.0,150000.0,,ACTIVE,F,LW,24,France,Gil Vicente
41298,Primeira Liga,João Aragão,EUR,2308.0,150000.0,120000.0,2025-07-01,2027-06-30,1.0,120000.0,,ACTIVE,F,RW,18,Portugal,Braga
41299,Primeira Liga,Álvaro Zamora,EUR,2308.0,150000.0,120000.0,2026-07-09,2027-06-30,1.0,120000.0,,LOAN,F,LW,24,Costa Rica,Academico Viseu
41300,Primeira Liga,Lorougnon Gohi,EUR,2308.0,150000.0,120000.0,2026-07-03,2030-06-30,4.0,480000.0,,ACTIVE,F,LW,22,Cote d'Ivoire,Academico Viseu
41301,Primeira Liga,Davy Gui,EUR,2308.0,150000.0,120000.0,2026-09-19,2030-06-30,4.0,480000.0,,ACTIVE,M,CM,20,Cote d'Ivoire,Alverca
41302,Primeira Liga,Diogo Spencer,EUR,2308.0,150000.0,120000.0,2026-01-30,2028-06-30,2.0,240000.0,,ACTIVE,D,RB,22,Portugal,Alverca
41303,Primeira Liga,Figueiredo,EUR,2308.0,150000.0,120000.0,2025-09-01,2028-06-30,2.0,240000.0,,ACTIVE,F,LW,25,Brazil,Alverca
41304,Primeira Liga,Rayan Lucas,EUR,2308.0,150000.0,120000.0,2026-08-05,2030-06-30,4.0,480000.0,,ACTIVE,M,DM,21,Brazil,Alverca
41305,Primeira Liga,Sergi Gómez,EUR,2308.0,150000.0,120000.0,2025-08-07,2027-06-30,1.0,120000.0,,ACTIVE,D,CB,34,Spain,Alverca
41306,Primeira Liga,Toni Tamarit,EUR,2308.0,150000.0,120000.0,2026-07-04,2030-06-30,4.0,480000.0,,ACTIVE,D,RB,20,Spain,Alverca
41307,Primeira Liga,Vasco Moreira,EUR,2308.0,150000.0,120000.0,2026-01-13,2028-06-30,2.0,240000.0,,ACTIVE,M,DM,25,Portugal,Alverca
41308,Primeira Liga,Yaya Bojang,EUR,2308.0,150000.0,120000.0,2026-07-21,2030-06-30,4.0,480000.0,,ACTIVE,D,CB,21,The Gambia,Alverca
41309,Primeira Liga,Tiago Esgaio,EUR,2308.0,150000.0,120000.0,2024-07-01,2027-06-30,1.0,120000.0,,ACTIVE,D,RB,31,Portugal,Arouca
41310,Primeira Liga,Alejandro Mestanza,EUR,2308.0,150000.0,120000.0,2026-07-22,2029-06-30,3.0,360000.0,,ACTIVE,F,AM,21,Spain,Academico Viseu
41311,Primeira Liga,Jonatás Noro,EUR,2308.0,150000.0,120000.0,2026-07-01,2027-06-30,1.0,120000.0,,ACTIVE,D,CB,21,Portugal,Braga
41312,Primeira Liga,Benjamin Pauwels,EUR,2308.0,150000.0,120000.0,2026-08-28,2027-06-30,1.0,120000.0,,LOAN,F,LW,21,Belgium,Casa Pia
41313,Primeira Liga,Gabi,EUR,2308.0,150000.0,120000.0,2026-07-10,2029-06-30,3.0,360000.0,,ACTIVE,M,CM,26,Portugal,Casa Pia
41314,Primeira Liga,Mohamed Salah,EUR,2308.0,150000.0,120000.0,2026-09-04,2030-06-30,4.0,480000.0,,ACTIVE,F,RW,22,Belgium,Casa Pia
41315,Primeira Liga,Diogo Dias,EUR,2308.0,150000.0,120000.0,2026-07-02,2027-06-30,1.0,120000.0,,ACTIVE,K,GK,23,Portugal,Estoril
41316,Primeira Liga,Fabrício Garcia,EUR,2308.0,150000.0,120000.0,2024-04-05,2028-06-30,2.0,240000.0,,ACTIVE,F,RW,25,Cape Verde,Estoril
41317,Primeira Liga,Luís Gomes,EUR,2308.0,150000.0,120000.0,2026-07-01,2028-06-30,2.0,240000.0,,ACTIVE,F,AM,22,Portugal,Estoril
41318,Primeira Liga,Pedro Carvalho,EUR,2308.0,150000.0,120000.0,2024-07-24,2028-06-30,2.0,240000.0,,ACTIVE,D,RB,23,Portugal,Estoril
41319,Primeira Liga,Peixinho,EUR,2308.0,150000.0,120000.0,2026-01-01,2028-06-30,2.0,240000.0,,ACTIVE,F,RW,22,Portugal,Estoril
41320,Primeira Liga,Tiago Brito,EUR,2308.0,150000.0,120000.0,2025-07-01,2029-06-30,3.0,360000.0,,ACTIVE,M,DM,22,Portugal,Estoril
41321,Primeira Liga,Atanas Chernev,EUR,2308.0,150000.0,120000.0,2025-07-02,2028-06-30,2.0,240000.0,,ACTIVE,D,CB,24,Bulgaria,Estrela Amadora
41322,Primeira Liga,Max Scholze,EUR,2308.0,150000.0,120000.0,2026-01-28,2028-06-30,2.0,240000.0,,ACTIVE,D,RB,21,Germany,Estrela Amadora
41323,Primeira Liga,Mathis Jangéal,EUR,2308.0,150000.0,120000.0,2026-07-01,2031-06-30,5.0,600000.0,,ACTIVE,F,AM,18,France,Famalicao
41324,Primeira Liga,Bassco Soyer,EUR,2308.0,150000.0,120000.0,2026-07-01,2028-06-30,2.0,240000.0,,ACTIVE,F,AM,19,Peru,Gil Vicente
41325,Primeira Liga,Mohamed Kaba,EUR,2308.0,150000.0,120000.0,2026-07-01,2028-06-30,2.0,240000.0,,ACTIVE,F,CF,24,Mali,Gil Vicente
41326,Primeira Liga,Zé Carlos,EUR,2308.0,150000.0,120000.0,2025-07-23,2028-06-30,2.0,240000.0,,ACTIVE,M,CM,24,Portugal,Gil Vicente
41327,Primeira Liga,Gonçalo Tabuaço,EUR,2308.0,150000.0,120000.0,2024-07-05,2027-06-30,1.0,120000.0,,ACTIVE,K,GK,25,Portugal,Marítimo
41328,Primeira Liga,José Melro,EUR,2308.0,150000.0,120000.0,2026-02-02,2027-06-30,1.0,120000.0,,ACTIVE,F,CF,22,Portugal,Marítimo
41329,Primeira Liga,Rodri Andrade,EUR,2308.0,150000.0,120000.0,2024-07-01,2027-06-30,1.0,120000.0,,ACTIVE,M,DM,24,Portugal,Marítimo
41330,Primeira Liga,Joel Silva,EUR,2308.0,150000.0,120000.0,2025-07-30,2029-06-30,3.0,360000.0,,ACTIVE,M,CM,23,Portugal,Nacional
41331,Primeira Liga,José Gomes,EUR,2308.0,150000.0,120000.0,2024-07-05,2027-06-30,1.0,120000.0,,ACTIVE,D,LB,30,Portugal,Nacional
41332,Primeira Liga,Markus Jensen,EUR,2308.0,150000.0,120000.0,2026-07-19,2030-06-30,4.0,480000.0,,ACTIVE,F,LW,21,Denmark,Nacional
41333,Primeira Liga,Min-kyu Song,EUR,2308.0,150000.0,120000.0,2026-08-30,2027-06-30,1.0,120000.0,,ACTIVE,F,LW,26,South Korea,Nacional
41334,Primeira Liga,Njoya Abdel,EUR,2308.0,150000.0,120000.0,2026-09-04,2031-06-30,5.0,600000.0,,ACTIVE,F,CF,22,Cameroon,Nacional
41335,Primeira Liga,Zé Vítor,EUR,2308.0,150000.0,120000.0,2024-07-04,2027-06-30,1.0,120000.0,,ACTIVE,D,CB,25,Brazil,Nacional
41336,Primeira Liga,Caike,EUR,2308.0,150000.0,120000.0,2026-07-01,2027-06-30,1.0,120000.0,,ACTIVE,D,CB,21,Brazil,Rio Ave
41337,Primeira Liga,Ennio van der Gouw,EUR,2308.0,150000.0,120000.0,2026-07-01,2029-06-30,3.0,360000.0,,ACTIVE,K,GK,26,Netherlands,Rio Ave
41338,Primeira Liga,João Tomé,EUR,2308.0,150000.0,120000.0,2024-07-01,2027-06-30,1.0,120000.0,,ACTIVE,D,RB,23,Portugal,Rio Ave
41339,Primeira Liga,Marios Vrousai,EUR,2308.0,150000.0,120000.0,2024-07-06,2027-06-30,1.0,120000.0,,ACTIVE,D,RB,28,Greece,Rio Ave
41340,Primeira Liga,Kamika,EUR,2308.0,150000.0,120000.0,2026-07-06,2028-06-30,2.0,240000.0,,ACTIVE,M,LM,22,Portugal,Santa Clara
41341,Primeira Liga,Francisco Dias,EUR,2308.0,150000.0,120000.0,2025-01-09,2029-06-30,3.0,360000.0,,ACTIVE,D,LB,23,Portugal,Vitoria SC
41342,Primeira Liga,Gonçalo Nogueira,EUR,2308.0,150000.0,120000.0,2024-07-29,2028-06-30,2.0,240000.0,,ACTIVE,M,CM,22,Portugal,Vitoria SC
41343,Primeira Liga,Telmo Arcanjo,EUR,2308.0,150000.0,120000.0,2023-07-01,2027-06-30,1.0,120000.0,,ACTIVE,F,RW,25,Cape Verde,Vitoria SC
41344,Primeira Liga,Thiago Balieiro,EUR,2308.0,150000.0,120000.0,2025-07-01,2029-06-30,3.0,360000.0,,ACTIVE,D,CB,23,Brazil,Vitoria SC
41345,Primeira Liga,Victor Gonçalves Andersson,EUR,2308.0,150000.0,120000.0,2026-08-21,2030-06-30,4.0,480000.0,,ACTIVE,F,LW,21,Sweden,Vitoria SC
41346,Primeira Liga,Yeimar Mosquera,EUR,2308.0,150000.0,120000.0,2026-07-16,2030-06-30,4.0,480000.0,,ACTIVE,D,CB,21,Colombia,Vitoria SC
41347,Primeira Liga,Stéphane Diarra,EUR,2115.0,140000.0,110000.0,2025-07-16,2028-06-30,2.0,220000.0,,ACTIVE,F,RW,27,Cote d'Ivoire,Alverca
41348,Primeira Liga,Bastien Meupiyou,EUR,2115.0,140000.0,110000.0,2025-07-21,2028-06-30,2.0,220000.0,,ACTIVE,D,CB,20,France,Alverca
41349,Primeira Liga,Leonardo Vonić,EUR,1923.0,130000.0,100000.0,2026-09-01,2027-06-30,1.0,100000.0,,LOAN,F,CF,23,Croatia,Moreirense
41350,Primeira Liga,Miguel Patricío,EUR,1731.0,110000.0,90000.0,2026-07-01,2027-06-30,1.0,90000.0,,ACTIVE,F,AM,19,Portugal,Rio Ave
41351,Primeira Liga,Umar Abubakar,EUR,1731.0,110000.0,90000.0,2025-07-14,2030-06-30,4.0,360000.0,,ACTIVE,F,CF,20,Nigeria,Famalicao
41352,Primeira Liga,Eddy Doué,EUR,1731.0,110000.0,90000.0,2026-01-23,2028-06-30,2.0,180000.0,,ACTIVE,M,DM,20,Cote d'Ivoire,Estrela Amadora
41353,Primeira Liga,Cristian,EUR,1731.0,110000.0,90000.0,2025-09-01,2027-06-30,1.0,90000.0,,ACTIVE,K,GK,24,Brazil,Santa Clara
41354,Primeira Liga,Chico Gonçalves,EUR,1731.0,110000.0,90000.0,2025-02-27,2029-06-30,3.0,270000.0,,ACTIVE,D,CB,22,Portugal,Nacional
41355,Primeira Liga,Xiko Gomes,EUR,1731.0,110000.0,90000.0,2023-04-17,2027-06-30,1.0,90000.0,,ACTIVE,F,RW,22,Portugal,Marítimo
41356,Primeira Liga,Daniel Azevedo,EUR,1731.0,110000.0,90000.0,2025-06-26,2027-06-30,1.0,90000.0,,ACTIVE,K,GK,28,Portugal,Casa Pia
41357,Primeira Liga,Francisco Petrasso,EUR,1731.0,110000.0,90000.0,2024-08-26,2028-06-30,2.0,180000.0,,ACTIVE,D,CB,24,Argentina,Rio Ave
41358,Primeira Liga,Santi Verdi,EUR,1731.0,110000.0,90000.0,2026-07-27,2031-06-30,5.0,450000.0,,ACTIVE,M,CM,18,Portugal,Vitoria SC
41359,Primeira Liga,Amine Rehmi,EUR,1731.0,110000.0,90000.0,2024-07-01,2028-06-30,2.0,180000.0,,ACTIVE,F,RW,24,Netherlands,Rio Ave
41360,Primeira Liga,Si-hoo Park,EUR,1731.0,110000.0,90000.0,2026-07-04,2031-06-30,5.0,450000.0,,ACTIVE,F,LW,19,South Korea,Arouca
41361,Primeira Liga,Fredy,EUR,1731.0,110000.0,90000.0,2026-07-05,2029-06-30,3.0,270000.0,,ACTIVE,F,AM,20,Portugal,Santa Clara
41362,Primeira Liga,Fernando,EUR,1731.0,110000.0,90000.0,2026-02-02,2029-06-30,3.0,270000.0,,ACTIVE,F,CF,21,Brazil,Santa Clara
41363,Primeira Liga,Jakub Vinarčík,EUR,1731.0,110000.0,90000.0,2025-07-01,2028-06-30,2.0,180000.0,,ACTIVE,K,GK,21,Slovakia,Arouca
41364,Primeira Liga,Antzelo Sina,EUR,1731.0,110000.0,90000.0,2025-07-01,2027-06-30,1.0,90000.0,,ACTIVE,K,GK,22,Albania,Rio Ave
41365,Primeira Liga,Santiago Serra,EUR,1731.0,110000.0,90000.0,2026-08-02,2027-06-30,1.0,90000.0,,ACTIVE,M,DM,19,Portugal,Estrela Amadora
41366,Primeira Liga,Jordan Arnolin,EUR,1731.0,110000.0,90000.0,2025-07-01,2029-06-30,3.0,270000.0,,ACTIVE,D,CB,18,Portugal,Estoril
41367,Primeira Liga,Samuel Alves,EUR,1731.0,110000.0,90000.0,2026-07-03,2030-06-30,4.0,360000.0,,ACTIVE,F,CF,18,Brazil,Rio Ave
41368,Primeira Liga,Matheus Mattara,EUR,1731.0,110000.0,90000.0,2025-07-01,2031-06-30,5.0,450000.0,,ACTIVE,D,CB,20,Brazil,Famalicao
41369,Primeira Liga,Israel Salazar,EUR,1731.0,110000.0,90000.0,2024-08-15,2028-06-30,2.0,180000.0,,ACTIVE,F,CF,23,Spain,Estoril
41370,Primeira Liga,Selvi Clua,EUR,1731.0,110000.0,90000.0,2026-07-25,2027-06-30,1.0,90000.0,,LOAN,M,DM,21,Spain,Casa Pia
41371,Primeira Liga,Sam Amissah,EUR,1731.0,110000.0,90000.0,2026-08-30,2027-06-30,1.0,90000.0,,LOAN,D,CB,19,England,Estoril
41372,Primeira Liga,Maurice Boakye,EUR,1731.0,110000.0,90000.0,2026-07-07,2029-06-30,3.0,270000.0,,ACTIVE,F,CF,22,Germany,Marítimo
41373,Primeira Liga,Bénito,EUR,1731.0,110000.0,90000.0,2026-07-01,2029-06-30,3.0,270000.0,,ACTIVE,F,LW,23,France,Estrela Amadora
41374,Primeira Liga,Dai Baldé,EUR,1731.0,110000.0,90000.0,2026-07-01,2027-06-30,1.0,90000.0,,ACTIVE,M,DM,19,Guinea-Bissau,Rio Ave
41375,Primeira Liga,Lucas Furtado,EUR,1731.0,110000.0,90000.0,2026-07-01,2028-06-30,2.0,180000.0,,ACTIVE,K,GK,21,Brazil,Vitoria SC
41376,Primeira Liga,Antoine Wenck,EUR,1731.0,110000.0,90000.0,2026-07-01,2027-06-30,1.0,90000.0,,ACTIVE,M,CM,20,Senegal,Rio Ave
41377,Primeira Liga,Kaly,EUR,1731.0,110000.0,90000.0,2025-01-31,2027-06-30,1.0,90000.0,,ACTIVE,D,CB,22,Angola,Casa Pia
41378,Primeira Liga,Gabriel Rukavina,EUR,1731.0,110000.0,90000.0,2026-09-04,2029-06-30,3.0,270000.0,,ACTIVE,F,LW,22,Croatia,Arouca
41379,Primeira Liga,Neneca,EUR,1731.0,110000.0,90000.0,2026-07-01,2030-06-30,4.0,360000.0,,ACTIVE,K,GK,23,Brazil,Santa Clara
41380,Primeira Liga,Chiquinho,EUR,1731.0,110000.0,90000.0,2025-07-09,2028-06-30,2.0,180000.0,,ACTIVE,F,LW,26,Portugal,Alverca
41381,Primeira Liga,Tomás Silva,EUR,1538.0,100000.0,80000.0,2022-07-01,2027-06-30,1.0,80000.0,,ACTIVE,M,CM,22,Portugal,Academico Viseu
41382,Primeira Liga,Zakaria Kassary,EUR,1538.0,100000.0,80000.0,2026-01-16,2027-06-30,1.0,80000.0,,LOAN,M,CM,20,Morocco,Alverca
41383,Primeira Liga,Matheus Sampaio,EUR,1538.0,100000.0,80000.0,2024-07-01,2027-06-30,1.0,80000.0,,ACTIVE,K,GK,22,Brazil,Academico Viseu
41384,Primeira Liga,Andro Babic,EUR,1538.0,100000.0,80000.0,2026-08-03,2030-06-30,4.0,320000.0,,ACTIVE,M,DM,21,Croatia,Academico Viseu
41385,Primeira Liga,Sabit Abdulai,EUR,1538.0,100000.0,80000.0,2025-08-02,2028-06-30,2.0,160000.0,,ACTIVE,M,DM,27,Ghana,Alverca
41386,Primeira Liga,Nabil Touaizi,EUR,1538.0,100000.0,80000.0,2025-08-05,2028-06-30,2.0,160000.0,,ACTIVE,M,RM,25,Morocco,Alverca
41387,Primeira Liga,Lucca Giuntini,EUR,1538.0,100000.0,80000.0,2026-07-01,2029-06-30,3.0,240000.0,,ACTIVE,F,AM,20,Italy,Alverca
41388,Primeira Liga,Tobías Medina,EUR,1538.0,100000.0,80000.0,2024-08-12,2028-06-30,2.0,160000.0,,ACTIVE,F,LW,22,Argentina,Rio Ave
41389,Primeira Liga,Martín Fernández,EUR,1346.0,90000.0,70000.0,2026-07-01,2029-06-30,3.0,210000.0,,ACTIVE,F,AM,23,Uruguay,Gil Vicente
41390,Primeira Liga,Yan Maranhão,EUR,1346.0,90000.0,70000.0,2025-02-02,2029-06-30,3.0,210000.0,,ACTIVE,F,CF,23,Brazil,Moreirense
41391,Primeira Liga,Tiago Andrade,EUR,1346.0,90000.0,70000.0,2026-08-26,2030-06-30,4.0,280000.0,,ACTIVE,F,LW,20,Portugal,Moreirense
41392,Primeira Liga,Mohamed Bamba,EUR,1346.0,90000.0,70000.0,2025-02-03,2027-06-30,1.0,70000.0,,ACTIVE,M,DM,21,Cote d'Ivoire,Gil Vicente
41393,Primeira Liga,André Picornell,EUR,1346.0,90000.0,70000.0,2026-07-01,2029-06-30,3.0,210000.0,,ACTIVE,K,GK,22,Sweden,Gil Vicente
41394,Primeira Liga,Koby Mottoh,EUR,1346.0,90000.0,70000.0,2026-07-01,2029-06-30,3.0,210000.0,,ACTIVE,D,RB,20,England,Moreirense
41395,Primeira Liga,Raphael Nunes,EUR,1346.0,90000.0,70000.0,2026-07-01,2027-06-30,1.0,70000.0,,ACTIVE,K,GK,20,Brazil,Academico Viseu
41396,Primeira Liga,Chipyoka Songa,EUR,1346.0,90000.0,70000.0,2026-09-04,2031-06-30,5.0,350000.0,,ACTIVE,F,AM,21,Zambia,Moreirense
41397,Primeira Liga,Costinha,EUR,1346.0,90000.0,70000.0,2025-07-01,2027-06-30,1.0,70000.0,,ACTIVE,F,RW,18,Portugal,Arouca
41398,Primeira Liga,Diogo Monteiro,EUR,1346.0,90000.0,70000.0,2025-08-11,2028-06-30,2.0,140000.0,,ACTIVE,D,CB,21,Portugal,Arouca
41399,Primeira Liga,Álvaro Martínez,EUR,1346.0,90000.0,70000.0,2025-07-01,2028-06-30,2.0,140000.0,,ACTIVE,D,LB,24,Spain,Moreirense
41400,Primeira Liga,Leandro Antonetti,EUR,1346.0,90000.0,70000.0,2025-09-01,2028-06-30,2.0,140000.0,,ACTIVE,F,CF,23,Puerto Rico,Estrela Amadora
41401,Primeira Liga,Leo Shahar,EUR,1346.0,90000.0,70000.0,2026-09-04,2027-06-30,1.0,70000.0,,LOAN,D,RB,19,England,Arouca
41402,Primeira Liga,Martim Duarte,EUR,1346.0,90000.0,70000.0,2026-07-01,2028-06-30,2.0,140000.0,,ACTIVE,K,GK,23,Portugal,Arouca
41403,Primeira Liga,Aymen Zouin,EUR,1346.0,90000.0,70000.0,2026-08-21,2027-06-30,1.0,70000.0,,LOAN,F,LW,19,Morocco,Casa Pia
41404,Primeira Liga,Watts,EUR,1346.0,90000.0,70000.0,2025-07-01,2028-06-30,2.0,140000.0,,ACTIVE,F,RW,21,Portugal,Nacional
41405,Primeira Liga,Kevin Prieto,EUR,1346.0,90000.0,70000.0,2025-08-08,2029-06-30,3.0,210000.0,,ACTIVE,M,RM,23,Uruguay,Casa Pia
41406,Primeira Liga,Pedro Rosas,EUR,1346.0,90000.0,70000.0,2026-02-02,2029-06-30,3.0,210000.0,,ACTIVE,D,LB,25,Portugal,Casa Pia
41407,Primeira Liga,Tiago Octávio,EUR,1154.0,80000.0,60000.0,2026-07-14,2027-06-30,1.0,60000.0,,ACTIVE,M,CM,22,Portugal,Alverca
41408,Primeira Liga,Fernando Nava,EUR,1154.0,80000.0,60000.0,2026-08-11,2027-06-30,1.0,60000.0,,ACTIVE,F,LW,22,Bolivia,Nacional
41409,Primeira Liga,Deivison,EUR,1154.0,80000.0,60000.0,2025-07-03,2030-06-30,4.0,240000.0,,ACTIVE,M,CM,20,Brazil,Nacional
41410,Primeira Liga,Daniel de la Cruz,EUR,1154.0,80000.0,60000.0,2026-07-08,2027-06-30,1.0,60000.0,,LOAN,D,RB,22,Ecuador,Nacional
41411,Primeira Liga,Chiheb Labidi,EUR,1154.0,80000.0,60000.0,2024-09-02,2027-06-30,1.0,60000.0,,ACTIVE,M,CM,25,Tunisia,Nacional
41412,Primeira Liga,Miguel Silva,EUR,1154.0,80000.0,60000.0,2026-07-01,2030-06-30,4.0,240000.0,,ACTIVE,M,DM,18,Portugal,Moreirense
41413,Primeira Liga,Michael Dacosta,EUR,1154.0,80000.0,60000.0,2026-07-01,2029-06-30,3.0,180000.0,,ACTIVE,F,RW,21,Spain,Moreirense
41414,Primeira Liga,Landerson,EUR,1154.0,80000.0,60000.0,2025-08-14,2030-06-30,4.0,240000.0,,ACTIVE,F,LW,19,Brazil,Moreirense
41415,Primeira Liga,Kevyn,EUR,1154.0,80000.0,60000.0,2026-07-01,2030-06-30,4.0,240000.0,,ACTIVE,D,CB,20,Brazil,Moreirense
41416,Primeira Liga,Jimi Gower,EUR,1154.0,80000.0,60000.0,2025-08-06,2028-06-30,2.0,120000.0,,ACTIVE,M,CM,21,England,Moreirense
41417,Primeira Liga,Janderson,EUR,1154.0,80000.0,60000.0,2026-07-02,2031-06-30,5.0,300000.0,,ACTIVE,D,CB,21,Brazil,Moreirense
41418,Primeira Liga,Afonso Vieira,EUR,1154.0,80000.0,60000.0,2026-07-01,2027-06-30,1.0,60000.0,,ACTIVE,F,LW,19,Portugal,Moreirense
41419,Primeira Liga,Afonso Assis,EUR,1154.0,80000.0,60000.0,2026-03-05,2030-06-30,4.0,240000.0,,ACTIVE,M,DM,20,Portugal,Moreirense
41420,Primeira Liga,Pedro Teixeira,EUR,1154.0,80000.0,60000.0,2025-07-01,2027-06-30,1.0,60000.0,,ACTIVE,K,GK,24,Portugal,Marítimo
41421,Primeira Liga,Nélio Batista,EUR,1154.0,80000.0,60000.0,2025-07-01,2028-06-30,2.0,120000.0,,ACTIVE,M,CM,17,Portugal,Marítimo
41422,Primeira Liga,Kimiss Zavala,EUR,1154.0,80000.0,60000.0,2026-01-01,2027-06-30,1.0,60000.0,,ACTIVE,K,GK,22,Mozambique,Marítimo
41423,Primeira Liga,Israel Isaac Ayuma,EUR,1154.0,80000.0,60000.0,2026-08-02,2027-06-30,1.0,60000.0,,LOAN,M,CM,21,Nigeria,Marítimo
41424,Primeira Liga,Francisco Silva,EUR,1154.0,80000.0,60000.0,2025-07-01,2027-06-30,1.0,60000.0,,ACTIVE,M,DM,19,Portugal,Marítimo
41425,Primeira Liga,Tiago Ferreira,EUR,1154.0,80000.0,60000.0,2026-07-01,2027-06-30,1.0,60000.0,,ACTIVE,K,GK,17,Portugal,Gil Vicente
41426,Primeira Liga,Guilherme Gomes,EUR,1154.0,80000.0,60000.0,2026-09-04,2030-06-30,4.0,240000.0,,ACTIVE,F,AM,20,Brazil,Gil Vicente
41427,Primeira Liga,Gonçalo Maia,EUR,1154.0,80000.0,60000.0,2026-06-22,2028-06-30,2.0,120000.0,,ACTIVE,M,CM,20,Portugal,Gil Vicente
41428,Primeira Liga,Carlos Eduardo,EUR,1154.0,80000.0,60000.0,2025-01-24,2028-06-30,2.0,120000.0,,ACTIVE,F,CF,24,Brazil,Gil Vicente
41429,Primeira Liga,Arthur Tchaptchet,EUR,1154.0,80000.0,60000.0,2025-07-13,2027-06-30,1.0,60000.0,,ACTIVE,D,CB,20,France,Gil Vicente
41430,Primeira Liga,Vuk Pavicevic,EUR,1154.0,80000.0,60000.0,2026-09-04,2029-06-30,3.0,180000.0,,ACTIVE,M,DM,18,Montenegro,Estrela Amadora
41431,Primeira Liga,Si-woo Yang,EUR,1154.0,80000.0,60000.0,2026-09-04,2027-06-30,1.0,60000.0,,ACTIVE,F,RW,19,South Korea,Estrela Amadora
41432,Primeira Liga,Rodrigo Dudok,EUR,1154.0,80000.0,60000.0,2026-09-02,2027-06-30,1.0,60000.0,,LOAN,F,LW,19,Uruguay,Estrela Amadora
41433,Primeira Liga,Jefferson Encada,EUR,1154.0,80000.0,60000.0,2025-07-04,2028-06-30,2.0,120000.0,,ACTIVE,D,RB,28,Guinea-Bissau,Estrela Amadora
41434,Primeira Liga,Henrique Poniewas,EUR,1154.0,80000.0,60000.0,2025-07-01,2027-06-30,1.0,60000.0,,ACTIVE,F,CF,19,Brazil,Estrela Amadora
41435,Primeira Liga,Emerson Vanga,EUR,1154.0,80000.0,60000.0,2026-07-01,2027-06-30,1.0,60000.0,,ACTIVE,F,AM,20,France,Estrela Amadora
41436,Primeira Liga,Alisson Souza,EUR,1154.0,80000.0,60000.0,2026-01-01,2028-06-30,2.0,120000.0,,ACTIVE,F,LW,21,Brazil,Estrela Amadora
41437,Primeira Liga,Ivan Mandić,EUR,1154.0,80000.0,60000.0,2025-07-20,2029-06-30,3.0,180000.0,,ACTIVE,K,GK,23,Croatia,Casa Pia
41438,Primeira Liga,Abdu Dafe,EUR,1154.0,80000.0,60000.0,2026-09-01,2027-06-30,1.0,60000.0,,ACTIVE,M,CM,18,Portugal,Casa Pia
41439,Primeira Liga,Josué Souza,EUR,1154.0,80000.0,60000.0,2025-07-10,2027-06-30,1.0,60000.0,,ACTIVE,M,CM,21,Brazil,Nacional
41440,Primeira Liga,Steven Baseya,EUR,1154.0,80000.0,60000.0,2025-07-05,2028-06-30,2.0,120000.0,,ACTIVE,D,CB,21,France,Alverca
41441,Primeira Liga,Rodrigo Catraio,EUR,1154.0,80000.0,60000.0,2024-07-01,2028-06-30,2.0,120000.0,,ACTIVE,F,RW,21,Portugal,Alverca
41442,Primeira Liga,Julián Martínez,EUR,1154.0,80000.0,60000.0,2025-08-13,2029-06-30,3.0,180000.0,,ACTIVE,D,CB,22,Honduras,Alverca
41443,Primeira Liga,Ikker Julian,EUR,1154.0,80000.0,60000.0,2026-07-01,2028-06-30,2.0,120000.0,,ACTIVE,M,LM,21,Belgium,Alverca
41444,Primeira Liga,Mateus Iseppe,EUR,1154.0,80000.0,60000.0,2026-07-01,2027-06-30,1.0,60000.0,,LOAN,F,AM,20,Brazil,Nacional
41445,Primeira Liga,Kevyn,EUR,1154.0,80000.0,60000.0,2025-07-02,2030-06-30,4.0,240000.0,,ACTIVE,K,GK,21,Brazil,Nacional
41446,Primeira Liga,Aranha,EUR,962.0,60000.0,50000.0,2026-07-01,2027-06-30,1.0,50000.0,,LOAN,K,GK,21,Brazil,Moreirense
41447,Primeira Liga,Mofe Jemide,EUR,962.0,60000.0,50000.0,2026-08-20,2030-06-30,4.0,200000.0,,ACTIVE,D,CB,19,England,Alverca
41448,Primeira Liga,Isaac James,EUR,962.0,60000.0,50000.0,2025-07-02,2027-06-30,1.0,50000.0,,ACTIVE,D,LB,22,Nigeria,Alverca
41449,Primeira Liga,Pedro Jesus,EUR,962.0,60000.0,50000.0,2026-07-01,2029-06-30,3.0,150000.0,,ACTIVE,D,CB,18,Brazil,Moreirense
41450,Primeira Liga,Matias Silva,EUR,962.0,60000.0,50000.0,2025-07-01,2027-06-30,1.0,50000.0,,ACTIVE,D,LB,17,Portugal,Nacional
41451,Primeira Liga,Cédric Nuozzi,EUR,769.0,50000.0,40000.0,2025-07-02,2028-06-30,2.0,80000.0,,ACTIVE,F,LW,20,Belgium,Alverca
41452,Primeira Liga,Mateus,EUR,769.0,50000.0,40000.0,2025-07-17,2028-06-30,2.0,80000.0,,ACTIVE,K,GK,24,Brazil,Alverca
41453,Primeira Liga,Richard Ríos,EUR,,,,2025-07-22,2030-06-30,4.0,,,INACTIVE,M,DM,26,Colombia,Benfica
41454,Primeira Liga,Pedro Gonçalves,EUR,,,,2025-10-06,2030-06-30,4.0,,80000000.0,INACTIVE,F,LW,28,Portugal,Sporting Lisbon
