player_id,name,national_team,is_international
1000011,Christian Conteh,,false
1000428,\u00cdsak Bergmann J\u00f3hannesson,Iceland,true
1001335,Nabil Emad Dunga,Egypt,true
1001348,Kartal Yilmaz,Turkiye U21,false
1002039,Aaron Hickey,Scotland,true
1002058,Nico Schlotterbeck,Germany,true
1002614,Nawaf Al Harthi,,false
1002617,Saud Abdulhamid,Saudi Arabia,true
1002618,Ander Barrenetxea,Spain,true
1002652,Konrad Faber,,false
1002673,Jan Sch\u00f6ppner,,false
1002682,Jeremy Petris,,false
1003254,Jo\u00ebl Schmied,,false
1003265,Rub\u00e9n D\u00edez,,false
1003280,Luis Estupi\u00f1\u00e1n,Ecuador Under 22,true
1003288,Jon Morcillo,,false
1003309,Jordi Escobar,Spain U17,false
1003368,Junior Messias,,false
1003370,Justo Giani,,false
1004976,Alex Bangura,Sierra Leone,true
1005366,B\u00fcnyamin Balci,Turkiye,true
1005369,Edvin Kurtulus,Sweden,true
1005370,Erik Ahlstrand,Sweden,true
1006676,Memeh Caleb Okoli,Italy,true
1007717,Unai Vencedor,Spain U21,false
1009832,Iv\u00e1n Jaime,Spain U19,false
1010274,Jamerson,,false
101042,Aaron Meijers,,false
1010426,Keane Lewis-Potter,England U21,false
1010726,Hiroki Akiyama,,false
1010733,Ki-Jana Hoever,Netherlands U21,false
1011022,Cheikh Niasse,Senegal,true
1011026,Jim Allevinah,Gabon,true
1011071,Anthony Baron,Guadeloupe,true
1011117,Robert Navarro,Spain U21,false
1012784,Daan Reiziger,Netherlands Under 18,true
1012798,Oumar Sako,Niger,true
1012842,Gianluca Gaetano,Italy U21,false
1012843,Jo\u00e3o Valido,Portugal U19,false
1013021,Marco Carnesecchi,Italy,true
1013277,Toti Gomes,Portugal,true
1014136,Malthe H\u00f8jholt,Denmark Under 20,true
1014496,Odilon Kossounou,Ivory Coast,true
1014602,Jacob Widell Zetterstr\u00f6m,Sweden,true
1014618,Oscar Pettersson,Sweden,true
1014630,Emil Holm,Sweden,true
1014688,Alexander Bernhardsson,Sweden,true
1014841,Richonell Margaret,Suriname,true
1014980,Daniel Bragan\u00e7a,Portugal U21,false
1014981,Augustus Kargbo,Sierra Leone,true
1014983,Diogo Calila,Mozambique,true
1015128,Elias Achouri,Tunisia,true
1015183,Mohammed Ihattaren,Netherlands,true
1015185,Eduardo Camavinga,France,true
1015200,Arjen van der Heide,Netherlands U19,false
101584,C\u00e1ssio,Brazil,true
1016093,Gustav Isaksen,Denmark,true
1016132,Kouadio Kon\u00e9,France,true
1016738,Manfred Ugalde,Costa Rica,true
1017097,Marcelo Alves,,false
1017196,Dan McNamara,Ireland U21,false
1017401,Roberto Piccoli,Italy,true
1017520,Carlos Harvey,Panama,true
1017745,Horatiu Moldovan,Romania,true
1018564,Nicol\u00e1s Capaldo,Argentina,true
1018587,Andrew Gutman,,false
1019100,Kevin Chamorro,Costa Rica,true
1019476,Juan D\u00edaz,,false
1019567,Dani Silva,Portugal U21,false
1019583,Godson Kyeremeh,,false
1019675,Erick Wiemberg,Chile,true
1019748,Gonzalo N\u00e1poli,Uruguay U17,false
1019947,Leonidas Stergiou,Switzerland,true
1020027,Nicol\u00e1s Acevedo,Uruguay U23,false
1020776,Alec Van Hoorenbeeck,,false
1020963,Nicol\u00f2 Rovella,Italy,true
1021082,Oliver Antman,Finland,true
1021302,Mattia Felici,,false
1021303,Douglas Aur\u00e9lio,,false
1021336,Brandon Aguilera,Costa Rica,true
1021345,Jean Estacio,,false
1021346,Dar\u00edo Mina,Ecuador,true
1021382,Jo\u00e3o Pedro,Brazil,true
1021586,Gabriel Martinelli,Brazil,true
1021593,Xeber Alkain,,false
1021834,Jakub Kiwior,Poland,true
1021841,Victor Olatunji,,false
1021929,Jacob Ramsey,England Under 18,true
1022350,Anatoliy Trubin,Ukraine,true
1022438,Niklas Vesterlund,Denmark U19,false
1022649,Dan Ndoye,Switzerland,true
1022657,Jairo Jim\u00e9nez,,false
1022688,L\u00e9o Leroy,France U19,false
1022702,Dylan Mbayo,Belgium Under 18,true
1022843,Luca Moro,Italy U21,false
1023030,Jhon Arias,Colombia,true
1023070,Zorhan Bassong,Canada,true
1023314,Vicente Fern\u00e1ndez,Chile U20,false
1023320,Sebasti\u00e1n Cabrera,Chile Under 23,true
1023321,Sebasti\u00e1n Galani,,false
1023323,Cristi\u00e1n Zavala,Chile,true
1023388,Cristhofer Mes\u00edas,,false
1023471,Leandro D\u00edaz,,false
1023887,Tsuyoshi Watanabe,Japan,true
1023941,Griffin Dorsey,United States Under 18,true
1023942,Keisuke Kurokawa,,false
1023943,Jacob Shaffelburg,Canada,true
1024292,Marco Gr\u00fcll,Austria,true
1024442,Alan Medina,,false
1024672,Nicolas Seiwald,Austria,true
1024928,Khalid Al Ghannam,Saudi Arabia,true
1024937,Kevin Ehlers,Germany U20,false
1024959,Jan Zamburek,Czechia Under 18,true
1025379,Diego Carrasco,,false
1025391,Nurettin Korkmaz,,false
1025462,F\u00e1bio Vieira,Portugal U21,false
1025560,Magnus Knudsen,,false
1025603,Tatsuhiro Sakamoto,Japan,true
1025630,Adrian Sut,Romania,true
1025773,Daniel Paraschiv,Romania,true
1025942,Cade Cowell,USA,true
1026048,John Nelson,USA U17,false
1026050,Dante Sealy,Trinidad and Tobago,true
1026051,Edwin Cerrillo,USA U23,false
1026060,Sam Junqua,,false
1026065,Matt Freese,USA,true
1026098,Hassani Dotson,USA U23,false
1026105,Dayne St. Clair,Canada,true
1026112,Amar Sejdic,,false
1026113,David Miculescu,Romania,true
1026114,Sean Nealis,,false
1026115,Zachary Brault-Guillard,Canada,true
1026135,Tajon Buchanan,Canada,true
1026143,DeJuan Jones,USA,true
1026144,Justin Haak,,false
1026387,Denis Radu,Romania U21,false
1026513,Sergey Pinyaev,Russia,true
1026618,Ivan Oleynikov,,false
1026722,David Volk,Russia,true
1026781,Gue-Sung Cho,South Korea,true
1026833,Pelle Mattsson,,false
1027194,Alexander Prass,Austria,true
1027313,Bogdan Ovsyannikov,,false
1027396,Barbero,,false
1027412,Kamal Miller,Canada,true
1027447,Juli\u00e1n Araujo,Mexico,true
1027472,Wilfried Singo,Ivory Coast,true
1027555,Danila Prokhin,Russia,true
1027594,Konan N\u2019Dri,,false
1027740,Jean Onana,Cameroon,true
1028036,Hugo Moura,,false
1028125,Erick,,false
1028126,J\u00e1derson,,false
1028134,Esteban Valencia,Chile U20,false
1028152,Ilya Agapov,Russia,true
1028352,Waleed Al-Ahmad,Saudi Arabia,true
1028443,Rodrigo Villagra,,false
1028444,Mat\u00edas Palavecino,,false
1028458,Joseph Rosales,Honduras,true
1028612,Giovanni Pavani,,false
1028704,Santiago Rodr\u00edguez,Uruguay U23,false
1029024,Lewis Miller,Australia,true
1029029,Zakaria Eddahchouri,,false
1029063,Michael Olise,France,true
1029392,Facundo Mura,Argentina U23,false
1029885,Jos\u00e9 Sanhueza,,false
1030212,Sebastiano Esposito,Italy U21,false
1030646,Gennaro Borrelli,,false
1030829,Jarrad Branthwaite,England,true
1030830,Jack Rudoni,,false
1030840,John Buckley,,false
1030929,Felix Higl,,false
1031130,Lucas Silva,,false
1031221,Thomas Hasal,Canada,true
1031321,Mario Sober\u00f3n,,false
1031504,Glendys Mina,,false
1031507,Bagner Delgado,,false
1031638,Luis Cano,,false
1031656,Maxi Ara\u00fajo,Uruguay,true
1031759,L\u00e9o Realpe,Ecuador,true
1031768,Andr\u00e9s Mena,,false
1032040,Leonardo Campana,Ecuador,true
1032157,Bence \u00d6tv\u00f6s,Hungary,true
1032281,Mario Valero,,false
1032292,Emiliano Clavijo,,false
1032785,Edson Carioca,,false
1032792,Elvis Hern\u00e1ndez,,false
1032811,Federico Vi\u00f1as,Uruguay,true
1032824,Florian Kastenmeier,,false
1032869,Enzo Ferrario,,false
1033099,Hicham Boudaoui,Algeria,true
1033100,Higor Merit\u00e3o,,false
1033111,Kaishu Sano,Japan,true
1033114,Anthony Musaba,Netherlands U21,false
1033116,Ignasi Vilarrasa,,false
1033147,Riccieli,,false
1033176,Griffin Yow,USA,true
1033279,Isidro Pitta,Paraguay,true
1034069,Jos\u00e9 Flor,Ecuador U17,false
1034321,Everton Galdino,,false
1034691,Abdurahman Al Dakheel,,false
1034755,Anderson Arroyo,Colombia U23,false
1034808,Sacha Boey,Cameroon,true
1035039,Sven Karic,Slovenia,true
1035206,Lasse Berg Johnsen,Norway,true
1035208,Victor Okoh Boniface,Nigeria,true
1035315,Konstantin Maradishvili,Russia U21,false
1035341,Toni Abad,,false
1035387,Agust\u00edn Herrera,,false
1035390,Javi Mier,,false
1035611,Alan Rodr\u00edguez,Uruguay U17,false
1035614,Manuel Ugarte,Uruguay,true
1035643,Sven Mijnans,Netherlands U21,false
1036098,Madison Julio,,false
1036108,Math\u00edas Laborda,Uruguay U23,false
1036182,Ivan Ilic,Serbia,true
1036220,Jannis Heuer,,false
1036235,Pedro Ortiz,,false
1036401,Ricardo Pepi,USA,true
1036575,Roberto Fern\u00e1ndez,Paraguay,true
1037037,Isak Dybvik M\u00e4\u00e4tt\u00e4,,false
1037491,Arseniy Batahov,Ukraine,true
1037537,Jes\u00fas Areso,,false
1037539,Pavel Sulc,Czechia,true
1037553,Luca Petrasso,Canada,true
1037731,Yerko Gonz\u00e1lez,,false
1037813,Louis Munteanu,Romania,true
1039060,Maksim Savelyev,,false
1039217,Shinta Appelkamp,Germany U21,false
1039219,Samir Chergui,Algeria,true
1039403,Santiago Pierotti,,false
1039533,Abdullah Al Qahtani,,false
1039534,Tet\u00ea,Brazil U20,false
1039551,Gustavo Assun\u00e7\u00e3o,,false
1039566,Brian De Keersmaecker,,false
1039600,Mohamed Simakan,France U21,false
1039685,Franco Calder\u00f3n,,false
1039779,Finn Becker,Germany U21,false
1040889,Junior Dina Ebimbe,Cameroon,true
1041426,Pedrinho,,false
1041427,J\u00e1ja Silva,,false
1041445,Dani C\u00e1rdenas,,false
1041508,Corrie Ndaba,Ireland,true
1041522,Fali Cand\u00e9,Guinea-Bissau,true
1041660,Eren Elmali,Turkiye,true
1041997,Andr\u00e9s Perea,USA,true
1042086,Ibrahim Olawoyin,Nigeria,true
1042107,\u00c1lex Cantero,,false
1042347,Diant Ramaj,Germany U20,false
1042571,Francisco Gonz\u00e1lez,Argentina U23,false
1042752,Jay Gorter,Netherlands U21,false
1043436,S\u00e1vio,,false
1043761,Bento Krepski,Brazil,true
1043762,Lucas Halter,Brazil U23,false
1043763,Khellven,Brazil U23,false
1043824,Caio Paulista,,false
1043826,Carlos Miguel,,false
1043908,Bruno Fuchs,Brazil U22,false
1044029,Nicol\u00f2 Cambiaghi,Italy,true
1044194,Vin\u00edcius,,false
1044299,Hyun-Gyu Oh,South Korea,true
1044355,Stef\u00e1n Sigurdarson,Iceland,true
1044470,H\u00e1kon Arnar Haraldsson,Iceland,true
1044472,N\u00f6kkvi Thorisson,Iceland,true
1044632,Ariel Uribe,Chile,true
1044785,Ivan Mes\u00edk,Slovakia,true
1045039,Philippe K\u00e9ny,,false
1045118,Conner Antley,,false
1045161,Lucas Piton,,false
1045656,Billy Mitchell,,false
1045804,Lukas MacNaughton,Canada,true
1045814,Bryan Hern\u00e1ndez,Ecuador Under 22,true
1045822,Teo Quintero,Venezuela,true
1046082,Vitinho,,false
1047139,Bongokuhle Hlongwane,South Africa,true
1047322,Paulino de la Fuente,,false
1047358,Jo\u00e3o Victor,,false
1047586,George Campbell,USA,true
1047658,Wagner Leonardo,,false
1047663,Thibo Baeten,Belgium U21,false
1047664,Adil Aouchiche,Algeria,true
1047667,Maximilian Beier,Germany,true
1047670,Andrej Ilic,Serbia,true
1047671,Vini Souza,Brazil U20,false
1047676,Y\u00e9remi Pino,Spain,true
1048023,Strahinja Pavlovic,Serbia,true
1048053,Miguel Navarro,Venezuela,true
1048791,Niko Koulis,,false
1049004,Oliver Edvardsen,,false
1049665,Joel Mvuka,Norway U21,false
1049679,David M\u00f8ller Wolfe,Norway,true
1049754,V\u00e1clav Sejk,Czechia,true
104986,Andr\u00e9s Fern\u00e1ndez,,false
1049999,Enzo Le F\u00e9e,France U23,false
1050158,F\u00e1bio Silva,Portugal,true
1050160,Sontje Hansen,Curacao,true
1050161,Andri Gudjohnsen,Iceland,true
1050163,Lorenzo Colombo,Italy U21,false
1050165,Lorenzo Pirola,Italy U21,false
1050166,Anthony Elanga,Sweden,true
1050178,Lazar Samardzic,Serbia,true
1050301,Yaw Ackah,,false
1050325,Alessio Furlanetto,,false
1050409,Darlan Mendes,,false
1050613,Mesut Tunali,,false
1050795,Luis Arroyo,,false
1050813,M\u00e1rk Kosznovszky,Hungary U21,false
1050814,Kelian Wa Saka,France U17,false
1050817,Kirill Shchetinin,Russia,true
1050822,Andrew Omobamidele,Ireland,true
1050828,Mario Soriano,Spain U17,false
1050831,Paulo Bernardo,Portugal U21,false
1050838,Anass Salah-Eddine,Morocco,true
1050856,Naci \u00dcn\u00fcvar,Netherlands U19,false
1050859,Enzo Millot,France U23,false
1051047,Franco Tongya,Italy U21,false
1051097,Matteo Ruggeri,Italy,true
1051411,Kacper Kozlowski,Poland,true
1051415,Jason Knight,Ireland,true
1052330,Manuel S\u00e1nchez,Spain U21,false
1052360,Stefano Russo,,false
1052464,Bruno Louren\u00e7o,Portugal U17,false
1052689,Karamoko Demb\u00e9l\u00e9,England Under 18,true
1052761,Ryan Raposo,Canada,true
1052773,Stanislav Agkatsev,Russia,true
1052861,Darko Nejasmic,Croatia Under 23,true
1052898,Destiny Udogie,Italy,true
1052977,Gon\u00e7alo Franco,,false
1052987,Japhet Sery Larsen,Denmark U21,false
1052993,Nico Melamed,Spain U21,false
1053188,Tom\u00e1s Ahumada,Chile,true
1053193,Abdullah Ahmed Khateeb,Saudi Arabia U23,false
1053600,Abdelmounaim Boutouil,Morocco A',true
1053674,Moussa N'Diaye,Senegal,true
1053675,Formose Mendy,Senegal,true
1053676,Abdoulaye Ndiaye,Senegal,true
1053678,Mamadou Mbow,Senegal,true
1053679,Zion Suzuki,Japan,true
1053685,Dion Lopy,Senegal,true
1053698,Jos\u00e9 Cifuentes,Ecuador,true
1053702,Richard Mina,Ecuador U20,false
1053704,Luis Castillo,Ecuador Under 22,true
1053705,Sergio Quintero,Ecuador Under 23,true
1053708,Johan Lara,Ecuador Under 22,true
1053713,Maik Nawrocki,Poland,true
1053714,Nicola Zalewski,Poland,true
1053716,Amir Saipi,Kosovo,true
1053724,Brayan Vera,Colombia,true
1053726,Carlos Ter\u00e1n,Colombia U23,false
1053727,Johan Carbonero,Colombia,true
1053835,Mart\u00edn Fern\u00e1ndez,,false
1053838,Morato,,false
1053842,Christian,,false
1053847,Breno Lopes,,false
1053960,Franco Israel,Uruguay,true
1053963,Juan Sanabria,Uruguay,true
1054011,Collins Sor,Nigeria,true
1054027,Carlos Dos Santos,Cape Verde,true
1054033,Konrad de la Fuente,USA,true
1054038,Yahya Naji,Saudi Arabia U20,false
1054058,Mansor Al Beshe,Saudi Arabia U20,false
1054114,El Bilal Tour\u00e9,Mali,true
1054120,Abdoulaye Diaby,Mali,true
1054122,Boubacar Traor\u00e9,Mali,true
1054129,Manuel Gamboa,Panama,true
1054131,V\u00edctor Griffith,Panama,true
1054476,Marin Petkov,Bulgaria,true
1054522,Moussa Diarra,Mali,true
1054786,Aimar Oroz,Spain U23,false
1054789,Shin Yamada,Japan,true
1055136,Ryoya Morishita,Japan,true
1055183,Andrea Ghion,,false
1055316,Anis Ben Slimane,Tunisia,true
1055327,Antonio S\u00e1nchez,,false
1055426,Alistair Johnston,Canada,true
1056047,Mert Yilmaz,Turkiye U21,false
1056071,Victor Parada,,false
1056256,Saud bin Zaydan,,false
1056267,Micka\u00ebl Biron,Martinique,true
1056370,Altin Zeqiri,Kosovo,true
1056461,Ville Koski,Finland,true
1056689,Harvey Knibbs,,false
1057426,Armin Gigovic,Bosnia and Herzegovina,true
1057432,Johan G\u00f3mez,USA U23,false
1057433,Tanner Tessmann,USA,true
1057583,Talles Magno,Brazil Under 18,true
1057703,Youssouf Ndayishimiye,Burundi,true
1058103,Jo\u00e3o Lucas,,false
1059398,Mirlind Daku,Albania,true
1059451,Jeremy Rafanello,,false
1059490,Mauricio,Paraguay,true
1059627,Rustam Yatimov,Tajikistan,true
1059657,Sergi Cardona,,false
1059674,Jes\u00fas \u00c1lvarez,,false
1060542,S\u00f8ren Tengstedt,Denmark U21,false
1060604,Abner,Brazil,true
1060617,Oliver Sonne,Peru,true
1060634,Gaston \u00c1lvarez,Uruguay,true
1060636,Camilo,,false
1060654,Festy Ebosele,Ireland,true
1060794,Ulisses Rocha,,false
1061249,Vitinha,Portugal,true
1061478,Stefan Kovac,Bosnia and Herzegovina U21,false
1062357,Adam Markhiev,Finland,true
1064272,Mohamed Diomande,Ivory Coast,true
1065640,Giorgi Guliashvili,Georgia,true
1065940,Michal Karbownik,Poland,true
1066251,Evgeny Bolotov,,false
1066264,Abu Francis,Ghana,true
1066583,Ahmed Alghamdi,Saudi Arabia,true
1067168,Zeki Amdouni,Switzerland,true
1067180,Lamine Diack,Senegal U20,false
1067260,Jakub Kaminski,Poland,true
1067265,Giorgi Abuashvili,Georgia,true
1067553,Philip Otele,Nigeria,true
1067725,Iuri Tabatadze,Georgia,true
1067741,Luca Oyen,Belgium U21,false
1067744,Bryan Limbombe,Belgium Under 18,true
1067754,Aster Vranckx,Belgium,true
1067806,Dario Spikic,Croatia U21,false
1068297,Atanas Chernev,Bulgaria,true
1068477,Renn\u00e9 Rivas,Venezuela,true
1068482,Evan Ferguson,Ireland,true
1068586,Galymzhan Kenzhebek,Kazakhstan,true
1068643,Connor Barron,Scotland,true
1068655,Novak Micovic,Serbia U21,false
1068920,V\u00edtezslav Jaros,Czechia,true
1069276,Marius Stefanescu,Romania,true
1069403,Maxwell Woledzi,,false
1069536,Anass Zaroury,Morocco,true
1069650,Ivan Yordanov,Bulgaria,true
1069975,Jos\u00e9 Aldo,,false
1070052,Amad Diallo,Ivory Coast,true
1070191,Jandro Orellana,Spain U19,false
1070331,Calegari,,false
1070404,Maurits Kj\u00e6rgaard,Denmark,true
1070478,Ilan Sauter,Switzerland U19,false
1070617,Tanguy Nianzou,France U21,false
1070712,Josko Gvardiol,Croatia,true
1070776,Rodrigo Zalazar,Uruguay,true
1070794,Joe Hodge,Ireland,true
1070908,Darian Males,Switzerland U21,false
1070973,Dion Sanderson,,false
1070974,Christian Marques,Portugal U21,false
1071102,Adriano,,false
1071178,Immanu\u00ebl Pherai,Suriname,true
1071179,Giovanni Reyna,USA,true
1071186,Angelo Stiller,Germany,true
1071189,Betim Fazliji,Kosovo,true
1072054,Daniel Maldini,Italy,true
1072056,Tommaso Barbieri,Italy U21,false
1072068,Konstantinos Tzolakis,Greece,true
1072200,Rodrigo Riquelme,Spain,true
1072255,Welinton,,false
1072317,Tiago Gouveia,Portugal U21,false
1072443,Tenton Yenne,,false
1072454,Kevin H\u00f6\u00f6g Jansson,,false
1072472,Flavius Daniliuc,Austria,true
1072530,Florian Flick,Germany U21,false
107280,Ashley Barnes,,false
1072817,Dominik Kother,Germany U21,false
1072864,Tolu Arokodare,Nigeria,true
1072913,Tanguy Coulibaly,,false
1073007,Filip Bilbija,,false
1073012,Mohammad Mohebi,Iran,true
1073143,Azzedine Ounahi,Morocco,true
1073150,Hugo Magallanes,Uruguay,true
1073303,Aljaz Casar,Slovenia U21,false
1073365,Benjam\u00edn Rollheiser,Argentina U17,false
1073402,Facundo Pellistri,Uruguay,true
1073471,Anouar Ait El Hadj,Belgium U21,false
1073476,Maxwell Gyamfi,,false
1073485,Jomaine Consbruch,Germany U17,false
1073498,Patrick Wimmer,Austria,true
1073569,Can Keles,Austria U21,false
1073659,Thiago Vecino,Uruguay U17,false
1073724,Santiago Ramos Mingo,,false
1073742,Julio Enciso,Paraguay,true
1073905,Rassoul Ndiaye,Senegal,true
1073941,Lilian Brassier,,false
1073977,Benjamin Sesko,Slovenia,true
1073979,Bryan Okoh,Switzerland,true
1073980,David Affengruber,Austria,true
1074000,Niclas Thiede,Germany U19,false
1074444,Hugo Vandermersch,,false
1074476,Woyo Coulibaly,Mali,true
1074642,Salis Abdul Samed,Ghana,true
1074750,Milan van Ewijk,Netherlands U21,false
1074758,Ruben Roosken,,false
1074967,Ramiz Zerrouki,Algeria,true
1074968,Jamie Leweling,Germany,true
1075045,Miguel Brizuela,,false
1075046,Reinier,Brazil U23,false
1075065,Braian Ojeda,Paraguay,true
1075225,Jorge Pe\u00f1a,,false
1075230,Mois\u00e9s Gonz\u00e1lez,Chile,true
1075251,Darius Johnson,Grenada,true
1075429,Jonathan Fischer,,false
1075457,Chuchu Ram\u00edrez,Venezuela,true
1075463,Maksym Talovierov,Ukraine,true
1075815,Patrick Osterhage,Germany U21,false
1075819,Davy van den Berg,,false
1076138,Hector Kyprianou,Cyprus,true
1076508,Marc-Olivier Dou\u00e9,,false
1076647,Lucas Da Cunha,France U19,false
1076655,Leon Klassen,Russia U21,false
1076684,Adam Carl\u00e9n,Sweden,true
1076693,Joe Walsh,,false
1076756,Brennan Johnson,Wales,true
1076939,Giannis Michailidis,Greece,true
1077237,Tom\u00e1s Esteves,Portugal U21,false
1077244,Tim Schreiber,Germany U20,false
1077258,Saleh Al Abbas,,false
1077389,Mario Sandoval,,false
1077653,Valentin Gendrey,France U21,false
1077665,Lucas Soares,,false
1077671,Gustavo Furtado,,false
1077684,Ivor Pandur,Croatia,true
1077685,Hrvoje Smolcic,Croatia U21,false
1077894,Jude Bellingham,England,true
1077903,Matej Kov\u00e1r,Czechia,true
1077905,Ethan Laird,England Under 18,true
1077907,Brandon Williams,England U21,false
1077911,Maximilian Rohr,,false
1077915,Largie Ramazani,Belgium Under 18,true
1077917,Arnau Puigmal,Spain Under 18,true
1077922,George Tanner,,false
1077926,Ethan Galbraith,Northern Ireland,true
1077975,Armando Broja,Albania,true
1077977,Giacomo Quagliata,Italy U21,false
1077994,Will Reilly,USA U17,false
1078013,Faris Abdi,United States Under 18,true
1078071,Nathan Harriel,USA,true
1078113,Walid Cheddira,Morocco,true
1078729,Batista Mendy,France U19,false
1078846,Andrea Cambiaso,Italy,true
1078853,Dal Varesanovic,Bosnia and Herzegovina,true
1079040,Mauricio Cuevas,United States Under 16,true
1079056,Zaidu Sanusi,Nigeria,true
1079065,Arda Kizildag,Turkiye U21,false
1079080,Filip Stojilkovic,Switzerland U21,false
1079103,Jacob Greaves,,false
1079194,Don Deedson Louicius,Haiti,true
1079216,Charles-Andreas Brym,Canada,true
1079220,Jo\u00e3o Gon\u00e7alves,Portugal U21,false
1079233,Sim\u00e3o,,false
1079285,Theodore Ku-DiPietro,USA U23,false
1079298,Elijah Wynder,,false
1079456,Costinha,Portugal U21,false
1079485,Beto,Guinea-Bissau,true
1079500,Souffian El Karouani,Morocco,true
1079501,Cas Odenthal,,false
1079539,Dilane Bakwa,France U21,false
1079548,Joris Chotard,France U23,false
1079554,Anthony Rouault,,false
1079557,Amine Adli,Morocco,true
1079809,Doni Arifi,Finland,true
1079892,Rayan Philippe,,false
1080151,Timur Suleymanov,Russia U21,false
1080172,Levent Mercan,,false
108038,Georginio Wijnaldum,Netherlands,true
1080508,Rodrigo Pinheiro,Portugal U21,false
1080516,\u00c1ngel Torres,,false
1080520,Gon\u00e7alo Borges,Portugal U21,false
1080660,Ringo Meerveld,,false
1080669,Nadir Zortea,Italy U21,false
1080681,Rafael Brito,Portugal U20,false
1080753,Brayan Gil,El Salvador,true
1080917,Omar Traor\u00e9,,false
1080983,Ilia Gruev,Bulgaria,true
1081024,Frederik J\u00e4kel,Germany U21,false
1081025,Mads Bidstrup,Denmark,true
1081081,Sonny Carey,,false
1081174,Alex Mighten,England Under 18,true
1081230,Jean Hugonet,,false
1081241,Benjamin Chrisene,England Under 15,true
1081285,Louie Sibley,England Under 18,true
1081288,Morgan Whittaker,England Under 18,true
1081302,\u00c1lex Martin,Spain U19,false
1081431,Chinonso Offor,,false
1081707,Erencan Yardimci,Turkiye U21,false
1082102,Igor Jesus,Brazil,true
1082103,Jahkeele Marshall-Rutty,Canada,true
1082106,Jayden Nelson,Canada,true
1082109,Ralph Priso,Canada,true
1082117,Sabino,,false
1082491,Lino Tempelmann,,false
1082597,Ignace Van Der Brempt,Belgium U21,false
1082900,Marcos Mej\u00eda,,false
1082905,Jacob Davis,,false
1082930,Iker Losada,Spain Under 18,true
1082941,Samuel Lino,Brazil,true
1082954,Gonzalo Crettaz,,false
1082957,Ram\u00f3n Enr\u00edquez,Spain U19,false
1083010,Mart\u00edn Pascual,,false
1083185,Femi Azeez,Nigeria,true
1083204,Borja Sainz,Spain U19,false
1083216,Peter Kingston,,false
1083231,Nikolay Titkov,,false
1083233,John Pulskamp,USA,true
1083287,Jansen Miller,,false
1083292,Patrick Schulte,USA,true
1083322,Tim Oberdorf,,false
1083323,Pedri,Spain,true
1083342,Semih Sahin,,false
1083349,Afonso Sousa,Portugal U21,false
1083562,Juan Cabal,Colombia,true
1083607,Eddie Guevara,,false
1083717,Jessic Ngankam,Germany U21,false
1083796,Kevin Schade,Germany,true
108381,Milan Djuric,Bosnia and Herzegovina,true
1083848,Vladislav Torop,Russia,true
1083890,Neraysho Kasanwirjo,Netherlands U21,false
1083998,Edvard Tagseth,Norway U21,false
1084160,Ruslan Litvinov,Russia,true
1084245,Julimar,,false
1084535,Matti Peltola,Finland,true
1084981,Noni Madueke,England,true
1085045,Hussain Al-Eissa,Saudi Arabia,true
1085059,Daniel Rivas,Paraguay,true
1085333,Abdulrahman Al-Safar,,false
1085340,Ali Al-Salem,,false
1085390,Vasilios Zagaritis,Greece U21,false
1085401,David Zima,Czechia,true
1085674,Samuel Dahl,Sweden,true
1085706,Matteo Di Giusto,Switzerland U21,false
1085744,Jakub Markovic,Czechia,true
1085809,Hyeok-Kyu Kwon,South Korea,true
1085995,Jannes Wieckhoff,,false
1086012,Ansu Fati,Spain,true
1086018,Kevin Spadanuda,,false
1086044,Edu,Brazil Under 16,true
1086251,Oscar Vilhelmsson,Sweden U21,false
1086527,Jordi Mart\u00edn,,false
1086551,Ole Blomberg,,false
1086647,Cameron Archer,England U21,false
1086650,Haydon Roberts,England Under 18,true
1086653,Tyler Goodrham,Ireland U21,false
1086712,Harry Clarke,,false
1086713,Zak Swanson,,false
1086842,Samuel Silvera,Australia,true
1087476,Mathias Kj\u00f8l\u00f8,Norway U21,false
1087574,Casper Terho,Finland,true
1087657,Danila Vedernikov,Russia Under 18,true
1087658,Tochi Chukwuani,Denmark U21,false
1087743,Juan Perea,,false
1087772,Serhat-Semih G\u00fcler,,false
1087773,Juan Nardoni,Argentina U23,false
1087966,Evann Guessand,Ivory Coast,true
1088053,Miguel Baeza,,false
1088066,Jhon Dur\u00e1n,Colombia,true
1088118,Derik Lacerda,,false
1088156,Luc\u00e3o,Brazil U22,false
108824,Giorgi Shelia,,false
1088749,Luis Asu\u00e9,Equatorial Guinea,true
1088753,Geny Catamo,Mozambique,true
1088754,Jes\u00fas Owono,Equatorial Guinea,true
1088860,Eggert Gudmundsson,Iceland,true
1089478,Mathias Olesen,Luxembourg,true
1089592,Lewis Brunt,,false
1089645,Jaden Philogene-Bidace,England U21,false
1089685,Carney Chukwuemeka,Austria,true
1089686,Kaine Kesler-Hayden,England U20,false
1089736,Rob Nizet,Belgium U17,false
1089744,Zito Luvumbo,Angola,true
1089750,Antef Tsoungui,Belgium U21,false
1089870,Ricky-Jade Jones,,false
1089922,Reda Khadra,Germany U21,false
1090202,Kwame Poku,Ghana,true
1090238,Gabriel Pec,Brazil U23,false
1090263,Bruno Gomes,Brazil U23,false
1090333,Diego Costa,,false
1091141,Faride Alidou,Germany U21,false
1091146,Razhab Magomedov,,false
1091193,Maduka Okoye,Nigeria,true
1091369,Pablo Garc\u00eda,,false
1091907,Fisayo Dele-Bashiru,Nigeria,true
1091973,Koba Koindredi,France U18,false
1091975,Liel Abada,Israel,true
1091983,Rodrigo C\u00e1seres,,false
1092015,Oguz Aydin,Turkiye,true
1092256,Tijs Velthuis,Netherlands U17,false
1092403,Melvin Bard,France U23,false
1092680,Morgan Guilavogui,Guinea,true
1092731,Joel Chima Fujita,Japan,true
1092903,Muhammed Cham,Austria,true
1092987,Tom\u00e1s Ribeiro,,false
1093025,Sotiris Alexandropoulos,Greece,true
1093253,Burak Ince,Turkiye U21,false
1093255,Carlo Boukhalfa,,false
1093264,Cedric Teguia,Spain Under 18,true
1093285,Fabiano Parisi,Italy,true
1093297,\u00c1lex Mill\u00e1n,Spain U17,false
1093306,Calvin Raatsie,Netherlands U21,false
1093698,Aritz Aldasoro,,false
1093746,Rodrigo Garro,,false
1093782,Lukas Petkov,Bulgaria,true
1093784,Manu Nieto,,false
1094493,Lautaro de Le\u00f3n,,false
1094741,Nishan Burkart,Switzerland U19,false
1094778,Ra\u00fal Garc\u00eda,,false
109491,Jay Rodriguez,England,true
1095184,Aleksandr Osipov,,false
1095186,Rodrigo Cabral,,false
1095207,Ayman Yahya,Saudi Arabia,true
1095432,Charles De Ketelaere,Belgium,true
1095445,Arnaud Kalimuendo-Muinga,France U23,false
1095779,Facundo Mater,Syria,true
109621,Steven Nzonzi,France,true
1096327,Jakub Stolarczyk,Poland U21,false
1096353,Cole Palmer,England,true
1096389,Thierno Ballo,Austria,true
1096396,Lucas Bergstr\u00f6m,Finland,true
1096400,Levi Colwill,England,true
1096694,Layton Stewart,England Under 18,true
1097009,Oliver S\u00f8rensen,Denmark Under 20,true
1097229,Orri \u00d3skarsson,Iceland,true
1097361,Luca Sirch,,false
1097375,Jakob Lemmer,,false
1097441,Ensar Kemaloglu,,false
1097446,Noah Cadiou,Guadeloupe,true
1097467,Dirk Proper,Netherlands U21,false
1097497,Darlin Yongwa,Cameroon,true
1097753,Kwadwo Baah,England Under 18,true
1097775,Maksim Mukhin,Russia,true
1097796,Samuel Ballet,,false
1097836,Leonel Picco,,false
1097853,Nilton Varela,,false
1097860,Mat\u00edas Miranda,,false
1098065,Melih Ibrahimoglu,Turkiye U21,false
1098066,Amadou Dante,Mali,true
1098086,Kristian Hlynsson,Iceland,true
1098096,Evanilson,Brazil,true
1098104,Ferreira,,false
1098243,Yanis Zouaoui,,false
1098365,Jorge Herrando,,false
1098366,Ricard S\u00e1nchez,Spain U19,false
1098594,Julen Lobete,Spain U21,false
1098752,Lewis Dobbin,England Under 16,true
1098753,Nicholas Hansen,Denmark U19,false
1098816,Nathan Butler-Oyedeji,,false
1098817,Daniel Oyegoke,England Under 18,true
1099974,Issa Kabor\u00e9,Burkina Faso,true
1100015,Donat Rrudhani,Kosovo,true
1100258,Joel Waterman,Canada,true
1100273,Diego Collado,,false
1100599,Diego Gonz\u00e1lez,,false
1101030,Kai Trewin,Australia,true
1101043,Raphael Borges Rodrigues,Australia U20,false
1101144,Indiana Vassilev,USA,true
1101251,Santiago Moreno,Colombia,true
1101270,Iker \u00c1lvarez,Andorra,true
110148,Marko Arnautovic,Austria,true
110184,Dion Malone,Suriname,true
1102240,Casper Tengstedt,Denmark U21,false
1102289,Juan Iglesias,,false
1102708,Germ\u00e1n Valera,Spain U17,false
1102732,Ferr\u00e1n Jutgl\u00e0,,false
1103837,Issa Soumar\u00e9,,false
1104053,Rayan Cherki,France,true
1104156,Alexandro Bernab\u00e9i,,false
1104401,Ibrahim Diabate,Ivory Coast U23,false
1104408,Irakliy Manelov,,false
1104441,Niels Nkounkou,France U23,false
1104538,Mart\u00edn Ch\u00e1ves,Uruguay U17,false
1104712,Mads Kristian Hansen,Denmark Under 20,true
1105348,Stepan Oganesyan,Russia,true
1105448,Elvin Cafarquliyev,Azerbaijan,true
1105912,Riccardo Calafiori,Italy,true
1106074,Mario Gila,Spain,true
1106563,Nick Woltemade,Germany,true
1106742,Sergio Carreira,Spain U21,false
1106821,Carlos Mar\u00edn,Spain U17,false
1106851,Erick Pl\u00faas,Ecuador Under 23,true
1106866,Jacen Russell-Rowe,Canada,true
1106871,Peglow,Brazil Under 18,true
1106878,Alan Godoy,,false
1106881,Indrit Tuci,Albania,true
1106894,Marat Bokoev,,false
1106895,Marvin Park,,false
1106898,Gabriel Veron,Brazil Under 18,true
1106916,Oier Zarraga,,false
1106934,Kobe Franklin,Canada U20,false
1106969,Rub\u00e9n Pulido,,false
1107250,Tayvon Gray,Jamaica,true
1107257,Souleymane Faye,Senegal,true
1107280,Pape Sarr,Senegal,true
1107283,Ji-Sung Eom,South Korea,true
1107286,Wilfried Gnonto,Italy,true
1107289,Aliou Bald\u00e9,Guinea,true
1107298,Marvin Keller,Switzerland,true
1107422,Josias Lukembila,,false
1107423,Isaac Schmidt,Switzerland,true
1107620,Jarell Quansah,England,true
1107648,James McAtee,England Under 18,true
1107735,Sphephelo Sithole,South Africa,true
1107910,Valentino Livramento,England,true
1107951,Cenk \u00d6zkacar,Turkiye,true
1107963,Ahmet Sivri,,false
1107967,Muharrem Cinan,,false
1108031,Kandet Diawara,Guinea,true
1108328,Kazimcan Karatas,Turkiye,true
1108603,Timoth\u00e9e Pemb\u00e9l\u00e9,France U23,false
1108614,Gonzalo Tapia,Chile,true
1108837,Batxi,Angola,true
1108844,\u00c1lvaro Carrillo,Spain U21,false
1108859,Cebrails Makreckis,Latvia U19,false
1108863,David Larrubia,Spain U17,false
1108882,Diego Duarte,Paraguay U23,false
1109046,Ilaix Moriba,Guinea,true
110911,Craig Forsyth,Scotland,true
1109119,Kevin Serna,Colombia,true
1109129,Luis Rojas,Chile U17,false
1109166,Sang-Bin Jeong,South Korea,true
1109171,Yan Couto,Brazil,true
1109173,Temirkan Sundukov,,false
1109476,Jacob Ondrejka,Sweden,true
1109477,Mark McGuinness,Ireland,true
1109486,Kazeem Olaigbe,Belgium U21,false
1109490,James Morris,,false
1109547,Olakunle Olusegun,Nigeria,true
1109550,Pedro Naressi,,false
1109757,Marc Leonard,Scotland U21,false
1109766,Joan Cruz,Chile U20,false
1110045,Gaetano Oristanio,Italy U21,false
111060,Callum McGregor,Scotland,true
1110703,Bartosz Bialek,Poland U21,false
1110725,Ennio van der Gouw,,false
1110819,David Brekalo,Slovenia,true
1110836,Iv\u00e1n Gil,,false
1111061,Imanol Garc\u00eda de Alb\u00e9niz,,false
1111074,Levente Szab\u00f3,Hungary,true
1111391,Liam Gibbs,,false
1111392,Tawanda Chirewa,Zimbabwe,true
1111937,Lautaro D\u00edaz,,false
1111980,Youri Regeer,Netherlands U21,false
1111981,L\u00e1zaro,Brazil Under 18,true
1112072,Jon Pacheco,Spain Under 18,true
1112499,Toon Raemaekers,,false
1112511,Alejandro Franc\u00e9s,Spain U21,false
1112684,Nathan Patterson,Scotland,true
1112701,Max Cleworth,,false
1112702,Arkadiusz Pyrka,Poland,true
1112763,Rayyan Baniya,Turkiye,true
1112942,Federico Paz,,false
1113390,Pablo Calder\u00f3n,,false
1113670,Aaron Ramsey,England Under 18,true
1113678,Alex Gilbert,Ireland,true
1113688,Ali Al Hamadi,Iraq,true
1113690,Conor Bradley,Northern Ireland,true
1113692,Jamie Gittens,England Under 18,true
1113694,Jonathan Rowe,England U21,false
1113704,Archie Brown,England U20,false
1113724,Tyler Morton,England U21,false
1113727,Tony Springett,Ireland U21,false
1113736,Thomas Cannon,Ireland,true
1113737,Theo Corbeanu,Canada,true
1113753,Dane Scarlett,England Under 16,true
1113784,Pierre Ekwah,France U20,false
1113785,Hannibal Mejbri,Tunisia,true
1113790,Oscar Bobb,Norway,true
1113809,Mika Biereth,Denmark,true
1113813,Myles Peart-Harris,England U19,false
1113816,Jay Stansfield,England Under 18,true
1113891,Luke Plange,England U20,false
1113903,Liam Delap,England Under 18,true
1113907,Josh Coburn,,false
1113915,Kasey McAteer,Ireland,true
1113962,Tigran Avanesyan,Armenia,true
1114138,Lisandru Tramoni,France U17,false
1114359,Marco Burch,Switzerland U21,false
1114472,Lilian Egloff,,false
1114554,Yusuf Demir,Austria,true
1114635,Luis Henrique,,false
1114798,Jota Silva,Portugal,true
1114874,Denso Kasius,Netherlands U21,false
1114979,Emmanuel Agbadou,Ivory Coast,true
1114989,Jamal Harkass,Morocco,true
1116199,Anthony Descotte,Belgium U21,false
1116234,Caio Alexandre,,false
1116391,Hugo Bueno,Spain U21,false
1116482,Igor Formiga,,false
1116734,Gabriel Veiga,Spain U21,false
1116736,Gaspar Campos,Spain U21,false
1116740,Ido Shahar,Israel,true
1116749,Mattia Viti,Italy U21,false
1116774,Lukasz Lakomy,Poland U21,false
1116778,Szymon Wlodarczyk,Poland U21,false
1116942,Mirko Topic,Serbia,true
1116948,Patricio Boolsen,,false
1117069,Georges Mikautadze,Georgia,true
1117306,Botond Balogh,Hungary,true
1117310,Edoardo Corvi,,false
1117570,Kerem Akt\u00fcrkoglu,Turkiye,true
1118178,Juan,Brazil Under 18,true
1118190,Lucas Fasson,Brazil U23,false
1118192,Welington,,false
1118194,Rodrigo Nestor,Brazil U17,false
1118195,Luan Patrick,Brazil Under 18,true
1118199,Zaid Abner Romero,Argentina,true
1118458,Gian Franco Allala,Uruguay,true
1118479,V\u00edctor Meseguer,,false
1118480,Dennis Cirkin,Latvia,true
1118483,Tom Fellows,England U21,false
1118540,David Ayala,Argentina U17,false
1118703,Pablo Goz\u00e1lbez,,false
1118906,Nelson Abbey,England Under 18,true
1118907,Mauricio Vera,,false
1119145,Nicol\u00e1s Monserrat,,false
1119166,Oleksandr Syrota,Ukraine,true
1119168,Tural Bayramov,Azerbaijan,true
1119461,Loic Bad\u00e9,France,true
1119643,Jan Thielmann,Germany U21,false
1119683,Miguel Atienza,,false
1119684,Sergio Cubero,,false
1119687,Georgios Vagiannidis,Greece,true
1119702,Yassin Oukili,Morocco U23,false
1119806,Millenic Alli,Ireland,true
1119943,Mourad El Ghezouani,,false
1120002,Arnau Comas,,false
1120109,Guille Rosas,Spain U21,false
1120749,Aguibou Camara,Guinea,true
1120854,Dalisson de Almeida,,false
1120928,Mehmet \u00d6zbek,,false
1121005,Alejandro Mel\u00e9ndez,,false
1121170,Ransford K\u00f6nigsd\u00f6rffer,Ghana,true
1121204,Pepe S\u00e1nchez,,false
1121314,Ronnie Edwards,England U21,false
1121511,Ernest Mu\u00e7i,Albania,true
1121748,Milos Pantovic,Serbia,true
1122232,Faisel Al-Ghamdi,Saudi Arabia,true
1122478,\u00c1ngel Algobia,,false
1122563,Sam Bell,,false
1122595,Strahinja Erakovic,Serbia,true
1122642,Steven Tapiero,,false
1122649,Benjam\u00edn Gazzolo,Chile Under 23,true
1123046,Jos\u00e9 Hern\u00e1ndez,,false
1123324,Rafael Tresaco,,false
1123505,Amine El Ouazzani,Morocco U23,false
1123524,Solomon Brynn,,false
1123587,Sambou Soumano,,false
1123933,Liam Thompson,,false
1123947,Romaine Mundle,,false
1123949,Eric Bocat,,false
1124185,Nicol\u00e1s D\u00e1vila,,false
1124212,George Thomason,,false
1124392,Kristijan Belic,Serbia,true
1124454,Maxence Rivera,,false
1124529,Christos Zafeiris,Greece,true
1124533,Kilian Sildillia,France U23,false
1124825,Tim Lemperle,Germany U21,false
1124844,Ahmed Kendouci,Algeria,true
1124868,Jack Maher,United States Under 18,true
1125074,Mohammed Maran,Saudi Arabia,true
1125076,Ruben Kluivert,,false
1125083,Nawaf Alaqidi,Saudi Arabia,true
1125187,Ramon Hendriks,Netherlands Under 18,true
1125232,Bright Arrey-Mbi,Germany U21,false
1125446,Balthazar Pierret,,false
1125477,Bruno Langa,Mozambique,true
112564,Alfonso Parot,Chile,true
1125750,Tom\u00e1s H\u00e4ndel,Portugal U21,false
1125874,Darko Gyabi,England Under 18,true
1125997,Shurandy Sambo,Curacao,true
1125999,Yusuf Barasi,Netherlands Under 16,true
1126058,Malik Tillman,USA,true
1126176,Adilson,,false
1126421,Magnus Bech Riisn\u00e6s,Norway Under 18,true
1126768,Raphael Onyedika,Nigeria,true
1126769,Aral Simsir,Turkiye,true
1127007,Chiquinho,Portugal U21,false
1127054,Tom\u00e1s Suslov,Slovakia,true
1127125,Obed Nkambadio,France U23,false
1127223,Antonio Pacheco,Spain U17,false
1127224,Fer Ni\u00f1o,Spain U21,false
1127277,Alassane Ndao,Senegal,true
1127305,Eiran Cashin,Ireland,true
1127306,Nile John,England Under 16,true
1127325,Braian Mart\u00ednez,,false
1127480,Tommy Conway,Scotland,true
1127585,Sondre Klingen Lang\u00e5s,Norway,true
1128668,Ashvin Balaruban,,false
1128768,Alfred Canales,Chile,true
1128780,Aymane Mourid,,false
1128902,Bogdan Jocic,Serbia U19,false
1128926,Daniel G\u00f3nzalez,Chile,true
1128940,Edgar Sevikyan,Armenia,true
1128943,Javi Castro,,false
1128945,Rodrigo Muniz,,false
1128965,Charly Alcaraz,Argentina,true
1129021,Jason Le\u00f3n,,false
1129024,Jonathan Villagra,Chile,true
1129081,Marcelino N\u00fa\u00f1ez,Chile,true
1129082,Jamie Roche,,false
1129220,Anas Bakhat,,false
112978,Roman B\u00fcrki,Switzerland,true
1130172,Malek Al Abadalmanam,,false
1130330,Josh Doig,Scotland,true
1130568,Iv\u00e1n Chapela,Spain U17,false
1130583,Sam\u00fa,Portugal,true
1130584,Luciano Arriagada,Chile,true
1130688,Dar\u00edo Pazmi\u00f1o,,false
1130690,Adrian Cela,,false
1130691,Kamaldeen Sulemana,Ghana,true
1130706,Jos\u00e9 Enamorado,Colombia Under 21,true
1130711,Lucas Figueiredo,Brazil U23,false
1130713,Jo\u00e3o Paulo,,false
1130732,Daniel Mateo Mosquera,,false
1130733,Mathias Fj\u00f8rtoft L\u00f8vik,Norway U21,false
1130753,Zane Monlouis,England U17,false
1130766,Tristan Crama,,false
1130774,Samuel Edozie,England Under 18,true
1130788,Fin Stevens,Wales,true
1130805,Ibane Bowat,Scotland U21,false
1130833,Matheus Bidu,,false
1130876,Gregori Anangon\u00f3,,false
1130946,Eddy Mej\u00eda,,false
1130991,Isaac Romero,,false
1131217,Pierre Kalulu,France,true
1131349,Santiago Hezze,Argentina U23,false
1131702,Ezequiel Ca\u00f1ete,,false
1131896,Hadj Mahmoud,Tunisia,true
1131957,Jon Olasagasti,Spain U21,false
1131992,Jakub Kaluzinski,Poland,true
1132069,Mohamed Tour\u00e9,Australia,true
1132158,Z\u00e9 Carlos,,false
1132183,Luca Schuler,,false
1132319,Razvan Sava,Romania,true
1132323,Guillem Molina,,false
1132342,Danny Imray,,false
1132355,\u00c1lvaro N\u00fa\u00f1ez,,false
1132425,Benjam\u00edn Rojas,,false
1132607,Peque Fern\u00e1ndez,Spain U21,false
1132818,Seol Young-Woo,South Korea,true
1132940,Thiago Borbas,Uruguay,true
1132960,Ram\u00f3n Sosa,Paraguay,true
1133015,Matheus Mendes,,false
1133081,Sinaly Diomand\u00e9,Ivory Coast,true
1133381,Albert Gr\u00f8nb\u00e6k,Denmark,true
1133495,Juan C\u00e1ceres,Paraguay,true
1133564,Hayden Carter,,false
1133583,Nader Abdullah Al Sharari,,false
1133651,Lukas Soza,Chile U17,false
1133754,Niklas Geyrhofer,Austria U21,false
1133755,Dardan Shabanhaxhaj,Kosovo,true
1133802,Bamidele Yusuf,,false
1134097,Mihajlo Banjac,Serbia U21,false
1134104,Maximiliano Falc\u00f3n,,false
1134206,Mohamed Amoura,Algeria,true
1134447,Bryce Duke,,false
1134464,Erick Noriega,Peru,true
1134467,Yuito Suzuki,Japan,true
1134508,Tatsuki Seko,,false
1134723,Seiya Maikuma,Japan,true
1134759,Sota Kawasaki,Japan,true
1134871,Maxim De Cuyper,Belgium,true
1134907,Jackson Rodr\u00edguez,Ecuador,true
1134929,Sixto Mina,,false
1135408,Tanto Olaofe,,false
1135609,William B\u00f8ving,Denmark Under 18,true
1135655,Adam Karabec,Czechia,true
1135782,Taha Abdi Ali,Sweden,true
1135820,Daniel B\u00eerligea,Romania,true
1135987,Khusniddin Alikulov,Uzbekistan,true
1136015,Konstantin Tyukavin,Russia,true
1136089,Mauricio Pineda,USA,true
1136096,Sebastian Berhalter,USA,true
1136097,Aidan Morris,USA,true
1136099,Kevin Paredes,USA,true
1136130,Tiago Galletto,,false
113616,Germ\u00e1n Cano,,false
113620,Lucas Hoyos,,false
1136251,Nkosi Tafari,USA,true
1136263,Drake Callender,USA,true
1136264,Dylan Nealis,,false
1136274,Jack Skahan,,false
1136294,Tanner Beason,,false
1136311,Milan Iloski,USA U19,false
1136396,Daryl Dike,USA,true
1136403,John Tolkin,USA,true
1136409,Cristian Olivera,Uruguay,true
1136450,Abu Kamara,England U20,false
1136487,Osaze De Rosario,Guyana,true
1136496,Jon Bell,Jamaica,true
113668,Gabriel Mercado,Argentina,true
1136899,Vadim Lukyanov,,false
1136937,Adri\u00e1n Rodriguez,,false
1137106,Lucas Gourna-Douath,France U21,false
1137272,Yunus Musah,USA,true
1137364,Justin Njinmah,,false
1137393,Charlie McNeill,England Under 16,true
1137404,Andrew Moran,Ireland,true
1137454,Juan Mosquera,Colombia,true
1137457,Kevin Andrade,,false
1137497,Yago Santiago,,false
1137595,Nixon Molina,,false
1137664,Patrick de Paula,,false
1137665,Joshu\u00e9 Qui\u00f1\u00f3nez,Ecuador,true
1137667,Piero Hincapi\u00e9,Ecuador,true
1137668,Mois\u00e9s Caicedo,Ecuador,true
1137670,Willian Pacho,Ecuador,true
1137671,Gabriel Menino,Brazil,true
113769,Lucas Pratto,Argentina,true
1137702,Jeyson Rojas,Chile,true
1137706,Sa\u00fal Guarirapa,Venezuela,true
1137726,Lasse Nord\u00e5s,Norway U21,false
1137803,C\u00e9sar Yanis,Panama,true
1137909,Emiliano Mart\u00ednez,Uruguay,true
1137999,Diego C\u00e9spedes,,false
1138003,Moteb Al-Harbi,Saudi Arabia,true
1138071,Tamerlan Musaev,Russia,true
1138136,Robert Voloder,Germany U20,false
1138299,\u00d6mer Beyaz,T\u00fcrkiye Under 16,true
113836,Danny Welbeck,England,true
1138554,Imadeddine Azzi,,false
1138592,Zidane Iqbal,Iraq,true
1138725,Noel Futkeu,,false
1138769,David Da Costa,Portugal U21,false
1139168,Facundo Torres,Uruguay,true
1139169,Jaj\u00e1,,false
1139353,Alfonso Trezza,,false
1139499,Oskar Siira Sivertsen,Norway Under 18,true
1139809,Ben Lederman,Poland,true
1140003,Ilya Zabarnyi,Ukraine,true
1140910,Florian Kleinhansl,,false
1140913,Jonas Sterner,,false
1140917,Maximilian Gro\u00dfer,,false
1140919,Nick B\u00e4tzner,Germany U21,false
114268,Dejan Lovren,Croatia,true
1145499,Kirill Zinovich,Belarus,true
1145714,Sander Tangvik,Norway,true
1145717,Warren Kamanzi,Norway,true
1146376,Eren Dink\u00e7i,Turkiye,true
1146500,Matteo Cancellieri,Italy,true
114737,Marwin Hitz,Switzerland,true
114738,Luca Zuffi,Switzerland,true
115067,Nemanja Matic,Serbia,true
1150871,Kiko Bondoso,,false
1151313,Luk\u00e1s Cerv,Czechia,true
1152435,Tom\u00e1s Rigo,Slovakia,true
1152455,Florian Wirtz,Germany,true
1153342,M\u00e1rton D\u00e1rdai,Hungary,true
1154332,Mateusz Kochalski,Poland,true
1155066,Satoshi Tanaka,Japan,true
115512,David Sim\u00e3o,Portugal U21,false
1155130,Luca Netz,Germany U21,false
1155249,Osher Davida,Israel,true
1155675,Jakob Breum,Denmark Under 18,true
115591,Ricardo Rodr\u00edguez,Switzerland,true
1156141,Jamal Musiala,Germany,true
1156148,Matheo Raab,,false
1156380,Eduardo Quaresma,Portugal U21,false
1156568,Amin Sarr,Sweden U21,false
1156569,Sebastian Nanasi,Sweden,true
1157236,Yehor Yarmoliuk,Ukraine,true
1157237,Christos Tzolis,Greece,true
1157634,Stefan Mitrovic,Serbia,true
1157905,Johan Karlsson,Sweden,true
1158225,Milson,Angola,true
1158512,Juanlu S\u00e1nchez,Spain U23,false
1158927,Diego Bri,,false
1158933,Sabit Abdulai,Ghana U20,false
1158945,Nuno Mendes,Portugal,true
1159063,Nils Reichmuth,Chile,true
1159181,Javi L\u00f3pez,Spain U21,false
1159229,Claudio Mendes,,false
1159233,Alieu Fadera,Gambia,true
1159237,Pau V\u00edctor,,false
1159539,Taylor Booth,USA,true
1159556,Adri\u00e1n Kapr\u00e1lik,Slovakia,true
1159831,Casper Widell,Sweden U21,false
1160076,Sondre Auklend,Norway U21,false
1160390,Jose Font\u00e1n,Spain U21,false
1160747,Joelson Fernandes,Portugal U21,false
1161003,Pavel Gorelov,Armenia U21,false
1161020,Ivan Komarov,Russia,true
1161042,Pablo P\u00e9rez,,false
1161211,Fabian Rieder,Switzerland,true
1161214,Mihailo Stevanovic,Serbia U21,false
1161220,Nicolas Vouilloz,Switzerland U21,false
1161221,Niklas Steffen,Switzerland U17,false
1161609,Alexandru Pantea,Romania,true
1161870,Anders Klynge,,false
1161885,Bobby Thomas,,false
1162008,Hristiyan Petrov,Bulgaria,true
1162410,Berkan Kutlu,Turkiye,true
116243,Rafael Romo,Venezuela,true
1162659,Alberto Mar\u00ed,,false
1162677,Daniel Villahermosa,,false
1162969,Isak Hansen-Aar\u00f8en,Norway Under 15,true
1163219,Ardon Jashari,Switzerland,true
1163273,Laurs Skjellerup,,false
1163501,Filippo Terracciano,Italy U21,false
1164506,Tiago Tom\u00e1s,Portugal U21,false
1165259,Fabiano Souza,,false
1165457,Mathias Kvistgaarden,Denmark,true
1165477,Telmo Arcanjo,Cape Verde,true
1165547,Cadu,,false
116555,Duv\u00e1n Zapata,Colombia,true
1165710,Gon\u00e7alo In\u00e1cio,Portugal,true
1166048,Fabio Fehr,,false
1166344,Kevin Carlos,,false
1167181,Jan Reichert,,false
1167189,Youness Lachhab,,false
1167220,Joan Garc\u00eda,Spain,true
1167225,Iv\u00e1n Morante,Spain Under 18,true
116750,Ricky van Wolfswinkel,Netherlands,true
1167529,Rafael Obrador,Spain Under 16,true
1167610,Sayfallah Ltaief,Tunisia,true
116772,Thomas M\u00fcller,Germany,true
1168058,Randy Schneider,Philippines,true
1168227,Daniil Odoevskiy,Russia Under 16,true
1168311,Yasin Ayari,Sweden,true
1168520,Mayckel Lahdo,Sweden U21,false
1168529,Tyron Owusu,Switzerland U17,false
1168602,Jonathan Sirois,Canada,true
1168852,\u00cd\u00f1igo Sainz-Maza,,false
1169322,Alban Ajdini,Kosovo,true
1169353,Georgios Koutsias,Greece U21,false
1169595,Ilyas Chaira,Morocco U20,false
1169596,Ra\u00fal Moro,Spain U21,false
1169991,Brian Schwake,,false
1170023,Alexander Silyanov,Russia,true
1170233,Daniel Edelman,United States Under 16,true
1170743,Ajani Fortune,Trinidad and Tobago,true
1170744,Caleb Wiley,USA,true
1170745,Matthew Edwards,,false
1170975,Jonathan Dean,,false
1171008,Paxten Aaronson,USA,true
1171013,Jack McGlynn,USA,true
1171017,Jack Jasinski,,false
1171023,Jonathan G\u00f3mez,USA,true
1171135,Ian Fray,Jamaica,true
1171140,Jaidon Anthony,,false
1171305,Caden Clark,USA,true
1171780,Leandro Andrade,Cape Verde,true
1171825,Jalen Neal,USA,true
1172405,Tjas Begic,Slovenia,true
1172406,Mois\u00e9s,,false
1172426,Bode Hidalgo,,false
1172804,Danil Denisov,Russia,true
1172905,Benji Kikanovic,,false
1173017,Pierre Dwomoh,Belgium Under 18,true
1173248,Michel-Ange Balikwisha,DR Congo,true
1173250,Arthur Theate,Belgium,true
1173474,Rafael Navarro,,false
1173546,Roni,,false
1173565,Natanael,,false
1173632,Haitham Asiri,Saudi Arabia,true
1173650,Dani Bolt,,false
1173678,Johnny Cardoso,USA,true
1173684,Gabriel Silva,Brazil U17,false
1173779,Tim Siersleben,,false
1173785,\u00c9douard Michut,France U20,false
1173787,Xavi Simons,Netherlands,true
1173788,El Chadaille Bitshiabu,France U19,false
1173793,Alan Virginius,France U21,false
1173803,Nawaf Al Hawsawi,,false
1174002,Benjamin Bouchouari,Morocco,true
1174296,Andr\u00e9,Brazil,true
1174298,Guilherme Biro,,false
1174300,Calebe,,false
1174305,David Sousa,,false
1174329,Luciano Juba,Brazil,true
1174337,Savinho,Brazil,true
1174351,Jayden Oosterwolde,,false
1174630,Richard R\u00edos,Colombia,true
1174633,Ramon,,false
1174640,Pedro Maranh\u00e3o,,false
1174648,Max Johnston,Scotland,true
1174660,Matheuzinho,,false
1174662,Matheus Bahia,,false
1174663,Marcos Leonardo,Brazil Under 16,true
1174671,Josu\u00e9 Cuero,,false
1174672,Jo\u00e3o Gomes,Brazil,true
1174678,Mamadou Maiga,Mali,true
1174682,Fabinho,,false
1174685,\u00canio,,false
1174708,Youssoufa Moukoko,Germany,true
1174726,Rocco Reitz,Germany,true
1174734,Jonas Thomas Kersken,,false
1174961,Awad Al Nashri,Saudi Arabia,true
1174962,Ziyad Aljohani,Saudi Arabia,true
1174974,Fabr\u00edcio,,false
117541,Tjaronn Chery,Suriname,true
1175600,Nemanja Stojic,Serbia,true
1175610,Arsen Zakharyan,Russia,true
1175708,Ansgar Knauff,Germany U21,false
1175808,Matheus Nascimento,Brazil U20,false
1175939,Paul Nebel,Germany,true
1175955,Merveille Papela,Germany U20,false
1175969,Hugo Novoa,Spain U21,false
1176041,Ronald,,false
1176214,Luiz Henrique,Brazil,true
1176253,Mohammed Alkhaibari,Saudi Arabia U23,false
1176722,Ahmed Al-Nakhli,,false
1176726,Maksim Paskotsi,Estonia,true
1176780,Nnamdi Collins,Germany,true
1177131,Lucas Chevalier,France,true
1177306,Dor Turgeman,Israel,true
1177312,S\u00e9kou Mara,France U21,false
1177482,Melvin Zinga,Congo,true
1177724,Ziyad Aljari,Saudi Arabia U23,false
1177753,Yanis Cimignani,France U20,false
1177779,Alidu Seidu,Ghana,true
1178262,Waniss Ta\u00efbi,France U17,false
1178263,Alfie Devine,England Under 16,true
1178273,Vladislav Shitov,Russia,true
1178309,Cameron Harper,USA U20,false
1178314,Nikola Stulic,Serbia,true
1178319,Louis Patris,Belgium U21,false
1178324,Jaouen Hadjam,Algeria,true
1178325,Ousmane Camara,Mali,true
1178330,Simon Elisor,,false
1178331,Yassine Benhattab,,false
1178332,Isma\u00ebl Doukour\u00e9,France U21,false
1178350,Kaly S\u00e8ne,,false
1178363,Brandon Soppy,France U20,false
1178442,Lynnt Audoor,Belgium U19,false
1178443,Arne Engels,Belgium,true
1178444,Cisse Sandra,Belgium U21,false
1178453,Romeo Vermant,Belgium,true
1178504,Roko Simic,Croatia U21,false
1178505,Ibrahim Aliyu,Nigeria U20,false
1178512,Chrislain Matsima,France U23,false
1178514,Eliot Matazo,Belgium U21,false
1178602,Senne Lammens,Belgium,true
1178845,Camutanga,,false
1178959,R\u00e9my Vita,Comoros,true
1179024,Chris Kouakou,,false
1179047,Efra\u00edn Morales,Bolivia,true
1179048,Egor Lyubakov,,false
1179182,Adrian Gantenbein,Switzerland U21,false
1179483,Jug Stanojev,Serbia U19,false
1179484,Musa Qurbanli,Azerbaijan,true
1179835,Giorgi Gocholeishvili,Georgia,true
1179893,Luca Bolay,,false
1179897,Leo Oppermann,,false
1180218,Syb van Ottele,Netherlands U17,false
1180288,Ismael Saibari,Morocco,true
1180295,Derensili Sanches Fernandes,,false
1180299,Zico Buurmeester,,false
1180321,Devyne Rensch,Netherlands,true
1180481,Johann Lepenant,France U23,false
1180499,Julian Baas,Netherlands U21,false
1180500,Harvey Vale,Ireland,true
1180547,Souleymane Tour\u00e9,France U21,false
1180669,Ifet Djakovac,Bosnia and Herzegovina,true
1180694,Dean James,Indonesia,true
1180696,Fod\u00e9 Doucour\u00e9,Mali,true
1180707,Vladimir Khubulov,,false
1180718,Mohamed-Ali Cho,England Under 16,true
1180743,Tunahan Tasci,Turkiye U17,false
1180746,Christian Rasmussen,Denmark Under 20,true
1180857,Felipe Chamorro,Chile,true
1181101,Tyrhys Dolan,England U20,false
1181700,Danilo Santos,Brazil,true
1182330,Majed Al-Ghamdi,,false
118241,Gustaf Nilsson,Sweden,true
1182671,Isaac Boehmer,,false
1183141,G\u00f6ktan G\u00fcrp\u00fcz,T\u00fcrkiye Under 16,true
1183148,Emanuel Emegha,Netherlands,true
1183512,Million Manhoef,Netherlands U21,false
1183589,Ismail Y\u00fcksek,Turkiye,true
1183650,Francho Serrano,Spain U21,false
118374,\u00c1ngel Mena,Ecuador,true
1183742,Mithat Pala,,false
1183981,Noor Al Rashidi,,false
1183999,Yahya Kalley,Sweden U21,false
1184047,Nicol\u00e1s Meza,,false
118421,Gustavo,,false
1184388,Rio Hillen,Netherlands U19,false
1184444,Christophe Kabongo,Czechia,true
1184458,Mario Mitaj,Albania,true
1184465,Kyle Joseph,Scotland U19,false
1184468,Thelo Aasgaard,Norway,true
1184663,Miguel Rodr\u00edguez,Spain U19,false
1184693,Couhaib Driouech,Morocco U23,false
1184694,Alberto Moleiro,Spain U21,false
1184695,Jasper Dahlhaus,,false
1184743,Casper Staring,,false
1184745,Zeidane Inoussa,Sweden U21,false
1184772,\u00c1ngel Fortuno,,false
1184777,Jofre Carreras,,false
1184853,Ethan Espinoza,,false
1185143,Fynn Lakenmacher,,false
1185211,Mamadou Sangar\u00e9,Mali,true
1185235,Sava-Arangel Cestic,Serbia,true
1185260,Jamil Siebert,Germany U20,false
1185266,Dickson Abiama,,false
1185294,Ahmetcan Kaplan,Turkiye,true
1185336,Francisco Concei\u00e7\u00e3o,Portugal,true
1185338,Jo\u00e3o Marcelo,,false
1185467,Rhaldney,,false
1185509,Andreas M\u00fcller,,false
1185568,Benedict Hollerbach,,false
1185609,Robin Fellhauer,,false
1185629,Fabio Moreno Fell,,false
1185748,Amadou Onana,Belgium,true
1185782,Viljami Sinisalo,Finland,true
1185902,Jens Castrop,South Korea,true
1186010,Ivan Brnic,Croatia Under 23,true
1186015,Albian Hajdari,Kosovo,true
1186155,Mohammed Al Kunaydiri,,false
1186228,Josip Sutalo,Croatia,true
1186330,Gustavo Mantuan,,false
1186444,Charlie Cresswell,England U21,false
1186446,Nik Prelec,Slovenia U21,false
1186515,Khayon Edwards,,false
1186529,Carlos Forbs,Portugal,true
1186553,Alexsandro Ribeiro,Brazil,true
1186576,Noah Holm,Norway U21,false
1186606,Dion Beljo,Croatia,true
1186610,Erdem Canpolat,,false
1186615,Melker Ellborg,Sweden,true
1186684,Alan Varela,Argentina,true
1186685,Devis V\u00e1squez,Colombia,true
1186687,Bryan Garc\u00eda,,false
1186690,Agust\u00edn Sienra,,false
1186780,Alexandre Penetra,Portugal U21,false
1186978,Luk\u00e1s Horn\u00edcek,Czechia,true
1187044,Luiz J\u00fanior,,false
1187055,J\u00falio Rom\u00e3o,,false
1187119,Kewin,,false
1187131,Abraham Marcus,Nigeria,true
1187213,James Trafford,England,true
1187227,CJ Egan-Riley,England Under 18,true
1187236,Carl Rushworth,England U21,false
1187240,Busanello,,false
1187260,Prince Ampem,,false
1187283,Tom\u00e1s Ara\u00fajo,Portugal,true
1187285,Ryan Alebiosu,Nigeria,true
1187308,Matty Jacob,,false
1187317,Ben Nelson,England Under 18,true
1187364,Ol\u00e9 Pohlmann,Germany U17,false
1187370,Cristian Devenish,Colombia U23,false
1187389,Kilian Fischer,Germany U21,false
1187392,Tiago Morais,Portugal U21,false
1187420,Capita,Angola,true
1187449,Florian Bianchini,France U19,false
1187478,Jos\u00e9 Salinas,,false
1187506,Chadi Riad,Morocco,true
1187623,Matheus Pereira,,false
1187644,K\u00e9vin Boma,Togo,true
1187691,Jo\u00ebl Monteiro,Switzerland,true
1187702,Leo Rom\u00e1n,Spain,true
1187734,Flavien Boyomo,Cameroon,true
1187766,Sergio Arribas,,false
1187767,Urko Gonz\u00e1lez,Spain U21,false
1187836,Martinelli,,false
1188101,Saad Balobaid,Saudi Arabia U23,false
1188247,Jacob Trenskow,Denmark,true
1188375,Natan,Brazil,true
1188577,Jo\u00e3o Goulart,,false
1188578,Jo\u00e3o Silva,,false
1188588,Alejandro Alvarado,USA U20,false
1188608,Nuno Moreira,,false
1188619,Michael Heule,,false
1188625,Serdar Saat\u00e7i,Turkiye U21,false
1188642,Brandan Craig,United States Under 23,true
1188661,Claudio Kammerknecht,Sri Lanka,true
1188665,Rui Modesto,Angola,true
1188770,Ruslan Bezrukov,,false
1188890,Nicolai Remberg,,false
1189048,Khalil Al Absi,Saudi Arabia U23,false
1189174,Marat Apshatsev,,false
1189223,Patrizio Masini,,false
1189288,Federico Gatti,Italy,true
1189431,Sergio N\u00fa\u00f1ez,,false
1189480,Devon Koswal,,false
1189595,Joaqu\u00edn Guti\u00e9rrez,Chile,true
1189627,Shola Shoretire,England Under 18,true
1189687,Uran Bislimi,Switzerland,true
1189692,Edoardo Iannoni,,false
1189856,Abdallah Sima,Senegal,true
1189900,Aaron Astudillo,,false
1190025,Alvaro Carreras,Spain U21,false
1190027,Noam Emeran,,false
1190029,Thomas Kristensen,Denmark Under 20,true
1190030,Odel Offiah,,false
1190033,Lamare Bogarde,Netherlands Under 18,true
1190097,Octavian Popescu,Romania,true
1190113,Ot\u00e1vio,,false
1190350,Niko Galesic,Croatia Under 23,true
1190351,Veldin Hodza,Kosovo,true
1190493,Alioune Ndoye,,false
1190549,Falko Michel,,false
1190695,Josh Bauer,,false
1190710,Darren Yapi,USA U21,false
1190765,Reed Baker-Whiting,USA U21,false
119079,Alex McCarthy,England,true
1190850,Alexander Aravena,Chile,true
1190867,Rom\u00e9o Lavia,Belgium,true
1191068,Alan Lorenzo,,false
1191073,Maksim Petrov,Russia,true
1191093,Lorenzo Bernasconi,Italy U17,false
1191196,Liberman Torres,,false
1191407,Aitor Paredes,Spain,true
1191741,Armindo Sieb,Germany Under 18,true
1192053,Brayann Pereira,France U20,false
1192097,St\u00e9phane Cueni,Switzerland U19,false
1192166,Rodrigo Gomes,Portugal Under 16,true
1192386,Henrique Ara\u00fajo,Portugal U21,false
1192393,Victor Chust,Spain U21,false
1192398,Georgiy Sudakov,Ukraine,true
1192406,Lorenz Assignon,,false
1192848,Mathis Suray,Belgium U17,false
1192854,Naouirou Ahamada,France U17,false
1192954,Dani van den Heuvel,Netherlands U21,false
1193815,Julian Niehues,,false
1194286,Caleb Taylor,,false
1194635,Mohamed Farsi,Algeria,true
1194636,Nicol\u00e1s Aedo,,false
1194892,Arnau Mart\u00ednez,Spain U21,false
1195006,Mahala Opoku,Ghana U23,false
1195236,Valeri Tsarukyan,,false
1195277,Thierry Small,England Under 18,true
1195281,Milos Kerkez,Hungary,true
1195295,Tamble Monteiro,Guinea-Bissau,true
1195349,Nikita Krivtsov,Russia,true
1195742,Jayden Fevrier,,false
1195743,Kirill Kravtsov,Russia,true
1195744,Henri Koudossou,,false
1195885,Juan Larios,Spain U19,false
1196355,Keigo Tsunemoto,,false
1196399,Aldrix Jara,,false
1196739,Calvin Twigt,Netherlands U21,false
1197030,Hugo Ekitik\u00e9,France,true
1197039,Mart\u00edn Satriano,Uruguay,true
1197048,Lucas Ca\u00f1izares,Spain U17,false
1197250,Malo Gusto,France,true
1197251,Issiar Dram\u00e9,Mali,true
1197337,Baba Alhassan,Uganda,true
1197339,Filippo Rinaldi,Italy U21,false
1197347,Nicolas Jackson,Senegal,true
1197390,Mohammed Alhurayji,,false
1197402,Arif Saleh Al Haydar,,false
1197408,Hassan Al-Asmari,,false
1197410,Sanousi Al Hawsawi,,false
1197522,Juan Jim\u00e9nez,,false
1197548,Enis Destan,Turkiye,true
1197626,Tayo Adaramola,Ireland,true
1197655,Lewis Hall,England,true
1198007,Anis Mehmeti,Albania,true
1198071,Manu Silva,,false
1198316,Samir Lagsir,Netherlands Under 16,true
119839,Danijel Aleksic,Serbia,true
1198494,Jon Guruzeta,,false
1198712,Martin Vit\u00edk,Czechia,true
1198713,Adam Gabriel,Czechia,true
1198732,Abdullah Al-Shanqiti,,false
1199113,Merchas Doski,Iraq,true
1199140,Jonas Krumrey,,false
1199243,Nikolas Sattlberger,Austria Under 18,true
1199272,Rasmus H\u00f8jlund,Denmark,true
1199283,Eric Martel,Germany U21,false
1199360,Franco Carboni,Argentina,true
1199382,Josu\u00e9 Casimir,Haiti,true
1199383,Ange-Yoan Bonny,Ivory Coast,true
1199391,Rav van den Berg,Netherlands Under 18,true
1199649,\u00c1lvaro Mantilla,,false
1199712,Luke Harris,Wales,true
1199713,Marcel Beifus,Germany U21,false
1199714,Marco Pasalic,Croatia,true
1199722,Max Svensson,,false
1199757,\u00c2ngelo,Brazil U20,false
1199947,Leopold Querfeld,Austria,true
1199959,Equi Fern\u00e1ndez,Argentina,true
1199960,Cristian Medina,Argentina,true
1200327,Feyiseitan Asagidigbi,,false
1200352,Lucas Lemos,,false
1200591,Tommaso Baldanzi,Italy U21,false
1200630,Koni De Winter,Belgium,true
1200631,Lesley Ugochukwu,France U21,false
1200657,Yerson Mosquera,Colombia,true
1200658,Jimer Fory,Colombia,true
1200661,Juli\u00e1n Aude,Argentina U20,false
1200665,Ousmane Ndong,,false
1200667,Braian Aguirre,,false
1200721,Facundo C\u00e1seres,,false
1200747,Mateo Maccari,,false
1200763,Exequiel Beltramone,,false
1200802,Paulo Henrique,Brazil,true
1200928,Clayton Sampaio,,false
1200931,Ugochukwu Iwu,Armenia,true
1200941,Abderrahman Rebbach,,false
1200984,Filip J\u00f6rgensen,Denmark,true
1201004,Samuel Soares,Portugal,true
1201038,Lucas Esquivel,Argentina,true
1201259,Marcelo Morales,Chile,true
1201330,Caio Roque,Brazil Under 18,true
1201406,Pablo Solari,Argentina U23,false
1201408,Juli\u00e1n Malatini,Argentina U23,false
1201554,Martin Turk,Slovenia,true
1201713,Tim Breithaupt,Germany U21,false
1201760,Marvin Senaya,Ghana,true
1202029,Alberto del Moral,,false
1202031,Alex Matos,England U20,false
1202048,Cristian Guti\u00e9rrez,,false
1202049,Dani Tasende,,false
1202070,Isak Steiner Jensen,Denmark Under 18,true
1202110,Nico Williams,Spain,true
1202114,Omri Gandelman,Israel,true
1202239,Mohamed Bamba,Ivory Coast,true
1202358,Giorgio Scalvini,Italy,true
1202525,Bryan Zaragoza,Spain,true
1202587,Ramon Terrats,,false
1202595,Warmed Omari,Comoros,true
1202616,Gabriel Pirani,Brazil U23,false
1202678,Raul,,false
1202769,L\u00e9o Scienza,,false
1202883,Matej Jur\u00e1sek,Czechia,true
1202885,Denis Visinsky,Czechia,true
1202888,Hugo Siquet,Belgium,true
1202909,Marco John,Germany U20,false
1203187,Mathijs Tielemans,,false
1203189,Fredrik Oppeg\u00e5rd,Norway U21,false
1203191,Mohamed Nassoh,Morocco U23,false
1203192,Jenson Seelt,Netherlands U19,false
1203194,Johan Bakayoko,Belgium,true
1203195,Fedde Leysen,Belgium U21,false
1203447,Camiel Neghli,Algeria U23,false
1203490,Daan Rots,,false
1203512,Tim Iroegbunam,England U20,false
1203519,Yaroslav Gladyshev,Russia,true
1203521,Paulo Moreira,Portugal U17,false
1203528,Alvyn Sanches,Switzerland,true
1203614,Nico Serrano,Spain U19,false
1203652,Silko Thomas,England Under 15,true
1203658,Divin Mubama,England Under 18,true
1203661,Radu Dragusin,Romania,true
1203665,Alejandro Garnacho,Argentina,true
1203885,Ismael Ruiz,Spain Under 18,true
1203886,Sergio Barcia,,false
1203898,Aleksandr Kutitsky,Russia U21,false
1203946,Iv\u00e1n Azon,Spain U21,false
1204346,Ruslan Kul,,false
1204394,Tam\u00e1s Nikitscher,Hungary,true
1204447,Luismi Cruz,,false
1204802,Christian Gomis,,false
1205222,Marino Hinestroza,Colombia,true
1205428,\u00c1lvaro Garcia,,false
1205433,Javi Mart\u00f3n,,false
120569,Robin Olsen,Sweden,true
1206283,Joel Ideho,,false
1206287,Freddie Potts,,false
1206308,Rob Apter,Scotland U21,false
1206523,Julian Hettwer,Germany U19,false
1206542,Suleiman Camara,Gambia,true
1206576,Vin\u00edcius Balieiro,,false
1206710,Joaqu\u00edn Montecinos,Chile,true
1206806,Kialonda Gaspar,Angola,true
1206846,Stije Resink,,false
1206970,Dominik Marczuk,Poland,true
1207581,David Datro Fofana,Ivory Coast,true
1207954,Callum Doyle,England Under 18,true
1207956,Micah Hamilton,England Under 16,true
1207992,Vanderson,Brazil,true
1208040,Caio,,false
1208396,Bruno Guti\u00e9rrez,Chile,true
1208708,Omar El Hilali,Morocco,true
1208969,Kristjan Asllani,Albania,true
1208987,\u00d3scar Aranda,Spain U17,false
1209047,Carmine Chiappetta,Switzerland U19,false
1209100,Vanderlan,,false
1209228,Daniel Svensson,Sweden,true
1209257,Salifou Diarrassouba,Ivory Coast,true
1209260,Max Bruns,Netherlands U21,false
1209263,Viktor Aleksandrov,Russia,true
1209399,Abdessamad Ezzalzouli,Morocco,true
1209408,Alex Williams,Wales Under 16,true
1209421,Carlos Dotor,,false
1209441,Iv\u00e1n Romero,,false
1209446,Jes\u00fas Bernal,,false
1209586,Joaqu\u00edn Sosa,Uruguay U17,false
1209597,Marko Stamenic,New Zealand,true
1209942,Jorginho,,false
1209961,Emir Ortakaya,Turkiye U21,false
1209980,Carlos \u00c1lvarez,Spain U19,false
1209987,Warren Bondo,France U20,false
1210016,Tugbey Akg\u00fcn,T\u00fcrkiye Under 16,true
1210041,Ugur Yildiz,Turkiye U21,false
1210066,Edilson Cabeza,,false
1210310,Iker Recio,,false
1210344,Anil Yasar,Turkiye U21,false
1210346,Atakan M\u00fcjde,,false
1210384,Merlin R\u00f6hl,Germany U21,false
1210508,Diogo Nascimento,Portugal U21,false
1210615,Jason \u00c7eka,,false
1210647,Be\u00f1at Turrientes,Spain,true
1210893,Igor Matanovic,Croatia,true
1210943,Jackson Tchatchoua,Cameroon,true
1211227,Andrey Langovich,Russia,true
1211303,Mauro Luque,,false
1211437,Victor Kristiansen,Denmark,true
1211447,Talha Sariarslan,Turkiye U19,false
1211565,Alexander Sosa,,false
1211646,Jamie Donley,Northern Ireland,true
1211804,Adedire Awokoya Mebude,Scotland Under 16,true
1211806,George Earthy,England Under 16,true
1211858,Pedro Rangel,,false
1212179,Facundo Gonz\u00e1lez,Uruguay,true
1212487,Jos\u00e9 Hurtado,Ecuador,true
1212489,Gabriel Villam\u00edl,Bolivia,true
1212630,Lorenzo Lucca,Italy,true
1212866,Edoardo Bove,Italy U21,false
1213117,Kevin Medina,,false
1213283,Yusuf \u00d6zdemir,,false
1213403,Junior Tchamadeu,Cameroon,true
1213430,Elye Wahi,Ivory Coast,true
1213660,Ar\u00f3n Rodr\u00edguez,Ecuador,true
1213683,Justin Hubner,Indonesia,true
1213750,Rubens,,false
1214017,Ignacio Schor,,false
1214036,Youri Baas,Netherlands,true
1214147,Jesper Ceesay,Gambia,true
1214556,Tammer Bany Odeh,Jordan,true
1214596,Andreia Faria,Portugal,true
1214915,Brooke Norton-Cuffy,England Under 18,true
1215014,Giannis Konstantelias,Greece,true
1215016,Samed Onur,Turkiye U17,false
1215057,V\u00edtinha,Portugal U21,false
1215064,Martin Baturina,Croatia,true
1215410,Ibrahim Osman,Ghana,true
1215525,Gatlin O'Donkor,,false
1215652,Omari Hutchinson,Jamaica,true
1215735,Luis V\u00e1zquez,,false
1216005,Harvey Blair,,false
1216019,Juan Alcedo,Spain Under 18,true
1216069,Rocco R\u00edos Novo,Argentina U23,false
1216079,Jos\u00e9 Manuel L\u00f3pez,Argentina,true
121633,David Alaba,Austria,true
1216341,Jean Humanante,,false
1216728,Bartug Elmaz,T\u00fcrkiye Under 16,true
1217043,Unai Marrero,,false
1217325,Tomson Minda,,false
1217550,Daijiro Chirino,Curacao,true
1217644,John Donald,,false
1217654,Rick Meissen,,false
1217743,Aurelio Oehlers,,false
1217911,Dami\u00e1n C\u00e1ceres,,false
1218243,Adilson Malanda,,false
1218553,Julius Dirksen,Netherlands Under 16,true
1218556,Kian Fitz-Jim,Netherlands Under 16,true
1218557,Gibson Yah,,false
1218841,Th\u00e9o De Percin,Martinique,true
1218999,Diogo Monteiro,Portugal Under 18,true
1219113,Hazzaa Al Ghamdi,,false
1219288,Kreshnik Hajrizi,Kosovo,true
1219395,Tom\u00e1s Ver\u00f3n Lupi,,false
1219540,Fisnik Asllani,Kosovo,true
1219975,Bryan Caicedo,,false
1220187,Jesus V\u00e1zquez,Spain U19,false
1220258,Clemente Montes,Chile,true
1220269,Maximilien Balard,Australia,true
1220487,Abbas Al-Hassan,Saudi Arabia,true
1220488,Othman Al-Othman,Saudi Arabia U19,false
1220583,Jack Currie,,false
1220633,Prince Adu,Ghana,true
1220748,Haitam Abaida,Morocco U17,false
1221257,Cristian Carracedo,,false
1221925,Saad Al-Nasser,Saudi Arabia,true
1221941,Bastian Allgeier,,false
1222134,Max Geschwill,,false
1222166,Luca Kerber,,false
1222175,Lu\u00eds Esteves,,false
1222245,Franco Fr\u00edas,,false
1222719,Nikola Stankovic,Serbia U21,false
1222770,Leo Hjelde,Norway U21,false
1223132,Jos\u00e9 C\u00f3rdoba,Panama,true
1223967,Juan Viacava,,false
1224204,John Kennedy,Brazil U23,false
1224237,Mateo Pellegrino,Argentina,true
1224465,Jarne Steuckers,Belgium U21,false
1224691,Ahmed Qasem,Iraq,true
1224719,Noah Ohio,England Under 16,true
1224887,Lucas Freitas,,false
1225210,Cheick Souar\u00e9,,false
1225417,Juan Carlos Arana,,false
1225435,Nikolaos Athanasiou,,false
1225450,Mika M\u00e1rmol,,false
1225995,Robin Hran\u00e1c,Czechia,true
1226017,Hassan Al-Ali,Saudi Arabia U23,false
1226147,Giuliano Simeone,Argentina,true
1226189,Martim Neto,Portugal Under 16,true
1226748,Julius Beck,Denmark Under 20,true
1226756,Alfie Gilchrist,,false
1226783,Hugo Gonz\u00e1lez,,false
1226789,Jesurun Rak-Sakyi,Ghana,true
1226791,Joel Jorquera,,false
1226848,Manu Lama,,false
1226849,Leo Castledine,England Under 18,true
1226911,Th\u00e9o Berdayes,Switzerland U21,false
1227012,Simon Adingra,Ivory Coast,true
1227326,Pablo,,false
1227357,Diego Hern\u00e1ndez,Uruguay,true
1227376,Youssouf Diarra,,false
1227590,Kyriani Sabbe,Belgium Under 18,true
1227814,Shunsuke Mito,Japan,true
1228047,Mathis Lachuer,,false
1228079,August\u00edn Anello,USA U23,false
1228214,Rilind Nivokazi,Kosovo,true
1228273,Oussama Targhalline,Morocco,true
1228408,Jusef Erabi,Sweden U21,false
1228554,Abdullah Radif,Saudi Arabia,true
1228558,Andreas Schjelderup,Norway,true
1228819,Dylan Glaby,,false
1228840,Alessandro Bianco,Italy U21,false
1229058,Charlie Patino,England Under 16,true
1229079,Bader Mohammed Munshi,Saudi Arabia,true
1229109,Mounsef Bakrar,Algeria,true
1229176,Be\u00f1at Prados,,false
1229177,Carlos Vicente,,false
1229280,Peter Gonz\u00e1lez,Dominican Republic,true
1229526,Forson Amankwah,Ghana,true
1229761,Mateusz Legowski,Poland,true
1229804,Johannes Schenk,,false
1230141,Sulaiman Hazazi,Saudi Arabia,true
1230286,Daouda Guindo,Mali,true
1230287,Dorgeles Nene,Mali,true
1230315,Ramiro Enrique,,false
1230353,Nicol\u00e1s Romero,,false
1230615,Houssem Mrezigue,Algeria,true
1230671,Pedro Bondo,Angola,true
1230848,Bamba Dieng,Senegal,true
1230852,Agostino Spina,,false
1231029,Rafik Belghali,Algeria,true
1231032,Juanmi Latasa,Spain U19,false
1231073,Enol Rodr\u00edguez,,false
1231074,Mat\u00edas Rocha,,false
1231075,James McConnell,England U20,false
1231090,Mohamed Belloumi,Algeria,true
1231181,Juli\u00e1n Brea,,false
1231555,Noah Weisshaupt,Germany U21,false
1231596,Alix,,false
1231648,Vladyslav Vanat,Ukraine,true
1231770,B\u00e9nie Traor\u00e9,Ivory Coast,true
1231794,Noah Eile,Sweden U21,false
1231806,Adriana,Brazil,true
1231909,Mamady Diambou,Mali,true
1232023,Danila Khotulev,Russia U21,false
1232071,Adrian Durrer,,false
1232133,Archie Goodwin,Australia U20,false
1232172,Zeno Debast,Belgium,true
1232229,Denzel De Roeve,Belgium Under 18,true
1232253,Han-Beom Lee,South Korea,true
1232258,Luciano Gondou,Argentina U23,false
1232530,Jehad Thakri,Saudi Arabia,true
1232560,Hyun-Jun Yang,South Korea,true
1232793,Fernando Medrano,,false
1233132,Heitor,,false
1233202,Seedy Jatta,Norway U21,false
1233404,Pablo Torre,Spain U21,false
1233418,Jorne Spileers,Belgium,true
1233589,Issouf Sissokho,Mali U23,false
1233601,Jonmi Magunagoitia,,false
1233655,Alex Scott,England,true
1233720,Andrin Hunziker,Switzerland U17,false
1233755,Jadel Katongo,Zambia,true
1233931,Quentin Merlin,France U21,false
1233935,Makan Aiko,,false
1234634,Yoann Cathline,France U20,false
1235057,Lukas Frenkert,,false
1235068,Denis Huseinbasic,Bosnia and Herzegovina,true
1235086,Kristoffer Lund Hansen,USA,true
1235339,Hawsawi Ahmed,,false
1235341,Musab Al-Juwayr,Saudi Arabia,true
1235411,Patrick Yazbek,Australia,true
1235431,K\u00e9vin Keben,Cameroon,true
1235639,Alexandre Jesus,,false
1236045,Matisse Didden,,false
1236451,Diego S\u00e1nchez,,false
1237165,Abakar Gadzhiev,,false
1237402,Vadim Pigas,Belarus,true
1237425,Adamo Nagalo,Burkina Faso,true
1237455,Pablo Campos,Spain U21,false
1237634,Mehmet Aydin,Turkiye,true
1237656,Vando F\u00e9lix,Guinea-Bissau,true
1237856,Patrick Sequeira,Costa Rica,true
1237901,Ivan Kukushkin,,false
1237911,Shkelqim Vladi,Kosovo,true
1238058,Bashir Humphreys,England Under 16,true
1238154,Pablo Ib\u00e1nez,,false
1238478,Young-Jun Lee,South Korea U23,false
1238697,Eldin Dzogovic,Luxembourg,true
1238739,Ricardinho,,false
1239553,Axel Henriksson,,false
1239595,D\u00e1rio Essugo,Portugal Under 15,true
1239600,Johnny Kenny,Ireland,true
1239749,Mandela Keita,Belgium,true
1239800,Xander Severina,Curacao,true
1240172,Rom\u00e1n Vega,Argentina U20,false
1240708,Moussa Kyabou,Mali,true
1240979,Loide Augusto,Angola,true
124130,L\u00e9o Vieira,,false
1241302,Gilson Benchimol,Cape Verde,true
1241579,Cristopher Barrera,,false
1241581,Cristi\u00e1n Toro,,false
1241583,Joaqu\u00edn Gonz\u00e1lez,,false
1241612,Ramiro Di Luciano,,false
1241852,Maxim Samorodov,Kazakhstan,true
1241907,Maicol Le\u00f3n,Chile U20,false
1241957,Mat\u00edas Galarza,Paraguay,true
1242010,Vicente Bernedo,,false
1242110,Henning Matriciani,Germany U21,false
1242132,Jon Karrikaburu,Spain U21,false
1242139,Jonathan Dubasin,,false
1242198,Marin Ljubicic,Croatia Under 23,true
1242254,Emmanuel Maviram,,false
1242261,Adrian Barisic,Bosnia and Herzegovina,true
1242314,Lenny Joseph,Haiti,true
1242587,Amine Sba\u00ef,Morocco,true
1242634,Marvin Gilbert,,false
1242656,Chiheb Labidi,Tunisia,true
1242757,William Mikelbrencis,France U20,false
1243246,Livano Comenencia,Curacao,true
1243571,Andr\u00e9as Hountondji,Benin,true
1243691,Daniel Guti\u00e9rrez,Chile,true
1243906,Silvinho Esajas,Suriname,true
1243915,Deniz Dilmen,Turkiye U21,false
1243996,Maximiliano Guerrero,Chile,true
1244272,Arouna Sangante,Senegal,true
1244275,Luka Gagnidze,Georgia,true
1244356,Daisuke Yokota,,false
1244376,Kaden Rodney,England Under 18,true
1244384,Daniel Dos Santos,Switzerland U21,false
1244430,Kialy Abdoul Kone,,false
1244631,Kayky,Brazil Under 16,true
1244640,Rodrigo Huescas,Mexico,true
1244808,Tim Jabol-Folcarelli,,false
1244924,Isma\u00ebl Gharbi,Tunisia,true
1244938,Calvin Harris,,false
1245179,Habib Ke\u00efta,,false
1245255,Isaiah Parente,,false
1245457,Ahmed Saleh Bahusayn,,false
1245692,Lasse G\u00fcnther,Germany Under 18,true
1245693,Justin Che,USA,true
1245737,Jord\u00e1n Mohor,,false
1245744,Xabi Huarte,,false
1245978,Jacques Siwe,,false
1245998,Chris Brady,USA,true
1246009,Cher Ndour,Italy,true
1246264,Paolo Guajardo,Chile U20,false
1246270,Isaac Price,Northern Ireland,true
1246571,Oliver Larraz,,false
1246580,Wiki Carmona,Venezuela,true
1246599,Barnab\u00e1s Nagy,,false
1246605,Ethan Bartlow,USA U17,false
1246736,Daniel Pereira,Venezuela,true
1247323,David Jur\u00e1sek,Czechia,true
1247327,Franco Catarozzi,Uruguay,true
1247402,Nawaf Al Saadi,,false
1247716,Matheus Alexandre,,false
1248004,Daniil Khudyakov,Russia Under 18,true
1248024,\u00c1lex Su\u00e1rez,,false
1248050,Neto Pessoa,,false
1248057,Aidomo Emakhu,Ireland,true
1248482,Antonio Nusa,Norway,true
1248662,Adriel Ramos,,false
1248665,Bitello,,false
1248672,Elias Manoel,,false
1248686,Ender Echenique,Venezuela,true
1248736,Antony,,false
1248899,Ba\u00efla Diallo,,false
1248973,Ronald Briones,,false
1248976,Nicol\u00e1s Marichal,Uruguay,true
1249185,Soufian El-Faouzi,Morocco,true
1249284,Jon Aramburu,Venezuela,true
1249293,Fabinho,,false
1249296,Kervin Andrade,Venezuela,true
1249531,Zan Vipotnik,Slovenia,true
1249634,Luke Chambers,England Under 18,true
1249665,Nicol\u00e1s Valentini,Argentina,true
1249719,Biel,,false
1249746,Juan Sebasti\u00e1n Pedroza,Colombia,true
1249915,Dane Murray,Scotland U21,false
1249993,Abbosbek Fayzullayev,Uzbekistan,true
1250253,Dango Ouattara,Burkina Faso,true
1250443,Maxime Est\u00e8ve,France U21,false
1250485,Tarik Muharemovic,Bosnia and Herzegovina,true
1250492,Matthis Abline,France U21,false
1250493,Yannmael Kembo Diantela,France U17,false
1250495,Lequincio Zeefuik,Netherlands U21,false
1250510,Jonathan Varane,Martinique,true
1251021,Jefferson Troya,,false
1251200,Bernard Kamungo,USA,true
1251334,Jack Hinshelwood,England Under 18,true
1251447,Yousef Alsayyali,Saudi Arabia U23,false
1251448,Saleh Abu Al-Shamat,Saudi Arabia,true
1251508,Antonio Ceza,,false
1251656,Zsombor Gruber,Hungary,true
1251666,Ernest Poku,Netherlands Under 18,true
1251762,Roald Mitchell,Trinidad and Tobago,true
1251793,Preston Judd,,false
1251926,Hugo P\u00e9rez,,false
1252057,Giovanni van Zwam,,false
1252070,Nathan Ngoy,Belgium,true
1252072,Lamine Ciss\u00e9,France U20,false
1252132,Promise David,Canada,true
1252223,Aziel Jackson,USA,true
1252230,Nicol\u00e1s Garrido,Chile U17,false
1252233,Jordhy Thompson,Chile U20,false
1252246,Stipe Biuk,Croatia U21,false
1252373,Roberto Fern\u00e1ndez,Spain U21,false
1252636,Diego Luna,USA,true
1252913,Dami\u00e1n Bobadilla,Paraguay,true
1253499,CJ Fodrey,,false
1253556,Juan Castillo,,false
1253650,Amourricho van Axel Dongen,,false
1253827,Daniel Jebbison,Canada,true
1253852,Castello Lukeba,France,true
1253890,Arda G\u00fcler,Turkiye,true
1253895,Jo\u00e3o Resende,Portugal Under 16,true
1253904,Telasco Segovia,Venezuela,true
1253905,Bruno Leonardo,,false
1253909,Andu Yobel Kelati,,false
1254035,Griffin Dillon,,false
1254147,Antoine Mendy,Senegal,true
1254166,Alejandro Balde,Spain,true
1254217,Carlos Dom\u00ednguez,,false
1254218,Hugo Sotelo,Spain U21,false
1254234,Ethan Nwaneri,England,true
1254270,Kristi Montgomery,Scotland Under 16,true
1254278,Jimi Gower,,false
1254279,Denilson Bola\u00f1os,,false
1254297,Andy Diouf,France U23,false
1254302,Andr\u00e9 Lacximicant,,false
1254394,Obed Vargas,Mexico,true
1254637,Franco Posse,,false
1254709,Nelson da Silva,,false
1254743,Ryan Guilherme,,false
1254762,Stanley Mills,,false
1255085,Gael Alonso,,false
1255090,Jozhua Vertrouwd,Netherlands U21,false
1255093,Milan de Haan,,false
1255209,Lucas Beraldo,Brazil,true
1255211,Nathan Mendes,,false
1255479,Adson,,false
1255486,Cody Baker,,false
1255785,Marten Winkler,,false
1255796,Nikolai Hopland,Norway U21,false
1255833,Mikkel Rakneberg,,false
1255855,Yassine Kechta,Morocco,true
1255860,Amir Richardson,Morocco,true
1256173,Thijmen Blokzijl,Netherlands Under 18,true
1256176,Tika de Jonge,,false
1256178,Bjorn Meijer,Netherlands U21,false
1256180,Luciano Valente,Netherlands,true
1256221,Sidney Raebiger,Germany U17,false
1256224,M\u00e1rio Sauer,Slovakia,true
1256237,Diego Garc\u00eda,,false
1256463,\u00c1lex Pastor,,false
1256478,Adri\u00e0 Altimira,,false
1256538,Stelios Vrontis,Cyprus U21,false
1256634,Lucas Barbosa,,false
1256650,Gustavo Garcia,Brazil Under 18,true
1256692,Z\u00e9 V\u00edtor,,false
1256694,Metinho,,false
1257135,Kenji Cabrera,Peru,true
1257138,Claudio Torres,,false
1257285,Tiago C\u00f3ser,,false
1257305,Sorriso,,false
1257342,Gonzalo Luj\u00e1n,Argentina U23,false
1257540,Jovan Lukic,Serbia U21,false
1257558,Zach Booth,USA U21,false
1257584,El Mehdi Maouhoub,Morocco U23,false
1257603,Noel Buck,England U20,false
1257646,Nikolas Muci,Switzerland U21,false
1257648,Aur\u00e8le Amenda,Switzerland,true
1257826,Nahuel Noll,Germany U21,false
1257828,Marcel Lotka,Poland U20,false
1257990,Taisei Abe,Japan U20,false
1258092,William Osula,Denmark,true
1258102,Plamen Andreev,Bulgaria,true
1258137,Malcom Bok\u00e9l\u00e9,Cameroon,true
1258251,Noah Cobb,USA U21,false
1258292,Nicol\u00f2 Bertola,Italy U21,false
1258867,Jaziel Orozco,,false
1259119,Vini Paulista,,false
1259680,Lovro Zvonarek,Croatia Under 18,true
1260007,Michel,Brazil U23,false
1260010,\u00c1ngel Recio,,false
1260020,Ronald Pereira,,false
1260080,Victor Gabriel,,false
1260081,Anthoni,,false
1260388,Jos\u00e9 Castro,,false
1261310,Kosi Thompson,Canada,true
1262084,Matheus Martins,Brazil Under 16,true
1262152,Gustavo Marques,,false
1262208,Micael,,false
1263040,Artem Kasimov,,false
1263370,Mamadou Mbacke,Senegal,true
1263671,Sascha Risch,,false
1264368,Junior Ola\u00eftan,Benin,true
1265176,Igor Dmitriev,Russia,true
1265460,Adrian Segecic,Australia,true
1265626,Abdul Fatawu,Ghana,true
1265963,Igor Paix\u00e3o,,false
1266136,Daniel Ruiz,Colombia,true
1267102,Felipe Augusto,,false
1268000,Andrew Thomas,USA U23,false
1268808,Victor Loturi,Canada,true
1269250,Aleksandr Shirobokov,Kazakhstan,true
1269329,James Abankwah,Ireland,true
1269404,Taichi Fukui,Japan U20,false
1269497,Yannik Engelhardt,Germany U19,false
1269652,Paulo Victor,,false
1269785,MT,,false
1269871,Lucas Fern\u00e1ndez,,false
1269943,Enver Kulasin,Bosnia and Herzegovina,true
1269982,Bruno Zapelli,Argentina,true
1269992,Franck Surdez,Switzerland U21,false
1270002,Luca Jaquez,Switzerland,true
1270028,Pascal Loretz,Switzerland,true
1270388,Temirlan Anarbekov,Kazakhstan,true
1270528,Nodar Lominadze,Georgia,true
127133,Matthew Phillips,Scotland,true
1271367,Du Queiroz,,false
127209,Anders Christiansen,Denmark,true
127224,Amir Abrashi,Albania,true
1272272,Pedro Bravo,,false
1272273,Sergey Volkov,Russia,true
1272334,Mihai Lixandru,Romania,true
1272356,Di\u00f3genes,,false
1272440,Valent\u00edn Barco,Argentina,true
1272740,Williot Swedberg,Sweden,true
1273270,Emmanuel Fernandez,Nigeria,true
1273294,Oscar Fraulo,Denmark U21,false
1273298,Victor Bak,Denmark,true
127361,Marcelo Grohe,Brazil,true
1273707,Nasser Djiga,Burkina Faso,true
1273733,Christian Witzig,Switzerland,true
127374,Rafael Tol\u00f3i,Italy,true
1273842,Severin Ottiger,Switzerland U21,false
1273881,S\u00e9kou Fofana,,false
127400,Ganso,Brazil,true
1274040,Th\u00e9o Le Normand,,false
1274060,Neil El Aynaoui,Morocco,true
1274400,Alan Minda,Ecuador,true
1274452,Paul Joly,,false
1274470,Killian Corredor,,false
1274604,Lawrence Ennali,,false
1274617,Yaroslav Mikhailov,Russia,true
1275289,Franz Roggow,,false
1275291,Phil Harres,,false
1276045,Bosun Lawal,Ireland,true
1276194,Lucas Copado,Germany Under 18,true
1276311,Lennard Hartjes,Netherlands U19,false
1276312,Antoni Milambo,Netherlands Under 18,true
1276313,Mimeirhel Benita,Netherlands U19,false
1276314,Noah Naujoks,,false
1276315,Dermane Karim,Togo,true
1276327,Jayden Candelaria,Curacao,true
1276330,Daniil Kuznetsov,Russia,true
1276331,Fabio Chiarodia,Italy,true
1276345,Sergey Babkin,Russia,true
1276453,Gabriel Vidovic,Croatia U21,false
1276474,Semir Telalovic,,false
1276505,Giovanni Fabbian,Italy,true
1276507,Andi Hoti,Kosovo,true
1276510,Mattia Zanotti,Italy U21,false
1276626,Samson Baidoo,Austria,true
1276685,Lasso Coulibaly,,false
1276686,Leo Walta,Finland,true
1276785,Jules-Anthony Vilsaint,,false
1276931,Markus Haaland,Norway U21,false
1276934,Marius Broholm,Norway U21,false
1276988,Dariusz Stalmach,Poland U19,false
1277341,Mat\u00edas Lugo,,false
1277343,Federico Redondo,Argentina U20,false
1277380,Y\u00e1ser Asprilla,Colombia,true
1278686,Lucas Assadi,Chile,true
1278889,Konstantin Nizhegorodov,,false
127892,Rafael,Brazil,true
1279034,Aaron Zehnter,Germany U21,false
1279040,Gavi,Spain,true
1279169,Carlos Gruezo,,false
1279557,Clemens Riedel,Germany U21,false
1279694,Ben Bobzien,Germany U19,false
1279717,Viktor Melekhin,Russia,true
1279764,Ameen Al Dakhil,Belgium,true
1279914,Tiago \u00c7ukur,Turkiye,true
1280020,Julen Agirrezabala,Spain U21,false
1280022,Dion De Neve,,false
1280025,Grant-Leon Ranos,Armenia,true
1280040,Louis Breunig,,false
1280080,Fabio Miretti,Italy,true
1280082,Matias Soul\u00e9,Argentina,true
1280127,Boris Popovic,Serbia U21,false
1280132,Nico Gonz\u00e1lez,Spain U21,false
1280198,\u00c1lex Sala,,false
1280203,Lo\u00efc Williams,,false
1280225,Est\u00e9ban Lepaul,,false
1280328,Vicente Taborda,,false
1280355,Iyad Mohamed,Comoros,true
1280560,Lukas Pinckert,,false
1280567,Mladen Cvjetinovic,Bosnia and Herzegovina U21,false
1280590,Ronaldo Cesar,,false
1280695,Egas Cacintura,,false
1280732,David Cobnan,,false
1280734,Jackson Hopkins,USA U21,false
1280756,Lucas Cepeda,Chile,true
1281021,Fredrik Sj\u00f8vold,Norway,true
1281090,Philipp Treu,Germany U19,false
1281100,Noah Atubolu,Germany,true
1281103,Maximilian Dietz,USA,true
1281107,Max Rosenfelder,Germany Under 18,true
1281108,Jordy Makengo,,false
1281111,Robert Wagner,Germany U21,false
1281230,Juan Portilla,Colombia,true
1281236,Leonardo Lelo,Portugal U21,false
1281256,Frederik Schmahl,,false
1281389,Rasmus Holten,Norway Under 18,true
1281452,Shea Charles,Northern Ireland,true
1281461,Jos\u00e9 \u00c1ngel Carmona,Spain U21,false
1281521,Marcus M\u00fcller,,false
1281558,Yusuf Kabadayi,Germany Under 18,true
1281562,Claudinho,,false
1281584,Lucas Arcanjo,,false
1281971,Yvandro Borges Sanches,Luxembourg,true
1282000,Souma\u00efla Coulibaly,France U20,false
1282001,Fabio Blanco,Spain Under 16,true
1282005,Zidan Sertdemir,Denmark U19,false
1282008,Santiago Castro,Argentina,true
1282015,Carlos Mart\u00edn,Spain U21,false
1282233,Yannick Leliendal,Suriname,true
1282285,Tijjani Noslin,,false
1282298,Linus Gechter,Germany Under 18,true
1282423,Nuno Lima,,false
1282445,Maga,,false
1282447,Gui Guedes,,false
128249,Ismail K\u00f6ybasi,Turkiye,true
1282540,Petar Stanic,Serbia,true
1282581,Colin Kleine-Bekel,Germany U21,false
1282582,Tom Rothe,Germany U21,false
1282599,Damienus Reverson,,false
1282765,Bertug Yildirim,Turkiye,true
1282980,Kenneth Schmidt,Germany U21,false
1283022,Matej Maglica,Croatia B,true
1283034,Loum Tchaouna,France U21,false
1283073,Justin Smith,Canada,true
1283074,Alexandre Duville-Parsemain,,false
1283094,Roger Fernandes,Portugal U21,false
1283407,Bilal Nadir,Morocco,true
1283469,Oussama El Azzouzi,Morocco,true
1283759,H\u00e9liton,,false
1283773,Maur\u00edcio Garcez,,false
1283788,Valentin Paltsev,Russia,true
1284071,F\u00e9lix Lemar\u00e9chal,France U21,false
1284333,Roi Mishpati,Israel,true
1284341,Tim Spycher,Switzerland U21,false
1284374,Mateja Djordevic,Serbia U21,false
1284376,Marezi,Serbia U19,false
1284404,Babatunde Akinsola,,false
1284429,Javier Guerra,Spain,true
1284430,Fran P\u00e9rez,Spain U21,false
1284434,Diego L\u00f3pez,Spain U23,false
1284492,Samed Bazdar,Bosnia and Herzegovina,true
1284496,Josafat Mendes,Sweden,true
1284555,Svit Seslar,Slovenia,true
1284559,Novatus Miroshi,Tanzania,true
1284944,Andr\u00e9 Luiz,,false
1285016,Evgeni Morozov,Russia,true
1285119,Anouar El Azzouzi,,false
1285144,Gon\u00e7alo Esteves,Portugal Under 18,true
1285291,Luciano Rodr\u00edguez,Uruguay,true
1285451,Philip Brittijn,Netherlands U19,false
1285468,No\u00e9 Sow,,false
1285482,Emre \u00c7eltik,T\u00fcrkiye Under 16,true
1285493,Karim Sow,Switzerland U19,false
1285495,Tanguy Zoukrou,France U20,false
1285497,Derek Mazou-Sacko,,false
1285528,Jo\u00e3o Mendes,,false
1285532,Vasco Sousa,Portugal Under 16,true
1285540,Sidney Lima,,false
1285541,Kerwin Vargas,,false
1285713,Tyrese Asante,Netherlands U21,false
1285732,Sadik Fofana,Togo,true
1285772,Stan Henderikx,,false
1285773,Elias Saad,Tunisia,true
1285774,Levi Smans,,false
1285784,Bradley Locko,France U23,false
1285813,Noah Rupp,Switzerland U19,false
1285866,Habib Diarra,Senegal,true
1285872,Jonas Urbig,Germany,true
1285885,Jackson Ragen,USA,true
1285926,Nicolas Kristof,Austria,true
1286054,Enes Sali,Romania,true
1286065,Maxim Dekker,Netherlands Under 18,true
1286164,Noah K\u00f6nig,,false
1286183,Tom Bischof,Germany,true
1286190,Anselmo MacNulty,Ireland U21,false
1286192,Fally Mayulu,,false
1286471,Roger Brugu\u00e9,,false
1286656,Lasse Rie\u00df,,false
1286796,Jovon Makama,,false
1286950,Jankat Yilmaz,Turkiye U21,false
1286969,Abdullah Saeed,Saudi Arabia U23,false
1287010,Nilson Angulo,Ecuador,true
1287017,Daykol Romero,,false
1287018,Maiky de La Cruz,Ecuador U20,false
1287056,Cameron Humphreys,,false
1287373,Jobe Bellingham,England Under 18,true
1287470,Pablo Tomeo,,false
1287476,Abdullah Al Hawsawi,,false
1287489,Bamo Meit\u00e9,Ivory Coast,true
1287512,Miguel Puche,,false
1287534,Meshal Sibyani,Saudi Arabia,true
1287535,Rayan Hamed,Saudi Arabia,true
1287747,Z\u00e9 Carlos II,Portugal U21,false
1287783,Seydouba Ciss\u00e9,Guinea,true
1287785,Naim Garc\u00eda,,false
1287788,Jon Magunazelaia,,false
1287790,Peru Rodr\u00edguez,,false
1287791,Iker Kortajarena,,false
1287837,Bruno Onyemaechi,Nigeria,true
1287856,Abdulaziz Al Harabi,,false
1287860,Mohammed Al Aqel,,false
1287871,Zakaria El Ouahdi,Morocco,true
1287872,Mart\u00edn Ram\u00edrez,,false
1287941,Gabri Mart\u00ednez,,false
1288111,Mathys Tel,France U21,false
1288115,F\u00e1bio Ronaldo,,false
1288119,Isma\u00ebl Kon\u00e9,Canada,true
1288146,Step\u00e1n Chaloupek,Czechia,true
1288187,Gabriel Pereira,,false
1288195,Cole Campbell,USA U21,false
1288206,Jorge Moreno,,false
128827,Lewis Holtby,Germany,true
1288294,Monju Momuluh,,false
1288332,Joel Ndala,England Under 18,true
1288445,Sergey Pryakhin,,false
1288450,Rico Lewis,England,true
1288512,Niek Schiks,Netherlands U21,false
1289105,Emmanuel Ekong,Sweden U21,false
1289121,Olaf Kobacki,Poland U20,false
1289123,Brayan Ceballos,Colombia U23,false
1289171,G\u00e1bor Szalai,Hungary,true
128949,Michael Boxall,New Zealand,true
1289513,Og\u00fcn \u00d6zcicek,,false
1289520,Gabriele Piccinini,,false
1289641,Axel Camblan,,false
1289942,Samuele Angori,Italy U21,false
1289961,Adam Obert,Slovakia,true
1289972,Turpal-Ali Ibishev,Russia,true
1290345,Melih Bostan,Turkiye U21,false
1290453,Tyrone Owusu,,false
1290479,Clayton,,false
1290482,Tim-Justin Dietrich,,false
1290484,Leandro Morgalla,Germany U21,false
1290613,Nicol\u00f2 Cavuoti,Italy U19,false
1290962,Ashley Phillips,England Under 18,true
1291325,Lucas Pires,,false
1291388,Woobens Pacius,Haiti,true
1291567,Liam Chipperfield,Switzerland U21,false
1291611,Saad Al-Mousa,Saudi Arabia,true
1291881,Milan Zonneveld,,false
1291883,Ale Garc\u00eda,,false
1292092,Ant\u00f3nio Silva,Portugal,true
1292100,Norman Bassette,Belgium,true
1292335,Amadou Salif Mbengue,,false
1292354,Th\u00e9o Le Bris,France U20,false
1292369,Jean-Baptiste Gorby,,false
1292582,Yassine Bouchama,,false
1292636,Felipe Salomoni,,false
1292810,Kobbie Mainoo,England,true
1292826,Steeven Qui\u00f1onez,,false
1292833,Tyler Dibling,England Under 18,true
1292845,Sam Mather,England Under 18,true
1293092,Makenzie Kirk,Northern Ireland U21,false
1293671,Sampson Dweh,Liberia,true
1293688,Karim Konat\u00e9,Ivory Coast,true
1293912,Pablo Mar\u00edn,Spain U21,false
1294129,Guille Bueno,,false
1294752,Rodrigo Su\u00e1rez,,false
1294782,\u00c1lvaro Martin,,false
1294785,Walid Ould-Chikh,,false
1294799,Franck Fomeyem,,false
1294800,Patrick Brouwer,,false
1296413,Henrik Meister,,false
1296625,Bobby Clark,England Under 18,true
1296650,Adam Wharton,England,true
1296656,Damir Kasabulat,Kazakhstan,true
1296763,Lewis Miley,England U21,false
1296769,Zach Abbott,England Under 18,true
1297165,Bradley Barcola,France,true
1297924,Franklin Uchenna,Nigeria,true
1298551,Itamar Noy,Israel,true
1298600,Younes Taha,Morocco U23,false
1298907,Cristhian Mosquera,Spain,true
1298925,Jeremy Sarmiento,Ecuador,true
129944,Marco Reus,Germany,true
1299589,Yago Cantero,,false
1299596,Jokin Gabilondo,,false
1299645,Klismahn,,false
1299869,Mohamed Kaba,,false
1300329,Calvin Brackelmann,,false
1300385,Amar Memic,Bosnia and Herzegovina,true
1300457,\u00c1lex Calatrava,,false
1300526,Nico O'Reilly,England,true
1300653,Demir Tiknaz,Turkiye,true
1300864,Ey\u00fcp Aydin,Turkiye U21,false
1300869,Ibrahim Kaya,Turkiye U19,false
1300906,Owen Wolff,USA U19,false
1301081,Arda Kurtulan,Albania U21,false
1301517,Enzo Leopold,,false
1301633,Emirhan Ilkhan,Turkiye,true
1301989,\u00c1lvaro Leiva,,false
1302121,Brian Cipenga,DR Congo,true
1302409,Enes Keskin,,false
1302666,Derry Scherhant,Germany U20,false
1302715,Martial Godo,Ivory Coast,true
1302796,Mateo Lisica,Croatia U21,false
1302813,Mart\u00edn Fern\u00e1ndez,,false
1302814,Kaelan Casey,England U20,false
1302821,Petar Ratkov,Serbia,true
1303501,Ali Yousef Musrati,Libya,true
1303876,Brooklyn Raines,USA U21,false
1304120,Alex For\u00e9s,,false
1304337,Lev Kurgin,Kazakhstan U21,false
1304343,Allan God\u00f3i,,false
1305543,K\u00e9vin Danois,France U21,false
1305565,Dawda Camara,Mauritania,true
1305566,Manu Rico,,false
1305614,Hussain Al-Sabiyani,Saudi Arabia,true
1305618,Maghnes Akliouche,France,true
1305626,Nacho Mart\u00edn,,false
1305664,Luke Brennan,USA U21,false
1305746,William Kumado,,false
1305752,Simone Stroscio,,false
1305763,Rafiu Durosinmi,Nigeria,true
1305787,Elias Jelert,Denmark,true
130589,Taison,Brazil,true
1306107,Yonatan Rodr\u00edguez,,false
1306664,Danilo Veiga,Portugal U21,false
1306870,Jorge Ruvalcaba,Mexico,true
1307387,Wouter Goes,Netherlands Under 18,true
1307639,Max Weiss,Germany U21,false
1307640,Antonio Tikvic,Croatia U21,false
1307663,Sinclair Armstrong,Ireland,true
1307695,Owen Gene,Guadeloupe,true
1307773,Cristi\u00e1n Riquelme,Chile U17,false
1307957,Romano Floriani Mussolini,,false
1307961,Sindre Walle Egeli,Norway,true
1307981,Guilherme Smith,,false
1308373,Kirill Stolbov,Russia Under 18,true
1308412,Tom\u00e1s Jacob,,false
1308414,Hugo \u00c1lvarez,Spain U21,false
1308464,Justin Hammel,Switzerland U21,false
1308508,Brian Beyer,,false
1308600,Kota Takai,Japan,true
1308892,Iker Bravo,Spain U20,false
1308894,Pedro Alema\u00f1,,false
1308909,Cristian Volpato,Australia,true
1309240,Mat\u00edas Pinto,,false
1309634,Dailon Livramento,Cape Verde,true
1309655,Mohammed Hamad Al Qahtani,Saudi Arabia,true
1310001,Ezechiel Banzuzi,Netherlands Under 18,true
1310103,Anton Kade,Germany U21,false
1310115,Cameron Bragg,Scotland U21,false
1310131,Tom Watson,England Under 18,true
1310255,Dion Kacuri,Switzerland U21,false
1310270,Kamory Doumbia,Mali,true
1310438,Justin Heekeren,,false
1310440,Javi Rueda,,false
1310452,Idar Shumakhov,,false
1310480,Sergi Altimira,,false
1310630,Tom de Graaff,Netherlands Under 18,true
1310975,Jordan James,Wales,true
131104,Rafael Caroca,Chile,true
1311408,Hazem Mastouri,Tunisia,true
1311533,August Priske,Denmark U21,false
1311827,Lucas Soto,,false
1311915,Ilias Akhomach,Morocco,true
1311922,M\u00fccahit Ibrahimoglu,Austria Under 18,true
1311946,Jochem Ritmeester van de Kamp,Netherlands U21,false
1311985,C\u00e9sar T\u00e1rrega,Spain U21,false
1312252,Kevin Sambonino,Ecuador U17,false
1312459,Miguel Terceros,Bolivia,true
1313184,Rhys Bozinovski,Australia U23,false
1313339,\u00c1lex Oyon,,false
1313343,Dani Queipo,,false
1313884,Rafa Mar\u00edn,Spain U21,false
1313923,Mohamed Al\u00ec Zoma,,false
1313924,Pablo Maia,Brazil,true
131408,Thomas Kaminski,Belgium,true
1314412,R\u00f4mulo,,false
1315319,Ollie Scarles,England Under 18,true
1315344,Chuki,,false
1315351,Taha Altikardes,Turkiye U21,false
1315434,Jacob Farrell,Australia U23,false
1315475,Roony Bardghji,Sweden,true
1315546,Tomoya Ando,Japan,true
1315711,Nelson Deossa,Colombia,true
1315821,Matteo Dams,Belgium U21,false
1315828,Javi Llabr\u00e9s,,false
1316088,Benja Dom\u00ednguez,Argentina,true
1316124,Matheus Fran\u00e7a,Brazil U20,false
1316205,Giuseppe Ambrosino,Italy U21,false
1316755,Hassan Rabea,Saudi Arabia U19,false
1316930,Jordan Bos,Australia,true
1317234,\u00c1lex Rangel,Ecuador Under 23,true
1317319,Artem Smolyakov,Ukraine U21,false
1317340,Souleymane Diaby,Ivory Coast,true
1317346,Ignacio Guerrico,,false
1317558,Emiro Garc\u00e9s,,false
1317611,Otto Rosengren,Sweden,true
1317624,Dani Lorenzo,,false
1317741,Otar Mamageishvili,Georgia U21,false
1318400,Kevin,Brazil U20,false
1318686,Alessandro Circati,Australia,true
1318701,Andrews Tetteh,Greece,true
1318728,Connor O'Riordan,Ireland U21,false
1319204,Yeremay Hern\u00e1ndez,Spain U21,false
1319207,Polat Yaldir,Turkiye U21,false
1319717,Keke Topp,Germany U21,false
1319774,Yu Hirakawa,Japan,true
1319909,Rijk Janse,,false
1319968,Rub\u00e9n Iranzo,Spain U19,false
1319972,Mike Penders,Belgium,true
1320168,Jhon Jhon,,false
1320169,Kaique Pereira,Brazil U23,false
1320170,Kaiky Naves,,false
1320176,Wesley,Brazil,true
1320446,Marko Ivezic,Serbia,true
1320863,Antonio Vergara,,false
1320887,William Clem,Denmark Under 20,true
1320890,Emil H\u00f8jlund,Denmark U19,false
1320949,Emersonn,,false
1320950,Isaac,,false
1320957,R\u00f4mulo,,false
1320958,Matheus Cunha,,false
1321124,Rome Owusu-Oduro,Netherlands U21,false
1321125,Mexx Meerdink,Netherlands,true
1321439,Percan,,false
1321553,Stefano Marino,Germany U19,false
1321562,Diego Coppola,Italy,true
1321601,Daniel Luna,Colombia Under 19,true
1321603,Estanis Pedrola,,false
1321605,Mario Mart\u00edn,Spain U21,false
1322555,Tom Gaal,,false
1322580,Yunus Emre \u00c7ift,Turkiye U21,false
1322850,Capa,,false
1322858,Pablo Dur\u00e1n,,false
1322880,Sergio Ortu\u00f1o,,false
1323022,Iker Benito,,false
1323207,Alex Sancris,,false
1323305,Archie Gray,England Under 16,true
1323311,Gyan de Regt,Netherlands U19,false
1323398,Abel Bretones,,false
1323403,Antoniu Roca,,false
1323479,Tim Rossmann,Germany U20,false
1323483,Yayo,,false
1323510,Alberto Reina,,false
1323537,Aleksa Durasovic,Serbia U21,false
1323629,\u00d3scar Rivas,,false
1323669,Lorenzo Aguado,,false
1323827,Jon Gorrotxategi,,false
1323828,Alberto Dadie,,false
1323859,Aisar Ahmed,,false
1323863,Iker Mu\u00f1oz,Spain U21,false
1323897,Marc Pubill,Spain,true
1323982,Marcos Cuenca,,false
1323983,Jon Balda,,false
1324045,Juan Guti\u00e9rrez,,false
1324054,Yeray Cabanz\u00f3n,,false
1324100,Lucas Alc\u00e1zar,,false
1324328,Gioele Zacchi,Italy U21,false
1324358,Frank Magri,Cameroon,true
1324871,Ben Gannon-Doak,Scotland,true
1324890,Cihan \u00c7anak,Turkiye U21,false
1325368,Zak Lovelace,England Under 18,true
1325524,Leonardo Buta,Portugal U21,false
1325525,Dinis Pinto,,false
1325580,Javi Moreno,,false
1325585,Arana,,false
1325761,Finn Surman,New Zealand,true
1325887,Faisal Al Abdulwahed,Saudi Arabia U23,false
1325889,Abdullah Al Anazi,Saudi Arabia U19,false
1325891,Salem Al Najdi,Saudi Arabia,true
1325893,Ali Al Masoud,Saudi Arabia U23,false
1325998,Iv\u00e1n Fresneda,Spain U21,false
1326041,Tom\u00e1s Mendes,Spain Under 16,true
1326043,Joel Roca,Spain U21,false
1326046,Unai Hern\u00e1ndez,,false
1326154,Emmanuel Essiam,Ghana U23,false
1326921,Beyatt Lekoueiry,Mauritania,true
1327115,Rakan Kaabi,,false
1327149,Paul Wanner,Austria,true
1327150,Arijon Ibrahimovic,Germany U21,false
1327156,Jacques Ekomi\u00e9,Gabon,true
1327214,Nestory Irankunda,Australia,true
1327298,Sa\u00ebl Kumbedi,France U21,false
1327319,Chris Rigg,England Under 18,true
1327325,Callum Marshall,Northern Ireland,true
1327406,\u00c1lvaro Rodriguez,Uruguay U20,false
1327489,Kike Salas,Spain U21,false
1327518,Lohann Doucet,Burkina Faso,true
1327733,Aleix Garrido,Spain U19,false
1327789,Jaydon Banel,Netherlands U19,false
1327791,Olivier Aertssen,Netherlands U19,false
1327826,Dante Polvara,,false
1327848,Feyttullah G\u00fcrl\u00fck,Turkiye U21,false
132814,Jo\u00ebl Mall,Cyprus,true
1328820,Hyun-Ju Lee,South Korea,true
1328857,Caspar Jander,Germany U21,false
1328863,Nathan Ordaz,El Salvador,true
1328885,Damian van der Haar,,false
1329007,Dar\u00edo Osorio,Chile,true
1329169,Mika Baur,Germany Under 18,true
1329255,Louis Mouton,,false
1329268,Nils Rossen,,false
1329320,Alberto Flores,,false
1329406,Jeanu\u00ebl Belocian,France U21,false
1329461,Danley Jean Jacques,Haiti,true
1329487,Jacopo Fazzini,Italy U21,false
1329523,Matty Litherland,,false
1329665,Anton Gaaei,Denmark,true
1329774,Lewis Schouten,Netherlands Under 18,true
1330035,Rub\u00e9n S\u00e1nchez,,false
1330204,Arif Kocaman,Turkiye U21,false
1330616,Tadeo Allende,,false
1330848,Frank Feller,Germany Under 18,true
1330872,David Ozoh,England Under 18,true
1330956,Tommaso De Nipoti,Italy U19,false
1331037,Adu Ares,,false
1331097,Pablo Pagis,,false
1331128,Jos\u00e9 Caicedo,Colombia U17,false
1331245,Juli\u00e1n Anaya,,false
1331249,Adama Boiro,,false
1331311,Amadou Coundoul,Senegal Under 18,true
1331597,Gustavo Puerta,Colombia,true
1331697,Finley Munroe,,false
1331703,Charlie Hughes,England U20,false
1331716,Mohammed Al-Absi,Saudi Arabia,true
1332025,Lucas Noubi,Belgium Under 18,true
1332217,Valdemar Byskov,Denmark U21,false
1332390,Alexis Manyoma,Colombia Under 19,true
1332538,Oumar Ngom,Mauritania,true
1332549,Amine Salama,,false
1332788,Dajaune Brown,Jamaica,true
1332814,Th\u00e9o Magnin,Switzerland U21,false
1333066,Rahim Alhassane,Niger,true
1333331,Oliver Provstgaard,Denmark,true
1333449,Mahamadou Susoho,England Under 16,true
1334534,Junior Kadile,,false
1334552,Nicol\u00f2 Tresoldi,Germany U21,false
1334617,Diego Ulloa,Chile,true
1334622,Felipe Ogaz,Chile,true
1334764,Victor Aznar,,false
1334767,Andr\u00e9s Lopez,,false
1334805,Lamine Sy,,false
1334842,Jahnoah Markelo,Suriname,true
1335046,Matej S\u00edn,Czechia,true
1335064,Sergio Carrasco,,false
1335102,Ugo Raghouber,,false
1335154,Dami\u00e1n Pizarro,Chile,true
1335315,Deveron Fonville,Curacao,true
1335338,Daniel Pi\u00f1a,,false
1335339,Esteban Matus,Chile,true
1335694,Murphy Cooper,,false
1335761,Gustavo Martins,Brazil U23,false
1336006,Jorge Pascual,,false
1336008,Marcelo Exp\u00f3sito,,false
1336022,Rub\u00e9n Lopez,,false
1336529,Oscar H\u00f8jlund,Denmark U21,false
1336566,Facundo Buonanotte,Argentina,true
1336582,M\u00e1ximo Perrone,Argentina,true
1336626,Esteban Kirkman,,false
1336663,Marcelinho,,false
1336731,Tjark Ernst,Germany Under 18,true
1336751,Justin Devenny,Northern Ireland,true
1336754,Nikolas Veratschnig,Austria,true
1336833,Renzo Malanca,,false
1336906,Kuryu Matsuki,Japan Under 16,true
1336918,Daniel,,false
1336919,Rodrigo Castillo,,false
1337009,Giovanni Bonfanti,Italy U21,false
1337010,Benjamin Kabeya,,false
1337011,Th\u00e9o Golliard,,false
1337282,Kodai Sano,Japan,true
1337351,Hayate Matsuda,Japan U20,false
1337642,David Gonz\u00e1lez,,false
1337765,Junnosuke Suzuki,Japan,true
1337791,Yosuke Furukawa,,false
1337884,Konstantinos Koulierakis,Greece,true
1337911,Oscar Gloukh,Israel,true
1337914,Roy Revivo,Israel,true
1337962,Roman Celentano,USA,true
1337963,Nick Markanich,,false
1337964,Ian Murphy,USA,true
1337979,\u00c9tienne Yout\u00e9 Kinkou\u00e9,France U21,false
1338016,Valent\u00edn G\u00f3mez,Argentina U20,false
1338045,Mateo Sanabria,Argentina U20,false
1338086,Nectarios Triantis,Greece,true
1338192,Pablo Barrios,Spain,true
1338390,Ernest Nuamah,Ghana,true
1338620,Sergio Oregel Jr.,United States Under 23,true
1338670,Ben Bender,,false
1338696,Alex Freeman,USA,true
1338703,Deandre Kerr,Canada,true
1338704,Luka Gavran,Canada,true
1338740,Tani Oluwaseyi,Canada,true
1338757,Philip Quinton,,false
1338763,Sean Zawadzki,USA,true
1338765,Will Sands,USA U17,false
1338846,Sota Kitano,Japan,true
1338938,Lucas Bartlett,,false
1338957,Bambas\u00e9 Cont\u00e9,Germany Under 18,true
1338978,Tyreece Campbell,Jamaica,true
1339208,D\u00e9sir\u00e9 Dou\u00e9,France,true
1339269,Hugo Larsson,Sweden,true
1339287,Ousseni Bouda,Burkina Faso,true
1339293,Styopa Mkrtchyan,Armenia,true
1339308,Alper Demirol,,false
1339347,Vitor Roque,Brazil,true
1339366,Alejandro Santander,,false
1339372,Cesare Casadei,Italy,true
1339581,Taha Sahin,Turkiye,true
1339585,Anthony Markanich,,false
1339609,Niko Tsakiris,USA U21,false
1339790,Dmitriy Vasiljev,Russia,true
1340071,Jeyland Mitchell,Costa Rica,true
1340247,Denilson,,false
1340413,Tristan Gooijer,Netherlands Under 18,true
1340527,Erick Pulga,,false
1340594,Mikel Goti,,false
1340660,Harol Salgado,,false
1340730,Saleh Al Harthi,,false
1340790,Noah Allen,Greece U21,false
1340895,Bilal El Khannouss,Morocco,true
1341120,Duran Ferree,USA U21,false
1341127,Korede Osundina,USA U21,false
1341159,Matthew Corcoran,USA U20,false
1341387,Wilson Odobert,France U21,false
1341475,Anton\u00edn Kinsky,Czechia,true
1341538,Ji-Soo Kim,South Korea,true
1342754,Diego Moreira,Belgium,true
1342756,Lu\u00eds Semedo,,false
1342757,Jo\u00e3o Neves,Portugal,true
1342790,Marvel,Spain U19,false
1342943,Aleksandr Kovalenko,Russia,true
1342958,Timo Jansink,,false
1342969,Sem Scheperman,,false
1343053,Abdoul Ouattara,,false
1343136,Marco Moreno,,false
1343374,Felipe Loyola,Chile,true
1343554,Francisco Salinas,Chile,true
1343555,Jorge Espejo,,false
1343749,Rodrigo Ribeiro,Portugal U21,false
1343750,Renato Veiga,Portugal,true
1344244,Rafik El Arguioui,,false
1344245,Patrickson Delgado,Ecuador,true
1344246,Jay Enem,,false
1344550,Willy Kambwala,France U20,false
1344566,Gonzalo Tapia,,false
1344572,Ollie Arblaster,England Under 18,true
1344655,Nathan Gassama,Mali,true
1344677,Mateo Joseph,Spain U21,false
1345053,Brais Mart\u00ednez,,false
1345064,John Ontaneda,,false
1345326,Agust\u00edn Ojeda,,false
1345356,Edinson Mero,Ecuador Under 23,true
1345875,Far\u00e8s Cha\u00efbi,Algeria,true
1346113,Shumaira Mheuka,England Under 18,true
1346549,Nicksoen Gomis,,false
1346741,Javier Otero,Venezuela,true
1346860,Esmir Bajraktarevic,Bosnia and Herzegovina,true
1346873,C\u00e9lio Pompeu,,false
1346875,Miguel Perez,,false
1346940,Mike Kleijn,Netherlands Under 18,true
1347229,Basar \u00d6nal,Turkiye U21,false
1347241,Jayden Addai,Netherlands U21,false
1347411,Bedirhan \u00d6zyurt,,false
1347471,Artem Karpukas,Russia,true
1347567,Valent\u00edn Carboni,Argentina,true
1347570,Gavin Turner,,false
1347574,Nico Paz,Argentina,true
1347791,Yassin Belkhdim,,false
1347804,Elmin Rastoder,North Macedonia,true
1347933,Gustavo Caballero,Paraguay,true
1348054,Edwin Mesa,,false
1348100,Mawuli Mensah,,false
1348284,Jordan Knight,,false
1348286,David Ruiz,Honduras,true
1348329,Max Arfsten,USA,true
1348497,Kayne van Oevelen,,false
1348741,Adrian Bajrami,Switzerland,true
1349978,Cabral Carter,,false
1350017,Ca\u00edque Gon\u00e7alves,,false
1350024,Pedro Milans,Uruguay U17,false
1350129,Rwan Cruz,,false
1350255,Sebasti\u00e1n Figueredo,Uruguay U22,false
1350448,Layan Loor,Ecuador,true
1350681,Dylan Nand\u00edn,Uruguay U22,false
1350730,Miguel Monsalve,Colombia U20,false
1351033,Justin Reynolds,United States Under 15,true
1351065,Nathaniel Adjei,Ghana,true
1351099,Ekain Orobengoa,,false
1351133,Givairo Read,Netherlands U21,false
1351566,Melker Widell,Sweden,true
1351569,Hugo Bolin,Sweden,true
1352213,Ro-Zangelo Daal,Netherlands Under 18,true
1352280,Jeison Fuentealba,Chile,true
1352485,Mart\u00edn Caramuto,,false
1352533,Mohammad Alsalkhadi,Syria,true
1352610,Anil Cinar,,false
1352713,Carlos Baleba,Cameroon,true
1352923,Enzo Barrenechea,Argentina,true
1352996,Mio Backhaus,Germany Under 18,true
1353000,Adam Daghim,Denmark,true
1353027,Matvey Lukin,Russia,true
1353053,Milan Smit,,false
1353104,Tochukwu Nnadi,Nigeria,true
1353289,Ivan Smolcic,Croatia B,true
1353293,Sondre \u00d8rjas\u00e6ter,Norway U21,false
1353300,Norman Rodr\u00edguez,,false
1353301,Pablo Gonz\u00e1lez,Uruguay U17,false
1353421,Andr\u00e9s G\u00f3mez,Colombia,true
1353441,Alfred Caicedo,,false
1353447,\u00c1lex Rodr\u00edguez,,false
1353451,Alan Garc\u00eda,,false
1353457,Arthur,Brazil,true
1353467,Benjam\u00edn Chand\u00eda,Chile,true
1353472,Brian Mansilla,,false
1353475,Aleksandr Sandrachuk,Russia U19,false
1353490,Munashe Garananga,Zimbabwe,true
1353561,Ante Crnac,Croatia U21,false
1353591,Nicol\u00e1s Johansen,,false
1354084,Cristopher Angulo,,false
1354085,Joel Ord\u00f3\u00f1ez,Ecuador,true
1354139,Jordy Ortiz,,false
1354177,Benjam\u00edn Cremaschi,USA,true
1354243,Gon\u00e7alo Costa,Portugal U17,false
1354479,Rakan Al Tulayhi,,false
1354485,H\u00e9rcules,,false
1354491,Joaqu\u00edn Lavega,Uruguay,true
1354561,Diego G\u00f3mez,Paraguay,true
1354562,Gilberto Flores,Paraguay U23,false
1354820,Rosen Bozhinov,Bulgaria,true
1354997,David Mart\u00ednez,Venezuela,true
1355216,Julian Eitschberger,Germany U21,false
1355258,Ruairi McConville,Northern Ireland,true
1355290,Dylan Escobar,Chile,true
1355509,Sverre Nypan,Norway,true
1355526,Maxi Oyedele,Poland,true
1355530,Brahim Ghalidi,Morocco Under 19,true
1355550,Kevin Kelsy,Venezuela,true
1355552,Alisson Santos,,false
1355556,Kevin Velasco,,false
1355574,Giovane Nascimento,Brazil U23,false
1355636,Arthur Chaves,Brazil U23,false
1355686,S\u00e9kou Bangoura,Guinea U23,false
1355837,Serginho,,false
1355851,Nasser Al Bishi,,false
1355858,Negueba,,false
1356299,Pedro Santos,,false
1356310,Youssef Chermiti,Portugal Under 15,true
1356311,Jefferson D\u00edaz,,false
1356385,Jorge Delgado,,false
1356431,Hevertton Santos,,false
1356527,Gian Cabezas,Colombia Under 19,true
1356589,David Herold,Germany Under 18,true
1356598,Mateo Ort\u00edz,,false
1356599,Pedro Santos,Portugal U21,false
1356804,Tom Moustier,,false
1356884,Nicol\u00e1s Ferreira,,false
1356948,Mateo Piedra,,false
1357426,Niklas Niehoff,,false
1357591,\u00c1lvaro Aceves,Spain U21,false
1357698,Matteo Bignetti,Austria Under 18,true
1357723,Lucas Rosa,,false
1358125,Itay Ben Hamo,Israel U21,false
1358149,Luka Stojkovic,Croatia U21,false
1358337,Yellu Santiago,,false
1358339,Jamie McDonnell,Northern Ireland,true
1358345,Agust\u00edn Giay,Argentina,true
1358378,Lorenzo Scipioni,,false
1358581,Leny Yoro,France U21,false
1358582,Miguel \u00c1ngel Brau,,false
1358598,Djeidi Gassama,Mauritania,true
1358655,Julio Soler,Argentina,true
1359265,Artem Shumanskiy,Belarus,true
1359465,Luka Kulenovic,Bosnia and Herzegovina,true
1359536,Ali Ahmed,Canada,true
1359577,Miliano Jonathans,Indonesia,true
1359613,Abakar Sylla,Ivory Coast,true
1359647,Daniel Bassi,Norway U21,false
1359649,Noah Sadiki,DR Congo,true
1359911,Miguel Rom\u00e1n,,false
1359970,Ruben van Bommel,Netherlands U21,false
1360238,Kiano Dyer,England Under 18,true
1360308,Robert Renan,Brazil,true
1360311,Lautaro Pastr\u00e1n,Chile Under 23,true
1360349,Harry Whitwell,England Under 18,true
1360352,Radek V\u00edtek,Czechia U21,false
1360579,Ariel Mosquera,,false
1362137,Billy van Duijl,Netherlands Under 18,true
1362306,Bernardo Schappo,,false
1362341,Alex Murphy,Ireland,true
1362369,Nigel Ogidi Nwankwo,,false
1362393,Tristan van Gilst,Netherlands U19,false
1362417,Fabio Gruber,Peru,true
1362439,Bernardo Fontes,,false
1362492,Santiago Casta\u00f1eda,USA U21,false
1362516,Santiago Hidalgo,Argentina U20,false
1362598,Emrecan Terzi,Turkiye U21,false
1362622,Junior Mwanga,France U20,false
1362632,Leandro Antonetti,Puerto Rico,true
1362672,Lucas Sanseviero,,false
1362857,Gerardo Valenzuela,USA U21,false
1362972,Kadan Young,England Under 18,true
1362998,Abdukodir Khusanov,Uzbekistan,true
1363232,Maguette Gueye,,false
1363368,Victor Hugo,Brazil U20,false
1363536,Damion Downs,USA,true
1363660,Gianluca Prestianni,Argentina,true
1363733,Mouhamed El Bachir Ngom,,false
1363788,Finn van Breemen,Netherlands U21,false
1363812,Abdulaziz Al Aliwa,Saudi Arabia,true
1364042,Lewis Koumas,Wales,true
1364069,Malick Fofana,Belgium,true
1364185,Alex Bonetig,Australia,true
1364471,Alonso Coello,,false
1364494,Ayoub Jabbari,,false
1365253,Adrian Blake,England Under 18,true
1365254,Jack Grieves,,false
1366006,Umut Tohumcu,Germany Under 18,true
1366049,No\u00e9 Lebreton,France U21,false
1366338,Felix Keidel,,false
1366373,\u00dcmit Akdag,Romania U21,false
1366602,Dzenan Pejcinovic,Germany U21,false
1366618,Zoumana Diallo,France U17,false
1366623,Karem Zoabi,Israel U21,false
1366773,Esn\u00e1ider Cabezas,,false
1366778,Vilington Branda,,false
1366899,Joaqu\u00edn,,false
1366936,Stanis Idumbo,Belgium Under 18,true
1366937,Jovan Milosevic,Serbia,true
1367043,Jo\u00e3o Veloso,Portugal U21,false
1367044,Dinis Rodrigues,Portugal Under 18,true
1367046,Ivan Lima,Portugal U19,false
1367047,Afonso Moreira,Portugal U21,false
1367494,Miguel Reichmuth,Switzerland U19,false
1367495,Selmin Hodza,,false
1367587,Laurin Ulrich,Germany U19,false
1367608,Juan Mina,Colombia Under 19,true
1367614,Nelson Weiper,Germany U21,false
1367615,Warren Za\u00efre-Emery,France,true
1367618,Francesco Pio Esposito,Italy,true
1367619,Dean Huijsen,Spain,true
1367702,Brodie Spencer,Northern Ireland,true
1367703,Terry Devlin,Northern Ireland,true
1367915,Tobias Slotsager,Denmark U21,false
1367924,Can Uzun,Turkiye,true
1367926,Javier Bo\u00f1ar,Spain U19,false
1367987,Dami\u00e1n Rodr\u00edguez,Spain U21,false
1368049,Lasse Rosenboom,Germany U20,false
1368061,Samuel Iling-Junior,England Under 16,true
1368065,Abdulaziz Al-Harbi,,false
1368070,Vicente Vega,,false
1368083,Dhari Al Anazi,,false
1368139,Tate Johnson,USA U20,false
1368304,Julien Duranville,Belgium,true
1368318,Luca Koleosho,Italy,true
1368330,Th\u00e9o Zidane,France U17,false
1368340,Agust\u00edn Mansilla,,false
1368557,Gift Orban,Nigeria,true
1368559,Yomar Rocha,Bolivia,true
1368642,Theo Bergvall,Sweden U21,false
1368654,Chemsdine Talbi,Morocco,true
1368655,David Mella,Spain U20,false
1368656,Jovan Mijatovic,Serbia U21,false
1368710,Noah Nartey,Denmark,true
1368922,Erick Ladines,,false
1369195,Vladimir Lucic,Serbia,true
1369239,Crist\u00f3bal Chadwick,Chile U20,false
1369244,Emiliano Ramos,Chile,true
1369279,Luca Lipani,Italy,true
1369397,Khaled Ali Al Asbahi,United Arab Emirates Under 20,true
1369420,Jan-Carlo Simic,Serbia,true
1369899,Ulvi Babaev,,false
1369913,Nikita Saltykov,Russia,true
1370087,Pablo S\u00e1enz,,false
1370090,Sem van Duijn,,false
1370582,Simon Becher,,false
1370583,Jaden Slory,Netherlands Under 18,true
1370590,Milos Lukovic,Serbia U19,false
1372086,Adilet Sadybekov,Kazakhstan,true
1372179,Wesley,Brazil U20,false
1372284,Beni,Angola,true
1372371,Ilya Kirsh,Russia Under 18,true
1372430,Luca Langoni,,false
1372718,Jos\u00e9 Herrera,,false
1372810,Dani Barcia,Spain U19,false
1372921,Andrey Santos,Brazil,true
1373118,David Ricardo,,false
1374278,Simon Simoni,Albania,true
1374467,Andr\u00e9 Gomes,Portugal Under 15,true
1374498,Diogo Prioste,Portugal Under 15,true
1374499,Diogo Spencer,,false
1374500,Franculino,Guinea-Bissau,true
1374503,Hugo F\u00e9lix,Portugal Under 18,true
1374504,Jo\u00e3o Tom\u00e9,Portugal Under 16,true
1374975,Nelson Palacio,Colombia,true
1375019,Oscar Schwartau,Denmark U21,false
1375633,Malte Frejd P\u00e5lsson,,false
1375764,Ignacio Sosa,Uruguay,true
1375802,Harold Anti\u00f1irre,,false
1375810,Terry Yegbe,Ghana,true
1376137,Stefan Lekovic,Serbia U21,false
1377639,Tay Abed,Israel,true
1377991,Majed Qasheesh,,false
1378819,Collins Sichenje,Kenya,true
1378854,Jonas Torrissen Therkelsen,,false
1379001,Mat\u00edas Plaza,,false
1379196,Jones El-Abdellaoui,Norway Under 18,true
1379296,Willian Machado,,false
1380288,Patrik Mercado,Ecuador,true
1380297,Orlando Herrera,Ecuador U20,false
1380468,Jan Faberski,Poland U21,false
1380770,Dilan Salgado,,false
1380775,Breno Bidon,Brazil U20,false
1380814,Matheus Dias,Brazil U23,false
1381571,Luca Kjerrumgaard,Denmark U21,false
1381623,Renaldo Cephas,Jamaica,true
1381731,Alan Saldivia,Uruguay U22,false
1381853,Tim Oermann,Germany U21,false
1381854,Fabio Di Michele,,false
1382000,Petar Sucic,Croatia,true
1382008,Sanoussy Ba,Germany Under 18,true
1382059,Alan N\u00fa\u00f1ez,Paraguay,true
1382346,Daouda Weidmann,,false
1382358,Jan Dapo,Slovenia U21,false
1382375,Vasilije Adzic,Montenegro,true
1382377,Marko Perovic,Montenegro,true
1382456,Youri Ochoa,Ecuador Under 23,true
1382475,Rodriguinho,,false
1383070,Daniel Elfadli,Libya,true
1383071,Samuel Gidi,Slovakia U21,false
1383147,Franco Ayunta,,false
1383525,Agust\u00edn Arce,Chile,true
1383534,Weslley Pinto,Brazil U20,false
1383652,Rafael Carvalheira,,false
1383960,Bojan Kovacevic,Serbia U21,false
1384324,Luka Ticic,Slovenia,true
1384413,Vadim Ulyanov,,false
1384426,Ryan Fosso,Cameroon,true
1384473,Gabriel Xavier,,false
1384870,Sidi Bane,,false
1384881,\u00c1lex Valle,Spain U21,false
1384883,Marc Casad\u00f3,Spain,true
1384983,Samet Karakoc,Azerbaijan U21,false
1385140,Renan Peixoto,,false
1385154,Marius W\u00f6rl,,false
1385176,Cem \u00dcst\u00fcndag,,false
1385177,Mohammed Fuseini,Ghana,true
1385185,Belmin Beganovic,Austria U21,false
1385272,Leon Grgic,Croatia U21,false
1385647,Baran Mogultay,,false
1385648,Hamza Anhari,,false
1385764,Nikita Ermakov,Russia,true
1385856,Davide Bartesaghi,Italy,true
1385894,Soungoutou Magassa,France U23,false
1386006,Daniele Ghilardi,Italy U21,false
1386110,Ilya Rozhkov,Russia,true
1386112,Daniil Motorin,Russia Under 16,true
1386196,Mateo Burdisso,,false
1386351,Andr\u00e9s Ferrari,Uruguay U20,false
1386359,Favian Loyola,Chile U20,false
1386482,Jun-Ho Bae,South Korea,true
1386551,Ryan Flamingo,Netherlands U21,false
1386683,Jonas Oehmichen,,false
1386775,Lucas Bergvall,Sweden,true
1387072,Nikola Petkovic,Serbia,true
1387194,Kassoum Ouattara,France U21,false
1387389,Arthur Vermeeren,Belgium,true
1387403,Timo Schlieck,Germany Under 18,true
1387439,Alberto Costa,,false
1387741,Ibrahim Salah,Morocco,true
1387862,Georgi Minoungou,Burkina Faso,true
1388067,Noah Mawene,,false
1388070,Badredine Bouanani,Algeria,true
1388071,Reda Belahyane,Morocco,true
1388142,Wallisson,,false
1388146,\u00c9dier Ocampo,Colombia,true
1388244,Timur Magomedov,,false
1388278,Vladislav Saus,Russia,true
1388298,Nikita Shershov,,false
1388474,Gaby Jean,,false
1388477,Salifou Soumah,Guinea,true
1388678,Cl\u00e9ment Akpa,Ivory Coast,true
1388695,Izzet Celik,Turkiye U21,false
1388938,Metehan Baltaci,Turkiye U21,false
1389199,Dave Kwakman,Netherlands Under 18,true
1389300,Maas Willemsen,,false
1389477,Arnau Sol\u00e0,,false
1389720,Dion Versluis,,false
1389994,Miles Leaburn,,false
1390003,Ryan On\u00e9,Scotland U21,false
1390008,Egor Pogostnov,Russia,true
1390045,Joseph Nduquidi,,false
1390101,Matte Smets,Belgium,true
1390297,Ivan Lepskiy,Russia U17,false
1390336,Robin Risser,France,true
1390339,Kenan Busuladzic,Sweden Under 18,true
1391052,Eliezer Mayenda,Spain U21,false
1391209,Jair Cunha,Brazil U20,false
1391210,Alexsander,Brazil U23,false
1391233,Javier Sald\u00edas,,false
1391242,Joaqu\u00edn Valiente,,false
1391319,Aske Adelgaard,Denmark U21,false
1391753,Yaimar Medina,Ecuador,true
1392225,Nariman Akhundzada,Azerbaijan,true
1392232,Marc Aguado,,false
1392303,Thiago Ojeda,,false
1392779,Etta Eyong,Cameroon,true
1393117,Sami Ouaissa,Netherlands U21,false
1393387,Muhammed Mehmet Damar,Germany U21,false
1393439,Eliesse Ben Seghir,Morocco,true
1393480,Skelly Alvero,,false
1393484,Vadim Rakov,Russia U17,false
1393486,Remi van Ekeris,,false
1393510,Gustavo Silva,,false
1393542,Christian Ord\u00f3\u00f1ez,,false
1393636,Duke Verduin,,false
1393669,Quilindschy Hartman,Netherlands,true
1393672,Jean-Matt\u00e9o Bahoya,France U21,false
1393697,Robbin Weijenberg,,false
1393698,Talha \u00dclvan,,false
1393748,Joel da Silva,,false
1393980,Yasin \u00d6zcan,Turkiye,true
1393996,Jelani Seedorf,,false
1394109,Moussa Kounfolo Yeo,,false
1394399,Stalin Valencia,Ecuador U20,false
1394402,Rocco Vata,Ireland,true
1394403,Bobby Wales,Scotland U21,false
1395447,Nathaniel Brown,Germany,true
1395482,Gustavo S\u00e1,Portugal U21,false
1395694,Kellen Fisher,England U21,false
1395704,Gu\u00e9la Dou\u00e9,Ivory Coast,true
1395716,David Torres,Spain U21,false
1395728,Medon Berisha,Albania,true
1395736,Lalo Aguilar,,false
1395746,Marcos Luna,,false
1395939,Mario Dorgeles,Ivory Coast,true
1395944,Kaio C\u00e9sar,Brazil U23,false
1395964,Carlos Romero,,false
1395975,Rodri,Spain U19,false
1396089,Matteo Prati,Italy U21,false
1396101,Sa\u00fal del Cerro,,false
1396267,Kenneth Obinna Mamah,,false
1396371,Pau Casades\u00fas,,false
1396372,Mika Godts,Belgium,true
1396375,Ibrahim Sulemana,Ghana,true
1396376,Bomba,,false
1396619,Mohammed Al-Yami,Saudi Arabia U23,false
1396693,Maxim Boldyrev,,false
1396784,Andre Brooks,Jamaica,true
1397857,Tiago Santos,Portugal,true
1398327,Baran Gezek,Turkiye U21,false
1398328,Ruslan Bart,,false
1398392,Thierno Barry,France U21,false
1398397,Patrick Nkoa,,false
1398483,Lukas Ullrich,Germany Under 18,true
1398949,Mehdi Moubarik,Morocco U23,false
1399488,Hisham Al Dubais,,false
1399717,Zakaria Al Hawsawi,Saudi Arabia,true
1399936,Rayan Ghrieb,,false
1399969,Lennon Miller,Scotland,true
1400078,Mycael,Brazil,true
1400079,L\u00e9o Derik,Brazil U20,false
1400216,Josh Acheampong,England Under 18,true
1400227,Yankuba Minteh,Gambia,true
1400232,T\u00e9o Allix,,false
1400344,Valent\u00edn Vidal,Chile Under 23,true
1400523,Danny Schmidt,Germany Under 18,true
1400859,Isak Vural,Turkiye,true
1400979,Travis Hernes,Norway U21,false
1400998,Pavel Meleshin,,false
1401099,\u00d6mer G\u00fcm\u00fcs,,false
1401205,Michel Diaz,Ivory Coast,true
1401228,Nawaf Al-Boushail,Saudi Arabia,true
1401243,Daniel Barrea,,false
1401248,R\u00e9my Lascary,,false
1401997,\u00c1lex Padilla,Mexico,true
1402068,Ruan,,false
1402299,Daniil Zorin,Russia Under 16,true
1402324,Vivaldo Semedo,Portugal Under 18,true
1402621,Jo\u00e3o Costa,,false
1402626,Edmilson Filho,,false
1402900,Samuel Mbangula,Belgium,true
1402931,Fran Topic,Croatia U21,false
1403321,Johan Montes,,false
1403332,Aljoscha Kemlein,Germany U21,false
1403350,Andreas-Richardos Ntoi,Greece,true
1403351,Tyler Fredricson,England Under 18,true
1403363,Abdulaziz Noor,,false
1403389,Diego Hormigo,,false
1403397,Moudjatovic,,false
1403403,Tob\u00edas Coppo,,false
1403414,Malcolm Fry,,false
1403627,Abdulrhman Al Anzi,,false
1403691,C\u00e9sar Palacios,Spain U19,false
1403692,Youssef Enr\u00edquez,Morocco,true
1403694,\u00c1ngel Alarcon,Spain Under 16,true
1403695,Adri\u00e1n Nino,Spain U21,false
1404077,Sebastian Otoa,Denmark U21,false
1404134,Carlos Eduardo,,false
1404394,Luis Gustavino,,false
1404414,Azar\u00edas Londo\u00f1o,Panama,true
1404415,Ferm\u00edn L\u00f3pez,Spain,true
1404445,Sidi San\u00e9,,false
1404472,David Voute,,false
1404547,Idan Toklomati,Israel,true
1404859,Maximiliano Guti\u00e9rrez,Chile,true
1404942,Jorge Meireles,Portugal U20,false
1404949,Martim Fernandes,Portugal U21,false
1405468,Mohammed Abu Abdul,,false
1405569,Romualdas Jansonas,Lithuania,true
1405577,Elias Maluvunu,,false
140571,Aleksandr Yerokhin,Russia,true
1405862,Josue Kongolo,Belgium U21,false
1406084,Ali Makki,,false
1406300,Deniz G\u00fcl,Turkiye,true
1406419,Franjo Ivanovic,Croatia,true
1406428,Christian Mawissa,France U21,false
1406436,Myles Lewis-Skelly,England,true
1406475,Jaden Heskey,,false
1406645,Isma\u00eblo Ganiou,Burkina Faso,true
1406729,Endrick,Brazil,true
1406767,Marco W\u00f6rner,,false
1407182,Rolando Silva,,false
1407217,Henry Mosquera,Colombia,true
1407241,Hindolo Mustapha,Sierra Leone,true
1407250,Mikey Moore,England Under 16,true
1407468,Santiago Mouri\u00f1o,Uruguay,true
1407741,Marcos Fern\u00e1ndez,,false
1407775,Egor Smelov,Russia U17,false
140819,Steven Zuber,Switzerland,true
1408459,Stav Lemkin,Israel,true
1408529,Diego Murillo,,false
1408580,Joaqu\u00edn Panichelli,Argentina,true
1409897,Santiago Silva,,false
1410083,Emrecan Bulut,,false
1410095,Amin Boudri,Sweden U21,false
1410437,Aleksandar Stankovic,Serbia,true
1410553,Omar Valencia,Panama,true
1411496,Dani S\u00e1nchez,,false
1411553,Hugo Picard,,false
1411812,Emil Tsenov,Bulgaria,true
1411818,Pelayo Fern\u00e1ndez,,false
1411822,Luis Chac\u00f3n,,false
1411832,Adam Berry,England U17,false
1412105,Thom van Bergen,Netherlands U21,false
1412131,Jan Paluska,Czechia U21,false
1412132,Kenan Yildiz,Turkiye,true
1412137,Marc Guiu,Spain U21,false
1412933,Maurice Krattenmacher,Germany U19,false
1412942,Alan Matturro,Uruguay,true
1412946,Elias Mokwana,South Africa,true
1412956,Paris Brunner,Germany Under 18,true
1413145,Juan Sebasti\u00e1n,,false
1413282,Fabr\u00edcio Garcia,Cape Verde,true
1413313,Emmanuel Umeh,Nigeria U20,false
1413371,Adrian Palacios,Venezuela,true
1413628,Gon\u00e7alo Nogueira,Portugal U21,false
1413780,David Jim\u00e9nez,Spain U19,false
1413843,Gilberto Batista,Guinea-Bissau,true
1413846,Jorrel Hato,Netherlands,true
1413847,Gonzalo Garc\u00eda,Spain,true
1413853,Kaye Furo,Belgium Under 16,true
1413926,Max Scholze,,false
1413963,Jacobo Ram\u00f3n,Spain U21,false
1413996,Luka Vuskovic,Croatia,true
1414035,Antonio Spagnoli,Switzerland Under 18,true
1414036,Claudio Cassano,,false
1414040,Yigit Demir,Turkiye U21,false
1414124,Olaf Gorter,,false
1414577,Matheus Gon\u00e7alves,,false
1414691,Max Alleyne,England Under 18,true
1414761,Leo Shahar,England Under 18,true
1414777,Sebasti\u00e1n Boselli,Uruguay,true
1414859,Samuel Aghehowa,Spain,true
1414866,Isak Alemayehu Mulugeta,Sweden Under 18,true
1415299,Melvin D\u00edaz,,false
1415373,Tjark Scheller,,false
1415502,Moussa Diakit\u00e9,Mali,true
1416269,Nicolas Glaus,,false
1416270,Daniil Shantaliy,,false
1416581,Callum Osmand,Wales Under 16,true
1416708,\u00d3scar Qui\u00f1\u00f3nez,Ecuador Under 23,true
1416710,Joe Knight,,false
1416751,Marino Illescas,,false
1417079,Yoram Zague,France U19,false
1417094,Will Lankshear,England U21,false
1417095,Kamiel van de Perre,Belgium Under 18,true
1417581,Kees Smit,Netherlands,true
1417802,Pape Demba Diop,Senegal,true
1418032,Yahir Salazar,Chile U20,false
1418042,Xavi Sintes,Spain U19,false
1418073,Samuel Amo-Ameyaw,England Under 18,true
1418089,Favour Fawunmi,,false
1418118,Diego Morcillo,,false
1418119,Jos\u00e9 Antonio de la Rosa,,false
1418122,Jeremy Ar\u00e9valo,Ecuador,true
1418665,Ga\u00ebl Lafont,France U19,false
1418670,Unax Agote,,false
1418747,Jo\u00e3o Rego,Portugal Under 18,true
1418816,Kau\u00e3,Brazil U20,false
1418942,Dani P\u00e9rez,Spain U19,false
1419287,Joshua Quarshie,Germany U21,false
1419297,Basti\u00e1n Ubal,Chile U17,false
1419315,Tincho Conde,,false
1419385,Jorg Schreuders,Netherlands U21,false
1419408,D\u00e9ron Payne,Trinidad and Tobago,true
1419577,Ruslan Myalkovskiy,Belarus,true
1419782,Alessandro Vogt,Switzerland U21,false
1419969,Rodrigo Mendoza,Spain U20,false
1419974,Ish\u00e9 Samuels-Smith,England Under 18,true
1420144,Pierce Charles,Northern Ireland,true
1420266,Bailey Cadamarteri,Jamaica,true
1420268,Rio Shipston,,false
1420317,Guilherme Neiva,,false
1420818,Sydie Peck,England U21,false
1420843,Andrey,,false
1420934,Liam Morrison,Scotland U21,false
1421182,Michael Agbekpornu,Ghana U23,false
1421270,Kevin Rodr\u00edguez,Ecuador,true
1421275,Hamza Igamane,Morocco,true
1421388,Gilmar Napa,Ecuador,true
1421394,Eduardo Anderson,Panama,true
1421471,Mario Garc\u00eda,,false
1421505,Gvidas Gineitis,Lithuania,true
1421810,Toby Collyer,England Under 16,true
1421813,Zak Sturge,England Under 18,true
1421821,Elias Baum,Germany U21,false
1422124,Valmir Matoshi,Kosovo,true
1422564,Farid Alfa-Ruprecht,Germany Under 18,true
1422586,Rio Cardines,Trinidad and Tobago,true
1422593,Joshua King,England,true
1422602,Eder Garc\u00eda,,false
1422736,Karoy Anderson,Jamaica,true
1422888,Nicol\u00e1s Palma,,false
1423616,Stefanos Tzimas,Greece U21,false
1424019,Hennadii Synchuk,Ukraine,true
1424360,Andrej Djuric,Montenegro U21,false
1424875,Tyrique George,England Under 18,true
1425173,Be\u00f1at Gerenabarrena,,false
1425182,Ousmane Diomande,Ivory Coast,true
1425206,Maroan Sannadi,Morocco,true
1425768,Antonio Espigares,,false
1425769,Alejandro Rego,,false
1425773,Mihai Toma,Romania Under 16,true
1425989,Lorenzo Amatucci,Italy U21,false
1425998,Leo Sauer,Slovakia,true
1426060,Laurin Curda,,false
1426165,Oualid Agougil,Netherlands Under 18,true
1426170,Mamadou Sarr,Senegal,true
1426185,Alex Lebarbier,,false
1426189,Mikel Rodriguez,,false
1426704,Tygo Land,Netherlands Under 16,true
1426809,Ethan Mbapp\u00e9,France U19,false
1426872,Mobarak Al-Rajeh,Saudi Arabia U23,false
1427016,Jakub Vinarc\u00edk,Slovakia U19,false
1427018,Joseph Boende,Belgium Under 18,true
1427152,Omar Falah,,false
1427808,Panos Katseris,,false
1427813,Or Israelov,Israel Under 20,true
1427819,Hugo Rinc\u00f3n,,false
1427828,Javi Hern\u00e1ndez,,false
1428153,Ngal Ayel Mukau,DR Congo,true
1428401,Romain Esse,England Under 18,true
1428420,Emmanuel Biumla,France U20,false
1428426,Arthur Atta,France U20,false
1428427,Nobel Mendy,Senegal,true
1428550,Ousmane Nana Camara,Guinea,true
1428671,Jo\u00e3o Marques,Portugal U21,false
1428849,Manu Bueno,,false
1428853,Th\u00e9o Bouchlarhem,,false
1429005,Muath Fagihy,Saudi Arabia,true
1429120,Nathan Z\u00e9z\u00e9,France U21,false
1429598,Souma\u00efla Diabat\u00e9,Mali,true
1429607,Kojo Peprah Oppong,Ghana,true
1429682,Junior Ligue,Switzerland Under 18,true
1429871,Ali Demb\u00e9l\u00e9,,false
1429909,Deniz Ertas,Turkiye U21,false
1430145,Arif Bosluk,,false
1430151,Brajan Gruda,Germany,true
1430236,Antonio Satriano,,false
1430406,Andr\u00e9s Garc\u00eda,Spain U21,false
1430830,Ryan Andrews,England U20,false
1430832,Harry Amass,England Under 18,true
1431121,Asier Osambela,,false
1431275,Callum Olusesi,England Under 18,true
1431281,James Beadle,England Under 18,true
1431291,Gorka Carrera,,false
1431307,Selu Diallo,Guinea U23,false
1431456,Thomas Waddingham,Australia U20,false
1431516,George Ilenikhena,,false
1431651,Warren Madrigal,Costa Rica,true
1431809,Paulo Vitor,,false
1431813,Martim Watts,,false
1431818,Lilian Rao-Lisoa,,false
1432212,Mateo Ch\u00e1vez,Mexico,true
1432341,Tarek Buchmann,Germany U17,false
1432344,Jonas Adjetey,Ghana,true
1432421,Antoine Joujou,Guadeloupe,true
1432750,Moussa Soumano,,false
1432805,Renato Huerta,Chile U20,false
1432807,Thomas Gillier,Chile,true
1433032,Jhon Sol\u00eds,Colombia,true
1433034,\u00d3scar Perea,Colombia U20,false
1433042,John Palacios,,false
1433058,Johan Rojas,Colombia,true
1433070,\u00d3scar Cort\u00e9s,Colombia,true
1433230,Romelle Donovan,England Under 18,true
1433600,Arda \u00dcnyay,T\u00fcrkiye Under 18,true
1434474,Rafa Rodr\u00edguez,,false
1434500,Iv\u00e1n Rom\u00e1n,Chile,true
1434501,Mart\u00edn Araya,,false
1434603,Irakli Yegoian,Georgia,true
1434858,Roy Steur,Netherlands Under 18,true
1434889,Assane Diao,Senegal,true
1435030,Francisco Petrasso,,false
1435224,Gast\u00f3n Blanc,,false
1435226,Mahamadou Doumbia,Mali,true
1435397,Chibuike Nwaiwu,Nigeria,true
1435439,Javi Rodr\u00edguez,Spain,true
1435441,Papa Diallo,Senegal,true
1435445,Lorran,Brazil U17,false
1435602,Alejandro Tobar,Ecuador U17,false
1435689,Semih Kili\u00e7soy,Turkiye,true
1435697,Mohammed Harbush,,false
1435711,Alex Vald\u00e9s,,false
1435810,Ander Astralaga,Spain U21,false
1435832,Olly Thomas,,false
1435833,Adrian Przyborek,Poland Under 18,true
1435842,Samuel Ntamack,,false
1435849,Bernt Klaverboer,Netherlands Under 18,true
1435961,Santiago Morales,,false
1435962,Ignacio Tapia,,false
1436075,Santiago Silva,,false
1436133,Facundo Bernal,Uruguay,true
1436176,Mateo Ponte,Uruguay,true
1436184,Kevin Altez,,false
1436220,Felipe S\u00e1nchez,,false
1436222,Jer\u00f3nimo D\u00f3mina,,false
1436230,Sergio Rodelas,Spain U21,false
1436231,Arkaitz Mariezkurrena,,false
1436258,Trey Nyoni,England Under 18,true
1436260,Shea Lacey,England Under 16,true
1436269,Isaac Obeng,,false
1436270,Unai G\u00f3mez,Spain U21,false
1436271,Kolja Oudenne,,false
1436275,Ibrahima Sory Bangoura,Guinea,true
1436305,Lamine Camara,Senegal,true
1436393,Lucien D\u00e4hler,,false
1436436,Alessandro Marcandalli,,false
1436575,Matheus Piv\u00f4,,false
1436615,Frederik Roslyng,Denmark U19,false
1436783,Matheus Machado,,false
1436850,Clement Bischoff,Denmark U21,false
1436856,Victor Froholdt,Denmark,true
1436937,Villads Nielsen,Denmark Under 20,true
1436942,Lucas H\u00f8gsberg,Denmark,true
1436985,Tidjany Tour\u00e9,,false
1437200,Tom\u00e1s Avil\u00e9s,Argentina U20,false
1437366,Dami\u00e1n Puebla,,false
1437425,Gustavo Mendon\u00e7a,Portugal U17,false
1437477,Sacha Bans\u00e9,Burkina Faso,true
1437480,Doma,,false
1437580,Kasper Davidsen,Denmark U21,false
1437781,Franco Umeh-Chibueze,Ireland U21,false
1437856,Mateja Stjepanovic,Serbia U21,false
1437876,Sean Fusire,Zimbabwe,true
1437911,Hendry Blank,Germany U21,false
1438316,Mathieu Acapandi\u00e9,Madagascar,true
143837,Jorge Pinos,Ecuador,true
143838,Juan Anangon\u00f3,Ecuador,true
1438385,Jhonnier Chal\u00e1,,false
1438611,Fod\u00e9 Sylla,France U20,false
1439121,Tyrese Noslin,Curacao,true
1439394,Pau Sans,,false
1439520,Mart\u00edn C\u00e1rcamo,,false
1439625,Valentin Atangana Edoa,France U21,false
1439629,Pascal Klemens,Germany U19,false
1439757,Adrian Zeljkovic,Slovenia,true
1439800,Patrick Agyemang,USA,true
1439831,Mihailo Ivanovic,Serbia,true
1439925,Noel Caliskan,,false
1439926,J.C. Ngando,,false
1439982,Duncan McGuire,USA,true
1439990,Stephen Afrifa,Canada,true
1439992,Daniel Munie,,false
1440009,Mo\u00efse Bombito,Canada,true
1440010,Jayden Reid,,false
1440012,Jackson Travis,,false
1440017,Keegan Hughes,,false
1440042,Nolan Norris,United States Under 23,true
1440050,Stiven Jimenez,United States Under 16,true
1440054,Devin Padelford,,false
1441441,Vin\u00edcius Nogueira,,false
1441736,Simon Eriksson,Sweden U21,false
1441765,Jo\u00e3o Vitor,,false
1441786,Sidny Lopes Cabral,Cape Verde,true
1441822,Hodei Arrillaga,,false
1441866,Bruno Damiani,Uruguay,true
1442054,Hamzat Ojediran,Nigeria U17,false
1442442,Pedro Silva Rosas,,false
1442443,Josep Cerd\u00e0,,false
1442542,Ahmed Al-Shamrani,,false
1443464,Kendry P\u00e1ez,Ecuador,true
1443533,Milan Majstorovic,Serbia U19,false
1443841,Sean Neave,England Under 18,true
1443858,Ro Abajas,,false
1443861,Tom Atcheson,Northern Ireland,true
1444010,Ryan,,false
1444231,Matias Fernandez-Pardo,Belgium,true
1444406,Sattam Al Tumbukti,Saudi Arabia Under 18,true
1444456,Furkan Dursun,Austria Under 18,true
1444577,Othni\u00ebl Raterink,Netherlands Under 18,true
1445163,Seydou Fini,Italy,true
1445306,Diego Corral,Chile U20,false
1445416,Mats Rots,Netherlands Under 18,true
1445744,Chris Rindov,,false
1445745,Diego Monreal,,false
1446616,Harry Howell,England Under 18,true
1446701,C\u00e9dric Nuozzi,Belgium Under 18,true
1446731,Brandon Powell,,false
1446746,Diego Sanhueza,,false
1446819,V\u00edctor Valverde,,false
1447050,Younes Ebnoutalib,,false
1447089,Julio D\u00edaz,Spain U20,false
1447414,Juli\u00e1n Mart\u00ednez,Honduras,true
1447835,Danila Kozlov,Russia,true
1447955,Dan\u00edel Gudjohnsen,Iceland,true
1447957,Louis K\u00f6ster,,false
1448014,Kirill Glebov,Russia,true
1448015,Matvey Kislyak,Russia,true
1448031,Jimmy Sinclair,,false
1448033,Alex Calvo,Spain U19,false
1448049,Gabriel Sigua,Georgia,true
1448104,Ethan Kohler,USA U21,false
1448284,Cristhian Solano,,false
1448300,Gustavinho,,false
1448524,Nathan Dlamini,,false
1448527,Nicholas Oyekunle,England Under 18,true
1448714,Shak Mohammed,,false
1449690,Alex T\u00f3th,Hungary,true
1449818,Yuri Koledin,,false
1450999,Juan Arizala,Colombia U20,false
1451116,Soufiane Hetli,,false
1451196,Niccol\u00f2 Pisilli,Italy,true
1451265,Malick Diouf,Senegal,true
1451469,Raul Paula,Germany Under 18,true
1452385,Christopher Bonsu Baah,Ghana,true
1452488,Leon Opitz,Germany U19,false
1452500,Julien Lomboto,,false
1452765,Andy Rojas,Costa Rica,true
1453094,Gonzalo Requena,,false
1453194,Emmanuel Addai,,false
1453215,Mario Maroto,,false
1453218,Mert K\u00f6m\u00fcr,Germany U21,false
1453338,Jay Robinson,England Under 18,true
1453424,Hassane Imourane,Benin,true
1453679,Manuel Keliano,Angola,true
1454648,Edgardo Fari\u00f1a,Panama,true
1455252,Kennedy Okpala,,false
1455322,Lucien Mahovo,,false
1455365,Markus Cimermancic,,false
145550,Kevin Trapp,Germany,true
1455593,Antonio Verinac,,false
1455596,Mykhi Joyner,USA U21,false
1455818,Zavier Gozo,USA U21,false
1456394,Kevon Gray,,false
1457406,Mart\u00edn Maturana,Chile U20,false
1457626,Ibrahim Maza,Algeria,true
1457717,Andrew Privett,,false
1457823,Justin Kalumba,France U20,false
1457824,Malcolm Jeng,Sweden U21,false
1457851,Lars Villiger,Switzerland U21,false
1457935,Mateo Mej\u00eda,,false
1457949,Stalin Morocho,,false
1458183,Eus Waayers,Netherlands U17,false
1458223,Dany Coronel,,false
1458235,Rafael Monti,,false
1458263,Mauricio Gonz\u00e1lez,,false
1458498,Angelo Mina,,false
1458501,Jean Arroyo,,false
1458513,Bryan Ram\u00edrez,Ecuador,true
1458544,Tommy Chamba,Ecuador U20,false
1458556,Alexis Cantero,Paraguay,true
1458711,Murillo,Brazil,true
1458712,Pedrinho,Brazil Under 16,true
1458748,Jordan Mor\u00e1n,Ecuador U17,false
1458757,Luis Guilherme,Brazil Under 16,true
1458838,Mauricio Cagua,,false
1459249,Cristhian Valencia,,false
1459257,Pedro Lima,,false
1459265,Frans Kr\u00e4tzig,Germany U21,false
1459564,Kaiki,Brazil,true
1459652,Andr\u00e9,,false
1459656,Erick Marcus,,false
1459657,Cauan Barros,,false
1459705,Ahmed Al-Julaydan,Saudi Arabia U23,false
1459741,Isaac Aguiar,,false
1459751,Lucas Romero,Paraguay,true
1459758,David Mokwa,France U19,false
1459916,Tiago Brito,,false
1460063,Thiago Fern\u00e1ndez,Argentina U23,false
1460176,Jacob Wright,England Under 18,true
1460253,Nesta Elphege,,false
1460416,Felix Hagmann,,false
1460417,Zakhar Fedorov,,false
1460459,Eduardo Melo,,false
1460476,Felipinho,,false
1460490,Jeh,,false
1460534,Junior Kroupi,France U21,false
1460591,Wagner Pina,Cape Verde,true
1461818,Dudu,,false
1461827,Robinho,,false
1463260,Juho Talvitie,Finland,true
1463266,Louis Oppie,,false
1463271,Jahmai Simpson-Pusey,England Under 18,true
1463282,Divine Mukasa,England Under 18,true
1463335,Mauricio Willimann,Switzerland U19,false
1463337,Isaac,,false
1463351,Janderson,,false
1463448,Tom Louchet,,false
1463449,Tony Strata,Romania,true
1463600,Aaron Bibout,,false
1463621,Jefferson Nazareno,,false
1463762,Micah Burton,United States Under 16,true
1463770,Leon Zaydenzal,,false
1464264,Vicente Espinoza,,false
1464483,David Vazquez,USA U19,false
1466127,Brayan Medina,,false
1466557,Elijah Dijkstra,Netherlands Under 18,true
1467022,Juan Rossel,Chile U20,false
1467048,Oliver Bostock,Wales,true
1467236,Lamine Yamal,Spain,true
1467817,Diego Aznar,,false
146799,Alejandro Camargo,,false
146830,Joel Ward,,false
1468886,Cielo Tschantret,,false
1469015,Cesar Abadia-Reda,,false
1469120,Amorim,,false
1469204,Cruz Allen,Wales U20,false
1469210,Tom Edozie,,false
1469339,Owen Eames,,false
1469618,Eseosa Sule,,false
1469656,Luka Topalovic,Slovenia U21,false
1469709,Roger Arias,,false
1469758,Simon Ebonog,,false
1469816,George McCormick,,false
1469819,Urie-Michel Mboula,Gabon,true
1469826,Olwethu Makhanya,South Africa,true
1469852,Agust\u00edn Moreira,,false
1469891,Thiago Helguera,Uruguay U20,false
1469989,Marvin Akahomen,Switzerland U19,false
1469996,David Odogu,Germany Under 18,true
1470001,Santi Garc\u00eda,,false
1470839,Andr\u00e9s Alarcon,Colombia U23,false
1471036,David Braga,,false
1472304,Alejandro Az\u00f3car,,false
1472521,Yeltzin Erique,Ecuador U20,false
1473534,J\u00e9r\u00e9my Jacquet,France U21,false
1473580,Aleksandar Pavlovic,Germany,true
1473603,Fallou Fall,,false
1473606,Malick Mbaye,Senegal,true
1473706,Agust\u00edn Albarrac\u00edn,Uruguay U20,false
1473738,Ronald Donkor,,false
1473789,Peyton Miller,USA U21,false
1473806,Marco Palestra,Italy,true
1473933,Samuel Marques,Switzerland Under 18,true
1473991,Dominik Pech,Czechia Under 18,true
1473997,Inaki Rup\u00e9rez,,false
1474122,Juli\u00e1n Baz\u00e1n,Colombia U20,false
1474166,Lucas Villalba,Uruguay,true
1474276,Jhoan Hern\u00e1ndez,Colombia U20,false
1474341,Francis Westfield,USA U20,false
1474555,Christ Makosso,Congo,true
1474593,Victor Hugo,,false
147594,Bryan Linssen,,false
1476480,Renato Marques,,false
1476545,Cuiabano,Brazil U20,false
1476546,Arielson,,false
147729,Luiz Gustavo,Brazil,true
1477405,Axel Encinas,Argentina U20,false
1477411,Ariel Mina,Ecuador U20,false
1477415,Daniel de la Cruz,Ecuador U20,false
1477417,Denil Castillo,Ecuador,true
1477418,Cristhoper Zambrano,Ecuador Under 23,true
1477420,Jos\u00e9 Klinger,Ecuador U20,false
1477502,Josh Laqeretabua,Fiji Under 20,true
1477571,Oliver Lukic,Croatia U19,false
1477586,Marcos Pe\u00f1a,,false
1477850,Alejandro Mestanza,,false
1477851,Jordan Barrera,Colombia,true
1477856,Ibon S\u00e1nchez,,false
1477865,Juan Diego Castillo,Colombia Under 19,true
1477873,Ilay Feingold,Israel,true
1477878,Anan Khalaili,Israel,true
1477915,Noam Ben Harush,Israel Under 20,true
1477917,Ran Binyamin,Israel Under 20,true
1477918,Ofek Melika,Israel Under 20,true
1477956,Shio Fukuda,Japan U20,false
1478017,Ivan Bober,,false
1478031,Malamine Efekele,France U20,false
1478098,Dennis Seimen,Germany U21,false
1478122,Mahmudu Bajo,Gambia,true
1478148,Leon Avdullahu,Kosovo,true
1478201,David Semenchuk,,false
1478238,Ali Jasim,Iraq,true
1478243,Hayder Abdulkareem,,false
1478281,Alexandr Sojka,Czechia,true
1478292,Nelson Guaiquil,,false
1478295,Rayan,Brazil,true
1478368,Rub\u00e9n Ramos,USA U19,false
1478703,Salim Fago Lawal,Nigeria,true
1478975,Suhayb Al Zaid,Saudi Arabia U23,false
1479742,Joane Gadou,France U19,false
1479919,Almugera Kabar,Germany Under 18,true
1479924,Robert Ramsak,Germany Under 18,true
1480132,Esquerdinha,Brazil Under 16,true
1480622,Junior Z\u00e9,Switzerland U21,false
1480623,Winsley Boteli,Switzerland U21,false
1480706,Saeid Saharkhizan,Iran,true
1480714,Aldin Jakupovic,Slovenia U21,false
1481098,Francesco Coppola,,false
1481125,Benjam\u00edn Schamine,,false
1481499,Aleksey Baranovskiy,Russia U17,false
1481503,Dani Requena,Spain U21,false
1481522,Ruben Dantas Fernandes,Switzerland U17,false
1481526,David Retamal,,false
1481530,Felipe Negrucci,,false
1481890,Rom\u00e9o Beney,Switzerland Under 18,true
1481891,Noah Streit,Switzerland Under 18,true
1481909,Ebenezer Akinsanmiro,Nigeria,true
1482047,Nathan Fernandes,Brazil U20,false
1482209,Andrija Maksimovic,Serbia,true
1482216,Demir Xhemalija,Switzerland Youth,false
1482266,Taha Habroune,USA U21,false
1482294,Conrad Harder,Denmark,true
1482302,Saad Al-Shurafa,,false
1482715,Eric Bille,,false
1482728,Kjell W\u00e4tjen,Germany Under 16,true
1482729,Bence D\u00e1rdai,Hungary,true
1482733,Tidiam Gomis,France U20,false
148331,Anthony Moris,Luxembourg,true
1483504,Jeft\u00e9,,false
1483507,Kayky Almeida,,false
1483557,Giovanny Sequera,Venezuela,true
1483935,Afonso Rodrigues,,false
1484822,Filip R\u00f3zga,Poland,true
1484998,Mamadou Diakhon,Senegal,true
1485107,Rodrigo Silva,,false
1485108,Meshal Al Alaeli,Saudi Arabia U23,false
1485180,Daniel Mikolajewski,Poland U21,false
1485749,Sergey Varatynov,Russia Under 16,true
1486166,Stanislav Poroykov,,false
1486264,Claudio Echeverri,Argentina,true
1486535,Charles Herrmann,Germany Under 16,true
1486537,Max Moerstedt,Germany Under 18,true
1486541,Assan Ou\u00e9draogo,Germany,true
1487069,Muhammad Sahlouli,Saudi Arabia U23,false
1487859,Paul Argney,France U19,false
1487872,Taylan Bulut,Germany Under 18,true
1487877,Finn Jeltsch,Germany Under 16,true
1487894,Nhoa Sangui,France U21,false
1487903,Winners Osawe,Germany U19,false
1487909,Eric da Silva Moreira,Germany Under 18,true
1487914,Jarzinho Malanga,Germany Under 18,true
1487920,Bastien Meupiyou,France U17,false
1487959,Sa\u00efmon Bouabr\u00e9,France U20,false
1487966,Dan Sinat\u00e9,Mali U20,false
148830,Benjamin Andr\u00e9,France U21,false
1488554,Jonathan Jesus,,false
1489019,Poyraz Yildirim,Turkiye U21,false
1489024,Taylan Aydin,Turkiye U19,false
1489445,Salim El Jebari,Morocco U23,false
1489449,Joaquin Seys,Belgium,true
1489675,Julian Hall,United States Under 18,true
1490110,H\u00e9ctor Fort,Spain U19,false
1491069,Salih Malko\u00e7oglu,Turkiye U21,false
149150,Denis Odoi,Ghana,true
149219,Christian Kabasele,Belgium,true
1494521,Moris Valincic,Croatia U21,false
1494913,Robert,,false
1494947,Aaron Anselmino,Argentina U20,false
1494966,Marlon Medranda,Ecuador U20,false
1498722,Dujuan Richards,Jamaica,true
150021,Karl-Johan Johnsson,Sweden,true
150041,Maicon,,false
150047,Joao Aur\u00e9lio,Portugal U21,false
150133,Necip Uysal,Turkiye,true
1501511,Felipe Andrade,,false
1501917,Viery,,false
150201,Luuk de Jong,Netherlands,true
150236,Jeroen Zoet,Netherlands,true
1502431,Octavio Moscarelli,,false
150250,Pedro,Spain,true
1503301,Pirosch Fischer,,false
1503574,Eivind Helland,Norway,true
1503595,Tiemoko Ouattara,Switzerland U21,false
1503652,Kayke,,false
1503653,Jo\u00e3o Pedro,,false
1503655,Gabriel Moscardo,Brazil U20,false
150372,Mert G\u00fcnok,Turkiye,true
1504343,Aleksey Batrakov,Russia,true
1504551,Adrian Skogmar,Sweden U21,false
1504606,Lazar Stefanovic,Canada U17,false
1504681,Onuralp \u00c7evikkan,T\u00fcrkiye Under 16,true
150565,Pierre-Emerick Aubameyang,Gabon,true
150573,\u00d3scar Sielva,Spain U19,false
150591,Liam Cooper,Scotland,true
1506448,Alwande Roalds\u00f8y,Norway Under 15,true
1506480,Yarek Gasiorowski,Spain U21,false
1506829,Raul Florucz,Austria,true
1507440,Alex Opoku Sarfo,Ghana U20,false
1507603,Muhamed Buljubasic,Bosnia and Herzegovina U21,false
1507697,Saba Goglichidze,Georgia,true
1507906,Vasconcelos,Portugal U19,false
1508344,Marko Soldo,Croatia U21,false
1508427,Manuel \u00c1ngel,Spain Under 16,true
1508514,Tom\u00e1s P\u00e9rez,Argentina U20,false
150869,Timoth\u00e9e Kolodziejczak,France U20,false
1509069,Viktor Dadason,Iceland,true
1509078,Lucas Ronier,,false
1509085,Pedro Morisco,,false
1509204,Mihail Gherasimencov,Moldova,true
1509423,David Moses,,false
1509713,Dudu Kogitzki,Brazil Under 16,true
1510008,Ayman El Wafi,Morocco U23,false
151001,P\u00e9ter Gul\u00e1csi,Hungary,true
1510384,Omar Fayed,Egypt U23,false
1510788,Nikita Karabashev,,false
1510854,Dominik Prpic,Croatia Under 18,true
1510858,Oscar Verhoeven,United States Under 16,true
1510950,Marin Soticek,Croatia Under 18,true
1511063,Jan Zi\u00f3lkowski,Poland,true
1511563,Kau\u00ea Camargo,,false
1512798,Aodhan Doherty,Northern Ireland Under 18,true
1513114,Mikhail Ryadno,,false
1513227,Rion Ichihara,Japan U23,false
1513250,M\u00e1ximo Carrizo,United States Under 18,true
1513255,Jonathan Shore,United States Under 18,true
1513262,Drew Baiera,United States Under 18,true
1513301,Loic L\u00fcthi,,false
1513317,Adama Camara,,false
1513339,El\u00edas B\u00e1ez,,false
1513342,Tob\u00edas Medina,,false
1513360,Ythallo,,false
1513404,Seydou Traore,,false
1513664,Osvald Gabriel S\u00f8e,Denmark U19,false
1513910,Kosta Nedeljkovic,Serbia,true
1514456,Path\u00e9 Mboup,,false
1514516,Jin-Ho Jo,Korea Republic Under 21,true
1514591,Rafael Lubach,Germany U19,false
1514602,Ali Eren Ersungur,Turkiye U17,false
1514625,Amin Cherni,Tunisia,true
1514645,Marius Courcoul,France U19,false
1514669,Rafael Mosquera,Panama,true
1514682,Kouadou Assoumou,,false
1514693,Florian Wiegele,Austria,true
1515122,Arjan Malic,Bosnia and Herzegovina,true
1515147,Tim Trummer,Austria Under 18,true
1515178,Marko Kerkez,,false
1515182,Stefan Bukinac,Serbia,true
1515220,Amady Camara,Mali,true
1515298,Maksim Shnaptsev,Russia Under 16,true
1515457,Abdulsamet Burak,,false
1515619,Logan Farrington,,false
1515624,Stas Korzeniowski,,false
1515630,Axel Kayombo,,false
1515927,Tim Meyer,Switzerland U21,false
1515970,Julian Kania,,false
1515976,Mattes Hansen,Germany U17,false
1515977,Ilyas Ansah,Germany U21,false
1515985,Marin Prekodravac,Croatia Under 18,true
1516025,Leonel P\u00e9rez,,false
1516030,Gustavo Nunes,,false
1516092,Yaroslav Krashevskiy,Russia Under 18,true
1516431,German Ignatov,,false
1516455,Marcelinho Braz,,false
1516669,Dmitriy Pestryakov,,false
1516829,Abdoulaye Kant\u00e9,Ivory Coast U23,false
1517798,Efe Akman,T\u00fcrkiye Under 16,true
1517847,Jason Shokalook,,false
1518436,Djibril Soumar\u00e9,,false
1518451,Mikayil Faye,Senegal,true
1518938,Lazar Jovanovic,Serbia U21,false
1518943,Sayed Abu Farhi,Israel,true
1520063,Johan Manzambi,Switzerland,true
1520107,Mohamed Azzi,Algeria,true
1520184,Mariano Troilo,Argentina,true
1520368,Fahem Bena\u00efssa-Yahia,,false
1520401,Tommy Simkin,England Under 18,true
1520422,Chris-K\u00e9vin Nadje,,false
1520467,Marvin Benjamins,,false
1520468,Martim Marques,Portugal Under 18,true
1520469,Jano ter Horst,,false
1520506,Livan Burcu,Turkiye U21,false
1520546,Aaron Keller,Switzerland U21,false
1520593,Jonah Sticker,,false
1520675,Adam Arvelo,,false
1520737,Matt Evans,Guatemala,true
1521234,Diogo Travassos,Portugal U21,false
1521307,Hugo Nunes,,false
1522328,Shamil Gadzhiev,,false
1522365,Richard Borja,,false
1522701,Nordin Bukala,,false
1523092,Francisco Gon\u00e7alves,,false
1523208,Sadibou San\u00e9,Senegal U20,false
1523209,Ibou San\u00e9,Senegal U20,false
1523234,Jon Mart\u00edn,Spain,true
1523252,Lilian Njoh,,false
1523496,Nikoloz Ugrekhelidze,Georgia U21,false
1523533,Jefferson Valverde,,false
1523536,Ger\u00f3nimo Heredia,,false
1523556,Franco Rami,,false
1523819,Mohammed Sawaan,,false
1523822,Gjivai Zechi\u00ebl,Netherlands U21,false
1523981,Aleksey Lysov,,false
1524023,Tony Menzel,,false
1524063,Yunus Emre Konak,Turkiye U21,false
1524069,Sidiki Cherif,France U21,false
1524198,Andrey Ivlev,,false
1524203,Kurban Rasulov,,false
1524210,Guillaume Restes,France U23,false
1524217,Abdulrahman Al-Sanbi,Saudi Arabia,true
1524221,Mohamed Nayef,,false
1524233,Eid Al-Muwallad,Saudi Arabia,true
1524234,Hussain Al Zabdani,,false
1524243,Sultan Tanker,,false
1524301,Kirill Stepanov,,false
1524512,Peixinho,,false
1524518,H\u00e9lio Varela,Cape Verde,true
1524548,Mamadou Coulibaly,France U21,false
1524617,Kirill Pomeshkin,,false
1524670,Diego Rodrigues,Portugal Under 18,true
1524671,Francisco Chissumba,Portugal Under 18,true
1524672,Vasco Moreira,,false
1524716,Tyler Bindon,New Zealand,true
1525007,Maestro,Angola,true
1525010,Kiko,,false
1525065,Rodrigo Mora,Portugal,true
1525145,David Grilo,,false
1525157,Tiago Manso,,false
1525164,Pedro Carvalho,,false
1525182,Dj\u00e9 D'Avilla,,false
1525187,Ousmane Diao,,false
1525197,Edson Mucuana,Mozambique,true
1525304,Mats Pannewig,,false
1525416,Rafael Nel,Portugal U20,false
1525424,Leonardo Barroso,Portugal Under 18,true
1525445,Miro,Angola,true
1525452,Brenner,,false
1525556,Fod\u00e9 Pascoal,,false
1525794,Gon\u00e7alo Maia,,false
1526199,Mats Egbring,Netherlands Under 18,true
1526221,Cyriaque Iri\u00e9,Burkina Faso,true
1526224,Ousmane Tour\u00e9,,false
1526226,Iv\u00e1n Garriel,Spain U17,false
1526413,Kai Andrews,Wales,true
1526543,Rayan Kolli,,false
1526558,Selvi Clua,,false
1526560,Patrick Dorgu,Denmark,true
1526602,Espen van Ee,,false
1526603,Oliver Braude,Norway Under 18,true
1526604,Ander Madariaga,,false
1526611,Juanma Herzog,Spain U21,false
1526614,Inaki Gonz\u00e1lez,,false
1526620,V\u00edctor Moreno,Spain U19,false
1526689,\u00c1lex Jim\u00e9nez,Spain U21,false
1526697,Nehemiah Oriola,,false
1526704,Jesse Derry,England Under 18,true
1526728,Vladyslav Krapyvtsov,Ukraine U20,false
1526822,Rafael Lu\u00eds,Portugal Under 18,true
1526846,Fahad Al Abdulrazzaq,,false
1526851,Saeed Baattia,,false
1526852,Sattam Al Roqi,,false
1527038,Aleksa Puric,,false
1527080,Khalid Al Subaie,,false
1527097,Mohammed Sofo,,false
1527135,Mohammed Mahzari,Saudi Arabia,true
1527140,Mohammed Abdulrahman,Saudi Arabia U23,false
1527141,Abdulaziz Al Hatila,,false
1527142,Mathias De Amorim,Portugal U21,false
1527328,Dorian Paloschi,,false
1527359,Everardo Rose,Panama,true
1528062,Abdulelah Al Khaibari,,false
1528894,Lionel Verde,,false
1528895,David Gonz\u00e1lez,,false
1529105,Aitor Fraga,Spain U21,false
1529147,Reno M\u00fcnz,Germany U19,false
1529148,Luca Marianucci,Italy U21,false
1529161,Max Finkgr\u00e4fe,Germany U21,false
1529203,Mohamadou Kant\u00e9,,false
1529222,Pietro Comuzzo,Italy,true
1529266,Francisco Pozzo,,false
1529380,Snyder Brunell,United States Under 18,true
1529392,Paul P\u00f6pperl,,false
1529403,Santiago Morales,United States Under 18,true
1529480,Nick Fichtinger,,false
1530314,Geovany Quenda,Portugal,true
1530785,Bryan Ogaz,,false
1531099,Mikel Gogorza,Denmark Under 18,true
1531100,Dani Martinez,,false
1531114,Mohammed Al Shwirekh,Saudi Arabia,true
1531127,Saud Salem,,false
1531392,Gerald Alders,Netherlands Under 18,true
1531402,Dies Janse,Netherlands Under 18,true
1531531,Tim Janisch,,false
1531814,Mateus Lusuardi,,false
1531833,Luka Hyryl\u00e4inen,Finland U21,false
1531854,James Rowswell,England Under 16,true
1531887,Pau Navarro,Spain U20,false
1531987,Micah Chisholm,,false
1532038,Mohamed Jaouab,Morocco U23,false
1532137,Pau Cubars\u00ed,Spain,true
1532165,Tiago Leite,,false
1532192,Max Marie,,false
1532197,Guilherme Fernandes,,false
1532255,\u00c1lex Rubio,,false
1532261,Idrissa Gueye,Senegal,true
1532672,Jonah Kusi-Asare,Sweden Under 18,true
1533783,Rudi Almeida,,false
1534813,Nicholas Simmonds,Jamaica,true
1536103,Siren Diao,Spain U19,false
1536269,Pablo Ruan,,false
1536436,Konstantinos Karetsas,Greece,true
1536762,Aiman Dardari,Luxembourg,true
1536764,Batuhan Yavuz,Turkiye U19,false
1536786,Enes Albak,Turkiye U19,false
1536963,Pape Sy,Senegal,true
1536998,Alpha Tour\u00e9,Senegal U17,false
1537231,Pablo Santiago,,false
1539619,Juma Bah,Sierra Leone,true
15403,Edin Dzeko,Bosnia and Herzegovina,true
1541355,Jan Urbich,,false
1541791,Abdulpasha Dzhabrailov,,false
1541821,Diego Fuentes,,false
1541825,Adri\u00e1n Liso,Spain U20,false
1541926,Edward Cede\u00f1o,Panama,true
1542028,Dylan Borso,,false
1542030,Gonzalo Cal\u00e7ada,,false
154280,Jordan Ayew,Ghana,true
1543642,Hamed Al-Shanqiti,Saudi Arabia,true
1543647,Mohammed Abu Al Shamat,Saudi Arabia,true
1543650,Naif Masoud,Saudi Arabia,true
154441,Efecan Karaca,Turkiye,true
155066,Juan Cuadrado,Colombia,true
1552425,Wouter Prins,,false
1552456,Jordy Bawuah,Belgium U19,false
1552923,Muhannad Al Saad,Saudi Arabia,true
1552927,Luca Raimund,,false
1552991,David L\u00f3pez,,false
1553099,Mikel Jauregizar,Spain U21,false
1553104,Matija Mitrovic,Serbia U21,false
1553105,V\u00edctor Mu\u00f1oz,Spain,true
1553127,Iker Varela,,false
1553362,Aymen Sliti,Netherlands Under 18,true
1553365,Shaqueel van Persie,Netherlands U17,false
1553368,Nesto Groen,,false
1553374,Jan Plug,,false
1553376,Thijs Kraaijeveld,Netherlands Under 18,true
1553404,Rayane Belaid,Spain U20,false
1553437,Nolhan Courtens,Belgium Under 16,true
1553491,Jos\u00e9 Silva,Portugal U20,false
1553510,Mathys Silistrie,,false
1553514,Mahamadou Nagida,Cameroon,true
1553515,Djaoui Ciss\u00e9,France U21,false
1553520,Noah Maboulou,Congo Under 20,true
1553663,Aitor Ma\u00f1as,,false
1553774,Adri\u00e1n Arnuncio,Spain U19,false
1553777,Jon Garro,,false
1554116,Mohammadjavad Hosseinnejad,Iran,true
1554137,Nicolas Verkooijen,Belgium U21,false
1554143,Jastin Garcia,,false
1554575,Francesco Camarda,Italy,true
1554630,Abdulraouf Al-Duqayl,,false
1554760,Yannick Eduardo,Netherlands Under 18,true
1555049,Jonat\u00e1s Noro,Portugal U20,false
1555059,Evertton Ara\u00fajo,,false
1555492,Abdoulaye Faye,,false
1555516,Talal Haji,Saudi Arabia,true
1557032,Marco Esteban,,false
1557051,Jorge Alastuey,,false
1557053,Viktor Okishor,,false
1557193,Adri\u00e1n Pica,,false
1557236,Jamaldeen Jimoh-Aloba,England Under 18,true
1557279,Niclas D\u00fchring,,false
1557445,Aitor Uzkudun,,false
1557502,Marc Gutbub,,false
155782,Aaron Cresswell,England,true
1558067,Leandro Santos,Portugal U20,false
1558302,Deniz D\u00f6nmezer,T\u00fcrkiye Under 18,true
1558461,Findlay Curtis,Scotland,true
1558469,Ricardo Rocha,,false
1559608,Naif Asiri,Saudi Arabia U23,false
1559634,Emeka Adiele,England Under 18,true
1559637,Harrison Armstrong,England Under 18,true
1559639,Ayden Heaven,England Under 18,true
1559681,Abdulkarim Darisi,Saudi Arabia U23,false
1559682,Faris Al Ghamdi,Saudi Arabia U23,false
1559823,Elad Madmon,Israel,true
1559834,Joselu P\u00e9rez,,false
1560035,Chiqueti,,false
1560046,Robin Mirisola,Belgium Under 18,true
1560057,Edney,,false
1560063,Jo\u00e3o Costa,Portugal U19,false
156008,Jordan Henderson,England,true
156013,Steve Cook,,false
1560749,Javier Fern\u00e1ndez,Spain U17,false
1560751,Matteo Cocchi,Italy Under 16,true
1560752,Christian Kouam,Belgium Under 18,true
1560755,Jon Eceizabarrena,,false
1560756,Dar\u00edo Ram\u00edrez,,false
1561066,Diego Sia,Italy U19,false
1561076,Hamza G\u00fcreler,Turkiye U21,false
1561078,Antonis Papakanellos,Greece U21,false
1561233,Stavros Pnevmonidis,Greece U21,false
1561242,Husseyn Chakroun,Lebanon,true
1561249,Charalampos Kostoulas,Greece,true
1561552,Ayyoub Bouaddi,Morocco,true
1561568,Yusuf Ak\u00e7i\u00e7ek,Turkiye,true
1561984,Sima Suso,Germany U19,false
1562023,Nick Verschuren,,false
1562034,Steven Baseya,France U20,false
1562427,Giovani Chiaverano,,false
1562715,Souleyman Mandey,Austria U21,false
1562733,Madiodio Dia,,false
1562899,Matija Gluscevic,Serbia,true
1562902,Tim Drexler,Germany U21,false
1563022,\u00c1ngel P\u00e9rez,,false
1563625,Ferm\u00edn Garc\u00eda,,false
1565010,Arthur Avom,Cameroon,true
156546,Kostas Lamprou,Greece,true
156553,Sergio Padt,Netherlands,true
156556,N\u00e9lson Oliveira,Portugal,true
1565859,Daniel Bennie,Australia U20,false
1570655,Luis Fernando,,false
1570656,Japa,,false
1571177,Meiko W\u00e4schenbach,Germany Under 18,true
1571179,Julian Pauli,,false
1572337,Christian Zawieschitzky,Austria U19,false
1572340,Jannik Schuster,Austria U21,false
1572352,Nabil Aberdin,,false
1572809,Amadou Kon\u00e9,,false
1573122,Fer L\u00f3pez,Spain U21,false
1573126,Marc Bernal,Spain,true
1573172,Cenny Neumann,Germany Under 16,true
1573233,Maikel Reyes,Ecuador Under 23,true
1573544,Anthony Bermont,France U20,false
1573605,Sam Parker,Wales,true
1574106,Jayden Meghoma,England Under 18,true
1574189,Senny Mayulu,France U21,false
1574198,Christos Mouzakitis,Greece,true
1574200,Wassim Bouziane,Netherlands Under 18,true
1574202,Gil Martins,Portugal Under 18,true
1574492,Tiago Gabriel,Portugal U21,false
1574548,Hayden Matthews,Australia,true
1575215,Sebastiaan Hagedoorn,,false
1575649,Luca Klimowicz,,false
1575707,Jack Fletcher,England Under 18,true
1575747,Tyrique Mercera,Curacao,true
1575777,Aingeru Olabarrieta,Spain U19,false
1575945,Oso,,false
1576040,Mustafa Hekimoglu,Turkiye,true
1576487,Otto Stange,Germany Under 18,true
1576553,Juan Cabrera,,false
1576555,Furkan Gedik,,false
1576597,Camilo Dur\u00e1n,,false
1576743,Hamza Abdallah,,false
1576876,Anis Hadj Moussa,Algeria,true
1576882,Serpeta,,false
157723,Christian Eriksen,Denmark,true
1577582,Noah Adedeji-Sternberg,Belgium U21,false
1577843,Bruno Ogbus,Switzerland Under 18,true
1577912,Adam Boayar,Morocco Under 19,true
1578176,Yoel Lago,,false
157838,Nathaniel Clyne,England,true
1578415,Syd Agina,Kenya,true
1578422,Jakes Gorosabel,,false
1578426,Mohammed Al Zaid,,false
157865,Alex Sandro,Brazil,true
1578668,Newton,,false
1578869,Khalid Al Rammah,,false
1578873,Leandro Hern\u00e1ndez,Chile Under 23,true
1579304,Emilio Aristiz\u00e1bal,Colombia U20,false
1579433,Emirhan Demircan,Turkiye U21,false
1579469,Gorka Gorosabel,,false
1579490,Kaan Akyazi,Turkiye U19,false
1579845,Mamadou Doumbia,Mali,true
1579894,Othmane Maamma,Morocco,true
1579896,Nehu\u00e9n Benedetti,,false
1580177,Ignacio Fuenzalida,,false
1580231,Papa Amady Gadio,Senegal,true
1580235,Errol Mundle-Smith,England U20,false
1580249,Olabade Aluko,England U20,false
1580371,Berkay Yilmaz,Turkiye U21,false
1580427,William Gomes,Brazil Under 16,true
1580522,\u00c1ngel Ortiz,Spain U21,false
1580528,Ra\u00fal Asencio,Spain,true
1580556,Leenhan Romero,Venezuela,true
1580696,Michael Berm\u00fadez,Ecuador U20,false
1580704,Christantus Uche,Nigeria,true
1580773,Luighi Hanri,Brazil U20,false
1580774,Est\u00eav\u00e3o,Brazil,true
1580952,Vitor Reis,Brazil,true
1581053,Mathis Amougou,France U19,false
1581722,Abdelhamid A\u00eft Boudlal,Morocco,true
1581744,Hamidou Makalou,Mali,true
158234,Timothy Chandler,USA,true
1583872,Buba Sangar\u00e9,Spain U19,false
1584085,Lu\u00eds Balbo,Venezuela,true
1585580,Aleksandr Degtev,,false
1585590,\u00c1ron Yaakobishvili,Hungary,true
1585656,Sascha Meyer,,false
1585676,Gustavo Varela,Portugal U21,false
1585678,Ali Al Shaafi,,false
1585687,Rodrigo R\u00eago,Portugal U21,false
1585709,Santiago Postel,,false
1585726,Peio Canales,Spain U20,false
1585850,Xavi Moreno,,false
1585863,Nicol\u00e1s Dubersarsky,,false
1586390,Iker Luque,,false
1586395,Daniel Kelly,Scotland U21,false
1586401,Luka Duric,,false
1586552,Chema Andres,Spain U21,false
1586554,Daniel Y\u00e1\u00f1ez,Spain U19,false
1586559,Rayan Fofana,France U21,false
1586939,Shavy Babicka,Gabon,true
1587610,Jacob H\u00f6dl,Austria U21,false
1587680,Nolan Martens,Belgium U21,false
1587901,Kofi Amoako,Germany U21,false
158897,Fernando Meza,Argentina U20,false
1589224,Mario Climent,,false
1589260,Ronny Borja,Ecuador Under 23,true
1589629,Amara Nallo,England Under 18,true
1589647,Tiago Duarte,,false
158979,Stefan Hierl\u00e4nder,Austria,true
1590303,Jo\u00e3o Cruz,Brazil Under 16,true
1592161,Kieran Morgan,England U20,false
1592417,Luck Zogb\u00e9,Ivory Coast,true
1592430,Levin Winkler,,false
1592621,Ram\u00f3n Mart\u00ednez,,false
1593857,Ibrahim Mbaye,Senegal,true
1594755,Ken Izekor,Germany Under 16,true
159558,Leonardo Valencia,Chile,true
1595608,Nils Eggens,,false
1595629,Zachary Athekame,Switzerland,true
159594,Francis Coquelin,France U21,false
1596085,Sydney Osazuwa,Spain U19,false
1596106,Francesco Folino,,false
1596359,No\u00ebl As\u00e9ko,Germany U21,false
1597253,Ikker Julian,,false
1597668,Rio Ngumoha,England,true
1597917,Gon\u00e7alo Moreira,Portugal U21,false
1598170,Samir El Mourabet,Morocco,true
159864,Alexander Zotov,Russia U21,false
159882,K\u00e9vin Th\u00e9ophile-Catherine,France U21,false
1598982,Gerard Mart\u00edn,Spain U21,false
1599319,Shandre Campbell,South Africa,true
1600309,Nawaf Al Ghulaimish,Saudi Arabia Under 18,true
1600334,Ime Okon,South Africa,true
1600844,Yannick Bright,,false
1600848,Malachi Jones,,false
1600850,Tyrese Spicer,Trinidad and Tobago,true
1600922,Wyatt Meyer,,false
1600978,Antal Yaakobishvili,Hungary,true
1601895,Evann Senaya,,false
1601917,Richard Kone,Ivory Coast,true
160194,Yannick Bolasie,DR Congo,true
1602223,G\u00f6kdeniz G\u00fcrp\u00fcz,Germany Under 16,true
1602252,Renato Marin,Italy U19,false
1602352,Malick Junior Yalcouy\u00e9,Ivory Coast U23,false
1603224,Jo\u00e3o Afonso,Portugal Under 18,true
1603284,Kealey Adamson,Australia U23,false
1603531,Alejandro Rodr\u00edguez,England Under 18,true
1603681,Francis Onyeka,Germany Under 18,true
1603715,Cherrion Valerius,Curacao,true
1603755,Gessime Yassine,Morocco,true
1603762,Dylan Ruward,,false
1603786,Cedric Hatenboer,,false
1603990,Noah Edjouma,France U21,false
1604028,Moussa Ciss\u00e9,,false
160447,Adam Smith,England U21,false
1604505,Nathan Tinsdale,,false
1604509,Guus Offerhaus,,false
1605140,Javi Villar,,false
1605716,Burhan Ersoy,,false
1605720,Mootaz Nourani,,false
1605748,Mat\u00edas Moreno,,false
1605894,Giannino Vianello,Netherlands Under 18,true
1605930,Ren\u00ea,,false
1606021,Michael Collodi,,false
1606160,Noa Mikic,Croatia U19,false
160627,C\u00e9dric Soares,Portugal,true
1606369,Lars Bj\u00f8rnerud Remmem,Norway Under 18,true
1606401,Julian L\u00e6greid,Norway U19,false
1606408,Robert,,false
1606580,Matija Popovic,Serbia U19,false
1606589,Jordi Paulina,Curacao,true
1606691,Emiliano Griffa,,false
1607014,Alieu Njie,Sweden U21,false
1607035,\u00c1lvaro Montoro,Argentina U20,false
1607054,Diego Tarzia,,false
1607324,Gaoussou Diakite,Mali,true
1607328,Bendito Mantato,England Under 18,true
1607333,George Hemmings,England Under 18,true
1607371,Lucas Michal,France U20,false
1607482,Corsin Konietzke,Switzerland U21,false
1607488,Lucas Vennegoor of Hesselink,Netherlands U19,false
1607493,Dehmaine Tabibou,France U21,false
1607519,Dircssi Ngonzo,Switzerland Under 18,true
1607566,Franco Mastantuono,Argentina,true
1607569,Mat\u00edas Perell\u00f3,,false
1607755,Mohammed Barnawi,Saudi Arabia Under 21,true
1607778,Oumar Pona,Mali U20,false
1608454,Marcus Linday,,false
1608560,Marzouq Tambakti,,false
160887,Jens Stryger Larsen,Denmark,true
1609064,Rabby Nzingoula,Congo,true
1609213,Mateus Man\u00e9,England Under 18,true
1609228,Elias Egouli,,false
1609234,Morgan Bokele,,false
1609327,Ibrahima Ba,,false
1609329,Min-Hyeok Yang,South Korea,true
1609338,Flavio Moya,Chile U20,false
1609364,Rafel Bauz\u00e0,,false
1609370,Rodrigo Sandoval,,false
1609479,Nicol\u00e1s C\u00e1rcamo,Chile U20,false
1609509,Rio Robbemond,,false
1609512,Kasper Boogaard,Netherlands U19,false
1609513,Hugo Barrachina,,false
1609686,Nahom Tesfom,,false
1609692,Ilija Maslarov,North Macedonia U21,false
1609714,Mackenzie Maltby,,false
1609716,Amin Nabizada,England Under 18,true
1609838,Lucas Sanabria,Uruguay,true
1609840,Jerem\u00eda Recoba,,false
161012,Daley Blind,Netherlands,true
1610145,Jeevan Badwal,Canada,true
1610223,Wayne Frederick,Trinidad and Tobago,true
1610224,Kimani Stewart-Baynes,Canada,true
1610225,Jacob Murrell,,false
1610316,Marcus Caldeira,,false
1610331,Jamar Ricketts,,false
1610334,Kalani Rienzi,,false
1610382,Ayman Fallatah,Saudi Arabia,true
1610744,Carlos Esp\u00ed,,false
1610777,Ariath Piol,Australia U23,false
1610952,Pedro Lima,Brazil U17,false
1611057,Tim Hoffmann,Germany U17,false
1611068,Karel Sp\u00e1cil,Czechia,true
1611191,Kazunari Kita,Japan U20,false
1611193,Miguel Carvalho,Spain U21,false
1611214,Sebasti\u00e1n Mella,Chile,true
1611215,Tahir Reid-Brown,USA U17,false
1611220,Juli\u00e1n Vignolo,,false
1611223,Kento Shiogai,Japan,true
1611573,Jalen Blesa,,false
1612227,Thamer Al Khaibari,Saudi Arabia,true
1612228,Majed Dawran,Saudi Arabia U23,false
1612523,Nils Z\u00e4tterstr\u00f6m,Sweden,true
1612687,Joaqu\u00edn Tapia,,false
1612688,Esteban Calder\u00f3n,Chile U20,false
1612762,Elias Pihlstr\u00f6m,Sweden Under 18,true
1612843,Cheveyo Tsawa,Switzerland U21,false
161291,Youssef El Arabi,Morocco,true
1613077,Do-Young Yoon,Korea Republic Under 19,true
161328,Stephan El Shaarawy,Italy,true
1613300,Stephen Mfuni,England Under 18,true
1613510,Hosei Kijima,,false
1613512,Kieran Sargeant,,false
1613657,Georgios Katris,Greece U21,false
1613676,Sa\u00efd El Mala,Germany,true
1613999,Maranh\u00e3o,,false
1614051,Gonzalo Valle,Ecuador,true
161415,Barry Bannan,Scotland,true
1614488,Lucas Terrer,,false
1614800,Musah Mohammed,,false
1614804,Anthony Dennis,,false
1614814,Nevio Di Giusto,Switzerland Under 18,true
1614872,I\u00f1igo Arguibide,,false
1615547,Precious Ugwu,Netherlands Under 18,true
1615771,Mamadou Dieng,,false
1616572,Sultan Al Essa,Saudi Arabia Under 21,true
161660,Ciro Immobile,Italy,true
161665,Soner Aydogdu,Turkiye,true
1616778,Yaseen Atiah Al Zubaidi,Saudi Arabia U23,false
1617138,Yakhya Magomedov,,false
1617145,Faisal Al-Subiani,Saudi Arabia U23,false
1617146,Jorge Cabello,,false
1617160,Luca Bombino,USA U20,false
1617161,Jorthy Mokio,Belgium,true
1617224,Alejo Sarco,Argentina U20,false
1617260,Andrew Rick,USA U19,false
1617612,Daniel Budesca,,false
1617809,Rom\u00e1n G\u00f3mez,,false
1618023,Tyger Smalls,,false
1618860,Maher Carrizo,Argentina U20,false
1619435,Omar Sillah,,false
1620181,Anton Shamonin,,false
1620628,Louey Ben Farhat,Tunisia,true
1620629,Mateo Kritzer,Germany U19,false
1621082,Edoardo Motta,Italy U21,false
1621132,Archie Baptiste,,false
1621150,Jonathan Asp,Denmark U17,false
1621219,Juan Rodr\u00edguez,Uruguay,true
1622226,Erick Mendoza,,false
1622290,Nicol\u00f2 Savona,Italy,true
1622637,Yarlen,,false
1622889,Louis Leroux,France U21,false
1623132,Igor Nikic,Montenegro,true
1623826,Aboubaka Soumahoro,France U20,false
1623827,Mohamed Dao,Ivory Coast U23,false
1624002,Colin Guske,United States Under 18,true
1624039,Jes\u00fas Rodr\u00edguez,Spain,true
1624044,Yutaro Tsukada,,false
1624062,Marc Giger,Switzerland U21,false
1624066,Dixon Pereira,,false
1624536,Mehdi Zare Mohazabieh,Iran,true
1624586,Bazoumana Tour\u00e9,Ivory Coast,true
1624587,Jeremy Agbonifo,Sweden U21,false
1624950,Ezra Mayers,England U19,false
1625282,Antony Ch\u00e9re,,false
1625713,Taylor Calheira,,false
1625949,Luis Castro,,false
1626138,Justin Ellis,United States Under 18,true
1626423,Beau Leroux,,false
1626714,Keny Arroyo,Ecuador,true
1626749,Bianneider Tamayo,Venezuela,true
1626967,Sal Olivas,,false
1626969,D\u00e1niel Pint\u00e9r,United States Under 18,true
1626999,Chase Adams,United States Under 18,true
1627747,Junior Ayov\u00ed,Ecuador Under 23,true
1628494,Mart\u00edn Mundaca,,false
1628516,Matteo P\u00e9rez Vinl\u00f6f,Sweden,true
1630298,Guilherme Mont\u00f3ia,Portugal Under 16,true
1630736,Cavan Sullivan,United States Under 18,true
1631396,Morris Duggan,,false
1632055,Edmund Baidoo,,false
1633013,Jo\u00e3o Carvalho,Portugal,true
1633132,Gonzalo Rostagno,,false
1633415,Bryan Qui\u00f1onez,,false
1633691,Hammam Al-Hammami,Saudi Arabia,true
1634629,Riquelme,,false
1634789,Andrija Bulatovic,Montenegro,true
1635045,Rooney Troya,Ecuador U17,false
1635047,Luis Moreno,Ecuador U20,false
1635051,Jordano Zambrano,,false
1635053,Erick Z\u00fa\u00f1iga,,false
1635489,Luis Engelns,Germany Under 18,true
1635507,Rayane Messi,France U19,false
1635773,Max Dowman,England Under 16,true
1635985,Kerem Kayaarasi,Turkiye U19,false
163604,Karl Darlow,Wales,true
1636109,Brendan McSorley,,false
1636512,Jo\u00e3o Pedro Chermont,Brazil U17,false
1636513,Souza,Brazil U17,false
1636592,Andre Harriman-Annous,England Under 18,true
1636609,Leozinho,,false
163670,Ivan Perisic,Croatia,true
1636736,Tiago Parente,Portugal U21,false
1636870,Justin Lerma,Ecuador U20,false
1636880,Henrique Carmo,,false
1636881,Ian Garguez,Chile,true
1637200,Myron Mau-Asam,,false
1637478,Gabriel Carvalho,,false
1637544,Nikita Vassiljev,,false
1637566,Asier Hierro,,false
1637571,Aron John,USA U19,false
163766,Dar\u00edo Benedetto,Argentina,true
1637669,Z\u00e9 Vitor,,false
1637671,Jo\u00e3o Pedro,,false
1637860,Iker C\u00f3rdoba,,false
1637886,Oscar Naasei Oppong,Ghana,true
1637892,Victor Ntino-Emo Gidado,,false
163806,Mauro D\u00edaz,Argentina U20,false
163815,Ivo Pinto,Portugal,true
163824,Josu\u00e9,Portugal,true
1638434,Vinicinho,,false
1639163,Bradley Burrowes,England Under 18,true
1639176,Pierre Mbemba,Congo Under 20,true
1639351,Atsamaz Revazov,,false
1639357,Marc Dom\u00e8nech,,false
1639435,Sebastian Walker,Switzerland U19,false
1639641,Dawid Bugaj,Poland U19,false
1639687,Jemmes,,false
1639718,Theofanis Bakoulas,Greece U21,false
1640211,Vincent Burlet,Belgium Under 18,true
1640270,Wallace Yan,,false
1640272,Iago,Brazil U20,false
1640496,Francisco Montes,,false
1640497,Thiago Ozaeta,,false
1640681,Aaron Bouwman,Netherlands Under 18,true
1640793,Dmytro Bogdanov,Ukraine U19,false
1640832,Ars\u00e8ne Kouassi,Burkina Faso,true
1640966,Rafael Pinto Pedrosa,Germany Under 18,true
1640973,Rafik Messali,,false
1640985,Yassir Zabiri,Morocco,true
1640991,Daan Bisschops,,false
1641034,Nikita Lobov,Russia U17,false
1641040,Lukas Reich,Germany Under 18,true
1641041,Darryl Bakola,France U19,false
1641063,Noahkai Banks,USA,true
1641195,Vicente \u00c1lvarez,Chile U20,false
16412,Nikola Maras,Serbia,true
1641963,Ryan Kessler,Switzerland Under 18,true
1642126,Rubens,,false
1642174,Ervin Torres,United States Under 18,true
1642351,Niccol\u00f2 Fortini,Italy,true
1642356,Makar Chirkov,,false
1642365,Oliver H\u00f6jer,Denmark U19,false
164246,Nick Viergever,Netherlands,true
1642791,Ibrahim Sabra,Jordan,true
1642793,Ali Al-Azaizeh,Jordan,true
1642823,Mohammed Sulaiman,Saudi Arabia,true
1642825,Mohammed Al-Dossari,Saudi Arabia U23,false
1642840,Erawan Garnier,Thailand,true
164301,Misael D\u00e1vila,Chile,true
1643328,Aiden Hezarkhani,United States Under 18,true
164354,Pedro Trigueira,Portugal U21,false
1643770,Sean Steur,Netherlands Under 18,true
1643772,Jo\u00ebl van den Berg,Netherlands Under 18,true
1643851,Karim Coulibaly,Germany Under 18,true
1643963,Lass Kourouma,Guinea,true
1644174,Benjamin Boakye,,false
1644180,Matvey Urvantsev,,false
1644278,Alexander R\u00f8ssing,Norway U19,false
1644302,Pedro Felipe,,false
1644435,Alexander Medina,,false
1644802,Jayden Da,,false
164519,Aleksandar Pesic,Serbia,true
1645549,Bryan Corozo,,false
1645680,Hassan Idris,Saudi Arabia Under 18,true
1645922,Matteo Palma,Germany Under 18,true
1645924,Tristan Schenkhuizen,,false
1645927,Jop Tijink,,false
1646353,Junior Ajayi,,false
1646375,Pau Cabanes,,false
1646506,Kilian Sauck,Germany Under 18,true
1646509,Nicol\u00e1s Montiel,,false
1646517,Cardoso Varela,Portugal U17,false
1646520,Mattia Mosconi,Italy Under 16,true
1646522,Puso Dithejane,South Africa,true
1646629,Salim Musah,,false
164684,James Rodr\u00edguez,Colombia,true
1646943,Patrice Covic,Croatia U19,false
1647023,Vasilije Kostov,Serbia,true
1647188,Enzo Mol\u00e9b\u00e9,France U19,false
1647191,Owen Presthus,,false
1647278,Renat Golybin,,false
1647357,Jonnathan Mina,,false
1647560,Danila Godyaev,,false
1647608,Eric Klein,,false
164763,Ignacio Gonz\u00e1lez,Chile,true
1647807,Oskar Pietuszewski,Poland,true
1648470,Eduardo Felic\u00edssimo,Portugal U19,false
1648518,Gonzalo Petit,Uruguay U20,false
1648616,Mattia Della Rocca,,false
1649293,Paco Cort\u00e9s,Spain U19,false
1649316,Aar\u00f3n Mart\u00edn,,false
1650206,Olger Escobar,Guatemala,true
1650499,Kenji Mboma Dem,,false
1650703,Joaqu\u00edn Soto,,false
1650945,Antino Lopez,USA U17,false
1652599,Gui Neg\u00e3o,,false
1652652,Arseniy Dmitriev,,false
1653548,Alisson Jesus,,false
1654534,Anto\u00f1ito Cordero,Spain U19,false
165518,David Cornell,Wales,true
1655751,Dzhamalutdin Abdulkadyrov,Russia,true
1656600,Ayoub Oufkir,Netherlands U21,false
1656860,Alysson Edward,,false
1656933,Tanner Rosborough,United States Under 16,true
1657067,Mateus Xavier,,false
1657071,Dmitriy Aleksandrov,,false
1657072,Ignacio V\u00e1squez,Chile U20,false
1657810,Nidal Celik,Bosnia and Herzegovina,true
1658202,Benedetti,,false
165823,Chris Smalling,England,true
1658632,Vladimir Ignatenko,,false
1658739,Finn Sundstrom,,false
1658747,Gleb Popolitov,,false
1658902,Diogo Riquelme,,false
1658903,Gonzalo Flores,,false
1659415,Peter Remmert,,false
1659420,Vitalie Becker,Germany U19,false
1659450,Max Gr\u00fcger,Germany U19,false
1659454,Mika Haas,,false
1659455,Leon Robinson,,false
165952,Marco Silvestri,Italy,true
1659878,Nana Boakye,Ghana U20,false
1659893,Abdoulie Ceesay,Gambia,true
1660370,Loun Srdanovic,Switzerland U19,false
1660393,Tiago Carvalho,,false
1660520,Maksim Voronov,,false
1660654,Sebastian Gomez,,false
1661192,Enoch Owusu,Italy U17,false
1661212,Gabriel,,false
1661226,Lawan,,false
1661229,Jandry G\u00f3mez,,false
1661691,Juanse,Ecuador U20,false
1662026,Mateo Silvetti,Argentina U20,false
1662169,Vincent Nvendo Ferrier,,false
1662379,Pablo Garc\u00eda,Spain U20,false
1662406,Moussa Baradji,,false
1662421,Ilya Zhbanov,,false
1662432,Jir\u00ed Panos,Czechia U19,false
1662453,Michael Maturana,,false
1662705,Egor Guziev,,false
1662707,Bung Meng Freimann,Switzerland U21,false
1662755,Souleymane N'Diaye,Switzerland Youth,false
1662954,Matias Sep\u00falveda,,false
1663008,Andy Velasco,,false
1663013,Luca Moisa,United States Under 18,true
1663077,Alex Harris,,false
1663094,Filippo Man\u00e9,Italy,true
1663340,Kristjan Bendra,Slovenia U21,false
1663548,Morrison Agyemang,,false
1663615,Colby Donovan,Scotland U21,false
1663855,Jo\u00e3o Sim\u00f5es,Portugal U21,false
1664006,Z\u00e9 Breno,,false
1664013,Harry Ashfield,Wales U21,false
1664247,Larson,,false
1664487,Riquelme Fillipi,Brazil U17,false
1664552,Mateo Flores,,false
1664686,Noah Pesch,Croatia U21,false
166471,Erik Sviatchenko,Denmark,true
1664716,Dayann Methalie,France U21,false
1664718,Mathis Saka,,false
1664722,Jaydee Canvot,France U21,false
1664734,Omar Janneh,Spain U19,false
1664735,Jano Monserrate,Spain U19,false
1664739,Aboubacar Bassinga,Burkina Faso,true
1664743,Taufik Seidu,Spain U15,true
1664779,Luis Ot\u00e1vio,,false
1664824,Vincent Ocansey,,false
1664984,Behar Neziri,Kosovo U21,false
1664997,James Bello,,false
1665129,Alonzo Engwanda,Belgium U19,false
1665130,Luka Tunjic,Croatia U21,false
16653,Aleksandr Martynovich,Belarus,true
1665350,Rodney Kroeze,,false
1665354,Benjamin Pauwels,Belgium U21,false
1665407,Don-Angelo Konadu,Netherlands Under 18,true
1665419,Adil Lechkar,,false
1665435,Sergi Dom\u00ednguez,Spain U21,false
1665438,Toni Fern\u00e1ndez,Spain U15,true
1665439,Andr\u00e9s Cuenca,Spain U20,false
1665499,Ege Yildirim,,false
1665800,Silas Huber,Switzerland Under 18,true
1665982,Gabriel Mec,Brazil U17,false
1666019,Fabio Bald\u00e9,Portugal U20,false
1666020,Yanis da Rocha,Portugal U20,false
1666110,Robert Geller,,false
1666266,Santiago Londo\u00f1o,Colombia U17,false
1666301,Michal Willmann,,false
166640,Elvis Patta,,false
1666465,Ledjan Sahitaj,Kosovo U21,false
1666494,Christ Inao Oula\u00ef,Ivory Coast,true
1666534,Ricardo Mathias,Brazil U20,false
1666976,Viktor Radojevic,Serbia U21,false
1666977,Veljko Milosavljevic,Serbia,true
166702,Lorenzo Reyes,Chile,true
166733,Christopher Trimmel,Austria,true
1667649,Daren Mosengo,,false
1667650,Noam Jacquet,,false
1667685,Enrique Aguilar,Switzerland Under 18,true
1667712,Giuliano Cairo,,false
1667713,Jerolldino Bergraaf,Netherlands U19,false
1667719,Jim Koller,Netherlands Under 18,true
1667837,Leo Pecover,,false
1668003,Jonathan Mutombo,,false
1668089,Marvin Young,Netherlands Under 18,true
1668126,Tiago Codinha,,false
1668152,Ejike Opara,,false
1668214,Isaiah Ahmed,,false
1668219,Riyad Idrissi,Italy U21,false
1668225,Dachi Lordkipanidze,Georgia U21,false
1668267,Valent\u00edn Pezzolesi,Spain U19,false
1668274,Carlos Puga,,false
1668289,Justin Bourgault,France U20,false
1668290,Charles-Andr\u00e9 Raux Yao,,false
1668294,Gabin Bernardeau,France U20,false
1668543,David Abrangao,,false
1668571,Dani Mart\u00edn,Spain U19,false
1668576,Fahad Aqeel Al-Zubaidi,Saudi Arabia U23,false
1668631,Abdul Aziz Al-Fawaz,Saudi Arabia Under 21,true
1668632,Ali Al-Youssef,Saudi Arabia U20,false
1668657,Grayson Dettoni,,false
1668706,Benjam\u00edn Mellado,,false
1668894,Murad Al-Hawsawi,Saudi Arabia,true
1668896,Sultan Al-Shahri,,false
1668897,Saud Al-Rashid,,false
1668945,Abdulaziz Al-Othman,Saudi Arabia,true
1668959,Majed Abdullah,Saudi Arabia U23,false
1668965,Dominic Vavassori,Italy U20,false
1668969,Gabriel Otegbayo,Ireland U21,false
1668970,Favour Onukwuli,,false
166934,Stefan Schwab,Austria,true
1669427,Stijn Middendorp,,false
1669436,Mathis Clairicia,,false
1669441,Christ-Owen Kouassi,Ivory Coast U23,false
1669616,Ibrahim Kant\u00e9,France U18,false
1669619,Izan Merino,Spain U20,false
1669621,Aar\u00f3n Ochoa,Ireland U19,false
1669622,Chupe,,false
1669628,Jeff Ekhator,Italy,true
1669629,Honest Ahanor,Italy,true
1669636,Carlos Guirao,,false
1669646,Italo,,false
1669854,Enri Mukba,,false
167008,Pascal Gro\u00df,Germany,true
1670120,Daan van Reeuwijk,Netherlands Under 18,true
1670132,Bahereba Guirassy,France U21,false
1670161,Jorge Salinas,Spain U19,false
1670188,Stefan Dzodic,Serbia U21,false
1670225,Etienne Eto'o,Cameroon U20,false
1670276,Matia Barzic,Croatia U21,false
1670281,Ali Houary,Morocco U20,false
167035,Anthony Lopes,Portugal,true
1670614,Isaac James,,false
167065,Sebastian Jung,Germany,true
1671048,Guilherme Peixoto,Portugal Under 18,true
1671250,Al Hussain Boulahrech,Saudi Arabia Under 21,true
1671354,Carbone,,false
1671486,Jawad Al Hassan,,false
1671496,Mahdi Al Aboud,Saudi Arabia Under 18,true
1671498,Saif Rajab,Saudi Arabia U23,false
1672559,Florian Micheler,Austria Under 18,true
1673117,Jan Salas,,false
1673150,Jinairo Johnson,Jamaica,true
1673438,Mohmmed Fallatah,Saudi Arabia U20,false
1674441,Mauro Zalazar,Uruguay U20,false
1675505,Manu Fern\u00e1ndez,,false
167589,Kevin Vogt,Germany U21,false
1675933,Marc Domenech,,false
1675961,Marcelo Timor\u00e1n,Bolivia,true
1675966,Gaoussou Diarra,Mali,true
1676007,Felipe Lima,,false
1676086,Davinchi,Spain U19,false
1676146,Benjam\u00edn Ram\u00edrez,,false
1676266,Yaseen Al Jaber,Saudi Arabia Under 16,true
1676705,Luca Blondeau,,false
1676711,Saliou Diop,,false
1676881,Emerson Pata,Ecuador U20,false
1676885,Daniel Denoon,Switzerland U21,false
1676895,Mohamed Bamba,,false
1676901,Eddy Kouadio,,false
1676905,Coba da Costa,,false
1676916,Mat\u00edas Klimowicz,,false
1676985,Tyler Fletcher,Scotland,true
1677025,Franz-Ethan Meichtry,Switzerland U21,false
1677047,Ismael Fadel,,false
1677121,Nico Toca,,false
1677184,Ife Ibrahim,England Under 18,true
1677188,Jeremy Monga,England Under 18,true
1677235,Samu Cort\u00e9s,,false
1677467,Ahmet Yildirim,Turkiye U19,false
1677468,Marius Tresor Doh,,false
1677487,Moustapha S\u00e9mb\u00e8ne,,false
1677488,Ghassan Hawsawi,,false
1677699,Said Imigene,Mauritania,true
1678291,Francisco Marchant,Chile U20,false
1678681,Hennes Behrens,,false
1678688,Lander Pinillos,,false
1678719,Angel Carvajal,,false
1678727,Ayoni Santos,Cape Verde,true
1678830,\u00c1lvaro Pascual,,false
1678845,Hugo Garc\u00eda,,false
1678877,Mohamed Bangoura,,false
1680021,Felipe Fa\u00fandez,Chile,true
1680146,Majed Khalifah,,false
1680164,Santino Andino Valencia,Argentina U20,false
1680173,Ayoube Amaimouni-Echghouyab,Morocco,true
1680191,N\u00e9iser Villarreal,Colombia,true
1680347,Mubarak Al Buainain,,false
1680352,Denis Popenkov,,false
1680359,Pere Haro,,false
1680399,Oscar Kabwit,DR Congo,true
1680585,Felix Emmanuel Tsimba,Switzerland Youth,false
1680964,Tylon Smith,South Africa,true
1681000,Mohau Nkota,South Africa,true
1681495,Boris Lum,Germany Under 18,true
1681729,Olzhas Baybek,Kazakhstan U21,false
1681812,Youssoupha Sanyang,Gambia,true
1681826,Hasip Korkmazy\u00fcrek,,false
1681901,Pedro Le\u00e3o,,false
1681911,Arthur Dias,Brazil U20,false
1682109,Shane Donovan,,false
1682121,Ezekiel Alladoh,,false
1682166,Hugo Pinilla,,false
1682236,Juan Arango,Venezuela Under 23,true
1682278,Piero Guzm\u00e1n,,false
1682313,Dro Fern\u00e1ndez,Spain Under 18,true
1682318,Ayoub Ouarghi,Netherlands Under 18,true
1682320,Matteo Lavelli,Italy U21,false
1682679,Cristi\u00e1n Morales,Chile U17,false
1682809,David Kaiki,,false
1683630,Yefrei Rodriguez,Colombia U20,false
1683631,Izan Gonz\u00e1lez,,false
1683704,Khaly,Angola,true
1683714,Harbor Tarczynski-Miller,United States Under 18,true
1683723,Cathal McCarthy,Ireland U21,false
1683733,George Pratt,,false
1683826,\u00cdker Garc\u00eda,,false
1684401,Kerim Alajbegovic,Bosnia and Herzegovina,true
1684420,Artem Stepanov,Ukraine U21,false
1684578,Min-Su Kim,Korea Republic Under 18,true
1684579,Soriba Diaoune,France U18,false
1684584,Dastan Satpaev,Kazakhstan,true
1684586,Ramazan Bagdat,Kazakhstan U21,false
1685327,Kevin Prieto,,false
1685407,Vladislav Pospelov,,false
1685418,Anas El Mahraoui,Morocco,true
1685496,S\u00e9kou Doucour\u00e9,,false
1685514,Kyllian Antonio,France U17,false
1685596,Rayan Elloumi,Tunisia,true
1685795,Dmitriy Nikitin,,false
1686118,Lucas Herrington,Australia,true
1686405,Christian Bravo,Chile U17,false
1686407,Dilan Varas,,false
1686706,Geiner Mart\u00ednez,,false
1687268,Kenny Nielsen,United States Under 15,true
1687373,Yannick Bettkober,,false
1688700,Keyan Varela,Portugal U19,false
168872,Valon Berisha,Kosovo,true
1688757,Dylan Leonard,Australia Under 18,true
1688956,Ruben M\u00fcller,,false
1688980,Marius Lou\u00ebr,France U19,false
1689111,Juan Figueroa,,false
1689211,Benjam\u00edn Valenzuela,,false
1689729,Fabian Meri\u00e9n,Netherlands Under 18,true
1690067,Sven Sunta,Slovenia U19,false
1690071,Rhodri Smith,Switzerland U21,false
1690072,Felipe Ch\u00e1vez,Peru,true
1690088,Onuralp Cakiroglu,T\u00fcrkiye Under 18,true
1690093,Jan Virgili,Spain U21,false
1690099,Iv\u00e1n Corralejo,Spain U19,false
1690101,Christian Frangella,,false
1690129,Boran Baskan,Turkiye U19,false
1690655,Jocelin Ta Bi,Ivory Coast U23,false
1690753,Artem Bandikyan,Armenia,true
1690831,Bil Nsongo,,false
1691039,Willy Chatiliez,Chile U20,false
1691091,Bruno Caicedo,Ecuador,true
1691190,Fl\u00e1vio Gon\u00e7alves,Portugal Under 18,true
1691286,Leonar Espinoza,,false
1691293,Santiago Arrieta,,false
1691431,Osama Al Boardi,,false
1691828,Andrej Vasovic,Switzerland Under 18,true
169193,Alexandre Lacazette,France,true
169200,Kevin De Bruyne,Belgium,true
1692032,Leon Tasov,North Macedonia U19,false
1692036,Samuel Nibomb\u00e9,Belgium Under 16,true
1692109,Alexander Staff,Germany Under 18,true
1692116,Louis Page,England Under 18,true
169217,Alejandro Bedoya,USA,true
169225,Tom Bradshaw,Wales,true
1692320,Brando Bailey-Joseph,England Under 16,true
1692751,Raphael-Pijus Otegbayo,Ireland U19,false
1692797,Mathis Albert,United States Under 18,true
1692856,Tobias van den Elshout,Netherlands Under 18,true
1692874,Agon Rexhaj,Switzerland Under 18,true
1692879,Oumar Camara,France U18,false
1692886,Wisdom Mike,Germany Under 16,true
1692895,Ryan Rodin,,false
1693155,Ibraheem Mahfus Ajasa,,false
1693190,Tijmen Holla,,false
1693336,Abdulmalik Al Harbi,Saudi Arabia U20,false
1693359,Reggie Walsh,England Under 18,true
1693390,Eli\u00e1n Caicedo,Ecuador U20,false
1693392,Ismael Barea,,false
1693398,Junai Byfield,England Under 18,true
1693531,Sascha Britschgi,Switzerland U21,false
1693546,Mohamed Me\u00eft\u00e9,France U21,false
1693547,Daniel Saavedra,,false
1693550,Diego D\u00edaz,,false
1693578,Gadzhi Budunov,,false
1693611,Diogo Bezerra,,false
1694690,Mario Cantero,,false
1695248,Kaique Kenji,Brazil U20,false
1695681,Aladji Bamba,France U20,false
1695701,Axel Tape,France U19,false
1695857,Maxime Dubosson,,false
169586,Leandro Cabrera,Uruguay,true
1695867,\u00c1lvaro Cort\u00e9s,Spain U20,false
1695966,Alassane Diatta,,false
1695991,David van der Werff,,false
1696019,Diego Aguado,Spain U20,false
1696021,Mateo Borrell,,false
1696023,Gonzalo Pastor,Spain U19,false
1696050,Massimo Pessina,Italy Under 18,true
1696054,David,,false
1696065,Dominique A Moubeke,,false
1696428,Paul Scholl,Germany Under 16,true
1696775,Everton,,false
169718,Wojciech Szczesny,Poland,true
169719,Chris Wood,New Zealand,true
1697214,Ben Winterburn,,false
1697247,Amadou Ciss\u00e9,Guinea,true
1697334,Luken Beitia,,false
1697371,Lander Astiazar\u00e1n,,false
1697390,Joan Oleaga,,false
1697411,Riquelme,,false
1697466,Arnaldo Zambrano,,false
1697516,Arda Yavuz,,false
169756,Adri\u00e1n,Spain,true
1697796,Damian Kelvin,,false
1697813,Leart Kabashi,Switzerland Under 18,true
1697972,Tiaguinho,Brazil U17,false
1698484,Nouhoum Kamissoko,,false
1698628,Juan D\u00edaz,,false
169865,Martin Braithwaite,Denmark,true
1698675,Luca Weinhandl,Austria Under 18,true
1698687,Dilhan Demir,,false
1698779,Isaiah Okafor,Switzerland Under 18,true
1698780,David Vujevic,Croatia U21,false
1699296,Rayane Bounida,Morocco,true
1699520,Marko Zebic,Croatia U19,false
1699549,Quentin Ndjantou,France U20,false
1699551,Noah Fernandez,Belgium Under 18,true
1699556,Rapha\u00ebl Le Guen,,false
1700201,Key-Shawn Wong-A-Soij,,false
1700509,Silas Pr\u00fcfrock,,false
1700518,Bernard Nguene,,false
1700529,Pablo L\u00f3pez,Spain U17,false
1700562,\u00c1ngel Arcos,,false
1700817,Jo\u00e9l Drakes-Thomas,England Under 16,true
1700855,Capi,Spain U17,false
1701117,Diogo Sousa,Portugal Under 18,true
1701453,Gabriel Reiziger,,false
1701546,Sergio Arribas,,false
1701828,Lluc Castell,Spain U17,false
170218,Thomas Delaney,Denmark,true
1702428,Raees Bangura-Williams,England U20,false
170322,Koen Casteels,Belgium,true
170323,Thibaut Courtois,Belgium,true
1704391,Thalys,,false
1704818,Tiago Freitas,Portugal Under 18,true
1704877,Olutayo Singerr,,false
1705081,Christian Kofane,Cameroon,true
1705134,Robinio Vaz,France U18,false
1705340,Ismael Bekhoucha,,false
1705649,Alessando Romano,Switzerland Youth,false
1705704,Afonso Assis,Portugal U20,false
1706503,Neville Ogidi Nwankwo,,false
1707180,Abdalellah Hawsawi,Saudi Arabia,true
1707459,Hussain Al Sultan,,false
1707494,Davy Gui,,false
1707510,Lorenzo Venturino,Italy,true
1707955,Henrick Do Marcolino,,false
1708034,Tibet Durak\u00e7ay,,false
1708116,Eser G\u00fcrb\u00fcz,Netherlands Under 18,true
1708148,Pedro Soma,United States Under 16,true
1708468,Bj\u00f6rn Menzo,,false
1708469,Jaygo van Ommeren,Netherlands Under 18,true
1709029,Ruud Nijstad,Netherlands Under 18,true
1709061,Mousslim Youssouf,,false
1709484,Kaio Eduardo,,false
1709721,Thiago Balieiro,,false
1709762,Alex Sola,,false
1709764,Justin von der Hitz,Germany U17,false
1710542,Jacob Bartlett,,false
1710543,Ian James,United States Under 18,true
1710667,Jude Terry,United States Under 18,true
1710742,Sekou Kon\u00e9,Mali U20,false
1711728,Janne Berner,,false
1711971,Ali Abdulraouf,,false
1712124,Owen Johnson,,false
1712125,Daniel D\u00edaz,Spain U19,false
1712126,Yousri Sbai,,false
171213,Valentin Cretu,Romania,true
1712138,Gabriel Bontempo,,false
1712223,Branimir Mlacic,Croatia U21,false
1712326,Salvador Blopa,Portugal Under 18,true
1712384,Rafael Lobato,,false
1712399,Valde,Spain U19,false
171250,Denis Alibec,Romania,true
1712755,Jota,,false
1713012,Eryk Grzywacz,Poland U19,false
1713218,Hugo Solozabal,,false
1713426,Mart\u00edn Jim\u00e9nez,Chile U17,false
1713433,Mario Sandoval,Chile U20,false
1713595,Neil Volken,Switzerland Under 18,true
1713646,Jawer Guisamano,,false
1714103,Mick Schmetgens,Germany Under 18,true
1714409,Saud Al-Tumbukti,Saudi Arabia Under 18,true
1714514,Enzo Kana Biyik,France U19,false
1714719,Carlos Morales,,false
1714729,Byron Navarro,,false
1714740,Lucas Vel\u00e1squez,Chile U20,false
1714746,Gabriel Pinto,Chile U20,false
1714753,Ignacio Mes\u00edas,Chile U17,false
1714756,Houssam Kounia,,false
1715116,Wilson Eisner,,false
1715117,Max Floriani,,false
1715118,Reid Roberts,,false
1715234,Ian Smith,,false
1715268,Adri Mehmeti,United States Under 15,true
171548,H\u00e5vard Nielsen,Norway,true
171647,Jonas Svensson,Norway,true
1717331,Rafita,,false
1717397,Karamba Gassama,Gambia,true
1717419,Rodrigo Godoy,Chile U20,false
1717439,Mart\u00edn G\u00f3mez,,false
1717440,Luca Ferro,,false
1717446,Lucas Molina,Chile U20,false
1717491,Love Arrhov,Sweden Under 16,true
1717513,Baba Diocou,,false
1717550,Zaid Amoussou-Tchibara,,false
1717566,Kayra Cihan,Turkiye U19,false
1717594,Fernando Dinamarca,,false
1717609,Louis Buffon,Czechia Under 18,true
1717643,Sandro Vidigal,Portugal Under 18,true
1717655,Jeremy Chac\u00f3n,,false
1718168,Mart\u00edn Guzm\u00e1n,,false
1718174,Uchenna Ogundu,,false
1719066,Mbekezeli Mbokazi,South Africa,true
171914,Paulo Victor,,false
1719148,Davi Gomes,,false
171929,Marcos Rocha,Brazil,true
1719359,Talal Al Shubili,,false
171980,Emil Forsberg,Sweden,true
1719844,Gustavo Rodrigues,,false
171985,Rafael Santos,,false
1720299,Cole McGhee,,false
172034,Brede Moe,Norway,true
1720520,Pedro Cedillo,,false
1720649,Nico Cavallo,,false
1721085,Baris Kalayci,Turkiye U21,false
1721395,Abdoulaye Camara,France U18,false
1721551,Efe Ugiagbe,,false
172157,Rafael Cabral,Brazil,true
1721611,Alex Marchal,Spain U17,false
1721672,Gage Guerra,,false
1721710,Bryan Vi\u00f1\u00e1n,,false
1721726,Ian Pilcher,,false
1721789,Allan,,false
172185,Alan Patrick,Brazil U20,false
1722305,Nestor Caicedo,,false
1722396,Jeremie Kanon,,false
1722708,Gast\u00e3o,,false
172284,Ryan Allsop,,false
1722960,Ofosu Boakye,,false
1723776,Ilyas Akhmedov,,false
1724318,Yussif Saidu,,false
1724409,Zakaria Taifi,,false
1724410,Christopher Cupps,United States Under 16,true
1724411,Aleksandr Guboglo,Canada Under 18,true
1724551,Job Ochieng,Kenya,true
1724555,T\u00e9o Barisic,Croatia Under 18,true
1724698,Daniel Richter,Germany Under 18,true
172615,Ryan Mendes,Cape Verde,true
1726757,Antonio Arena,Italy Under 18,true
1726789,Seymour Reid,Jamaica,true
1727065,Basti\u00e1n Escobar,Chile U17,false
1727102,Braian Ram\u00edrez,,false
1727207,Bernardo Lima,Portugal U19,false
1727299,Hugo San Modesto,,false
1727377,Dimitrios Chatsidis,Greece Under 18,true
1727689,Roger Hinojo,,false
1727842,Ignacio G\u00f3mez,,false
172803,G\u00f6khan Degirmenci,Turkiye U21,false
1729318,Hasan Il\u00e7in,T\u00fcrkiye Under 15,true
1729333,Filippo Carbone,,false
1729334,Joi Xheto Nuredini,Albania U19,false
1729371,Sam Sarver,United States Under 16,true
1729588,Piet Scobel,,false
172971,Sebasti\u00e1n P\u00e9rez,Chile,true
1729741,Manu Duah,Ghana,true
1729767,Ignat Terekhovskiy,,false
1729826,Stephan Zagadou,France U19,false
1729828,Artem Khmarin,,false
1729841,Brian Madjo,Luxembourg,true
1729933,Jos\u00e9 Movillo,Chile U20,false
1730149,Raif Adam,,false
1732291,Darwin Guagua,Ecuador,true
1732412,Javi Morcillo,,false
1732500,Cooper Sanchez,United States Under 18,true
1732589,Kaick Ferreira,,false
1732724,Marcos Sevillano,,false
1732742,Ot\u00e1vio,Brazil U20,false
1732743,Carlos Castro,,false
1732744,Jos\u00e9 Qui\u00f1ones,,false
1732772,Anisse Saidi,Tunisia,true
1732791,Andr\u00e9s Anta\u00f1\u00f3n,Spain U19,false
1733303,Matheus Alves,Brazil U20,false
1733357,Guilherme Luiz,,false
1733364,Vinicius Lira,,false
173408,Matthew James,England U19,false
1734140,Diego Borges,,false
1734201,Jo\u00e3o Almeida,,false
173461,Andrej Kramaric,Croatia,true
1735453,Yan Diomande,Ivory Coast,true
1735519,Jes\u00fas Barea,,false
1735777,Nikita Massalyga,,false
1735841,\u00c1d\u00e1m Madar\u00e1sz,Hungary Under 18,true
1736325,Sebasti\u00e1n Arancibia,Chile U20,false
1736465,Utku Eris,,false
1736561,Gustavo Mancha,,false
1736986,Axel Alfonzo,Paraguay U20,false
1737005,Eric Valencia,,false
1737300,Ederson Castillo,Ecuador,true
1737700,Lennart Karl,Germany,true
1737932,Jalal Al-Salem,Saudi Arabia Under 21,true
1738040,Everton,,false
1738097,Estalin Segura,,false
1738340,Rudy Matondo,France U19,false
1738366,Ot\u00e1vio,,false
1738394,Murilo Rhikman,Brazil U20,false
1738397,Matthew Dos Santos,,false
1738766,Preston Plambeck,,false
173897,Sergei Petrov,Russia,true
173899,Jakub Brabec,Czechia,true
1739271,Facundo Mar\u00edn,,false
1739906,Mathys de Carvalho,Portugal U20,false
174031,Pontus Jansson,Sweden,true
174062,Eduardo,,false
1741323,Renato Nhaga,Guinea-Bissau,true
1741912,Mart\u00edn Hiriart,,false
1741921,Sergio Vasquez,,false
1742250,Andrei Chirila,USA U20,false
174321,Nicol\u00e1s Otamendi,Argentina,true
174325,Shane Duffy,Ireland,true
1744188,Noham Kamara,France U20,false
1744337,Dieguinho,,false
1744404,Nikola Djordjevic,,false
1744406,Miguel Perea,,false
1744576,Telli Siwe,,false
174472,Iago Aspas,Spain,true
1744830,Lucca Marques,,false
1744831,Gustavo Henrique,,false
1745119,Mamadou Billo Diop,,false
174531,Dudu,Brazil,true
1746497,Kevin Ushi\u00f1a,,false
1746498,Cruz Ibeh,,false
1746754,Cristiano Oliveira,USA U20,false
1746826,Wesley Nat\u00e3,Brazil U17,false
1747246,Yigithan \u00c7ubukcu,,false
1748225,Philippe Ossibadjouo,Congo Under 20,true
1748335,Dagner Quintero,,false
1748405,Prosper Peter,France U19,false
1748414,Enol Prendes,,false
1748487,Avellar,,false
174854,Sergio Escudero,,false
1749280,Raykkonen,,false
1750565,Kau\u00e3 Prates,Brazil U17,false
1751615,Ibrahim Fullah,,false
1751857,Ilyas Azizi,France U17,false
1752228,Lanroy Machine,,false
1752852,Berk Yildizli,,false
1752870,Nonso Adimabua,,false
175311,Kiko,Spain U20,false
1753408,Cyrill May,Switzerland U19,false
1753486,Edenilson,,false
175367,Jean Blanco,Colombia U17,false
1754229,Bernardo Zortea,,false
1754672,Vakho Bedoshvili,Georgia U21,false
1755330,Eric Porstner,,false
1755657,Mertcan Ayhan,Turkiye U21,false
1755688,Nikolay Koserik,,false
1755824,Isma\u00ebl Guerti,,false
1755863,\u00c1lex Lizancos,,false
1756515,Nick Fernandez,,false
1757280,Ibrahim Alani,,false
1757412,Franco Ratotti,,false
1757992,Kieran Chandler,,false
1759322,Rodrigo Rodrigues,Portugal U19,false
175947,James McClean,Ireland,true
1759539,Tiago Silva,Portugal Under 18,true
1759640,Jan B\u00fcrger,Germany Under 16,true
1759644,Kacper Koscierski,Germany Under 18,true
1759710,Aaron Tchamda,Switzerland Under 18,true
1759728,Jos\u00e9 Tavares,,false
1759734,Henrique Silva,,false
1759878,Kau\u00e3 Moraes,,false
1759904,Kevin Ar\u00e9valo,,false
1760024,Niklas Hildebrandt,Germany U17,false
1760251,Andrej Bacanin,Serbia U19,false
1760687,An\u00edsio Cabral,Portugal Under 18,true
1761151,Samuele In\u00e1cio,Italy,true
1761490,Luca Ian Ramirez,,false
176186,Neto,Brazil,true
1761869,Jeremiah Mensah,Germany Under 18,true
1761909,Adrien Llukes,Switzerland Under 18,true
1761942,Huguinho,,false
1762718,Artem Sidorenko,,false
1762723,Artem Korneev,,false
1762856,Ali Kalin,,false
176300,Xherdan Shaqiri,Switzerland,true
1763433,Egemen Aydin,Turkiye U19,false
1763573,Adem Avdic,Serbia,true
1763598,Djibril Coulibaly,France U18,false
1763600,Mart\u00edn Tello,,false
1763613,Daniel Banjaqui,Portugal Under 16,true
1763971,Ziyad Al Ghamdi,Saudi Arabia Under 18,true
1763972,Saad Khalid Al Muthary,Saudi Arabia Under 21,true
1764024,Lucas Taverna,,false
1764428,Maik,,false
1765920,Ali Demirbilek,T\u00fcrkiye Under 15,true
1765921,Taha Ince,Turkiye U19,false
1765924,Loris Giandomenico,Switzerland Youth,false
1766079,Mat\u00edas P\u00e9rez,Chile,true
1766153,Ismail Buga,,false
1766178,Aleksandr Metsiev,,false
1766338,Daniel Bernab\u00e9u,,false
176680,Loris Benito,Switzerland,true
1767542,Malik Jakupovic,United States Under 16,true
176953,Karim Onisiwo,Austria,true
1771196,Cassiano Kiala,Germany Under 16,true
1771197,David Santos,Portugal U19,false
177126,Jan Oblak,Slovenia,true
1772733,\u00c1ngel Gillard,,false
177463,C\u00e9sar Pinares,Chile,true
177503,Gabriel Paulista,Brazil,true
1775258,Ioan Vermesan,Romania U21,false
1776698,Ian Alegr\u00eda,Chile U17,false
1776699,Saenddy Y\u00e1nez,,false
177714,Mario G\u00f6tze,Germany,true
177734,Mikkel Kirkeskov,Denmark,true
1777474,Tom\u00e1s Marqu\u00e9s,Spain U19,false
1778338,Malik Henry,Canada,true
1778340,Antone Bossenberry,Canada Under 18,true
177837,Vlad Chiriches,Romania,true
1780058,Aleksandr Mrynskiy,Kazakhstan,true
1780066,Daniel Cordero,,false
1780067,Basti\u00e1n Contreras,,false
1780075,Nicol\u00e1s L'Huillier,Chile U20,false
1780079,Sebasti\u00e1n Melgarejo,Chile U17,false
1780247,Pantaleo Creti,Italy Under 16,true
1780445,Troy Putt,New Zealand U20,false
1780484,Bernardo Rhein,,false
1780605,Rayan Enad,,false
1780632,Yazan Madani,Saudi Arabia Under 21,true
1780795,Alexander Shaw,USA U20,false
1780962,Eric Izoita,,false
178142,Mattia Bottani,Switzerland,true
1781683,Lineker Rodrigues,,false
1781911,Mateo Viera,,false
1781979,Matthew Arana,Mexico Under 15,true
1782318,Sherhan Kalmurza,Kazakhstan U19,false
1782762,Juanpa Palomares,,false
1783428,Bahmed Deuff,,false
1783471,Pablo Rodr\u00edguez,,false
1783494,Ada Y\u00fczgec,T\u00fcrkiye Under 18,true
1783639,Giovanny \u00c1valos,Chile U20,false
1783963,Umar Abubakar,Nigeria U17,false
1784246,Yandri V\u00e1squez,Ecuador U17,false
1784631,Robinho J\u00fanior,,false
178538,Filip Djuricic,Serbia,true
1785676,Youssoupha Mbodji,,false
1785753,Trilli,,false
1785911,Matteo Mantini,Italy Under 18,true
1786182,Aleksandr Tarasov,,false
1786209,Cau\u00ea Santos,,false
1786704,Douglas Owusu,,false
1786952,Azamat Tuyakbayev,Kazakhstan U19,false
1786959,Benj\u00e1min G\u00f3lik,Hungary Under 18,true
1786962,Georgios Michael,Cyprus Under 18,true
1787030,Iasonas Skarlatidis,,false
178732,Lukasz Skorupski,Poland,true
1787525,Marli Salmon,England Under 16,true
178753,Nemanja Gudelj,Serbia,true
178758,Bram Nuytinck,Netherlands U21,false
1787611,Serhat \u00d6ztasdelen,,false
178776,Cenk Tosun,Turkiye,true
178778,Oliver Baumann,Germany,true
1787794,Arthur,Brazil U20,false
1787828,Kauan,,false
178818,Ilkay G\u00fcndogan,Germany,true
178833,Sebastian Polter,Germany U21,false
1788653,Mio Zimmermann,Switzerland Under 18,true
1788658,Jamie Atangana,Switzerland Under 18,true
178893,Veysel Sari,Turkiye,true
178899,Ertugrul Taskiran,Turkiye U20,false
1789052,Daniel Ihendu,,false
1789054,Gian Stork,Switzerland Under 18,true
1789527,Lucas Ferreira,,false
178955,Stefan Savic,Montenegro,true
1789641,Nikita Bazilevskiy,,false
1789791,Jofre Torrents,Spain U19,false
1789985,Tibault Citherlet Citherlet,Switzerland U21,false
1790177,Vadim Shilov,,false
1790181,Andr\u00e9a Le Borgne,France U20,false
1790209,Dell,Brazil U17,false
179083,Willian Jos\u00e9,Brazil,true
1791597,Deivison,,false
1791693,\u00c1lvaro Mart\u00ednez,,false
1791727,Alexis Vossah,France U19,false
1791729,Seny Koumbassa,France U19,false
1791739,Pape Cabral,France U19,false
1791769,Sergio Mart\u00ednez,Spain U19,false
1791784,Yannik Wagner,Germany U19,false
1792585,Joyeux Masanka Bungi,Belgium Under 16,true
1792876,Anestis Mythou,Greece U19,false
1793199,Montrell Culbreath,Germany Under 18,true
1793215,Moussa Gbemou,,false
1793217,Kennet Eichhorn,Germany Under 16,true
1793475,Noah Saviolo,Portugal U21,false
1793477,Miguel Nogueira,Portugal U20,false
1793482,Francisco Dias,,false
1793491,Ayoub Chaikhoun,Morocco Under 18,true
1793498,Cajetan Lenz,Germany U21,false
1793638,Yanik Spalt,Austria U19,false
1793640,Khalis Merah,France U19,false
1793695,Pepijn Reulen,Netherlands Under 18,true
1793701,Tiago Gon\u00e7alves,,false
1793704,R\u00e9mi Himbert,France U17,false
1793784,Maxima Goffi,,false
1793845,Jos\u00e9 Antonio Morante,Spain U19,false
1793874,Wael Mohya,Germany Under 18,true
1793881,Marvin Dills,United States Under 18,true
1793913,Luis Eduardo,Brazil U17,false
1793991,Gabriel Justino,,false
179410,Idrissa Gana Gueye,Senegal,true
1794103,Raul Marita,Romania U19,false
1794177,Cheveyo Mul-Balentien,,false
1794209,Riccardo Braschi,Italy Under 16,true
1794261,Yassir Salah Rahmouni,,false
1794362,Sandro Wyss,Switzerland Under 18,true
1794408,Marcos Zambrano,USA U20,false
1794438,Furkan Orak,,false
1794637,Abdulwahid Al Nakhli,,false
1794638,Mohammed Mile,Saudi Arabia U20,false
1795641,Luis Fragozo,Ecuador,true
1796096,Hamza Koutoune,Morocco Under 19,true
1796849,Tom\u00e1s Carbonell,,false
1796908,Thiago Pitarch,Spain U19,false
1797148,Soufian Gouram,Estonia,true
1797159,Jo\u00e3o Arag\u00e3o,Portugal Under 18,true
1797282,Caleb Swann,,false
1797446,Nathan Mbala,,false
1797449,Cleo M\u00e9li\u00e8res,,false
1797459,Sam de Laat,,false
1797467,Barnaby Williams,,false
1797557,Ebrima Ceesay,,false
1797564,Ayaz \u00d6zcan,,false
1797586,Jermaine Rijssel,,false
1797590,Jesper Tielemans,,false
1797591,Robin van Cruijsen,,false
1797601,Sekou Keita,,false
1797815,Jadiel Pereira da Gama,Netherlands Under 16,true
1797832,Jismerai Dillema,,false
1797835,Mark Hoekstra,,false
1797839,Rojendro Oudsten,Suriname Under 20,true
1797866,Bruno Fernandes,,false
1797872,Samu Becerra,,false
1797874,Reece Johnson,,false
1797876,Zeega,Portugal Under 18,true
1797902,Adem Arous,Tunisia,true
1797904,Miguel Sierra,,false
1797925,Landerson,,false
1797982,Jo\u00e3o Ananias,,false
1797985,Andr\u00e9s Campos,,false
1797995,Guzm\u00e1n Ortega,,false
1798232,Ant\u00f3nio Gil,,false
1798241,Luisinho,,false
1798540,Edison Gomez,,false
1798624,Josu\u00e9 Caicedo,,false
179873,Lo\u00efc N\u00e9go,Hungary,true
1798782,Bara Ndiaye,Senegal,true
1799261,Joe Emery,,false
1799262,Ernie Weaver,,false
1799263,Jarvis Thornton,,false
1799267,Kazbek Mukailov,,false
1799269,Yisa Alao,England Under 18,true
1799270,William Grainger,Wales U20,false
1799539,Rodolfo Lippo,,false
1799711,Adam K\u00f6lle,,false
1799734,Luis Pacheco,Brazil U17,false
1800214,Benjam\u00edn S\u00e1ez,,false
1800226,Tarik Kalpakli,Turkiye U17,false
1800282,Josema,,false
1800345,Tylel Tati,France U18,false
1800401,Kacper Potulski,Poland,true
1800413,George Brown,,false
1800453,Santi Franco,,false
1800483,Abdulmalik Al Oyayari,Saudi Arabia,true
1800495,Georges Gomis,,false
1800533,Oier Llorente,,false
1800611,Nacho P\u00e9rez,Spain Under 18,true
1800640,Mario Jim\u00e9nez,,false
1800648,Nicolas,,false
1800650,Pedro Ferreira,,false
1800654,Yerlin Qui\u00f1\u00f3nez,,false
1800905,Kirill Danilov,Russia,true
1801062,Alonzo Vincent,Switzerland Under 16,true
1801070,Toni Tamarit,,false
1801074,Ra\u00fal Pereira,,false
1801168,Luka Zaric,Serbia Under 18,true
1801784,Thiago Serpa,,false
1801786,Jos\u00e9 Caicedo,,false
1801787,Virgilio Olaya,Ecuador U17,false
1801952,Niklas Mohr,,false
1802552,Khaled Al Shammari,,false
1802556,Faisal Al Mutairi,,false
180259,Andre Gray,Jamaica,true
1803296,Olivier Mambwa,Switzerland Under 18,true
180330,Patrick van Aanholt,Netherlands,true
1804160,Albert Millgramm,,false
1804213,Lushendry Martes,Netherlands Under 18,true
1804340,Matvey Fedorov,,false
1804462,Allex,,false
1804548,Andr\u00e9 Miranda,Portugal Under 18,true
1804634,Shafiq Nandja,,false
1804654,Nordan Mukiele,,false
1804710,Aleksandr Morozov,,false
1804813,David Martins,,false
1804815,Andr\u00e9,,false
1804835,Ivan Belikov,,false
1804984,Diego Sabando,,false
1804987,Crist\u00f3bal Zambrano,,false
1804990,Esteban P\u00e1ez,Chile U17,false
1805105,Fallou Cham,,false
1805495,Keenan Gough,,false
1806136,Aboubacar Bah,,false
1806465,Nasser Al Haleel,,false
1806472,Oscar Renovales,Switzerland U17,false
1806492,Abdul Rahman Al Khaibari,,false
1806497,Awad Dahal,Saudi Arabia Under 21,true
1806698,Mohammed Al-Saedi,Saudi Arabia Under 18,true
1807151,Ammar Al Harfi,,false
1807239,Sultan Al Anzi,,false
1807277,Jorge Cestero,,false
1807287,Rodolfo Aloko,Benin,true
1807301,Joseph Liteta,Zambia,true
1807380,Darnell Keumo,Germany Under 18,true
1807384,Daniel Hulsenbusch,,false
1807494,Jill Stiel,Switzerland Under 18,true
1807495,Din Ramic,Bosnia and Herzegovina U19,false
1807561,Muhammed Kadioglu,Turkiye U19,false
1807642,Kevyn Monteiro,,false
180784,Marvin Peersman,Belgium U19,false
1807857,Hugo Lopez,Spain U19,false
181069,Matz Sels,Belgium,true
1810849,Ibai Aguirre,,false
1810878,Laro G\u00f3mez,,false
181276,Romelu Lukaku,Belgium,true
1813014,Abdulaziz Al-Dwehe,Saudi Arabia U19,false
1813104,Mohammed Al Sahihi,,false
1813118,Martin Bley,,false
1813121,Zakaria Kassary,Morocco Under 18,true
1813321,Gilbert Mendy,,false
1813437,Tidiane Devernois,France U19,false
1813656,Salem Bouajila,Tunisia U23,false
1813995,Snayder Porozo,,false
1814117,Manex Lozano,Spain U19,false
1814264,Tadjidine Mmadi,France U19,false
181433,Cl\u00e1udio Ramos,Portugal,true
1814611,Pierre Mounguengue,France U18,false
1814656,Tahsin B\u00fclb\u00fcl,,false
1815149,Xavi Espart,Spain U19,false
1815562,Marcelo Flores,,false
1815572,Rouven Tarnutzer,Switzerland U19,false
1815791,Ilane Tour\u00e9,France U20,false
1815901,Devrim Sahin,Turkiye U19,false
1816238,Ayman G\u00fclasi,Turkiye U19,false
1816323,Jonathan Lawson,,false
1816326,Wesley Delgado,,false
1816726,Enzo Koffi,,false
1816784,Gabriel Maureira,Chile U20,false
1817584,Jostin Bravo,,false
1817597,Sander Bueno,,false
1817721,Alessandro Cardinali,,false
1817802,Jeremy Mej\u00eda,,false
1817854,Mat\u00edas Cabeza,,false
1817855,Carlos Caicedo,,false
1817861,Javier Olaizola,,false
1817873,Kauan Toledo,,false
1817874,Marquinhos,,false
1817875,Kadir Barr\u00eda,Panama,true
1818164,Amar Al-Yuhaybi,Saudi Arabia Under 21,true
1818172,Eyad Houssa,Saudi Arabia Under 21,true
1818298,Brando Bettazzi,,false
181873,Alexandros Paschalakis,Greece,true
181898,Renan Ribeiro,Brazil,true
1818980,Tobias Weigel,,false
1819089,Ammar Al Khaibari,Saudi Arabia U20,false
181910,Mattia Perin,Italy,true
1819218,Mathis Jang\u00e9al,France U16,false
1819365,Iker Calderon,,false
1819433,Ibrahim Bah Mendes,,false
1819492,Luka Mikulic,Bosnia and Herzegovina U21,false
1819495,Pablo Agud\u00edn,Spain U19,false
1820043,Ugo El Kadmiri,,false
1820080,Pharell Nash,Netherlands Under 18,true
1820601,Selton S\u00e1nchez,Spain U19,false
1821430,Amin Laoukili,,false
1821442,No\u00e9,,false
1821486,Samuele Bengondo,,false
1821709,Carlos Ballestero,Spain Under 16,true
182223,Ashley Westwood,,false
1824974,Vicente C\u00e1rcamo,,false
1825696,Juanjo,,false
1825995,Hugo Burcio,,false
1826437,Johan Garc\u00eda,Ecuador U17,false
1826537,Brian Kreiman,,false
1827754,Hilan Hamzaoui Slimani,,false
1828010,Felix Zambrano,,false
1828089,Jefferson Wila,,false
1828093,Josu\u00e9 Chal\u00e1,,false
1828126,Jonathan Majao,,false
1828140,Maikel Valencia,,false
1828142,Jeremy Mina,,false
1828220,Maverick Vera,,false
182849,Ronaldo,,false
1828507,Alex Zova,,false
1828522,Eli\u00e1n Pepinos,,false
1828927,Robi\u00f1o Qui\u00f1\u00f3nez,,false
182893,Matthias Zimmermann,Germany U19,false
1828941,Ober Medina,,false
1828944,Leao Tenorio,Ecuador U17,false
1828986,Darwin Nazareno,,false
1829016,Jackson Mohor,,false
1829018,Jeysinio Chal\u00e1,,false
1829081,Patrick Ortiz,,false
182917,David de Gea,Spain,true
1829340,An\u00edbal G\u00f3mez,Ecuador U17,false
1829355,Juan Angulo,Ecuador U17,false
1829361,Miguel Peralta,Ecuador U20,false
1829390,Fynn Schenten,,false
1829425,Anthony Castillo,,false
1829433,Mathias Carabal\u00ed,,false
1829453,Erick Zambrano,Ecuador U17,false
182962,Tom Cairney,Scotland,true
1830486,Yasir Al Shammari,,false
1830648,Dimitri Lucea,France U19,false
1830653,Mansur Birkurmanov,Kazakhstan U19,false
1830655,Mukhamedali Abish,Kazakhstan U19,false
1830685,Noah Nsoki,,false
1831538,Vitor Vargas,,false
1832197,Odai Abdulghani,,false
1832586,Danila Saveljev,,false
1832591,Eymen Laghrissi,Germany Under 16,true
1832893,Harouna Djibirin,Cameroon Under 17,true
1832896,Jefferson Ramos,,false
1832946,Jaime Tobajas,,false
1833130,Samuel Krasniqi,Switzerland Under 18,true
1833157,Bachir Gueye,,false
1833207,Joel Ruiz,,false
1833212,Nino Weibel,Switzerland U19,false
1833214,Diego Besio,,false
183353,Kike Garc\u00eda,Spain U21,false
1833800,Miguel Conde,,false
183420,Marlon Pack,,false
1835054,Bendeg\u00faz Kov\u00e1cs,Hungary,true
183544,Cristian Su\u00e1rez,Chile,true
1836413,Giacomo Koloto,Switzerland Under 18,true
1836585,Benjamin Arhin,,false
1837416,Elai Ben Simon,Israel Under 18,true
1837419,Theodor Lundbergh,Sweden Under 18,true
1838023,Mika Wallentowitz,Germany U19,false
1838455,Jerome Abbey,England U17,false
1838672,Jeppe Wijnreder,,false
1838673,Sil Blokhuis,Netherlands Under 16,true
1838936,Dion Hofmeister,Germany U17,false
1839126,Eddie Hernandez,,false
1839135,Believe Munongo,France U17,false
1839136,Timofey Marinkin,,false
1839160,Daniil Kondakov,,false
1839191,Noa el Hamdaoui,,false
1840544,Gjan Ajdin,Sweden U19,false
1840815,Felipe Castillo,,false
1840956,Oguzhan Ertem,T\u00fcrkiye Under 18,true
1841092,Thomas Lopes,,false
1841152,Yvan Zaddy,,false
1841201,Lucas Rosier,France U18,false
184138,Antoine Griezmann,France,true
1841906,Carlos Maci\u00e0,Spain Under 18,true
184196,Sara Gunnarsd\u00f3ttir,Iceland,true
1842315,Miguel Llorente,Spain Under 18,true
1842657,Brad-Hamilton Mantsounga,Congo Under 20,true
1842693,Alberto Morientes,,false
1842698,Djibril Gueye,,false
1842889,Nico Riestra,,false
1842890,Manu Rodr\u00edguez,,false
1842921,Ale Gomes,Spain Under 18,true
1843149,Jos\u00e9 Neto,Portugal Under 16,true
184321,Callum Wilson,England,true
1843478,Ange Lago,,false
184360,Andreas Weimann,Austria,true
184367,Matt Godden,,false
1843898,Friedrich M\u00fcller,Germany Under 18,true
1843899,Mishaal Al Dawood,Saudi Arabia Under 16,true
1843927,Pharrell Hensel,,false
1844111,Dani Meso,,false
1844115,Sabri Dahal,Saudi Arabia Under 21,true
1844328,Christ Sadia,,false
184500,Rodrigo Moledo,Brazil,true
1845065,Maycon Cardozo,,false
1845073,Deniz Ofli,T\u00fcrkiye Under 18,true
1845173,Luca Reggiani,Italy,true
184521,Florian Lejeune,France U20,false
184533,Koke,Spain,true
184536,Philippe Coutinho,Brazil,true
184554,Marc-Andr\u00e9 ter Stegen,Germany,true
184556,Adriano Grimaldi,,false
184595,Mislav Orsic,Croatia,true
1846561,Nevio Scherrer,Switzerland Under 18,true
184662,Esteban Andrada,Argentina,true
1846800,Mario Dominguez,,false
185008,Danny Batth,,false
185092,Bryan Carrasco,Chile,true
185175,Kevin Kampl,Slovenia,true
185236,Joshua King,Norway,true
185326,Sam Morsy,Egypt,true
1853281,Malek Ishuayed,,false
185349,Luke Berry,,false
1853835,Damien Osborne Odera,,false
1853988,Adil Hamdani,France U17,false
1854110,Ibrahim Ashi,,false
1854113,Ahmed Ali Majrashi,,false
1854178,Abdoulie Mboge,,false
185566,James Forrest,Scotland,true
185644,Mathew Ryan,Australia,true
1857519,Kamil \u00dcregen,,false
1857520,Haydar Karatas,Turkiye U17,false
1857610,Sotirios Terzis,Greece U19,false
1858591,El\u00edas Legendre,Ecuador,true
1858596,Tommaso Macchioni,,false
1858597,Jorge Montes,,false
1859293,Nico Rissi,,false
1859997,Eyy\u00fcb Yasar,T\u00fcrkiye Under 18,true
1860032,Mardoch\u00e9e Miguel,Switzerland Under 18,true
186054,Joel Robles,Spain U21,false
1860819,Samba Konate,France U17,false
1861022,Yael Trepy,,false
1861072,Erblin Sadikaj,Switzerland Under 18,true
186116,Osvaldo,Brazil,true
1862541,Owen Gibs,,false
1862548,Erik Muller,,false
1863035,Adam Ilic,Switzerland Under 15,true
1863538,Leandro Maksutaj,Kosovo U19,false
1863722,Marcos Leiva,,false
1863740,Younes El Meftahi,,false
1863770,Mamoudou Cissokho,,false
1863806,Unax Ayo,,false
186557,Frederik R\u00f8nnow,Denmark,true
1867094,Filip Pavic,Germany Under 16,true
186748,Pizzi,Portugal,true
186811,Mathieu Gorgelin,,false
1868685,Bol\u00edvar Tobar,Ecuador U17,false
186882,Jonathan Bond,England U21,false
186905,Dani Jim\u00e9nez,,false
186919,Serdar G\u00fcrler,Turkiye,true
1869761,Kenny Quetant,,false
1873054,Jean-Baptiste Bosey,France U18,false
1873074,Andrew Lachhab,,false
187358,Florian Kainz,Austria,true
1874938,Mehmet Avlayici,,false
1875448,Tim Schnitzer,Germany Under 18,true
1875615,Kareem Tunde,,false
1879474,Mohamed Al-Sarnukh,,false
1879530,Devlan Moses,Northern Ireland U21,false
1879531,Ibrahem Barabaa,,false
1879574,Rakan Al Kaabi,,false
1880182,Fawaz Al-Hamad,,false
188058,Daniel Burn,England,true
1880593,Saikou Secka,,false
188089,Bart Schenkeveld,Netherlands U19,false
188109,Jan Boril,Czechia,true
1882182,Danyal Al Habeeb,,false
1882242,Millan Brignone,,false
1882686,Daniel Semedo,,false
1883406,Ali Diabat\u00e9,,false
1883407,Ahmed Traore,,false
188548,Anton Zabolotny,Russia,true
188555,Stefan de Vrij,Netherlands,true
188557,Jens Toornstra,Netherlands,true
1886427,Abdul Kader Moussa Kone,,false
188652,Allan,Brazil,true
1887047,Abdullah Al Zaynaldeen,,false
1887389,Nasser Al Bishi,,false
1888413,Youssoupha Niang,,false
1888430,Pello Arana,,false
1888668,Essam Bahri,,false
1888863,Roger,,false
1890068,Mohamed Refat,,false
1890210,Abdullah Al-Ajian,,false
1890212,Mansour Camara,,false
189103,Daniel Bentley,,false
1891904,Tobias Okafor,,false
1894254,Marvin Schulz,,false
1894910,Muhammed Akmelek,,false
1895006,Kau\u00e3 Pascini,,false
1895145,Ryan Metu,Netherlands Under 18,true
1896315,\u00c1lex S\u00e1nchez,,false
1896583,Kevin Kers,,false
1896935,Adam Nov\u00e1k,Czechia Under 18,true
1896949,Kail Boudache,,false
1897034,Sultan Ali Haroun,,false
1897206,Eddy Dou\u00e9,Ivory Coast U23,false
1897363,Andrews Adjabeng,Ghana U20,false
1897567,Alaettin Ekici,Turkiye U17,false
1897591,Ahmed Al Siyahi,Saudi Arabia Under 21,true
1898760,Tet\u00ea,,false
1898791,Djhordney,,false
1898808,Mamady Ciss\u00e9,,false
1898925,Abdulrahman Nabza,,false
1899008,Fernando Pradella,,false
1899312,K\u00e9fren Ali,,false
1899336,Andrey Fernandes,Brazil U17,false
1899342,Jo\u00e3o Vitor,,false
1899554,Marko Soldic,Germany Under 16,true
1899609,Miguel Silva,,false
1899622,Mart\u00edn Vald\u00e9s,,false
1899623,Diego Vargas,Chile U17,false
1899702,Leon Parduzi,Kosovo U21,false
1899752,Yastin Cuevas,Chile U17,false
1899791,Louis Lemke,Germany Under 16,true
1899797,Sambou Camara,Switzerland Under 18,true
189982,Fabian Sch\u00e4r,Switzerland,true
1900030,Tyrese Noubissie,England Under 16,true
1900061,Milovan Vel\u00e1squez,,false
1900111,Joan Orellana,,false
1900239,Unax del Cura,,false
1900252,Amaro Leon,,false
1900253,Maximiliano Fern\u00e1ndez,,false
1900255,Javier Rojas,,false
1900309,Khaled Al Lazam,,false
1900349,Keshim Al-Qahtani,,false
1900482,Nigel Groenewald,Netherlands U17,false
1900654,Anderson Pato,,false
1900962,Nolan Miller,,false
1901084,Can G\u00fcner,Germany Under 16,true
1901107,Enzo V\u00e1gner,,false
1901455,Francisco Herrera,,false
1901679,Jordan Medina,,false
1901706,Bastian Sandoval,,false
1901740,Ricardo Rebolledo,,false
1901786,Ismaila Manga,,false
1901856,Mart\u00edn Espinoza,,false
1902196,Paul Mendy,,false
1903792,Abdulrazzaq Abdulrazzaq Awaji,Saudi Arabia U20,false
1903980,Bruninho,,false
1904235,Abdou Sy,,false
1904329,Nikola Markovic,,false
1904351,Ricky Louis,,false
1904430,Albert G\u00f3mez,,false
1904467,Ousmane Diabate,Guinea,true
1904622,Faisal Al-Sobhi,,false
1904678,Rakan Al-Jamaan,,false
1904763,Benjamin Moreno,,false
1904968,Erblin Osmani,Germany Under 16,true
1904977,Julio Valencia,,false
1905213,Harvey Sarajian,,false
1905245,Yorlin Arce,,false
190666,Luke Ayling,,false
1907513,Charles-Emile Brunet,,false
1907793,Sergi Solans,,false
1907812,Kwaku Agyabeng,,false
190851,Kenny McLean,Scotland,true
1908903,Diego Espinosa,,false
1909089,Bryan Zambl\u00e9,,false
1909094,Will Cleary,,false
1909378,Santiago Razzeto,,false
1909626,Byron Carabal\u00ed,Ecuador U20,false
1909657,Mart\u00edn Sig\u00fcenza,,false
1909678,Ariel Aguas,,false
1909695,Mateus Silva,,false
1909838,Enzo Rubio,,false
1909839,Cristopher Benalcazar,,false
1909902,Kevin Pierre,,false
1910047,Jackson Gilman,,false
1910398,Agustin Resch,,false
1910456,Osman Pico,,false
1910457,Jonathan Morocho,,false
1910462,Arturo Batioja,Ecuador U17,false
1910513,Jamilton Carcelen,,false
1910652,Mamedi Doucour\u00e9,,false
1910726,Jos\u00e9 Caicedo,,false
1910727,Jairo Mairongo,,false
1910730,Jorge Cabeza,,false
1910731,Frixon Vargas,,false
1910733,Ariel Borja,,false
1910734,Jonathan Arroyo,,false
1910737,Miguel Caicedo,,false
1910741,Santiago Laurino,,false
1910742,Janvier Rodriguez,,false
1910743,Jonathan Ord\u00f3\u00f1ez,,false
1910744,Andr\u00e9s Copete,,false
1910745,Jackson Gonz\u00e1lez,,false
1910835,Crist\u00f3bal Sep\u00falveda,Chile U17,false
1910887,Ayoub Lajhar,,false
1911024,Vicente Zenteno,,false
1911193,Fletcher Bank,,false
1911204,Juan Espinoza,,false
191174,Jake Bidwell,England U19,false
191175,Adam Forshaw,,false
191315,Isco,Spain,true
1913786,Jeferson Forneck,,false
1915583,Omer \u00c7obanoglu,,false
1916526,Eldar Guseynov,,false
1916940,Vicente Villegas,Chile U17,false
1917219,Mingiyan Badmaev,,false
1917220,Imran Firov,,false
191869,Kieran Trippier,England,true
191873,Juanmi,Spain,true
1919537,Ivan Ivashchenko,,false
1919689,Efim Burkin,,false
1920143,Johanky Rialpe,,false
1920153,Enrique Caicedo,,false
1920988,Tarik Hamamioglu,,false
1921011,Benjam\u00edn Argandona,,false
1921030,Amadou Bamba Dieng,,false
1921200,Ikem Ugoh,,false
1921594,Enis Kamga,Germany U19,false
1922172,Steeve Kango,France U18,false
1922451,Troy Elgersma,,false
1922551,Cristopher Arteaga,,false
1922589,Esat Yusuf Narin,,false
1922592,Arda Ozyar,,false
1922627,Daniil Chevardin,,false
1922728,Erik Yepez,,false
1923382,Ibrain Cuero,,false
1923421,Luis Garc\u00e9s,,false
1924437,Arnau Farn\u00f3s,,false
1927873,Sergio Gonzalez,,false
1927894,Gilberto,Brazil U20,false
1927904,Claudinho,,false
1927927,Ryan Augusto,,false
1928324,Arick Betancourt,,false
1928336,Jhon Cortes,Chile U17,false
1928478,Caio Suassuna,,false
1928510,Cau\u00e3 Soares,,false
1928615,Luca Kmet,Paraguay U20,false
1928651,Jahyann Pandore,,false
192920,Benjamin Stambouli,France U21,false
1929749,Pedro Gabriel,,false
1931301,Pavel Polekh,,false
1931728,Rhuan Gabriel,Brazil U20,false
1931729,Vinicius,,false
193177,Zakaria Labyad,Morocco,true
193178,Mawouna Amevor,Togo,true
193224,Sergi Enrich,,false
193226,Francisco Portillo,,false
1932948,Abdulla Ashurov,,false
1933361,Rayan Zinebi,,false
1933452,Rafael Gonzaga,Brazil U17,false
193710,Eugenio Mena,Chile,true
193720,Guillermo Pacheco,,false
1938875,Lucas Barrera,,false
193901,Stefan Bell,Germany U21,false
193927,Paulo Oliveira,Portugal,true
193930,Enzo Roco,Chile,true
194165,Harry Kane,England,true
1941698,Maximiliano Osorio,,false
1941727,Joel Ahumada,,false
194278,Sinan Osmanoglu,,false
194420,Ronnie Fern\u00e1ndez,Chile,true
1944528,Jheremy Gonzaga,,false
1944532,Mateo Gonz\u00e1lez,,false
1944554,Vicente Ram\u00edrez,,false
1944667,Mart\u00edn Torrej\u00f3n,,false
1944668,\u00c1lvaro Abarz\u00faa,,false
1944670,Rodrigo Catal\u00e1n,,false
1945734,Majed Mohammed Sharrahi,,false
1946081,Jotavve Fonseca,,false
1946265,Salem Abdullah,Saudi Arabia Under 16,true
1946304,Ahmed Al Anazi,,false
194632,Mika,Portugal U21,false
1946394,Jivayno Zinhagel,Netherlands Under 15,true
1946406,Ilai Grootfaam,Netherlands Under 16,true
1946495,Abdulaziz Al-Suwailem,Saudi Arabia Under 21,true
1946497,Abdulhakim Maghfouri,,false
1946524,Jhuan Nunes,,false
194660,Lucas P\u00e9rez,,false
1946842,David Alves,,false
1948406,Leon Scarlett,Wales Under 16,true
1948558,Jacopo Grossi,,false
1948559,Latif Ouedraogo,,false
1948618,Abdu Dafe,,false
1950636,Andr\u00e9s Viteri,,false
1950789,Ramon Rique,,false
1950886,Luis Osorio,,false
195206,Stefan Lainer,Austria,true
195305,Marc Bartra,Spain,true
195310,\u00d3scar Opazo,Chile,true
19533,Neymar,Brazil,true
195416,Antonio Caracciolo,,false
1955175,Vitor Ribeiro,,false
195673,Liam Palmer,Scotland,true
195750,Nicol\u00e1s Tagliafico,Argentina,true
195782,Marco Bizot,Netherlands,true
1958443,Samuel Mendes,,false
1958786,Simone Lottici Tessadri,,false
1958812,Linus Guether,Germany Under 16,true
1958964,Bane Diatta,,false
1959873,Breno de Moraes,,false
196074,Carlo Pinsoglio,Italy U21,false
196169,Marcos Alonso,Spain,true
196308,Matej Vydra,Czechia,true
1965642,Ata Yanik,T\u00fcrkiye Under 18,true
1966125,Wagner Caicedo,,false
1966138,Samy Burbano,,false
1966243,Idrissa Sabaly,France U18,false
1967696,Rafael Chila,,false
1967697,Klever Caicedo,,false
1967934,Thomas Woodward,,false
1970905,Dominik Papic,,false
1970906,Denis Sahin,Switzerland Under 18,true
1971152,Julen Martinez,,false
1971712,Eren Yagmur,,false
197352,Juan Jesus,Brazil,true
197514,Pajtim Kasami,Switzerland,true
1975380,Ahmet Tirpanci,T\u00fcrkiye Under 16,true
1975387,Ahmet Dagdevir,,false
1975549,David Schramm,,false
1975550,Ben Jungfleisch,,false
1975603,Alejandro Morante,,false
1975804,Yaya Dieme,Senegal U20,false
1980586,Mezian Soares,Portugal U17,false
1980894,Luiz Felipe,,false
1981020,Mikail Demirhan,,false
1981023,Miguel Calatayud,,false
1981027,Luis Orejuela,,false
1981089,Gani Buyukhan,,false
198230,Milan Rodic,Serbia,true
198235,Darko Brasanac,Serbia,true
198265,Ryan Leonard,,false
198316,Michael Gregoritsch,Austria,true
198337,Milan Borjan,Canada,true
198426,Sean Johnson,USA,true
198444,Tim Ream,USA,true
198453,Andy N\u00e1jar,Honduras,true
198499,Aleksandar Katai,Serbia,true
198510,Wilfried Zaha,Ivory Coast,true
198559,Marten de Roon,Netherlands,true
198567,Pablo Parra,Chile,true
198607,Miroslav Stevanovic,Bosnia and Herzegovina,true
198819,Romell Quioto,Honduras,true
1988576,Adri Rueda,,false
1988600,Demis Fiechter,,false
1988602,Gabriel Gonzalez,Switzerland U17,false
1988603,Eliano Guido,Switzerland U17,false
1988605,Alejandro Galdeano,,false
1988610,Yahya Gharawi,,false
1988856,Enes Ilyas Seven,T\u00fcrkiye Under 16,true
1988968,Christian Mansilla,,false
199276,Michael Smith,,false
199302,Edin Visca,Bosnia and Herzegovina,true
1993940,Mohammed Al Qahtani,Saudi Arabia U20,false
1994013,Ahmed Gabal,,false
1994014,Mohammed Bu Muaykil,,false
1997332,Manuel Serrano,Spain Under 16,true
1997442,Davizinho,,false
1997604,Fabio Garcia,,false
199834,R\u00e9my Cabella,France,true
200189,Oliver Berg,,false
200317,Numa Lavanchy,,false
200628,Anastasios Bakasetas,Greece,true
200750,Fredrik Oldrup Jensen,Norway U21,false
201102,Jonathan Buatu,Angola,true
201174,Salman Al-Faraj,Saudi Arabia,true
201664,Nathan Redmond,England,true
201690,Lewis Dunk,England,true
201704,Remo Freuler,Switzerland,true
201738,Ben Gibson,England,true
201787,Curtis Nelson,,false
201939,C\u00e9dric Bakambu,DR Congo,true
202093,Sebasti\u00e1n Gallegos,Uruguay U20,false
202179,Robin Jansson,Sweden,true
202181,Jack Robinson,England U21,false
202471,No\u00eb Dussenne,,false
202486,Giovanni Augusto,,false
202639,Sergio \u00c1lvarez,,false
202643,Wataru Endo,Japan,true
20276,Hulk,Brazil,true
203530,Fernando Zampedri,Chile,true
203666,Hans Vanaken,Belgium,true
20446,F\u00e1gner,Brazil,true
20521,Mart\u00edn Ojeda,,false
205893,Jannik Vestergaard,Denmark,true
205942,Cristian Palacios,,false
206183,Nicola P\u00e9rez,Uruguay U20,false
206322,Mat\u00edas Vecino,Uruguay,true
206508,Marcelo Brozovic,Croatia,true
206679,Bryan Rabello,Chile,true
206825,Magomed Ozdoev,Russia,true
207039,Danilo Soares,,false
207069,Gernot Trauner,Austria,true
207135,Dixon Arroyo,Ecuador,true
207236,Granit Xhaka,Switzerland,true
207243,Renato Ibarra,Ecuador,true
207771,Kener Arce,,false
207782,Diego Armas,,false
207936,Eber Caicedo,,false
208005,Saulo Decarli,Switzerland U21,false
208025,Charles V\u00e9lez,,false
208077,Danilo,Brazil,true
208243,Marcel Franke,,false
208494,Casemiro,Brazil,true
208514,Oscar Lewicki,Sweden,true
208683,Facundo Mart\u00ednez,,false
209384,Jordy Clasie,Netherlands,true
209430,Konstantinos Fortounis,Greece,true
209503,Andr\u00e9 Geraldes,,false
209786,Steven Berghuis,Netherlands,true
209804,Fernando De Paul,Chile,true
210111,Lucas Digne,France,true
210120,Rachid Ghezzal,Algeria,true
210128,Nampalys Mendy,Senegal,true
210164,Alphonse Areola,France,true
210389,Maxime Colin,France U20,false
210400,Abdoulaye Bamba,Ivory Coast,true
210423,Florent Hanin,,false
210428,Kalidou Koulibaly,Senegal,true
210437,Lionel Carole,France U20,false
210683,A\u00efssa Mandi,Algeria,true
210822,Lars Unnerstall,,false
212304,Andrew Hughes,,false
212470,Oriol Romeu,Spain U21,false
212472,Sergi Roberto,Spain,true
212511,Bruno Martins Indi,Netherlands,true
212512,Jasper Cillessen,Netherlands,true
212521,Hobie Verhulst,Netherlands U19,false
212630,Marco Sportiello,Italy U21,false
212689,James Tavernier,,false
212695,Toman\u00e9,Portugal U21,false
212705,Nathan Byrne,,false
212714,Thomas Ince,England U21,false
212815,Timo Horn,Germany U23,false
212865,Nicolas H\u00f6fler,,false
212867,Heung-Min Son,South Korea,true
212873,Daniel Batz,Germany U19,false
212982,Steven Skrzybski,,false
213167,Mike te Wierik,Netherlands U21,false
213299,Nicola Leali,Italy U21,false
213471,Aitor Fern\u00e1ndez,Spain U20,false
213482,Jorge Pulido,Spain U20,false
213499,Nacho,Spain,true
213500,\u00c1lex Fern\u00e1ndez,Spain U19,false
213501,\u00c1lvaro Morata,Spain,true
213502,Jos\u00e9 Campana,Spain,true
213504,Diego Mari\u00f1o,Spain U23,false
213516,Dani Rodr\u00edguez,,false
213697,Ilie S\u00e1nchez,,false
213729,Jonathan Viera,Spain,true
213802,Luuk Koopmans,,false
213809,Allan Nyom,Cameroon,true
213814,Anaitz Arbilla,,false
213873,Sverrir Ingi Ingason,Iceland,true
21414,\u00d3scar Trejo,,false
214339,Okay Yokuslu,Turkiye,true
214426,Danny Ings,England,true
214570,Jeffrey Schlupp,Ghana,true
214972,Geoffrey Kondogbia,Central African Republic,true
215051,Eduardo Sasha,,false
215151,Marcel Sabitzer,Austria,true
215158,Haitam Aleesami,Norway,true
215159,Kevin M\u00fcller,,false
215242,Leonardo Spinazzola,Italy,true
215299,Lucas Moura,Brazil,true
215384,Ross Barkley,England,true
215387,Jack Stephens,England Under 22,true
215415,Rob Schoofs,Belgium U21,false
215584,David L\u00f3pez,,false
215658,Nathaniel Chalobah,England,true
229711,Onel Hern\u00e1ndez,Cuba,true
229798,Thomas Castella,,false
230190,Felipe Anderson,Brazil,true
230916,Ryan Fraser,Scotland,true
231176,Leonardo Pavoletti,Italy,true
231801,Robert Brady,Ireland,true
231821,Aridane Hern\u00e1ndez,,false
23354,Ashley Young,England,true
237541,Felix Klaus,Germany U21,false
238534,Daniel Johnson,Jamaica,true
239061,Salih U\u00e7an,Turkiye,true
239219,Mateo Kovacic,Croatia,true
239279,Jean Carlos,,false
239350,Cristiano Biraghi,Italy,true
239620,Serder Serderov,Russia U21,false
239626,Kamil C\u00f6rekci,Turkiye U21,false
239911,Diego Demme,Germany,true
239920,Matt Doherty,Ireland,true
240205,Jetro Willems,Netherlands,true
240235,Danilo Pereira,Portugal,true
240236,Massadio Ha\u00efdara,Mali,true
240537,Danny da Costa,Germany U21,false
240538,Ben Mee,England U20,false
241059,Fernando Pacheco,Spain U21,false
24123,Jonathan de Guzm\u00e1n,Netherlands,true
242156,Djibril Sidib\u00e9,France,true
242418,Ignasi Miquel,Spain U21,false
243329,Jhon Chancellor,Venezuela,true
243419,Juan Cruz,,false
243439,Thomas Bruns,Netherlands U21,false
243789,V\u00edctor Garc\u00eda,Venezuela,true
244355,Lu\u00eds Rocha,,false
244377,Diego Rubio,Chile,true
244571,Felipe Mora,Chile,true
244574,Pedro Velasco,Ecuador,true
244576,Andr\u00e9s L\u00f3pez,Ecuador,true
244811,Davide Zappacosta,Italy,true
244816,Federico Ceccherini,Italy,true
244963,Rodrigo Ely,Italy U19,false
245311,Abd\u00f3n Prats,,false
245315,Jeffrey Gouweleeuw,Netherlands U21,false
245348,\u00c9dison Vega,Ecuador,true
245395,Mattijs Branderhorst,,false
245433,Stefanos Kapino,Greece,true
245555,Ger\u00f3nimo Rulli,Argentina,true
246331,Willy Boly,Ivory Coast,true
246350,Gabriel Graciani,,false
246414,Andr\u00e9 Carrillo,Peru,true
246438,Gerard Moreno,Spain,true
246575,Raheem Sterling,England,true
247761,Conor Coady,England,true
248453,Paul Pogba,France,true
248680,Steve Rouiller,,false
248689,Michy Batshuayi,Belgium,true
249510,Risto Radunovic,Montenegro,true
249596,Diego S\u00e1nchez,Chile,true
251244,Andr\u00e9 Ramalho,,false
251269,Ante Budimir,Croatia,true
251855,Badavi H\u00fcseynov,Azerbaijan,true
253120,Virgil Misidjan,Suriname,true
253121,Paul Gladon,,false
253836,Kee-Hee Kim,South Korea,true
254241,Stole Dimitrievski,North Macedonia,true
254308,Florian Thauvin,France,true
254472,Danny Ward,Wales,true
254939,Jimmy Maurer,,false
254966,Diego Fag\u00fandez,Uruguay U20,false
255610,Harry Maguire,England,true
25587,Lorenzo De Silvestri,Italy,true
258226,Viktor Claesson,Sweden,true
258245,Branimir Hrgota,Sweden,true
258269,Victor Nilsson Lindel\u00f6f,Sweden,true
259296,Robin Knoche,Germany,true
259306,Emil Krafth,Sweden,true
259375,Mike van Duinen,,false
259439,Filip Mladenovic,Serbia,true
259484,Jakob Glesnes,Norway,true
259809,Jay Fulton,Scotland U21,false
260470,Leonardo Bittencourt,Germany U21,false
260659,Ximo Navarro,,false
260750,Dimitrios Kourbelis,Greece,true
260964,Berat Djimsiti,Albania,true
261348,Matheus,,false
261609,Dimitri Foulquier,Guadeloupe,true
26166,Karim Benzema,France,true
261662,Jovany Campusano,,false
261936,Mohamed Elyounoussi,Norway,true
262550,Bobby Reid,Jamaica,true
262592,Moi G\u00f3mez,Spain U19,false
262739,Lukas Lerager,Denmark,true
26295,Hugo Lloris,France,true
263266,C\u00e9sar,Brazil U20,false
263511,Maxime Dup\u00e9,France U20,false
263653,John Stones,England,true
263925,Caio Secco,,false
263928,Luccas Claro,Brazil U22,false
263937,\u00c9verton Ribeiro,Brazil,true
264102,Ahmed Asiri,Saudi Arabia,true
264860,Mike van der Hoorn,Netherlands,true
264885,Iv\u00e1n Balliu,Albania,true
265116,Bernard,Brazil,true
265273,Gabriel Vasconcelos,Brazil,true
265435,Santos,Brazil,true
26547,Remko Pasveer,Netherlands,true
26552,Jos\u00e9 Fonte,Portugal,true
265588,Toni Leistner,,false
266105,Clinton Mata,Angola,true
266520,Christian N\u00f8rgaard,Denmark,true
266523,Pierre-Emile H\u00f8jbjerg,Denmark,true
266527,Yussuf Poulsen,Denmark,true
267000,Thomas Delaine,,false
267361,Charles,Brazil U17,false
267365,Marquinhos,Brazil,true
267368,Cl\u00e1udio Winck,Brazil U17,false
267371,Emerson,Italy,true
267374,Hernani,Brazil U17,false
267826,Weverton,Brazil,true
268171,Everson,Brazil,true
268282,Manu Trigueros,,false
268375,Emiliano Mart\u00ednez,Argentina,true
268394,Eden\u00edlson,Brazil,true
270209,Khoren Bayramyan,Armenia,true
270774,Franco V\u00e1zquez,Argentina,true
271031,Patrik Carlgren,Sweden,true
272005,Francisco Calvo,Costa Rica,true
27299,Manuel Neuer,Germany,true
274023,D\u00e9nes Dibusz,Hungary,true
274025,Irakli Kvekveskiri,Georgia U21,false
274374,Cris Mart\u00ednez,,false
274392,Gustavo G\u00f3mez,Paraguay,true
274456,Cristi\u00e1n Cuevas,Chile,true
274460,C\u00e9sar Fuentes,Chile,true
274623,H\u00e9ctor Herrera,Mexico,true
274776,Yanick Brecher,Switzerland U21,false
274787,Yvon Mvogo,Switzerland,true
275034,Silvan Widmer,Switzerland,true
276121,Ben Davies,Wales,true
276711,Philipp Ziereis,,false
276729,Stefan Ortega,Germany,true
276738,Antonio R\u00fcdiger,Germany,true
276739,Kevin St\u00f6ger,Austria,true
276791,Niclas F\u00fcllkrug,Germany,true
277460,Arkadiusz Milik,Poland,true
277761,Chancel Mbemba,DR Congo,true
277771,Thomas Meunier,Belgium,true
277793,Tokmac Nguen,Norway,true
277845,Hendrik van Crombrugge,Belgium,true
278285,Paulo Gazzaniga,Argentina,true
278341,Bouna Sarr,Senegal,true
278343,Riyad Mahrez,Algeria,true
278807,Robert M\u00fchren,,false
278814,Janis Blaswich,Germany,true
278831,John Anthony Brooks,USA,true
278856,Willi Orb\u00e1n,Hungary,true
279116,Mats Seuntjens,,false
279461,Kenny Lala,,false
279477,Soualiho Meit\u00e9,France U19,false
279489,Jamaal Lascelles,England U20,false
279490,James Ward-Prowse,England,true
279714,Brice Samba,France,true
279820,Matteo Bianchetti,Italy U21,false
279866,Donovan L\u00e9on,French Guiana,true
279879,Jean-Daniel Akpa Akpro,Ivory Coast,true
280135,Lucas Mancinelli,,false
280276,Suso,Spain,true
280287,Sam Johnstone,England,true
280350,Marcelo,,false
280484,Nick Pope,England,true
280507,Matt Crooks,,false
280758,Steven Mendoza,Colombia,true
280818,Marko Dmitrovic,Serbia,true
281012,Filip Kostic,Serbia,true
281020,Nouha Dicko,Mali,true
281085,Jes\u00e9,Spain U21,false
281205,Andr\u00e9 Sousa,,false
281234,Rodrigo Odriozola,,false
281241,Mauricio Alonso,,false
281762,Pietro Terracciano,,false
281866,Jure Balkovec,Slovenia,true
282059,Luca Lezzerini,Italy U19,false
282114,Luk\u00e1s Zima,Czechia U21,false
282281,Denis Su\u00e1rez,Spain,true
282310,Hamilton Piedra,Ecuador,true
282462,\u00cd\u00f1igo Ru\u00edz de Galarreta,,false
282471,Carlos Clerc,,false
282472,Sergi Darder,Spain U21,false
282478,Carlos Albarr\u00e1n,,false
282600,Sokratis Dioudis,Greece,true
282615,Dimitrios Goutas,Greece,true
282674,Daniel Carvajal,Spain,true
282676,I\u00f1igo Mart\u00ednez,Spain,true
282680,Juli\u00e1n,,false
282691,Juan Bernat,Spain,true
282692,Portu,,false
282770,Mauro Icardi,Argentina,true
282774,N\u00edcolas,,false
282775,Jorginho,Italy,true
286119,Jamie Vardy,England,true
287255,Jeft\u00e9 Betancor,,false
287640,Bruno Varela,Cape Verde,true
287892,Jed Wallace,England U19,false
287894,Loris Karius,Germany U21,false
288406,Alejandro Grimaldo,Spain,true
288759,Francisco Pizzini,,false
288880,Jack Butland,England,true
289137,Charlie Taylor,,false
289253,Jo\u00e3o Costa,Portugal U23,false
289254,Rafa Soares,Portugal U20,false
289285,Manuel Fern\u00e1ndez,,false
289732,Roman Buess,Switzerland U17,false
289745,Hattan Sultan Bahbri,Saudi Arabia,true
290201,Philipp Hofmann,Germany U21,false
290409,Will Keane,Ireland,true
290410,Michael Keane,England,true
291043,Amar Rahmanovic,Bosnia and Herzegovina,true
291154,J\u00fanior Sornoza,Ecuador,true
291399,Abd\u00fclkerim Bardakci,Turkiye,true
291425,Jhon C\u00f3rdoba,Colombia,true
291635,Pedro Bigas,,false
291643,Paul Nardi,France U21,false
291655,Norbert Gy\u00f6mb\u00e9r,Slovakia,true
292313,Raul Jim\u00e9nez,Mexico,true
292462,Mohamed Salah,Egypt,true
292765,J\u00e9r\u00e9my Frick,Switzerland,true
293160,Elseid Hysaj,Albania,true
293569,Robin Lod,Finland,true
294253,Rudy Camacho,,false
294859,Alassane Pl\u00e9a,Mali,true
294918,L\u00e9a Le Garrec,France,true
294951,Dzsenifer Marozs\u00e1n,Germany,true
295062,John Egan,Ireland,true
295067,Will Hughes,England U21,false
295103,Everaldo,,false
295198,Eneko Satr\u00fastegui,,false
295203,Anthony Nwakaeme,Nigeria,true
295233,Nicol\u00e1s Vargas,Chile U21,false
29587,Maxi Moralez,Argentina,true
29589,Sebasti\u00e1n S\u00e1ez,,false
297556,Ahmed Hegazy,Egypt,true
298230,Osvaldo Bosso,,false
298327,Igor Lichnovsky,Chile,true
298448,Davy Klaassen,Netherlands,true
298676,Joe Bryan,,false
298915,Maximilian Arnold,Germany,true
298923,Alexandru Maxim,Romania,true
298933,Robin Pr\u00f6pper,Netherlands U19,false
299215,Jesse Lingard,England,true
299358,Mame Baba Thiam,Senegal,true
299572,Terence Kongolo,Netherlands,true
299799,Bryan Cristante,Italy,true
299981,Pablo Mar\u00ed,,false
300916,Joao M\u00e1rio,Portugal,true
300918,Ricardo Esgaio,Portugal U23,false
302241,Patrick Bamford,England,true
303059,Bertrand Traor\u00e9,Burkina Faso,true
303088,Roger Mart\u00ed,,false
303187,\u00d6mer Ali Sahiner,Turkiye,true
303224,Sergio Postigo,,false
303339,Sadio Man\u00e9,Senegal,true
303353,Edgar Badia,Spain U19,false
303799,Bastos,Angola,true
303800,Dominique Heintz,Germany U21,false
303824,Memphis Depay,Netherlands,true
303879,Lucas Torr\u00f3,Spain U19,false
303905,Dominik Kohr,Germany U21,false
303912,Matthias Ginter,Germany,true
303935,Juanto Ortu\u00f1o,,false
303938,Simon Scherder,,false
304014,Mar\u00e7al,,false
304345,Sead Kolasinac,Bosnia and Herzegovina,true
304348,Rani Khedira,Tunisia,true
304354,Janik Haberer,Germany U21,false
304355,Odysseas Vlachodimos,Greece,true
304363,Felipe Campos,Chile,true
304364,Claudio Sep\u00falveda,,false
30441,F\u00e1bio,Brazil,true
304455,Jo\u00ebl Veltman,Netherlands,true
304520,Ignacio Jeraldino,Chile,true
304558,Nelson Sep\u00falveda,,false
304631,Jos\u00e9 \u00c1ngel,,false
304668,Sander van de Streek,,false
304733,Hakan \u00c7alhanoglu,Turkiye,true
304860,Michael Frey,Switzerland,true
304872,Carlos Escobar,,false
305132,Stefano Denswil,Suriname,true
305148,Okan Kocuk,Turkiye,true
305200,Onurcan Piri,Turkiye U20,false
305202,Halil Akbunar,Turkiye,true
305219,Massimo Luongo,Australia,true
305679,Emre Kilin\u00e7,Turkiye,true
305713,Willian Ar\u00e3o,Brazil,true
306128,Ricardo Pereira,Portugal,true
306168,Tom\u00e1s Holes,Czechia,true
306174,Tomasz Kedziora,Poland,true
306267,\u00c1ngelo Henr\u00edquez,Chile,true
306512,Reinaldo,,false
307021,Emre Can,Germany,true
307070,Vitor Hugo,Brazil,true
307072,Samuel Xavier,,false
307209,Lukas K\u00fcbler,,false
307227,Abdullah Al Hafith,Saudi Arabia,true
307235,Marko Pjaca,Croatia,true
307317,Vladim\u00edr Coufal,Czechia,true
307438,Fabi\u00e1n Balbuena,Paraguay,true
307753,Salem Al-Dawsari,Saudi Arabia,true
308131,An\u00edbal Godoy,Panama,true
308237,Marius M\u00fcller,Germany U21,false
308516,Nicolae Stanciu,Romania,true
308517,Stanislav Lobotka,Slovakia,true
308694,Sergei Bozhin,,false
308841,Ivan Schranz,Slovakia,true
30893,Cristiano Ronaldo,Portugal,true
309328,Milan Skriniar,Slovakia,true
309334,Sa\u00fal,Spain,true
309353,Seba P\u00e9rez,Colombia,true
309410,G\u00f6khan Akkan,Turkiye,true
309505,Amin Younes,Germany,true
309726,Andrea Belotti,Italy,true
30981,Lionel Messi,Argentina,true
310289,Guilherme,,false
310341,Ilya Petrov,Russia U21,false
310355,Fabian Holland,,false
310763,Ulrik Saltnes,,false
310764,Badou Ndiaye,Senegal,true
310768,Fredrik Aursnes,Norway,true
310785,Sondre Tronstad,Norway,true
310836,Pierrick Capelle,,false
31097,Luka Modric,Croatia,true
311256,Rody Zambrano,,false
311630,Samu S\u00e1iz,Spain U19,false
311684,Juan Cavallaro,Argentina U20,false
312159,Cecilio Waterman,Panama,true
312458,Anton Nedyalkov,Bulgaria,true
312560,Robin Himmelmann,,false
312765,Jack Grealish,England,true
313121,Amahl Pellegrino,Tanzania,true
313825,B\u00e5rd Finne,Norway,true
313890,Mohammed Al Fatil,Saudi Arabia,true
313981,Andreas Cornelius,Denmark,true
314605,Alberto Moreno,Spain,true
315201,Max Crocombe,New Zealand,true
315235,Lautaro Giannetti,Argentina U23,false
315925,Fernando Le\u00f3n,Ecuador,true
316544,Irfan Kahveci,Turkiye,true
317062,Adrien Thomasson,,false
317267,Serdar Dursun,Turkiye,true
317564,Kepa Arrizabalaga,Spain,true
317713,Onur Bulut,Turkiye,true
318529,Miguel Parrales,Ecuador U20,false
318615,Leandro Trossard,Belgium,true
318809,Sam Larsson,Sweden,true
319300,N'Golo Kant\u00e9,France,true
319589,Gabriel,,false
319591,J\u00e1dson,Brazil U20,false
319599,Vitinho,,false
319631,Joaqu\u00edn Correa,Argentina,true
319637,Ren\u00ea,,false
319659,Marllon,,false
319784,Alisson Becker,Brazil,true
319796,Z\u00e9 Rafael,,false
319812,Ant\u00f4nio Carlos,,false
319822,Yassine Benzia,Algeria,true
319824,Florent Mollet,,false
319827,K\u00e9vin Rodrigues,Portugal,true
320183,Marco B\u00fcrki,,false
320184,Leonardo Bertone,Switzerland U21,false
320672,Younes Namli,,false
320686,Matheus D\u00f3ria,Brazil,true
321140,Valentino Lazaro,Austria,true
322003,Jesper Karlstr\u00f6m,Sweden,true
322049,Fred,Brazil,true
322997,Amir Sayoud,Algeria,true
323352,Gustavo Henrique,Brazil U22,false
323437,Danny Luna,Ecuador Under 22,true
324578,Rodrigo De Paul,Argentina,true
324723,Fernando Zuqui,,false
324910,Abdul Rahman Baba,Ghana,true
325916,Paulo Dybala,Argentina,true
330458,Mirko Salvi,Switzerland U21,false
330470,Samuel Piette,Canada,true
330643,Mark Flekken,Netherlands,true
331524,Erdogan Yesilyurt,,false
331534,Koray G\u00fcnter,Germany U19,false
331540,Kerem Demirbay,Germany,true
331542,Jonas Hofmann,Germany,true
332300,Christian Burgess,,false
335429,G\u00fcnay G\u00fcvenc,,false
335444,Robin Yal\u00e7in,Germany U19,false
335606,Erick Pulgar,Chile,true
338136,Andraz Sporar,Slovenia,true
338299,David von Ballmoos,Switzerland,true
339032,Thiago Mendes,,false
339125,Marinho,,false
340020,Yassine Bounou,Morocco,true
340108,Josip Calusic,Croatia U19,false
34029,Ra\u00fal Albiol,Spain,true
341780,Jos\u00e9 Cevallos,Ecuador,true
342100,Basil Stillhart,Switzerland U21,false
342757,Kevin Mina,,false
342778,Ajara Nchout,Cameroon,true
342941,Robert Arboleda,Ecuador,true
342999,Cristian Ram\u00edrez,Ecuador,true
343316,Emiliano Marcondes,Denmark U21,false
343748,Leon Goretzka,Germany,true
343757,Marvin Ducksch,Germany,true
343763,Marcel Schuhen,,false
343766,Anthony Jung,,false
344093,Josip Misic,Croatia,true
345796,Jos\u00e9 Miguel Andrade,,false
345801,Ayrton Preciado,Ecuador,true
345905,Jo\u00e3o Schmidt,Brazil U21,false
346000,Douglas Santos,Brazil,true
346004,Lucas Silva,Brazil U21,false
34633,Nen\u00ea,,false
350472,Kevin Mbabu,Switzerland,true
350634,Ondrej Duda,Slovakia,true
351362,Hidajet Hankic,Bosnia and Herzegovina,true
351661,Patrik Hrosovsky,Slovakia,true
351869,Michael Brouwer,,false
351999,Wout Weghorst,Netherlands,true
352023,Deniz T\u00fcr\u00fcc,Turkiye,true
352348,Romario Caicedo,Ecuador,true
352358,Brandley Kuwas,Curacao,true
352879,Adrien Rabiot,France,true
352887,Abdoulaye Doucour\u00e9,Mali,true
352968,S\u00e9bastien Haller,Ivory Coast,true
352994,Rapha\u00ebl Guerreiro,Portugal,true
353519,Kevin Akpoguma,Nigeria,true
354136,Mathias Dyngeland,Norway,true
354467,Yannick Carrasco,Belgium,true
354477,Julien Lopez,Algeria U17,false
35453,Ricardo Batista,Angola,true
355356,Marc-Oliver Kempf,Germany U21,false
355358,Christian G\u00fcnter,Germany,true
355901,Morgan Sanson,France U21,false
356406,John McGinn,Scotland,true
357880,Andrew Robertson,Scotland,true
358127,L\u00e9o Baptist\u00e3o,,false
358148,Sergi G\u00f3mez,Spain,true
358149,Patric,,false
358151,Jordi Quintill\u00e0,,false
358155,Daniele Rugani,Italy,true
358289,Carles Gil,Spain U21,false
358936,Ozan Tufan,Turkiye,true
358937,Dimitrios Pelkas,Greece,true
359188,Fabinho,Brazil,true
359191,Omar Mascarell,Equatorial Guinea,true
359193,Lucas V\u00e1zquez,Spain,true
359195,Rub\u00e9n Sobrino,Spain U19,false
359198,\u00d3scar Plano,Spain U19,false
360081,Vitali Gudiev,Russia,true
360918,Jonny Otto,Spain,true
361077,Federico Lanzillotta,,false
361315,Eric Dier,England,true
361322,Bruma,Portugal,true
361379,Frederico Ven\u00e2ncio,Portugal U21,false
361403,Karol Linetty,Poland,true
361710,Aderllan Santos,,false
361712,Adam Dzwigala,Poland,true
361717,Rui Silva,Portugal,true
361724,Ezequiel \u00c1vila,,false
361747,Lucas Jo\u00e3o,Angola,true
361751,F\u00e1bio Cardoso,Portugal U21,false
361757,Jo\u00e3o Cancelo,Portugal,true
361768,Caf\u00fa,Portugal U21,false
361770,Andr\u00e9 Gomes,Portugal,true
361792,Ivan Cavaleiro,Angola,true
362120,Danilo Cataldi,Italy,true
362121,Edoardo Goldaniga,Italy U21,false
362195,Alessio Romagnoli,Italy,true
362200,Wladimiro Falcone,Italy,true
362212,Piotr Zielinski,Poland,true
362307,Zeki Yavru,,false
363318,Sam Byram,,false
363345,Brad Potts,,false
363364,Ederson,Brazil,true
363486,H\u00e9ctor Villalba,Paraguay,true
364104,Stefano Sabelli,Italy U21,false
364204,Tayfur Bing\u00f6l,,false
364239,Rub\u00e9n Pena,,false
364430,Kiril Despodov,Bulgaria,true
364515,Simone Perilli,,false
364520,Domenico Berardi,Italy,true
364822,Ivan Provedel,Italy,true
364855,Uros Radakovic,Serbia U17,false
365646,Benjamin Lundt,,false
365672,Sofiane Boufal,Morocco,true
369295,Ronald Koeman,,false
369742,Jackson Irvine,Australia,true
369754,Jamal Lowe,Jamaica,true
372978,Georgios Giakoumakis,Greece,true
37436,Santi Cazorla,Spain,true
37549,Jo\u00e3o Moutinho,Portugal,true
37770,Kasper Schmeichel,Denmark,true
37868,Simon Mignolet,Belgium,true
380858,Andreas Gianniotis,Greece,true
383971,Dominik Livakovic,Croatia,true
38432,Dante,Brazil,true
384343,Haris Hajradinovic,Bosnia and Herzegovina,true
384376,Renato Steffen,Switzerland,true
384407,Saleh Al-Shehri,Saudi Arabia,true
384413,Rub\u00e9n Garcia,Spain U20,false
384587,Lucas Villalba,,false
385437,Serge Gnabry,Germany,true
387499,Gilberto,Brazil U22,false
387525,Cassiano,,false
38807,James Milner,England,true
388503,Victor Lu\u00eds,,false
388514,Gon\u00e7alo Paci\u00eancia,Portugal,true
388522,F\u00e1bio Martins,Portugal U19,false
388523,Andr\u00e9 Silva,Portugal,true
388536,Marco Delgado,USA,true
388605,Lucas Romero,Argentina U23,false
388903,Haris Tabakovic,Bosnia and Herzegovina,true
389050,Juan Musso,Argentina,true
389181,Metehan Mimaroglu,,false
389202,Wanderson,,false
389845,Joshua Brenet,Curacao,true
390235,Lucas Olaza,Uruguay,true
390642,Furkan Soyalp,Turkiye U17,false
391058,Jos\u00e9 Gay\u00e0,Spain,true
391064,Neal Maupay,France U19,false
391165,Higinio Mar\u00edn,,false
392208,Yasir Al Shahrani,Saudi Arabia,true
394125,Milton C\u00e9liz,,false
394360,Casper H\u00f8jer Nielsen,Denmark U19,false
394462,Hany Mukhtar,Germany U21,false
394472,Benjamin Kololli,Kosovo,true
394585,Gabriel Pires,,false
395154,Alen Halilovic,Croatia,true
395651,Stefan Gartenmann,Switzerland,true
39591,Axel Witsel,Belgium,true
395914,Charalambos Lykogiannis,Greece,true
396757,Tyler Boyd,USA,true
396949,Miha Zajc,Slovenia,true
397019,Ot\u00e1vio,Portugal,true
397527,Mat\u00edas Campos L\u00f3pez,,false
398992,Ricardo Santos,Cape Verde,true
399130,Luciano,Brazil U22,false
400256,Rodinei,,false
400625,Vincenzo Grifo,Italy,true
401932,Adam Davies,Wales,true
402419,Przemyslaw Frankowski,Poland,true
402830,Guillermo Marip\u00e1n,Chile,true
402897,Ivan Filipovic,Croatia U21,false
402975,Jean-Paul Bo\u00ebtius,Suriname,true
402995,Mikkel Desler,Denmark U23,false
403003,Ahmed Hassan Koka,Egypt,true
406267,Jeremy Dudziak,Tunisia,true
406283,Ezgjan Alioski,North Macedonia,true
40636,Luis Su\u00e1rez,Uruguay,true
406501,Daniel Heuer Fernandes,Portugal U21,false
40684,Artem Dzyuba,Russia,true
40751,Oleg Ivanov,Russia,true
407765,Alexander Djiku,Ghana,true
40802,Igor Akinfeev,Russia,true
408780,Henk Veerman,,false
408943,Takumi Minamino,Japan,true
408986,Timon Wellenreuther,Germany U21,false
408987,Ivan Toney,England,true
409017,Tiago Volpi,,false
409818,Jonas Meffert,Germany U19,false
410656,Pablo Insua,Spain U21,false
410821,Octavio Rivero,,false
410836,Semi Ajayi,Nigeria,true
41087,Ron-Robert Zieler,Germany,true
411605,Mehmet Umut Nayir,Turkiye,true
411617,Aymeric Laporte,Spain,true
411851,Robert Andrich,Germany,true
412357,Paul Onuachu,Nigeria,true
412762,Mat\u00edas Kranevitter,Argentina,true
413158,Chuba Akpom,England Under 22,true
413525,Laurent Abergel,,false
414245,Federico Bernardeschi,Italy,true
414906,Giovanni Di Lorenzo,Italy,true
415137,Alberto Paleari,,false
415539,Matteo Politano,Italy,true
416175,Jos\u00e9 S\u00e1,Portugal,true
41618,Yann Sommer,Switzerland,true
416409,Germ\u00e1n Parreno,,false
416850,Solly March,England U21,false
417068,Nathan Ak\u00e9,Netherlands,true
417743,Raffaele Di Gennaro,,false
417818,Danny Bakker,Netherlands Under 22,true
418137,Arthur Masuaku,DR Congo,true
419207,John Souttar,Scotland,true
419664,Tyrone Mings,England,true
419774,Sven Michel,,false
420216,Jamal Thiar\u00e9,,false
420568,Diego Llorente,Spain,true
420731,Gautier Lloris,France U19,false
421328,Awer Mabil,Australia,true
421365,Djen\u00e9,Togo,true
421768,Wes Burns,Wales,true
421786,Mario Lemina,Gabon,true
421995,Toz\u00e9,Portugal U21,false
422121,Joris van Overeem,Netherlands Under 22,true
422288,Abderrazak Hamdallah,Morocco,true
422719,Davide Biraschi,Italy U21,false
422812,Tiago Silva,Portugal U23,false
423047,David Douline,,false
423223,Simone Scuffet,Italy,true
423508,Jos\u00e9 Contreras,Venezuela,true
423624,Patrick Mainka,,false
423663,Mikel Villanueva,Venezuela,true
423812,Phillipp Mwene,Austria,true
423921,Carlos Orejuela,,false
424129,Leander Dendoncker,Belgium,true
424158,Bernardo Cerezo,Chile U20,false
424213,Darwin Cuero,Ecuador,true
424348,Juan Cornejo,Chile,true
424380,Samet Akaydin,Turkiye,true
424397,Luis Ayala,Ecuador,true
424436,Carlos Arboleda,,false
424609,Ben Davies,,false
424614,Caleb Ekuban,Ghana,true
424875,Bruno Petkovic,Croatia,true
425279,Gabriel Cort\u00e9z,Ecuador,true
425950,Abdellah Zoubir,,false
425962,Niklas Stark,Germany,true
425980,Aleksandar Jovanovic,Serbia,true
425985,Nemanja Radoja,Serbia,true
425990,Mirko Ivanic,Montenegro,true
426180,Jamie Allen,,false
426393,Adrien Tam\u00e8ze,France U17,false
426880,Maxwel Cornet,Ivory Coast,true
426892,Hamari Traor\u00e9,Mali,true
426906,Karl Toko-Ekambi,Cameroon,true
42692,Daniele Padelli,Italy,true
427216,Wilder Cartagena,Peru,true
427438,H\u00e9ctor Beller\u00edn,Spain,true
427877,Fabrizio Angileri,,false
428672,Alex Telles,Brazil,true
429265,Kingsley Coman,France,true
429697,Jir\u00ed Pavlenka,Czechia,true
429955,John Lundstram,England U20,false
429991,Iv\u00e1n Calero,Spain U17,false
430429,Greg Docherty,Scotland U21,false
430856,Takuma Asano,Japan,true
431204,Ibrahim Zaied,,false
431215,Hasan Kadesh,Saudi Arabia,true
431226,Yahya Al Shehri,Saudi Arabia,true
431323,W\u00edlmar Barrios,Colombia,true
431642,Brad Stuver,,false
431646,Andrew Farrell,,false
431896,Wil Trapp,USA,true
431956,Walker Zimmerman,USA,true
432040,DeAndre Yedlin,USA,true
432435,Michael Zetterer,Germany U20,false
432591,Ricardo Horta,Portugal,true
432605,Jonathan Osorio,Canada,true
433311,Dani Garc\u00eda,,false
433677,Ui-Jo Hwang,South Korea,true
433819,Renzo Saravia,Argentina,true
433956,Will Vaulks,Wales,true
434259,Marius Gersbeck,Germany U19,false
434325,Thomas Partey,Ghana,true
434404,Gonzalo Escalante,,false
434498,Alan Browne,Ireland,true
434593,Antonio Puertas,,false
434778,Ivaylo Chochev,Bulgaria,true
435493,Jeppe Tverskov,,false
435513,Ryan Manning,Ireland,true
435614,Predrag Rajkovic,Serbia,true
435669,Rony Lopes,Portugal,true
435902,Jo\u00e3o Camacho,,false
435947,Amir Mohammad,,false
436075,Mikael Uhre,Denmark,true
436084,Ismael Silva Lima,,false
437329,Mbwana Samatta,Tanzania,true
438115,Callum O'Dowda,Ireland,true
438162,Matej Hanousek,Czechia U21,false
438456,Rade Krunic,Bosnia and Herzegovina,true
438647,Giorgian de Arrascaeta,Uruguay,true
438786,Victor Lekhal,Algeria,true
439148,Morten Thorsby,Norway,true
439366,Abdoulaye Tour\u00e9,Guinea,true
439369,Ryan Christie,Scotland,true
439691,Sam Long,,false
440330,Alexander S\u00f8rloth,Norway,true
440647,Sander Svendsen,Norway U21,false
440913,Lionel Altamirano,,false
441164,Kaan Ayhan,Turkiye,true
441302,Anton Mitryushkin,Russia,true
441441,Ager Aketxe,Spain U20,false
442277,Miguel Almir\u00f3n,Paraguay,true
442581,Aleksey Miranchuk,Russia,true
442593,Kiki Afonso,Portugal U21,false
442602,Denis Vavro,Slovakia,true
442728,Tim Kleindienst,Germany,true
443182,Ali Karimi,Iran,true
443733,Marcus Ingvartsen,Denmark,true
443966,Jeremy Toljan,Germany U23,false
444000,Steven Moreira,Cape Verde,true
444365,Tom\u00e1s Mart\u00ednez,Argentina U20,false
444485,Thore Pedersen,Norway U19,false
445204,Sebastian Schonlau,,false
445226,Jean-Philippe Gbamin,Ivory Coast,true
445511,Liam Lindsay,Scotland,true
445856,Wesley Sa\u00efd,France Under 22,true
445873,Brandon Mechele,Belgium,true
446266,Mario Pasalic,Croatia,true
446392,Jon Gorenc Stankovic,Slovenia,true
446855,Brayan V\u00e9jar,Chile U20,false
447084,Niklas S\u00fcle,Germany,true
447367,Ali Sowe,Gambia,true
447418,Lloyd Jones,England U19,false
447959,Robert Skov,Denmark,true
448540,Serhou Guirassy,Guinea,true
448543,Robert Taylor,Finland,true
448805,Christian Mathenia,,false
448865,Brendan Chardonnet,,false
448897,Walter Ben\u00edtez,Argentina,true
449232,Andreas Christensen,Denmark,true
449241,Adnan Januzaj,Belgium,true
449277,Giorgi Kvilitaia,Georgia,true
449279,Philip Zinckernagel,,false
449283,Alessandro Deiola,,false
449684,Alisson,Brazil U21,false
449785,Walter,,false
449999,Taylan Antalyali,Turkiye,true
450001,Mayke,,false
450011,Talisca,Brazil,true
450739,Alexander Schlager,Austria,true
450742,Bartlomiej Dragowski,Poland,true
450848,Gabriel Barbosa,Brazil,true
450868,Willian Oliveira,,false
450974,Christopher Lenz,Germany U19,false
450976,Yannick Gerhardt,Germany,true
450978,Marcel Sobottka,,false
450980,Timo Werner,Germany,true
451209,Eliazer Dasa,Israel,true
451335,Edimilson Fernandes,Switzerland,true
451628,Carl Klaus,,false
451984,Jason,,false
452031,Ramiro,,false
452269,Lucas Evangelista,Brazil U20,false
453324,Samir,Brazil,true
453412,Juli\u00e1n Fern\u00e1ndez,,false
453859,Nicol\u00e1s Avellaneda,,false
45571,Ben Hamer,,false
458324,Matt Miazga,USA,true
458599,Fabio Kaufmann,,false
458602,Jan Gyamerah,Ghana,true
458630,Ihlas Bebou,Togo,true
458659,Romario Ibarra,Ecuador,true
458812,Hendrik Bonmann,,false
458917,Rodrigo Perea,,false
458976,Hauke Wahl,,false
458998,Marvin Wanitzek,,false
459000,Alexander Hack,,false
459002,Kenny-Prince Redondo,,false
459010,Luca Schnellbacher,,false
459603,Georgiy Bushchan,Ukraine,true
459658,Ruslan Malinovsky,Ukraine,true
460632,Joshua Kimmich,Germany,true
461356,Julian Green,USA,true
462081,Dorin Rotariu,Romania,true
462244,Paul Arriola,USA,true
46241,M'Baye Niang,Senegal,true
462527,Stian Gregersen,Norway,true
46268,Richard O'Donnell,,false
462844,Yuri Kovalev,Belarus,true
462863,Karol Mets,Estonia,true
462949,Olivier Custodio,Switzerland U21,false
463268,Andrija Zivkovic,Serbia,true
463300,Igor Vujacic,Montenegro,true
463301,Sergej Milinkovic-Savic,Serbia,true
463508,Artem Timofeev,Russia U21,false
463591,Marko Jevtovic,Serbia,true
463741,Vyacheslav Karavaev,Russia,true
463967,Jindrich Stanek,Czechia,true
464020,Milan Havel,Czechia,true
464251,Mahir Emreli,Azerbaijan,true
464304,Roman Zobnin,Russia,true
464462,Emre Akbaba,Turkiye,true
464486,Enes \u00dcnal,Turkiye,true
46469,Olivier Giroud,France,true
464916,Alvas Elvis Powell,Jamaica,true
464919,Maxime Cr\u00e9peau,Canada,true
464981,Mat\u00fas Bero,Slovakia,true
464982,Daniel Borges,,false
46518,Asmir Begovic,Bosnia and Herzegovina,true
465614,Guillermo Varela,Uruguay,true
465617,Nader Ghandri,Tunisia,true
465628,Wesley Hoedt,Netherlands,true
465726,Nikola Storm,Belgium U19,false
465750,Timothy Castagne,Belgium,true
465835,Israel Poblete,,false
465841,Tom\u00e1s Asta-Buruaga,,false
465909,Josh Windass,,false
465960,Youri Tielemans,Belgium,true
465994,Juan Fuentes,Chile U20,false
466113,Jari Vandeputte,Belgium U19,false
466132,Th\u00e9o Bongonda,DR Congo,true
466214,J\u00fanior Alonso,Paraguay,true
466223,\u00c1lvaro Madrid,Chile,true
466436,Mory Diaw,Senegal,true
466439,Mike Maignan,France,true
466478,Jonathan Bamba,Ivory Coast,true
466482,Allan Saint-Maximin,France U21,false
466564,Maxim Rudakov,Russia U21,false
466589,Yohan Boli,Ivory Coast,true
466672,Jefferson Lerma,Colombia,true
466852,Andries Noppert,Netherlands,true
466867,Nikola Vasilj,Bosnia and Herzegovina,true
466868,Daniel Graovac,Bosnia and Herzegovina,true
466884,William Troost-Ekong,Nigeria,true
467024,Hidde Jurjus,Netherlands U21,false
467232,Anton Miranchuk,Russia,true
467479,Riechedly Bazoer,Curacao,true
467480,Bas Kuipers,Netherlands Under 22,true
467486,Moses Simon,Nigeria,true
467488,Vincent Vermeij,Netherlands U21,false
467495,Jorrit Hendrix,Netherlands,true
467733,Alex Muralha,Brazil,true
467946,Mat\u00edas Zaldivia,Chile,true
467965,Rafael Delgado,,false
46820,Matteo Darmian,Italy,true
468931,Thomas Lemar,France,true
469202,Kieffer Moore,Wales,true
469282,Cihat \u00c7elik,,false
469295,Jonathan Calleri,Argentina U23,false
469615,Giovanni Simeone,Argentina,true
469700,Jonathan Tah,Germany,true
469701,Mahmoud Dahoud,Syria,true
469705,Stefan Kutschke,,false
469763,Kenan Karaman,Turkiye,true
469804,Kenny Tete,Netherlands,true
470301,Jo\u00e3o Novais,,false
470546,H\u00e9lder Tavares,Cape Verde,true
470550,Lu\u00eds Mata,Portugal U21,false
470810,Xeka,,false
470815,Tiago S\u00e1,Portugal U20,false
470834,N\u00e9lson Semedo,Portugal,true
471153,Ludovic Ajorque,,false
471271,Amari'i Bell,Jamaica,true
471274,Ethan Horvath,USA,true
473852,Corentin Tolisso,France,true
473891,Carlos,,false
474448,Antonio Sanabria,Paraguay,true
474589,Jos\u00e9 Gim\u00e9nez,Uruguay,true
474658,\u00c1lvaro Garcia,,false
474673,Johan Mojica,Colombia,true
476769,Deyverson,,false
477023,Rafa Silva,Portugal,true
477205,Sandro Lima,,false
477472,Jos\u00e9 Luis Morales,,false
477498,Ra\u00fal Lizoain,,false
477588,\u00c1lex Moreno,,false
477594,Rub\u00e9n Y\u00e1nez,Spain U20,false
477600,Carlos Hern\u00e1ndez,,false
477603,Alberto Jim\u00e9nez,,false
477604,Salva Ruiz,Spain U19,false
477615,Sandro Ram\u00edrez,Spain U21,false
478105,Baptiste Santamar\u00eda,France Under 22,true
478357,Matt Grimes,England Under 22,true
478388,Manolis Siopis,Greece,true
478391,Marco Sangalli,,false
478439,Bicho,Spain U17,false
478447,Adam Marusic,Montenegro,true
478527,Steve Mouni\u00e9,Benin,true
479020,Ayoze P\u00e9rez,Spain,true
479026,Roger Mart\u00ednez,Colombia,true
479217,David Costas,Spain U19,false
480253,Luke O'Nien,,false
480787,Duane Holmes,USA,true
480788,Vasilios Barkas,Greece,true
481376,Aleksandr Vasyutin,Russia U19,false
482204,Anton Sal\u00e9tros,Sweden,true
482331,Adri\u00e1n Embarba,,false
484640,Carl Johansson,Sweden U21,false
484858,Albert Rusn\u00e1k,Slovakia,true
485047,Hans Hateboer,Netherlands,true
485148,Ousmane Doumbia,,false
485634,Roberto Gagliardini,Italy,true
486121,Leonel Gonz\u00e1lez,,false
486835,Damon Mirani,Netherlands U19,false
487867,Wendell,Brazil,true
488139,Bernardo Silva,Portugal,true
488191,Tarkan Serbest,Turkiye,true
488197,Gregory Leigh,Jamaica,true
488412,Cl\u00e9ment Lenglet,France,true
488415,Hassane Kamara,Ivory Coast,true
488540,Jo\u00e3o Gra\u00e7a,,false
488622,Harry Cornick,,false
488624,Alex Mowatt,,false
488718,Diego Rico,,false
488960,Michal Helik,Poland,true
488970,Sinan Bakis,Turkiye U20,false
489013,R\u00faben Semedo,Portugal,true
489627,Isaac Hayden,Jamaica,true
490413,Seny Dieng,Senegal,true
490489,Robert Glatzel,,false
490868,Jan Bednarek,Poland,true
491071,Georgi Zotov,,false
491148,Anthony Carter,,false
491482,Juri Cisotti,,false
491784,Lorenzo Montip\u00f2,Italy U21,false
491827,Sammie Szmodics,Ireland,true
491883,Sa\u00efd Benrahma,Algeria,true
491925,Luis Pavez,Chile U20,false
492045,Josh Murphy,England U19,false
492116,Jordan Lefort,Mauritania,true
492132,Florent Had\u00ebrgjonaj,Kosovo,true
492494,Pawel Bochniewicz,Poland,true
492586,Demarai Gray,Jamaica,true
492589,Max Lowe,England U20,false
492796,Claudio Aquino,,false
492920,Fernando Cornejo,,false
492921,Diego Oyarz\u00fan,,false
493159,Stefano Holmquist Vecchia,,false
493165,James Maddison,England,true
493185,Gregory W\u00fcthrich,Switzerland,true
493196,Carlos Man\u00e9,Guinea-Bissau,true
493216,Ezequiel Ponce,Argentina U23,false
493468,Mamadou Fall,Senegal,true
493553,Danielzinho,,false
493647,Adama Traor\u00e9,Spain,true
493724,Samuel Portugal,,false
493731,Jubal,Brazil U21,false
494029,Dod\u00f4,Brazil U22,false
494241,Alex Santana,,false
494417,Harry Wilson,Wales,true
494597,Josh Brownhill,,false
495216,Jordy de Wijs,Netherlands Under 22,true
495222,Sheraldo Becker,Suriname,true
495833,Yeferson Soteldo,Venezuela,true
495970,Finn Stokkers,,false
496042,Yerry Mina,Colombia,true
496356,Ryan Thomas,New Zealand,true
496563,Jairo Riedewald,Netherlands,true
496728,David Gil,Spain U17,false
496732,Max O'Leary,Ireland,true
497023,Robert Burbano,Ecuador U20,false
497200,Brian Heras,Ecuador,true
497320,Marco Carrasco,,false
497330,Michael Estrada,Ecuador,true
497398,Jes\u00fas Medina,Paraguay,true
497408,Walter Clar,Paraguay U23,false
497662,Carl Starfelt,Sweden,true
497763,Micka\u00ebl Malsa,Martinique,true
498033,Marco Asensio,Spain,true
498296,Thiago Martins,,false
49847,Marcelo D\u00edaz,Chile,true
498595,Yago Pikachu,,false
498655,Andrei Girotto,,false
49939,Arturo Vidal,Chile,true
49970,Gary Medel,Chile,true
50047,Alexis S\u00e1nchez,Chile,true
500502,Adam Masina,Morocco,true
500520,Nabil Bentaleb,Algeria,true
500791,Cristian Herrera,,false
500932,Joris Kayembe Ditu,DR Congo,true
500933,Pedro Rebocho,Portugal U21,false
501380,Lawrence Vigouroux,Chile,true
501543,Franck Honorat,France U17,false
501568,Davie Selke,Germany U23,false
501602,Danny Cabezas,Ecuador,true
501636,Jefferson Savarino,Venezuela,true
502420,Harrison Reed,England Under 22,true
502421,Sam Gallagher,England U19,false
502543,Dawid Kownacki,Poland,true
50336,Diego Char\u00e1,Colombia,true
503659,Joachim Andersen,Denmark,true
504033,Milan Gajic,Serbia,true
504606,Lucas Hern\u00e1ndez,France,true
505059,Branco van den Boomen,Netherlands U17,false
50590,Osvaldo Gonz\u00e1lez,Chile,true
505942,Aaron Appindangoy\u00e9,Gabon,true
50638,Charles Ar\u00e1nguiz,Chile,true
50661,Eduardo Vargas,Chile,true
506776,Stefano Moreo,,false
508889,Naby Ke\u00efta,Guinea,true
509148,Moussa Demb\u00e9l\u00e9,France U23,false
509151,Oli McBurnie,Scotland,true
509495,Nikolai Komlichenko,Russia,true
510306,Oleksandr Svatok,Ukraine,true
510399,Kristoffer Peterson,Sweden,true
510425,Stijn van Gassel,,false
511399,Ahmet Oguz,Turkiye,true
511404,Soner Dikmen,,false
512013,Christian Walton,England Under 22,true
512040,\u00c1lex Mu\u00f1oz,,false
512722,Yoann Barbet,,false
513072,Jonathan Gradit,,false
513503,Pascal Stenzel,Germany U21,false
513707,Pedro L\u00f3pez,,false
513982,Luca Mazzitelli,Italy U21,false
514296,Adri\u00e1n Balboa,,false
514301,Timo Baumgartl,Germany U21,false
514847,J\u00e9rome Ongu\u00e9n\u00e9,Cameroon,true
515333,Milos Veljkovic,Serbia,true
51545,Salom\u00f3n Rond\u00f3n,Venezuela,true
516803,Einar Galilea,,false
516846,Julian Brandt,Germany,true
516854,Carlos Fern\u00e1ndez,Spain U21,false
517052,Vedat Muriqi,Kosovo,true
517068,Nikita Contini,,false
517346,Nico Elvedi,Switzerland,true
517663,Colby Bishop,,false
517871,Dilan Z\u00fa\u00f1iga,Chile U17,false
518346,Robin Gosens,Germany,true
518500,Dillon Phillips,,false
518525,Mariano D\u00edaz,Dominican Republic,true
518534,Ander Cantero,Spain U17,false
518567,Di\u00e9ter Villalpando,Mexico,true
518633,Giorgos Kyriakopoulos,Greece,true
518672,Jos\u00e9 Marrufo,Venezuela,true
519093,Erik Thommy,,false
519835,Adam Armstrong,England U20,false
519890,Emil Hansson,Sweden U21,false
520342,Paul Seguin,,false
520385,Luismi,,false
520424,Bryan Acosta,Honduras,true
520462,Lewis Morgan,Scotland,true
520530,Renzo L\u00f3pez,,false
520594,Ogulcan \u00c7aglayan,Turkiye U21,false
520664,Alexander Jeremejeff,Sweden,true
520670,Ken Sema,Sweden,true
520795,Sebastien Ibeagha,USA U20,false
520979,Ulisses Garcia,Switzerland,true
521148,Jacob Murphy,England U21,false
521195,Jeff Hardeveld,,false
521203,Fidan Aliti,Kosovo,true
521318,Manuel Akanji,Switzerland,true
52133,David Luiz,Brazil,true
521338,Lucho Acosta,,false
521421,Julian Weigl,Germany,true
521471,Vito van Crooij,Netherlands U21,false
521846,Martin Valjent,Slovakia,true
522083,Pablo Galdames,Chile,true
522138,Anton Shvets,Russia,true
522139,Dennis Srbeny,,false
522234,Gerard Gumbau,,false
522236,Fabian Bredlow,Germany U19,false
52243,Tom\u00e1s Rinc\u00f3n,Venezuela,true
522577,Sebas Moyano,,false
522651,Matheus Pereira,Brazil,true
522770,Jo\u00e3o Pedro,Guinea-Bissau,true
522947,Jonathan Okita,DR Congo,true
523193,Josh Laurent,,false
523217,Tom\u00e1s Chory,Czechia,true
523380,Myenty Abena,Suriname,true
523390,\u00c1lvaro Medr\u00e1n,Spain U19,false
523749,Jae-Sung Lee,South Korea,true
523801,L\u00e9o Pereira,Brazil,true
523904,Dmitri Kabutov,,false
52430,Miler Bola\u00f1os,Ecuador,true
524423,Daler Kuzyaev,Russia,true
524434,Jo\u00e3o Palhinha,Portugal,true
524435,Daniel Podence,Portugal,true
524437,Tom\u00e1s Soucek,Czechia,true
52445,Alexander Dom\u00ednguez,Ecuador,true
524514,Bryan Carvallo,Chile U20,false
524651,Darragh Lenihan,Ireland,true
524833,Gabriel Castell\u00f3n,Chile,true
525133,Erik Palmer-Brown,USA,true
525136,Aaron Long,USA,true
525614,Nick Hagglund,,false
525617,Daniel Lovitz,USA,true
525623,Ryan Hollingshead,,false
525631,Andre Blake,Jamaica,true
52564,Jaime Ayov\u00ed,Ecuador,true
526227,Nordin Jackers,Belgium,true
526230,Cyriel Dessers,Nigeria,true
526657,Lukas Klostermann,Germany,true
526827,Konrad Laimer,Austria,true
526968,Pacha Espino,Uruguay,true
527103,Breel Embolo,Switzerland,true
527104,Albian Ajeti,Switzerland,true
527549,Patrick Roberts,England U20,false
527556,Brian Oliv\u00e1n,,false
527616,Luis Ch\u00e1vez,Mexico,true
528050,Bilal Ould-Chikh,Netherlands U19,false
528214,Dominic Iorfa,England Under 22,true
528303,Ahmed Mohammed Sharahili,Saudi Arabia,true
528348,Everton,Brazil,true
528436,Connor Ogilvie,England U17,false
528440,Filippo Romagna,Italy U21,false
528453,Harry Winks,England,true
528811,Jens Stage,Denmark,true
528873,David Goldar,,false
529335,Martin Kramaric,Slovenia,true
529625,Andr\u00e9s Cubas,Paraguay,true
529869,Ramzi Safuri,Israel,true
530197,Manolis Saliakas,Greece,true
530468,Antonio Sivera,Spain U21,false
530635,Patrick Berg,Norway,true
530858,Marvin Friedrich,Germany U19,false
530859,Leroy San\u00e9,Germany,true
530987,Christopher D\u00edaz,,false
530995,Yerko Leiva,Chile,true
531047,Florin Tanase,Romania,true
531327,Eric Smith,Sweden,true
531629,Dani Ceballos,Spain,true
531751,Franco Bechtholdt,,false
531913,Orlando Mosquera,Panama,true
532097,Kristoffer Zachariassen,Norway,true
532700,Ricardo Ad\u00e9,Haiti,true
532738,Maximilian Philipp,Germany U21,false
532743,Philip Billing,Denmark,true
532942,Pau L\u00f3pez,Spain,true
532947,Vetle Dragsnes,,false
533127,Zack Steffen,USA,true
533228,Wilfred Ndidi,Nigeria,true
533775,Rafael Borr\u00e9,Colombia,true
534228,Marvin Martins,Luxembourg,true
534473,N\u00e9lson Monte,Portugal U20,false
534488,Samuel Mr\u00e1z,Slovakia,true
534670,Martin \u00d8degaard,Norway,true
534684,R\u00faben Neves,Portugal,true
534955,Aar\u00f3n Escandell,,false
535573,Nicolas Ngamaleu,Cameroon,true
535596,Guilherme Arana,Brazil,true
535597,Pedro Henrique,,false
535599,Bruno Henrique,,false
535600,Petros,,false
535603,Malcom,Brazil,true
535789,Marcos Felipe,Brazil U20,false
535799,Rafael Thyere,,false
535801,Tinga,Brazil U22,false
535896,Jo\u00e3o Paulo,,false
535930,Neto Moura,,false
535936,Joelinton,Brazil,true
535944,Z\u00e9 Welison,,false
536455,Gon\u00e7alo Guedes,Portugal,true
536457,Manuel Benson,Angola,true
536647,Ot\u00e1vio,,false
537853,Mathias Rasmussen,Norway U21,false
538112,Matt Targett,England U21,false
538329,Ebou Adams,Gambia,true
538346,Fausto Grillo,,false
538499,Lewis Baker,Jamaica,true
538501,Guglielmo Vicario,Italy,true
538644,Joachim Soltvedt,,false
539087,Albert Vallci,Austria,true
539198,Karlo Letica,Croatia,true
539546,Ivo Grbic,Croatia,true
539939,James Bree,,false
540073,Gian-Luca Waldschmidt,Germany,true
540088,Ollie Watkins,England,true
540097,Patrik Schick,Czechia,true
540307,Lorenzo Pellegrini,Italy,true
540415,Andr\u00e9 Ferreira,Portugal U21,false
540903,Zan Zuzek,Slovenia U21,false
540929,Jostein Gundersen,Norway,true
540963,Sander Berge,Norway,true
540967,Srdjan Babic,Serbia,true
540975,Sondre Brunstad Fet,,false
541330,Marvelous Nakamba,Zimbabwe,true
541551,Ivan Sunjic,Bosnia and Herzegovina,true
541555,Mattia Zaccagni,Italy,true
541588,Franco Cervi,Argentina,true
541820,Nicol\u00f2 Barella,Italy,true
541822,John Swift,England Under 22,true
541825,Lubom\u00edr Satka,Slovakia,true
541933,Mama Bald\u00e9,Guinea-Bissau,true
543021,Vanja Milinkovic-Savic,Serbia,true
543301,Pibe,,false
543306,Federico Bonazzoli,Italy U21,false
544312,Cyle Larin,Canada,true
544424,Gustavo Scarpa,Brazil,true
544589,Ahmed Ali Al Kassar,Saudi Arabia,true
544693,Amir Rrahmani,Kosovo,true
545905,Dani Calvo,,false
546190,Lubambo Musonda,Zambia,true
546252,Viktor Johansson,Sweden,true
547710,Adama Traor\u00e9,Mali,true
551805,Scott McKenna,Scotland,true
551961,Andrija Vukcevic,Montenegro,true
552569,Mark Sykes,Ireland,true
552625,Stoichkov,,false
552718,Kristoffer Ajer,Norway,true
553476,Sergio Rochet,Uruguay,true
553555,Marvin Schulz,,false
553556,Marlon Ritter,,false
553557,Gideon Jung,Germany U21,false
553597,David Kinsombi,,false
553778,Enes Mahmutovic,Luxembourg,true
553798,Scott Wright,Scotland U21,false
553849,Pierluigi Gollini,Italy,true
554283,Nuno Santos,Portugal U20,false
554285,Rochinha,,false
554299,Daniel Mesenh\u00f6ler,Germany U20,false
554534,Alexander N\u00fcbel,Germany,true
554971,Mario Engels,,false
554979,Leart Pa\u00e7arada,Kosovo,true
555646,Mateusz Wieteska,Poland,true
556027,Maximilian Wittek,Germany U20,false
556029,Marius Wolf,Germany,true
556505,Robin Zentner,,false
556524,Lucas H\u00f6ler,,false
556952,Krystian Bielik,Poland,true
556972,Sasa Lukic,Serbia,true
557044,Stefan Loncar,Montenegro,true
557325,Stefan Posch,Austria,true
557346,Sandi Lovric,Slovenia,true
557396,Adam Buksa,Poland,true
557532,Sagiv Jehezkel,Israel,true
557675,Emre Tasdemir,Turkiye,true
557677,Nikola Vlasic,Croatia,true
557799,Duje Caleta-Car,Croatia,true
557802,Maximilian Ullmann,Austria,true
557805,Mathias Honsak,Austria,true
558136,Karol Swiderski,Poland,true
558244,Fabi\u00e1n Hormaz\u00e1bal,Chile,true
559065,Ramy Bensebaini,Algeria,true
559077,Samuel Bastien,DR Congo,true
560109,Oskar Zawada,Poland U21,false
560117,Khaled Nar\u00e9y,Togo,true
560165,Samy Mmaee,Morocco,true
560410,Jan Elvedi,,false
560413,Arno Verschueren,Belgium U19,false
560506,Nikita Chernov,Russia,true
560584,Jordan Larsson,Sweden,true
560939,Jean Butez,,false
560945,M\u00ebrgim Vojvoda,Kosovo,true
560976,Janik Bachmann,,false
560990,Marco Komenda,,false
561043,Juan Lucero,,false
561046,Ruben Aguilar,France,true
561164,Lucas Boy\u00e9,Argentina,true
561198,Mouctar Diakhaby,Guinea,true
561199,Fahd Moufi,Morocco,true
561200,Christopher Martins,Luxembourg,true
561219,Emmanuel Boateng,Ghana,true
561561,Andrey Lunev,Russia,true
561619,Clint Leemans,Netherlands Under 22,true
561817,Mohamed Hamdaoui,,false
561869,Haris Belkebla,Algeria,true
562055,Dominik Reimann,Germany U20,false
562263,Dylan Mertens,,false
562593,Cameron Brannagan,,false
562688,Valent\u00edn Vada,,false
562719,Valentin Rongier,,false
562724,Lewis Cook,England,true
562725,Carlton Morris,England U19,false
562799,Joe Wildsmith,England U21,false
562801,Derrick Luckassen,Ghana,true
562892,Rico Henry,Jamaica,true
563069,Yann Bodiger,France Under 22,true
564571,Bingourou Kamara,Senegal,true
564613,Javier Correa,,false
564794,Jack Stacey,,false
564808,Dirk Abels,,false
564816,Kenneth Paal,Suriname,true
564818,Steven Bergwijn,Netherlands,true
564832,Ariel Lassiter,Costa Rica,true
564840,Eldar Civic,Bosnia and Herzegovina,true
564842,Cameron Burgess,Australia,true
564847,Viktor Tsigankov,Ukraine,true
564856,Francois Kamano,Guinea,true
565981,Justen Glad,USA,true
566112,Keno,,false
566158,Kevin Diks,Indonesia,true
566187,Ali Abdi,Tunisia,true
566252,Joaqu\u00edn Moya,,false
566408,Carlos Ponck,Cape Verde,true
566425,Domingos Duarte,Portugal,true
566467,Gil Dias,Portugal U21,false
566644,Chiquinho,,false
566678,Nicol\u00e1s Stefanelli,,false
566681,Birger Meling,Norway,true
568571,Joseph Gomez,England,true
568573,Matthew Clarke,,false
568577,Jake Cooper,England U19,false
568911,Jo\u00e3o Afonso,,false
570434,Diego Carlos,Brazil,true
570760,Reece Burke,England U19,false
571379,Marnon-Thomas Busch,,false
571457,Facundo Castelli,,false
571461,Cristian Pav\u00f3n,Argentina,true
571615,Unai L\u00f3pez,Spain U19,false
571685,Adri\u00e1n Marin,Spain U21,false
573465,Marvin Schw\u00e4be,Germany U21,false
573742,Jon Garc\u00eda,,false
573744,Nico Ratti,,false
573748,Jaime Mata,Spain,true
573780,Jorge S\u00e1enz,Spain U21,false
573782,Jairo Izquierdo,,false
574186,Agus Medina,,false
574200,Eric Bailly,Ivory Coast,true
574234,Hidde ter Avest,Netherlands U21,false
574448,Joe Lumley,,false
574623,Kenan Kodro,Bosnia and Herzegovina,true
574624,Enrique Barja,,false
574629,Alex Berenguer,,false
574631,Jes\u00fas Vallejo,Spain,true
574642,Ellyes Skhiri,Tunisia,true
574645,Mikel Merino,Spain,true
574662,Joan Jord\u00e1n,,false
574841,Lars-J\u00f8rgen Salvesen,,false
574923,Benjam\u00edn Kuscevic,Chile,true
575065,Jos\u00e9 Gomes,Portugal U17,false
575225,Gelson Martins,Portugal,true
575227,Giorgos Masouras,Greece,true
575229,H\u00e9ctor Hern\u00e1ndez,,false
575364,Alberto Grassi,Italy U21,false
575733,Cauly,,false
575735,Nicolas P\u00e9p\u00e9,Ivory Coast,true
575778,Saidy Janko,Gambia,true
575779,Andreas Pereira,Brazil,true
575780,Paddy McNair,Northern Ireland,true
575804,Harry Toffolo,England U19,false
575855,Michal Nalepa,,false
576118,Diogo Gon\u00e7alves,Portugal U21,false
576129,Patrick,,false
576165,Gabriel Jesus,Brazil,true
577635,Branco Ampuero,Chile,true
577904,Marko Jankovic,Montenegro,true
577911,Rolando Mandragora,Italy,true
577912,Alex Meret,Italy,true
577914,Daniele Sommariva,,false
577950,L\u00e9o Jardim,Brazil,true
578391,Ayrton Lucas,Brazil,true
578643,Jordan Morris,USA,true
578756,Deiver Machado,Colombia,true
579407,Agust\u00edn Far\u00edas,,false
579738,Luis Cang\u00e1,Ecuador,true
579747,Franck Kessi\u00e9,Ivory Coast,true
580591,Anuar,Morocco,true
580600,Fabrice Picault,Haiti,true
580604,Gerson,Brazil,true
580694,Dor Peretz,Israel,true
580864,Youssouf Oumarou,Niger,true
581131,Ibrahim Ciss\u00e9,,false
581132,Chris Bedia,Ivory Coast,true
581378,Ilia Lantratov,Russia,true
581546,Egor Sorokin,Russia,true
581563,Jo\u00e3o Pedro,Brazil U20,false
581723,Kevin Ram\u00edrez,,false
581918,Bayron Oyarzo,,false
581919,David Soria,,false
581920,William,Brazil,true
582276,Freddie Woodman,England U21,false
582414,Regan Poole,Wales,true
582499,Kieran Tierney,Scotland,true
582878,Juan Soriano,Spain U21,false
58294,Cristhian Stuani,Uruguay,true
583418,Ilzat Akhmetov,Russia,true
583601,Roland Sallai,Hungary,true
583657,Nick Olij,Netherlands,true
583659,Arturo Calabresi,Italy U21,false
584825,Ryan Hardie,Scotland U21,false
58484,D\u00e1vid Gr\u00f3f,Hungary,true
585237,Daniele Verde,Italy U21,false
585268,Lukas Boeder,Germany U19,false
585911,Luca Sosa,,false
586388,Aleksandr Golovin,Russia,true
586467,Karlan Grant,,false
586474,Kingsley Ehizibue,,false
586629,Ionut Nedelcearu,Romania,true
586719,Murilo,,false
586768,Guido Rodr\u00edguez,Argentina,true
588337,Jo\u00ebl Drommel,Netherlands,true
588562,Mihailo Ristic,Serbia,true
588687,Gianluca Mancini,Italy,true
589344,Renato Sanches,Portugal,true
589365,Nicol\u00e1s Araya,,false
589567,Taskin Ilter,Azerbaijan,true
589897,Cristian Espinoza,Argentina U23,false
590039,Yeimar G\u00f3mez,Colombia,true
590494,Umar Sadiq,Nigeria B,true
591529,Rayan Raveloson,Madagascar,true
591734,Dominic Solanke,England,true
592102,Moussa Niakhat\u00e9,Senegal,true
592412,Mat\u00edas Dituro,,false
592783,Enis Bardhi,North Macedonia,true
592909,Lucas Torreira,Uruguay,true
592910,Dimitrios Limnios,Greece,true
592922,Thiago Maia,Brazil U22,false
593116,Sofyan Amrabat,Morocco,true
593118,Denzel Dumfries,Netherlands,true
593129,Pere Milla,,false
594886,Florian Le Joncour,,false
595013,Stefan Knezevic,Switzerland U21,false
595138,Salvi S\u00e1nchez,,false
595768,Jorge Henr\u00edquez,,false
597678,Cedric Teuchert,Germany U23,false
597737,M\u00ebrgim Berisha,Germany,true
598355,Denis Zakaria,Switzerland,true
599353,Ch\u00e9 Adams,Scotland,true
600099,V\u00edctor,,false
600236,Florian Miguel,,false
600513,Silv\u00e8re Ganvoula,Congo,true
600524,Reinildo,Mozambique,true
600812,Ben Whiteman,,false
600818,Josh Vickers,,false
601145,Habibou Mouhamadou Diallo,Senegal,true
601605,Dodi,,false
601785,J\u00e9r\u00e9my Guillemenot,Switzerland U21,false
601990,Fredrik Pallesen Knudsen,Norway U21,false
602095,G\u00f6khan Sazdagi,Turkiye U21,false
602211,Seko Fofana,Ivory Coast,true
602261,Caglar S\u00f6y\u00fcnc\u00fc,Turkiye,true
602300,Jannik Dehm,Germany U19,false
602304,Nordi Mukiele,France,true
602523,Maximilian Eggestein,Germany,true
602563,Marcos Llorente,Spain,true
602837,Igor Leshchuk,Russia U21,false
602845,Emil Audero,Indonesia,true
602970,Hancel Batalla,,false
603320,Ramazan Civelek,Turkiye U19,false
603477,Cengiz \u00dcnder,Turkiye,true
603529,Semih G\u00fcler,,false
603537,Angeli\u00f1o,Spain U21,false
603669,Ugurcan \u00c7akir,Turkiye,true
603686,Omar Al Somah,Syria,true
603808,Jo\u00e3o Carvalho,Portugal U21,false
603953,Jeisson Vargas,Chile,true
604044,Junya Ito,Japan,true
604088,Thilo Kehrer,Germany,true
604089,Ainsley Maitland-Niles,England,true
604105,I\u00f1aki Williams,Ghana,true
604126,Giovani Lo Celso,Argentina,true
604330,Sebastiano Luperto,,false
604410,S\u00e9rgio Santos,,false
604783,Glen Kamara,Finland,true
604785,Alex Iwobi,Nigeria,true
604982,Ruben Loftus-Cheek,England,true
605224,Federico Dimarco,Italy,true
605252,Jonjoe Kenny,England U21,false
605260,Joe Williams,,false
605262,Kieran Dowell,England U21,false
605507,Andr\u00e9 Horta,Portugal U21,false
605643,Marek Rod\u00e1k,Slovakia,true
605647,Conor Chaplin,,false
605654,Fabi\u00e1n Ruiz,Spain,true
605858,Bilal Boutobba,France U19,false
607148,Aritz Elustondo,Spain U21,false
608535,Jerry Yates,,false
609504,Oliver Burke,Scotland,true
609505,Borja Iglesias,Spain,true
609516,Robin Le Normand,Spain,true
609529,Jimmy Mart\u00ednez,Chile,true
609733,Darnell Furlong,,false
609755,Kalvin Phillips,England,true
610184,Emiliano Buend\u00eda,Argentina,true
610267,Ben Pearson,England U19,false
610270,Callum Elder,Australia,true
610273,Witi,Mozambique,true
610500,Nicol\u00e1s Ram\u00edrez,Chile Under 23,true
610519,Jokin Ezkieta,,false
610694,Omar Carabal\u00ed,Chile,true
611223,Benjamin Pavard,France,true
611489,Ryan Hedges,Wales,true
611491,Andr\u00e9 Onana,Cameroon,true
611528,Angelo Fulgini,New Caledonia,true
611831,Jeremiah St. Juste,Netherlands,true
612096,Kevin M\u00e9ndez,Uruguay U20,false
612150,Dominic Calvert-Lewin,England,true
612180,Kayden Jackson,,false
612212,Assane Diouss\u00e9,Senegal,true
612267,Christopher Ibayi,Congo,true
612277,Lucas Tousart,France U23,false
612278,Mamadou Thiam,Senegal U20,false
612699,Florian Sotoca,,false
612747,Fr\u00e9d\u00e9ric Guilbert,France Under 22,true
612755,Davide Calabria,Italy,true
612836,Donny van de Beek,Netherlands,true
612863,Frank Anguissa,Cameroon,true
613182,Joe Rothwell,England U17,false
613251,Aschraf El Mahdioui,Morocco,true
613260,Jean-Luc Domp\u00e9,France Under 22,true
613262,Qazim La\u00e7i,Albania,true
613299,Maximiliano Romero,Argentina U20,false
613334,M'Bala Nzola,Angola,true
613714,Jordan Pefok,USA,true
613715,Olivier Boscagli,France U21,false
613892,Joe Ward,,false
614006,R\u00faben Dias,Portugal,true
614167,Joel Andersson,Sweden,true
614169,Gustav Berggren,Sweden,true
614176,Keshi Anderson,,false
614194,Sead Haksabanovic,Montenegro,true
614207,Maxime Lopez,France U21,false
614269,Samet Yal\u00e7in,,false
614384,Maximilian Mittelst\u00e4dt,Germany,true
614449,Nadiem Amiri,Germany,true
614459,Carlos Gonz\u00e1lez,Paraguay,true
614571,Matthias Bader,Germany U20,false
614574,Juninho Bacuna,Curacao,true
614602,Stijn Spierings,Netherlands U19,false
614834,Dani Olmo,Spain,true
614912,Marwane Saadane,Morocco,true
614923,Kevin Behrens,Germany,true
614956,Yuri Ribeiro,Portugal U21,false
614970,Tiquinho Soares,,false
615292,Andreas Helmersen,Norway U21,false
615411,Lawrence Ati-Zigi,Ghana,true
616170,Martin Erlic,Croatia,true
616528,Agust\u00edn Rossi,Argentina,true
616531,Javi Mu\u00f1oz,,false
616538,Alfonso Herrero,Spain U19,false
616539,Alex Remiro,Spain,true
616541,\u00d3scar Gil,Spain U17,false
616544,\u00cd\u00f1igo Lekue,Spain,true
616545,Mikel Vesga,,false
616768,Guido Vadal\u00e1,,false
616917,Nicolai Rapp,,false
617044,Florian Grillitsch,Austria,true
617220,Gonzalo Melero,,false
617308,Mourad Batna,Morocco,true
617310,Nayef Aguerd,Morocco,true
617763,Daniel Iversen,Denmark,true
617779,Ram\u00f3n Mart\u00ednez,Paraguay,true
618100,Abdulhadi Al Harajan,,false
618108,Abdulrahman Al Khaibary,,false
618146,Mansour Hamzi,Saudi Arabia,true
618180,Abdullah Al Salem,Saudi Arabia,true
618209,Abdullah Madu,Saudi Arabia,true
618211,Jumaan Al-Dosari,,false
618283,Saleh Al-Amri,Saudi Arabia,true
618398,Mohammed Marzouq Al Kuwaykibi,Saudi Arabia,true
618586,Mohammed Al Burayk,Saudi Arabia,true
618718,Bright Osayi-Samuel,Nigeria,true
618774,Christian Fassnacht,Switzerland,true
618860,Madallah Al Olayan,Saudi Arabia,true
618908,Fawaz Al Sagour,Saudi Arabia,true
618945,Anderson Naula,Ecuador Under 22,true
619365,Besard Sabovic,Sweden U21,false
619506,Mehdi Taremi,Iran,true
619513,Eldor Shomurodov,Uzbekistan,true
619824,Sultan Mandash,Saudi Arabia,true
620026,Hee-Chan Hwang,South Korea,true
620027,Xaver Schlager,Austria,true
620134,Kevin Nisbet,Scotland,true
620563,Philipp F\u00f6rster,,false
620618,Rodrigo Bentancur,Uruguay,true
620914,Koji Miyoshi,Japan,true
620917,Ko Itakura,Japan,true
621182,Rob Dickie,England U19,false
621415,Augusto Batalla,Argentina U20,false
621511,Matt Polster,USA,true
621515,Daichi Kamada,Japan,true
621554,Deybi Flores,Honduras,true
621559,Tim Parker,USA,true
621562,Marcus Thuram,France,true
621915,Earl Edwards Jr.,USA U17,false
621946,Cristian Roldan,USA,true
622091,Borna Sosa,Croatia,true
622137,Calvin Verdonk,Indonesia,true
622373,Josip Juranovic,Croatia,true
623145,Malte Amundsen,Denmark U21,false
623537,Ferland Mendy,France,true
623540,V\u00e1clav Cerny,Czechia,true
623621,Oleksandr Zinchenko,Ukraine,true
623698,In-Beom Hwang,South Korea,true
623716,Josh Cullen,Ireland,true
623742,Hamad Al Jayzani,Saudi Arabia,true
623982,Josan,,false
624166,Manuel Locatelli,Italy,true
624596,Georgiy Dzhikiya,Russia,true
624768,Ayrton Morales,,false
625091,Gerrit Holtmann,Philippines,true
625164,Olivier Kemen,Cameroon,true
625175,Grischa Pr\u00f6mel,Germany,true
625214,Noah Loosli,Switzerland U21,false
625340,Mauro Arambarri,Uruguay,true
625360,Nikita Haikin,Russia,true
625410,Israel Suero,,false
625797,Grigoris Kastanos,Cyprus,true
626667,Rob Holding,England U23,false
626890,Marius B\u00fclter,,false
627003,Guillermo Vallejo,,false
627016,Jack Walton,,false
627039,Lukas G\u00f6rtler,,false
627223,Daniel Agyei,Ghana,true
627490,Sergi Palencia,Spain U21,false
627499,V\u00e1clav Jurecka,Czechia,true
628201,Robin Koch,Germany,true
628310,Ado Onaiwu,Japan,true
629112,L\u00e1szlo B\u00e9nes,Slovakia,true
629493,Joris Kramer,,false
629562,Baris Atik,,false
629579,Mamadou Sylla,,false
629594,Alfonso Pedraza,Spain,true
629805,Ritsu Doan,Japan,true
629921,Nikolay Obolskiy,Russia U19,false
629924,Ryan Nyambe,Namibia,true
630036,Mateusz Lis,Poland U21,false
630102,D\u00e1niel Gazdag,Hungary,true
630168,Ignacio de Arruabarrena,Uruguay U23,false
630228,Fredrik Andr\u00e9 Bj\u00f8rkan,Norway,true
630278,Tobias Lauritsen,,false
630286,Andreas Hanche-Olsen,Norway,true
630366,Niklas Castro,Chile,true
630494,Mats Deijl,,false
630495,Luuk Brouwers,,false
631757,Egil Selvik,Norway,true
632305,Francisco Sierralta,Chile,true
632342,Jeff Reine-Ad\u00e9laide,France U21,false
632708,Emmanuel Mart\u00ednez,,false
632870,H\u00e5kon Evjen,Norway,true
632885,Felix Horn Myhre,Norway,true
632929,Mads Sande,Norway U19,false
633094,Jesper Daland,Norway,true
633617,Tomas Totland,Norway U20,false
633721,Nicholas Mickelson,Thailand,true
634110,Carlens Arcus,Haiti,true
634142,Vinko Sapina,,false
634287,Dmitri Barinov,Russia,true
634310,Vincent Sierro,Switzerland,true
634865,Christian Ramirez,USA,true
634868,Marlon Freitas,,false
635465,Morten Bj\u00f8rlo,,false
635772,Borja Mayoral,Spain U21,false
635947,Alfons Sampsted,Iceland,true
635964,Manuel Rivera,,false
636487,Raimundo Rebolledo,Chile Under 23,true
636565,Jon Bautista,,false
636570,\u00c1lvaro Odriozola,Spain,true
637281,Mohammed Al Baqawi,Saudi Arabia U23,false
637580,Carlos Eduardo,,false
637585,Matheuzinho,,false
637589,Lincoln,Brazil U17,false
637656,Lucas Perri,Brazil,true
637670,Matheus Pereira,Brazil U17,false
637716,Bernardo,,false
637718,Tch\u00ea Tch\u00ea,,false
637741,Pelle Clement,Netherlands U21,false
637744,Marcus Edwards,England U19,false
637745,Jonathan Ikon\u00e9,France,true
637746,Odsonne \u00c9douard,France U21,false
637749,Vangelis Pavlidis,Greece,true
637753,Felix Passlack,Germany U21,false
637754,Niklas Schmidt,Germany U19,false
637755,Ondrej Lingr,Czechia,true
637756,Carles Ale\u00f1\u00e1,Spain U21,false
638010,Isi Palaz\u00f3n,,false
638070,Luis Rioja,,false
638072,Kuki Zalazar,Spain U17,false
638084,Lukas Watkowiak,,false
638090,Luis Milla,,false
638091,Martin Jedlicka,Czechia,true
638120,Sergi Guardiola,,false
638622,Frenkie de Jong,Netherlands,true
638652,Pedro Rocha,,false
638734,Kevin V\u00e1zquez,,false
638736,Diego Alende,Spain U19,false
638772,Brian Mansilla,Argentina U20,false
638778,Bruno Henrique,Brazil,true
638782,David Duarte,,false
639061,Mateo Cassierra,Colombia,true
639133,Jos\u00e9 Arn\u00e1iz,,false
639140,Liberto,,false
639144,Rub\u00e9n Alcaraz,,false
639201,G\u00f6rkem Saglam,Turkiye U21,false
639384,Toni Villa,,false
639450,Yeray \u00c1lvarez,Spain,true
639454,Aitor C\u00f3rdoba,,false
639558,Amir Hadziahmetovic,Bosnia and Herzegovina,true
639580,Marcus Mathisen,Denmark U19,false
639671,Patrick Cutrone,Italy,true
639716,Son,,false
639767,Mart\u00edn Merquelanz,,false
639782,Iv\u00e1n M\u00e1rquez,,false
640089,Iv\u00e1n Alejo,Spain U19,false
640122,Brais M\u00e9ndez,Spain,true
640123,Toni Mart\u00ednez,Spain U17,false
640217,Jair Amador,,false
640220,Marc Roca,Spain U21,false
640225,Joan Sastre,,false
640231,Antonio Ra\u00edllo,,false
640238,Nacho Vidal,,false
640276,Isaac Carcel\u00e9n,,false
640279,Dinis Almeida,Portugal U20,false
640282,Qasem Lajami,Saudi Arabia,true
640284,Ali Lajami,Saudi Arabia,true
640292,Vincent Marchetti,,false
640492,Rafa Mir,Spain U23,false
640611,Joaquin Fern\u00e1ndez,Spain U17,false
640621,Vladimir Iljin,Russia,true
640642,Jack Hendry,Scotland,true
640668,Aleksei Tataev,Russia U21,false
640683,Aitor Bu\u00f1uel,Spain U21,false
640725,Curro S\u00e1nchez,Spain U17,false
640742,Kasper Dolberg,Denmark,true
641030,Georgi Melkadze,Russia,true
641052,Sofiane Bendebka,Algeria,true
641218,Rafael Barbosa,Portugal U21,false
641306,Jeisson Palacios,,false
641344,Anders Dreyer,Denmark,true
641595,Nikola Moro,Croatia,true
642153,Emir Karic,Bosnia and Herzegovina,true
642418,Marco Richter,Germany U23,false
642494,Chico,,false
642495,G\u00f6khan G\u00fcl,Germany U19,false
642528,Moritz Heyer,,false
642534,Jonas F\u00f6hrenbach,Germany U19,false
642536,Erik Wekesser,,false
642551,Aleix Garc\u00eda,Spain,true
642766,Mat\u00edas Vargas,Argentina,true
643168,Dorukhan Tok\u00f6z,Turkiye,true
643228,Alex Palmer,,false
643229,J\u00e9r\u00e9mie Boga,Ivory Coast,true
643231,Andre Green,England U19,false
643241,Maksim Kuzmin,Russia U17,false
643448,Kristijan Jakic,Croatia,true
643482,Derrick Etienne,Haiti,true
643533,Davinson S\u00e1nchez,Colombia,true
643537,Juan Otero,Colombia,true
643573,Nahitan N\u00e1ndez,Uruguay,true
643577,Marcelo Saracchi,Uruguay,true
643583,Shaq Moore,USA,true
643589,Cameron Carter-Vickers,USA,true
643635,Amir Murillo,Panama,true
643646,Diadie Samass\u00e9kou,Mali,true
643654,Fousseni Diabat\u00e9,Mali,true
643668,Mamadou Loum Ndiaye,Senegal,true
643690,Roman Yaremchuk,Ukraine,true
643709,Kelechi Iheanacho,Nigeria,true
643717,Taiwo Awoniyi,Nigeria,true
643724,Philipp Lienhart,Austria,true
643771,Jordan Lotomba,Switzerland,true
643998,Joseph Aidoo,Ghana,true
644459,Patson Daka,Zambia,true
644722,Bahadir \u00d6zt\u00fcrk,,false
644738,Vakoun Issouf Bayo,Ivory Coast,true
645107,Ianis Hagi,Romania,true
645142,Yasir Subasi,,false
645576,Kristijan Bistrovic,Croatia U21,false
645697,Ivan Prtajin,Croatia U19,false
647900,Mattias Svanberg,Sweden,true
648356,Yohei Takaoka,,false
648393,Tomoki Iwata,Japan,true
649945,Moatasem Al Musrati,Libya,true
649947,Teenage Lingani Hadebe,Zimbabwe,true
650009,Lucas Ramon,,false
650234,Arn\u00f3r Sigurdsson,Iceland,true
650616,Mathias Jensen,Denmark,true
651093,David Romney,,false
651435,Toma Basic,Croatia,true
651910,Dominik Greif,Slovakia,true
652295,Emir Sahiti,Kosovo,true
652618,Miroslav Bogosavac,Serbia,true
652954,Otar Kiteishvili,Georgia,true
652955,Saba Lobjanidze,Georgia,true
653592,Matheus,,false
653737,Kristijan Kahlina,Croatia U19,false
654044,Arthur,Brazil,true
654045,Lyanco,Brazil U23,false
654091,Grady Diangana,DR Congo,true
654632,Jos\u00e9 Cazares,,false
654892,Jos\u00e9 Quintero,Ecuador,true
654908,Richarlison,Brazil,true
655095,Isac Lidberg,Sweden,true
655294,Thiago Santos,,false
655524,D\u00e1niel Sall\u00f3i,Hungary,true
655575,Jacob Bruun Larsen,Denmark,true
655636,Oleksandr Zubkov,Ukraine,true
655696,Artem Dovbyk,Ukraine,true
656491,Rasmus Nicolaisen,Denmark,true
656495,Babajide David,,false
656526,David,,false
656530,Sergio C\u00f3rdova,Venezuela,true
656559,Dan Leon Glazer,Israel,true
656668,Anto Grgic,Switzerland,true
656669,Dario Marzino,,false
656683,Remo Arnold,Switzerland U21,false
657054,Joshua Mees,,false
657217,Mads Valentin Pedersen,Denmark,true
657504,Philipp Hercher,,false
657969,Alexander Barboza,,false
658135,Nicol\u00e1s Benedetti,Colombia,true
658222,Victor Edvardsen,Sweden,true
658240,C\u00e9dric Zesiger,Switzerland,true
658261,Juninho,,false
658423,Marvin Mehlem,Germany U19,false
658440,Tim Skarke,Germany U21,false
658444,Tom Baack,Germany U19,false
658455,Dmitriy Skopintsev,Russia,true
658510,Ivan Sergeyev,Russia,true
658539,Bruno Felipe,,false
658554,Dayot Upamecano,France,true
658770,Nicolas Schmid,Austria,true
659018,Mads Bech,Denmark,true
659047,Niklas Hauptmann,,false
659051,Tim Boss,,false
659092,Adrian Grbic,Austria,true
659094,Prince Owusu,Ghana,true
659201,Manu Garc\u00eda,Spain,true
659203,Jos\u00e9 Carlos Lazo,,false
659247,Mirlind Kryeziu,Kosovo,true
659272,Julian Ryerson,Norway,true
659462,Cristi\u00e1n Guti\u00e9rrez,Canada,true
659490,Gabriel Suazo,Chile,true
659493,Bryan Heynen,Belgium,true
659740,Jos\u00e9 Bizama,Chile,true
659742,Sandro Lauper,Switzerland,true
660010,Pedro Pereira,Portugal U21,false
660020,Eryin Sanhueza,Chile U17,false
660132,Pantelis Hatzidiakos,Greece,true
660136,Thomas Ouwejan,Netherlands U21,false
660148,Dzenis Burnic,Bosnia and Herzegovina,true
660165,Milot Rashica,Kosovo,true
660170,George Dobson,,false
660301,Donyell Malen,Netherlands,true
660314,Florian Ay\u00e9,France U19,false
660326,Matthieu Udol,,false
660327,Ibrahima Sissoko,Mali,true
660462,Pierre Lees-Melou,,false
660477,David Kiki,Benin,true
660483,Artyom Makarchuk,Russia,true
660625,Unai Sim\u00f3n,Spain,true
660777,Jonathan Ben\u00edtez,,false
660835,Mat\u00edas Fern\u00e1ndez,Chile,true
660846,Victor S\u00e1,,false
660887,Fabien Centonze,,false
661062,Luca Marseiler,,false
661519,Deniz Undav,Germany,true
661761,Riccardo Orsolini,Italy,true
662076,Youssef Bennasser,Morocco,true
662171,Aleksei Sutormin,Russia,true
662172,Nazim Sangar\u00e9,Turkiye,true
662194,Fabrizio Brignani,,false
662205,Manuel Lazzari,Italy,true
662428,Antonee Robinson,USA,true
662545,Ramiro Gonz\u00e1lez,,false
662604,George Edmundson,,false
662728,Jordan Thompson,Northern Ireland,true
662936,Ben Godfrey,England,true
664226,Pablo Rosario,Dominican Republic,true
664444,Takehiro Tomiyasu,Japan,true
664500,Viktor Gy\u00f6keres,Sweden,true
664528,Chima Okoroji,,false
664562,Gerrit Nauber,Germany U17,false
664587,Lassana Coulibaly,Mali,true
664644,C\u00e9sar Montes,Mexico,true
664764,Raheem Edwards,Canada,true
664804,Connor Krempicki,,false
664810,Benjamin K\u00e4llman,Finland,true
664826,Dael Fry,England U20,false
664866,Pius Dorn,,false
664954,Jean Meneses,Chile,true
664962,Denis Bouanga,Gabon,true
664964,Bruno Viana,,false
664970,Waldemar Anton,Germany,true
665164,Sam Lammers,Netherlands U21,false
665170,Etienne Vaessen,Suriname,true
665188,Albert Gudmundsson,Iceland,true
665319,Elhan Kastrati,Albania,true
666857,Yoane Wissa,DR Congo,true
666937,V\u00edtor Costa,,false
666950,Jo\u00e3o Correia,Cape Verde,true
666954,Chidozie Awaziem,Nigeria,true
66757,Luk\u00e1s Hr\u00e1decky,Finland,true
667788,Benedikt Gimber,Germany U20,false
667790,Suat Serdar,Germany,true
667952,Samu,,false
667962,Rodrigo Pinho,,false
667964,Victor Braga,,false
668307,Amadou Diawara,Guinea,true
668422,Anthony Ralston,Scotland,true
668727,Jorge Fernandes,Portugal U21,false
668793,Svante Ingelsson,Sweden U21,false
670006,Llu\u00eds L\u00f3pez,Spain U17,false
670009,Dimitrios Giannoulis,Greece,true
670029,Lander Olaetxea,,false
670030,I\u00f1igo C\u00f3rdoba,Spain U21,false
670031,Asier Villalibre,Spain U19,false
670395,Rico Preissinger,Germany U17,false
670415,Abdulelah Al Malki,Saudi Arabia,true
670885,Ali Al-Bulayhi,Saudi Arabia,true
670893,Riyadh Sharahili,Saudi Arabia,true
670928,Giuseppe Pezzella,Italy U21,false
670931,Amin Al Bukhari,Saudi Arabia,true
670933,Saeed Al Hamsal,,false
670948,Arthur Cabral,Brazil,true
671159,Olivier Ntcham,Cameroon,true
671203,Mario Hermoso,Spain,true
671261,Abdulaziz Al Bishi,Saudi Arabia,true
671289,Abdulrahman Al Obaid,Saudi Arabia,true
671290,Ali Abdullah Hazzazi,Saudi Arabia,true
671295,Mohammed Al-Khabrani,Saudi Arabia,true
671326,Nuno da Costa,Cape Verde,true
671327,Sherel Floranus,Curacao,true
671331,Leon Bailey,Jamaica,true
671518,Harry Souttar,Australia,true
671529,Konstantinos Tsimikas,Greece,true
671595,\u00c1lvaro Lemos,,false
671606,Lima,,false
671686,Aleix Febas,Spain U17,false
671705,Vitor Bueno,,false
671855,Fran Navarro,Spain U17,false
671865,Santi Comesa\u00f1a,,false
671899,Kobamelo Kodisang,South Africa,true
671961,Douglas Augusto,Brazil U23,false
672365,Peter Olayinka,Nigeria,true
672469,Ben Chilwell,England,true
672484,Connor Ronan,Ireland,true
672487,Corey Blackett-Taylor,,false
672721,P\u00eap\u00ea,Portugal U21,false
672840,Luiz Felipe,Italy,true
672994,Luis Segovia,Ecuador,true
672995,Jimmy Mar\u00edn,Costa Rica,true
673045,Maurice Neubauer,,false
673356,Pablo Maffeo,Argentina,true
673432,Sirlord Conteh,,false
673689,Pepelu,Spain,true
673749,Miguel Cardoso,,false
673854,Christian Bassogog,Cameroon,true
673937,Sergi Can\u00f3s,Spain U19,false
674009,Chiedozie Ogbene,Ireland,true
674014,David Brooks,Wales,true
674070,Konstantin Savichev,Russia U21,false
674228,Jefferson Intriago,Ecuador,true
674242,Budu Zivzivadze,Georgia,true
674492,Jos\u00e9 Matos,,false
674499,Niklas Dorsch,Germany U21,false
674515,Timoth\u00e9 Cognat,France U19,false
674518,Toni Lato,Spain U21,false
675023,Danel Sinani,Luxembourg,true
675088,Rodri,Spain,true
675095,Mario Gonz\u00e1lez,Spain U17,false
675280,Henry Onyekuru,Nigeria,true
675327,Pasquale Mazzocchi,Italy,true
675358,Joao Rojas,Ecuador,true
675600,Aitor Cantalapiedra,,false
675762,Ajdin Hrustic,Australia,true
676470,L\u00e9o,,false
676504,Ilias Chair,Morocco,true
676517,Jos\u00e9 Corpas,,false
676533,Aitor Ruibal,,false
676625,Allan,Brazil U20,false
677451,David Tijanic,Slovenia,true
678043,Cayman Togashi,Japan U23,false
678162,Torge Paetow,,false
678192,Jon Guridi,,false
678234,Mikel Oyarzabal,Spain,true
678241,Pablo Sisniega,,false
678384,Silvan Hefti,Switzerland U21,false
678629,Zelimkhan Bakaev,Russia,true
678812,Efkan Bekiroglu,,false
679101,Neophytos Michael,Cyprus,true
679315,Macaulay Gillesphey,,false
679873,Renato Kayzer,,false
680011,Bart Nieuwkoop,Netherlands U21,false
680031,Pedro Chirivella,Spain U17,false
680326,Waled Al-Enazi,,false
680372,Abdelkader Bedrane,Algeria,true
680905,Jamiro Monteiro,Cape Verde,true
681213,Ionut Radu,Romania,true
681383,Benjamin Henrichs,Germany,true
681588,Nicol\u00e1s Dibble,,false
681619,Eric Curbelo,,false
682385,Timo H\u00fcbers,,false
682539,Ali Kabacalman,,false
682548,Ola Aina,Nigeria,true
683355,S\u00e6var Atli Magnusson,Iceland,true
683402,Tosin Adarabioyo,,false
683450,Pablo Fornals,Spain,true
683473,Kelvin Amian,France U21,false
683476,Mathieu Cafaro,,false
683709,Bruno Rodrigues,,false
683761,Javi S\u00e1nchez,,false
683762,Sergio Herrera,,false
683834,L\u00e9on Bell,Cameroon,true
684745,Jos\u00e9 Angulo,Ecuador,true
684938,Nicolas Janvier,France U19,false
684981,Aar\u00f3n Mart\u00edn,Spain U21,false
684983,Atakan Karazor,Turkiye,true
684991,Braian Cufr\u00e9,,false
68512,Javier B\u00e1ez,,false
685833,Oscar Dorley,Liberia,true
686102,Yann Karamoh,France U19,false
686112,Fabian Schleusener,,false
686315,Phillip Tietz,,false
686460,Santiago Colombatto,Argentina Under 22,true
687106,Fatih Kurucuk,Turkiye U21,false
687115,Erhan Erent\u00fcrk,,false
687119,Ruslan Magal,,false
687151,Aleksandr Filin,,false
687306,Emmanuel Iyoha,Germany U20,false
687496,Thaciano,,false
687568,Lucas Ahijado,,false
687681,Victor Osimhen,Nigeria,true
687808,Dani Fern\u00e1ndez,,false
687868,Jeffrey De Lange,Netherlands U21,false
68813,Przemyslaw Tyton,Poland,true
688271,Auston Trusty,USA,true
688273,Vitaly Janelt,Germany U21,false
688278,Pervis Estupin\u00e1n,Ecuador,true
688287,Fedor Chalov,Russia,true
688295,Christian Pulisic,USA,true
688296,Brandon V\u00e1zquez,USA,true
688297,Luka Ivanusec,Croatia,true
688300,Samuel Chukwueze,Nigeria,true
688353,K\u00e9vin N'Doram,,false
688667,Camilo Moya,Chile Under 23,true
688668,Josip Brekalo,Croatia,true
688830,Amadou Haidara,Mali,true
688876,Dodi Luk\u00e9bakio,Belgium,true
688989,Borja S\u00e1nchez,,false
688991,Casper de Norre,Belgium U21,false
689050,Morlaye Sylla,Guinea,true
689051,Arthur,Brazil U17,false
689065,Alexis Claude-Maurice,France U21,false
689080,Luiz\u00e3o,,false
689302,Ben Sheaf,,false
689414,Nikolay Kalinskiy,Russia U19,false
689418,Yuriy Dyupin,Russia,true
689434,Kirill Zaika,Russia,true
689680,Jens Odgaard,Denmark U21,false
689903,Juan Nazareno,Ecuador U20,false
689987,Jakub Piotrowski,Poland,true
690096,Mois\u00e9s,,false
690107,Alexander Isak,Sweden,true
690119,Pierre-Yves Hamel,,false
690149,Axel Tuanzebe,DR Congo,true
690207,Roberts Uldrikis,Latvia,true
690223,Rodrigo Abascal,,false
690230,Lautaro Mart\u00ednez,Argentina,true
690233,Iv\u00e1n Molinas,,false
690302,Rick van Drongelen,Netherlands U23,false
690362,Ronaldo,,false
690411,S\u00e9kou Ko\u00efta,Mali,true
690516,Ademola Lookman,Nigeria,true
692810,Yhoan Andzouana,Congo,true
692973,Noah-Joel Sarenren-Bazee,Nigeria,true
692984,Ousmane Demb\u00e9l\u00e9,France,true
693171,Ludovic Blas,France U20,false
693575,Dan Scarr,,false
693599,Exequiel Palacios,Argentina,true
693678,Wout Faes,Belgium,true
693736,Unai Elgezabal,,false
694060,Meschack Elia,DR Congo,true
694558,Dominic Hyam,Scotland,true
695062,Javi Gal\u00e1n,,false
695067,Mattias K\u00e4it,Estonia,true
695405,Herv\u00e9 Koffi,Burkina Faso,true
696263,Romain Del Castillo,France U21,false
696365,Marcus Rashford,England,true
696433,Fabian Reese,Germany U20,false
696435,Jan Bamert,Switzerland U21,false
696443,Issa Diop,Morocco,true
696449,Javi Ontiveros,Spain U19,false
696646,Axel Disasi,France,true
696648,Carlos Pomares,,false
696679,Raphinha,Brazil,true
697190,J\u00e9r\u00e9my Livolant,France U19,false
697618,Alaa Hajji,Saudi Arabia,true
698273,Alban Lafont,Ivory Coast,true
698653,Igor Zubeldia,Spain U21,false
699461,Jean-Victor Makengo,France U21,false
699694,Lucas Ver\u00edssimo,Brazil,true
700074,Jordan Torunarigha,Nigeria,true
700683,Ross McCrorie,Scotland,true
701149,Maximilian W\u00f6ber,Austria,true
701154,Kylian Mbapp\u00e9,France,true
702375,Ziyad Al Sahafi,Saudi Arabia,true
703044,Landry Dimata,Belgium,true
704019,Agust\u00edn Sant'Anna,Uruguay,true
704138,Abd\u00fclkadir \u00d6m\u00fcr,Turkiye,true
704151,Arnaut Danjuma,Netherlands,true
704523,Christopher Nkunku,France,true
704664,Adil Demirbag,Turkiye U20,false
704917,Rodrigo Escoval,,false
705450,Jules Kound\u00e9,France,true
705484,Eray C\u00f6mert,Switzerland,true
706297,Jean-Philippe Mateta,France,true
706500,Steffen Tigges,,false
707538,Abdullah Yigiter,,false
707668,Umut Meras,Turkiye,true
707777,Irfan Egribayat,Turkiye U21,false
707970,Djibril Sow,Switzerland,true
708435,Ga\u00ebtan Perrin,,false
708457,L\u00e9o P\u00e9trot,,false
708890,Carlos Soler,Spain,true
709148,Lewie Coyle,,false
709734,Mitchell van Bergen,Netherlands U21,false
709796,Petar Musa,Croatia,true
710158,James Justin,England,true
710807,Jonathan Montiel,Spain U19,false
711074,Guilherme Ramos,,false
711231,Gorka Guruzeta,,false
711357,Ethan Pinnock,Jamaica,true
712040,Bahadir Han G\u00fcng\u00f6rd\u00fc,,false
712070,Fatih Aksoy,Turkiye U20,false
712132,Mortadha Ben Ouanes,Tunisia,true
712737,Paul Smyth,Northern Ireland,true
714418,Juanpe,,false
715069,Pedro D\u00edaz,,false
715281,Yakou M\u00e9\u00eft\u00e9,Ivory Coast,true
715301,Jonathan Clauss,France,true
715303,Marc Gual,Spain U21,false
715347,Grego Sierra,,false
715610,Ibrahim Sissoko,Mali,true
716424,Brendan Hines-Ike,,false
716687,Joe Worrall,England Under 18,true
716852,Callum Brittain,,false
717021,Rub\u00e9n Alves,,false
717174,Joe Rodon,Wales,true
717176,Daniel James,Wales,true
717557,Levi Garc\u00eda,Trinidad and Tobago,true
718867,Melih Kabasakal,,false
719018,Kubilay Kanatsizkus,Turkiye U20,false
719055,Panagiotis Retsos,Greece,true
719063,Manu Vallejo,Spain U21,false
719219,Konstantinos Mavropanos,Greece,true
719360,Nemanja Radonjic,Serbia,true
719581,Zak Vyner,Kenya,true
720074,Salvador Cordero,,false
720560,Juli\u00e1n Qui\u00f1ones,Mexico,true
720649,Nicholas Pierini,Italy U19,false
721089,Gianluca Scamacca,Italy,true
721091,Finn Porath,Germany U17,false
721533,Justin Bijlow,Netherlands,true
722207,Rasmus Kristensen,Denmark,true
722259,Sultan Al-Ghanam,Saudi Arabia,true
722741,Josh Tymon,England Under 18,true
722778,Ferro,Portugal,true
722830,Eneko Jauregi,,false
723480,Daniel R\u00edos,Mexico U20,false
723564,Igor Silva,,false
723682,Agust\u00edn Bouzat,,false
724196,Danilho Doekhi,Netherlands U21,false
724306,Yves Bissouma,Mali,true
724368,Keinan Davis,,false
724371,Theo Hern\u00e1ndez,France,true
724436,Sergio Reguil\u00f3n,Spain,true
724809,Germ\u00e1n Rivero,,false
724909,Radoslaw Majecki,Poland,true
724948,Ondrej Karafi\u00e1t,Czechia,true
725226,Abdulrahman Al-Dosari,Saudi Arabia,true
725398,Mathias Pereira Lage,Portugal U21,false
72541,C\u00e9sar Azpilicueta,Spain,true
725462,Ivan Nevistic,Croatia U21,false
725579,Marcelo Ortiz,,false
725655,Nikola Katic,Bosnia and Herzegovina,true
726207,Rifat Zhemaletdinov,Russia,true
726261,Franco Troyansky,,false
726345,Nahuel Molina,Argentina,true
72665,Maya Yoshida,Japan,true
726692,Marcel Hartel,Germany U21,false
726948,Bernard Tekpetey,Ghana,true
726956,Cedric Itten,Switzerland,true
727165,Hannes Wolf,Austria,true
727379,Lazar Carevic,Montenegro,true
727586,Jorge S\u00e1nchez,Mexico,true
727817,Koki Machida,Japan,true
727837,Koki Ogawa,Japan,true
727841,Miki Yamane,Japan,true
727897,D\u00e1vid Hancko,Slovakia,true
728123,Hamza Choudhury,Bangladesh,true
728290,Kevin Mac Allister,Argentina,true
728765,Daizen Maeda,Japan,true
728928,Nikita Medvedev,Russia U21,false
729088,Jhegson M\u00e9ndez,Ecuador,true
729089,Byron Castillo,Ecuador,true
729093,Math\u00edas Olivera,Uruguay,true
729181,Stanislav Ivanov,Bulgaria,true
729189,Giovanni Gonz\u00e1lez,Uruguay,true
729192,Majed Omar Kanabah,Saudi Arabia U23,false
729473,Keegan Rosenberry,,false
729506,Richie Laryea,Canada,true
729721,Jake Clarke-Salter,England U21,false
729733,Andre Dozzell,England Under 18,true
729769,Tyler Adams,USA,true
729772,Alex Muyl,USA U20,false
729983,Fabian Herbers,,false
729988,Matt Turner,USA,true
73024,Francesco Acerbi,Italy,true
730901,Yangel Herrera,Venezuela,true
731036,St\u00e9phane Diarra,,false
731291,Aleksandr Lomakin,Russia U17,false
731584,Maksim Osipenko,Russia,true
731600,Idrissa Tour\u00e9,Germany U19,false
731652,Ahmet Sagat,,false
73167,Henrikh Mkhitaryan,Armenia,true
732103,Adam Jakobsen,,false
732282,Trinc\u00e3o,Portugal,true
732294,Maycon,Brazil U23,false
733486,Riley McGree,Australia,true
733965,Joel Felix,Denmark U19,false
734042,Kyle Walker-Peters,England,true
734062,Bruno Miranda,Bolivia,true
734063,Arne Sicker,,false
73409,\u00d8rjan H\u00e5skjold Nyland,Norway,true
734285,Jan Hendrik Marx,,false
734287,Alexander Bah,Denmark,true
736098,Peter Etebo,Nigeria,true
737061,Jesper Karlsson,Sweden,true
737444,Amath Ndiaye,,false
737857,Dusan Vlahovic,Serbia,true
737974,Hugo Cuypers,Belgium U19,false
738046,Jacob Lungi S\u00f8rensen,Denmark U21,false
738064,Salih \u00d6zcan,Turkiye,true
740161,David Okereke,Nigeria,true
740171,Kasey Palmer,Jamaica,true
740944,Leo \u00d8stigard,Norway,true
740997,Ghislain Konan,Ivory Coast,true
741049,Eljif Elmas,North Macedonia,true
741084,Daniil Fomin,Russia,true
741117,Mingiyan Beveev,Russia,true
741397,Jens Petter Hauge,Norway,true
741434,Pedro Pacheco,Portugal U20,false
741561,Erik Botheim,Norway,true
742405,Tom Davies,England U21,false
742481,Aleksandar Maksimenko,Russia,true
742642,Christian Moreno,,false
743192,Junior Firpo,Dominican Republic,true
743468,Timi Max Elsnik,Slovenia,true
743533,Federico Valverde,Uruguay,true
743534,Diego Rossi,Uruguay,true
743536,Germ\u00e1n Berterame,Mexico,true
743720,Charles Pickel,DR Congo,true
744494,Gabriel Gudmundsson,Sweden,true
744599,Nicol\u00e1s Leguizam\u00f3n,,false
744907,Greg Taylor,Scotland,true
745212,Sergi Maestre,,false
745912,Stef\u00e1n Th\u00f3rdarson,Iceland,true
746015,Majid Hosseini,Iran,true
746395,Aaron Ramsdale,England,true
746406,Scott Twine,,false
746794,Lukas M\u00fchl,,false
747079,Adrian Semper,Croatia U21,false
747718,Christoph Baumgartner,Austria,true
747765,Sam Schreck,Germany U19,false
747767,Lo\u00efs Openda,Belgium,true
747785,Gedson Fernandes,Portugal,true
747926,Moise Kean,Italy,true
748378,Jordi Mboula,Spain U19,false
748380,Abel Ruiz,Spain,true
748381,Joel Asoro,Sweden,true
748382,Reiss Nelson,England U21,false
748405,Ronaldo Vieira,Guinea-Bissau,true
748456,Sam Field,England U20,false
748620,Alessio Castro-Montes,,false
748856,Callum Styles,Hungary,true
74931,Dami\u00e1n D\u00edaz,Ecuador,true
749484,Quina,Portugal U20,false
749488,Romano Schmid,Austria,true
749491,Dejan Joveljic,Serbia,true
749500,Marco Meyerh\u00f6fer,,false
749564,Fraser Hornby,Scotland U21,false
749648,Attila Szalai,Hungary,true
749661,Tammy Abraham,England,true
749662,Fikayo Tomori,England,true
749736,Kai Havertz,Germany,true
749834,John Victor,Brazil,true
750026,Dylan Vente,Suriname,true
750027,Brahim D\u00edaz,Morocco,true
750028,Fran Garc\u00eda,Spain,true
750030,Andrea Pinamonti,Italy,true
750031,Pol Lozano,Spain U21,false
750032,Mason Mount,England,true
750033,George Hirst,Scotland,true
750046,Fabr\u00edcio Bruno,Brazil,true
750049,Lucas Fran\u00e7a,,false
750053,Fl\u00e1vio,,false
750056,L\u00e9o Duarte,,false
750063,Neris,,false
750067,Pedro,Brazil,true
750084,Perotti,,false
750187,Dogukan Sinik,Turkiye,true
750473,V\u00e1clav Jemelka,Czechia,true
750596,Bradley Mazikou,Congo,true
750734,Dod\u00f4,Brazil,true
750880,Ardian Ismajli,Albania,true
750913,Luiz Ara\u00fajo,,false
750922,Artur,,false
751010,Gonzalo Escobar,,false
751057,Francis Mac Allister,,false
751066,Tahith Chong,Curacao,true
751198,Nicol\u00e1s de la Cruz,Uruguay,true
751202,Alphonso Davies,Canada,true
751235,Luiz Fernando,,false
751550,Diogo Dalot,Portugal,true
751649,Jack Harrison,England U21,false
751998,Omar Alderete,Paraguay,true
752558,Zan Celar,Slovenia,true
75307,Dani Parejo,Spain,true
753593,Marc\u00e3o,,false
753724,Viti,,false
754126,Kevin Danso,Austria,true
754373,Bruno Pacheco,,false
754504,Artur,Brazil,true
754583,Kyle Smith,,false
754621,Ma\u00ebl Corboz,,false
756255,L\u00e9o Santos,Brazil U20,false
759096,Sebastian Gr\u00f8nning,,false
759097,Joakim M\u00e6hle,Denmark,true
759276,Rodrigues,,false
759563,Marc Bola,,false
759566,Joshua Dasilva,England U21,false
759567,Vlad Dragomir,Romania,true
759580,Stephy Mavididi,England U19,false
759801,Callum O'Hare,,false
759808,Mukhtar Sheik,Saudi Arabia,true
759814,Jay Dasilva,Wales,true
759817,Miro Muheim,Switzerland,true
759823,Ik\u00e9 Ugbo,Canada,true
760320,Aaron Wan-Bissaka,DR Congo,true
760329,Nathan Broadhead,Wales,true
760359,Harvey Barnes,England,true
760398,C\u00e9dric Kipr\u00e9,Ivory Coast,true
760400,Elliott Moore,England Under 18,true
760712,Trent Alexander-Arnold,England,true
760715,Ovie Ejaria,England U20,false
760722,Kamil Grabara,Poland,true
760745,Paolo Fernandes,,false
760746,Angus Gunn,Scotland,true
760747,Kjetil Haug,Norway U19,false
760752,Arijanet Muric,Kosovo,true
761687,Darko Todorovic,Bosnia and Herzegovina,true
761784,Nazmi Gripshi,Albania,true
761834,Oliver Rathbone,,false
762028,Ylber Ramadani,Albania,true
762721,Lovro Majer,Croatia,true
763151,Guilherme Augusto,,false
763214,Jonathan Levi,Sweden,true
763313,Erhan Masovic,Serbia,true
763386,Luan Peres,,false
763952,Will Mannion,England U19,false
763970,Valentin Rosier,France U21,false
763974,Gauthier Hein,,false
763990,Amara Cond\u00e9,Germany U20,false
763998,Bakery Jatta,Gambia,true
764018,Gregor Kobel,Switzerland,true
764262,Jostin Alman,,false
764455,Janner Corozo,Ecuador,true
764456,Jhonny Qui\u00f1\u00f3nez,Ecuador,true
764507,Florian Neuhaus,Germany,true
764775,Lamine Fomba,France U17,false
764841,Houboulang Mendes,Guinea-Bissau,true
765158,Alimami Gory,,false
765198,Andrey Mostovoy,Russia,true
765238,Aleksey Gritsaenko,,false
765466,Sebastian Szymanski,Poland,true
765563,Scott Wharton,,false
765580,Dmitri Chistyakov,Russia,true
765693,Orel Mangala,Belgium,true
765908,Kwadwo Duah,Switzerland,true
765998,Amos Pieper,Germany U23,false
766062,Michele Di Gregorio,Italy,true
766159,Jordy Caicedo,Ecuador,true
766160,Kady Malinowski,,false
766435,Lucas Paquet\u00e1,Brazil,true
766574,Yehvann Diouf,Senegal,true
766606,Erik Prekop,Slovakia,true
766622,Michael Johnston,Ireland,true
766697,Aleksandr Rudenko,Russia,true
766814,Ofri Arad,Israel,true
766868,Deyovaisio Zeefuik,Suriname,true
766935,Cl\u00e9ment Michelin,France U23,false
766957,Luis P\u00e9rez,,false
767013,Antoine Bernede,France U19,false
767014,R\u00e9my Descamps,,false
767173,Jimmy Dunne,Ireland,true
767256,Jacob Rasmussen,Denmark,true
767713,Guga,Portugal U19,false
767716,Aur\u00e9lio Buta,Portugal U20,false
767730,Stefan Schimmer,,false
767738,Callum Lang,,false
767789,Marco Friedl,Austria,true
767790,Felix G\u00f6tze,Germany U19,false
767793,Timothy Tillman,USA,true
767800,Felix Uduokhai,Germany,true
768118,Blaz Kramer,Slovenia,true
768169,Phil Neumann,Germany U20,false
768266,Ross Sykes,,false
768325,Jordan Storey,,false
768331,Igor Julio,,false
768389,Cleiton,Brazil U23,false
768474,Mile Svilar,Serbia,true
768505,Daan Heymans,,false
768635,Lyndon Dykes,Scotland,true
768697,Jordan Williams,England U17,false
769166,Jean-Ricner Bellegarde,Haiti,true
769167,Enzo Ebosse,Cameroon,true
769334,Yoan Severin,France U20,false
769335,Pol Lirola,Spain U21,false
769349,Evgen Cheberko,Ukraine,true
769525,Caio Henrique,Brazil,true
769644,Abdelhamid Sabiri,Morocco,true
769648,Kevin O'Toole,Ireland,true
769769,Z\u00e9 Ivaldo,,false
769895,Matthijs de Ligt,Netherlands,true
769928,Tristan Muyumba,France U17,false
769932,Brighton Labeau,Martinique,true
769955,Dominik Fitz,Austria U21,false
770038,Vasilije Janjicic,Switzerland U21,false
770136,Martin Terrier,France U21,false
770256,Conor Coventry,Ireland,true
770267,Ben Johnson,England U21,false
770277,Silvan Sidler,Switzerland U21,false
770306,Dylan Chambost,,false
770321,Mahdi Camara,,false
770328,Na\u00efs Djouahra,,false
770340,Arnaud Nordin,France U23,false
770402,Siebe Horemans,Belgium U17,false
770566,Leon Jensen,,false
770880,Luca Zidane,Algeria,true
770881,Achraf Hakimi,Morocco,true
770958,Egor Golenkov,,false
770998,Ryan Porteous,Scotland,true
771294,Isma\u00efla Sarr,Senegal,true
771401,Anthony Caci,France U23,false
771494,Kyle Duncan,Jamaica,true
771630,Gideon Mensah,Ghana,true
771686,Dylan Bronn,Tunisia,true
771894,Juan Leiva,Chile,true
771903,Mario Brice\u00f1o,,false
772005,Maxim Leitsch,Germany U21,false
772038,Sebasti\u00e1n D\u00edaz,Chile U20,false
772080,Tom\u00e1s Alarc\u00f3n,Chile,true
772104,Jerdy Schouten,Netherlands,true
772168,Josep Mart\u00ednez,Spain,true
772193,Ragnar Ache,Germany U23,false
772541,Ivan Oblyakov,Russia,true
773062,Ga\u00efus Makouta,Congo,true
773122,Denis Adamov,Russia,true
773189,Tanguy Ndomb\u00e9l\u00e9,France,true
773229,\u00c9douard Mendy,Senegal,true
773438,Dario Saric,Bosnia and Herzegovina,true
773507,Janus Vivar,Ecuador Under 22,true
773519,Christoph Daferner,,false
773831,Philippe Sandler,Netherlands U21,false
773991,Ryan Sessegnon,England U21,false
774237,Willum Willumsson,Iceland,true
774332,Nathan Baxter,,false
774716,Michele Collocolo,,false
774947,Guus Til,Netherlands,true
775246,Mads Emil Madsen,Denmark U21,false
775266,Charles,,false
775355,Gustavo Hamer,,false
775539,Noussair Mazraoui,Morocco,true
775614,Ryan Yates,,false
775666,Odysseus Velanas,Netherlands U19,false
776151,Ben White,England,true
776159,Ross Stewart,Scotland,true
776184,Brandon Thomas-Asante,Ghana,true
776299,Houssem Aouar,Algeria,true
776576,Felipe Villagr\u00e1n,,false
776580,Luquinhas,,false
776584,Pedro Amaral,Portugal U21,false
776591,Abdul Mumin,Ghana,true
776594,Victor Nelsson,Denmark,true
776606,Bernardo Martins,,false
77690,S\u00e9amus Coleman,Ireland,true
776940,Christian Kouam\u00e9,Ivory Coast,true
776972,Wenderson Galeno,Brazil,true
777028,Andr\u00e9 Almeida,Portugal U21,false
777035,Lu\u00eds Maximiano,Portugal U20,false
777038,Bruno Tabata,Brazil U22,false
777054,Leandro Antunes,,false
777063,Dmitri Vorobyov,Russia,true
777103,Berkay \u00d6zcan,Turkiye,true
780244,Bander Al-Mutairi,Saudi Arabia,true
780418,Luca de la Torre,USA,true
780815,Amine Harit,Morocco,true
780816,Giannis Kotsiras,Greece,true
780818,Akin Famewo,,false
782194,Ga\u00ebl Ondoua,Cameroon,true
782361,Christopher Antwi-Adjej,Ghana,true
782363,Daniel Popa,Romania U21,false
782502,Malang Sarr,France U23,false
782557,Sam Kersten,,false
782561,Koen Kostons,,false
782701,Haralambos Makridis,,false
782705,Liam Scales,Ireland,true
782782,Keaton Parks,USA,true
783505,Edson \u00c1lvarez,Mexico,true
783585,Emmanuel Latte Lath,Ivory Coast,true
783699,Jos\u00e9 Antonio Caro,,false
783806,Deian Sorescu,Romania,true
784146,Moritz Nicolas,Germany U20,false
784175,Luka Lochoshvili,Georgia,true
784178,Giorgi Zaria,Georgia,true
784225,Raphael Obermair,Philippines,true
784238,Gen\u00eds Montolio,,false
784241,Manu Morlanes,Spain U21,false
784246,Dani Raba,,false
784448,Thibault De Smet,Belgium U21,false
784510,Federico Chiesa,Italy,true
784735,Luca Pfeiffer,,false
784824,Alexandros Katranis,Greece U21,false
784834,Jorge Carrascal,Colombia,true
784847,Giannis Papanikolaou,Greece,true
784876,Enea Mihaj,Albania,true
785377,Aiden O'Neill,Australia,true
785508,Jacobo Gonz\u00e1lez,,false
785511,Fran Beltr\u00e1n,Spain,true
785536,Mamadou Fofana,Mali,true
785716,Jovane Cabral,Cape Verde,true
785739,Timo Becker,,false
785808,Anton Zinkovskiy,Russia,true
786580,Marshall Munetsi,Zimbabwe,true
786630,Iv\u00e1n Villar,Spain U23,false
787092,Jorge Segura,Colombia U20,false
787127,Etienne Amenyido,Togo,true
787242,Evan N'Dicka,Ivory Coast,true
787258,Sergio Ruiz,,false
787350,Douglas Luiz,Brazil,true
787351,Evander Ferreira,Brazil U17,false
787440,Lucas Robertone,Argentina U23,false
788496,Anton Donkor,,false
788555,Youssef En-Nesyri,Morocco,true
78871,Evgeni Frolov,,false
789046,Franco Negri,,false
789066,Cristian Romero,Argentina,true
789068,Esequiel Barco,Argentina U23,false
789119,Arnaldo Castillo,,false
789243,Youssef Maleh,Morocco,true
789507,Jack Taylor,Ireland,true
789509,Gabriel Osho,Nigeria,true
789544,Sergio Molina,,false
789547,Joe Rankin-Costello,,false
789556,Lewis Travis,,false
789558,Andrew Fisher,,false
789567,Steven Alzate,Colombia,true
789574,Jayson Molumby,Ireland,true
789578,Dara O'Shea,Ireland,true
789585,Marcus Forss,Finland,true
789590,Ben Killip,,false
789593,Todd Cantwell,England U21,false
789596,Yan Valery,Tunisia,true
789598,Alfie Jones,Canada,true
789630,Marcus Tavernier,England U20,false
789638,Mustapha Bundu,Sierra Leone,true
789645,Emil Riis Jakobsen,Denmark,true
789646,Jayden Bogle,England U20,false
789790,Bruno Melo,,false
789791,Daniel,,false
789877,Matheus Fernandes,,false
789914,Edmond Tapsoba,Burkina Faso,true
790732,Tommaso Pobega,Italy,true
791263,Daniel Ojeda,,false
791416,Sam Smith,,false
791614,Alexander Rossipal,,false
791677,Tom\u00e1s Ladra,Czechia,true
791682,Luk\u00e1s Provod,Czechia,true
791805,Josh Maja,Nigeria,true
791819,Olivier Mbaizo,Cameroon,true
791915,Umut Bozok,Turkiye,true
792024,Jeremy Ebobisse,Cameroon,true
792071,Peru Nolaskoain,,false
792249,Marc Cardona,,false
792303,Luis Su\u00e1rez,Colombia,true
792308,Pablo V\u00e1zquez,,false
792429,Joey Veerman,Netherlands,true
792540,Jo\u00ebl Piroe,Suriname,true
792645,Pau Torres,Spain,true
792653,Ahmed Touba,Algeria,true
792754,Morgan Poaty,Congo,true
792756,Michel Aebischer,Switzerland,true
792783,Jaime Seoane,,false
793028,Maksim Sidorov,,false
793033,Jo\u00e3o Basso,,false
793041,Federico Ravaglia,,false
793048,Manuel De Luca,,false
793066,David Neres,Brazil,true
793255,Florentino,Portugal U20,false
793256,Filipe Soares,Portugal Under 18,true
793507,Aleksandar Radovanovic,,false
793549,Mohamed Konat\u00e9,Burkina Faso,true
793709,Vladislav Kamilov,,false
793820,Anel Ahmedhodzic,Bosnia and Herzegovina,true
793876,Renan Lodi,Brazil,true
793905,Dujon Sterling,England U20,false
793907,Trevoh Chalobah,England,true
793933,Mihai Popescu,Romania,true
794244,Armando Obispo,Curacao,true
794253,Justin Kluivert,Netherlands,true
794393,Adrian Beck,,false
794408,Eduard L\u00f6wen,Germany U23,false
794427,Joao F\u00e9lix,Portugal,true
794619,Hasan Kuru\u00e7ay,,false
795179,Gabriel,Brazil,true
795371,Ibrahim Sangar\u00e9,Ivory Coast,true
795630,Diogo Costa,Portugal,true
795697,Ibrahim Alshuayl,,false
795698,Marwan Al Haidari,,false
79598,Sergey Pesyakov,Russia,true
796398,Kjell Scherpen,Netherlands,true
79643,Rizvan Utsiev,,false
796492,Niklas Kolbe,,false
796504,Barnab\u00e1s Varga,Hungary,true
796732,Rony,Brazil,true
796747,Sam Surridge,England U21,false
796756,Logi T\u00f3masson,Iceland,true
796781,\u00c1lvaro Fern\u00e1ndez,Spain,true
796974,Pascal Struijk,Netherlands,true
797132,Paul Akouokou,Ivory Coast,true
797139,Carlos Cuero,Ecuador,true
797332,Carlinhos,,false
797427,Roman Ezhov,Russia,true
797551,Nouhou Tolo,Cameroon,true
797594,Azor Matusiwa,Netherlands U21,false
797758,Martin Hongla,Cameroon,true
797896,Guilherme Schettine,,false
797901,Jorge de Frutos,Spain,true
797908,Emerson Royal,Brazil,true
798011,Marco Rente,,false
798029,Ladislav Krejc\u00ed,Czechia,true
798062,Owen Wijndal,Netherlands,true
798069,Deroy Duarte,Cape Verde,true
798111,Vladislav Sarveli,Russia,true
798603,Ben Wilmot,England U21,false
798608,Omar Richards,England U21,false
798629,Josh Knight,,false
798641,Harry Darling,,false
798654,Ephron Mason-Clark,Jamaica,true
798659,Joe Aribo,Nigeria,true
798661,Anfernee Dijksteel,Suriname,true
798736,Jawad El Yamiq,Morocco,true
799230,Federico Baschirotto,,false
799914,Carlos Protesoni,Uruguay U23,false
800200,Pi\u00f1a,,false
800406,Khaled Al Sumairi,Saudi Arabia,true
800520,Fod\u00e9 Ballo,Senegal,true
800587,Dimitri Laval\u00e9e,,false
800609,Matt\u00e9o Guendouzi,France,true
800610,Dario Ulrich,Switzerland U17,false
800615,Filip Ugrinic,Switzerland,true
800624,Calvin Stengs,Netherlands,true
800880,Matvey Safonov,Russia,true
800882,Andriy Lunin,Ukraine,true
800891,Miguel Loureiro,,false
801003,Julian Justvan,,false
801006,Beder Caicedo,Ecuador,true
801050,Maksim Glushenkov,Russia,true
801120,Jens-Lys Cajuste,Sweden,true
801122,Lennart Grill,Germany U21,false
801213,Tete Morente,,false
801223,Jhon Cifuente,Ecuador,true
801477,Jamie Cumming,England U19,false
801720,Anderson Julio,Ecuador,true
802245,Jacob Brown,Scotland,true
802329,Gaizka Larrazabal,,false
802450,Chris Kablan,,false
802461,Ahmed Ildiz,Turkiye U21,false
802462,Christopher Op\u00e9ri,Ivory Coast,true
802791,Milos Satara,Bosnia and Herzegovina U21,false
802847,Dmytro Ivanisenya,Ukraine,true
80295,Yuri Berchiche,,false
803163,Benedikt Pichler,,false
803203,Fran G\u00e1mez,,false
803343,Mads Roerslev,Denmark,true
805352,Unai N\u00fa\u00f1ez,Spain,true
805451,Alessandro Bastoni,Italy,true
805463,Maarten Paes,Indonesia,true
80562,Thiago Silva,Brazil,true
805662,Gonzalo Sosa,,false
805767,Dennis Man,Romania,true
806235,Maksim Vityugov,,false
806551,Michal Sad\u00edlek,Czechia,true
806552,Cody Gakpo,Netherlands,true
806669,David Raum,Germany,true
806972,Oliver Christensen,Denmark,true
807043,Khetag Khosonov,Russia U19,false
807148,Luca Pellegrini,Italy,true
807728,Tyrese Campbell,England U20,false
807729,Reece James,England,true
807752,Aynsley Pears,,false
807823,Danil Krugovoy,Russia,true
807925,Will Smallbone,Ireland,true
807930,Regan Slater,,false
808148,Aleksandar Vukotic,,false
808155,Fabian Kunze,,false
808159,Enzo D\u00edaz,,false
809537,Djorkaeff Reasco,Ecuador,true
812077,Ronaldo,,false
812238,Dominik Franke,Germany U19,false
812415,Hugo Magnetti,,false
812549,Marius Marin,Romania,true
812637,C\u00edcero,,false
812652,Facundo Medina,Argentina,true
812684,Carlo Villanueva,Chile U20,false
812758,Javier M\u00e9ndez,,false
812816,Aleksandr Sobolev,Russia,true
812839,Martijn Kaars,,false
812982,Sorba Thomas,Wales,true
813055,Mousa Tamari,Jordan,true
813225,Daniel Figueira,Portugal U19,false
813371,Mohammed Al Saeed,,false
813428,Dani de Wit,Netherlands U23,false
813429,Kaj Sierhuis,Netherlands U23,false
813549,Zaydou Youssouf,Comoros,true
813771,Sergio Gonz\u00e1lez,,false
814153,Muhammed Sengezer,Turkiye,true
814382,Nicol\u00e1s Baeza,,false
814398,Nicol\u00f2 Casale,Italy,true
814588,Siyabonga Ngezana,South Africa,true
814625,Ra\u00fal Guti,,false
814663,Alejandro Catena,,false
814869,Rafik Guitane,Algeria,true
814892,Alexander Nollenberger,,false
815006,Phil Foden,England,true
815187,Yvan Neyou,Cameroon,true
815325,Bafod\u00e9 Dansoko,Guinea,true
815366,Nahuel Est\u00e9vez,,false
815431,Davide Frattesi,Italy,true
815448,Sebasti\u00e1n Valencia,Chile U17,false
815449,Misael Llant\u00e9n,,false
815465,Romain Perraud,France U20,false
815468,Hicham Mahou,,false
815566,Bryan Lasme,France U20,false
815764,J\u00e9r\u00e9my Mellot,,false
815912,Berke \u00d6zer,Turkiye,true
815997,Thalisson,,false
816001,Carvalho,,false
816004,Victor Caetano,,false
816015,Jo\u00e3o Victor,,false
816222,Tiago Esgaio,,false
816223,Stephen Eustaquio,Canada,true
816274,Alfa Semedo,Guinea-Bissau,true
816298,Saeed Al Rubaie,Saudi Arabia,true
816325,Boubacar Kamara,France,true
816368,Ciaron Brown,Northern Ireland,true
816753,Jos\u00e9 Rodr\u00edguez,Uruguay,true
816993,Mart\u00edn Sarrafiore,,false
817098,Ryan Barnett,,false
817500,Mostafa Mohamed,Egypt,true
817720,Michael Obafemi,Ireland,true
817724,Danny Namaso,Cameroon,true
817821,Darius Olaru,Romania,true
818893,Nicol\u00f2 Zaniolo,Italy,true
818975,Eberechi Eze,England,true
819066,Gabi Kanichowsky,Israel,true
819215,Lloyd Kelly,England U21,false
819696,Mohamed Mady Camara,Guinea,true
819762,Chris Mepham,Wales,true
819871,Abdu Cont\u00e9,Portugal U21,false
819872,Mark Harris,Wales,true
819972,Cherif Ndiaye,Senegal,true
820024,Sean Longstaff,,false
820067,Lenny Vallier,,false
820085,Ali Yanar,,false
820089,Ogulcan \u00dclg\u00fcn,Turkiye U21,false
820132,Silas Gnaka,Ivory Coast U23,false
820143,Keidi Bare,Albania,true
820259,\u00c1lvaro Rodr\u00edguez,,false
820469,Justin Lonwijk,Suriname,true
820477,K\u00e9vin Denkey,Togo,true
820490,Shaquille Pinas,Suriname,true
820537,Tayyip Talha Sanu\u00e7,Turkiye,true
820581,Ben Brereton,Chile,true
820598,Batuhan Sen,Turkiye U21,false
820712,Koffi Kouao,Ivory Coast,true
820748,Aaron Opoku,,false
820971,Soner G\u00f6n\u00fcl,,false
820974,Ron Schallenberg,,false
821100,J\u00f8rgen Strand Larsen,Norway,true
821163,Josu\u00e9 Dorrio,,false
821240,Shon Weissman,Israel,true
821271,Marcos Andr\u00e9,,false
821312,Sikou Niakat\u00e9,Mali,true
821417,Mart\u00edn Aguirregabiria,Spain U21,false
821647,Jemal Tabidze,Georgia,true
821728,Jorge Cuenca,Spain,true
821984,Abdullah Al-Jawaey,Saudi Arabia U23,false
821999,Joe Abrigo,,false
822181,Ammar Al Najjar,Saudi Arabia U19,false
822182,Rakan Najjar,,false
822236,Dennis T\u00f8rset Johnsen,Norway,true
822237,Manor Solomon,Israel,true
822394,Alex Pinto,,false
822440,Michael Folorunsho,Italy,true
822589,Pontus Almqvist,Sweden U21,false
822716,Hannes Delcroix,Haiti,true
822788,Arne Maier,Germany U23,false
822789,Alberto Dossena,,false
822808,Antonio Moya,Spain U17,false
822832,Raoul Petretta,,false
823018,Alessandro Buongiorno,Italy,true
823021,Danilo Catal\u00e1n,,false
823078,Merih Demiral,Turkiye,true
823113,Sandro Kulenovic,Croatia B,true
823127,Macaulay Langstaff,,false
823209,Marcos L\u00f3pez,Peru,true
823293,Aron D\u00f8nnum,Norway,true
823371,Jos\u00e9 C\u00e1rdenas,,false
823457,Abdullah Alkhaibari,Saudi Arabia,true
823592,Oladapo Afolayan,,false
823616,Tariq Abdullah,,false
823658,Valent\u00edn Castellanos,Argentina,true
823681,Iddrisu Baba,Ghana,true
823825,Randal Kolo Muani,France,true
824124,Kevin R\u00fcegg,Switzerland U21,false
824623,Martin Frese,,false
824634,Oleg Reabciuk,Moldova,true
824635,Diogo Leite,Portugal,true
824641,Jefferson Encada,Guinea-Bissau,true
824642,Pedro Ferreira,Portugal U17,false
824650,Daniel Azevedo,,false
824655,Ricardo Mangas,Portugal U17,false
824687,Abdulrahman Al-Obood,Saudi Arabia,true
824717,Jakov Medic,Croatia Under 23,true
824747,Jari De Busser,,false
825231,Kye Rowles,Australia,true
825599,Evan Louro,USA U17,false
825603,Reggie Cannon,USA,true
825608,Jes\u00fas Ferreira,USA,true
825623,Miles Robinson,USA,true
825625,Julian Gressel,USA,true
825641,F\u00e9lix Torres,Ecuador,true
825663,Ian Harkes,USA,true
825691,Henry Wingo,,false
825694,Lalas Abubakar,,false
825712,Jackson Yueill,USA,true
825765,Fashion Sakala,Zambia,true
825767,Nikita Kakkoev,Russia Under 18,true
825806,Lars Ritzka,,false
826089,Kyogo Furuhashi,Japan,true
827247,Harry Pickering,,false
827315,Nicol\u00e1s Dominguez,Argentina,true
827669,Nikola Cumic,Serbia,true
828159,Min-Jae Kim,South Korea,true
828677,Konstantin Kuchaev,Russia,true
828718,Mat\u00edas Mar\u00edn,Chile U20,false
828769,Brandt Bronico,,false
829077,Evgeny Latishonok,Russia,true
829109,Amir Abedzadeh,Iran,true
830156,Ronald Hern\u00e1ndez,Venezuela,true
830161,Agust\u00edn Rogel,Uruguay,true
830601,Djordje Mihailovic,USA,true
830664,Jack Elliott,,false
831035,Pelle Boevink,,false
831044,Hjalmar Ekdal,Sweden,true
831474,Marin Pongracic,Croatia,true
831489,Alexis Mac Allister,Argentina,true
831541,Joaqu\u00edn Pereyra,Argentina U20,false
832165,Alan Franco,Argentina,true
832171,Alan Franco,Ecuador,true
832736,Gian-Luca Itter,Germany U19,false
832745,Daniil Lesovoy,Russia,true
833219,Juan Foyth,Argentina,true
833638,Nikola Krstovic,Montenegro,true
833641,Frantzdy Pierrot,Haiti,true
833697,Darko Churlinov,North Macedonia,true
833979,Bebeto,,false
833990,Marcinho,,false
833993,Nikolay Rasskazov,Russia U21,false
834032,Carlos Cuesta,Colombia,true
834240,Vit\u00e3o,Brazil U20,false
834602,Virgil Ghita,Romania,true
834605,Tom\u00e1s Cuello,,false
834641,Duplexe Tchamba,Cameroon,true
834663,Rodrig\u00e3o,,false
834673,Segundo Portocarrero,,false
834759,Claudio Spinelli,,false
835356,Manuel Lucas,,false
835948,Onni Valakari,Finland,true
836436,Gabriel Strefezza,,false
836720,Luis Riveros,,false
836726,Andr\u00e1s Sch\u00e4fer,Hungary,true
836786,Lukas Daschner,,false
836797,Alex Kr\u00e1l,Czechia,true
836964,Fabian Rohner,Switzerland U21,false
837061,Kr\u00e9pin Diatta,Senegal,true
837064,Hugo Vetlesen,Norway,true
837089,Edu Exp\u00f3sito,,false
837184,Andr\u00e9s Zanini,,false
837270,Chidera Ejuke,Nigeria,true
837341,Noa Lang,Netherlands,true
837731,Kristoffer Velde,Norway,true
837847,Giorgi Chakvetadze,Georgia,true
837974,Eddie Segura,Colombia U23,false
839021,Jo\u00e3o Klauss,,false
839038,Elvis Rexhbe\u00e7aj,Kosovo,true
839204,Omar Marmoush,Egypt,true
839232,Fernando Calero,,false
839242,Josef Bursik,England U21,false
839642,Andrejs Ciganiks,Latvia,true
839680,Myziane Maolida,Comoros,true
839750,Kervin Arriaga,Honduras,true
839862,Vyacheslav Grulev,Russia Under 18,true
839865,Maksim Nenakhov,Russia U21,false
839879,Fabian de Keijzer,Netherlands U21,false
839893,Andoni Gorosabel,,false
839919,Rodrigo Rodr\u00edguez,,false
840185,Diego Coelho,,false
840212,Agust\u00edn Canobbio,Uruguay,true
840241,Ermedin Demirovic,Bosnia and Herzegovina,true
840947,Sebastian Klaas,,false
841150,Rhian Brewster,England U21,false
841384,Valeri Gromyko,Belarus,true
841395,Aiyegun Tosin,Benin,true
841458,Brian Anunga,,false
841552,Teddy Okou,,false
841656,Raniele,,false
841672,Nicol\u00e1s Gonz\u00e1lez,Argentina,true
841705,Arnaud Bodart,Belgium,true
841928,Sam Rogers,USA,true
841966,El\u00edas \u00d3lafsson,Iceland,true
841973,Vegard \u00d8straat Erlien,,false
842856,Tachi,,false
842894,Javier Altamirano,Chile,true
843040,Pedro Neto,Portugal,true
843099,Scott McTominay,Scotland,true
843710,Conrad Wallem,Norway U19,false
843793,Soslan Kagermazov,,false
844122,Bryan Carabal\u00ed,Ecuador,true
844161,Kanu,,false
844221,Muhannad Al Qaydhi,,false
844226,Firas Al-Buraikan,Saudi Arabia,true
844415,\u00c9der Militao,Brazil,true
844427,Shaylon,Brazil U20,false
844430,Lars Lukas Mai,Germany U21,false
844431,Yannik Keitel,Germany U21,false
844437,Amine Gouiri,Algeria,true
844444,Kevin Csoboth,Hungary,true
844473,Umut G\u00fcnes,Turkiye U21,false
844477,Sergio G\u00f3mez,Spain,true
844478,Mateu Morey,Spain U21,false
844504,Rodrigo Bec\u00e3o,,false
844510,Juninho Capixaba,,false
844511,Yuri Lara,,false
844530,Mailson,,false
844541,Baktiyor Zaynutdinov,Kazakhstan,true
844544,Pape Gueye,Senegal,true
844943,Flynn Downes,England U20,false
844944,Dominik Schmid,Switzerland,true
844996,Matteo Gabbia,Italy,true
845067,Facundo Garc\u00e9s,Malaysia,true
845695,Oleksii Kashchuk,Ukraine U21,false
845943,Cristian C\u00e1sseres,Venezuela,true
845975,Raul,,false
845976,L\u00e9o Ortiz,Brazil,true
845984,Iago Borduchi,Brazil U22,false
845985,Victor Torp,Denmark U21,false
845990,Ozan Kabak,Turkiye,true
845991,Yunus Akg\u00fcn,Turkiye,true
845994,Hans Nicolussi Caviglia,Italy,true
845998,Antonio Blanco,Spain,true
846000,Maxence Caqueret,France U21,false
846002,Yacine Adli,France U20,false
846006,Andrias Edmundsson,Faroe Islands,true
846009,Adam Idah,Ireland,true
846023,Gabriel Batista,Brazil U17,false
846033,Vin\u00edcius J\u00fanior,Brazil,true
846063,Wendel,Brazil U22,false
846369,Luis Sinisterra,Colombia,true
846381,Jadon Sancho,England,true
846383,Callum Hudson-Odoi,England,true
846392,Montassar Talbi,Tunisia,true
846521,Stefan Cleveland,,false
846761,Zakaria Aboukhlal,Morocco,true
846803,Fernando Costanza,,false
846966,Javi Puado,Spain,true
846970,Bojan Miovski,North Macedonia,true
847127,Juli\u00e1n Mill\u00e1n,,false
847221,Davis Keillor-Dunn,,false
847354,Aleksandr Soldatenkov,Russia,true
847357,Mehdi L\u00e9ris,Algeria,true
847629,Derek Cornelius,Canada,true
847753,Tom Barlow,,false
847910,Nahuel Ferraresi,Venezuela,true
847983,Lisandro Mart\u00ednez,Argentina,true
847987,James Marcinkowski,USA,true
847991,Aar\u00f3n Herrera,Guatemala,true
848008,Emmanuel Sabbi,USA,true
848011,Josh Sargent,USA,true
848034,Santiago Bueno,Uruguay,true
848051,Juan Manuel Boselli,Uruguay U20,false
848102,Seung-Ho Paik,South Korea,true
848123,Felipe M\u00e9ndez,Chile,true
848174,Mohamed Ali Camara,Guinea,true
848219,Paul Marie,,false
848266,Weston McKennie,USA,true
848268,Haji Wright,USA,true
848289,Takefusa Kubo,Japan,true
848296,Edward Chilufya,Zambia,true
848349,Firatcan \u00dcz\u00fcm,,false
848424,Christopher Durkin,USA U23,false
848535,Denil Maldonado,Honduras,true
848568,Pape Gu\u00e8ye,Senegal U20,false
848573,Ousseynou Niang,Senegal,true
848592,Jos\u00e9 Cevallos,Ecuador,true
848593,\u00c1ngelo Preciado,Ecuador,true
848594,Kevin Minda,Ecuador Under 22,true
848596,Awn Al Slaluli,Saudi Arabia,true
848600,Abdulelah Al Amri,Saudi Arabia,true
848601,Renny Jaramillo,Ecuador U20,false
848607,Hassan Al Tambakti,Saudi Arabia,true
848608,Ali Al Asmari,Saudi Arabia,true
848612,Nasser Al-Dawsari,Saudi Arabia,true
848614,Fahad Al Rashidi,Saudi Arabia,true
848616,Mohammed Al-Yami,Saudi Arabia,true
848635,Nino,Brazil,true
848642,Jeison Chal\u00e1,,false
848666,Florent Muslija,Kosovo,true
848667,Angel Gomes,England,true
848844,Rafael Le\u00e3o,Portugal,true
849501,Igor Cari\u00fas,,false
849539,Abdullah Hassoun,Saudi Arabia,true
850006,Daniel Escriche,,false
850055,Daniel Boloca,Romania,true
850288,Miguel Crespo,,false
850295,Alessio Zerbin,Italy,true
850311,Rigoberto Rivas,Honduras,true
850354,Bruno Guimar\u00e3es,Brazil,true
850356,Pep\u00ea,Brazil,true
850924,Joseph Paintsil,Ghana,true
850934,Nicholas Opoku,Ghana,true
850962,H\u00e1kon Rafn Valdimarsson,Iceland,true
851514,Murilo,Brazil,true
851626,Hiroki Ito,Japan,true
851868,Abdurrahim Dursun,Turkiye U20,false
852048,Christopher Lungoyi,Switzerland U21,false
852049,Kastriot Imeri,Switzerland,true
852071,Juan Hern\u00e1ndez,Colombia,true
852079,Jorge Ord\u00f3\u00f1ez,,false
852347,Dan-Axel Zagadou,France U21,false
852424,Brynjar Ingi Bjarnason,Iceland,true
853108,Jean-Philippe Krasso,Ivory Coast,true
854069,Nils Fr\u00f6ling,Sweden U21,false
854293,Olivier Verdon,Benin,true
856464,Brenner,Brazil U17,false
856685,Frank Onyeka,Nigeria,true
856936,Kristall Ingason,Iceland,true
857120,Ayumu Seko,Japan,true
857141,Arbnor Muja,Albania,true
857176,Paulinho,Brazil,true
857208,Franklin Carabal\u00ed,,false
857269,Gleison Bremer,Brazil,true
857270,Marquinhos,,false
857392,Anri Tchitchinadze,Georgia U21,false
857434,Vladan Kovacevic,Bosnia and Herzegovina,true
857436,Nihad Mujakic,Bosnia and Herzegovina,true
857618,Arb\u00ebr Hoxha,Albania,true
857708,Vladan Bubanja,Montenegro,true
857829,Agust\u00edn Nadruz,,false
857830,Gustavo Cort\u00e9z,Ecuador,true
858036,Eduard Atuesta,Colombia,true
858135,Klisman Cake,Albania,true
858198,Sasa Kalajdzic,Austria,true
858829,Jacy,,false
859042,Show,Angola,true
859282,Daniel Mu\u00f1oz,Colombia,true
859484,Mat\u00edas B\u00f3rquez,,false
859569,Afeez Aremu,Nigeria,true
859752,Ron-Thorben Hoffmann,,false
859764,Luka Ilic,Serbia,true
860056,Moussa Sylla,Mali,true
860260,Derrick K\u00f6hn,Ghana,true
860287,Ronie Carrillo,,false
860314,Nahuel Tenaglia,,false
860543,Lukas Engel,Denmark U21,false
860592,Sebastian Walukiewicz,Poland,true
860609,Boris Tomiak,,false
860752,Rub\u00e9n Vargas,Switzerland,true
860756,Franko Kovacevic,Croatia U21,false
860842,Leonel Nazareno,,false
860908,Jhojan Valencia,,false
860913,Jhon Lucum\u00ed,Colombia,true
860914,Luis D\u00edaz,Colombia,true
860920,Edward Nketiah,England,true
860975,Joseph Willock,England U20,false
861001,Bal\u00e1zs T\u00f3th,Hungary,true
861112,Obinna Nwobodo,,false
861181,Kiril Pechenin,Belarus,true
861186,Paul Rothrock,,false
861187,Paul Charpentier,,false
861197,Lukas Nmecha,Germany,true
861445,Micha\u00ebl Cuisance,France U20,false
861541,David Zec,Slovenia,true
861642,Bruno Goda,Croatia B,true
861661,Joaqu\u00edn Piquerez,Uruguay,true
861662,Christoph Kobald,,false
861668,Dejan Ljubicic,Austria,true
861710,Giotto Morandi,Switzerland U17,false
861720,Magomed-Shapi Suleymanov,Russia Under 18,true
861753,Maren Haile-Selassie,,false
861805,Jaka Bijol,Slovenia,true
861811,J\u00fanior Brumado,,false
861932,Andreas Skov Olsen,Denmark,true
861962,Toni Borevkovic,Croatia U21,false
862170,Rodrigo Holgado,Malaysia,true
862284,Kai Wagner,,false
862285,Lars B\u00fcnning,,false
862292,Isaiah Young,,false
862331,Zan Kolmanic,Slovenia,true
862538,Roger Iba\u00f1ez,Brazil,true
862590,Daniel Grimshaw,,false
862608,Kaoru Mitoma,Japan,true
862616,Edon Zhegrova,Kosovo,true
862716,Carlo Holse,Denmark,true
862717,Przemyslaw Placheta,Poland,true
862719,Diego Luna,Venezuela,true
862783,Jonathan Gonz\u00e1lez,Mexico,true
862918,Nico Mantl,Germany U21,false
863098,Matheus Cunha,Brazil,true
863118,Attila Mocsi,Hungary,true
863156,Adam Gnezda Cerin,Slovenia,true
863158,Marlon,,false
863166,Dani G\u00f3mez,Spain U21,false
863169,Manu,Spain U21,false
863359,Andy Irving,Scotland,true
863455,Marcin Bulka,Poland,true
863708,Ignatius Ganago,Cameroon,true
863717,Maksim Borisko,Russia,true
863822,Joel Latibeaudiere,Jamaica,true
863848,Ricardo Velho,Portugal,true
863856,Lucas Perrin,,false
863858,Yusuf Sari,Turkiye,true
863869,Nicolas Raskin,Belgium,true
863892,Ivan Ignatyev,Russia Under 18,true
863993,Amine Talal,,false
864006,Matt\u00e9o Tramoni,,false
864066,Ousseynou Ba,Senegal,true
864145,Gr\u00e9goire Coudert,,false
864154,Goduine Koyalipou,Central African Republic,true
864157,Jan-Niklas Beste,Germany,true
864236,Patrick Soko,Cameroon,true
864266,Sean McLoughlin,Ireland U21,false
864271,Thomas Galdames,Chile,true
864304,Orest Lebedenko,Ukraine U21,false
864312,Arsen Adamov,Russia,true
864365,Nicol\u00e1s Fern\u00e1ndez,Chile,true
864464,Erick,,false
864527,Andrey Mendel,,false
864556,Alexis Antunes,Switzerland U21,false
864893,Melle Meulensteen,,false
864983,Jamal Lewis,Northern Ireland,true
865005,Dmitri Rybchinskiy,Russia U21,false
865010,Nicolas Cozza,France U21,false
865019,Ablie Jallow,Gambia,true
865030,Rominigue Kouam\u00e9,Mali,true
865059,Robin Heu\u00dfer,,false
865066,Joel Grodowski,,false
865118,Tyrell Malacia,Netherlands,true
865184,Siriki Demb\u00e9l\u00e9,,false
865931,Max Kilman,,false
865934,Wes Harding,Jamaica,true
865970,Marcel Benger,,false
865973,Lars Lokotsch,,false
866068,Pablo Ruiz,Argentina U17,false
866163,Conor Shaughnessy,Ireland U21,false
866164,Herbert Bockhorn,Uganda,true
866201,Carlos Vin\u00edcius,,false
866358,Tiago Djal\u00f3,Portugal,true
866365,Ozan K\u00f6k\u00e7\u00fc,Azerbaijan,true
866373,Mohamed Kanno,Saudi Arabia,true
866394,Fahad Jumayah,Saudi Arabia U23,false
866401,Ahmed Bamsaud,Saudi Arabia,true
866406,Willyan Rocha,,false
866509,V\u00edtor Tormena,,false
866516,Teun Koopmeiners,Netherlands,true
866517,Myron Boadu,Netherlands,true
866570,Luke McCowan,,false
866656,Hussain Al Qahtani,Saudi Arabia,true
866686,Matthew O'Riley,Denmark,true
866688,Luke Woolfenden,,false
866708,Oumar Solet,France U19,false
866967,Altay Bayindir,Turkiye,true
866969,Carlos Redruello,,false
867080,Jeff Chabot,Germany U21,false
867223,Onur Erg\u00fcn,,false
867225,Zeki \u00c7elik,Turkiye,true
867395,Nuno Santos,Portugal Under 18,true
867414,Sandro Tonali,Italy,true
867647,V\u00edctor Mollejo,Spain U19,false
867669,Barri,,false
867789,Emanuele Valeri,Italy U21,false
867818,Kiki,,false
868344,Tijjani Reijnders,Netherlands,true
869054,Stefano Turati,Italy U21,false
869298,Nikolas Nartey,Denmark,true
869364,Tommie van de Looi,Netherlands U19,false
872362,Marash Kumbulla,Albania,true
872396,Path\u00e9 Ciss,Senegal,true
872726,Mete Kaan Demir,Turkiye U19,false
872742,Tim Handwerker,Germany U21,false
872934,Philipp K\u00f6hn,Switzerland,true
872963,Tom Dele-Bashiru,Nigeria U23,false
872974,Lewis Gibson,England U20,false
872996,Liam Cullen,Wales,true
873014,Oliver Skipp,England U21,false
873018,Japhet Tanganga,England Under 18,true
873227,Jerome Opoku,Ghana,true
873236,J\u00f3n Thorsteinsson,Iceland,true
873265,Antonis Tsiftsis,Greece,true
873270,Anastasios Douvikas,Greece,true
873289,Marc Cucurella,Spain,true
873529,Jasper Schendelaar,Netherlands U21,false
873530,Muhannad Shanqeeti,Saudi Arabia,true
873556,Mauro J\u00fanior,Brazil U23,false
873557,Dominik Kotarski,Croatia,true
873559,Zian Flemming,,false
873560,Mees de Wit,,false
873566,Yahia Fofana,Ivory Coast,true
873568,Bilal Bayazit,Netherlands U17,false
873572,Boy Kemper,Netherlands U19,false
873573,Sam Beukema,,false
873827,Ander Guevara,,false
873838,Juan Berrocal,Spain U19,false
873855,Emirhan Top\u00e7u,Turkiye,true
873956,Juan Miranda,Spain,true
874019,Kostas Pileas,Cyprus,true
874045,Alex Corredera,,false
874272,Ivan Nekic,Croatia U17,false
874318,Jo\u00e3o Mendes,,false
874482,Roberto Gonz\u00e1lez,Spain U17,false
874540,Daniel Heber,,false
874618,Juli\u00e1n Carranza,Argentina U17,false
874621,Mart\u00edn Payero,Argentina U23,false
875133,Pote,Portugal,true
875305,Denis Dragus,Romania,true
875672,Hamed Traor\u00e8,Ivory Coast,true
875852,Sa\u00efd Bakari,Comoros,true
875877,Facundo Ferrero,,false
876016,Ilya Samoshnikov,Russia,true
876161,Michael Cooper,,false
876196,Joshua Edwards,,false
876274,Tom\u00e1s Chancalay,Argentina U20,false
876341,Ruan,,false
876395,Benjam\u00edn Berr\u00edos,,false
876734,Anderson Silva,,false
876810,Jos\u00e9 Neris,Uruguay,true
877401,Calvin Bassey,Nigeria,true
877568,Jordan Holsgrove,Scotland U21,false
877690,Alexander Cochrane,England U20,false
877697,Harrison Burrows,,false
877700,Nathan Tella,Nigeria,true
877701,Christoph Klarer,Austria U21,false
877763,Josh Key,,false
878296,Daiki Hashioka,Japan,true
878311,James Pantemis,Canada,true
879065,Antonino Gallo,Italy U21,false
879609,Alex Su\u00e1rez,,false
880036,Mutalip Alibekov,Russia U19,false
880095,James Sands,USA,true
880227,Danil Prutsev,Russia,true
880237,Denis Makarov,Russia,true
880568,Alan Robledo,,false
881124,Diego Pamp\u00edn,Spain U17,false
881153,Gerzino Nyamsi,Cameroon,true
881500,Lyle Foster,South Africa,true
881558,Max Bird,,false
881609,Paulinho Paula,,false
881640,Lutsharel Geertruida,Netherlands,true
881735,Anton Stach,Germany,true
881740,Christopher Lannert,,false
881771,Ferran Torres,Spain,true
881773,Gonzalo Villar,Spain,true
881786,Javier Hern\u00e1ndez,,false
881995,Lucas Vera,,false
882068,Julio Alonso,,false
882163,Chukwubuike Adamu,Austria,true
882166,Alex Plat,,false
882400,Jessy Deminguet,France U20,false
882401,Boubakary Soumar\u00e9,France U21,false
882631,Paulinho B\u00f3ia,,false
882823,L\u00e9o Andrade,,false
883079,Finn Azaz,Ireland,true
883087,Ridle Baku,Germany,true
883272,Romain Matthys,,false
883503,Gijs Smal,,false
883759,David Doudera,Czechia,true
883823,Elisha Owusu,Ghana,true
883824,Willem Geubbels,France U17,false
884262,Oier Luengo,,false
884272,Modibo Sagnan,Mali,true
884276,Moritz-Broni Kwarteng,,false
884382,Ayoub El Kaabi,Morocco,true
884383,Bambo Diaby,,false
884395,Geoffrey Chinedu,,false
884415,Ufuk Akyol,,false
884855,Manuel Palma,,false
884919,Robin Hack,Germany U21,false
885004,Pedro Ort\u00edz,Ecuador,true
885005,Terem Moffi,Nigeria,true
885085,Thijs Dallinga,Netherlands,true
885223,Atakan \u00c7ankaya,Turkiye U20,false
885504,Christopher McVey,,false
885870,Connor Metcalfe,Australia,true
886016,Kiernan Dewsbury-Hall,,false
886150,Edmond-Paris Maghoma,England Under 18,true
886155,Ryan Longman,,false
886874,Pol Valent\u00edn,,false
887137,Ibrahim Sadiq,Ghana,true
887139,Ahmed Kutucu,Turkiye,true
887141,Antonio Galeano,Paraguay U20,false
887666,Alexis Duarte,Paraguay,true
887703,Wilson Isidor,Haiti,true
887705,Taisei Miyashiro,Japan,true
887872,C\u00e9sar Gelabert,Spain U17,false
887969,Steven Benda,,false
888745,Nicolas-Gerrit K\u00fchn,Germany U19,false
888750,Diego Valencia,Chile,true
888809,Mariano G\u00f3mez,,false
888912,Mikkel Damsgaard,Denmark,true
888921,Lewis Ferguson,Scotland,true
889102,Thomas Carrique,,false
889153,German Onugkha,,false
889222,Cristian Rodr\u00edguez,,false
889229,I\u00f1igo Vicente,,false
889534,Emile Smith Rowe,England,true
889535,Yann Aurel Bisseck,Germany,true
889536,Timothy Weah,USA,true
889544,Carlos Neva,,false
889626,Lenny Pintor,France U20,false
889717,Mustafa Eskihella\u00e7,Turkiye,true
889785,Jonas Wind,Denmark,true
890155,Og\u00fcn Bayrak,,false
890205,Marcos Ant\u00f4nio,Brazil U20,false
890232,Baris Alper Yilmaz,Turkiye,true
890263,Jordan Teze,Netherlands,true
890266,Valentin Mihaila,Romania,true
890346,Cameron Pring,,false
890500,Lawrence Ofori,,false
890503,Kevin Pina,Cape Verde,true
890637,Pedro Raul,,false
891059,Chris Ramos,,false
891373,Mohamed Bayo,Guinea,true
891469,Ugurcan Yazgili,,false
891482,Mirza Cihan,Turkiye U21,false
891651,Furkan Bayir,Turkiye U21,false
891678,Paulinho,,false
891743,Mohammed Kudus,Ghana,true
891744,Weverson,Brazil U17,false
891747,Daniel Hanslik,,false
891748,Serginho,,false
891855,Jakub Moder,Poland,true
891870,Mitchel Bakker,Netherlands,true
892068,Antonios Papadopoulos,,false
892173,Augusto Aguirre,,false
892410,Nicky Beloko,Switzerland U19,false
892679,Chris F\u00fchrich,Germany,true
892751,Alan,Brazil U17,false
892752,Yuri Alberto,Brazil,true
892816,Sergi\u00f1o Dest,USA,true
892840,An\u00edbal Leguizam\u00f3n,,false
893399,Jaume Grau,,false
893437,Juan Ru\u00edz,,false
894802,Moritz Jenz,,false
894803,Djed Spence,England,true
894804,Robert Atkinson,,false
895362,Rodrygo,Brazil,true
895951,\u00c1lex Centelles,,false
895953,\u00c1lex Sola,Spain U17,false
895954,\u00c1lvaro Fidalgo,Mexico,true
896256,Fernando,,false
896377,Lameck Banda,Zambia,true
896402,Jos\u00e9 Copete,,false
896481,Ismaila Soro,Ivory Coast,true
896485,Andr\u00e9 Lu\u00eds,,false
897315,Simone Canestrelli,Italy U21,false
897569,Pep Biel,,false
898322,Pablo Mancilla,,false
899188,Idan Nachmias,Israel,true
899195,Andr\u00e9s Martin,Spain U21,false
899277,Turki Al Ammar,Saudi Arabia,true
899352,Stefano Callegari,,false
899701,Fotis Ioannidis,Greece,true
899984,Boyd Lucassen,,false
900043,Matheus Henrique,Brazil,true
900433,Khvicha Kvaratskhelia,Georgia,true
900523,Keven Schlotterbeck,Germany U23,false
900537,Stephan Ambrosius,Ghana,true
900576,Malcom Edjouma,,false
901495,Albert Sambi Lokonga,Belgium,true
902171,Claudio Gonz\u00e1lez,,false
902383,Nehu\u00e9n P\u00e9rez,Argentina,true
902647,Chumi,Spain U17,false
902651,Raoul Bellanova,Italy,true
902675,Joshua Kitolano,Norway U21,false
902693,Liziero,Brazil U17,false
902694,Igor Gomes,Brazil U20,false
902710,Gabriel Sara,Brazil,true
902826,Michel Ara\u00fajo,,false
902901,Miguel de la Fuente,,false
902969,Francisco Ortega,Argentina,true
903133,Ersin Destanoglu,Turkiye,true
903233,Yahia Attiyat Allah,Morocco,true
903995,Tarik \u00c7etin,Turkiye U17,false
904021,Romain Faivre,France U21,false
904098,Mert M\u00fcld\u00fcr,Turkiye,true
904248,H\u00fcseyin T\u00fcrkmen,Turkiye U21,false
904317,Hamed Al Ghamdi,Saudi Arabia,true
904710,Delano Burgzorg,Suriname,true
905441,Ra\u00fal S\u00e1nchez,,false
905457,Jizz Hornkamp,,false
905460,Stefan T\u00e2rnovanu,Romania,true
905494,Ruan Tressoldi,,false
905498,Vitinho,Brazil,true
905546,Mateo Retegui,Italy,true
905825,Ignacio Saavedra,Chile,true
906085,Osaze Urhoghide,,false
906902,Federico Mateos,,false
906919,Sergio Lozano,,false
906937,Anthony Gordon,England,true
906945,Ismail Jakobs,Senegal,true
907495,Stanley N'Soki,France U17,false
908589,Celil Y\u00fcksel,Turkiye U17,false
908826,Andr\u00e9 Ceitil,,false
908834,Diogo Martins,,false
908847,Mateusz Zukowski,Poland,true
909030,Abdou Harroui,Morocco,true
909198,Abdullah Al-Hamdan,Saudi Arabia,true
909433,Carlo Sickinger,,false
909803,Edo Kayembe,DR Congo,true
909889,Muteb Al Mufarrij,Saudi Arabia,true
909907,Cameron Puertas,,false
910699,Musa Barrow,Gambia,true
910986,Ali Majrashi,Saudi Arabia,true
911216,Yousef Al-Shammari,,false
911246,Ibrahim Mahnashi,Saudi Arabia,true
911296,Francis Amuzu,Ghana,true
911531,Abdulrahman Ghareeb,Saudi Arabia,true
912071,Shawn Adewoye,,false
912286,Lionel Mpasi-Nzau,DR Congo,true
912342,Julien Le Cardinal,,false
913464,Cristian Rivero,,false
913716,Samuel Loric,,false
914103,Johan V\u00e1squez,Mexico,true
914132,Rhys Norrington-Davies,Wales,true
914134,Lewis O'Brien,,false
914399,Liam Kitching,,false
914401,Oriol Rey,,false
914402,Jack Clarke,England U20,false
914458,Aur\u00e9lien Tchouam\u00e9ni,France,true
914964,Marios Vrousai,Greece,true
915102,Hidemasa Morita,Japan,true
915111,Shuto Machino,Japan,true
915152,Mokher Alrashidi,Saudi Arabia U23,false
915168,Sergio Gonz\u00e1lez,,false
915238,Antoine Makoumbou,Congo,true
915264,Randy Nteka,Angola,true
915331,Victor Jensen,Denmark,true
915365,Ole Romeny,Indonesia,true
915415,Peer Koopmeiners,Netherlands U19,false
915797,Noah Okafor,Switzerland,true
915987,Edgar Gonz\u00e1lez,,false
916092,Imad Rondic,Bosnia and Herzegovina U21,false
916332,Luke Thomas,England Under 18,true
916348,Igor Vin\u00edcius,,false
916351,Felippe Cardoso,,false
916546,Manu Fuster,,false
916710,Alessandro Zanoli,Italy U21,false
917209,Guilherme Rom\u00e3o,,false
917284,Mohamed Abu Fani,Israel,true
917294,Enric Franquesa,,false
917628,Neto Borges,,false
917774,Odin Lur\u00e5s Bj\u00f8rtuft,Norway,true
917802,Wesley Fofana,France,true
917830,Nicolas Madsen,Denmark U21,false
918492,Jer\u00f3nimo Cacciabue,,false
919036,Wessam Abou Ali,Palestine,true
919208,Jes\u00fas Bueno,Venezuela,true
919212,Gabriel Baralhas,,false
919253,Abdulfattah Adam,Saudi Arabia,true
919330,Bahlul Mustafazada,Azerbaijan,true
919374,Francisco Moura,Portugal Under 18,true
919435,Sepp van den Berg,Netherlands U21,false
919671,Liberato Cacace,New Zealand,true
919739,Kay Tejan,,false
919742,Senne Lynen,Belgium U19,false
919848,Gustaf Lagerbielke,Sweden,true
919900,Ali Al-Hassan,Saudi Arabia,true
919916,Emanuel Aiwu,Austria U21,false
919919,Andr\u00e9 Silva,,false
919942,Nias Hefti,Switzerland U21,false
919944,Yonathan And\u00eda,Chile,true
919990,Antonio D\u00edaz,Chile,true
920095,Peji\u00f1o,,false
920420,Eduardo Santos,,false
920436,Philipp Strompf,,false
920741,Javi Mart\u00ednez,Spain U19,false
920861,Adrian Benedyczak,Poland,true
920872,Thomas Buitink,Netherlands U21,false
921025,Roberto Fern\u00e1ndez,Bolivia,true
921128,Daniel Castro,,false
921197,Lennard Maloney,USA,true
921205,Marquinhos Cipriano,Brazil U20,false
921253,Ronald Araujo,Uruguay,true
921341,Alexis Saelemaekers,Belgium,true
921543,Morten Frendrup,Denmark,true
921594,Domagoj Bradaric,Croatia,true
921624,Mat\u00edas Cavalleri,Chile Under 23,true
921718,Aldair Quintana,Colombia,true
921728,Anthony Bedoya,Ecuador U17,false
921791,Santiago Etchebarne,,false
921807,Jean Monta\u00f1o,,false
921825,Jon Moncayola,Spain U23,false
921919,Sebastian Tounekti,Tunisia,true
921921,Kristian Thorstvedt,Norway,true
921934,David Cabezas,Ecuador,true
922539,Jin-Woo Jeon,South Korea,true
922622,R\u00f3bert Bozen\u00edk,Slovakia,true
922677,Haroune Camara,Saudi Arabia,true
922722,Svetozar Markovic,Serbia U21,false
922731,Taichi Hara,Japan,true
922849,Jon Gallagher,,false
922877,Logan Costa,Cape Verde,true
922887,Jeison Medina,,false
922892,Sebastiaan Bornauw,Belgium,true
922897,\u00c1lex Petxa,,false
922898,Jes\u00fas Pretell,Peru,true
923196,Lassine Sinayoko,Mali,true
923222,Samuele Mulattieri,Italy U21,false
923240,David Schnegg,Austria,true
923247,Pavel Bucha,Czechia,true
923298,Pablo Mart\u00ednez,,false
923312,Bryan Mbeumo,Cameroon,true
923377,Alexander Pastene,,false
923383,Guido Villar,,false
923400,Kamal Sowah,Ghana,true
923481,Pedro Amador,,false
923488,Simon Graves,Denmark U21,false
923498,Moussa Diaby,France,true
923522,Michael Fuentes,Chile,true
923698,Juan Aguirre,,false
923762,Carlos Isaac,,false
923766,Chico da Costa,,false
924300,Alem\u00e3o,,false
924315,Kanya Fujimoto,Japan U20,false
924391,Alex Roldan,El Salvador,true
924454,Brandon Servania,USA,true
924485,Mark McKenzie,USA,true
924498,Chris Mueller,USA,true
924519,Jusuf Gazibegovic,Bosnia and Herzegovina,true
924610,Yukinari Sugawara,Japan,true
924873,Allan Arigoni,,false
924878,Justin Roth,,false
925326,Tristan Blackmon,USA,true
925345,Hyun-Seok Hong,South Korea,true
925645,Mikhail Ignatov,Russia U21,false
925841,Christian Oliva,,false
926228,Danil Glebov,Russia,true
926293,Kaj de Rooij,,false
926330,Juan Cozzani,Argentina Under 22,true
92642,Taras Stepanenko,Ukraine,true
926445,Finn Dahmen,Germany,true
926446,Simon Asta,Germany U21,false
926447,Paul Jaeckel,Germany U21,false
926483,Abdulquddus Atiah,Saudi Arabia,true
926582,Brandon Bye,,false
926643,Alfon Gonz\u00e1lez,,false
926659,Joyskim Dawa,Cameroon,true
927070,Z\u00e9 Marcos,Brazil U17,false
927094,Sebasti\u00e1n G\u00f3mez,Colombia,true
927646,Adri\u00e0 Pedrosa,Spain U21,false
927647,V\u00edctor G\u00f3mez,Spain U21,false
927682,Leonel Qui\u00f1\u00f3nez,Ecuador,true
927719,Gustavo Vallecilla,Ecuador,true
928122,Igoh Ogbu,Nigeria,true
928440,Alistair McCann,Northern Ireland,true
928454,Josha Vagnoman,Germany,true
928696,Tom\u00e1s Cvancara,Czechia,true
929166,Faisal Darisi,Saudi Arabia U23,false
929219,J\u00fanior Santos,,false
929338,Gast\u00f3n Benav\u00eddez,,false
929350,Jannik Rochelt,,false
929613,Kevin Sessa,,false
929665,Kenzo Goudmijn,Netherlands Under 18,true
929781,Yonas Malede,Israel,true
929835,Alejandro Marqu\u00e9s,Venezuela,true
929838,Hugo Duro,Spain U21,false
929861,Lindrit Kamberi,,false
930024,Dinko Horkas,Croatia B,true
930035,Linton Maina,Germany U21,false
930047,Naatan Skytt\u00e4,Finland,true
930065,Leandro Barreiro,Luxembourg,true
930107,Kathellen,Brazil,true
930184,Mathias J\u00f8rgensen,Denmark,true
930533,Aleksandr Chernikov,Russia,true
930557,Alexander Alvarado,Ecuador,true
931332,Nuraly Alip,Kazakhstan,true
931583,Erick Japa,Dominican Republic,true
931605,Benjamin Nygren,Sweden,true
931862,Danilo,,false
932308,Liam Millar,Canada,true
932422,Lukas Kunze,,false
932541,Thijs Oosting,Netherlands U17,false
932604,Dominik Oroz,Croatia U21,false
932744,Zafer G\u00f6rgen,Turkiye U21,false
932852,Tobias M\u00fcller,,false
933069,Luke Le Roux,South Africa,true
933544,Luca Herrmann,,false
933625,Danny Musovski,North Macedonia,true
933635,Ryan Giles,,false
933639,Yanis Begraoui,Morocco,true
933760,Brian White,USA,true
933768,Curtis Jones,England,true
933817,Riccardo Sottil,Italy U21,false
933845,Rayan A\u00eft-Nouri,Algeria,true
933896,Oliver Rojas,Chile U17,false
933974,Francis Momoh,,false
934062,C\u00e9sar Munder,,false
934156,Jurgen Ekkelenkamp,Netherlands U21,false
93447,Robert Lewandowski,Poland,true
934495,Godfried Frimpong,,false
934552,Khalifah Aldawsari,Saudi Arabia,true
934555,Abdulelah Al Shammry,Saudi Arabia U23,false
934675,Jean Lucas,Brazil,true
934742,Maurice Malone,Germany U21,false
934902,Mateo Carabajal,,false
934960,Kasper Waarts H\u00f8gh,Denmark,true
935033,Duk,Cape Verde,true
935036,Alerrandro,Brazil U17,false
935380,Enrico Del Prato,Italy U20,false
935406,Luca Ranieri,Italy,true
935409,Orkun K\u00f6kc\u00fc,Turkiye,true
935502,Aune Selland Heggeb\u00f8,Norway,true
935550,Torbj\u00f8rn Heggem,Norway,true
935622,Marcus Holmgren Pedersen,Norway,true
935623,Evert Linthorst,,false
935728,Ao Tanaka,Japan,true
935769,Armand Laurient\u00e9,France U21,false
936100,Valent\u00edn Burgoa,,false
936140,Sebastian Sebulonsen,Norway,true
936164,Michel Ndary Adopo,,false
936206,Kirian Rodr\u00edguez,,false
936603,Milutin Osmajic,Montenegro,true
936618,Moritz Broschinski,,false
936701,Marcelo Rangel,,false
936738,Mohammed Mazyad Alshammari,,false
936788,Ahmed Abdu,Saudi Arabia,true
936790,Quique Fornos,Spain U17,false
936922,Yegor Teslenko,,false
937015,Dagur Th\u00f3rhallsson,Iceland,true
937032,Brynj\u00f3lfur Willumsson,Iceland,true
937034,Andri Fannar Baldursson,Iceland,true
937078,Valgeir Lunddal,Iceland,true
937314,Gonzalo Almenara,,false
937368,Felix Agu,Nigeria,true
937397,Enzo Loiodice,France U20,false
937412,Jay Idzes,Indonesia,true
937414,Homam Elamin,Qatar,true
937552,Ademir,,false
938218,Yuri Gorshkov,Russia,true
938247,Mohammed Salisu,Ghana,true
938297,Eduard Spertsyan,Armenia,true
938375,Ion Nicolaescu,Moldova,true
938392,Marac\u00e1s,,false
938416,Mustafa Burak Bozan,,false
938521,Halil Dervisoglu,Turkiye,true
938531,Anthony Racioppi,Switzerland,true
938564,Miguel Rubio,,false
938682,Jackson Muleka,DR Congo,true
938757,Furkan Beklevic,,false
939061,Giorgi Tsitaishvili,Georgia,true
939088,Ismajl Beka,Kosovo,true
939140,Tai Baribo,Israel,true
939390,Gavin Bazunu,Ireland,true
939400,Romario R\u00f6sch,,false
939409,Maximilian Breunig,,false
939427,Mujaid Sadick,,false
939536,Strahinja Tanasijevic,,false
939538,Burak Kapacak,Turkiye U21,false
939542,Dwight McNeil,England U21,false
939569,Jonathan David,Canada,true
939593,Th\u00f3rir Helgason,Iceland,true
939625,Filip Krastev,Bulgaria,true
939780,Isak Hien,Sweden,true
940015,Tom Zimmerschied,,false
940086,Can Bozdogan,Germany U17,false
940087,Gon\u00e7alo Ramos,Portugal,true
940334,Jos\u00e9 Fajardo,Panama,true
940442,Tommy Doyle,England Under 18,true
940443,Nabili Touaizi,Morocco U20,false
940446,Brian Brobbey,Netherlands,true
940453,Yorbe Vertessen,Belgium Under 18,true
940461,Raz Shlomo,Israel,true
940573,Eric Garc\u00eda,Spain,true
940594,David Strelec,Slovakia,true
940608,Juan Cruz,,false
940735,Veljko Birmancevic,Serbia,true
940743,Daniel Vivian,Spain,true
940745,Victor San Bartolom\u00e9,,false
940774,Ranko Veselinovic,Serbia,true
940829,Carlos Augusto,Brazil,true
940855,Gabriel Taliari,,false
94086,Willian,Brazil,true
940963,Ulrik Mathisen,,false
940976,Kang-In Lee,South Korea,true
941213,Crysencio Summerville,Netherlands,true
941490,Guga,Brazil U22,false
941547,Iv\u00e1n Zambrano,,false
941573,Pedro Porro,Spain,true
941656,Samuele Ricci,Italy,true
941671,Kevin Viveros,Colombia,true
941736,Felipe Jonatan,,false
941953,Sa\u00fal Coco,Equatorial Guinea,true
942193,Mikael Egill Ellertsson,Iceland,true
942354,Felix Mambimbi,Switzerland U21,false
942358,F\u00e9lix Correia,Portugal U19,false
942365,Troy Parrott,Ireland,true
942368,J\u00e9r\u00e9my Doku,Belgium,true
942372,\u00c1lex Baena,Spain,true
942375,Arnau Tenas,Spain,true
942379,Miguel Guti\u00e9rrez,Spain U23,false
942381,Jurri\u00ebn Timber,Netherlands,true
942393,Ayase Ueda,Japan,true
942549,Billy Gilmour,Scotland,true
942834,Ibrahim Bayesh,Iraq,true
942893,Thelonius Bair,Canada,true
943056,Daniel Bielica,,false
943059,Cezary Miszta,Poland U21,false
943113,Rodney Redes,Paraguay,true
943386,Wendel,,false
943428,Mathieu Choini\u00e8re,Canada,true
944385,Isak Jansson,Sweden U21,false
944868,Jos\u00e9 Tiznado,,false
944942,D.J. Taylor,,false
945023,Matheo Casta\u00f1o,,false
94550,Moussa Sissoko,France,true
945841,Emil Kornvig,,false
945881,Oliver Olsen,Denmark U19,false
945926,Julian von Moos,Switzerland U21,false
945935,Mikkel Kaufmann,Denmark U21,false
946653,Antonio Castillo,,false
946703,Herman Johansson,Sweden,true
947884,Wouter Burger,Netherlands U21,false
947896,Simon Janssen,,false
947898,Sem Steijn,Netherlands,true
947901,Jonathan Burkardt,Germany,true
948247,Myrto Uzuni,Albania,true
94841,Sven Ulreich,Germany,true
948555,Ben Cabango,Wales,true
948567,Nathaniel Phillips,,false
948704,Miguel Sousa,,false
948745,Kwasi Sibo,Ghana,true
948800,Giorgi Mamardashvili,Georgia,true
948948,Ivan Lomaev,Russia,true
948955,Nail Umyarov,Russia,true
948995,Daniil Utkin,Russia,true
949266,Mads Fr\u00f8kj\u00e6r-Jensen,,false
949321,Daniel Peretz,Israel,true
949473,Evgeni Staver,Russia,true
949481,Sydney van Hooijdonk,Netherlands U21,false
949483,Makhtar Gueye,,false
949496,Filip Kaloc,Czechia U21,false
949519,Soltmurad Bakaev,Russia U21,false
949647,Becir Omeragic,Switzerland,true
949673,Woo-Yeong Jeong,South Korea,true
949674,Jan Kronig,Switzerland U21,false
949675,Jared Stroud,,false
949711,Baltazar,,false
949731,Gabriele Zappa,Italy U21,false
949807,Arthur Zagr\u00e9,Burkina Faso,true
950199,Morten Hjulmand,Denmark,true
950270,Adonis Fr\u00edas,,false
950286,Brian Ocampo,Uruguay,true
950366,Jos\u00e9 Luis Angulo,,false
950367,Jhon Espinoza,Ecuador,true
950372,Joao Ortiz,Ecuador,true
950396,Jordy Alc\u00edvar,Ecuador,true
950401,Rodrigo Formento,Uruguay U23,false
950417,G\u00fcven Yalcin,Turkiye,true
950456,Marcos Vin\u00edcius,,false
950459,Anderson,Brazil U23,false
950473,Mason Greenwood,England,true
950486,Salem M'Bakata,,false
950504,Mons Bassouamina,Congo,true
950545,Oihan Sancet,Spain,true
950561,Darwin N\u00fa\u00f1ez,Uruguay,true
950569,Johan Bocanegra,,false
950596,Marco Brescianini,Italy,true
950599,Nicol\u00e1s Fonseca,Uruguay,true
950814,Yerco Oyanedel,Chile U17,false
95082,Eric Maxim Choupo-Moting,Cameroon,true
950822,Oliver Batista Meier,Germany U19,false
950823,Paul Will,,false
950824,Josip Stanisic,Croatia,true
950829,Chris Richards,USA,true
950830,Joshua Zirkzee,Netherlands,true
950832,Tobias Lawal,Austria,true
950835,Fernando Sobral,,false
950841,Lucas Alarc\u00f3n,Chile U23,false
950861,Koki Saito,Japan,true
950919,Luan Silva,Brazil U20,false
950923,Basti\u00e1n Y\u00e1\u00f1ez,Chile,true
950967,Cheikh Sabaly,Senegal,true
951043,Bruno Duarte,,false
951359,Nonato,,false
951486,Nabil Alioui,Morocco,true
951498,Felix Bacher,Austria U19,false
951629,Nathan Foga\u00e7a,,false
951710,Z\u00e9 Ricardo,,false
951711,Alessandro Di Pardo,,false
951712,Nicol\u00f2 Fagioli,Italy,true
951714,Adri\u00e1n Bernab\u00e9,Spain U23,false
951738,Francisco Montero,Spain U21,false
951739,Joaqu\u00edn Mu\u00f1oz,,false
951743,Giacomo Raspadori,Italy,true
951765,Armel Bella-Kotchap,Germany,true
951773,Vasil Kusej,Czechia,true
951909,Morten Behrens,,false
951912,Patric Pfeiffer,Ghana,true
951918,Philipp Sander,,false
951919,Timon Weiner,,false
951927,Kelvin Yeboah,Ghana,true
951953,Ousmane Diakit\u00e9,Mali,true
951960,Aleksandar Jukic,Austria U21,false
951974,Aleksey Mironov,Russia U17,false
951976,Nayair Tiknizyan,Armenia,true
952032,Gamid Agalarov,Russia,true
952057,Charles Vanhoutte,Belgium,true
952061,Marco Collao,,false
952095,\u00d3scar Mingueza,Spain,true
952235,Lucas Oliveira,,false
952322,Brenden Aaronson,USA,true
952325,Faris Moumbagna,Cameroon,true
952361,Sinan Karweina,,false
952528,Adri\u00e1n De La Fuente,Spain U19,false
952529,Sergio L\u00f3pez,,false
953065,Stanko Juric,,false
953080,Julian Krahl,,false
953517,Marius Mouandilmadji,Chad,true
953784,Ariel C\u00e1ceres,,false
953812,Sofiane Diop,Morocco,true
953859,Nathan Wood,England Under 18,true
953929,Rui Mendes,,false
953958,Giorgi Kochorashvili,Georgia,true
954043,Steffan Pino,Chile,true
954092,Santiago Gim\u00e9nez,Mexico,true
954187,Enrique Clemente,Spain U21,false
954188,Marvin Rittm\u00fcller,,false
954194,Mateusz Bogusz,Poland,true
954213,Cac\u00e1,,false
954252,Mayk,,false
954621,Youssouf Fofana,France,true
954962,David Carmo,Angola,true
955139,Tariq Lamptey,Ghana,true
955191,Maximilian Bauer,Germany U21,false
955194,Matej Valenta,Czechia U21,false
955195,Alhassan Yusuf,Nigeria,true
955203,Thomas van den Belt,Netherlands Under 18,true
955204,Vanja Drkusic,Slovenia,true
955206,Julien Ponceau,France U19,false
955214,Jean-Clair Todibo,France,true
955271,Thiago Almada,Argentina,true
955366,Jonathan Panzo,England U21,false
955376,Beno\u00eet Badiashile,France,true
955379,Jamie Shackleton,England U20,false
955381,Diego Palacios,Ecuador,true
955406,William Saliba,France,true
955411,Yann Gboho,France U17,false
955472,Cole Bassett,USA,true
955529,Matheus Nunes,Portugal,true
955572,Danylo Sikan,Ukraine,true
955586,Mohamed Bouldini,Morocco,true
955596,Berat \u00d6zdemir,Turkiye,true
955627,Yal\u00e7in Kayan,,false
955800,Kevin Medina,,false
955808,Loreintz Rosier,,false
955820,Igor Diveev,Russia,true
955971,Ilias Bronkhorst,,false
956161,Joe Gelhardt,England Under 18,true
956169,Alfie Doughty,,false
956176,Nordin Bakker,,false
956291,Federico Gattoni,,false
956621,Max Aarons,England U21,false
956622,\u00d3scar Valent\u00edn,,false
956659,Himad Abdelli,Algeria,true
956682,Sven Botman,Netherlands,true
956726,Bart van Rooij,Netherlands U19,false
956728,Lance Duijvestijn,,false
956736,Derry Murkin,,false
956913,Marvin Pieringer,,false
956921,Abdelkabir Abqar,Morocco,true
956925,Georginio Rutter,France U21,false
956937,Christian S\u00e1nchez,,false
957107,Z\u00e9 Pedro,,false
957118,Nuno Tavares,Portugal,true
957122,Ianis Stoica,Romania U21,false
957181,Kikas,,false
957203,\u00c9derson,Brazil,true
957211,Mart\u00ed Vil\u00e0,,false
957220,Adolfo Gaich,Argentina,true
957753,Jozo Stanic,Croatia B,true
958010,Amar Dedic,Bosnia and Herzegovina,true
958023,Mike Eerdhuijzen,,false
958204,Malik Batmaz,,false
958222,Giorgos Liavas,Greece U21,false
958232,Samuel Essende,DR Congo,true
958283,Andrew,Brazil U23,false
958335,Jesper Lindstr\u00f8m,Denmark,true
958401,Alessandro Vogliacco,Italy U21,false
958421,Jo\u00e3o M\u00e1rio,Portugal,true
958422,Elia Caprile,Italy,true
958464,Leonardo Balerdi,Argentina,true
958640,Akor Adams,Nigeria,true
95870,G\u00fcray Vural,Turkiye,true
958741,Abdulbasit Hindi,Saudi Arabia,true
959045,Kai Klefisch,,false
959072,Hussain Qasim,Saudi Arabia,true
959247,Jo\u00e3o Virg\u00ednia,Portugal Under 18,true
959353,Hamad Al Yami,Saudi Arabia U23,false
959404,Silas Katompa Mvumpa,DR Congo,true
959407,James Hill,England U21,false
959416,Lucas Ribeiro,,false
95955,Andr\u00e9 Ayew,Ghana,true
959594,Karim Adeyemi,Germany,true
959597,Luka Sucic,Croatia,true
959695,Carlos Salom\u00f3n,Chile U17,false
959696,Joseph Scally,USA,true
959915,\u00c1lvaro Barreal,,false
960415,Matheus Silva,,false
960494,Eric Ramires,Brazil U20,false
960887,Hugo Souza,Brazil,true
961305,Benjamin Mbunga Kimpioka,Sweden U21,false
961343,Matty Longstaff,England U20,false
961770,Billal Brahimi,Algeria,true
961994,Arthur Okonkwo,Nigeria,true
961995,Bukayo Saka,England,true
962000,Josh Eccles,,false
962002,Sam McCallum,,false
962012,Kayne Ramsay,,false
962046,Cody Drameh,England Under 18,true
962074,Colin R\u00f6sler,Norway,true
962113,Lukasz Poreba,Poland U21,false
962706,Oliver Cooper,Wales,true
963730,Nawaf Al Habashi,Saudi Arabia U23,false
963857,Andy Escudero,,false
963940,Ajibola Alese,England Under 18,true
963964,Harvey Elliott,England U21,false
963965,F\u00e1bio Carvalho,England Under 18,true
963981,Mohammed Al-Thani,Saudi Arabia,true
963983,Mike Tr\u00e9sor,Belgium,true
964099,Leon Schneider,,false
964391,William Agada,,false
964542,Richmond Tachie,,false
964579,K\u00e9vin Appin,Martinique,true
964608,Iv\u00e1n Angulo,Colombia U23,false
964661,Kaio Jorge,Brazil,true
964936,Alef Manga,,false
965013,Samuel Obeng,Ghana U23,false
965022,Sergio Bermejo,,false
96509,Joaqu\u00edn Larrivey,,false
965091,Andr\u00e9s Herrera,Argentina Under 22,true
965120,Jonathan Perlaza,,false
965327,Alexander Ahl Holmstr\u00f6m,Sweden U19,false
965603,Maximiliano Rodr\u00edguez,Chile,true
965658,Daniil Khlusevich,Russia,true
965666,Tuomas Ollila,Finland,true
965764,Iliman Ndiaye,Senegal,true
965881,Juli\u00e1n Alfaro,Chile,true
966018,Jeremie Frimpong,Netherlands,true
966019,Felix Nmecha,Germany,true
966021,Taylor Harwood-Bellis,England,true
966026,Ian Maatsen,Netherlands,true
966027,Conor Gallagher,England,true
966069,Luan C\u00e2ndido,Brazil U20,false
966413,Alesson,,false
967054,Raghed Najjar,Saudi Arabia,true
967085,Roberto L\u00f3pez,Spain U21,false
967093,Youssef El Kachati,,false
967265,Roman Evgenjev,Russia,true
967622,Antony,Brazil,true
967692,Ign\u00e1cio,,false
967759,Drissa Camara,Ivory Coast U23,false
967871,Iv\u00e1n Martin,Spain U17,false
967941,Mads Hermansen,Denmark,true
968029,Lautaro Valenti,Argentina U23,false
968912,Anthony Patterson,England U21,false
968935,Rumarn Burrell,Jamaica,true
968936,Matthew Pollock,,false
968944,Luke Cundle,,false
969252,Joshua Griffiths,England Under 18,true
969256,Louie Barry,England Under 18,true
969711,Justin De Haas,Netherlands U17,false
969856,Olivier Deman,Belgium,true
969870,Adam Hlozek,Czechia,true
970243,Mats Wieffer,Netherlands,true
970356,Rafael Santos,,false
970498,Nikita Glushkov,,false
970550,Jos\u00e9 Gragera,Spain U21,false
970563,Quinten Timber,Netherlands,true
970565,Kenneth Taylor,Netherlands,true
970566,Riki Rodr\u00edguez,,false
970578,Andrei Ratiu,Romania,true
970587,Marcel Hoffmeier,,false
970692,Bryan Gil,Spain,true
971170,Willian Vargas,Ecuador U20,false
971212,Vladislav Karapuzov,Russia U21,false
971258,Fabian N\u00fcrnberger,Bulgaria,true
971433,Ignacio Laquintana,Uruguay,true
971612,Franco Perinciolo,,false
971783,Kevin Peralta,,false
971787,Haissem Hassan,Egypt,true
971790,Lucien Agoum\u00e9,France U21,false
972114,Matthias Pha\u00ebton,Guadeloupe,true
972120,Boulaye Dia,Senegal,true
972200,Maarten Vandevoordt,Belgium,true
972306,Eliano Reijnders,Indonesia,true
972406,Adem Zorgane,Algeria,true
972407,Adri\u00e1n Fuentes,,false
972488,Samuel Vines,USA,true
972732,Hans Christian Bernat,Denmark U21,false
973727,Sven K\u00f6hler,,false
973765,\u00d3scar Clemente,,false
973827,Edgaras Utkus,Lithuania,true
974268,Daniel Ballard,Northern Ireland,true
974314,Ken Nkuba,Belgium U21,false
974593,Dennis Politic,Romania,true
974753,Juli\u00e1n \u00c1lvarez,Argentina,true
974755,Lucas Beltr\u00e1n,Argentina,true
975117,Metehan Altunbas,Turkiye U21,false
975220,Ilya Vakhania,Russia,true
975242,Simon Sohm,Switzerland,true
975901,Juan Pablo Freytes,,false
976577,Bledian Krasniqi,Kosovo,true
976705,Nicol\u00e1s Fern\u00e1ndez,,false
977421,\u00c7agtay Kurukalip,Turkiye U17,false
977618,V\u00edctor Garc\u00eda,,false
977760,Valery Fern\u00e1ndez,Spain U21,false
977775,Djibril Diani,,false
977808,Byron Palacios,,false
978112,Kevin Mouanga,Congo,true
978170,Tomi Horvat,Slovenia,true
978389,Fernando Ovelar,Paraguay U17,false
978680,Han-Noah Massengo,France U18,false
978875,Christian Cappis,USA,true
979441,Gedeon Guzina,,false
979540,Tom\u00e1s Vlcek,Czechia,true
979752,Bafod\u00e9 Diakit\u00e9,France U23,false
979963,Xavier Mbuyamba,,false
980140,Vyacheslav Litvinov,Russia,true
980264,Rodrigo Concei\u00e7\u00e3o,Portugal U21,false
980288,Thomas Leon Keller,,false
980311,Gonzalo Plata,Ecuador,true
980381,Leif Davis,,false
980422,Sergio Camello,Spain U23,false
980672,Leo Greiml,Austria U21,false
980792,Reo Hatate,Japan,true
980793,Kh\u00e9phren Thuram-Ulien,France,true
980983,Radhi Al Otaibi,,false
981120,Kaique Rocha,,false
981302,Gabriel Poveda,,false
981376,Joshua Atencio,USA,true
982245,William Kokolo,,false
982246,Daniel Neil,England U20,false
982272,Sidnei Tavares,Cape Verde,true
982284,Ellis Simms,England U20,false
982335,Tobias Raschl,,false
982361,Taylor Gardner-Hickman,England U20,false
982394,Hayden Hackney,England U21,false
982426,Gabriel Braz\u00e3o,Brazil,true
982599,Adam Randell,,false
982617,Kieron Bowie,Scotland,true
982624,Jeremy Ngakia,DR Congo,true
982633,Jordan Zemura,Zimbabwe,true
982677,Folarin Balogun,USA,true
982692,Karl Hein,Estonia,true
982734,Pablo Ram\u00f3n,Spain U19,false
982744,Alexandre Jankewitz,Switzerland U21,false
982745,Charlie Kelman,,false
983047,Elayis Tavsan,Netherlands U21,false
983199,Tino Anjorin,England Under 18,true
985327,Manu S\u00e1nchez,,false
987139,Giovanni Haag,,false
987142,Christopher Wooh,Cameroon,true
988065,Marcos Arturia,,false
988074,Yuki Ohashi,Japan,true
988120,Alexander Bola\u00f1os,Ecuador Under 23,true
988160,Osame Sahraoui,Morocco,true
988178,Diego Villares,,false
988184,Erkin Tapalov,Kazakhstan,true
988197,Urko Izeta,,false
988769,Mojm\u00edr Chytil,Czechia,true
988805,Pep Chavarr\u00eda,,false
989371,Agust\u00edn Urzi,Argentina Under 22,true
989398,Ramzi Solan,,false
990989,Giulian Biancone,France U19,false
990996,I\u00f1aki Pe\u00f1a,Spain,true
992025,Aleksa Terzic,Serbia,true
992052,Thierry Correia,Portugal Under 18,true
992060,Tom Krau\u00df,Germany U21,false
992071,Ridvan Yilmaz,Turkiye,true
993022,Imr\u00e2n Louza,Morocco,true
993748,Juan Requena,,false
993805,Miguel N\u00f3brega,,false
994403,Cyril Ngonge,Belgium,true
994445,Pedro Bicalho,,false
995447,Ilyas Chouaref,Malta,true
996894,Ebrima Colley,Gambia,true
997497,Ali Kol,Turkiye U19,false
997560,Femi Seriki,,false
997577,David Min,,false
997589,Djevencio van der Kust,Suriname,true
998300,Federico Bonini,,false
999138,Manu Justo,,false
999159,Aihen Mu\u00f1oz,,false
999171,\u00c1lvaro Vall\u00e9s,,false
999690,Ilan Kebbal,Algeria,true
999882,Lechii Sadulaev,Russia,true
999989,Aritz Arambarri,,false
999994,Brian Negro,,false