tm_id,name,full_name,date_of_birth,nationality,position,club_name,club_tm_id,market_value,age,reep_id,fotmob_id,sofascore_id,fbref_id,understat_id,capology_name,analyst_name,understat_name
1089046,"Riley Horan",,,England,Centre-Back,"AFC Wimbledon",3884,,,,,,,,,"Riley Horan",
1089316,"Jay McGrath","John Alan McGrath",,"Ireland, England",Centre-Back,Doncaster,2454,300000,,,,,,,,"Jay McGrath",
1090866,"Zain Tahir",,,"England, Pakistan",Centre-Back,"Oldham Athletic",1078,,,,,,,,,,
1090021,"Llyton Chapman",,,England,Right-Back,Wigan,1071,,,,,,,,,"Llyton Chapman",
1091011,"Kayden Hughes",,,England,Centre-Back,Fleetwood,11177,125000,,,,,,,,"Kayden Hughes",
1091049,"Ty Ewens-Findlay",,,England,Centre-Back,"Crawley Town",3537,,,,,,,,,,
1091077,"George Nevett","George Patrick Nevett",,"Wales, England",Centre-Back,Peterborough,1072,350000,,,,,,,,"George Nevett",
1091080,"Lennon MacLorg",,,England,Goalkeeper,Gillingham,2814,,,,,,,,,,
1091370,"Josh Smith","Joshua Jack Smith",,England,Centre-Back,Accrington,3688,100000,,,,,,,,"Errol Mundle-Smith",
1091409,"Tobias Brenan","Tobias Toumai Moses Brenan",,England,"Central Midfield",Wigan,1071,75000,,,,,,,,"Tobias Brenan",
1091444,"Tom Dean","Thomas Jake Dean",,England,"Right Midfield","Exeter City",6699,75000,,,,,,,,"Tom Wilson-Brown",
1091446,"Jake Richards","Jake Thomas Richards",,England,"Central Midfield",Luton,1031,300000,,,,,,,,"Jake Richards",
1091678,"Zane Okoro","Zane Kola Okoro",,"United States","Right Winger",Tranmere,1074,150000,,,,,,,,"Zane Okoro",
1093821,"Omari Mrisho",,,"England, The Gambia",Right-Back,"Crawley Town",3537,,,,,,,,,,
109751,"Onel Hernández","Onel Lázaro Hernández Mayea",,"Cuba, Germany","Left Winger","Port Vale",1211,250000,,,,,,,,"Onel Hernández",
1093824,"Daniel Vost",,,England,"Defensive Midfield",Huddersfield,1110,,,,,,,,,"Daniel Vost",
1099692,"Jonathan Bland","Jonathan Patrick Richard Bland",,"Wales, England","Defensive Midfield",Barnsley,349,150000,,,,,,,,"Jonathan Bland",
1100014,"Connor Cook","Connor Paul Cook",,England,"Central Midfield",Chesterfield,1219,,,,,,,,,,
1100585,"Kai Payne","Kai Anthony Payne",,England,"Central Midfield",Wigan,1071,125000,,,,,,,,"Kai Payne",
1103174,"Harry Ibbitson","Harry Joe Ibbitson",,England,Centre-Forward,Bradford,1027,,,,,,,,,"Harry Fox",
1104703,"Ben Brookes","Ben Georgie Brookes",,"England, Sweden",Left-Back,"York City",1252,,,,,,,,,,
1108476,"Harry Gray","Harry Andrew Gray",,England,Centre-Forward,"Sheff Wed",1035,700000,,,,,,,,"Harry McGlinchey",
1108567,"Ed Leach","Edward Leach",,"England, Ghana","Right Winger","AFC Wimbledon",3884,,,,,,,,,,
110860,"Luke Garbutt","Luke Samuel Garbutt",,England,Left-Back,Salford,34888,125000,,,,,,,,"Luke Garbutt",
1109827,"Clayton Taylor","Clayton John Taylor",,Australia,"Left Winger",Barnsley,349,650000,,,,,,,,,
1110023,"Adrien Thibaut","Adrien Tinashe Thibaut",,"Ireland, England",Centre-Forward,"Crewe Alexandra",1042,100000,,,,,,,,"Adrien Thibaut",
1112520,"Samuel Tabares","Samuel Ethan Tabares",,"England, Colombia",Centre-Back,Gillingham,2814,,,,,,,,,,
1113888,"Andrew Wogan","Andrew Brian Wogan",,Ireland,Goalkeeper,Stockport,1098,50000,,,,,,,,,
1116111,"Leon Ayinde","Leon Zion Oluwatobi Ayinde",,"Ireland, Nigeria","Left Winger",Doncaster,2454,,,,,,,,,"Leon Ayinde",
1122289,"Harri Pugh","Harrison John Pugh",,Wales,"Central Midfield","Newport County",3716,,,,,,,,,"Harrison Pugh",
1122295,"William Grainger",,,"Wales, England",Centre-Forward,"Sheff Wed",1035,100000,,,,,,,,"Will Grainger",
1169941,"Sam Straughan-Brown","Sam Ellis Straughan-Brown",,"England, Gibraltar","Central Midfield",Doncaster,2454,50000,,,,,,,,"Sam Straughan-Brown",
1169956,"Kain Adom","Kain James Kofi Adom",,"England, Ghana","Right Winger","Burton Albion",2963,75000,,,,,,,,"Kain Adom",
1171119,"Beck-Ray Enoru","Beck-Ray Besongbap Enoru",,Cameroon,Centre-Forward,"Notts County",1045,50000,,,,,,,,"Beck-Ray Enoru",
1176441,"Harley Mills",,,England,Left-Back,Peterborough,1072,150000,,,,,,,,"Harley Mills",
1175955,"Ashqar Ahmed","Ashqar Zamil Ahmed",,"England, Tanzania",Right-Back,Reading,1032,200000,,,,,,,,"Fares Ahmed Al Ghafli",
1176869,"Kai Jennings",,,England,"Central Midfield","AFC Wimbledon",3884,50000,,,,,,,,"Kai Jennings",
1179574,"Cameron Gardner","Cameron Alexander Gardner",,"Scotland, England",Centre-Forward,"Grimsby Town",1034,50000,,,,,,,,"Cameron Gardner",
1186528,"Liam Oakes","Liam Andrew Oakes",,England,"Right Midfield","Exeter City",6699,75000,,,,,,,,"Liam Oakes",
1184522,"Cole Jarvis","Cole Lewis Jarvis",,Wales,"Right Winger","Newport County",3716,75000,,,,,,,,"Cole Jarvis",
1188943,"Neo Dobson","Neo Isaiah Dobson",,England,Centre-Forward,Northampton,1302,,,,,,,,,"Neo Dobson",
1193520,"Kyrell Malcolm",,,England,"Left Winger",Salford,34888,50000,,,,,,,,"Kyrell Malcolm",
119553,"Jack Grimmer","Jack Richard Grimmer",,Scotland,Right-Back,Wycombe,2805,225000,,,,,,,,"Jack Grimmer",
1197833,"Phil Croker",,,England,Centre-Back,"Crewe Alexandra",1042,,,,,,,,,"Phil Croker",
1201243,"Sopuruchukwu Obieri","Sopuruchukwu Malvin Obieri",,"England, Nigeria",Centre-Forward,Cheltenham,3371,,,,,,,,,,
1201750,"Junior Nkeng","Robert Junior Nkeng",,"Spain, England","Left Winger","AFC Wimbledon",3884,150000,,,,,,,,"Junior Nkeng",
1201875,"Ethon Archer","Ethon Emmanuel Archer",,England,"Left Winger",Bromley,8981,200000,,,,,,,,"Ethon Archer",
1203725,"Max Woodford",,,England,Goalkeeper,Stevenage,3684,,,,,,,,,,
1205843,"Stan Dancey","Stanley Robert Dancey",,"Wales, England",Right-Back,"Crewe Alexandra",1042,50000,,,,,,,,"Stan Dancey",
1211228,"Luca Moore","Luca Jack Moore",,England,"Central Midfield","Crewe Alexandra",1042,50000,,,,,,,,"Luca Moore",
1205846,"Joel McGregor","Joel David McGregor",,England,Right-Back,"Swindon Town",352,250000,,,,,,,,"Joel McGregor",
1209412,"Jack Blower","Jack James Blower",,England,"Central Midfield",Barnet,2804,,,,,,,,,,
1211229,"Oliver Armstrong",,,England,"Central Midfield","Crewe Alexandra",1042,,,,,,,,,"Oliver Armstrong",
1211266,"Freddie Taylor","Freddie James Taylor",,England,Right-Back,Bromley,8981,,,,,,,,,,
1211277,"Tegan Finn","Tegan-Lee Finn",,England,"Left Midfield",Plymouth,2262,100000,,,,,,,,"Tegan Finn",
1212260,"Che Gardner","Che-Daniel Ricardo Gardner",,"Jamaica, England","Right Winger",Stockport,1098,,,,,,,,,"Che Gardner",
121269,"Ryan Watson","Ryan James Watson",,England,"Defensive Midfield",Tranmere,1074,50000,,,,,,,,"Ryan Watson",
1005007,"Da Mata",,,Brazil,Centre-Back,Konyaspor,2293,,,,,,,,,,
121395,"Matty Pearson","Matthew Joe Pearson",,England,Centre-Back,Doncaster,2454,550000,,,,,,,,"Matthew Pearson",
1214630,"Jack McEvilly",,,England,Centre-Back,Tranmere,1074,,,,,,,,,,
1214677,"Mark Barber","Mark Andrew Barber",,England,Centre-Back,Cheltenham,3371,,,,,,,,,"Mark Barber",
121536,"Neill Byrne",,,Ireland,Centre-Back,Doncaster,2454,50000,,,,,,,,"Neill Byrne",
1215468,"Jay Smith-Sway",,,England,Right-Back,Huddersfield,1110,,,,,,,,,,
1216180,"Corey Edwards",,,"Grenada, England","Central Midfield",Rochdale,1088,,,,,,,,,"Corey Edwards",
121773,"Joe Edwards","Joseph Robert Edwards",,England,Right-Back,Plymouth,2262,50000,,,,,,,,"Joe Edwards",
1220275,"Pemi Aderoju","Oluwalopemiwa Adedunmola Aderoju",,"England, Nigeria",Centre-Forward,"Crawley Town",3537,100000,,,,,,,,"Oluwalopemiwa Aderoju",
122223,"Sam Clucas","Samuel Raymond Clucas",,England,"Central Midfield",Shrewsbury,3054,50000,,,,,,,,"Sam Clucas",
1224844,"Harry Hedges",,,England,"Attacking Midfield","AFC Wimbledon",3884,,,,,,,,,"Harry Hedges",
1225050,"Kamil Dudek","Kamil Jan Dudek",,Poland,Goalkeeper,"Burton Albion",2963,,,,,,,,,"Kamil Dudek",
1225829,"Hayden Bullas",,,England,"Central Midfield",Bromley,8981,,,,,,,,,,
1225834,"Dan Carter","Daniel Edward Carter",,England,"Attacking Midfield","Leyton Orient",1150,,,,,,,,,,
1225861,"Reece Wilson","Reece Shaun Wilson",,England,Centre-Forward,Rotherham,1194,,,,,,,,,,
1225863,"James Clarke","James Anthony Clarke",,England,"Attacking Midfield",Rotherham,1194,100000,,,,,,,,,
1225865,"Cohen Lee",,,England,"Central Midfield",Rotherham,1194,,,,,,,,,"Cohen Lee",
1228067,"Will Jenkins",,,England,"Central Midfield",Rochdale,1088,,,,,,,,,,
1229924,"Adama Sidibeh",,,"The Gambia, England",Centre-Forward,Stockport,1098,400000,,,,,,,,"Adama Sidibeh",
1231181,"Joseph McCallum",,,England,"Central Midfield",Wycombe,2805,,,,,,,,,,
1240107,"Patrick Matejko",,,England,"Central Midfield",Barnet,2804,,,,,,,,,,
1238020,"Jack Taylor","Jack Paul Taylor",,England,Centre-Back,Stevenage,3684,,,,,,,,,,
1243701,"Yahya Bamba","Yahaya Abdoul Bamba",,France,Centre-Forward,"Newport County",3716,,,,,,,,,"Yahya Mousa Gharawi",
1253588,"Sebastian Auton","Sebastian James Auton",,England,Goalkeeper,"Grimsby Town",1034,,,,,,,,,,
125409,"Nathaniel Méndez-Laing","Nathaniel Otis Méndez-Laing",,"Guatemala, England","Right Winger","MK Dons",991,250000,,,,,,,,"Nathaniel Méndez-Laing",
126225,"Tom Naylor","Thomas Keith Naylor",,England,"Defensive Midfield",Chesterfield,1219,75000,,,,,,,,"Tom Taylor",
1263583,"Kane Drummond","Kane Omar Earl Drummond",,England,Centre-Forward,"Oldham Athletic",1078,150000,,,,,,,,"Kane Drummond",
128273,"Jay Lynch","Jay Anthony Lynch",,England,Goalkeeper,Fleetwood,11177,75000,,,,,,,,"Jay Lynch",
128828,"Tom Anderson","Thomas Robert Anderson",,England,Centre-Back,Shrewsbury,3054,75000,,,,,,,,"Tom Anderson",
128895,"Jak Alnwick",,,England,Goalkeeper,Huddersfield,1110,225000,,,,,,,,,
128905,"Josh McEachran","Joshua Mark McEachran",,"England, Scotland","Central Midfield","Bristol Rovers",2455,75000,,,,,,,,"Josh McEachran",
1289516,"Isaac Lee",,,"Korea, South, England",Centre-Back,Shrewsbury,3054,50000,,,,,,,,"Lee Isaac",
1005424,"Pedro Jesus","Pedro Antonio Rei Jesus",,Portugal,"Attacking Midfield","Santa Clara",2423,,,,,,,,,,
129021,"Rod McDonald","Rodney Troy McDonald",,England,Centre-Back,"Notts County",1045,50000,,,,,,,,"Rod McDonald",
129062,"Jack Price","Jack Alexander Price",,England,"Central Midfield",Shrewsbury,3054,,,,,,,,,"Jack Hazlehurst",
129067,"Ethan Ebanks-Landell","Ethan Reid Ebanks-Landell",,"England, Jamaica",Centre-Back,Rochdale,1088,,,,,,,,,,
1293761,"Ryley Reynolds",,,England,"Central Midfield","Notts County",1045,,,,,,,,,,
1296103,"Fin Roberts",,,England,"Right Winger","Crewe Alexandra",1042,,,,,,,,,,
129558,"Sam Walker","Samuel Colin Walker",,England,Goalkeeper,Bradford,1027,50000,,,,,,,,,
1296813,"Callum Stewart",,,England,Centre-Forward,Shrewsbury,3054,75000,,,,,,,,"Callum Stewart",
1298081,"Henry Brown","Henry Oscar Brown",,England,"Attacking Midfield","Grimsby Town",1034,50000,,,,,,,,"Kian McMahon-Brown",
1300764,"Harry Waldock",,,England,"Central Midfield",Gillingham,2814,50000,,,,,,,,"Harry Waldock",
1305987,"James Rogerson","James Gordon Rogerson",,England,Goalkeeper,Accrington,3688,,,,,,,,,,
1313568,"Jenson Kilroy","Jenson Michael Kilroy",,England,Goalkeeper,Walsall,899,,,,,,,,,,
1309334,"Klaudio Krasniqi",,,"England, Albania","Defensive Midfield","Crawley Town",3537,25000,,,,,,,,,
1313571,"Louie Cayless",,,England,Right-Back,"Exeter City",6699,,,,,,,,,,
1313572,"Kasper Williams",,,England,Centre-Back,Doncaster,2454,,,,,,,,,"Kasper Williams",
1313578,"Harry Webster",,,England,Right-Back,Gillingham,2814,,,,,,,,,,
1314725,"K'Marni Miller","K'Marni Leigh Miller",,England,Left-Back,Wigan,1071,,,,,,,,,,
131980,"Conor Thomas",,,England,"Defensive Midfield","Crewe Alexandra",1042,50000,,,,,,,,"Conor Thomas",
1322747,"Junior Eccleston","Julian Junior Alexander Eccleston",,England,Centre-Back,Chesterfield,1219,,,,,,,,,,
1328419,"Rafiq Lamptey",,,"England, Ghana","Central Midfield",Chesterfield,1219,,,,,,,,,"Rafiq Lamptey",
133397,"Andy Cook","Andrew Ellis Cook",,England,Centre-Forward,"Grimsby Town",1034,50000,,,,,,,,"Andy Cook",
1336985,"Lenny Brown",,,England,,Stevenage,3684,,,,,,,,,"Lenny Brown",
1337025,"Kieran Wilson",,,Scotland,Centre-Forward,"Exeter City",6699,75000,,,,,,,,"Kieran Wilson",
1337026,"George Birch","George Edward Birch",,England,"Attacking Midfield","Exeter City",6699,,,,,,,,,"George Birch",
1337032,"Kane Richardson","Kane David Rudge Richardson",,England,"Left Midfield",Rotherham,1194,,,,,,,,,"Kane Richardson",
1337033,"Harrison Duncan","Harrison Anthony Duncan",,"England, British Virgin Islands",Centre-Back,Rotherham,1194,,,,,,,,,"Harrison Duncan",
1337177,"Isiah Noel-Williams",,,"England, Grenada",Centre-Forward,Barnet,2804,,,,,,,,,,
1337176,"Mamadou Diallo",,,England,Goalkeeper,"Cheltenham U18",18144,,,,,,,,,,
1338704,"Aston Wilson",,,England,Goalkeeper,"Oldham Athletic",1078,,,,,,,,,,
1338708,"Harry Tustin","Harry James Tustin",,England,"Central Midfield",Cheltenham,3371,50000,,,,,,,,"Harry Tustin",
1340404,"Lucca Mendonca",,,"England, Brazil",Centre-Back,Peterborough,1072,,,,,,,,,"Lucca Mendonça",
1340433,"George Sebine",,,England,Centre-Forward,Huddersfield,1110,,,,,,,,,"George Sebine",
1343643,"George Evans",,,England,Centre-Forward,Bromley,8981,,,,,,,,,,
1005585,"Pepê Fermino",,,Brazil,"Attacking Midfield",Santos,221,,,,,,,,,,
134293,"Jayden Stockley","Jayden Connor Stockley",,England,Centre-Forward,"Port Vale",1211,125000,,,,,,,,"Jayden Stockley",
1399959,"Isaac England","Isaac Samuel England",,England,"Central Midfield",Shrewsbury,3054,75000,,,,,,,,"Isaac England",
136580,"Omar Beckles","Omar Jerome Beckles",,"Grenada, England",Centre-Back,Gillingham,2814,50000,,,,,,,,"Omar Beckles",
1404686,"Frankie Phillips",,,England,Goalkeeper,"Exeter City",6699,,,,,,,,,,
1406628,"Chanse Headman","Chanse Allan Headman",,England,Centre-Back,Bromley,8981,75000,,,,,,,,"Chanse Headman",
1415493,"Jacob Bryant","Jacob Samuel Bryant",,England,Goalkeeper,Doncaster,2454,,,,,,,,,,
141573,"George Saville","George Alan Saville",,"Northern Ireland, England","Central Midfield",Luton,1031,700000,,,,,,,,"George Saville",
1432936,"Rohat Matyar",,,England,Centre-Back,Barnet,2804,,,,,,,,,,
1433785,"Fate Kotey",,,"England, Ghana","Right Winger","Crawley Town",3537,,,,,,,,,"Fate Kotey",
1434712,"Bright Siaw","Bright Kwame Siaw",,"England, Ghana","Left Winger",Barnet,2804,,,,,,,,,"Bright Siaw",
1447788,"Sulyman Krubally","Sulyman Krubally Sankareh",,"England, The Gambia","Attacking Midfield","Burton Albion",2963,100000,,,,,,,,"Sulyman Krubally",
1441310,"Will Gray",,,England,"Central Midfield",Shrewsbury,3054,50000,,,,,,,,"Will Gray",
145923,"Michael Ihiekwe","Michael Uzoukwu Absalom Jude Ihiekwe",,"England, Nigeria",Centre-Back,Blackpool,1181,200000,,,,,,,,"Michael Ihiekwe",
146542,"Ollie Clarke","Oliver Anthony Clarke",,England,"Central Midfield","Swindon Town",352,75000,,,,,,,,"Ollie Clarke",
147623,"Carl Piergianni","Carl Liam Piergianni",,"England, Italy",Centre-Back,Stevenage,3684,75000,,,,,,,,"Carl Piergianni",
148299,"Curtis Nelson","Curtis Alexander Nelson",,England,Centre-Back,"MK Dons",991,275000,,,,,,,,"Curtis Nelson",
148660,"Ollie Turton","Oliver Anthony Turton",,England,Right-Back,Salford,34888,150000,,,,,,,,"Oliver Turton",
1489626,"Oscar Lunn",,,"England, Italy",Centre-Back,Bradford,1027,,,,,,,,,,
1492268,"Alex Pavan",,,"England, South Africa","Attacking Midfield",Doncaster,2454,,,,,,,,,,
1492270,"Lincoln Pawlak",,,England,Centre-Back,Doncaster,2454,,,,,,,,,,
1494203,"Max Murray",,,England,Right-Back,Huddersfield,1110,,,,,,,,,,
1537871,"Charlie Bussell",,,England,"Central Midfield","Port Vale",1211,,,,,,,,,"Charlie Bussel",
154219,"Michael Rose","Michael Alexander Rose",,Scotland,Centre-Back,Salford,34888,300000,,,,,,,,,
1562773,"Sam Mann",,,England,Centre-Forward,Tranmere,1074,,,,,,,,,,
158534,"Max Power","Max Mcauley Power",,England,"Central Midfield",Wigan,1071,200000,,,,,,,,"Max Power",
158702,"Ollie Banks","Oliver Ian Banks",,England,"Attacking Midfield","York City",1252,,,,,,,,,,
158713,"Richard Smallwood",,,England,"Defensive Midfield","Bristol Rovers",2455,25000,,,,,,,,"Richard Smallwood",
160154,"Ashley Palmer","Ashley John Palmer",,England,Centre-Back,"York City",1252,,,,,,,,,,
160525,"Antoni Sarcevic","Antoni Charles Sarcevic",,"England, Serbia","Attacking Midfield",Bradford,1027,50000,,,,,,,,"Antoni Sarcevic",
163531,"Connor Ripley","Connor James Ripley",,England,Goalkeeper,"Swindon Town",352,125000,,,,,,,,"Connor Ripley",
167254,"Dominic Ball","Dominic Martin Ball",,"England, Northern Ireland","Defensive Midfield","Cambridge Utd.",986,250000,,,,,,,,"Dominic Ball",
167265,"Cameron McGeehan","Cameron Alexander McGeehan",,"Northern Ireland, England","Central Midfield",Barnsley,349,250000,,,,,,,,"Cameron McGeehan",
167393,"James Husband","James Andrew Husband",,England,Left-Back,Doncaster,2454,175000,,,,,,,,"James Husband",
169555,"Callum Paterson","Callum Thomas Owen Paterson",,"Scotland, England",Centre-Forward,"MK Dons",991,550000,,,,,,,,"Callum Paterson",
169801,"Cauley Woodrow",,,England,Centre-Forward,Wycombe,2805,400000,,,,,,,,"Cauley Woodrow",
173483,"Nahki Wells","Nahki Michael Wells",,Bermuda,Centre-Forward,Luton,1031,200000,,,,,,,,"Nahki Wells",
174099,"Murray Wallace",,,Scotland,Centre-Back,Huddersfield,1110,400000,,,,,,,,"Murray Wallace",
175740,"Joe Rafferty","Joseph Gerard Rafferty",,"Ireland, England",Right-Back,Rotherham,1194,200000,,,,,,,,"Joe Rafferty",
176632,"Josh Ruffels","Joshua Andrew Bernard Ruffels",,England,Left-Back,Shrewsbury,3054,175000,,,,,,,,"Josh Ruffels",
177901,"Joe Ironside","Joe Samuel Ironside",,England,Centre-Forward,Tranmere,1074,150000,,,,,,,,"Joe Ironside",
178067,"Stephen McLaughlin","Stephen Antony McLaughlin",,Ireland,Left-Back,"Mansfield Town",3820,50000,,,,,,,,"Stephen McLaughlin",
177914,"Oliver Norburn","Oliver Lewis Norburn",,"Grenada, England","Central Midfield","Oldham Athletic",1078,75000,,,,,,,,"Oliver Norburn",
181498,"George Evans",,,England,"Defensive Midfield","Burton Albion",2963,150000,,,,,,,,"George Evans",
182842,"Josh Scowen","Joshua Charles Scowen",,England,"Central Midfield",Wycombe,2805,100000,,,,,,,,"Josh Scowen",
181714,"Sven Sprangler",,,Austria,"Central Midfield",Walsall,899,100000,,,,,,,,"Sven Sprangler",
183166,"Ian Lawlor","Ian John Lawlor",,Ireland,Goalkeeper,"Crewe Alexandra",1042,75000,,,,,,,,"Ian Lawlor",
183301,"Luke McGee","Luke Paul McGee",,England,Goalkeeper,Tranmere,1074,75000,,,,,,,,"Luke McGee",
183172,"Pierce Sweeney","Pierce Liam Sweeney",,Ireland,Centre-Back,Cheltenham,3371,200000,,,,,,,,"Pierce Sweeney",
184129,"Jordan Clark","Jordan Charles Clark",,England,"Attacking Midfield",Luton,1031,500000,,,,,,,,"Jordan Clark",
185467,"Jake Reeves","Jake Kenny Reeves",,England,"Central Midfield","AFC Wimbledon",3884,125000,,,,,,,,"Jake Reeves",
185109,"Ellis Harrison","Ellis Wade Harrison",,Wales,Centre-Forward,"Bristol Rovers",2455,75000,,,,,,,,"Ellis Harrison",
185869,"Grant Smith","Grant Ashley Smith",,England,Goalkeeper,Bromley,8981,100000,,,,,,,,"Grant Smith",
186624,"Elliott Hewitt","Elliott Jack Hewitt",,Wales,Right-Back,"Mansfield Town",3820,100000,,,,,,,,"Elliott Hewitt",
186597,"Tom Nichols","Thomas Andrew Nichols",,England,"Attacking Midfield","Swindon Town",352,100000,,,,,,,,"Tom Nichols",
186924,"Devante Cole","Devante Lavon Andrew Dewar-Cole",,"Jamaica, England",Centre-Forward,Luton,1031,350000,,,,,,,,"Devante Cole",
192611,"Joel Pereira","Joel Dinis Castro Pereira",,"Portugal, Switzerland",Goalkeeper,Reading,1032,325000,,,,,,,,,
186927,"Jordan Houghton","Jordan Alexander Houghton",,England,"Defensive Midfield",Stevenage,3684,750000,,,,,,,,"Jordan Houghton",
194189,"Mickey Demetriou","Μίκης Ντέιβιντ Δημητρίου",,"England, Cyprus",Centre-Back,"Crewe Alexandra",1042,50000,,,,,,,,"Mickey Demetriou",
1001391,"Ollie Pearce",,,England,Centre-Forward,"York City",1252,,,,,,,,,,
192766,"Gwion Edwards","Gwion Dafydd Rhys Edwards",,Wales,"Right Winger","Exeter City",6699,,,,,,,,,,
195679,"Deji Oshilaja","Abdul-Yussuf Adedeji Adeniyi Oshilaja",,"England, Nigeria",Centre-Back,"Mansfield Town",3820,150000,,,,,,,,"Adedeji Oshilaja",
195680,"Joe Ralls","Joseph Williams Ralls",,England,"Central Midfield",Plymouth,2262,300000,,,,,,,,"Joe Ralls",
198861,"Sam Hoskins","Samuel Tobias Hoskins",,England,"Right Winger",Northampton,1302,125000,,,,,,,,"Sam Hoskins",
197791,"Janoi Donacien","Janoi Denzil Naieme Donacien",,"St. Lucia, England",Right-Back,Northampton,1302,100000,,,,,,,,"Janoi Donacien",
199522,"Donervon Daniels","Donervon Joseph Daniels",,"Montserrat, England",Centre-Back,"Oldham Athletic",1078,75000,,,,,,,,"Donervon Daniels",
204960,"Ibou Touray","Ibou Omar Touray",,"The Gambia, England",Left-Back,Bradford,1027,225000,,,,,,,,"Ibou Touray",
207771,"Louis Thompson","Louis Clyde William Thompson",,"Wales, England","Central Midfield",Stevenage,3684,150000,,,,,,,,"Louis Thompson",
211076,"Ross Fitzsimons","Ross Alan Richard Frank Fitzsimons",,England,Goalkeeper,Northampton,1302,100000,,,,,,,,"Ross Fitzsimons",
212426,"Connor Jennings","Connor Joseph Jennings",,England,Centre-Forward,Tranmere,1074,50000,,,,,,,,"Connor Jennings",
213398,"Cole Stockton","Cole John Stockton",,England,Centre-Forward,Accrington,3688,100000,,,,,,,,"Cole Stockton",
213847,"Jordan Roberts","Jordan Stephen Roberts",,England,"Left Midfield",Stevenage,3684,150000,,,,,,,,"Jordan Roberts",
216901,"Cameron Norman","Cameron Pearce Norman",,England,Right-Back,"Newport County",3716,150000,,,,,,,,"Cameron Norman",
217806,"Sam Finley","Samuel Joseph Finley",,England,"Central Midfield",Tranmere,1074,75000,,,,,,,,"Sam Finley",
217094,"Chey Dunkley","Cheyenne Armani Keanu Roma Dunkley",,"Jamaica, England",Centre-Back,Chesterfield,1219,75000,,,,,,,,"Chey Dunkley",
218087,"Ben Osborn","Benjamin Jarrod Osborn",,England,"Central Midfield",Stockport,1098,700000,,,,,,,,"Ben Osborn",
218355,"Conor Grant","Conor James Grant",,England,"Central Midfield",Accrington,3688,75000,,,,,,,,,
218140,"George Honeyman","George Christopher Honeyman",,England,"Attacking Midfield",Blackpool,1181,500000,,,,,,,,"George Honeyman",
220491,"Matt Macey","Matthew Ryan Macey",,England,Goalkeeper,Wycombe,2805,200000,,,,,,,,"Matt Macey",
222108,"Jon Guthrie","Jonathan Neil Guthrie",,England,Centre-Back,Northampton,1302,100000,,,,,,,,"Jon Guthrie",
220755,"Matthew Pennington",,,England,Centre-Back,Bradford,1027,250000,,,,,,,,"Matthew Pennington",
223225,"Dan Crowley","Daniel Patrick Crowley",,"England, Ireland","Attacking Midfield","MK Dons",991,400000,,,,,,,,"Dan Crowley",
226219,"Sean Raggett","Sean Aidan Raggett",,"England, Ireland",Centre-Back,"Colchester Utd.",1060,150000,,,,,,,,"Sean Raggett",
226978,"Jordan Turnbull","Jordan Robert Turnbull",,England,Centre-Back,Tranmere,1074,150000,,,,,,,,"Jordan Turnbull",
227315,"Luke Leahy",,,"England, Scotland","Central Midfield",Wycombe,2805,100000,,,,,,,,"Luke Leahy",
227944,"Dan Butler","Daniel Butler",,England,Left-Back,Stevenage,3684,175000,,,,,,,,"Dan Butler",
232897,"Ryan Woods","Ryan Michael Woods",,England,"Defensive Midfield","Oldham Athletic",1078,175000,,,,,,,,,
236870,"Matt Palmer","Matthew Thomas Palmer",,England,"Central Midfield","Notts County",1045,250000,,,,,,,,"Matt Palmer",
237505,"Jack Whatmough","Jack David Vincent Whatmough",,England,Centre-Back,Huddersfield,1110,600000,,,,,,,,"Jack Whatmough",
238440,"Alex Gilbey","Alexander Scott Gilbey",,England,"Attacking Midfield","MK Dons",991,300000,,,,,,,,"Alex Gilbey",
238556,"Bradley Dack","Bradley Paul Dack",,England,"Attacking Midfield",Gillingham,2814,150000,,,,,,,,"Bradley Dack",
243623,"Stuart Moore","Stuart John Moore",,England,Goalkeeper,Wycombe,2805,75000,,,,,,,,,
242412,"Gethin Jones","Gethin Wynne Jones",,"Australia, Wales",Right-Back,"MK Dons",991,275000,,,,,,,,,
240083,"George Byers","George William Byers",,"Scotland, England","Central Midfield","Port Vale",1211,225000,,,,,,,,"George Byers",
244130,"Sullay Kaikai","Sulaiman Borbor Kaikai",,"Sierra Leone, England","Left Winger","Cambridge Utd.",986,150000,,,,,,,,"Sullay Kaikai",
244125,"Hiram Boateng","Hiram Kojo Kwarteng Boateng",,"England, Ghana","Central Midfield","York City",1252,,,,,,,,,,
244154,"Ryan Tafazolli","Ryan Sirous Tafazolli",,"England, Iran",Centre-Back,"Swindon Town",352,50000,,,,,,,,"Ryan Tafazolli",
244338,"Pelly Ruddock Mpanzu",,,"DR Congo, England","Defensive Midfield","Cambridge Utd.",986,350000,,,,,,,,"Pelly Mpanzu",
247400,"Will Boyle","William Sam Douglas Harry Boyle",,"England, Scotland",Centre-Back,Shrewsbury,3054,150000,,,,,,,,"Will Boyle",
248325,"Aaron Nemane","Aaron Evans Nemane",,"France, England","Right Winger",Rotherham,1194,300000,,,,,,,,"Aaron Nemane",
250277,"Morgan Fox","Morgan Alexander Fox",,"Wales, England",Left-Back,Wigan,1071,325000,,,,,,,,"Morgan Fox",
249164,"Liam Roberts","Liam Joseph Roberts",,England,Goalkeeper,"Mansfield Town",3820,200000,,,,,,,,"Liam Roberts",
250431,"Jamie Sterry","Jamie Michael Sterry",,"England, Italy",Right-Back,Doncaster,2454,125000,,,,,,,,"Jamie Sterry",
250840,"Jamie Reid","James Tyrrell Reid",,"Northern Ireland, England",Centre-Forward,Stevenage,3684,200000,,,,,,,,,
251885,"Julio Pleguezuelo","Julio José Pleguezuelo Selva",,Spain,Centre-Back,Plymouth,2262,700000,,,,,,,,"Julio Pleguezuelo",
252617,"Craig MacGillivray","Craig Brodie MacGillivray",,"Scotland, England",Goalkeeper,"MK Dons",991,100000,,,,,,,,"Craig MacGillivray",
252986,"Liam Kelly","Liam Anthony Kelly",,"Ireland, England","Central Midfield","MK Dons",991,300000,,,,,,,,,
255129,"Hakeeb Adelakun","Hakeeb Adeola Jerome Abiola Ayinde Adelakun",,"England, Nigeria","Right Winger",Doncaster,2454,100000,,,,,,,,"Hakeeb Adelakun",
255353,"Christian Doidge","Christian Rhys Doidge",,Wales,Centre-Forward,"Newport County",3716,,,,,,,,,,
257247,"Rhys Oates","Rhys Derek Oates",,England,Centre-Forward,"Mansfield Town",3820,100000,,,,,,,,"Rhys Oates",
257533,"Greg Olley","Greg Thomas Olley",,England,"Attacking Midfield","York City",1252,,,,,,,,,,
258216,"Kasey Palmer","Kasey Remel Palmer",,"Jamaica, England","Attacking Midfield",Luton,1031,900000,,,,,,,,"Kasey Palmer",
258881,"Kyle Cameron","Kyle Milne Cameron",,"Scotland, England",Centre-Back,"Newport County",3716,300000,,,,,,,,"Kyle Cameron",
258884,"Ryan Ledson","Ryan Graham Ledson",,England,"Central Midfield",Huddersfield,1110,1500000,,,,,,,,"Ryan Ledson",
258886,"Demetri Mitchell","Demetri Kareem Mitchell",,"England, Jamaica","Right Winger","Leyton Orient",1150,175000,,,,,,,,"Demetri Mitchell",
258910,"Lewis Ward","Lewis Moore Ward",,England,Goalkeeper,"Swindon Town",352,75000,,,,,,,,"Keon Lewis-Burgess",
260368,"Christy Pym","Christy James Pym",,"Northern Ireland, England",Goalkeeper,"Grimsby Town",1034,200000,,,,,,,,"Christy Pym",
259916,"Ryan Boot","Ryan Thomas William Boot",,England,Goalkeeper,Chesterfield,1219,75000,,,,,,,,"Ryan Boot",
265577,"Callum Camps","Callum Jason Noel Camps",,"Northern Ireland, England","Central Midfield",Stockport,1098,250000,,,,,,,,"Callum Camps",
268451,"Emmanuel Dieseruvwe","Emmanuel Aghogho Oluwafemi Dieseruvwe",,"England, Nigeria",Centre-Forward,Rochdale,1088,,,,,,,,,,
265592,"Mitch Pinnock","Mitchell Bernard Pinnock",,England,"Left Winger",Bromley,8981,200000,,,,,,,,"Mitch Pinnock",
268606,"Ilmari Niskanen","Ilmari Matias Niskanen",,Finland,"Right Midfield",Blackpool,1181,500000,,,,,,,,"Ilmari Niskanen",
268746,"Jack Marriott","Jack David Marriott",,England,Centre-Forward,Reading,1032,400000,,,,,,,,"Jack Marriott",
270221,"Dan Casey",,,Ireland,Centre-Back,Wycombe,2805,450000,,,,,,,,"Dan Lagumdzija",
270988,"Ben Purrington",,,England,Left-Back,"Bristol Rovers",2455,200000,,,,,,,,"Ben Purrington",
276266,"Teddy Bishop","Edward James Bishop",,England,"Central Midfield","Colchester Utd.",1060,200000,,,,,,,,"Teddy Bishop",
277723,"Cameron Humphreys","Cameron Lisceous Humphreys-Grant",,England,Centre-Back,"Port Vale",1211,600000,,,,,,,,"Cameron Humphreys",
278092,"Jack Payne",,,England,"Attacking Midfield","Colchester Utd.",1060,275000,,,,,,,,"Jack Payne",
278501,"Paul Mullin","Paul Philip Mullin",,"England, Wales",Centre-Forward,Rotherham,1194,350000,,,,,,,,,
279458,"Matty Virtue","Matthew Joseph Virtue Thick",,England,"Central Midfield","Swindon Town",352,200000,,,,,,,,"Matty Virtue",
280409,"Shaun Rooney","Shaun Antony Rooney",,Scotland,Right-Back,Fleetwood,11177,300000,,,,,,,,"Shaun Rooney",
280982,"Eoghan O'Connell",,,Ireland,Centre-Back,Stockport,1098,400000,,,,,,,,"Eoghan O'Connell",
282256,"Ollie Palmer","Oliver James Palmer",,England,Centre-Forward,"Swindon Town",352,50000,,,,,,,,"Ollie Palmer",
284320,"Dion Charles","Dion Elie Raymond Charles",,"Northern Ireland, England",Centre-Forward,Blackpool,1181,500000,,,,,,,,"Dion Charles",
285033,"Will Norris","William James Norris",,England,Goalkeeper,Salford,34888,300000,,,,,,,,,
283478,"Patrick Brough","Patrick John Brough",,England,Left-Back,Tranmere,1074,150000,,,,,,,,"Patrick Brough",
285287,"Regan Hendry",,,Scotland,"Central Midfield","Mansfield Town",3820,250000,,,,,,,,"Regan Hendry",
285846,"Sam Lavelle","Samuel Mark Lavelle",,"Scotland, England",Centre-Back,"Grimsby Town",1034,125000,,,,,,,,"Sam Lavelle",
288323,"Marcus Harness","Marcus Anthony Myers-Harness",,"Ireland, England","Attacking Midfield",Huddersfield,1110,750000,,,,,,,,"Marcus Harness",
288952,"Callum Roberts",,,England,"Right Winger","Notts County",1045,,,,,,,,,,
289846,"Ashley Fletcher","Ashley Michael Fletcher",,England,Centre-Forward,Huddersfield,1110,325000,,,,,,,,"Ashley Fletcher",
289411,"Marko Marosi","Marko Maroši",,Slovakia,Goalkeeper,"Port Vale",1211,100000,,,,,,,,"Marko Marosi",
291171,"Kyle Knoyle",,,England,Right-Back,"Mansfield Town",3820,200000,,,,,,,,"Kyle Knoyle",
293570,"Ryan Croasdale","Ryan Mark Croasdale",,England,"Defensive Midfield","Port Vale",1211,175000,,,,,,,,"Ryan Croasdale",
293450,"Baily Cargill","Baily James Cargill",,England,Centre-Back,"Mansfield Town",3820,175000,,,,,,,,"Baily Cargill",
293709,"Theo Archibald","Theodore Valentine Archibald",,Scotland,"Left Midfield","Leyton Orient",1150,150000,,,,,,,,"Theo Archibald",
293729,"Daniel Harvie","Daniel William Harvie",,Scotland,Left-Back,Wycombe,2805,600000,,,,,,,,"Daniel Harvie",
294056,"Tom Conlon","Tom George Sawyer Conlon",,England,"Central Midfield",Tranmere,1074,150000,,,,,,,,"Tom Conlon",
295639,"Mark Kitching","Mark Stephen Kitching",,England,Centre-Back,"York City",1252,,,,,,,,,,
296986,"Tyler Roberts","Tyler D'Whyte Roberts",,"Wales, England","Second Striker","Mansfield Town",3820,800000,,,,,,,,"Tyler Roberts",
297571,"James Ball","James Cameron Ball",,England,"Central Midfield","Swindon Town",352,75000,,,,,,,,"James Bello",
298231,"Courtney Baker-Richardson","Courtney Romello Baker-Richardson",,England,Centre-Forward,Tranmere,1074,125000,,,,,,,,"Courtney Baker-Richardson",
299471,"Ryan Johnson","Ryan Anthony Johnson",,"Northern Ireland, England",Centre-Back,"AFC Wimbledon",3884,250000,,,,,,,,,
305274,"Fred Onyedinma","Wilfred Oluwafemi Onyedinma",,"Nigeria, England","Right Midfield",Wycombe,2805,700000,,,,,,,,"Fred Onyedinma",
308388,"Kyle Dempsey","Kyle Michael Dempsey",,England,"Central Midfield","Port Vale",1211,350000,,,,,,,,"Kyle Dempsey",
308632,"Callum Connolly","Callum Alexander Connolly",,England,Centre-Back,Bradford,1027,550000,,,,,,,,"Callum Connolly",
307781,"Lynden Gooch","Lynden Jack Gooch",,"United States, Ireland",Right-Back,Huddersfield,1110,600000,,,,,,,,"Lynden Gooch",
314237,"Rushian Hepburn-Murphy","Rushian Marcus Amari Hepburn-Murphy",,"England, Jamaica",Centre-Forward,"MK Dons",991,350000,,,,,,,,"Rushian Hepburn-Murphy",
314205,"Danny Collinge","Daniele James Collinge",,"England, Italy",Centre-Back,Barnet,2804,200000,,,,,,,,"Danny Collinge",
314253,"Herbie Kane","Herbert Kane",,England,"Central Midfield",Huddersfield,1110,750000,,,,,,,,"Herbie Kane",
314280,"Taylor Moore","Taylor David Moore",,England,Centre-Back,"Bristol Rovers",2455,225000,,,,,,,,"Taylor Moore",
314354,"Taye Ashby-Hammond",,,England,Goalkeeper,Barnet,2804,175000,,,,,,,,"Taye Ashby-Hammond",
314362,"Hayden Coulson","Hayden Ross Coulson",,England,Left-Back,Blackpool,1181,400000,,,,,,,,"Hayden Coulson",
314381,"Adam Phillips","Adam Lee Phillips",,England,"Attacking Midfield",Bradford,1027,650000,,,,,,,,"Adam Phillips",
314998,"Liam Walsh",,,England,"Central Midfield",Luton,1031,700000,,,,,,,,"Liam Walsh",
315619,"Will Aimson","William Stewart Aimson",,England,Centre-Back,Salford,34888,200000,,,,,,,,"Will Aimson",
316312,"Louis Reed","Louis Samuel Reed",,England,"Central Midfield","Mansfield Town",3820,375000,,,,,,,,"Louis Reed",
316554,"Ryan Delaney","Ryan Liam Delaney",,Ireland,Centre-Back,"Oldham Athletic",1078,100000,,,,,,,,"Ryan Delaney",
318549,"George Johnston",,,"Scotland, England",Centre-Back,Luton,1031,800000,,,,,,,,"George Johnston",
319296,"Connor Lemonheigh-Evans",,,Wales,"Attacking Midfield",Northampton,1302,150000,,,,,,,,"Ollie Evans",
319630,"Manny Monthe","Emmanuel Gaetan Nguemkam Monthe",,"Cameroon, England",Centre-Back,"Oldham Athletic",1078,150000,,,,,,,,"Manny Monthé",
321416,"Nathan Smith","Nathan James Smith",,England,Centre-Back,Tranmere,1074,275000,,,,,,,,,
321579,"Jake Beesley","Jake Elliott Beesley",,England,Centre-Forward,Bradford,1027,300000,,,,,,,,"Jake Beesley",
322770,"Conor Hazard","Conor William Hazard",,"Northern Ireland",Goalkeeper,Wycombe,2805,700000,,,,,,,,"Conor Hazard",
325105,"Tom James","Thomas Lynn James",,Wales,Right-Back,"Bristol Rovers",2455,300000,,,,,,,,,
32526,"Kyle McFadzean","Kyle John McFadzean",,"England, Scotland",Centre-Back,Chesterfield,1219,25000,,,,,,,,"Kyle McFadzean",
325214,"Corey O'Keeffe","Corey James John O'Keeffe",,"Ireland, England",Right-Back,Barnsley,349,550000,,,,,,,,"Corey O'Keeffe",
326585,"Jamie Robson","Jamie David Robson",,Scotland,Left-Back,"Oldham Athletic",1078,300000,,,,,,,,"Jamie Robson",
329205,"Tom Pett","Thomas George Pett",,England,"Central Midfield","Oldham Athletic",1078,75000,,,,,,,,"Tom Pett",
329849,"Myles Hippolyte","Myles Elliot Zach Hippolyte",,"Grenada, England","Left Midfield","AFC Wimbledon",3884,125000,,,,,,,,"Myles Hippolyte",
330583,"Joe McDonnell","Joseph Patrick McDonnell",,England,Goalkeeper,"AFC Wimbledon",3884,75000,,,,,,,,"Joe McDonnell",
330593,"Jeff King","Jeff Francis King",,England,Right-Back,"York City",1252,,,,,,,,,,
332327,"Ed Francis","Edward Albert Francis",,England,"Defensive Midfield",Rochdale,1088,,,,,,,,,"Ed Francis",
334687,"Alex Bass","Alexander Michael Bass",,England,Goalkeeper,Peterborough,1072,375000,,,,,,,,"Alex Bass",
334721,"Kyle Wootton","Kyle Leon Wootton",,England,Centre-Forward,Stockport,1098,700000,,,,,,,,"Kyle Wootton",
334964,"Jorge Grant","Jorge Edward Grant",,England,"Attacking Midfield",Salford,34888,225000,,,,,,,,"Jorge Grant",
335177,"Farrend Rawson","Farrend James Rawson",,England,Centre-Back,Accrington,3688,300000,,,,,,,,"Farrend Rawson",
335181,"Charles Vernam","Charles Terence Priestley Vernam",,England,"Left Winger","Grimsby Town",1034,150000,,,,,,,,"Charles Vernam",
335591,"Rob Hunt","Robert Donald Hunt",,England,Right-Back,"Colchester Utd.",1060,150000,,,,,,,,"Rob Tankiewicz",
335598,"Will Collar","William Guy Collar",,England,"Central Midfield","MK Dons",991,400000,,,,,,,,"Will Collar",
335765,"Harry Anderson","Harry John Anderson",,England,"Right Winger","Colchester Utd.",1060,275000,,,,,,,,"Harry Anderson",
337062,"Ben Thompson","Ben Rhys Thompson",,England,"Central Midfield",Bromley,8981,200000,,,,,,,,"Ben Thompson",
337101,"Jack Stevens","Jack Alexander Stevens",,England,Goalkeeper,Reading,1032,125000,,,,,,,,"Jack Stevens",
337279,"Armani Little","Armani George Little",,England,"Central Midfield",Gillingham,2814,200000,,,,,,,,"Armani Little",
33781,"Vito Mannone",,,Italy,Goalkeeper,"Crawley Town",3537,,,,,,,,,,
338291,"Laurence Maguire","Laurence Henry Maguire",,England,Centre-Back,Rochdale,1088,150000,,,,,,,,"Laurence Maguire",
339023,"Matty Stevens","Mathew Antony Stevens",,England,Centre-Forward,"AFC Wimbledon",3884,350000,,,,,,,,"Matty Stevens",
340320,"Marcus McGuane","Marcus Samuel Michael McGuane",,"England, Ireland","Defensive Midfield",Huddersfield,1110,450000,,,,,,,,"Marcus McGuane",
340921,"Jake Doyle-Hayes","Jake Billy Doyle-Hayes",,Ireland,"Central Midfield","Exeter City",6699,350000,,,,,,,,"Jake Tabor",
341042,"Aaron Collins","Aaron Graham John Collins",,Wales,Centre-Forward,"MK Dons",991,700000,,,,,,,,"Aaron Collins",
341882,"Andy Cannon","Andrew Francis Cannon",,England,"Central Midfield",Fleetwood,11177,200000,,,,,,,,"Andy Cannon",
341043,"Harry Lewis","Harry Charles John Lewis",,England,Goalkeeper,"Mansfield Town",3820,75000,,,,,,,,"Harry Lewis",
341993,"Elliott Moore","Elliott Jordan Moore",,England,Centre-Back,Northampton,1302,400000,,,,,,,,"Elliott Moore",
342047,"Jack Fitzwater","Jack Joseph Fitzwater",,England,Centre-Back,"Exeter City",6699,300000,,,,,,,,"Jack Fitzwater",
343301,"Kieran Green","Kieran Thomas Green",,England,"Attacking Midfield","Grimsby Town",1034,350000,,,,,,,,"Kieran Green",
344015,"Ben Woodburn","Benjamin Luke Woodburn",,"Wales, England","Attacking Midfield",Salford,34888,250000,,,,,,,,"Ben Woodburn",
344354,"Omar Sowunmi","Omar Kolawole Olufemi Sowunmi",,"England, Nigeria",Centre-Back,Bromley,8981,500000,,,,,,,,"Omar Sowunmi",
344589,"Jack Aitchison",,,Scotland,"Attacking Midfield","Bristol Rovers",2455,325000,,,,,,,,"Jack Aitchison",
344586,"Connal Trueman","Connal Joe Trueman",,England,Goalkeeper,"Sheff Wed",1035,75000,,,,,,,,"Connal Trueman",
344588,"Glenn Middleton",,,Scotland,"Left Winger",Doncaster,2454,350000,,,,,,,,"Glenn Middleton",
344987,"Victor Adeboyejo","Ayomide Victor Adeboyejo",,"Nigeria, England",Centre-Forward,Bromley,8981,400000,,,,,,,,"Victor Adeboyejo",
345282,"Ronan Coughlan","Ronan Liam Coughlan",,Ireland,Centre-Forward,Fleetwood,11177,100000,,,,,,,,"Ronan Coughlan",
345647,"Anders Hagelskjær",,,Denmark,Centre-Back,Wycombe,2805,650000,,,,,,,,"Anders Hagelskjær",
347666,"Ryan Sweeney","Ryan Joseph Sweeney",,"Ireland, England",Centre-Back,"Mansfield Town",3820,400000,,,,,,,,"Ryan Sweeney",
346237,"Kabongo Tshimanga",,,"England, DR Congo",Centre-Forward,Barnet,2804,175000,,,,,,,,"Kabongo Tshimanga",
347140,"Owen Moxon","Owen James Moxon",,England,"Central Midfield",Stockport,1098,500000,,,,,,,,"Owen Moxon",
351502,"Tayo Edun","Adetayo Oluwatosin Olusegun Edun",,"England, Nigeria",Left-Back,Stockport,1098,250000,,,,,,,,"Tayo Edun",
350232,"Kane Vincent-Young","Kane Benjamin Vincent-Young",,"Grenada, England",Right-Back,"Colchester Utd.",1060,125000,,,,,,,,"Kane Vincent-Young",
351597,"Shayne Lavery","Shayne Francis Lavery",,"Northern Ireland",Centre-Forward,"Cambridge Utd.",986,250000,,,,,,,,"Shayne Lavery",
354134,"Joe Powell","Joe James Powell",,England,"Central Midfield",Salford,34888,800000,,,,,,,,"Joe Powell",
35416,"David McGoldrick","David James McGoldrick",,"Ireland, England",Centre-Forward,"Mansfield Town",3820,25000,,,,,,,,"David McGoldrick",
354303,"Mathew Hudson","Mathew Anthony Hudson",,England,Goalkeeper,"Oldham Athletic",1078,200000,,,,,,,,"Mathew Hudson",
484848,"Zé Ivaldo",,,Brazil,Centre-Back,Remo,10997,2000000,,,,,,,,,
355489,"George Maris","George Thomas Maris",,England,"Attacking Midfield","Mansfield Town",3820,175000,,,,,,,,"George Maris",
354695,"Jodi Jones","Jodi Jay Felice Jones",,"Malta, England","Right Winger","Notts County",1045,350000,,,,,,,,"Jodi Jones",
354567,"Stephen Humphrys","Stephen Peter Humphrys",,England,Centre-Forward,Bradford,1027,550000,,,,,,,,"Stephen Humphrys",
357225,"Mark Shelton","Mark John Shelton",,England,"Central Midfield","York City",1252,150000,,,,,,,,"Mark Shelton",
356396,"Joe Wright","Joseph Harris Wright",,"Wales, England",Centre-Back,Bradford,1027,300000,,,,,,,,"Joe Wright",
357333,"David Tutonda","David Mabanga Tutonda",,"DR Congo, England",Left-Back,Accrington,3688,,,,,,,,,,
359204,"Shaun McWilliams","Shaun Daniel McWilliams",,"England, Jamaica","Defensive Midfield",Cheltenham,3371,250000,,,,,,,,"Shaun McWilliams",
357967,"Lasse Sørensen",,,Denmark,Right-Back,Huddersfield,1110,600000,,,,,,,,,
359693,"James Tilley","James Alexander David Tilley",,England,"Right Winger","AFC Wimbledon",3884,350000,,,,,,,,"James Tilley",
362809,"Brandon Comley",,,"Montserrat, England","Defensive Midfield",Barnet,2804,100000,,,,,,,,"Brandon Comley",
363882,"Ronan Curtis",,,"Ireland, England","Left Winger",Plymouth,2262,200000,,,,,,,,"Ronan Curtis",
363901,"Nik Tzanev","Nikola Chivarov Tzanev",,"New Zealand, Bulgaria",Goalkeeper,Huddersfield,1110,100000,,,,,,,,"Nik Tzanev",
364024,"Paudie O'Connor","Padhraic John O'Connor",,Ireland,Centre-Back,Reading,1032,650000,,,,,,,,"Paudie O'Connor",
364711,"Ryan Loft","Ryan George Henson Loft",,England,Centre-Forward,"Cambridge Utd.",986,125000,,,,,,,,"Ryan Loft",
365877,"Matthew Smith","Matthew Robert Smith",,"Wales, England","Defensive Midfield","Newport County",3716,150000,,,,,,,,,
366681,"Lee O'Connor","Lee Patrick O'Connor",,Ireland,Right-Back,Tranmere,1074,200000,,,,,,,,"Lee O'Connor",
368862,"Andy Rinomhota","Andrew Ferai Rinomhota",,"Zimbabwe, England","Central Midfield",Reading,1032,450000,,,,,,,,"Andy Rinomhota",
369171,"Niall Ennis","Niall Nathan Michael Ennis",,"England, Jamaica",Centre-Forward,Blackpool,1181,600000,,,,,,,,"Niall Ennis",
369555,"Tobi Adebayo-Rowling","Olutobi Adebayo-Rowling",,"England, Nigeria",Right-Back,Rochdale,1088,,,,,,,,,,
369561,"Dipo Akinyemi","Afolabi Oladipo Christopher Akinyemi",,"England, Nigeria",Centre-Forward,"York City",1252,175000,,,,,,,,,
369563,"Liam Mandeville",,,England,"Attacking Midfield",Chesterfield,1219,275000,,,,,,,,"Liam Mandeville",
370138,"Kellan Gordon","Kellan Sheene Gordon",,"England, Jamaica","Right Midfield","Crawley Town",3537,100000,,,,,,,,"Kellan Gordon",
372714,"Elliott List","Elliott Ricardo Wignal List",,England,"Right Winger",Northampton,1302,100000,,,,,,,,"Elliott List",
374283,"Antony Evans","Antony Kenneth Evans",,England,"Attacking Midfield",Huddersfield,1110,400000,,,,,,,,"Antony Evans",
375044,"Ben Stevenson","Ben Edward Stevenson",,England,"Central Midfield",Cheltenham,3371,175000,,,,,,,,"Ben Stevenson",
375095,"Michael Cheek","Michael Harry Cheek",,England,Centre-Forward,Bromley,8981,100000,,,,,,,,"Michael Cheek",
376252,"Shane McLoughlin","Shane Daniel McLoughlin",,"Ireland, United States",Right-Back,"Cambridge Utd.",986,175000,,,,,,,,"Shane McLoughlin",
377109,"Liam Fraser","Liam Scott Fraser",,Canada,"Defensive Midfield",Reading,1032,550000,,,,,,,,"Liam Fraser",
376856,"Charlie Goode","Charles James Goode",,England,Centre-Back,"MK Dons",991,300000,,,,,,,,"Charlie Goode",
378872,"Kayden Jackson","Kayden Pastel Dunn Jackson",,England,Centre-Forward,Bradford,1027,200000,,,,,,,,"Kayden Jackson",
379666,"Jordan Gibson","Jordan Lewis Gibson",,England,"Right Midfield","Crewe Alexandra",1042,300000,,,,,,,,"Jordan Gibson",
379711,"Robbie Cundy","Robbie David Cundy",,England,Centre-Back,Cheltenham,3371,200000,,,,,,,,"Robbie Cundy",
490426,"Krépin Diatta",,,Senegal,"Right Midfield","Without Club",515,6000000,,,,,,,,"Krépin Diatta",
380026,"Justin Amaluzor","Justin Ikechukwu Obiora Amaluzor",,"England, Nigeria","Right Winger","Grimsby Town",1034,125000,,,,,,,,"Justin Amaluzor",
1007391,"Neil Pierre",,,"United States, Haiti",Centre-Back,Philadelphia,25467,350000,,,,,,,,"Neil Pierre",
380029,"Ryan Broom","Ryan James Broom",,Wales,"Right Midfield",Cheltenham,3371,150000,,,,,,,,"Ryan Broom",
381352,"Harry Clifton","Harry Louis Clifton",,"Wales, England","Central Midfield",Doncaster,2454,275000,,,,,,,,"Harry Clifton",
382553,"Luke Bolton","Luke Phillip Bolton",,England,Right-Back,"Mansfield Town",3820,300000,,,,,,,,"Luke Bolton",
382686,"Conor McCarthy",,,Ireland,Centre-Back,Northampton,1302,275000,,,,,,,,"Conor McCarthy",
383153,"Kelechi Nwakali",,,Nigeria,"Central Midfield",Barnsley,349,200000,,,,,,,,"Kelechi Nwakali",
384264,"Aden Baldwin","Aden William James Baldwin",,England,Centre-Back,Bradford,1027,300000,,,,,,,,"Aden Baldwin",
386505,"James Brophy","James Robert Brophy",,England,"Left Midfield",Gillingham,2814,250000,,,,,,,,"James Brophy",
386148,"Joe Quigley","Joseph Richard Quigley",,"Ireland, England",Centre-Forward,"Bristol Rovers",2455,100000,,,,,,,,"Joe Quigley",
386752,"Ryan Wintle","Ryan Frank Wintle",,England,"Defensive Midfield","MK Dons",991,3000000,,,,,,,,"Ryan Wintle",
386937,"Ellis Iandolo","Ellis Carlo Iandolo",,"England, Italy",Left-Back,"Colchester Utd.",1060,200000,,,,,,,,"Ellis Iandolo",
390646,"Arttu Hoskonen",,,Finland,Centre-Back,Stockport,1098,200000,,,,,,,,,
390687,"Alex Newby","Alexander Lewis Newby",,England,"Right Winger","York City",1252,,,,,,,,,,
390693,"Mitch Clark","Mitchell Reece Clark",,"Wales, England",Right-Back,"Swindon Town",352,175000,,,,,,,,"Mitchell Clark",
391132,"Matt Butcher","Matthew David Butcher",,England,"Defensive Midfield",Salford,34888,300000,,,,,,,,"Matt Butcher",
391470,"Marcus Browne","Marcus Alexander Browne",,England,"Left Winger","AFC Wimbledon",3884,175000,,,,,,,,"Marcus Browne",
391788,"CJ Hamilton","Christopher Nathan Hamilton",,"Ireland, England","Left Winger",Blackpool,1181,300000,,,,,,,,"CJ Hamilton",
392759,"Harrison Male","Harrison Darren Male",,England,Goalkeeper,Tranmere,1074,,,,,,,,,,
392761,"Zech Medley","Zechariah Joshua Henry Medley",,England,Centre-Back,"York City",1252,325000,,,,,,,,"Zech Medley",
392766,"George McEachran","George James McEachran",,"England, Scotland","Central Midfield",Chesterfield,1219,275000,,,,,,,,"George McEachran",
1002283,"Max Anchor",,,Canada,Goalkeeper,Seattle,9636,150000,,,,,,,,,
392774,"Kane Wilson","Kane Leo Wilson",,England,Right-Back,"MK Dons",991,300000,,,,,,,,"Kane Wilson",
395797,"Sam Hughes","Samuel Joseph Hughes",,England,Centre-Back,Peterborough,1072,200000,,,,,,,,,
396176,"Tom Sang","Thomas Roy Sang",,England,Right-Back,Shrewsbury,3054,225000,,,,,,,,"Tom Sang",
396678,"Alfie Kilgour","Alfie George Alexander Kilgour",,England,Centre-Back,"Bristol Rovers",2455,250000,,,,,,,,"Alfie Kilgour",
396857,"Dan Kemp","Daniel Harry Kemp",,England,"Attacking Midfield",Stevenage,3684,550000,,,,,,,,"Dan Kemp",
398063,"Luke Southwood","Luke Kevin Southwood",,"Northern Ireland, England",Goalkeeper,"Bristol Rovers",2455,200000,,,,,,,,"Luke Southwood",
399262,"Fraser Murray",,,Scotland,"Left Midfield",Wigan,1071,600000,,,,,,,,"Fraser Murray",
399340,"Hakeem Odoffin","Hakeem Ademola Odoffin",,"England, Nigeria","Defensive Midfield",Luton,1031,550000,,,,,,,,"Hakeem Odoffin",
399454,"Alex Pattison","Alexander Antony Pattison",,England,"Central Midfield",Walsall,899,250000,,,,,,,,"Alex Pattison",
403437,"Ciarán Kelly",,,Ireland,Centre-Back,"Bristol Rovers",2455,200000,,,,,,,,"Ciarán Kelly",
404381,"Brandon Cooper","Brandon James Cooper",,Wales,Centre-Back,Salford,34888,350000,,,,,,,,"Brandon Cooper",
404387,"Joe Lewis","Joe Cameron Lewis",,Wales,Centre-Back,"AFC Wimbledon",3884,300000,,,,,,,,,
405978,"Matty Platt","Matthew James Platt",,England,Centre-Back,"Notts County",1045,325000,,,,,,,,"Matty Platt",
406558,"Steven Sessegnon","Zeze Steven Sessegnon",,"England, Benin",Right-Back,"AFC Wimbledon",3884,250000,,,,,,,,"Steven Sessegnon",
405982,"Idris Kanu","Idris Sheka Kanu",,"Sierra Leone, England","Right Winger",Barnet,2804,250000,,,,,,,,"Idris Kanu",
406736,"Andy Dallas","Andrew Robert Dallas",,Scotland,Centre-Forward,Walsall,899,100000,,,,,,,,,
406935,"Terence Vancooten","Terence Owen Vancooten",,"Guyana, England",Centre-Back,Stevenage,3684,325000,,,,,,,,"Terence Vancooten",
407021,"Mads Andersen","Mads Juel Andersen",,Denmark,Centre-Back,Luton,1031,2000000,,,,,,,,"Mads Frökjaer-Jensen",
410436,"Bailey Peacock-Farrell",,,"Northern Ireland, England",Goalkeeper,Blackpool,1181,900000,,,,,,,,"Javan Peacock",
411495,"Max Sanders","Max Harrison Sanders",,England,"Central Midfield","Notts County",1045,400000,,,,,,,,"Max Sanders",
412949,"Denzel Hall",,,"Netherlands, Jamaica",Right-Back,Rotherham,1194,500000,,,,,,,,"Denzel Hall",
415170,"Randell Williams","Randell Alphonso Williams",,England,"Left Midfield",Reading,1032,200000,,,,,,,,"Randell Williams",
414892,"George Miller",,,England,Centre-Forward,Cheltenham,3371,125000,,,,,,,,"George Miller",
419326,"Owen Bailey","Owen John Edward Bailey",,England,"Defensive Midfield",Doncaster,2454,650000,,,,,,,,"Owen Bailey",
419331,"Luke Molyneux","Luke James Molyneux",,England,"Right Winger",Salford,34888,600000,,,,,,,,"Luke Molyneux",
423277,"Maziar Kouhyar","Qamaruddin Maziar Kouhyar , قمرالدین مازیار کوهیار",,"Afghanistan, England","Right Winger","Notts County",1045,150000,,,,,,,,"Maz Kouhyar",
419930,"Jack Simpson","Jack Benjamin Simpson",,England,Centre-Back,Chesterfield,1219,225000,,,,,,,,"Jack Simpson",
423617,"Denver Hume","Denver Jay Hume",,England,Left-Back,Fleetwood,11177,150000,,,,,,,,"Denver Hume",
424456,"Corey Addai","Corey Kofi Cheremeh Addai",,"Jamaica, England",Goalkeeper,"Burton Albion",2963,400000,,,,,,,,"Corey Addai",
424414,"Jonny Smith","Jonathan Gary Smith",,"England, Ireland","Right Winger",Wigan,1071,175000,,,,,,,,"Jonny Smith",
424884,"Ryan East","Ryan Henry East",,England,"Defensive Midfield",Rochdale,1088,,,,,,,,,,
424900,"Tom Holmes","Thomas Richard Holmes",,England,Centre-Back,Luton,1031,800000,,,,,,,,,
424903,"Ethan Coleman","Ethan Jay Coleman",,England,"Defensive Midfield",Gillingham,2814,250000,,,,,,,,"Ethan Coleman",
425268,"Liam Coyle","Liam Christopher Coyle",,"Northern Ireland, England","Defensive Midfield",Accrington,3688,175000,,,,,,,,,
425456,"Sean Clare","Sean James Kewku Clare",,"England, Ghana",Right-Back,"Leyton Orient",1150,250000,,,,,,,,"Sean Clare",
425712,"Stefan Mols","Stefan Edouard Mols",,"Spain, England","Central Midfield",Accrington,3688,,,,,,,,,,
425715,"Cameron McJannet","Cameron Allan McJannet",,England,Centre-Back,"Grimsby Town",1034,350000,,,,,,,,"Cameron McJannet",
426281,"Josh Earl","Joshua John Francis Earl",,England,Centre-Back,Barnsley,349,650000,,,,,,,,"Josh Earl",
425900,"Jordan Gabriel","Jordan Jay Lawrence-Gabriel",,"England, Scotland",Right-Back,"Port Vale",1211,600000,,,,,,,,"Jordan Lawrence-Gabriel",
426426,"Josh Gordon","Joshua Luke Gordon",,England,Centre-Forward,"Exeter City",6699,75000,,,,,,,,"Josh Gordon",
426624,"André Vidigal","André Filipe Cunha Vidigal",,"Angola, Portugal","Left Winger",Wycombe,2805,800000,,,,,,,,"André Vidigal",
427927,"Jordan Davies","Jordan Andrew Davies",,Wales,"Central Midfield",Tranmere,1074,150000,,,,,,,,"Jordan Davies",
428446,"Daniel Udoh","Dominic Daniel Udoh",,"Nigeria, England",Centre-Forward,Salford,34888,350000,,,,,,,,"Daniel Udoh",
432179,"Reece Cole","Reece George Cole",,England,"Attacking Midfield","Exeter City",6699,200000,,,,,,,,"Reece Cole",
429578,"Josh Koroma","Joshua Abdulai Koroma",,"Sierra Leone, England","Left Winger",Chesterfield,1219,800000,,,,,,,,"Josh Koroma",
432181,"Luther James-Wildin","Luther Ash James-Wildin",,"Antigua and Barbuda, England",Right-Back,Stevenage,3684,550000,,,,,,,,"Luther James-Wildin",
433165,"Danny Cashman","Danny Christopher Cashman",,England,Centre-Forward,"Crawley Town",3537,75000,,,,,,,,"Danny Cashman",
433185,"Xavier Amaechi","Xavier Casmier Amaechi",,"England, Nigeria","Right Winger",Plymouth,2262,550000,,,,,,,,"Xavier Amaechi",
433186,"Bali Mumba",,,"England, DR Congo",Left-Back,Huddersfield,1110,1700000,,,,,,,,"Bali Mumba",
433837,"David Kasumu","David Ayomide Kasumu",,"England, Nigeria","Central Midfield",Huddersfield,1110,700000,,,,,,,,"David Kasumu",
436034,"Ronan Hale","Ronan Aiden Connolly Shea Chapman Hale",,"Northern Ireland, Ireland",Centre-Forward,Gillingham,2814,350000,,,,,,,,"Ronan Hale",
438086,"Caolan Boyd-Munce","Caolan Stephen Boyd-Munce",,"Northern Ireland","Central Midfield",Wycombe,2805,500000,,,,,,,,"Seán Boyd",
440112,"Dan Sweeney","Daniel Liam Sweeney",,England,Centre-Back,"AFC Wimbledon",3884,100000,,,,,,,,"Dan Sweeney",
444571,"Curtis Tilt","Curtis Anthony Tilt",,"Jamaica, England",Centre-Back,"Burton Albion",2963,50000,,,,,,,,"Curtis Tilt",
659648,"Gioele Zacchi",,,Italy,Goalkeeper,Sassuolo,6574,600000,,,,,,,,,
445548,"Charlie Brown","Charles Daniel Brown",,England,Centre-Forward,Accrington,3688,125000,,,,,,,,"Charlie Brown",
448813,"Nick Freeman","Nicholas Freeman",,England,"Central Midfield",Gillingham,2814,125000,,,,,,,,"Nick Freeman",
447066,"Ewan Henderson",,,Scotland,"Attacking Midfield",Wycombe,2805,550000,,,,,,,,"Ewan Henderson",
449019,"Louis Appéré","Louis George P. Appéré",,"Scotland, France",Centre-Forward,"Cambridge Utd.",986,225000,,,,,,,,"Louis Appéré",
450736,"Ryan Fallowfield","Ryan Jack Glenn Fallowfield",,England,Right-Back,"York City",1252,,,,,,,,,,
451736,"Brandon Hanlan","Brandon Alex Graham Hanlan",,England,Centre-Forward,Doncaster,2454,200000,,,,,,,,"Brandon Hanlan",
451749,"Aaron Morley","Aaron Paul Morley",,England,"Central Midfield",Wycombe,2805,900000,,,,,,,,"Aaron Morley",
452019,"Harry Smith","Harry Roy Smith",,England,Centre-Forward,"Swindon Town",352,100000,,,,,,,,,
452380,"Sam Nombe","Samuel Tshiayima Nombe",,England,Centre-Forward,"MK Dons",991,800000,,,,,,,,"Sam Nombe",
452683,"Josh Dacres-Cogley","Joshua Jacob Dacres-Cogley",,England,Right-Back,Stockport,1098,500000,,,,,,,,"Josh Ayres",
453661,"Jacob Bedeau","Jacob Mitchell Bedeau",,"Grenada, England",Centre-Back,"Notts County",1045,350000,,,,,,,,,
453678,"James Gibbons","James Andrew Gibbons",,England,Right-Back,"Notts County",1045,300000,,,,,,,,"James Gibbons",
455600,"Corey Whitely","Corey Milton Whitely",,England,"Right Midfield",Bromley,8981,50000,,,,,,,,"Corey Whitely",
456835,"Will Evans","William Albert Evans",,Wales,Centre-Forward,"Mansfield Town",3820,500000,,,,,,,,,
457528,"Zach Hemming","Zachary Hemming",,England,Goalkeeper,Chesterfield,1219,400000,,,,,,,,"Zach Hemming",
457769,"Jack Senior","Jack Christopher Senior",,England,Left-Back,Doncaster,2454,150000,,,,,,,,"Jack Senior",
457897,"Lewis Freestone","Lewis Jay Freestone",,England,Left-Back,Stevenage,3684,300000,,,,,,,,"Lewis Freestone",
458187,"Arthur Read","Arthur James Read",,England,"Central Midfield","York City",1252,350000,,,,,,,,"Arthur Read",
458405,"Radinio Balker","Radinio Roberto Balker",,"Suriname, Netherlands",Centre-Back,Huddersfield,1110,550000,,,,,,,,"Radinio Balker",
459873,"Harvey Rodgers","Harvey James Rodgers",,England,Centre-Back,"Grimsby Town",1034,350000,,,,,,,,"Harvey Rodgers",
461477,"Tyler Walton",,,England,"Right Midfield",Accrington,3688,225000,,,,,,,,"Tyler Walton",
462068,"Luke Hannant","Luke James Hannant",,England,"Left Midfield",Rochdale,1088,,,,,,,,,"Luke Hannant",
463755,"Dean Campbell","Dean Graeme Campbell",,Scotland,"Defensive Midfield",Northampton,1302,400000,,,,,,,,"Dean Campbell",
463758,"Terry Taylor","Terence Charles Taylor",,"Wales, Scotland","Defensive Midfield",Stevenage,3684,300000,,,,,,,,"Terry Taylor",
466106,"Aaron Drinan","Aaron John Drinan",,Ireland,Centre-Forward,"Swindon Town",352,500000,,,,,,,,"Aaron Drinan",
469064,"Gavin Kilkenny",,,Ireland,"Central Midfield","Swindon Town",352,350000,,,,,,,,"Gavin Kilkenny",
469249,"Joseph Olowu","Joseph Olugbenga Olowu",,"England, Nigeria",Centre-Back,"Leyton Orient",1150,375000,,,,,,,,"Joseph Olowu",
470594,"Clinton Mola","Clinton Lemere Mola",,"England, DR Congo",Centre-Back,"Bristol Rovers",2455,250000,,,,,,,,"Clinton Mola",
470604,"Paul Glatzel","Paul Milton Glatzel",,"Germany, England","Attacking Midfield","Swindon Town",352,275000,,,,,,,,"Paul Glatzel",
470606,"Leighton Clarkson","Leighton Owen Clarkson",,England,"Central Midfield",Blackpool,1181,700000,,,,,,,,"Leighton Clarkson",
471003,"Aaron Pressley","Aaron Alex Pressley",,Scotland,Centre-Forward,Walsall,899,300000,,,,,,,,"Aaron Pressley",
471145,"Michael Baidoo",,,Ghana,"Attacking Midfield",Plymouth,2262,2000000,,,,,,,,,
473079,"Harvey Gilmour","Harvey James Gilmour",,England,"Central Midfield",Rochdale,1088,,,,,,,,,,
473544,"Akin Odimayo","Akinwale Joseph Odimayo",,"England, Nigeria",Centre-Back,"Crawley Town",3537,150000,,,,,,,,"Akin Odimayo",
474081,"Lee Ndlovu","Lindokuhle Ndlovu",,Zimbabwe,Centre-Forward,"Notts County",1045,100000,,,,,,,,"Lee Ndlovu",
474225,"Liam Gordon","Liam Spencer Gordon",,"Guyana, England",Left-Back,"Port Vale",1211,250000,,,,,,,,"Liam Gordon",
478637,"Daniel Butterworth","Daniel James Butterworth",,England,"Attacking Midfield","Swindon Town",352,100000,,,,,,,,"Daniel Butterworth",
476149,"George Lapslie","George Robert Lapslie",,England,"Attacking Midfield",Bradford,1027,250000,,,,,,,,"George Lapslie",
480191,"Cohen Bramall","Cohen Conrad Bramall",,England,Left-Back,"MK Dons",991,350000,,,,,,,,"Cohen Bramall",
48098,"James Wilson","James Steven Wilson",,Wales,Centre-Back,Cheltenham,3371,25000,,,,,,,,"James Wilson",
482999,"Harvey Saunders","Harvey Read Saunders",,England,Centre-Forward,Northampton,1302,125000,,,,,,,,,
483346,"Joe Felix","Joseph Rabole Felix",,England,Right-Back,"York City",1252,,,,,,,,,,
483383,"Devante Rodney","Devante Darrius Rodney",,England,"Right Winger",Rochdale,1088,,,,,,,,,,
483385,"Nicke Kabamba",,,"DR Congo, England",Centre-Forward,Bromley,8981,50000,,,,,,,,"Nicke Kabamba",
484215,"Toby Sibbick","Toby Peter Sibbick",,"Uganda, England",Centre-Back,"Burton Albion",2963,550000,,,,,,,,"Toby Sibbick",
484385,"Jack Diamond","Jack Tyler Diamond",,England,"Left Winger",Stockport,1098,700000,,,,,,,,"Jack Diamond",
484389,"Kell Watts","Kelland John William James Watts",,England,Centre-Back,"Cambridge Utd.",986,600000,,,,,,,,"Kelland Watts",
485996,"Isaac Hutchinson",,,England,"Central Midfield",Doncaster,2454,400000,,,,,,,,"Isaac Hutchinson",
486288,"Nick Tsaroulla","Νικόλαος Ανδρέας Τσαρούλλα",,"Cyprus, England","Left Midfield","Notts County",1045,275000,,,,,,,,"Nick Tsaroulla",
487428,"Nikola Tavares","Nikola Hrvatsko Tavares",,"Croatia, South Africa",Centre-Back,Barnet,2804,250000,,,,,,,,"Nikola Tavares",
488416,"Josh Hawkes","Joshua Stuart Hawkes",,England,"Left Midfield","Oldham Athletic",1078,150000,,,,,,,,"Josh Hawkes",
494933,"Maï Traoré",,,Guinea,Centre-Forward,"Notts County",1045,175000,,,,,,,,"Maï Traoré",
495033,"Nathan Bishop","Nathan James Bishop",,England,Goalkeeper,"AFC Wimbledon",3884,350000,,,,,,,,"Nathan Bishop",
49637,"Shaun Whalley","Shaun James Whalley",,England,"Right Winger",Accrington,3688,25000,,,,,,,,"Shaun Whalley",
496644,"Ryan Stirk","Ryan William Stirk",,"Wales, England","Defensive Midfield",Chesterfield,1219,300000,,,,,,,,"Ryan Stirk",
496652,"Dylan Levitt","Dylan James Christopher Levitt",,Wales,"Central Midfield","Leyton Orient",1150,600000,,,,,,,,"Dylan Levitt",
499604,"Dion Pereira","Dion Enrico Pereira Greives",,"Antigua and Barbuda, England","Left Winger","Crawley Town",3537,175000,,,,,,,,"Dion Pereira",
500687,"Tyrese Shade","Tyrese James Shade",,"St. Kitts & Nevis, England","Right Winger","Burton Albion",2963,250000,,,,,,,,"Tyrese Shade",
502073,"Taylor Perry",,,England,"Central Midfield","Exeter City",6699,250000,,,,,,,,"Taylor Perry",
503698,"Phoenix Patterson","Phoenix Maclaren Patterson",,"Scotland, Philippines","Left Winger",Stevenage,3684,275000,,,,,,,,"Phoenix Patterson",
503731,"Stephen Duke-McKenna","Stephen Winston Duke-McKenna",,"Guyana, England","Right Midfield","Crawley Town",3537,150000,,,,,,,,"Stephen Duke-McKenna",
503794,"Rosaire Longelo","Rosaire Longelo-Mbule",,"England, DR Congo",Left-Back,Salford,34888,250000,,,,,,,,"Rosaire Longelo",
503796,"Jay Mingi","Jade Jay Mingi",,England,Right-Back,Stockport,1098,150000,,,,,,,,"Jay Mingi",
503918,"Tyrese Fornah","Tyrese Momodu Fornah",,"Sierra Leone, England","Central Midfield",Northampton,1302,350000,,,,,,,,"Tyrese Fornah",
503989,"Jeriel Dorsett","Abraham Jeriel Richard Dorsett",,"Montserrat, England",Centre-Back,Reading,1032,450000,,,,,,,,"Jeriel Dorsett",
504494,"Jack Evans","Jack Lucas James Evans",,England,"Defensive Midfield","Notts County",1045,150000,,,,,,,,,
504507,"Kyle John","Kyle Alex John",,"England, Wales",Right-Back,"Port Vale",1211,225000,,,,,,,,"Kyle John",
504518,"Kofi Balmer",,,"Northern Ireland",Centre-Back,"Bristol Rovers",2455,300000,,,,,,,,"Kofi Balmer",
504939,"Jon Mellish","Jon James Alexander Mellish",,England,"Central Midfield",Wigan,1071,250000,,,,,,,,"Jon Mellish",
505307,"Ryan De Havilland","Ryan James De Havilland",,England,"Central Midfield","Bristol Rovers",2455,200000,,,,,,,,"Ryan Galvin",
505548,"Louie Watson","Louie Shaun Watson",,"Ireland, England","Central Midfield","Crawley Town",3537,125000,,,,,,,,"Louie Watson",
505561,"Jon Russell","Jonathan Edward Russell",,"Jamaica, England","Central Midfield","Mansfield Town",3820,750000,,,,,,,,"Jon Russell",
50144,Cássio,,,Brazil,Goalkeeper,Cruzeiro,609,250000,,,,,,,,,
505657,"Tyreik Wright","Tyreik Samuel Wright",,Ireland,"Left Midfield",Bradford,1027,350000,,,,,,,,"Tyreik Wright",
506230,"Jack Bycroft","Jack Thomas Bycroft",,England,Goalkeeper,"Exeter City",6699,175000,,,,,,,,"Jack Bycroft",
506440,"Joe Tomlinson","Joseph William George Tomlinson",,England,"Left Midfield",Cheltenham,3371,250000,,,,,,,,"Josh Tomlinson",
506470,"Josh Bowler","Joshua Luke Bowler",,England,"Right Winger",Blackpool,1181,600000,,,,,,,,"Josh Bowler",
508265,"Kian Spence","Kian Alec Spence",,England,"Central Midfield",Rotherham,1194,300000,,,,,,,,"Kian Spence",
508398,"Jordan Brown","Jordan Brian Brown",,England,"Defensive Midfield",Blackpool,1181,650000,,,,,,,,"Jordan Brown",
509156,"Kevin Berkoe","Kevin Nana Yaw Berkoe",,"England, Ghana",Left-Back,Shrewsbury,3054,150000,,,,,,,,"Kevin Berkoe",
509423,"Jack Armer","Jack Alfred Armer",,"Scotland, England",Left-Back,"Burton Albion",2963,550000,,,,,,,,"Jack Armer",
511551,"Joe Anderson","Joseph William Anderson",,England,Centre-Back,Accrington,3688,125000,,,,,,,,,
511561,"Will Forrester","William Samuel Forrester",,England,Centre-Back,"Leyton Orient",1150,300000,,,,,,,,"Will Forrester",
511964,"Jackson Smith","Jackson William Smith",,England,Goalkeeper,"Port Vale",1211,300000,,,,,,,,"Jackson Smith",
512354,"Malcolm Ebiowei","Malcolm Perewari Ebiowei",,"England, Netherlands","Right Winger","Crawley Town",3537,750000,,,,,,,,"Malcolm Ebiowei",
512994,"Jack MacKenzie",,,Scotland,Left-Back,Plymouth,2262,700000,,,,,,,,"Jack MacKenzie",
515548,"Carl Johnston","Carl Robert Johnston",,"Northern Ireland",Right-Back,Peterborough,1072,250000,,,,,,,,"Carl Johnston",
516407,"Bojan Radulović","Бојан Радуловић-Самоуковић",,"Serbia, Spain",Centre-Forward,Huddersfield,1110,800000,,,,,,,,"Bojan Radulovic",
517286,"Lewis Wing",,,England,"Central Midfield",Reading,1032,700000,,,,,,,,"Lewis Wing",
520651,"Jensen Weir","Jensen Guy Weir",,"England, Scotland","Central Midfield",Wigan,1071,450000,,,,,,,,"Jensen Weir",
532192,"George Lloyd","George Robert Lawrence Lloyd",,England,Centre-Forward,Shrewsbury,3054,150000,,,,,,,,"George Lloyd",
533615,"Harry Williams",,,England,Centre-Back,Walsall,899,100000,,,,,,,,,
533916,"Shandon Baptiste","Shandon Harkeem Baptiste",,"Grenada, England","Central Midfield",Luton,1031,1000000,,,,,,,,"Shandon Baptiste",
533958,"Harrison Biggins",,,England,"Central Midfield","Newport County",3716,125000,,,,,,,,"Harrison Biggins",
534698,"Robbie Gotts",,,England,"Central Midfield",Doncaster,2454,275000,,,,,,,,"Robbie Gotts",
535479,"Jay Matete",,,England,"Central Midfield","MK Dons",991,250000,,,,,,,,"Jay Matete",
535485,"Cameron Evans","Cameron James Evans",,Wales,Centre-Back,"Newport County",3716,150000,,,,,,,,"Cameron Evans",
535785,"Ryan Graydon",,,Ireland,Centre-Forward,Salford,34888,300000,,,,,,,,"Ryan Graydon",
536533,"Scott Robertson","Scott Alexander Cameron Robertson",,Scotland,"Defensive Midfield","Notts County",1045,250000,,,,,,,,"Scott Robertson",
537270,"Louie Sibley","Louie Joseph Sibley",,England,"Central Midfield","Oxford United",988,1200000,,,,,,,,"Louie Sibley",
537864,"Doug Tharme","Douglas John Tharme",,"England, Wales",Centre-Back,"Grimsby Town",1034,125000,,,,,,,,"Doug Tharme",
538678,"Macauley Southam-Hales","Macauley Anthony Southam-Hales",,Wales,Right-Back,"Bristol Rovers",2455,150000,,,,,,,,"Macauley Southam-Hales",
539502,"Ben Waine","Benjamin Peter Waine",,"New Zealand, England",Centre-Forward,"Port Vale",1211,400000,,,,,,,,"Elai Ben Simon",
540690,"Tom Smith",,,England,Goalkeeper,"Colchester Utd.",1060,75000,,,,,,,,"Tom Smith",
539801,"Bradley Fink","Bradley Thomas Fink",,"Switzerland, England",Centre-Forward,Wycombe,2805,200000,,,,,,,,"Bradley Fink",
540876,"Promise Omochere","Promise Osazee Omochere",,"Ireland, Nigeria",Centre-Forward,"Bristol Rovers",2455,275000,,,,,,,,"Promise Omochere",
542439,"Mike Fondop","Karl Mike Fondop-Talom",,"England, Cameroon",Centre-Forward,"Oldham Athletic",1078,75000,,,,,,,,"Mike Fondop",
542471,"Ben Wiles","Benjamin Jack Wiles",,England,"Central Midfield","MK Dons",991,1800000,,,,,,,,"Ben Wiles",
542516,"Jack Tucker","Jack Robert Tucker",,England,Centre-Back,"Colchester Utd.",1060,350000,,,,,,,,"Jack Tucker",
543075,"Jay Bird","Jay Gregory Maison Bird",,England,Centre-Forward,Salford,34888,75000,,,,,,,,"Jay Bird",
543093,"Josh Neufville","Joshua Tyler Neufville",,England,"Right Midfield",Bradford,1027,700000,,,,,,,,"Josh Neufville",
545331,"Mathias Ross","Mathias Ross Jensen",,Denmark,Centre-Back,Plymouth,2262,750000,,,,,,,,"Mathias Ross",
546024,"Andy Lyons","Andrew Patrick Lyons",,Ireland,Right-Back,Blackpool,1181,375000,,,,,,,,,
546903,"Lewis Macari","Lewis Jon MacAri",,"Scotland, England",Centre-Back,"Notts County",1045,300000,,,,,,,,"Lewis Macari",
547006,"Keenan Patten","Keenan Ieuan Patten",,Wales,"Central Midfield","Newport County",3716,50000,,,,,,,,,
547479,"Ruel Sotiriou","Ρουέλ Δημήτριος Σωτηρίου, Ruel Dimitrios Sotiriou",,"Cyprus, England",Centre-Forward,Chesterfield,1219,275000,,,,,,,,"Ruel Sotiriou",
548470,"Teden Mengi","Teden Mambuene Mengi",,"England, Angola",Centre-Back,Luton,1031,3000000,,,,,,,,"Teden Mengi",
549582,"Chris Conn-Clarke","Christopher Seamus Michael Conn-Clarke",,"Northern Ireland","Attacking Midfield",Peterborough,1072,175000,,,,,,,,"Chris Conn-Clarke",
550134,"Ciaran Brennan","Ciaran Thomas Brennan",,Ireland,Centre-Back,"Newport County",3716,75000,,,,,,,,"Ciarán Brennan",
550641,"Reece Staunton","Reece Joseph Staunton",,"Ireland, England",Left-Back,"Grimsby Town",1034,300000,,,,,,,,"Reece Staunton",
551011,"Josh Thomas","Joshua John Thomas",,"Wales, England",Centre-Forward,Fleetwood,11177,125000,,,,,,,,,
551964,"Matthew Dennis","Matthew Timothy Dennis",,England,Centre-Forward,"Burton Albion",2963,275000,,,,,,,,"Matthew Dennis",
553509,"Luke Offord","Luke William Offord",,England,Centre-Back,"Crewe Alexandra",1042,450000,,,,,,,,"Luke Offord",
554098,"Keenan Appiah-Forson",,,"England, Ghana","Defensive Midfield","Oldham Athletic",1078,,,,,,,,,,
555545,"Ossama Ashley","Ossama Wassim Ashley",,"England, Morocco","Defensive Midfield",Rotherham,1194,175000,,,,,,,,"Ossama Ashley",
559092,"Tom Knowles","Thomas Andrew Knowles",,England,"Left Winger",Barnet,2804,,,,,,,,,,
559130,"Harrison Ashby","Harrison Charles Ashby",,"Scotland, England",Right-Back,Luton,1031,1200000,,,,,,,,"Harrison Ashby",
559797,"Bobby Kamwa","Bobby-Emmanuel Kamwa",,Cameroon,"Left Winger","Bristol Rovers",2455,175000,,,,,,,,"Bobby Kamwa",
106676,"Will Grigg","William Donald Grigg",,"Northern Ireland, England",Centre-Forward,Chesterfield,1219,75000,,,,,,,,"Will Grigg",
559800,"Oliver Casey","Oliver Joseph Casey",,England,Centre-Back,Blackpool,1181,750000,,,,,,,,"Oliver Casey",
560111,"George Sykes-Kenworthy","George William Sykes-Kenworthy",,England,Goalkeeper,"York City",1252,,,,,,,,,"George Wynne",
563754,"Lewis Gordon","Lewis Courtney Gordon",,"Scotland, England",Left-Back,Chesterfield,1219,250000,,,,,,,,"Lewis Gordon",
564048,"Charlie Lakin","Charlie James Lakin",,England,"Central Midfield",Barnet,2804,200000,,,,,,,,"Charlie Lakin",
564049,"Steve Seddon","Steven Jeffrey Seddon",,England,Left-Back,"AFC Wimbledon",3884,350000,,,,,,,,"Steve Seddon",
565674,"Riley Harbottle","Riley-Jay Harbottle",,England,Centre-Back,"Bristol Rovers",2455,275000,,,,,,,,"Riley Owen",
565824,"Cameron Antwi","Cameron Akwasi Antwi",,"England, Ghana","Central Midfield",Gillingham,2814,150000,,,,,,,,"Cameron Antwi",
565911,"Klaidi Lolos","Κλάϊντι Λώλος",,"Greece, England",Centre-Forward,Peterborough,1072,200000,,,,,,,,"Klaidi Lolos",
566802,"Lewis Fiorini","Lewis Paul Fiorini",,"Scotland, England","Central Midfield",Stockport,1098,550000,,,,,,,,"Lewis Fiorini",
567102,"James Connolly","James Alfred Connolly",,"Wales, England",Centre-Back,Walsall,899,375000,,,,,,,,"James Connolly",
568007,"Ben Knight","Benjamin Leo Knight",,England,"Attacking Midfield","Cambridge Utd.",986,250000,,,,,,,,"Ben Knight",
568092,"Elliot Bonds","Elliot Michael Bonds",,"Guyana, England","Defensive Midfield",Salford,34888,350000,,,,,,,,"Elliott Bonds",
570768,"Marvin Ekpiteta","Marvin Akpereogene Paul Edem Ekpiteta",,"England, Nigeria",Centre-Back,"MK Dons",991,550000,,,,,,,,"Marvin Ekpiteta",
571827,"Lewis Richards","Lewis Paul Jimmy Richards",,"Ireland, England",Left-Back,"Crawley Town",3537,150000,,,,,,,,"Lewis Richards",
572519,"Ar'jany Martha","Ar'jany Jainel Archenir Martha",,"Curacao, Netherlands","Right Winger",Rotherham,1194,700000,,,,,,,,"Ar'Jany Martha",
572810,"Jaze Kabia","Jaze Kevin Kabia",,"Ireland, England",Centre-Forward,"Grimsby Town",1034,200000,,,,,,,,"Jaze Kabia",
573054,"Josh Andrews","Joshua Matthew Andrews",,England,Centre-Forward,"Grimsby Town",1034,250000,,,,,,,,"Josh Andrews",
573133,"Charlie McCann","Charlie Liam McCann",,"Northern Ireland, Ireland","Defensive Midfield",Cheltenham,3371,150000,,,,,,,,"Charlie McCann",
574587,"Noah Chilvers","Noah Christopher Chilvers",,England,"Attacking Midfield","Oldham Athletic",1078,100000,,,,,,,,,
575212,"Isaac Fletcher","Isaac Andrew Fletcher",,England,"Central Midfield",Shrewsbury,3054,150000,,,,,,,,"Isaac Fletcher",
577410,"Kane Thompson-Sommers","Kane Angelis Gavin Thompson-Sommers",,"England, Jamaica","Central Midfield",Fleetwood,11177,150000,,,,,,,,"Tynan Thompson",
578937,"Reece Hutchinson","Reece Christopher Hutchinson",,England,Left-Back,"Crewe Alexandra",1042,300000,,,,,,,,"Reece Hutchinson",
579997,"Conor Grant","Conor Michael Grant",,Ireland,"Left Midfield","Notts County",1045,225000,,,,,,,,"Conor Grant",
580027,"Luca Connell","Luca John Connell",,"Ireland, England","Defensive Midfield",Barnsley,349,800000,,,,,,,,"Luca Lai",
580809,"Ed Turns","Edward James Turns",,"Wales, England",Centre-Back,"Exeter City",6699,450000,,,,,,,,"Ed Turns",
581598,"Harvey White","Harvey David White",,England,"Defensive Midfield",Plymouth,2262,700000,,,,,,,,"Harvey White",
581670,"Louie Barry","Louie Mark Barry",,"Ireland, England","Left Winger","Sheff Wed",1035,2500000,,,,,,,,"Louie Barry",
583991,"Matthew Baker",,,"Wales, England",Centre-Back,"Notts County",1045,300000,,,,,,,,,
586059,"Will Hondermarck","William Mbongo Desire Hondermarck",,"Congo, Ireland","Central Midfield",Bromley,8981,250000,,,,,,,,"Will Hondermarck",
586938,"Lewis McCann",,,"Northern Ireland, Scotland",Centre-Forward,Fleetwood,11177,150000,,,,,,,,"Lewis McCann",
586959,"Dion Rankine","Dion Joseph Rankine",,"England, Jamaica","Right Winger","Crewe Alexandra",1042,200000,,,,,,,,"Dion Rankine",
587003,"Lewis Bate","Lewis Michael Bate",,England,"Central Midfield",Stockport,1098,550000,,,,,,,,"Lewis Bate",
590410,"Josh Clarke",,,"Northern Ireland, Sweden",Goalkeeper,Doncaster,2454,200000,,,,,,,,,
595652,"Peter Kioso",,,"DR Congo, Ireland",Right-Back,"Oxford United",988,750000,,,,,,,,"Peter Kioso",
596217,"Mark Helm",,,England,"Central Midfield",Fleetwood,11177,350000,,,,,,,,"Mark Helm",
601437,"Will Wright","William Robert Wright",,England,Centre-Back,Barnet,2804,350000,,,,,,,,"Will Wright",
602544,"Jack Lankester","Jack Richard Lankester",,England,"Attacking Midfield","Crewe Alexandra",1042,200000,,,,,,,,"Jack Lankester",
606006,"Alex Hunt","Alexander John Hunt",,"Ireland, England","Central Midfield","York City",1252,,,,,,,,,,
606026,"Albie Morgan","Albie Robert Morgan",,England,"Central Midfield",Blackpool,1181,350000,,,,,,,,"Albie Morgan",
606962,"James Maxwell","James Ian Maxwell",,"Scotland, England",Left-Back,Northampton,1302,275000,,,,,,,,"James Maxwell",
608180,"Brendan Wiredu","Brendan Nana Akwasi Sarpong Wiredu",,"England, Ghana",Centre-Back,Plymouth,2262,400000,,,,,,,,"Brendan Wiredu",
61011,"Kal Naismith","Kallum Lachlan Naismith",,Scotland,Centre-Back,Luton,1031,200000,,,,,,,,"Kal Naismith",
610621,"James Morris","James William Morris",,England,Left-Back,"Leyton Orient",1150,500000,,,,,,,,"James Morris",
610652,"Connor Barrett","Connor Ellis Barrett",,England,Right-Back,Wigan,1071,400000,,,,,,,,"Connor Barrett",
610665,"Caleb Watts","Caleb Cassius Watts",,"Australia, England","Attacking Midfield",Plymouth,2262,250000,,,,,,,,"Caleb Watts",
610690,"Oliver Wright","Oliver Lennon George Wright",,England,Goalkeeper,Gillingham,2814,250000,,,,,,,,"Ollie Wright",
610786,"Ollie O'Neill","Oliver John O'Neill",,"Ireland, England","Left Winger","Leyton Orient",1150,650000,,,,,,,,"Ollie O'Neill",
610863,"Filip Marschall",,,"England, Poland",Goalkeeper,Stevenage,3684,1200000,,,,,,,,"Filip Marschall",
612093,"Jay Williams",,,"St. Kitts & Nevis, England","Defensive Midfield","Crawley Town",3537,200000,,,,,,,,"Jay Williams",
612748,"Rico Richards","Rico Dean Scott Richards",,England,"Attacking Midfield","Port Vale",1211,175000,,,,,,,,"Rico Richards",
611906,"Nnamdi Ofoborh","Nathan Nnamdi Ugochukwu Benjamin Asigboro Ofoborh",,"Nigeria, England","Central Midfield",Barnet,2804,275000,,,,,,,,"Nnamdi Ofoborh",
1066935,"Craig Hewitt",,,England,"Left Midfield","York City",1252,,,,,,,,,,
614064,"Jasper Moon",,,England,Centre-Back,"Port Vale",1211,250000,,,,,,,,"Mataeo Moon-Arnaez",
614086,"Fábio Tavares","Fábio André Tavares Desidério",,"Portugal, England",Centre-Forward,Rotherham,1194,225000,,,,,,,,"Fábio Tavares",
614603,"Chem Campbell",,,"Wales, England","Left Winger",Stevenage,3684,1000000,,,,,,,,"Chem Campbell",
614700,"Dara Costelloe","Dara James Morgan Costelloe",,Ireland,"Left Winger",Wigan,1071,400000,,,,,,,,"Dara Costelloe",
614811,"Joe White","Joe Peter White",,England,"Attacking Midfield","Crewe Alexandra",1042,200000,,,,,,,,,
61622,"Ched Evans","Chedwyn Michael Evans",,Wales,Centre-Forward,Fleetwood,11177,25000,,,,,,,,"Ched Evans",
617019,"Matthew Garbett","Matthew Jimmy David Garbett",,"New Zealand, France","Central Midfield",Peterborough,1072,450000,,,,,,,,"Matthew Garbett",
61711,"Callum McManaman","Callum Henry McManaman",,"England, Ireland","Right Winger",Wigan,1071,25000,,,,,,,,"Callum McManaman",
618883,"Gerard Garner",,,England,Centre-Forward,"Newport County",3716,100000,,,,,,,,"Gerard Garner",
618885,"Ryan Rydel","Ryan Steven Rydel",,England,Left-Back,Stockport,1098,150000,,,,,,,,"Ryan Rydel",
621997,"Cieran Slicker","Cieran Peter Slicker",,"Scotland, England",Goalkeeper,Barnsley,349,350000,,,,,,,,"Cieran Slicker",
623560,"Liam Shaw","Liam Darren Shaw",,England,"Defensive Midfield",Northampton,1302,150000,,,,,,,,,
624267,"Dale Taylor",,,"Northern Ireland",Centre-Forward,Blackpool,1181,600000,,,,,,,,"Dale Taylor",
624040,"Oliver Sanderson",,,England,Centre-Forward,Stevenage,3684,,,,,,,,,,
630076,"Jack Burroughs","Jack Stephen Burroughs",,"Scotland, England",Right-Back,Northampton,1302,275000,,,,,,,,"Jack Burroughs",
631258,"Alistair Smith","Alistair Oluwashaun Smith",,England,"Central Midfield","AFC Wimbledon",3884,450000,,,,,,,,"Alistair Smith",
63199,"Lucas Akins","Lucas-Jordan Jeremiah Akins",,"Grenada, England",Centre-Forward,"Mansfield Town",3820,50000,,,,,,,,"Lucas Akins",
63223,"Josh Magennis","Joshua Brendan David Magennis",,"Northern Ireland",Centre-Forward,Stevenage,3684,50000,,,,,,,,"Josh Magennis",
633129,"George Nurse","George Damien Nurse",,England,Left-Back,Cheltenham,3371,100000,,,,,,,,"George Nurse",
633168,"Gassan Ahadme","Gassan Ahadme Yahyai, غسان أحدم يحيى",,"Morocco, Spain",Centre-Forward,"Cambridge Utd.",986,600000,,,,,,,,"Gassan Ahadme",
633228,"Kacper Łopata","Kacper Mieczysław Łopata",,Poland,Centre-Back,Barnsley,349,250000,,,,,,,,"Kacper Lopata",
633258,"Tomas Kalinauskas",,,Lithuania,"Left Winger","Burton Albion",2963,450000,,,,,,,,"Tomas Kalinauskas",
633399,"Idris El Mizouni","ادريس الميزوني",,"Tunisia, France","Central Midfield","Leyton Orient",1150,650000,,,,,,,,"Idris El Mizouni",
633464,"Joe Low","Joseph David Low",,"Wales, England",Centre-Back,Huddersfield,1110,550000,,,,,,,,"Joe Low",
633621,"Michael Craig","Michael James Craig",,"Scotland, England","Defensive Midfield","Leyton Orient",1150,550000,,,,,,,,,
633659,"Matthew Craig","Matthew George Craig",,"Scotland, England","Defensive Midfield","Port Vale",1211,250000,,,,,,,,,
636888,"Udoka Godwin-Malife","Udoka Favour Godwin-Malife",,"England, Nigeria",Centre-Back,Reading,1032,550000,,,,,,,,"Udoka Godwin-Malife",
641124,"Danilo Orsi","Danilo Harley Orsi-Dadomo",,"England, Italy",Centre-Forward,"Crawley Town",3537,175000,,,,,,,,"Danilo Orsi",
646208,"Will Swan","William Jonathan Swan",,England,Centre-Forward,Bradford,1027,350000,,,,,,,,"Will Swan",
646214,"Oliver Hammond","Oliver Jack Hammond",,Wales,"Central Midfield","Oldham Athletic",1078,100000,,,,,,,,"Oli Hammond",
646708,"Mikki van Sas","Mikki Avelon Leander van Sas",,Netherlands,Goalkeeper,Wycombe,2805,400000,,,,,,,,"Mikki van Sas",
646710,"Sil Swinkels","Sil Laurentius Swinkels",,Netherlands,Centre-Back,"Sheff Wed",1035,250000,,,,,,,,"Sil Swinkels",
646996,"Daniel Phillips","Daniel Shaquille Jabari Phillips",,"Trinidad and Tobago, England","Defensive Midfield",Stevenage,3684,250000,,,,,,,,"Daniel Phillips",
648041,"Jamie Mullins","Jamie Anthony Mullins",,Ireland,"Attacking Midfield",Wycombe,2805,225000,,,,,,,,"Jamie Mullins",
649053,"Ashley Charles","Ashley James Charles",,"Grenada, England","Central Midfield",Bromley,8981,250000,,,,,,,,"Ashley Charles",
650476,"Connor Hall",,,England,Centre-Back,"Port Vale",1211,125000,,,,,,,,"Connor Hall",
652635,"Luke Butterfield","Luke Joseph Butterfield",,"Scotland, England","Defensive Midfield",Chesterfield,1219,100000,,,,,,,,"Luke Butterfield",
652979,"Lewis Warrington","Lewis Wesley Warrington",,England,"Central Midfield",Tranmere,1074,250000,,,,,,,,"Lewis Warrington",
652989,"Priestley Farquharson","Priestley Tyler Heginbottom Farquharson",,"England, Jamaica",Centre-Back,"Crawley Town",3537,125000,,,,,,,,"Priestley Farquharson",
654252,"Nelson Khumbeni","Nelson Wilfred Khumbeni",,"England, Malawi","Defensive Midfield",Gillingham,2814,100000,,,,,,,,"Nelson Khumbeni",
655139,"Nathan Moriah-Welsh","Nathan Daniel Moriah-Welsh",,"Guyana, England","Central Midfield","Mansfield Town",3820,300000,,,,,,,,"Nathan Moriah-Welsh",
655723,"Kyran Lofthouse","Kyran Aiden Lofthouse",,England,Right-Back,"Burton Albion",2963,300000,,,,,,,,"Kyran Lofthouse",
655835,"Christian Saydee","Christian Nyensuah Saydee",,"England, Liberia",Centre-Forward,Wigan,1071,400000,,,,,,,,"Christian Saydee",
662538,"Emile Acquah","Emile Matthew Yaw Nyamedom Acquah",,"England, Ghana",Centre-Forward,"Notts County",1045,200000,,,,,,,,"Emile Acquah",
662956,"Taylor Allen","Taylor Ellis Allen",,England,Centre-Back,Wycombe,2805,350000,,,,,,,,"Taylor Allen",
664581,"Armando Dobra",,,"Albania, England","Left Winger","Leyton Orient",1150,350000,,,,,,,,"Armando Dobra",
666588,"Adrian Akande","Adrian Moyosoreoluwa Ameer Akande",,"Nigeria, England","Left Winger","Colchester Utd.",1060,75000,,,,,,,,"Adrian Akande",
667202,"Kelvin Abrefa","Kelvin Opoku Abrefa",,"Ghana, England",Right-Back,Reading,1032,200000,,,,,,,,"Kelvin Abrefa",
667007,"Mees Rijks",,,Netherlands,Centre-Forward,"Bristol Rovers",2455,200000,,,,,,,,"Mees Rijks",
670855,"Silko Thomas","Silko-Amari Otieno Thomas",,"England, Jamaica","Right Winger",Wycombe,2805,500000,,,,,,,,,
670859,"Antwoine Hackford",,,"England, Trinidad and Tobago",Centre-Forward,"AFC Wimbledon",3884,300000,,,,,,,,"Antwoine Hackford",
670877,"Sonny Perkins","Sonny Tufail Perkins",,"England, Ireland","Right Winger",Wigan,1071,600000,,,,,,,,"Sonny Perkins",
670986,"Johnly Yfeko","Johnly Levi Yfeko",,England,Centre-Back,"Exeter City",6699,125000,,,,,,,,"Johnly Yfeko",
670989,"Saxon Earley","Saxon Owen Earley",,England,Left-Back,Stevenage,3684,225000,,,,,,,,"Saxon Earley",
671073,"Jovan Malcolm","Jovan Anthony Malcolm",,England,Centre-Forward,Stevenage,3684,100000,,,,,,,,"Jovan Malcolm",
671486,"Ronan Darcy","Ronan Thomas Darcy",,"England, Ireland","Attacking Midfield",Wigan,1071,325000,,,,,,,,"Ronan Darcy",
671975,"Rio Adebisi","Rio Adesola Frederick Adebisi",,"England, Nigeria",Left-Back,Peterborough,1072,225000,,,,,,,,,
672526,"Harry Leonard","Harry Paul Leonard",,England,Centre-Forward,Peterborough,1072,1500000,,,,,,,,"Harry Leonard",
672607,"Adam Senior","Adam Nicholas Senior",,England,Centre-Back,Barnet,2804,400000,,,,,,,,"Adam Senior",
674136,"Joel Senior","Joel Toby Senior",,England,Right-Back,Tranmere,1074,150000,,,,,,,,,
675993,"Frazer Blake-Tracy","Frazer John Blake-Tracy",,England,Centre-Back,"Mansfield Town",3820,200000,,,,,,,,"Zyan Blake",
676168,"Jayden Sweeney","Jayden Deslandes Sweeney",,England,Left-Back,"Grimsby Town",1034,200000,,,,,,,,"Jayden Sweeney",
678931,"Jamie Jellis","Jamie Ryan Jellis",,England,"Central Midfield",Rotherham,1194,175000,,,,,,,,"Jamie Jellis",
683857,"Arkell Jude-Boyd","Arkell Nicholas Cecil Jude-Boyd",,"St. Lucia, England",Right-Back,Shrewsbury,3054,150000,,,,,,,,"Arkell Jude-Boyd",
684173,"Ryan Glover","Ryan Michael Scott Glover",,England,"Right Winger",Stockport,1098,350000,,,,,,,,"Ryan Glover",
684178,"Jason Sraha","Jason Robert Sraha Osei",,"England, Nigeria",Centre-Back,"Burton Albion",2963,125000,,,,,,,,"Jason Svanthórsson",
684283,"Zach Jeacock","Zachary Anton John Jeacock",,England,Goalkeeper,Northampton,1302,100000,,,,,,,,,
686837,"Charlie Savage","Charlie William Henry Savage",,"Wales, England","Central Midfield",Reading,1032,900000,,,,,,,,"Charlie Savage",
686838,"Charlie Wellens","Charlie Gerard Richard Wellens",,England,"Central Midfield","Leyton Orient",1150,200000,,,,,,,,"Charlie Wellens",
686839,"Owen Dodgson","Owen Joel Dodgson",,England,Left-Back,Stockport,1098,350000,,,,,,,,"Owen Dodgson",
689891,"Romoney Crichlow","Romoney Crichlow-Noble",,England,Centre-Back,Barnet,2804,175000,,,,,,,,"Romoney Crichlow-Noble",
689893,"Rarmani Edmonds-Green","Rarmani River Miguel Joseph Edmonds-Green",,England,Centre-Back,"Leyton Orient",1150,275000,,,,,,,,"Rarmani Edmonds-Green",
690478,"Matthew Sorinola","Matthew Alexander Sorinola",,"England, Nigeria",Right-Back,Plymouth,2262,700000,,,,,,,,"Matthew Sorinola",
691064,"Remeao Hutton","Remeao Andrew Hutton",,"England, Ireland",Right-Back,Chesterfield,1219,300000,,,,,,,,"Remeao Hutton",
692906,"Géza Dávid Turi","Turi Géza Dávid",,"Faroe Islands, Hungary","Central Midfield","Grimsby Town",1034,250000,,,,,,,,,
693066,"Kamarai Swyer","Kamarai Simon-Swyer",,England,"Attacking Midfield",Northampton,1302,100000,,,,,,,,"Kamarai Swyer",
696183,"Kallum Cesay","Kallum Xzeiba Tracey Cesay",,"Sierra Leone, England","Defensive Midfield",Salford,34888,250000,,,,,,,,"Kallum Cesay",
696229,"Armando Junior Quitirna",,,"Guinea-Bissau, England","Attacking Midfield",Wycombe,2805,325000,,,,,,,,"Junior Quitirna",
696502,"Aribim Pepple","Aribusitamunoipirim Emmanuel Pepple",,"Canada, England",Centre-Forward,Plymouth,2262,375000,,,,,,,,"Aribim Pepple",
69653,"Garath McCleary","Garath James McCleary",,"Jamaica, England","Right Winger",Gillingham,2814,25000,,,,,,,,"Garath McCleary",
696631,"Isaiah Jones","Isaiah Benjamin Montell Jones",,"Guyana, England","Right Winger",Luton,1031,3000000,,,,,,,,"Isaiah Jones",
696758,"Tom Nixon","Thomas George Jospeh Nixon",,England,Right-Back,Doncaster,2454,200000,,,,,,,,"Tom Nixon",
696762,"Jonathan Tomkinson","Jonathan Robert Tomkinson",,"United States, England",Centre-Back,Cheltenham,3371,200000,,,,,,,,"Jonathan Tomkinson",
696893,"Richard Taylor","Richard Akinfolarin Taylor",,"England, Nigeria",Centre-Back,Bromley,8981,325000,,,,,,,,"Richard Taylor",
697278,"Charlie Webster","Charles Clive Webster",,"England, Ireland","Central Midfield","Burton Albion",2963,900000,,,,,,,,"Charlie Webster",
697282,"Zach Awe","Zachariah Olumide Awe",,"England, Nigeria",Centre-Back,Salford,34888,100000,,,,,,,,"Zach Baumann",
698196,"Calum Kavanagh","Calum Graham Kavanagh",,"Ireland, Wales",Centre-Forward,"Oldham Athletic",1078,250000,,,,,,,,"Calum Kavanagh",
698741,"Marcus Ifill","Marcus Lemar Ifill",,England,Right-Back,Bromley,8981,275000,,,,,,,,"Marcus Ifill",
698895,"Luca Hoole","Luca Anthony Hoole",,Wales,Right-Back,Shrewsbury,3054,200000,,,,,,,,"Luca Hoole",
699018,"Zac Ashworth","Zachary Ashworth",,"Wales, England",Left-Back,Blackpool,1181,300000,,,,,,,,"Zac Ashworth",
70019,"Seamus Conneely","Séamus Joseph Conneely",,"Ireland, England","Defensive Midfield",Accrington,3688,25000,,,,,,,,"Séamus Conneely",
702234,"Kieron Evans","Kieron Thomas Evans",,Wales,"Attacking Midfield","Newport County",3716,,,,,,,,,,
703475,"Malachi Boateng","Malachi Kofi Owusu Boateng",,"England, Ghana","Defensive Midfield",Plymouth,2262,700000,,,,,,,,"Malachi Boateng",
703487,"Brad Young","Bradley Young",,England,Goalkeeper,"Bristol Rovers",2455,200000,,,,,,,,"Brad Young",
703577,"Kegs Chauke","Kgaogelo Chauke",,"South Africa, England","Central Midfield","Burton Albion",2963,300000,,,,,,,,"Kgaogelo Chauke",
705159,"Jake Bickerstaff","Jake David Bickerstaff",,"Wales, England",Centre-Forward,Cheltenham,3371,100000,,,,,,,,"Jake Bickerstaff",
707550,"Fabrizio Cavegn",,,Switzerland,Centre-Forward,"Bristol Rovers",2455,350000,,,,,,,,"Fabrizio Cavegn",
707955,"Vincent Harper","Vincent McDyess Harper",,"Kenya, England","Left Midfield",Walsall,899,250000,,,,,,,,"Vincent Harper",
713479,"Lee Bonis",,,"Northern Ireland",Centre-Forward,Chesterfield,1219,450000,,,,,,,,"Lee Bonis",
712592,"Harvey Cartwright","Harvey Jay Cartwright",,England,Goalkeeper,"Grimsby Town",1034,150000,,,,,,,,,
718250,"Ethan Brierley","Ethan Craig Brierley",,England,"Central Midfield",Huddersfield,1110,375000,,,,,,,,"Ethan Brierley",
718547,"Josh Davison","Joshua Michael Blainey Davison",,England,Centre-Forward,Shrewsbury,3054,125000,,,,,,,,"Josh Davison",
718619,"Bayley McCann",,,"Northern Ireland, England",Left-Back,Doncaster,2454,75000,,,,,,,,"Bayley McCann",
719224,"Ricardo Dinanga","Ricardo Flisberto Dinanga",,"Ireland, DR Congo",Centre-Forward,Shrewsbury,3054,,,,,,,,,"Ricardo Dinanga",
719681,"Jeremiah Chilokoa-Mullen","Jeremiah Chukwuedo Chilokoa-Mullen",,"Scotland, England",Centre-Back,Wigan,1071,250000,,,,,,,,"Jeremiah Debrah",
724536,"Josh Keeley",,,Ireland,Goalkeeper,Luton,1031,800000,,,,,,,,"Josh Keeley",
725701,"Dan Moss","Daniel Thomas Moss",,England,Right-Back,Rochdale,1088,,,,,,,,,,
72518,"Jamie Walker","Jamie Allan Walker",,Scotland,"Attacking Midfield","Grimsby Town",1034,125000,,,,,,,,"Jamie Walker",
725703,"Joseph Hungbo","Joseph Oluwagbemiga Mayowa Hungbo",,"England, Nigeria","Right Winger",Wigan,1071,375000,,,,,,,,"Joseph Hungbo",
726634,"Matus Holicek","Matúš Holíček",,Slovakia,"Central Midfield","Crewe Alexandra",1042,300000,,,,,,,,"Matús Holícek",
726860,"Jay Turner-Cooke",,,England,"Attacking Midfield",Shrewsbury,3054,,,,,,,,,,
726992,"Charlie Whitaker","Charlie Jay Whitaker",,England,"Attacking Midfield",Tranmere,1074,250000,,,,,,,,"Charlie Whitaker",
727025,"Cian Hayes","Cian Jude Hayes",,"Ireland, England","Right Winger",Rochdale,1088,325000,,,,,,,,"Cian Hayes",
727023,"Shayden Morris","Shayden Jermaine Morris",,England,"Right Winger",Luton,1031,1000000,,,,,,,,"Shayden Morris",
727289,"Lewis Simper","Lewis Matthew Simper",,England,"Central Midfield",Walsall,899,,,,,,,,,,
730305,"Joe Grey","Joseph Grey",,England,"Left Winger","York City",1252,,,,,,,,,,
728983,"Josh Austerfield","Joshua James Austerfield",,England,"Central Midfield",Salford,34888,250000,,,,,,,,"Josh Austerfield",
731751,"Edon Pruti",,,"Albania, England",Centre-Back,"Grimsby Town",1034,,,,,,,,,,
732206,"Georgie Gent","Georgie Simon Gent",,England,Left-Back,Barnsley,349,350000,,,,,,,,"Georgie Gent",
732743,"Sam Long","Samuel James Long",,"Scotland, England",Goalkeeper,Salford,34888,75000,,,,,,,,,
731755,"Jaheim Headley","Jaheim Anthony Headley",,"England, Jamaica",Left-Back,"Port Vale",1211,550000,,,,,,,,"Jaheim Headley",
732748,"Seán Roughan","Seán Patrick Roughan",,Ireland,Left-Back,Huddersfield,1110,1000000,,,,,,,,"Seán Roughan",
733314,"James Carragher","James Lee Carragher",,"Malta, England",Centre-Back,Wigan,1071,250000,,,,,,,,"James Carragher",
733305,"Rico Browne","Rico Franklin Browne",,"St. Kitts & Nevis, England",Centre-Back,Walsall,899,150000,,,,,,,,"Rico Browne",
733424,"Ben Woods","Benjamin Jack Woods",,England,"Central Midfield",Peterborough,1072,175000,,,,,,,,"Ben Woods",
733494,"Kamil Conteh","Kamil Amadu Conteh",,"Sierra Leone, England","Central Midfield",Bromley,8981,400000,,,,,,,,"Kamil Conteh",
733430,"Sam Waller","Sam William John Waller",,England,Goalkeeper,Rochdale,1088,50000,,,,,,,,"Sam Waller",
733496,"JJ McKiernan","John Joshua McKiernan",,"Northern Ireland, England","Central Midfield",Bromley,8981,275000,,,,,,,,"JJ McKiernan",
735140,"Jayden Wareham","Jayden Darren George Wareham",,England,Centre-Forward,"Exeter City",6699,400000,,,,,,,,"Jayden Wareham",
734937,"Abraham Odoh","Abraham Ifoghale Odoh",,England,"Left Winger",Salford,34888,200000,,,,,,,,"Abraham Odoh",
73547,"Oliver Norwood","Oliver James Norwood",,"Northern Ireland, England","Central Midfield",Stockport,1098,200000,,,,,,,,"Oliver Norwood",
735677,"Josh March","Joshua Thomas March",,England,Centre-Forward,"Crewe Alexandra",1042,150000,,,,,,,,"Josh March",
735672,"Maël de Gevigney","Maël Durand de Gevigney",,France,Centre-Back,Barnsley,349,550000,,,,,,,,"Maël de Gevigney",
738310,"Reece Smith","Reece Andrew Smith",,England,"Left Winger",Walsall,899,150000,,,,,,,,"Reece Smith",
741271,"Justin Ferizaj",,,"Ireland, Albania","Central Midfield","Crawley Town",3537,50000,,,,,,,,"Justin Ferizaj",
741236,"Matthew Cox","Matthew Aidan Cox",,England,Goalkeeper,Barnet,2804,700000,,,,,,,,"Matthew Cox",
741694,"Mo Faal","Modou Lamin Faal",,"The Gambia, England",Centre-Forward,"Port Vale",1211,350000,,,,,,,,"Mo Missanga",
743741,"Andy Smith","Andrew John Smith",,England,Centre-Back,Gillingham,2814,300000,,,,,,,,,
741948,"Ben Garrity","Benjamin Matthew Garrity",,England,"Central Midfield","Port Vale",1211,300000,,,,,,,,"Ben Garrity",
744754,"Charlie Caton","Charlie George Caton",,"Wales, England",Centre-Forward,Accrington,3688,75000,,,,,,,,"Charlie Caton",
744951,"Joe Foulkes","Joseph James Foulkes",,England,Right-Back,"Grimsby Town",1034,,,,,,,,,,
745692,"Joe Snowdon","Joseph Leonard Snowdon",,England,"Right Midfield","Swindon Town",352,100000,,,,,,,,"Joe Snowdon",
745716,"Killian Cahill",,,Ireland,Goalkeeper,"Leyton Orient",1150,175000,,,,,,,,"Killian Cahill",
745728,"Dylan Duffy","Dylan Arthur Duffy",,Ireland,"Left Midfield",Chesterfield,1219,250000,,,,,,,,"Dylan Duffy",
746094,"Alex Mitchell","Alexander Paul Mitchell",,England,Centre-Back,Plymouth,2262,800000,,,,,,,,"Alex Mitchell",
746338,"Baba Adeeko","Babajide Ezekiel Adeeko",,"Ireland, Nigeria","Central Midfield",Wigan,1071,300000,,,,,,,,"Baba Adeeko",
746553,"Reyes Cleary","Reyes Demar Uriah Cleary",,England,"Left Winger",Barnsley,349,250000,,,,,,,,"Reyes Cleary",
746620,"Jake Leake","Jake David Leake",,England,Left-Back,"Colchester Utd.",1060,75000,,,,,,,,"Jake Leake",
746622,"Harry Wood",,,England,"Attacking Midfield",Stockport,1098,325000,,,,,,,,,
746734,"Kyron Gordon","Kyron Silveria Gordon",,England,Centre-Back,Stockport,1098,,,,,,,,,,
746736,"Harrison Neal",,,England,"Central Midfield",Fleetwood,11177,275000,,,,,,,,"Harrison Neal",
746753,"Frankie Maguire","Francis William Maguire",,England,"Attacking Midfield","York City",1252,,,,,,,,,,
746956,"Evan Weir","Evan Robert Weir",,Ireland,Left-Back,Peterborough,1072,300000,,,,,,,,"Evan Weir",
747255,"James Crole","James William Thomas Crole",,Wales,Centre-Forward,"Newport County",3716,100000,,,,,,,,"James Crole",
747258,"Charlie Barker","Charlie Mel Barker",,England,Centre-Back,"Crawley Town",3537,350000,,,,,,,,"Charlie Barker",
747574,"Brad Hills","Bradley Hills",,England,Centre-Back,Stockport,1098,650000,,,,,,,,"Brad Hills",
747950,"Alfie McNally","Alfie Shane McNally",,England,Goalkeeper,"York City",1252,,,,,,,,,,
764934,"Amani Richards",,,"England, Jamaica",Centre-Forward,Barnsley,349,50000,,,,,,,,,
790995,"Malik Mothersille","Malik Maine Mothersille",,"Jamaica, England","Left Winger",Stockport,1098,450000,,,,,,,,"Malik Mothersille",
794816,"Rhys Bennett","Rhys Joseph Wright Bennett",,England,Centre-Back,Fleetwood,11177,75000,,,,,,,,,
801612,"Jed Ward",,,England,Goalkeeper,Walsall,899,200000,,,,,,,,"Jed Meerholz",
802229,"Sam Beckwith","Samuel Wayne Beckwith",,England,Left-Back,Rochdale,1088,,,,,,,,,,
802233,"Casey Pettit","Casey Anthony Pettit",,England,"Defensive Midfield",Rochdale,1088,,,,,,,,,,
802419,"Dan Sassi","Daniel Sassi",,England,Centre-Back,"Newport County",3716,,,,,,,,,"Dan Sassi",
802629,"Isaac Ogundere","Isaac Ifeoluwa Foloronso Olushore Ogundere",,"England, Nigeria",Centre-Back,"AFC Wimbledon",3884,450000,,,,,,,,"Isaac Ogundere",
804040,"George Broadbent",,,England,"Defensive Midfield",Doncaster,2454,300000,,,,,,,,"George Broadbent",
804330,"Jack Stevens",,,"Wales, England","Left Winger","Oldham Athletic",1078,150000,,,,,,,,,
805895,"Will Brook","William Michael Brook",,England,Goalkeeper,Shrewsbury,3054,100000,,,,,,,,"Will Brook",
807418,"Jude Arthurs","Jude Robert Arthurs",,England,"Central Midfield","Crawley Town",3537,225000,,,,,,,,"Jude Arthurs",
808454,"Mason Hancock","Mason Colin Hancock",,England,Left-Back,Walsall,899,225000,,,,,,,,"Mason Hancock",
809099,"Owura Edwards","Owura Nsiah Edwards",,"England, Ghana","Left Winger",Peterborough,1072,200000,,,,,,,,"Owura Edwards",
809167,"Ciaran Gilligan","Ciaran Patrick Gilligan",,"Ireland, England","Central Midfield","Burton Albion",2963,75000,,,,,,,,"Ciaran Gilligan",
811292,"Sonny Cox",,,England,Centre-Forward,"Exeter City",6699,350000,,,,,,,,"Sonny Cox",
810188,"David Okagbue","David Chukwudubem Okagbue",,"Ireland, Nigeria",Centre-Back,Peterborough,1072,325000,,,,,,,,"David Okagbue",
812133,"Filozofe Mabete",,,"DR Congo, England",Centre-Back,"Swindon Town",352,150000,,,,,,,,"Filozofe Mabete",
812397,"Emre Tezgel","Emre James Vann Tezgel",,"England, Türkiye",Centre-Forward,Wycombe,2805,550000,,,,,,,,"Emre Tezgel",
812996,"Samson Tovide","Samson Jolaoluwa Gbolohan Tovide",,"England, Nigeria",Centre-Forward,"Colchester Utd.",1060,275000,,,,,,,,"Samson Tovide",
812683,"Tai Sodje","Taione Richard Evumena Sodje",,"England, Nigeria",Centre-Forward,Walsall,899,,,,,,,,,,
813065,"Malik Owolabi-Belewu","Abdulmalik Timmy Owolabi-Belewu",,"Canada, Nigeria",Centre-Back,Chesterfield,1219,100000,,,,,,,,"Malik Pimpong",
814290,"Lee Jenkins","Lee Thomas Jenkins",,Wales,Centre-Back,"Newport County",3716,200000,,,,,,,,,
814524,"Joe Wormleighton","Joseph Oliver Wormleighton",,England,Right-Back,Northampton,1302,125000,,,,,,,,"Joe Wormleighton",
814526,"Brandon Cover","Brandon Ashley Cover",,"Jamaica, England","Defensive Midfield",Rotherham,1194,125000,,,,,,,,"Brandon Cover",
814684,"Francis Okoronkwo","Francis Okereke Okoronkwo",,"England, Nigeria",Centre-Forward,Doncaster,2454,200000,,,,,,,,"Francis Okoronkwo",
816002,"Max Dyche",,,England,Centre-Back,Northampton,1302,150000,,,,,,,,"Max Dyche",
816519,"Will Sutton","William Joseph Sutton",,England,Centre-Back,"Oldham Athletic",1078,150000,,,,,,,,"Will Sutton",
819713,"Lucas Ness","Lucas Benjamin Ness",,England,Centre-Back,"Notts County",1045,150000,,,,,,,,"Lucas Ness",
820970,"Sam Sherring",,,England,Centre-Back,Rochdale,1088,250000,,,,,,,,"Sam Sherring",
816515,"Tom Bloxham","Thomas Stanley Bloxham",,England,Centre-Forward,Blackpool,1181,600000,,,,,,,,,
821522,"Alfie Pond","Alfie James Pond",,England,Centre-Back,Chesterfield,1219,250000,,,,,,,,"Alfie Pond",
822163,"Jacob Mendy","Jacob Mendy Mendy",,"The Gambia, Spain",Left-Back,Bromley,8981,125000,,,,,,,,"Jacob Mendy",
823762,"Jonny Russell","Jonathan Russell",,"Northern Ireland",Left-Back,"Crawley Town",3537,75000,,,,,,,,,
819863,"Courtney Clarke","Courtney Alphonso Clarke",,"Jamaica, England","Central Midfield",Walsall,899,150000,,,,,,,,"Courtney Clarke",
827440,"Zak Johnson","Zak Robert Johnson",,England,Centre-Back,"York City",1252,75000,,,,,,,,,
83430,"Albert Adomah","Albert Danquah Adomah",,"Ghana, England","Right Winger",Walsall,899,25000,,,,,,,,"Albert Adomah",
838367,"James Storer","James Lee Storer",,"Ireland, England",Goalkeeper,Plymouth,2262,75000,,,,,,,,,
842566,"Deon Woodman","Deonysus Sangai Woodman",,"Kenya, England",Centre-Back,Bromley,8981,,,,,,,,,,
842149,"Kieren Flavell","Kieren James Flavell",,England,Goalkeeper,Barnsley,349,75000,,,,,,,,"Kieren Flavell",
845472,"Jack Maskell","Jack Reagan Maskell",,England,Centre-Forward,Barnet,2804,,,,,,,,,,
851990,"Jack Sanders","Jack Tom Sanders",,England,Centre-Back,"MK Dons",991,600000,,,,,,,,"Jack Sanders",
852517,"Shaq Forde","Shaqai Tyreece Steven Forde",,"England, Barbados","Right Winger","Bristol Rovers",2455,225000,,,,,,,,"Shaq Forde",
847579,"Isaac Heath",,,England,"Left Winger","Cambridge Utd.",986,250000,,,,,,,,"Isaac Heath",
1240762,"Araphat Mohammed",,,Ghana,"Right Winger",Nordsjaelland,2778,50000,,,,,,,,,
854825,"Donay O'Brien-Brady","Donay Kaylin O'Brien-Brady",,England,"Central Midfield",Peterborough,1072,150000,,,,,,,,"Donay O'Brien-Brady",
855090,"Harrison Minturn","Harrison James Minturn",,England,Centre-Back,"Swindon Town",352,75000,,,,,,,,,
854853,"Tom Davies","Thomas Alfred Davies",,Wales,Left-Back,"Newport County",3716,100000,,,,,,,,,
854930,"Jacob Slater","Jacob Vaughan Slater",,"Ireland, England",Left-Back,Tranmere,1074,150000,,,,,,,,"Jacob Slater",
855258,"Seb Palmer-Houlden","Sebastian Palmer-Houlden",,England,Centre-Forward,Gillingham,2814,250000,,,,,,,,"Seb Palmer-Houlden",
859941,"Darren Robinson","Darren Robert Russell Robinson",,"Northern Ireland","Defensive Midfield",Doncaster,2454,100000,,,,,,,,"Darren Robinson",
855306,"Soul Kader","شاول قادر",,"England, Egypt",Centre-Forward,Bromley,8981,,,,,,,,,,
859944,"Benn Ward","Benn David Ward",,England,Centre-Back,Reading,1032,175000,,,,,,,,"Benn Ward",
864496,"Dom Ballard","Dominic Ballard",,England,Centre-Forward,"Leyton Orient",1150,2000000,,,,,,,,"Dom Ballard",
860694,"Will Goodwin","William Neil Goodwin",,England,Centre-Forward,Gillingham,2814,250000,,,,,,,,"Will Goodwin",
860750,"Tom Moore","Thomas William Moore",,England,Centre-Back,Accrington,3688,,,,,,,,,,
865917,"Declan Frith",,,"England, United States","Right Winger",Peterborough,1072,200000,,,,,,,,"Declan Frith",
866669,"Jake Batty","Jake Thomas Batty",,England,Left-Back,Fleetwood,11177,250000,,,,,,,,"Jake Batty",
867711,"Will Alves","William Thomas Alves",,"England, Portugal","Attacking Midfield",Leicester,1003,400000,,,,,,,,"Will Alves",
869884,"Craig Farquhar",,,"Northern Ireland",Centre-Back,Barnet,2804,,,,,,,,,,
871229,"George Hall","George Cardinal Joseph Hall",,England,"Central Midfield","Port Vale",1211,750000,,,,,,,,"George Hall",
871236,"Ben Radcliffe","William Benjamin Callister Radcliffe",,England,Centre-Back,"Crawley Town",3537,150000,,,,,,,,"Ben Radcliffe",
871692,"Kelly N'Mai","Kelly Harmani Nmai",,"Netherlands, England","Left Midfield",Salford,34888,300000,,,,,,,,"Pladi N'Zinga Pambani",
871837,"Bradley Ibrahim","Bradley Ryan Ibrahim",,England,"Defensive Midfield",Plymouth,2262,550000,,,,,,,,"Ibrahim Montasser Azzam",
874009,"Chris Sze","Christopher John Bernard Sze",,England,"Attacking Midfield",Wigan,1071,100000,,,,,,,,,
874012,"Tom Watson","Thomas George Watson",,England,Goalkeeper,Wigan,1071,,,,,,,,,,
874081,"Karoy Anderson","Karoy Zidane Lovebourne Anderson",,"Jamaica, England","Central Midfield",Blackpool,1181,375000,,,,,,,,"Karoy Anderson",
874017,"Kylian Kouassi","Kylian Prince-Emmanuel Tresor Kouassi",,England,Centre-Forward,Blackpool,1181,250000,,,,,,,,"Kylian Kouassi",
874429,"Aron Sasu","Aron Kwame Jolle Sasu",,"Norway, England","Left Winger","AFC Wimbledon",3884,125000,,,,,,,,"Aron Sasu",
874447,"Charlie Waller","Charlie James O'Meara Waller",,England,Centre-Back,"MK Dons",991,50000,,,,,,,,"Charlie Waller",
874538,"Ryan Trevitt","Ryan Joseph Trevitt",,England,"Central Midfield",Wigan,1071,275000,,,,,,,,"Ryan Trevitt",
875219,"Marselino Ferdinan","Marselino Ferdinan Philipus",,Indonesia,"Attacking Midfield","Oxford United",988,100000,,,,,,,,,
875235,"Seán Grehan","Seán Patrick Grehan",,Ireland,Centre-Back,Doncaster,2454,200000,,,,,,,,"Seán Grehan",
875571,"Elicha Ahui","Elicha Sar-Shalom Ahui",,England,Right-Back,Walsall,899,50000,,,,,,,,,
876166,"Ed James","Edward George Martin James",,"Wales, England",Centre-Back,"Exeter City",6699,75000,,,,,,,,"Ed James",
876626,"Finn Delap","Finn Anthony Delap",,"England, Ireland",Centre-Back,"Burton Albion",2963,125000,,,,,,,,"Finn Delap",
876779,"Bobby Faulkner","Bobby Brian Faulkner",,England,Centre-Back,Tranmere,1074,125000,,,,,,,,"Bobby Faulkner",
877872,"Ben Hughes","Benjamin Rhys Hughes",,Wales,Goalkeeper,"Cambridge Utd.",986,75000,,,,,,,,,
878114,"Zak Bradshaw","Zak Dominic Bradshaw",,England,Left-Back,"Cambridge Utd.",986,75000,,,,,,,,"Zak Bradshaw",
878160,"Reuell Walters","Reuell Joshua Walters",,"England, Germany",Right-Back,Luton,1031,2500000,,,,,,,,"Reuell Walters",
878357,"Samuel Kuffour Jr.","Samuel Osei Junior Kuffour",,"Ghana, Germany",Centre-Back,"Colchester Utd.",1060,50000,,,,,,,,,
878645,"Mason Terry",,,England,Goalkeeper,"Port Vale",1211,,,,,,,,,"Jah-Mason Telusson",
882219,"Stephan Negru",,,"Moldova, Ireland",Centre-Back,"Swindon Town",352,175000,,,,,,,,"Stephan Negru",
883541,"James Pradic","James Charles Pradic",,Wales,Goalkeeper,Fleetwood,11177,,,,,,,,,,
883165,"Gideon Kodua","Gideon Nana Kwame Fosu Kodua",,"England, Ghana",Centre-Forward,Luton,1031,400000,,,,,,,,"Gideon Kodua",
883433,"Marvin Kaleta","Marvin Marvellous Kaleta",,"DR Congo, England","Right Midfield",Rotherham,1194,200000,,,,,,,,"Marvin Kaleta",
887409,"Ethan Pye","Ethan Joseph Pye",,England,Centre-Back,Stockport,1098,900000,,,,,,,,"Ethan Pye",
883543,"Calum Agius","Calum Stewart Agius",,"Wales, Malta","Left Winger","Crewe Alexandra",1042,250000,,,,,,,,"Calum Agius",
890859,"Bastian Smith",,,England,Goalkeeper,Peterborough,1072,,,,,,,,,,
896526,"Patrick Kelly",,,"Northern Ireland","Defensive Midfield",Barnsley,349,350000,,,,,,,,"Patrick Kelly",
904722,"Paddy Lane","Patrick John Lane",,"Northern Ireland, England","Right Winger",Reading,1032,550000,,,,,,,,"Paddy Lane",
903189,"Maldini Kacurri",,,"Albania, England",Centre-Back,"Grimsby Town",1034,450000,,,,,,,,"Maldini Kacurri",
1124553,Robert,,,Brazil,Goalkeeper,Atlético-MG,330,,,,,,,,,,
534033,"Alexis Mac Allister",,,"Argentina, Italy","Central Midfield",Liverpool,31,70000000,,,,,,,,"Alexis Mac Allister",
534015,"Nordin Bakker",,,Netherlands,Goalkeeper,Midtjylland,865,350000,,,,,,,,,
534263,"Vicente Fernández","Vicente Felipe Fernández Godoy",,Chile,Left-Back,"CD Everton",7020,400000,,,,,,,,,
534290,"Marco Collao","Marco Antonio Collao Ramos",,Chile,"Central Midfield","Audax Italiano",6363,700000,,,,,,,,,
534284,"Diego Carrasco","Diego Andrés Carrasco Muñoz",,Chile,Centre-Back,"D. Concepción",14604,250000,,,,,,,,,
534293,"Sebastián Cabrera","Sebastián Eduardo Cabrera Morgado",,Chile,Left-Back,"Coquimbo Unido",11004,750000,,,,,,,,,
534294,"Sebastián Galani","Sebastián Paolo Galani Villega",,Chile,"Defensive Midfield","Coquimbo Unido",11004,1200000,,,,,,,,,
534297,"Claudio González","Claudio Iván González Landeros",,Chile,Goalkeeper,Limache,26697,50000,,,,,,,,,
534360,"Donat Rrudhani",,,Kosovo,"Right Midfield","FC Sion",321,1200000,,,,,,,,,
534301,"Fabrizio Manzo","Fabrizio Fabián Lucas Manzo Melo",,Chile,"Central Midfield","D. Concepción",14604,100000,,,,,,,,,
534376,"Marco Moreno","Marco Moreno Ojeda",,Spain,Centre-Back,"EC Bahia",10010,900000,,,,,,,,,
534377,"Kialy Abdoul Kone",,,"Cote d'Ivoire","Left Winger","AD Ceuta",8568,800000,,,,,,,,,
906413,"Charlie Veevers",,,England,"Central Midfield",Tranmere,1074,,,,,,,,,,
906902,"Elliott Nevitt","Elliott Lloyd Nevitt",,England,Centre-Forward,"Oldham Athletic",1078,125000,,,,,,,,"Elliott Nevitt",
907211,"Benoný Breki Andrésson",,,Iceland,Centre-Forward,Stockport,1098,400000,,,,,,,,"Benony Andrésson",
907220,"Jaden Williams","Jaden Pharell Earl Williams",,England,"Second Striker","Colchester Utd.",1060,125000,,,,,,,,"Jaden Williams",
907318,"Charlie McArthur","Charlie Walter McArthur",,Scotland,Centre-Back,"York City",1252,100000,,,,,,,,,
907464,"Tommy Leigh",,,England,"Attacking Midfield","Bristol Rovers",2455,350000,,,,,,,,"Tommy Leigh",
908779,"Will Dickson","William Dickson",,England,Centre-Forward,Chesterfield,1219,100000,,,,,,,,"Will Dickson",
908797,"Isaac Smith",,,England,Centre-Back,Barnsley,349,,,,,,,,,,
909487,"Lenny Agbaire","Lenny Nosa Oboghene Agbaire",,"Scotland, Nigeria",Centre-Back,Rotherham,1194,125000,,,,,,,,"Lenny Agbaire",
911194,"Harry Griffiths",,,England,Goalkeeper,"Notts County",1045,,,,,,,,,,
911750,"Mamadou Jobe","Mamadou Ousmane Jobe",,"England, The Gambia",Centre-Back,"Cambridge Utd.",986,400000,,,,,,,,"Mamadou Jobe",
911757,"Liam Bennett",,,England,Right-Back,"Cambridge Utd.",986,450000,,,,,,,,"Liam Bennett",
912481,"Sverre Sandal","Sverre Hakami Sandal",,"Norway, England","Central Midfield",Luton,1031,800000,,,,,,,,"Sverre Sandal",
91340,"James Shea","James William Shea",,"England, Ireland",Goalkeeper,Luton,1031,100000,,,,,,,,"James Shea",
914370,"Josh Woods","Josh Stanley Ronald Woods",,England,Centre-Forward,Accrington,3688,100000,,,,,,,,"Josh Woods",
917154,"Zech Obiero","Zechariah Nahum Obiero",,"Kenya, England","Central Midfield","Leyton Orient",1150,125000,,,,,,,,"Zech Obiero",
918868,"Harrison Burke","Harrison John Burke",,England,Centre-Back,Walsall,899,100000,,,,,,,,"Harrison Burke",
919149,"Adebola Oluwo",,,"Nigeria, England",Centre-Back,Salford,34888,300000,,,,,,,,"Adebola Oluwo",
920790,"Ryan Howley","Ryan Oliver Howley",,"Wales, England","Central Midfield","Bristol Rovers",2455,100000,,,,,,,,"Ryan Howley",
920005,"Jackson Izquierdo",,,England,Goalkeeper,"Crawley Town",3537,,,,,,,,,,
921348,"Josh Williams","Joshua James Williams",,Wales,"Central Midfield",Tranmere,1074,75000,,,,,,,,,
921735,"Brandon Khela","Brandon Singh Khela",,"England, India","Central Midfield",Peterborough,1072,350000,,,,,,,,"Brandon Khela",
921993,"Delano McCoy-Splatt",,,"Jamaica, England","Central Midfield","AFC Wimbledon",3884,,,,,,,,,"Delano McCoy-Splatt",
922079,"Gus Scott-Morriss",,,England,Right-Back,"Oldham Athletic",1078,,,,,,,,,,
922472,"Somto Boniface","Somtochukwu Alan Udochukwu Boniface",,"England, Nigeria",Left-Back,"Leyton Orient",1150,,,,,,,,,"Somto Boniface",
922476,"Akeel Higgins","Akeel Adriano Billy Higgins",,England,"Right Winger",Wigan,1071,175000,,,,,,,,"Akeel Higgins",
924699,"Joe Thomas","Joe Ethan Thomas",,Wales,Right-Back,"Newport County",3716,150000,,,,,,,,"Thomas Woodward",
925104,"Jack Perkins","Jack William Perkins",,England,"Central Midfield",Northampton,1302,175000,,,,,,,,"Jack Perkins",
925105,"Ben Perry","Benjamin Marshall Perry",,England,"Defensive Midfield","Colchester Utd.",1060,100000,,,,,,,,"Ben Perry",
926307,"Luca Woodhouse","Luca Jack Alexander Woodhouse",,England,Centre-Back,"Exeter City",6699,100000,,,,,,,,"Luca Woodhouse",
941441,"Darius Lipsiuc",,,"Ireland, Moldova","Central Midfield","Notts County",1045,,,,,,,,,,
928577,"Billy Kirkman","Billy Naylor Kirkman",,"England, Wales",Left-Back,"Swindon Town",352,100000,,,,,,,,"Billy Kirkman",
926559,"Byron Pendleton",,,England,Right-Back,Shrewsbury,3054,,,,,,,,,,
929574,"Freddie Issaka","Frederick Habib Yampabu Issaka",,"Wales, Ghana","Left Winger",Plymouth,2262,225000,,,,,,,,"Freddie Issaka",
935800,"Noah Phillips",,,England,Goalkeeper,"Leyton Orient",1150,,,,,,,,,,
949413,"Andrew Oluwabori","Andrew Jose Oluwabori",,"England, Nigeria","Right Winger","Exeter City",6699,,,,,,,,,"Andrew Oluwabori",
959595,"Joe Gbodé","Joseph Paul Caleb Gbodé",,England,Centre-Forward,Shrewsbury,3054,125000,,,,,,,,"Joseph Gbode",
959688,"Callum Tripp","Callum Maximillian Tripp",,"Wales, England",Centre-Back,"MK Dons",991,50000,,,,,,,,"Callum Tripp",
961075,"Glenn McConnell","Felipe Glenn Nascimento McConnell",,"Ireland, Brazil","Attacking Midfield","Cambridge Utd.",986,75000,,,,,,,,"Glenn McConnell",
965095,"Frankie Terry","Frankie Edward Terry",,England,Centre-Back,"Colchester Utd.",1060,100000,,,,,,,,"Frankie Terry",
965617,"Jason Adigun",,,"England, Nigeria","Attacking Midfield",Stockport,1098,,,,,,,,,,
965728,"Tom Booth","Thomas Luke Booth",,England,Goalkeeper,"Crewe Alexandra",1042,175000,,,,,,,,"Tom Booth",
965744,"Owen Lunt","Owen Alan Lunt",,England,"Defensive Midfield","Crewe Alexandra",1042,250000,,,,,,,,"Owen Lunt",
965919,"Callum Perry",,,England,Centre-Back,"Cambridge Utd.",986,,,,,,,,,"Callum Perry",
965920,"Isaac Moore",,,England,"Central Midfield",Walsall,899,,,,,,,,,,
965940,"Zack Nelson","Zack Mark Anthony Emeka Nelson",,England,"Attacking Midfield","AFC Wimbledon",3884,600000,,,,,,,,"Zack Nelson",
965943,"Millar Matthews-Lewis",,,England,Centre-Forward,"Burton Albion",2963,,,,,,,,,"Millar Matthews-Lewis",
965955,"Oliver Lynch","Oliver David James Lynch",,England,Centre-Forward,"Port Vale",1211,,,,,,,,,,
966649,"Connor O'Brien","Connor David O'Brien",,"Ireland, England",Right-Back,Accrington,3688,200000,,,,,,,,"Connor O'Brien",
966681,"Alex Henderson","Alex William Henderson",,England,"Attacking Midfield",Accrington,3688,125000,,,,,,,,,
967295,"Hamish Douglas","Hamish Hubertus Douglas",,England,Centre-Back,Rotherham,1194,125000,,,,,,,,"Hamish Douglas",
969372,"Tom Iorpenda","Thomas Achi Iorpenda",,"England, Nigeria","Central Midfield",Huddersfield,1110,175000,,,,,,,,"Tom Iorpenda",
969456,"Fábio Jaló","Fábio Rúben Soares Jaló",,"Portugal, Guinea-Bissau","Right Winger",Barnsley,349,150000,,,,,,,,"Fábio Jaló",
970483,"Oliver Scott",,,England,Left-Back,Tranmere,1074,,,,,,,,,,
972367,"Fraser Bryden",,,Scotland,Centre-Forward,Chesterfield,1219,300000,,,,,,,,,
974111,"Bradley Ihionvien","Bradley Osezele Akhigbe Philip Ihionvien",,England,Centre-Forward,"Colchester Utd.",1060,75000,,,,,,,,"Bradley Ihionvien",
976043,"George Hoddle","George David Hoddle",,England,"Central Midfield","Cambridge Utd.",986,100000,,,,,,,,"George Hoddle",
978668,"Joe Knight",,,England,"Central Midfield",Stevenage,3684,100000,,,,,,,,"Joe Knight",
980339,"Owen Oseni","Owen Eric Damilola Oseni",,"Nigeria, Ireland",Centre-Forward,Plymouth,2262,250000,,,,,,,,"Owen Oseni",
980939,"Wyll Stanway","Wylliam Sam Stanway",,"England, Scotland",Goalkeeper,Cheltenham,3371,175000,,,,,,,,"Wyll Stanway",
984595,"Charlie Lennon",,,England,"Left Winger",Barnsley,349,75000,,,,,,,,"Charlie Lennon",
984136,"Callum Stead","Callum Lee Stead",,England,Centre-Forward,"Cambridge Utd.",986,200000,,,,,,,,"Callum Stead",
985693,"Favour Fawunmi","Favour Ayobamide Daniel Fawunmi",,"England, Nigeria","Right Winger","Oldham Athletic",1078,100000,,,,,,,,"Favour Fawunmi",
987566,"Bryant Bilongo","Bryant Akono Bilongo",,England,Left-Back,Rochdale,1088,,,,,,,,,"Bryant Bilongo",
988697,"Logan Briggs",,,"Wales, England","Attacking Midfield",Northampton,1302,,,,,,,,,,
993428,"Dillon Addai","Dillon Charles Kojo Addai",,England,Goalkeeper,Bromley,8981,,,,,,,,,,
993050,"Gbemi Arubi","Gbemi Kingslyn Arubi",,"Ireland, Nigeria",Centre-Forward,"Burton Albion",2963,200000,,,,,,,,Rubi,
995472,"Gianmarco Di Biase",,,Italy,"Second Striker","Crawley Town",3537,100000,,,,,,,,,
1013475,"Stanislav Lapkes","Лапкес Станислав Дмитриевич",,Belarus,Goalkeeper,Columbus,813,,,,,,,,,,
1018802,"Sinan Alkaş",,,Türkiye,Centre-Forward,Kasimpasa,10484,125000,,,,,,,,,
1020686,"Tiago Brito","Tiago Araújo Brito",,Portugal,"Defensive Midfield",Estoril,1465,300000,,,,,,,,,
1022342,"Léo Aragão",,,Brazil,Goalkeeper,Cruzeiro,609,800000,,,,,,,,,
1023879,"Albert Orriols","Albert Orriols Cerarols",,Spain,"Central Midfield","CE Sabadell",11422,300000,,,,,,,,,
1026505,"Ignacio Cruzat","Ignacio Sebastián Cruzat Carrasco",,Chile,Goalkeeper,"Huachipato U21",24406,,,,,,,,,,
1031292,"Walace França",,,Brazil,Centre-Forward,"Gil Vicente",2424,500000,,,,,,,,,
1033478,"Gastón Valles","Gastón Joaquín Valles Velázquez",,Uruguay,Centre-Forward,"CE Sabadell",11422,400000,,,,,,,,,
1038441,"Luka Jovanović",,,"Australia, Serbia",Centre-Forward,"SJ Earthquakes",218,1200000,,,,,,,,,
1041169,"Tomás Silva","Tomás Tavares da Silva",,Portugal,"Central Midfield","Académico Viseu",7788,150000,,,,,,,,,
1043641,"Berk Can Yıldızlı",,,Türkiye,Centre-Forward,Kasimpasa,10484,50000,,,,,,,,,
1044831,"David Moreira","David Miguel Madeira Moreira",,"Cape Verde, Portugal",Centre-Back,"Gil Vicente",2424,1700000,,,,,,,,"David Moreira",
1044429,"Diogo Brasido","Diogo Alexandre Brasido Teles Furtado Silva",,Portugal,Right-Back,Estoril,1465,200000,,,,,,,,,
1045547,"Ayberk Karapo",,,Türkiye,Right-Back,Kasimpasa,10484,1600000,,,,,,,,,
1020858,"Abdulaziz Al-Faraj","عبد العزيز حسن الفرج",,"Saudi Arabia",Right-Back,Al-Diriyah,52358,250000,,,,,,,,,
1013848,"Meshari Al-Nemer","Meshari Fahad M. Al-Nemer, مشاري فهد النمر",,"Saudi Arabia",Centre-Forward,Al-Diriyah,52358,150000,,,,,,,,"Meshari Al Nemer",
1061026,"Saleh Al-Rahmani","Saleh Ahmed S. Al-Rahmani, صالح احمد الرحماني",,"Saudi Arabia",Centre-Forward,Al-Diriyah,52358,150000,,,,,,,,,
1063517,"Rayan Fallatah","Rayan Hamza Edrees Fallatah, ريان حمزة سعيد فلاته",,"Saudi Arabia",Left-Back,Al-Faisaly,28848,75000,,,,,,,,,
1071724,"Jaber Qarradi","Jaber Yahya Jaber Qarradi",,"Saudi Arabia",Centre-Forward,Al-Diriyah,52358,50000,,,,,,,,,
1071852,"Safwan Al-Johani","Safwan Saud S. Al-Johani, صفوان سعود الجهني",,"Saudi Arabia",Left-Back,Abha,40039,175000,,,,,,,,,
1112082,"Khalid Al-Asiri","Khalid bin Abdullah bin Saeed Al-Asiri, خالد عبدالله العسيري",,"Saudi Arabia",Centre-Back,Al-Diriyah,52358,100000,,,,,,,,"Ali Abdulhadi Al Nakhli",
1130788,"Ahmad Al-Mhemaid",,,"Saudi Arabia",Right-Back,Al-Faisaly,28848,225000,,,,,,,,,
1130877,"Abdullah Ibrahim Al-Dossary","Abdullah bin Ibrahim Rashid Al-Omar Al-Dossary, عبدالله إبراهيم الدوسري",,"Saudi Arabia",Left-Back,Al-Faisaly,28848,75000,,,,,,,,"Yaseen Al Jaber",
1131091,"Mohamed Hameran","Mohamed Thaiban M. Hameran, محمد ذيبان حميران",,"Saudi Arabia",Left-Back,Al-Diriyah,52358,250000,,,,,,,,,
1149179,"André-Jordy Ella",,,"Gabon, Nigeria","Left Winger",Al-Faisaly,28848,200000,,,,,,,,,
1168841,"Mohammed Al-Oqil","Mohammed Ahmed Hussain Al-Oqil, محمد أحمد آل عقيل",,"Saudi Arabia","Central Midfield",Al-Faisaly,28848,25000,,,,,,,,,
1169021,"Bader Al-Mutairi","بدر المطيري",,"Saudi Arabia","Right Winger",Abha,40039,125000,,,,,,,,,
1170034,"Ziyad Al-Qahtani","Ziad Abdulmuhsen Al-Qahtani, زياد القحطاني",,"Saudi Arabia","Defensive Midfield",Al-Diriyah,52358,250000,,,,,,,,,
1170037,"Faisal Al-Mutairi","فيصل سعد المطيري",,"Saudi Arabia","Right Winger",Al-Diriyah,52358,100000,,,,,,,,"Faisal Al Mutairi",
1179619,"Taher Wadi","Taher Mohammed T. Wadi, طاهر وادي",,"Saudi Arabia",Right-Back,Al-Diriyah,52358,125000,,,,,,,,,
1180569,"Munif Doshy","Munif Ahmed Muhammad Doshy",,"Saudi Arabia",Left-Back,Al-Faisaly,28848,250000,,,,,,,,,
1188231,"Khalid Al-Harbi","Khalid bin Obaid bin Buthi Al-Harbi, خالد عبيد الحربي",,"Saudi Arabia",Right-Back,Al-Faisaly,28848,225000,,,,,,,,,
1188969,"Abdullah Bin Subayt","Abdullah Ibrahim Abdulaziz Subayr Al-Sabeat",,"Saudi Arabia",Centre-Back,Al-Faisaly,28848,250000,,,,,,,,,
1190034,"Malik Hamza","Malik Hamza Attia Rajih, مالك حمزة راجح،",,"Saudi Arabia","Attacking Midfield",Al-Faisaly,28848,25000,,,,,,,,,