name,team,league,position,apps,minutes,us_goals,us_npg,us_assists,us_shots,us_key_passes,us_yellow_cards,us_red_cards,us_xg,us_npxg,us_xa,us_xg_chain,us_xg_buildup,xg90,npxg90,xa90,xg90_xa90,npxg90_xa90,xgchain90,xgbuildup90,season,row_id,norm_name,source
"Erling Haaland","Manchester City","Premier League","F S",35,2979,27,24,8,125,25,2,0,28.7953,25.7507,5.5077,32.7354,5.1635,0.8699,0.778,0.1664,1.0363,0.9444,0.989,0.156,2025/2026,6491,,
Thiago,Brentford,"Premier League","F S",38,3292,22,14,1,84,24,7,0,24.6898,17.8393,3.45,22.6935,4.9276,0.675,0.4877,0.0943,0.7693,0.582,0.6204,0.1347,2025/2026,6492,,
"Antoine Semenyo","Bournemouth,Manchester City","Premier League","F M",37,3220,17,16,4,83,38,7,0,12.8368,11.3144,4.1302,20.8706,7.8937,0.3588,0.3162,0.1154,0.4742,0.4316,0.5833,0.2206,2025/2026,6493,,
"Ollie Watkins","Aston Villa","Premier League","F S",37,2908,16,16,3,83,23,4,0,18.8277,18.8277,2.816,21.7459,4.3408,0.5827,0.5827,0.0872,0.6699,0.6699,0.673,0.1343,2025/2026,6494,,
"Morgan Gibbs-White","Nottingham Forest","Premier League","F M S",37,3142,15,14,4,83,48,1,0,11.6717,10.9105,4.5045,17.2654,5.4137,0.3343,0.3125,0.129,0.4633,0.4415,0.4946,0.1551,2025/2026,6495,,
"Jo\\u00e3o Pedro",Chelsea,"Premier League","F M S",35,2698,15,15,5,73,29,5,0,15.7237,15.7237,3.9836,19.2799,4.7959,0.5245,0.5245,0.1329,0.6574,0.6574,0.6431,0.16,2025/2026,6496,,
"Dominic Calvert-Lewin",Leeds,"Premier League","F S",35,2732,14,10,1,73,20,3,0,18.6713,14.8655,1.5441,18.0262,2.7684,0.6151,0.4897,0.0509,0.666,0.5406,0.5938,0.0912,2025/2026,6497,,
"Viktor Gyokeres",Arsenal,"Premier League","F S",36,2255,14,11,1,55,20,5,0,13.8714,11.5879,2.6537,14.7752,3.2595,0.5536,0.4625,0.1059,0.6595,0.5684,0.5897,0.1301,2025/2026,6498,,
"Danny Welbeck",Brighton,"Premier League","F S",37,2286,13,12,1,56,20,5,0,12.7189,10.4354,2.2625,14.9849,4.7967,0.5007,0.4108,0.0891,0.5898,0.4999,0.59,0.1888,2025/2026,6499,,
"Eli Junior Kroupi",Bournemouth,"Premier League","F M S",33,1708,13,11,0,52,22,5,0,8.8491,7.3268,1.8158,11.6567,5.0831,0.4663,0.3861,0.0957,0.562,0.4818,0.6142,0.2678,2025/2026,6500,,
"Jean-Philippe Mateta","Crystal Palace","Premier League","F S",32,2225,12,8,0,63,9,2,0,15.9774,12.9328,1.2496,15.1708,2.3938,0.6463,0.5231,0.0505,0.6968,0.5736,0.6137,0.0968,2025/2026,6501,,
Richarlison,Tottenham,"Premier League","F M S",32,1926,11,11,4,61,19,5,0,9.8663,9.8663,3.4082,11.1879,2.2565,0.461,0.461,0.1593,0.6203,0.6203,0.5228,0.1054,2025/2026,6502,,
"Bryan Mbeumo","Manchester United","Premier League","F M S",33,2676,11,11,3,73,45,4,0,13.3092,13.3092,5.091,22.3161,6.0682,0.4476,0.4476,0.1712,0.6188,0.6188,0.7505,0.2041,2025/2026,6503,,
"Hugo Ekitike",Liverpool,"Premier League","F S",28,1835,11,11,4,65,21,0,0,11.9322,11.9322,2.4913,16.323,4.8864,0.5852,0.5852,0.1222,0.7074,0.7074,0.8006,0.2397,2025/2026,6504,,
"Benjamin Sesko","Manchester United","Premier League","F S",30,1636,11,11,1,61,9,2,0,12.5041,12.5041,0.5977,14.2272,1.6295,0.6879,0.6879,0.0329,0.7208,0.7208,0.7827,0.0896,2025/2026,6505,,
"Zian Flemming",Burnley,"Premier League","F S",29,1795,11,9,0,52,10,5,0,9.5548,8.0325,0.6848,7.8253,1.7186,0.4791,0.4027,0.0343,0.5134,0.437,0.3924,0.0862,2025/2026,6506,,
"Harry Wilson",Fulham,"Premier League","M S",36,2751,10,10,7,78,37,7,0,5.7597,5.7597,5.5037,11.0917,4.1327,0.1884,0.1884,0.1801,0.3685,0.3685,0.3629,0.1352,2025/2026,6507,,
"Matheus Cunha","Manchester United","Premier League","F M S",33,2506,10,10,2,90,33,4,0,7.0761,7.0761,3.6981,17.6015,10.0443,0.2541,0.2541,0.1328,0.3869,0.3869,0.6321,0.3607,2025/2026,6508,,
"Cole Palmer",Chelsea,"Premier League","F M S",26,2007,10,5,1,64,24,5,0,10.2575,5.6905,2.1231,16.862,10.5382,0.46,0.2552,0.0952,0.5552,0.3504,0.7561,0.4726,2025/2026,6509,,
"Enzo Fern\\u00e1ndez",Chelsea,"Premier League","M S",36,3149,10,8,4,72,68,10,0,11.9172,10.3949,8.8659,27.9024,16.1596,0.3406,0.2971,0.2534,0.594,0.5505,0.7975,0.4618,2025/2026,6510,,
"Morgan Rogers","Aston Villa","Premier League","F M",37,3301,10,10,6,84,48,7,0,7.1458,7.1458,7.475,18.2049,7.1803,0.1948,0.1948,0.2038,0.3986,0.3986,0.4963,0.1958,2025/2026,6511,,
"Bruno Fernandes","Manchester United","Premier League",M,35,3082,9,5,21,85,137,5,0,11.9318,7.3648,17.7571,25.9442,11.6638,0.3484,0.2151,0.5185,0.8669,0.7336,0.7576,0.3406,2025/2026,6512,,
"Jarrod Bowen","West Ham","Premier League","F M",38,3416,9,8,11,79,44,4,0,8.2736,7.5124,8.432,14.3807,3.8775,0.218,0.1979,0.2222,0.4402,0.4201,0.3789,0.1022,2025/2026,6513,,
Casemiro,"Manchester United","Premier League","M S",34,2649,9,9,2,52,36,9,1,6.5774,6.5774,3.1777,16.1687,11.8756,0.2235,0.2235,0.108,0.3315,0.3315,0.5493,0.4035,2025/2026,6514,,
"Ra\\u00fal Jim\\u00e9nez",Fulham,"Premier League","F S",36,2215,9,5,3,73,25,5,0,12.0166,8.9719,1.9441,10.5513,1.558,0.4883,0.3645,0.079,0.5673,0.4435,0.4287,0.0633,2025/2026,6515,,
"Ismaila Sarr","Crystal Palace","Premier League","F M S",28,2181,9,6,1,48,19,2,0,11.5433,9.2598,2.2005,12.6959,3.1827,0.4763,0.3821,0.0908,0.5671,0.4729,0.5239,0.1313,2025/2026,6516,,
"Bruno Guimar\\u00e3es","Newcastle United","Premier League","M S",29,2467,9,7,5,42,44,6,0,6.5973,5.075,3.8693,14.0981,9.3658,0.2407,0.1851,0.1412,0.3819,0.3263,0.5143,0.3417,2025/2026,6517,,
Beto,Everton,"Premier League","F S",37,1552,9,9,1,43,12,3,0,10.9477,10.9477,1.0042,12.0972,0.9316,0.6349,0.6349,0.0582,0.6931,0.6931,0.7015,0.054,2025/2026,6518,,
"Nick Woltemade","Newcastle United","Premier League","F M S",33,1953,8,7,3,32,22,0,0,8.262,7.5009,2.9013,8.7923,2.301,0.3807,0.3457,0.1337,0.5144,0.4794,0.4052,0.106,2025/2026,6519,,
"Kevin Schade",Brentford,"Premier League","F M S",35,2781,8,8,3,57,29,6,1,11.8327,11.0715,4.5653,17.3752,3.947,0.3829,0.3583,0.1477,0.5306,0.506,0.5623,0.1277,2025/2026,6520,,
"Kiernan Dewsbury-Hall",Everton,"Premier League","M S",31,2649,8,8,4,39,36,6,0,4.3301,4.3301,6.5745,14.2781,8.1206,0.1471,0.1471,0.2234,0.3705,0.3705,0.4851,0.2759,2025/2026,6521,,
"Jaidon Anthony",Burnley,"Premier League","F M S",37,2777,8,8,2,55,37,4,0,5.5645,5.5645,4.3744,12.4325,5.8338,0.1803,0.1803,0.1418,0.3221,0.3221,0.4029,0.1891,2025/2026,6522,,
"Noah Okafor",Leeds,"Premier League","F M S",28,1592,8,8,1,35,19,3,0,6.2967,6.2967,2.2593,10.916,3.8219,0.356,0.356,0.1277,0.4837,0.4837,0.6171,0.2161,2025/2026,6523,,
"Thierno Barry",Everton,"Premier League","F S",38,1921,8,8,0,38,12,3,0,9.1493,9.1493,1.0039,10.249,2.1521,0.4287,0.4287,0.047,0.4757,0.4757,0.4802,0.1008,2025/2026,6524,,
"Callum Wilson","West Ham","Premier League","F M S",32,1229,7,7,1,38,8,1,0,7.6027,7.6027,1.0268,6.8964,0.6376,0.5567,0.5567,0.0752,0.6319,0.6319,0.505,0.0467,2025/2026,6525,,
"Mohamed Salah",Liverpool,"Premier League","F M S",27,2163,7,6,7,67,49,1,0,8.8377,8.0765,6.4282,17.3733,6.2977,0.3677,0.3361,0.2675,0.6352,0.6036,0.7229,0.262,2025/2026,6526,,
"Phil Foden","Manchester City","Premier League","F M S",33,2083,7,7,5,55,53,4,0,6.6886,6.6886,6.1071,19.914,11.2492,0.289,0.289,0.2639,0.5529,0.5529,0.8604,0.486,2025/2026,6527,,
"Bambo Diaby",Elche,"La Liga","D S",4,98,0,0,0,0,0,1,0,0.0,0.0,0.0,0.06,0.06,0.0,0.0,0.0,0.0,0.0,0.0551,0.0551,2025/2026,7570,,
"Harvey Barnes","Newcastle United","Premier League","F M S",37,1947,7,7,1,58,23,1,0,8.0505,8.0505,3.1063,12.7536,4.1534,0.3721,0.3721,0.1436,0.5157,0.5157,0.5895,0.192,2025/2026,6528,,
"Bukayo Saka",Arsenal,"Premier League","F M S",31,2239,7,6,5,71,62,2,0,8.7012,7.94,8.5528,19.1126,8.0378,0.3498,0.3192,0.3438,0.6936,0.663,0.7683,0.3231,2025/2026,6529,,
"Eberechi Eze","Arsenal,Crystal Palace","Premier League","F M S",33,1928,7,7,2,63,17,1,0,4.8075,4.8075,2.6335,10.356,4.0741,0.2244,0.2244,0.1229,0.3473,0.3473,0.4834,0.1902,2025/2026,6530,,
"William Osula","Newcastle United","Premier League","F S",24,777,7,7,0,23,6,0,0,4.9154,4.9154,0.4467,5.1104,0.3746,0.5694,0.5694,0.0517,0.6211,0.6211,0.5919,0.0434,2025/2026,6531,,
"Dango Ouattara",Brentford,"Premier League","F M S",32,2303,7,7,3,56,27,5,0,8.6943,8.6943,5.8632,13.2485,2.5258,0.3398,0.3398,0.2291,0.5689,0.5689,0.5177,0.0987,2025/2026,6532,,
"Brian Brobbey",Sunderland,"Premier League","F S",31,1943,7,7,1,36,15,6,0,7.1119,7.1119,1.5084,9.2881,1.6009,0.3294,0.3294,0.0699,0.3993,0.3993,0.4302,0.0742,2025/2026,6533,,
"Marcus Tavernier",Bournemouth,"Premier League","M S",34,2779,7,5,4,70,52,6,0,9.3977,7.8754,6.1588,17.8285,8.1528,0.3044,0.2551,0.1995,0.5039,0.4546,0.5774,0.264,2025/2026,6534,,
"Cody Gakpo",Liverpool,"Premier League","F M S",36,2758,7,7,5,87,53,3,0,9.8261,9.8261,6.5923,18.7316,5.8309,0.3206,0.3206,0.2151,0.5357,0.5357,0.6113,0.1903,2025/2026,6535,,
"Virgil van Dijk",Liverpool,"Premier League",D,38,3420,6,6,0,30,11,4,0,4.8912,4.8912,0.3285,12.4856,11.3832,0.1287,0.1287,0.0086,0.1373,0.1373,0.3286,0.2996,2025/2026,6536,,
"Emiliano Buend\\u00eda","Aston Villa","Premier League","M S",36,1778,6,6,2,49,30,6,0,3.7845,3.7845,3.6262,9.2062,3.6859,0.1916,0.1916,0.1836,0.3752,0.3752,0.466,0.1866,2025/2026,6537,,
"Lukas Nmecha",Leeds,"Premier League","F S",31,1076,6,4,1,30,11,0,0,8.1403,5.8568,1.6845,6.9615,1.4674,0.6809,0.4899,0.1409,0.8218,0.6308,0.5823,0.1227,2025/2026,6538,,
"Wilson Isidor",Sunderland,"Premier League","F S",32,1142,6,6,0,43,0,2,0,5.6194,5.6194,0.0,6.0322,0.6748,0.4429,0.4429,0.0,0.4429,0.4429,0.4754,0.0532,2025/2026,6539,,
"Leandro Trossard",Arsenal,"Premier League","F M S",31,2026,6,6,6,53,36,2,0,6.7532,6.7532,4.988,13.5726,4.9606,0.3,0.3,0.2216,0.5216,0.5216,0.6029,0.2204,2025/2026,6540,,
"Anthony Gordon","Newcastle United","Premier League","F M S",26,1888,6,3,2,48,26,3,1,8.7562,6.4727,3.7149,10.9769,4.0427,0.4174,0.3086,0.1771,0.5945,0.4857,0.5233,0.1927,2025/2026,6541,,
"Iliman Ndiaye",Everton,"Premier League",M,32,2805,6,4,3,43,30,2,0,6.1438,4.6215,4.457,15.4638,6.8657,0.1971,0.1483,0.143,0.3401,0.2913,0.4962,0.2203,2025/2026,6542,,
"Dominik Szoboszlai",Liverpool,"Premier League","D F M",36,3236,6,6,7,70,78,8,1,4.7242,3.963,8.8352,21.5432,15.0616,0.1314,0.1102,0.2457,0.3771,0.3559,0.5992,0.4189,2025/2026,6543,,
"Valent\\u00edn Castellanos","West Ham","Premier League","F S",18,1430,6,6,0,50,12,6,0,7.1198,7.1198,0.7475,6.7795,1.139,0.4481,0.4481,0.047,0.4951,0.4951,0.4267,0.0717,2025/2026,6544,,
Evanilson,Bournemouth,"Premier League","F S",36,2810,6,6,1,72,30,2,0,11.8301,11.8301,3.0691,15.95,3.4856,0.3789,0.3789,0.0983,0.4772,0.4772,0.5109,0.1116,2025/2026,6545,,
"Igor Jesus","Nottingham Forest","Premier League","F M S",37,2379,6,5,4,70,15,2,0,7.1991,6.4379,2.2804,8.535,1.8484,0.2723,0.2436,0.0863,0.3586,0.3299,0.3229,0.0699,2025/2026,6546,,
"Pedro Neto",Chelsea,"Premier League","F M S",34,2667,5,5,6,46,53,2,1,5.1497,5.1497,7.9338,19.2751,9.8269,0.1738,0.1738,0.2677,0.4415,0.4415,0.6505,0.3316,2025/2026,6547,,
"Mart\\u00edn Zubimendi",Arsenal,"Premier League","D M S",38,3040,5,5,1,27,19,4,0,2.9443,2.9443,1.0878,13.4767,11.1757,0.0872,0.0872,0.0322,0.1194,0.1194,0.399,0.3309,2025/2026,6548,,
"John McGinn","Aston Villa","Premier League","M S",30,2221,5,5,4,28,39,5,0,2.9994,2.9994,4.8625,10.9309,5.8922,0.1215,0.1215,0.197,0.3185,0.3185,0.4429,0.2388,2025/2026,6549,,
"Tomas Soucek","West Ham","Premier League","M S",35,2206,5,5,0,25,11,3,1,5.2142,5.2142,0.8218,7.2599,4.5387,0.2127,0.2127,0.0335,0.2462,0.2462,0.2962,0.1852,2025/2026,6550,,
"Florian Wirtz",Liverpool,"Premier League","F M S",33,2426,5,5,3,51,60,1,0,7.5768,7.5768,5.3843,20.6415,10.7431,0.2811,0.2811,0.1997,0.4808,0.4808,0.7658,0.3985,2025/2026,6551,,
"Enzo Le F\\u00e9e",Sunderland,"Premier League","F M S",36,2953,5,2,6,36,53,5,0,5.2687,2.224,7.5464,13.1799,7.1386,0.1606,0.0678,0.23,0.3906,0.2978,0.4017,0.2176,2025/2026,6552,,
"J\\u00e9remy Doku","Manchester City","Premier League","F M S",30,1783,5,5,5,39,59,0,0,3.9999,3.9999,7.5534,18.844,9.7022,0.2019,0.2019,0.3813,0.5832,0.5832,0.9512,0.4897,2025/2026,6553,,
"Crysencio Summerville","West Ham","Premier League","F M S",31,2509,5,5,2,54,28,6,0,5.699,5.699,3.2357,11.0914,3.9627,0.2044,0.2044,0.1161,0.3205,0.3205,0.3979,0.1421,2025/2026,6554,,
"Anton Stach",Leeds,"Premier League","M S",29,2394,5,5,3,55,61,3,0,2.9208,2.9208,5.9581,10.1479,6.2069,0.1098,0.1098,0.224,0.3338,0.3338,0.3815,0.2333,2025/2026,6555,,
"Ryan Gravenberch",Liverpool,"Premier League","M S",36,3008,5,5,3,38,29,5,0,1.5315,1.5315,2.3689,13.0422,10.7188,0.0458,0.0458,0.0709,0.1167,0.1167,0.3902,0.3207,2025/2026,6556,,
"Jo\\u00e3o Palhinha",Tottenham,"Premier League","D M S",33,2180,5,5,2,33,8,8,0,3.4074,3.4074,0.769,4.7798,3.3048,0.1407,0.1407,0.0317,0.1724,0.1724,0.1973,0.1364,2025/2026,6557,,
"Nico O&#039;Reilly","Manchester City","Premier League","D M S",34,2646,5,5,3,41,23,5,0,6.727,6.727,3.8474,21.2412,14.7978,0.2288,0.2288,0.1309,0.3597,0.3597,0.7225,0.5033,2025/2026,6558,,
"Tijjani Reijnders","Manchester City","Premier League","F M S",28,1642,5,5,2,49,18,2,0,4.8619,4.8619,3.0733,13.192,7.1736,0.2665,0.2665,0.1685,0.435,0.435,0.7231,0.3932,2025/2026,6559,,
"Diego G\\u00f3mez",Brighton,"Premier League","F M S",32,2186,5,5,1,42,20,9,0,6.4177,6.4177,2.0924,14.4062,7.101,0.2642,0.2642,0.0861,0.3503,0.3503,0.5931,0.2924,2025/2026,6560,,
Rayan,Bournemouth,"Premier League","M S",15,1146,5,5,2,28,14,1,0,2.6684,2.6684,2.7789,6.3379,2.8229,0.2096,0.2096,0.2182,0.4278,0.4278,0.4977,0.2217,2025/2026,6561,,
"Alex Iwobi",Fulham,"Premier League",M,29,2473,4,4,3,39,42,3,0,2.4032,2.4032,3.63,10.4246,6.6024,0.0875,0.0875,0.1321,0.2196,0.2196,0.3794,0.2403,2025/2026,6562,,
"Mikel Merino",Arsenal,"Premier League","F M S",22,1002,4,4,3,22,12,1,0,5.2178,5.2178,2.2901,8.3689,3.8121,0.4687,0.4687,0.2057,0.6744,0.6744,0.7517,0.3424,2025/2026,6563,,
"Declan Rice",Arsenal,"Premier League","D M S",36,3111,4,4,5,40,63,3,0,3.721,3.721,8.1594,18.4909,12.9569,0.1076,0.1076,0.236,0.3436,0.3436,0.5349,0.3748,2025/2026,6564,,
"Dachi Lordkipanidze",Cremonese,"Serie A",S,1,27,0,0,0,0,0,0,0,0.0,0.0,0.0,0.0,0.0,0.0,0.0,0.0,0.0,0.0,0.0,0.0,2025/2026,8661,,
"Cristian Romero",Tottenham,"Premier League","D S",23,1878,4,4,1,17,12,9,2,1.8382,1.8382,1.8169,6.1135,4.2831,0.0881,0.0881,0.0871,0.1752,0.1752,0.293,0.2053,2025/2026,6565,,
"Lucas Paquet\\u00e1","West Ham","Premier League","F M",18,1544,4,2,1,23,23,5,1,2.4408,0.9185,3.012,4.2656,1.5287,0.1423,0.0535,0.1756,0.3179,0.2291,0.2486,0.0891,2025/2026,6566,,
"Taiwo Awoniyi","Nottingham Forest","Premier League","F S",17,441,4,4,1,15,6,2,0,4.3468,4.3468,1.3199,5.5216,1.534,0.8871,0.8871,0.2694,1.1565,1.1565,1.1269,0.3131,2025/2026,6567,,
"Mathis Cherki","Manchester City","Premier League","F M S",33,1792,4,4,12,55,60,1,0,4.6413,4.6413,10.7847,20.8102,11.1576,0.2331,0.2331,0.5416,0.7747,0.7747,1.0452,0.5604,2025/2026,6568,,
"Malick Thiaw","Newcastle United","Premier League","D S",35,2968,4,4,0,28,6,4,0,5.898,5.898,0.8269,9.1483,8.6449,0.1788,0.1788,0.0251,0.2039,0.2039,0.2774,0.2621,2025/2026,6569,,
"Mikkel Damsgaard",Brentford,"Premier League","M S",33,2085,4,4,4,30,42,0,0,2.9744,2.9744,6.4687,12.3475,6.4731,0.1284,0.1284,0.2792,0.4076,0.4076,0.533,0.2794,2025/2026,6570,,
"Elliot Anderson","Nottingham Forest","Premier League","M S",38,3329,4,3,4,44,55,8,0,3.4443,2.6831,4.8426,16.2826,11.9579,0.0931,0.0725,0.1309,0.224,0.2034,0.4402,0.3233,2025/2026,6571,,
"Donyell Malen","Aston Villa","Premier League","F M S",21,600,4,4,1,26,7,0,0,4.7389,4.7389,0.3694,6.3876,1.9171,0.7108,0.7108,0.0554,0.7662,0.7662,0.9581,0.2876,2025/2026,6572,,
"Mathys Tel",Tottenham,"Premier League","F M S",31,1324,4,4,1,35,29,1,0,2.8263,2.8263,3.414,6.1857,2.6082,0.1921,0.1921,0.2321,0.4242,0.4242,0.4205,0.1773,2025/2026,6573,,
"Micky van de Ven",Tottenham,"Premier League",D,35,3049,4,4,1,16,5,9,1,2.4526,2.4526,1.0143,5.5816,5.2438,0.0724,0.0724,0.0299,0.1023,0.1023,0.1648,0.1548,2025/2026,6574,,
"Brenden Aaronson",Leeds,"Premier League","F M S",37,2517,4,4,5,46,34,3,0,5.8813,5.8813,5.6627,13.2036,3.4882,0.2103,0.2103,0.2025,0.4128,0.4128,0.4721,0.1247,2025/2026,6575,,
"J\\u00f8rgen Strand Larsen","Crystal Palace,Wolverhampton Wanderers","Premier League","F S",36,2353,4,3,1,44,10,4,0,6.5142,4.9919,0.6866,7.0698,2.569,0.2492,0.1909,0.0263,0.2755,0.2172,0.2704,0.0983,2025/2026,6576,,
"Jack Hinshelwood",Brighton,"Premier League","D M S",27,1773,4,4,3,37,16,0,0,4.762,4.762,2.3573,11.6158,5.9455,0.2417,0.2417,0.1197,0.3614,0.3614,0.5896,0.3018,2025/2026,6577,,
"Patrick Dorgu","Manchester United","Premier League","D M S",26,1436,4,4,4,25,27,5,0,2.9873,2.9873,3.1113,6.9772,1.9963,0.1872,0.1872,0.195,0.3822,0.3822,0.4373,0.1251,2025/2026,6578,,
"Daniel Mu\\u00f1oz","Crystal Palace","Premier League",D,29,2417,4,4,3,26,27,7,0,3.147,3.147,5.0661,10.4256,4.4382,0.1172,0.1172,0.1886,0.3058,0.3058,0.3882,0.1653,2025/2026,6579,,
"Chemsdine Talbi",Sunderland,"Premier League","F M S",28,1556,4,4,1,25,12,0,0,2.3238,2.3238,0.6004,3.2278,1.1889,0.1344,0.1344,0.0347,0.1691,0.1691,0.1867,0.0688,2025/2026,6580,,
"Ross Barkley","Aston Villa","Premier League","M S",21,818,3,3,1,18,10,1,0,1.913,1.913,2.0322,6.2514,4.0016,0.2105,0.2105,0.2236,0.4341,0.4341,0.6878,0.4403,2025/2026,6581,,
"Michael Keane",Everton,"Premier League","D S",33,2586,3,3,1,26,2,1,1,3.5691,3.5691,0.1301,5.3535,4.2836,0.1242,0.1242,0.0045,0.1287,0.1287,0.1863,0.1491,2025/2026,6582,,
"Dominic Solanke",Tottenham,"Premier League","F S",15,989,3,3,0,20,6,1,0,3.5864,3.5864,0.5976,4.7046,1.6909,0.3264,0.3264,0.0544,0.3808,0.3808,0.4281,0.1539,2025/2026,6583,,
"Chris Wood","Nottingham Forest","Premier League","F S",15,913,3,3,0,23,5,0,0,3.3652,3.3652,0.3217,3.2678,0.507,0.3317,0.3317,0.0317,0.3634,0.3634,0.3221,0.05,2025/2026,6584,,
"Alexander Isak",Liverpool,"Premier League","F S",14,717,3,3,1,17,2,0,0,3.2453,3.2453,0.8461,4.253,0.9801,0.4074,0.4074,0.1062,0.5136,0.5136,0.5338,0.123,2025/2026,6585,,
"Gabriel Jesus",Arsenal,"Premier League","F S",14,395,3,3,0,19,3,3,0,3.9765,3.9765,0.2086,4.364,1.2695,0.906,0.906,0.0475,0.9535,0.9535,0.9943,0.2893,2025/2026,6586,,
Gabriel,Arsenal,"Premier League","D S",32,2748,3,3,4,27,7,4,0,4.6491,4.6491,2.725,8.894,8.3099,0.1523,0.1523,0.0892,0.2415,0.2415,0.2913,0.2722,2025/2026,6587,,
"Nordi Mukiele",Sunderland,"Premier League",D,32,2793,3,3,3,26,23,5,0,2.7789,2.7789,2.7528,9.0767,6.9887,0.0895,0.0895,0.0887,0.1782,0.1782,0.2925,0.2252,2025/2026,6588,,
"Jacob Murphy","Newcastle United","Premier League","D F M S",33,1630,3,3,2,42,23,2,0,3.1199,3.1199,4.7856,8.43,2.7332,0.1723,0.1723,0.2642,0.4365,0.4365,0.4655,0.1509,2025/2026,6589,,
"Callum Hudson-Odoi","Nottingham Forest","Premier League","M S",30,1857,3,3,4,30,44,0,0,2.9517,2.9517,3.9338,11.1277,5.7289,0.1431,0.1431,0.1907,0.3338,0.3338,0.5393,0.2777,2025/2026,6590,,
"Trevoh Chalobah",Chelsea,"Premier League","D S",34,2781,3,3,0,16,5,3,1,1.8415,1.8415,0.6306,14.7285,14.5968,0.0596,0.0596,0.0204,0.08,0.08,0.4767,0.4724,2025/2026,6591,,
"Konstantinos Mavropanos","West Ham","Premier League","D S",31,2518,3,3,0,23,4,2,0,2.7911,2.7911,0.4896,4.4581,4.0938,0.0998,0.0998,0.0175,0.1173,0.1173,0.1593,0.1463,2025/2026,6592,,
"Ryan Sessegnon",Fulham,"Premier League","D M S",27,1830,3,3,1,16,14,0,0,2.0483,2.0483,2.2284,8.2594,5.0883,0.1007,0.1007,0.1096,0.2103,0.2103,0.4062,0.2502,2025/2026,6593,,
"Georginio Rutter",Brighton,"Premier League","F M S",32,1784,3,3,3,42,25,2,0,2.9333,2.9333,4.5986,10.8582,4.2141,0.148,0.148,0.232,0.38,0.38,0.5478,0.2126,2025/2026,6594,,
"Mathias Jensen",Brentford,"Premier League","M S",36,2258,3,3,1,29,33,3,0,1.5882,1.5882,5.3332,10.3933,7.0059,0.0633,0.0633,0.2126,0.2759,0.2759,0.4143,0.2792,2025/2026,6595,,
"Samuel Chukwueze",Fulham,"Premier League","M S",23,1052,3,3,4,25,24,0,0,2.3333,2.3333,2.836,7.105,2.8523,0.1996,0.1996,0.2426,0.4422,0.4422,0.6078,0.244,2025/2026,6596,,
"Emile Smith-Rowe",Fulham,"Premier League","M S",37,1933,3,3,0,36,18,1,0,4.2614,4.2614,1.4176,8.5913,4.1469,0.1984,0.1984,0.066,0.2644,0.2644,0.4,0.1931,2025/2026,6597,,
"Lyle Foster",Burnley,"Premier League","F M S",26,1375,3,3,2,20,10,4,0,3.5922,3.5922,1.146,5.9751,2.1302,0.2351,0.2351,0.075,0.3101,0.3101,0.3911,0.1394,2025/2026,6598,,
"Marc Guehi","Crystal Palace,Manchester City","Premier League",D,35,3150,3,3,3,32,18,6,0,4.6973,4.6973,2.7266,17.6728,15.4881,0.1342,0.1342,0.0779,0.2121,0.2121,0.5049,0.4425,2025/2026,6599,,
"Mason Mount","Manchester United","Premier League","M S",23,1021,3,3,0,19,14,2,0,1.7447,1.7447,1.3765,6.6083,4.6348,0.1538,0.1538,0.1213,0.2751,0.2751,0.5825,0.4086,2025/2026,6600,,
"Amine Adli",Bournemouth,"Premier League","M S",31,1036,3,3,1,20,17,2,0,3.5745,3.5745,1.2779,6.1351,2.1691,0.3105,0.3105,0.111,0.4215,0.4215,0.533,0.1884,2025/2026,6601,,
"Enzo Mol\\u00e9b\\u00e9",Lyon,"Ligue 1",S,1,7,0,0,0,0,0,0,0,0.0,0.0,0.0,0.0,0.0,0.0,0.0,0.0,0.0,0.0,0.0,0.0,2025/2026,9157,,
"Omar Marmoush","Manchester City","Premier League","F M S",21,693,3,3,3,30,12,3,0,3.7654,3.7654,2.1269,6.1928,0.7863,0.489,0.489,0.2762,0.7652,0.7652,0.8043,0.1021,2025/2026,6602,,
"Matthew Cash","Aston Villa","Premier League","D S",35,3040,3,3,3,30,31,9,0,1.2179,1.2179,3.2149,10.3011,8.0726,0.0361,0.0361,0.0952,0.1313,0.1313,0.305,0.239,2025/2026,6603,,
"Tolu Arokodare","Wolverhampton Wanderers","Premier League","F S",33,1357,3,3,1,46,11,1,0,7.4266,6.6654,1.1597,5.4045,1.1025,0.4926,0.4421,0.0769,0.5695,0.519,0.3584,0.0731,2025/2026,6604,,
"Chimuanya Ugochukwu",Burnley,"Premier League","M S",35,2407,3,3,1,22,10,1,1,2.6225,2.6225,0.4494,7.2667,4.9091,0.0981,0.0981,0.0168,0.1149,0.1149,0.2717,0.1836,2025/2026,6605,,
"Mois\\u00e9s Caicedo",Chelsea,"Premier League","M S",33,2811,3,3,1,27,18,11,1,1.531,1.531,2.6268,17.2092,15.3601,0.049,0.049,0.0841,0.1331,0.1331,0.551,0.4918,2025/2026,6606,,
"Kaoru Mitoma",Brighton,"Premier League","F M S",25,1723,3,3,1,32,30,5,0,4.7892,4.7892,3.5432,11.2866,4.6184,0.2502,0.2502,0.1851,0.4353,0.4353,0.5895,0.2412,2025/2026,6607,,
"Jan Paul van Hecke",Brighton,"Premier League",D,36,3214,3,3,3,23,12,9,0,3.3586,3.3586,1.0256,14.1222,13.2135,0.094,0.094,0.0287,0.1227,0.1227,0.3955,0.37,2025/2026,6608,,
"Keane Lewis-Potter",Brentford,"Premier League","D F M S",36,1949,3,3,3,31,19,1,0,3.2149,3.2149,2.7143,7.8429,3.1917,0.1485,0.1485,0.1253,0.2738,0.2738,0.3622,0.1474,2025/2026,6609,,
"Santiago Bueno","Wolverhampton Wanderers","Premier League","D S",29,2549,3,3,1,10,10,4,0,1.9953,1.9953,0.9024,4.3502,3.939,0.0704,0.0704,0.0319,0.1023,0.1023,0.1536,0.1391,2025/2026,6610,,
"Yasin Ayari",Brighton,"Premier League","M S",29,1918,3,3,3,41,15,1,0,2.1179,2.1179,1.4008,7.9008,5.4767,0.0994,0.0994,0.0657,0.1651,0.1651,0.3707,0.257,2025/2026,6611,,
"Jurri\\u00ebn Timber",Arsenal,"Premier League","D S",30,2475,3,3,5,25,28,5,0,4.0308,4.0308,2.5891,11.4386,8.6594,0.1466,0.1466,0.0941,0.2407,0.2407,0.4159,0.3149,2025/2026,6612,,
"Alex Scott",Bournemouth,"Premier League","M S",37,2915,3,3,1,44,26,5,0,3.5001,3.5001,2.8919,15.2462,10.9916,0.1081,0.1081,0.0893,0.1974,0.1974,0.4707,0.3394,2025/2026,6613,,
"Rodrigo Gomes","Wolverhampton Wanderers","Premier League","D F M S",22,951,3,3,0,21,3,0,0,2.2844,2.2844,0.1513,3.377,1.0081,0.2162,0.2162,0.0143,0.2305,0.2305,0.3196,0.0954,2025/2026,6614,,
"Yankuba Minteh",Brighton,"Premier League","M S",34,2410,3,3,4,41,44,3,0,4.7525,4.7525,5.8415,16.4112,8.5737,0.1775,0.1775,0.2181,0.3956,0.3956,0.6129,0.3202,2025/2026,6615,,
"Mateus Fernandes","West Ham","Premier League","M S",36,3044,3,3,4,28,37,6,0,1.8216,1.8216,3.336,10.3192,6.9893,0.0539,0.0539,0.0986,0.1525,0.1525,0.3051,0.2066,2025/2026,6616,,
"Mateus Man\\u00e9","Wolverhampton Wanderers","Premier League","M S",27,1784,3,3,1,41,30,0,0,1.9724,1.9724,3.2817,5.2575,2.4832,0.0995,0.0995,0.1656,0.2651,0.2651,0.2652,0.1253,2025/2026,6617,,
Joelinton,"Newcastle United","Premier League","M S",27,1958,2,2,1,32,17,9,0,2.1787,2.1787,1.8614,10.0186,7.2502,0.1001,0.1001,0.0856,0.1857,0.1857,0.4605,0.3333,2025/2026,6618,,
"Idrissa Gueye",Everton,"Premier League",M,25,2120,2,2,3,29,13,1,1,1.9142,1.9142,1.6937,9.1387,6.8963,0.0813,0.0813,0.0719,0.1532,0.1532,0.388,0.2928,2025/2026,6619,,
"Jack Grealish",Everton,"Premier League","F M S",20,1645,2,2,6,26,38,2,1,3.0849,3.0849,4.5583,9.2906,3.2925,0.1688,0.1688,0.2494,0.4182,0.4182,0.5083,0.1801,2025/2026,6620,,
"Tammy Abraham","Aston Villa","Premier League","F S",12,253,2,2,0,9,4,0,0,2.0485,2.0485,0.1292,2.1023,0.0554,0.7287,0.7287,0.046,0.7747,0.7747,0.7479,0.0197,2025/2026,6621,,
"Josh Cullen",Burnley,"Premier League",M,18,1533,2,2,2,11,13,2,0,1.0142,1.0142,1.8169,6.1628,4.6256,0.0595,0.0595,0.1067,0.1662,0.1662,0.3618,0.2716,2025/2026,6622,,
"Federico Chiesa",Liverpool,"Premier League","M S",26,247,2,2,1,16,3,3,0,1.6658,1.6658,1.472,3.7229,0.7541,0.607,0.607,0.5364,1.1434,1.1434,1.3565,0.2748,2025/2026,6623,,
"James Tarkowski",Everton,"Premier League",D,37,3330,2,2,3,20,18,8,0,2.8691,2.8691,2.0567,6.8241,5.569,0.0775,0.0775,0.0556,0.1331,0.1331,0.1844,0.1505,2025/2026,6624,,
"Bernardo Silva","Manchester City","Premier League","M S",38,2917,2,2,4,30,47,9,0,2.8996,2.8996,5.2829,25.1888,19.4027,0.0895,0.0895,0.163,0.2525,0.2525,0.7772,0.5986,2025/2026,6625,,
"Adam Armstrong","Wolverhampton Wanderers","Premier League","F M",14,1170,2,1,2,18,6,3,0,2.8086,2.0474,1.5013,2.854,0.7164,0.216,0.1575,0.1155,0.3315,0.273,0.2195,0.0551,2025/2026,6626,,
"Kai Havertz",Arsenal,"Premier League","F M S",12,582,2,2,3,18,11,1,0,4.8955,4.8955,1.457,4.522,0.7516,0.757,0.757,0.2253,0.9823,0.9823,0.6993,0.1162,2025/2026,6627,,
"Ibrahim Sangare","Nottingham Forest","Premier League","M S",28,2111,2,2,2,16,12,5,0,1.5704,1.5704,1.4492,7.4223,5.2894,0.067,0.067,0.0618,0.1288,0.1288,0.3164,0.2255,2025/2026,6628,,
"Joe Rodon",Leeds,"Premier League","D S",35,2954,2,2,0,18,9,3,0,1.846,1.846,0.4615,6.2426,5.7999,0.0562,0.0562,0.0141,0.0703,0.0703,0.1902,0.1767,2025/2026,6629,,
"Eddie Nketiah","Crystal Palace","Premier League","M S",12,396,2,2,0,15,7,2,0,1.943,1.943,0.9605,2.896,0.1488,0.4416,0.4416,0.2183,0.6599,0.6599,0.6582,0.0338,2025/2026,6630,,
"Tom Cairney",Fulham,"Premier League","M S",24,747,2,2,0,17,11,3,0,0.8125,0.8125,0.6888,4.3326,3.3756,0.0979,0.0979,0.083,0.1809,0.1809,0.522,0.4067,2025/2026,6631,,
"Justin Kluivert",Bournemouth,"Premier League","M S",20,934,2,2,0,17,22,5,0,2.2934,2.2934,2.2948,5.3118,2.3176,0.221,0.221,0.2211,0.4421,0.4421,0.5118,0.2233,2025/2026,6632,,
"Sean Longstaff",Leeds,"Premier League","M S",23,999,2,2,2,16,25,2,0,1.3777,1.3777,2.7682,3.4458,1.8182,0.1241,0.1241,0.2494,0.3735,0.3735,0.3104,0.1638,2025/2026,6633,,
"Tyler Adams",Bournemouth,"Premier League","M S",25,1805,2,2,2,10,7,8,0,0.929,0.929,1.2303,6.8699,5.8676,0.0463,0.0463,0.0613,0.1076,0.1076,0.3425,0.2926,2025/2026,6634,,
"James Garner",Everton,"Premier League","D M",38,3417,2,2,7,45,56,12,0,2.0756,2.0756,6.0666,11.2834,8.3334,0.0547,0.0547,0.1598,0.2145,0.2145,0.2972,0.2195,2025/2026,6635,,
"James Justin",Leeds,"Premier League","D M S",29,1895,2,2,1,24,13,4,0,2.5628,2.5628,2.5728,5.1416,2.7561,0.1217,0.1217,0.1222,0.2439,0.2439,0.2442,0.1309,2025/2026,6636,,
"Joshua Zirkzee","Manchester United","Premier League","F M S",24,573,2,2,1,25,11,3,0,3.8466,3.8466,1.2162,6.7102,2.6022,0.6042,0.6042,0.191,0.7952,0.7952,1.054,0.4087,2025/2026,6637,,
"Reece James",Chelsea,"Premier League","D M S",29,1927,2,2,4,22,27,4,0,1.228,1.228,3.9933,11.5316,9.7548,0.0574,0.0574,0.1865,0.2439,0.2439,0.5386,0.4556,2025/2026,6638,,
"Amad Diallo Traore","Manchester United","Premier League","D M S",32,2341,2,2,3,54,40,2,0,5.73,5.73,5.6472,18.6813,10.0517,0.2203,0.2203,0.2171,0.4374,0.4374,0.7182,0.3864,2025/2026,6639,,
"Neco Williams","Nottingham Forest","Premier League","D S",37,3203,2,2,3,46,36,6,1,1.8706,1.8706,4.3956,12.1051,9.0096,0.0526,0.0526,0.1235,0.1761,0.1761,0.3401,0.2532,2025/2026,6640,,
"Alexis Mac Allister",Liverpool,"Premier League","M S",37,2683,2,2,4,52,34,7,0,4.0717,4.0717,2.8496,13.186,8.3446,0.1366,0.1366,0.0956,0.2322,0.2322,0.4423,0.2799,2025/2026,6641,,
"Xavi Simons",Tottenham,"Premier League","F M S",28,1768,2,2,5,42,34,5,1,2.7163,2.7163,4.6506,9.5299,5.2032,0.1383,0.1383,0.2367,0.375,0.375,0.4851,0.2649,2025/2026,6642,,
"Hee-Chan Hwang","Wolverhampton Wanderers","Premier League","F M S",26,1469,2,1,2,19,15,5,0,2.6617,1.9006,1.8816,5.158,1.7469,0.1631,0.1164,0.1153,0.2784,0.2317,0.316,0.107,2025/2026,6643,,
"Jacob Ramsey","Newcastle United","Premier League","M S",28,1421,2,2,3,16,22,3,1,1.2113,1.2113,1.5664,5.4876,4.252,0.0767,0.0767,0.0992,0.1759,0.1759,0.3476,0.2693,2025/2026,6644,,
"R\\u00faben Dias","Manchester City","Premier League","D S",26,2142,2,2,0,10,7,3,0,0.4371,0.4371,0.4226,14.6866,14.2491,0.0184,0.0184,0.0178,0.0362,0.0362,0.6171,0.5987,2025/2026,6645,,
"Malo Gusto",Chelsea,"Premier League","D M S",34,2306,2,2,3,12,27,3,1,1.9418,1.9418,3.8056,16.3379,13.5533,0.0758,0.0758,0.1485,0.2243,0.2243,0.6376,0.529,2025/2026,6646,,
"Pape Sarr",Tottenham,"Premier League","M S",26,1347,2,2,4,17,11,3,0,2.0474,2.0474,2.4336,7.0171,4.9592,0.1368,0.1368,0.1626,0.2994,0.2994,0.4688,0.3313,2025/2026,6647,,
"Yeremi Pino","Crystal Palace","Premier League","F M S",34,2134,2,2,2,45,48,4,0,4.373,4.373,8.5021,13.4667,4.5874,0.1844,0.1844,0.3586,0.543,0.543,0.5679,0.1935,2025/2026,6648,,
"Amadou Onana","Aston Villa","Premier League","M S",25,1793,2,2,0,19,7,3,0,2.7725,2.7725,0.5039,6.8153,5.3132,0.1392,0.1392,0.0253,0.1645,0.1645,0.3421,0.2667,2025/2026,6649,,
"Habib Diarra",Sunderland,"Premier League","M S",20,1414,2,1,2,26,7,6,0,3.2529,2.4917,0.6448,4.1163,1.881,0.207,0.1586,0.041,0.248,0.1996,0.262,0.1197,2025/2026,6650,,
"Josko Gvardiol","Manchester City","Premier League","D S",18,1374,2,2,2,17,4,2,0,1.8614,1.8614,0.4376,10.0963,9.5483,0.1219,0.1219,0.0287,0.1506,0.1506,0.6613,0.6254,2025/2026,6651,,
"Loum Tchaouna",Burnley,"Premier League","F M S",29,1268,2,2,1,23,13,2,0,1.259,1.259,1.1996,4.2137,1.9741,0.0894,0.0894,0.0851,0.1745,0.1745,0.2991,0.1401,2025/2026,6652,,
"Archie Gray",Tottenham,"Premier League","D M S",24,1497,2,2,2,11,8,5,0,1.5885,1.5885,1.6584,3.5702,2.1685,0.0955,0.0955,0.0997,0.1952,0.1952,0.2146,0.1304,2025/2026,6653,,
"Ryan Christie",Bournemouth,"Premier League","M S",26,942,2,2,0,25,11,3,1,1.7907,1.7907,1.6196,7.692,4.5152,0.1711,0.1711,0.1547,0.3258,0.3258,0.7349,0.4314,2025/2026,6654,,
"Brennan Johnson","Crystal Palace,Tottenham","Premier League","D F M S",34,1709,2,2,1,23,19,6,0,2.5934,2.5934,1.281,5.2396,1.934,0.1366,0.1366,0.0675,0.2041,0.2041,0.2759,0.1018,2025/2026,6655,,
"Noni Madueke",Arsenal,"Premier League","F M S",26,1246,2,2,1,25,22,0,0,1.9964,1.9964,4.011,6.7281,3.2939,0.1442,0.1442,0.2897,0.4339,0.4339,0.486,0.2379,2025/2026,6656,,
"Milos Kerkez",Liverpool,"Premier League","D S",34,2271,2,2,1,9,26,4,0,1.3936,1.3936,1.8635,9.4891,6.8594,0.0552,0.0552,0.0739,0.1291,0.1291,0.3761,0.2718,2025/2026,6657,,
"Mohammed Kudus",Tottenham,"Premier League","F M",19,1577,2,2,5,26,21,3,0,2.3623,2.3623,2.5741,4.9626,1.4065,0.1348,0.1348,0.1469,0.2817,0.2817,0.2832,0.0803,2025/2026,6658,,
"Ladislav Krejc\\u00ed","Wolverhampton Wanderers","Premier League","D M S",28,2385,2,2,1,21,9,3,1,1.7245,1.7245,1.4909,4.1489,2.5917,0.0651,0.0651,0.0563,0.1214,0.1214,0.1566,0.0978,2025/2026,6659,,
"Mats Wieffer",Brighton,"Premier League","D S",26,1922,2,2,3,18,19,8,0,1.9274,1.9274,2.869,10.284,8.2677,0.0903,0.0903,0.1343,0.2246,0.2246,0.4816,0.3871,2025/2026,6660,,
"Nicol\\u00f2 Savona","Nottingham Forest","Premier League","D S",14,1036,2,2,0,5,6,2,0,1.2355,1.2355,0.5945,3.0065,1.5372,0.1073,0.1073,0.0516,0.1589,0.1589,0.2612,0.1335,2025/2026,6661,,
"Rio Ngumoha",Liverpool,"Premier League","M S",19,515,2,2,1,16,16,0,0,1.2214,1.2214,2.1261,4.7791,1.6543,0.2134,0.2134,0.3716,0.585,0.585,0.8352,0.2891,2025/2026,6662,,
"Maxim De Cuyper",Brighton,"Premier League","D M S",30,1412,2,2,3,13,32,2,0,1.7418,1.7418,4.6856,6.8402,3.4949,0.111,0.111,0.2987,0.4097,0.4097,0.436,0.2228,2025/2026,6663,,
"Trai Hume",Sunderland,"Premier League","D M S",38,3041,2,2,1,34,27,9,0,2.708,2.708,2.0842,8.2297,4.2025,0.0801,0.0801,0.0617,0.1418,0.1418,0.2436,0.1244,2025/2026,6664,,
"Dan Ballard",Sunderland,"Premier League","D S",29,2143,2,2,0,25,14,4,1,3.6954,3.6954,1.5806,4.7525,2.6089,0.1552,0.1552,0.0664,0.2216,0.2216,0.1996,0.1096,2025/2026,6665,,
"Eliezer Mayenda",Sunderland,"Premier League","F M S",20,740,2,2,0,13,4,0,0,2.0109,2.0109,0.7425,2.4836,0.4882,0.2446,0.2446,0.0903,0.3349,0.3349,0.3021,0.0594,2025/2026,6666,,
"Est\\u00eav\\u00e3o",Chelsea,"Premier League","F M S",22,854,2,2,2,28,16,4,0,3.874,3.874,2.8163,9.2676,3.5823,0.4083,0.4083,0.2968,0.7051,0.7051,0.9767,0.3775,2025/2026,6667,,
"Ao Tanaka",Leeds,"Premier League","M S",28,1330,2,2,0,17,18,1,0,2.1982,2.1982,1.3577,6.8061,4.3134,0.1488,0.1488,0.0919,0.2407,0.2407,0.4606,0.2919,2025/2026,6668,,
"Charalampos Kostoulas",Brighton,"Premier League","F S",21,309,2,2,1,21,10,2,0,2.257,2.257,1.2801,3.4958,0.5061,0.6574,0.6574,0.3728,1.0302,1.0302,1.0182,0.1474,2025/2026,6669,,
"Granit Xhaka",Sunderland,"Premier League","M S",34,2896,1,1,6,21,34,8,0,0.8073,0.8073,3.705,10.4553,8.9814,0.0251,0.0251,0.1151,0.1402,0.1402,0.3249,0.2791,2025/2026,6670,,
"Pascal Gro\\u00df",Brighton,"Premier League","M S",19,1635,1,1,3,18,39,2,0,1.253,1.253,3.2942,10.0125,8.2805,0.069,0.069,0.1813,0.2503,0.2503,0.5511,0.4558,2025/2026,6671,,
"James Milner",Brighton,"Premier League","M S",20,773,1,0,1,8,8,2,0,0.9794,0.2183,0.6549,3.9791,3.7933,0.114,0.0254,0.0762,0.1902,0.1016,0.4633,0.4417,2025/2026,6672,,
"Jordan Henderson",Brentford,"Premier League","M S",32,1935,1,1,3,6,19,6,0,0.5514,0.5514,3.3205,8.7898,6.1316,0.0256,0.0256,0.1544,0.18,0.18,0.4088,0.2852,2025/2026,6673,,
"Ben Davies",Tottenham,"Premier League","D S",3,137,1,1,0,2,1,1,0,0.7983,0.7983,0.0247,0.0247,0.0247,0.5244,0.5244,0.0162,0.5406,0.5406,0.0162,0.0162,2025/2026,6674,,
"Bertrand Traor\\u00e9",Sunderland,"Premier League","F M S",12,675,1,1,0,12,8,1,0,0.6248,0.6248,0.9888,2.0169,1.2301,0.0833,0.0833,0.1318,0.2151,0.2151,0.2689,0.164,2025/2026,6675,,
"Gianluigi Donnarumma","Manchester City","Premier League",GK,34,3060,0,0,0,0,0,7,0,0.0,0.0,0.0,7.1777,7.1777,0.0,0.0,0.0,0.0,0.0,0.2111,0.2111,2025/2026,6792,,
"Kyle Walker-Peters","West Ham","Premier League","D S",23,1365,1,1,0,5,6,2,0,1.1882,1.1882,0.357,4.9049,3.5975,0.0783,0.0783,0.0235,0.1018,0.1018,0.3234,0.2372,2025/2026,6676,,
"Harrison Reed",Fulham,"Premier League","M S",7,79,1,1,0,2,3,0,0,0.0866,0.0866,0.4029,0.4041,0.2693,0.0987,0.0987,0.459,0.5577,0.5577,0.4604,0.3068,2025/2026,6677,,
"Axel Tuanzebe",Burnley,"Premier League",D,14,1209,1,1,0,2,0,1,0,0.5583,0.5583,0.0,2.7747,2.2164,0.0416,0.0416,0.0,0.0416,0.0416,0.2066,0.165,2025/2026,6678,,
"Luke Shaw","Manchester United","Premier League",D,38,3269,1,1,1,10,15,9,0,0.5989,0.5989,1.4937,11.4567,10.6089,0.0165,0.0165,0.0411,0.0576,0.0576,0.3154,0.2921,2025/2026,6679,,
"Sasa Lukic",Fulham,"Premier League","M S",26,1731,1,1,2,18,27,9,0,2.3392,2.3392,2.1633,6.2263,3.358,0.1216,0.1216,0.1125,0.2341,0.2341,0.3237,0.1746,2025/2026,6680,,
"Harry Maguire","Manchester United","Premier League","D S",23,1666,1,1,2,14,4,3,1,1.1766,1.1766,0.7251,5.0689,5.0689,0.0636,0.0636,0.0392,0.1028,0.1028,0.2738,0.2738,2025/2026,6681,,
"Andrew Robertson",Liverpool,"Premier League","D S",24,1160,1,1,0,10,20,0,0,1.0473,1.0473,1.5095,5.851,4.4723,0.0813,0.0813,0.1171,0.1984,0.1984,0.454,0.347,2025/2026,6682,,
Rodri,"Manchester City","Premier League","M S",21,1500,1,1,0,17,26,3,0,1.1885,1.1885,2.2761,12.1379,10.7059,0.0713,0.0713,0.1366,0.2079,0.2079,0.7283,0.6424,2025/2026,6683,,
"Martin Odegaard",Arsenal,"Premier League","M S",24,1347,1,1,6,22,38,0,0,1.2191,1.2191,4.9784,11.734,7.5889,0.0815,0.0815,0.3326,0.4141,0.4141,0.784,0.5071,2025/2026,6684,,
"Issa Diop",Fulham,"Premier League","D S",13,810,1,1,0,2,0,2,0,0.4417,0.4417,0.0,1.552,1.552,0.0491,0.0491,0.0,0.0491,0.0491,0.1724,0.1724,2025/2026,6685,,
"Randal Kolo Muani",Tottenham,"Premier League","F M S",30,1704,1,1,1,20,19,3,0,2.7006,2.7006,1.8472,4.2461,0.7897,0.1426,0.1426,0.0976,0.2402,0.2402,0.2243,0.0417,2025/2026,6686,,
"Yoane Wissa","Newcastle United","Premier League","F S",19,492,1,1,0,13,3,3,0,3.2382,3.2382,0.1695,4.3541,1.3059,0.5924,0.5924,0.031,0.6234,0.6234,0.7965,0.2389,2025/2026,6687,,
"Boubacar Kamara","Aston Villa","Premier League","M S",18,1434,1,1,3,7,15,5,0,1.0522,1.0522,0.729,5.698,4.2702,0.066,0.066,0.0458,0.1118,0.1118,0.3576,0.268,2025/2026,6688,,
"Kenny Tete",Fulham,"Premier League","D S",22,1805,1,1,0,16,11,2,0,0.7288,0.7288,0.9491,3.9444,3.1576,0.0363,0.0363,0.0473,0.0836,0.0836,0.1967,0.1574,2025/2026,6689,,
"Lewis Dunk",Brighton,"Premier League","D S",33,2831,1,1,0,23,7,10,0,1.3369,1.3369,0.5454,12.6895,12.6021,0.0425,0.0425,0.0173,0.0598,0.0598,0.4034,0.4006,2025/2026,6690,,
"Rodrigo Bentancur",Tottenham,"Premier League","M S",26,1931,1,1,1,13,10,7,0,0.9772,0.9772,0.8774,4.6692,4.176,0.0455,0.0455,0.0409,0.0864,0.0864,0.2176,0.1946,2025/2026,6691,,
"Douglas Luiz","Aston Villa,Nottingham Forest","Premier League","M S",21,936,1,1,0,11,19,3,0,0.7025,0.7025,1.8229,4.0708,2.8109,0.0675,0.0675,0.1753,0.2428,0.2428,0.3914,0.2703,2025/2026,6692,,
"Enes \\u00dcnal",Bournemouth,"Premier League",S,22,158,1,1,0,15,1,1,0,2.3263,2.3263,0.2841,2.6457,0.3903,1.3251,1.3251,0.1618,1.4869,1.4869,1.507,0.2223,2025/2026,6693,,
"Ibrahima Konat\\u00e9",Liverpool,"Premier League",D,36,3133,1,1,0,12,8,7,0,1.9586,1.9586,0.7253,11.116,10.7976,0.0563,0.0563,0.0208,0.0771,0.0771,0.3193,0.3102,2025/2026,6694,,
"Ethan Ampadu",Leeds,"Premier League",M,35,3130,1,1,1,26,19,10,0,1.9461,1.9461,1.1764,11.8664,10.6903,0.056,0.056,0.0338,0.0898,0.0898,0.3412,0.3074,2025/2026,6695,,
"Curtis Jones",Liverpool,"Premier League","D M S",34,1910,1,1,2,22,22,2,0,2.4063,2.4063,2.8341,10.6202,7.2371,0.1134,0.1134,0.1335,0.2469,0.2469,0.5004,0.341,2025/2026,6696,,
"Jaka Bijol",Leeds,"Premier League","D S",25,1895,1,1,2,15,7,4,0,0.7185,0.7185,1.3992,5.491,4.5039,0.0341,0.0341,0.0665,0.1006,0.1006,0.2608,0.2139,2025/2026,6697,,
"David Brooks",Bournemouth,"Premier League","M S",31,1191,1,1,3,48,25,7,0,6.5401,6.5401,4.1968,12.1954,2.6665,0.4942,0.4942,0.3171,0.8113,0.8113,0.9216,0.2015,2025/2026,6698,,
"William Saliba",Arsenal,"Premier League","D S",31,2609,1,1,0,5,10,2,0,1.5778,1.5778,1.306,11.0173,10.5019,0.0544,0.0544,0.0451,0.0995,0.0995,0.3801,0.3623,2025/2026,6699,,
"Pedro Porro",Tottenham,"Premier League","D M S",34,2815,1,1,2,32,53,10,0,1.4029,1.4029,4.2477,10.605,8.7917,0.0449,0.0449,0.1358,0.1807,0.1807,0.3391,0.2811,2025/2026,6700,,
"Marc Cucurella",Chelsea,"Premier League","D M S",34,2714,1,1,4,20,39,8,1,1.8861,1.8861,4.5417,15.1592,12.0035,0.0625,0.0625,0.1506,0.2131,0.2131,0.5027,0.3981,2025/2026,6701,,
"Diogo Dalot","Manchester United","Premier League","D S",34,2614,1,1,3,24,30,5,0,2.1947,2.1947,3.5058,13.0552,9.6665,0.0756,0.0756,0.1207,0.1963,0.1963,0.4495,0.3328,2025/2026,6702,,
"Dan Burn","Newcastle United","Premier League","D S",29,2205,1,1,2,10,7,9,1,0.9215,0.9215,0.4086,5.2363,4.9391,0.0376,0.0376,0.0167,0.0543,0.0543,0.2137,0.2016,2025/2026,6703,,
"Gabriel Martinelli",Arsenal,"Premier League","F M S",30,1025,1,1,4,29,13,3,0,5.3571,5.3571,2.5692,10.0233,3.6065,0.4704,0.4704,0.2256,0.696,0.696,0.8801,0.3167,2025/2026,6704,,
"Jean-Ricner Bellegarde","Wolverhampton Wanderers","Premier League","F M S",26,1268,1,1,1,21,13,5,0,0.8698,0.8698,1.2166,5.2008,3.5015,0.0617,0.0617,0.0864,0.1481,0.1481,0.3691,0.2485,2025/2026,6705,,
"Matthijs de Ligt","Manchester United","Premier League",D,13,1170,1,1,0,11,3,0,0,1.3234,1.3234,0.4282,2.8319,2.3888,0.1018,0.1018,0.0329,0.1347,0.1347,0.2178,0.1838,2025/2026,6706,,
"Marshall Munetsi","Wolverhampton Wanderers","Premier League","F M S",13,863,1,1,1,14,3,2,0,1.839,1.839,0.3809,3.0972,1.0006,0.1918,0.1918,0.0397,0.2315,0.2315,0.323,0.1043,2025/2026,6707,,
"Evann Guessand","Aston Villa,Crystal Palace","Premier League","M S",21,920,1,1,2,11,5,0,0,1.8543,1.8543,1.2377,3.7794,1.3026,0.1814,0.1814,0.1211,0.3025,0.3025,0.3697,0.1274,2025/2026,6708,,
"Riccardo Calafiori",Arsenal,"Premier League","D S",26,1755,1,1,2,32,9,5,0,3.4695,3.4695,0.6484,8.1578,6.5584,0.1779,0.1779,0.0333,0.2112,0.2112,0.4183,0.3363,2025/2026,6709,,
"Tyrick Mitchell","Crystal Palace","Premier League","D S",38,3258,1,1,2,19,29,6,0,1.9847,1.9847,3.0361,13.1555,9.8705,0.0548,0.0548,0.0839,0.1387,0.1387,0.3634,0.2727,2025/2026,6710,,
"Nicol\\u00e1s Dom\\u00ednguez","Nottingham Forest","Premier League","M S",27,1210,1,1,1,18,11,2,0,1.0124,1.0124,1.2799,5.3953,4.2287,0.0753,0.0753,0.0952,0.1705,0.1705,0.4013,0.3145,2025/2026,6711,,
"Armando Broja",Burnley,"Premier League","F S",24,822,1,1,1,16,5,0,0,2.5165,2.5165,0.6098,2.6858,1.0258,0.2755,0.2755,0.0668,0.3423,0.3423,0.2941,0.1123,2025/2026,6712,,
"Chris Richards","Crystal Palace","Premier League","D S",33,2819,1,1,0,15,9,4,0,1.7815,1.7815,0.4875,7.8095,7.5028,0.0569,0.0569,0.0156,0.0725,0.0725,0.2493,0.2395,2025/2026,6713,,
"Jarrad Branthwaite",Everton,"Premier League","D S",10,682,1,1,0,6,3,1,0,0.31,0.31,0.3732,1.2879,1.127,0.0409,0.0409,0.0492,0.0901,0.0901,0.17,0.1487,2025/2026,6714,,
"Sven Botman","Newcastle United","Premier League","D S",25,1842,1,1,0,15,6,2,0,1.551,1.551,1.4832,6.021,5.7225,0.0758,0.0758,0.0725,0.1483,0.1483,0.2942,0.2796,2025/2026,6715,,
"Adrien Truffert",Bournemouth,"Premier League",D,38,3391,1,1,5,16,33,5,0,1.9887,1.9887,4.4081,15.2389,9.9589,0.0528,0.0528,0.117,0.1698,0.1698,0.4045,0.2643,2025/2026,6716,,
"Dan Ndoye","Nottingham Forest","Premier League","F M S",24,1184,1,1,1,15,14,1,0,1.1724,1.1724,1.5529,4.0238,1.8127,0.0891,0.0891,0.118,0.2071,0.2071,0.3059,0.1378,2025/2026,6717,,
"Jo\\u00ebl Veltman",Brighton,"Premier League","D S",24,1025,1,1,0,4,4,5,0,1.0643,1.0643,0.252,2.4635,2.3218,0.0935,0.0935,0.0221,0.1156,0.1156,0.2163,0.2039,2025/2026,6718,,
"Maxence Lacroix","Crystal Palace","Premier League",D,35,3094,1,1,2,25,7,4,1,3.0068,3.0068,1.2869,10.7443,9.9812,0.0875,0.0875,0.0374,0.1249,0.1249,0.3125,0.2903,2025/2026,6719,,
"Liam Delap",Chelsea,"Premier League","F S",28,1064,1,1,0,36,3,4,0,5.0301,5.0301,0.1693,7.5159,3.4006,0.4255,0.4255,0.0143,0.4398,0.4398,0.6357,0.2876,2025/2026,6720,,
"Antonee Robinson",Fulham,"Premier League","D S",22,1484,1,0,0,6,21,5,0,0.9772,0.2161,1.09,4.5613,3.8489,0.0593,0.0131,0.0661,0.1254,0.0792,0.2766,0.2334,2025/2026,6721,,
"Omar Alderete",Sunderland,"Premier League","D S",33,2808,1,1,1,24,9,6,0,1.5456,1.5456,0.6075,4.5496,3.7731,0.0495,0.0495,0.0195,0.069,0.069,0.1458,0.1209,2025/2026,6722,,
"Conor Gallagher",Tottenham,"Premier League","M S",16,1229,1,1,1,11,13,2,0,1.5124,1.5124,0.8551,4.1735,2.5543,0.1108,0.1108,0.0626,0.1734,0.1734,0.3056,0.1871,2025/2026,6723,,
"Jayden Bogle",Leeds,"Premier League","D M S",34,2822,1,1,2,18,21,6,0,1.8921,1.8921,3.5252,11.0212,6.3671,0.0603,0.0603,0.1124,0.1727,0.1727,0.3515,0.2031,2025/2026,6724,,
"Fabio Carvalho",Brentford,"Premier League","M S",6,97,1,1,0,2,0,0,0,0.6896,0.6896,0.0,0.6896,0.0,0.6398,0.6398,0.0,0.6398,0.6398,0.6398,0.0,2025/2026,6725,,
"Hannibal Mejbri",Burnley,"Premier League","M S",27,1251,1,1,4,19,21,10,0,0.7498,0.7498,2.8382,5.9531,3.3756,0.0539,0.0539,0.2042,0.2581,0.2581,0.4283,0.2428,2025/2026,6726,,
"Vitaly Janelt",Brentford,"Premier League","M S",25,1421,1,1,4,12,21,8,0,0.7499,0.7499,3.8111,6.326,3.6329,0.0475,0.0475,0.2414,0.2889,0.2889,0.4007,0.2301,2025/2026,6727,,
"Nathan Collins",Brentford,"Premier League","D S",35,2966,1,1,2,20,9,7,0,2.9171,2.9171,2.4297,10.0359,8.5106,0.0885,0.0885,0.0737,0.1622,0.1622,0.3045,0.2582,2025/2026,6728,,
"Nico Gonz\\u00e1lez","Manchester City","Premier League","M S",25,1576,1,1,0,14,11,6,0,0.6088,0.6088,0.8885,14.795,14.1727,0.0348,0.0348,0.0507,0.0855,0.0855,0.8449,0.8094,2025/2026,6729,,
"Piero Hincapi\\u00e9",Arsenal,"Premier League","D S",25,1786,1,1,2,3,13,2,0,0.4126,0.4126,2.1274,8.4794,6.883,0.0208,0.0208,0.1072,0.128,0.128,0.4273,0.3468,2025/2026,6730,,
"Hugo Bueno","Wolverhampton Wanderers","Premier League","D M S",35,2351,1,1,2,16,38,3,0,0.8962,0.8962,3.6833,5.5431,2.9293,0.0343,0.0343,0.141,0.1753,0.1753,0.2122,0.1121,2025/2026,6731,,
"Lewis Hall","Newcastle United","Premier League","D S",30,2164,1,1,1,25,25,4,0,1.2881,1.2881,2.5339,8.8684,7.4675,0.0536,0.0536,0.1054,0.159,0.159,0.3688,0.3106,2025/2026,6732,,
"Omari Hutchinson","Nottingham Forest","Premier League","M S",31,1664,1,1,5,25,33,1,0,2.1777,2.1777,4.9315,10.3286,5.619,0.1178,0.1178,0.2667,0.3845,0.3845,0.5586,0.3039,2025/2026,6733,,
"Alejandro Garnacho",Chelsea,"Premier League","F M S",24,1285,1,1,4,33,29,2,0,4.1118,4.1118,4.219,12.9535,6.526,0.288,0.288,0.2955,0.5835,0.5835,0.9072,0.4571,2025/2026,6734,,
"Rodrigo Muniz",Fulham,"Premier League","F S",21,1001,1,1,1,32,8,2,0,4.5453,4.5453,0.9615,4.831,1.298,0.4087,0.4087,0.0864,0.4951,0.4951,0.4344,0.1167,2025/2026,6735,,
"Soungoutou Magassa","West Ham","Premier League","M S",22,976,1,1,0,7,5,4,0,0.6193,0.6193,0.7464,2.4186,1.5316,0.0571,0.0571,0.0688,0.1259,0.1259,0.223,0.1412,2025/2026,6736,,
"Matheus Nunes","Manchester City","Premier League","D S",34,2865,1,1,5,7,28,5,0,0.6755,0.6755,3.0991,22.1042,20.2891,0.0212,0.0212,0.0974,0.1186,0.1186,0.6944,0.6374,2025/2026,6737,,
"Kobbie Mainoo","Manchester United","Premier League","M S",28,1623,1,1,2,13,22,2,0,0.5175,0.5175,1.1901,10.3526,9.7771,0.0287,0.0287,0.066,0.0947,0.0947,0.5741,0.5422,2025/2026,6738,,
"Michael Kayode",Brentford,"Premier League",D,37,3281,1,1,1,9,33,8,0,1.1691,1.1691,3.1847,13.0463,9.5688,0.0321,0.0321,0.0874,0.1195,0.1195,0.3579,0.2625,2025/2026,6739,,
"Brajan Gruda",Brighton,"Premier League","M S",18,716,1,1,1,16,16,2,0,1.7725,1.7725,1.2155,5.4799,2.8442,0.2228,0.2228,0.1528,0.3756,0.3756,0.6888,0.3575,2025/2026,6740,,
"Merlin R\\u00f6hl",Everton,"Premier League","M S",16,650,1,1,0,11,6,0,0,0.5587,0.5587,0.361,1.4036,0.6961,0.0774,0.0774,0.05,0.1274,0.1274,0.1943,0.0964,2025/2026,6741,,
"Jo\\u00e3o Gomes","Wolverhampton Wanderers","Premier League","M S",35,2845,1,1,1,18,16,10,0,1.2463,1.2463,1.4418,6.2019,5.0791,0.0394,0.0394,0.0456,0.085,0.085,0.1962,0.1607,2025/2026,6742,,
"Lewis Miley","Newcastle United","Premier League","D M S",23,1470,1,1,4,12,15,0,0,1.376,1.376,2.3213,7.0458,5.9182,0.0842,0.0842,0.1421,0.2263,0.2263,0.4314,0.3623,2025/2026,6743,,
"Simon Adingra",Sunderland,"Premier League","F M S",14,665,1,1,0,6,7,2,0,0.3356,0.3356,0.7324,1.9754,1.0532,0.0454,0.0454,0.0991,0.1445,0.1445,0.2673,0.1425,2025/2026,6744,,
"Calvin Bassey",Fulham,"Premier League","D S",30,2523,1,1,0,11,10,5,0,1.1909,1.1909,0.4309,6.1886,5.8932,0.0425,0.0425,0.0154,0.0579,0.0579,0.2208,0.2102,2025/2026,6745,,
"S\\u00e1vio","Manchester City","Premier League","M S",24,792,1,1,1,19,9,2,0,3.2695,3.2695,0.9314,5.6242,2.6198,0.3715,0.3715,0.1058,0.4773,0.4773,0.6391,0.2977,2025/2026,6746,,
"Yehor Yarmolyuk",Brentford,"Premier League","M S",37,2679,1,1,2,16,14,7,0,1.3753,1.3753,1.2574,9.288,7.9193,0.0462,0.0462,0.0422,0.0884,0.0884,0.312,0.266,2025/2026,6747,,
"Andrey Santos",Chelsea,"Premier League","M S",27,1217,1,1,0,11,8,4,0,2.5552,2.5552,0.6884,6.3246,4.395,0.189,0.189,0.0509,0.2399,0.2399,0.4677,0.325,2025/2026,6748,,
"Lorenzo Lucca","Nottingham Forest","Premier League","F S",4,122,1,1,0,4,1,0,0,1.1845,1.1845,0.0366,1.6722,0.4877,0.8738,0.8738,0.027,0.9008,0.9008,1.2336,0.3598,2025/2026,6749,,
"Jake O&#039;Brien",Everton,"Premier League","D S",37,3146,1,1,1,13,17,6,1,1.3069,1.3069,0.7244,6.4874,5.0529,0.0374,0.0374,0.0207,0.0581,0.0581,0.1856,0.1446,2025/2026,6750,,
Murillo,"Nottingham Forest","Premier League",D,25,2132,1,1,0,11,8,5,0,0.5957,0.5957,0.2994,6.3586,6.0499,0.0251,0.0251,0.0126,0.0377,0.0377,0.2684,0.2554,2025/2026,6751,,
"Alejandro Jim\\u00e9nez",Bournemouth,"Premier League","D M S",31,2354,1,1,0,21,15,10,0,1.2104,1.2104,1.7029,7.3223,4.8696,0.0463,0.0463,0.0651,0.1114,0.1114,0.28,0.1862,2025/2026,6752,,
"Adam Wharton","Crystal Palace","Premier League","M S",34,2596,1,1,5,32,44,4,1,1.1521,1.1521,6.6246,14.6792,10.5615,0.0399,0.0399,0.2297,0.2696,0.2696,0.5089,0.3662,2025/2026,6753,,
"Joshua King",Fulham,"Premier League","F M S",32,1306,1,1,2,26,15,4,0,3.7996,3.7996,1.0396,6.1869,2.6015,0.2618,0.2618,0.0716,0.3334,0.3334,0.4264,0.1793,2025/2026,6754,,
"Josh Acheampong",Chelsea,"Premier League","D S",17,657,1,1,0,4,2,1,0,0.6709,0.6709,0.138,2.1219,2.0502,0.0919,0.0919,0.0189,0.1108,0.1108,0.2907,0.2808,2025/2026,6755,,
"Lucas Bergvall",Tottenham,"Premier League","M S",23,956,1,1,3,12,5,2,0,1.4343,1.4343,0.2916,3.2742,1.6926,0.135,0.135,0.0275,0.1625,0.1625,0.3082,0.1593,2025/2026,6756,,
"Andr\\u00e9","Wolverhampton Wanderers","Premier League","M S",35,2763,1,1,0,15,18,12,0,0.5157,0.5157,1.2478,6.2202,5.5261,0.0168,0.0168,0.0406,0.0574,0.0574,0.2026,0.18,2025/2026,6757,,
"Justin Devenny","Crystal Palace","Premier League","D F M S",21,762,1,0,0,13,7,0,0,2.2453,1.4841,0.3325,3.6243,2.0766,0.2652,0.1753,0.0393,0.3045,0.2146,0.4281,0.2453,2025/2026,6758,,
"Ferdi Kadioglu",Brighton,"Premier League","D M S",37,3145,1,1,0,28,22,6,0,2.0196,2.0196,2.2446,14.0088,11.6958,0.0578,0.0578,0.0642,0.122,0.122,0.4009,0.3347,2025/2026,6759,,
Morato,"Nottingham Forest","Premier League","D S",21,1333,1,1,0,5,2,5,0,1.8854,1.8854,0.0937,4.4784,3.8473,0.1273,0.1273,0.0063,0.1336,0.1336,0.3024,0.2598,2025/2026,6760,,
"Matt O&#039;Riley",Brighton,"Premier League","M S",6,195,1,0,0,4,4,0,0,1.1397,0.3786,0.1496,0.5306,0.114,0.526,0.1747,0.069,0.595,0.2437,0.2449,0.0526,2025/2026,6761,,
"Tom Edozie","Wolverhampton Wanderers","Premier League",S,3,6,1,1,0,2,0,0,0,0.138,0.138,0.0,0.138,0.0,2.07,2.07,0.0,2.07,2.07,2.07,0.0,2025/2026,6762,,
"Chris Rigg",Sunderland,"Premier League","M S",18,780,1,1,1,12,9,1,0,0.8001,0.8001,1.1892,1.9689,0.7254,0.0923,0.0923,0.1372,0.2295,0.2295,0.2272,0.0837,2025/2026,6763,,
"Oliver Sonne",Burnley,"Premier League","D S",7,149,1,1,0,3,1,0,0,0.3753,0.3753,0.0269,0.508,0.1974,0.2267,0.2267,0.0162,0.2429,0.2429,0.3068,0.1192,2025/2026,6764,,
"Josh Laurent",Burnley,"Premier League","D M S",33,1720,1,1,0,15,12,7,1,1.0437,1.0437,0.7355,3.1661,1.6837,0.0546,0.0546,0.0385,0.0931,0.0931,0.1657,0.0881,2025/2026,6765,,
"Marcus Edwards",Burnley,"Premier League","F M S",23,1054,1,1,3,23,20,0,0,2.2835,2.2835,2.546,6.093,3.1581,0.195,0.195,0.2174,0.4124,0.4124,0.5203,0.2697,2025/2026,6766,,
"Jhon Arias","Wolverhampton Wanderers","Premier League","F M S",23,1140,1,1,0,16,11,1,0,3.2931,3.2931,0.8962,4.8776,1.3451,0.26,0.26,0.0708,0.3308,0.3308,0.3851,0.1062,2025/2026,6767,,
"Max Dowman",Arsenal,"Premier League","M S",6,142,1,1,0,6,4,0,0,0.669,0.669,0.6338,1.6156,0.4802,0.424,0.424,0.4017,0.8257,0.8257,1.024,0.3044,2025/2026,6768,,
"Stefanos Tzimas",Brighton,"Premier League","F S",9,111,1,1,1,4,6,0,0,0.625,0.625,0.3843,0.8074,0.0099,0.5068,0.5068,0.3116,0.8184,0.8184,0.6546,0.008,2025/2026,6769,,
Kevin,Fulham,"Premier League","M S",26,1002,1,1,1,25,14,1,0,1.334,1.334,1.2404,4.82,2.8916,0.1198,0.1198,0.1114,0.2312,0.2312,0.4329,0.2597,2025/2026,6770,,
"Fabian Sch\\u00e4r","Newcastle United","Premier League","D S",16,1096,0,0,0,17,4,1,0,0.9632,0.9632,0.1627,3.1929,3.0597,0.0791,0.0791,0.0134,0.0925,0.0925,0.2622,0.2513,2025/2026,6771,,
"Bernd Leno",Fulham,"Premier League",GK,38,3420,0,0,0,0,0,3,0,0.0,0.0,0.0,4.9026,4.9026,0.0,0.0,0.0,0.0,0.0,0.129,0.129,2025/2026,6772,,
"Nathan Ak\\u00e9","Manchester City","Premier League","D S",18,681,0,0,0,7,6,1,0,1.0962,1.0962,0.7114,4.4475,3.9373,0.1449,0.1449,0.094,0.2389,0.2389,0.5878,0.5203,2025/2026,6773,,
"Seamus Coleman",Everton,"Premier League","D S",5,13,0,0,0,0,1,0,0,0.0,0.0,0.0379,0.0379,0.0379,0.0,0.0,0.2624,0.2624,0.2624,0.2624,0.2624,2025/2026,6774,,
"John Stones","Manchester City","Premier League","D S",9,445,0,0,0,0,1,0,0,0.0,0.0,0.0628,2.1914,2.1286,0.0,0.0,0.0127,0.0127,0.0127,0.4432,0.4305,2025/2026,6775,,
"Nathaniel Clyne","Crystal Palace","Premier League","D S",10,613,0,0,1,3,3,1,0,0.2702,0.2702,0.6745,1.4968,1.2266,0.0397,0.0397,0.099,0.1387,0.1387,0.2198,0.1801,2025/2026,6776,,
"Kyle Walker",Burnley,"Premier League","D M S",36,3101,0,0,2,4,13,9,0,0.093,0.093,1.6654,9.2398,9.072,0.0027,0.0027,0.0483,0.051,0.051,0.2682,0.2633,2025/2026,6777,,
"Kieran Trippier","Newcastle United","Premier League","D S",21,1606,0,0,1,2,28,3,0,0.0959,0.0959,1.8195,5.1302,4.7119,0.0054,0.0054,0.102,0.1074,0.1074,0.2875,0.2641,2025/2026,6778,,
"Ola Aina","Nottingham Forest","Premier League",D,18,1595,0,0,0,12,9,3,0,0.4096,0.4096,0.3413,3.9507,3.5273,0.0231,0.0231,0.0193,0.0424,0.0424,0.2229,0.199,2025/2026,6779,,
"Jordan Pickford",Everton,"Premier League",GK,38,3420,0,0,0,0,2,4,0,0.0,0.0,0.2334,3.0988,3.0167,0.0,0.0,0.0061,0.0061,0.0061,0.0815,0.0794,2025/2026,6780,,
"Jamaal Lascelles","Newcastle United","Premier League",S,2,8,0,0,0,1,0,0,0,0.0783,0.0783,0.0,0.0,0.0,0.8809,0.8809,0.0,0.8809,0.8809,0.0,0.0,2025/2026,6781,,
"Karl Darlow",Leeds,"Premier League",GK,22,1980,0,0,0,0,0,1,0,0.0,0.0,0.0,1.8116,1.8116,0.0,0.0,0.0,0.0,0.0,0.0823,0.0823,2025/2026,6782,,
"Adam Smith",Bournemouth,"Premier League","D S",22,1079,0,0,2,0,6,3,0,0.0,0.0,0.4985,4.5372,4.063,0.0,0.0,0.0416,0.0416,0.0416,0.3785,0.3389,2025/2026,6783,,
"James Ward-Prowse","Burnley,West Ham","Premier League","M S",18,1082,0,0,1,5,23,1,0,0.181,0.181,3.4295,3.5722,3.0758,0.0151,0.0151,0.2853,0.3004,0.3004,0.2971,0.2558,2025/2026,6784,,
"Freddie Woodman",Liverpool,"Premier League","GK S",3,210,0,0,0,0,0,0,0,0.0,0.0,0.0,0.6411,0.6411,0.0,0.0,0.0,0.0,0.0,0.2748,0.2748,2025/2026,6785,,
"Adama Traor\\u00e9","Fulham,West Ham","Premier League","M S",24,326,0,0,0,7,3,1,0,0.6884,0.6884,0.4147,1.7696,0.7036,0.19,0.19,0.1145,0.3045,0.3045,0.4885,0.1942,2025/2026,6786,,
"Sam Byram",Leeds,"Premier League",S,2,5,0,0,0,0,0,0,0,0.0,0.0,0.0,0.0,0.0,0.0,0.0,0.0,0.0,0.0,0.0,0.0,2025/2026,6787,,
"Patrick Roberts",Sunderland,"Premier League",S,1,23,0,0,0,1,0,0,0,0.068,0.068,0.0,0.1094,0.0414,0.2661,0.2661,0.0,0.2661,0.2661,0.4281,0.162,2025/2026,6788,,
"Sam Johnstone","Wolverhampton Wanderers","Premier League",GK,12,1080,0,0,0,0,0,0,0,0.0,0.0,0.0,0.3188,0.3188,0.0,0.0,0.0,0.0,0.0,0.0266,0.0266,2025/2026,6789,,
"Joseph Gomez",Liverpool,"Premier League","D S",21,577,0,0,2,4,5,4,0,0.1997,0.1997,1.2492,4.3386,3.0969,0.0311,0.0311,0.1948,0.2259,0.2259,0.6767,0.4831,2025/2026,6790,,
"Tyrone Mings","Aston Villa","Premier League","D S",17,1314,0,0,0,9,5,1,0,1.4921,1.4921,0.7093,3.9032,3.5913,0.1022,0.1022,0.0486,0.1508,0.1508,0.2673,0.246,2025/2026,6791,,
Alisson,Liverpool,"Premier League",GK,26,2340,0,0,0,0,0,1,0,0.0,0.0,0.0,4.5779,4.5779,0.0,0.0,0.0,0.0,0.0,0.1761,0.1761,2025/2026,6793,,
"Emil Krafth","Newcastle United","Premier League",D,1,51,0,0,0,0,0,0,0,0.0,0.0,0.0,0.0209,0.0209,0.0,0.0,0.0,0.0,0.0,0.0369,0.0369,2025/2026,6794,,
"Arthur Masuaku",Sunderland,"Premier League","D S",3,132,0,0,0,1,1,1,0,0.0784,0.0784,0.0581,0.1554,0.0974,0.0535,0.0535,0.0396,0.0931,0.0931,0.106,0.0664,2025/2026,6795,,
"Lewis Cook",Bournemouth,"Premier League","D M S",17,841,0,0,1,3,11,1,1,0.0596,0.0596,0.3469,2.539,2.3867,0.0064,0.0064,0.0371,0.0435,0.0435,0.2717,0.2554,2025/2026,6796,,
"Lucas Digne","Aston Villa","Premier League","D S",31,1857,0,0,6,14,26,3,0,0.7033,0.7033,3.0525,5.531,4.143,0.0341,0.0341,0.1479,0.182,0.182,0.2681,0.2008,2025/2026,6797,,
"Jefferson Lerma","Crystal Palace","Premier League","D M S",31,1693,0,0,2,19,13,7,0,2.2086,2.2086,1.7843,7.6161,6.0427,0.1174,0.1174,0.0949,0.2123,0.2123,0.4049,0.3212,2025/2026,6798,,
"Mateo Kovacic","Manchester City","Premier League","M S",6,120,0,0,1,2,4,0,0,0.0922,0.0922,0.4275,1.729,1.2604,0.0692,0.0692,0.3206,0.3898,0.3898,1.2968,0.9453,2025/2026,6799,,
"Alphonse Areola","West Ham","Premier League",GK,20,1800,0,0,1,0,1,0,0,0.0,0.0,0.0221,0.4308,0.4308,0.0,0.0,0.0011,0.0011,0.0011,0.0215,0.0215,2025/2026,6800,,
"Oleksandr Zinchenko","Nottingham Forest","Premier League","D S",5,347,0,0,0,4,5,0,0,0.0767,0.0767,0.4508,1.7774,1.6373,0.0199,0.0199,0.1169,0.1368,0.1368,0.461,0.4247,2025/2026,6801,,
"Olivier Boscagli",Brighton,"Premier League","D S",12,801,0,0,1,1,3,2,0,0.0207,0.0207,0.1476,3.546,3.5086,0.0023,0.0023,0.0166,0.0189,0.0189,0.3984,0.3942,2025/2026,6802,,
"Odsonne Edouard","Crystal Palace","Premier League",S,1,1,0,0,0,0,0,0,0,0.0,0.0,0.0,0.0,0.0,0.0,0.0,0.0,0.0,0.0,0.0,0.0,2025/2026,6803,,
"Emiliano Martinez","Aston Villa","Premier League",GK,32,2837,0,0,1,0,2,2,0,0.0,0.0,0.3538,4.5979,4.244,0.0,0.0,0.0112,0.0112,0.0112,0.1459,0.1346,2025/2026,6804,,
"Ashley Barnes",Burnley,"Premier League",S,7,25,0,0,0,2,0,1,0,0.4212,0.4212,0.0,0.1154,0.0,1.5163,1.5163,0.0,1.5163,1.5163,0.4154,0.0,2025/2026,6805,,
Kepa,Arsenal,"Premier League",GK,1,90,0,0,0,0,0,0,0,0.0,0.0,0.0,0.6973,0.6973,0.0,0.0,0.0,0.0,0.0,0.6973,0.6973,2025/2026,6806,,
"Leon Bailey","Aston Villa","Premier League","M S",13,437,0,0,1,8,12,1,0,0.7073,0.7073,1.1168,2.2413,1.1618,0.1457,0.1457,0.23,0.3757,0.3757,0.4616,0.2393,2025/2026,6807,,
"Kevin Danso",Tottenham,"Premier League","D S",24,1489,0,0,0,11,2,8,0,0.5242,0.5242,0.1587,1.6506,1.5963,0.0317,0.0317,0.0096,0.0413,0.0413,0.0998,0.0965,2025/2026,6808,,
"Jacob Bruun Larsen",Burnley,"Premier League","F M S",28,1003,0,0,1,17,12,0,0,1.4321,1.4321,1.3783,4.5286,2.2525,0.1285,0.1285,0.1237,0.2522,0.2522,0.4064,0.2021,2025/2026,6809,,
"Angus Gunn","Nottingham Forest","Premier League",S,1,38,0,0,0,0,0,0,0,0.0,0.0,0.0,0.0131,0.0131,0.0,0.0,0.0,0.0,0.0,0.031,0.031,2025/2026,6810,,
"Nick Pope","Newcastle United","Premier League",GK,27,2422,0,0,0,1,0,2,0,0.1315,0.1315,0.0,2.8106,2.8106,0.0049,0.0049,0.0,0.0049,0.0049,0.1044,0.1044,2025/2026,6811,,
"Aaron Wan-Bissaka","West Ham","Premier League","D M S",25,2093,0,0,2,0,18,4,0,0.0,0.0,1.429,3.8278,3.0861,0.0,0.0,0.0614,0.0614,0.0614,0.1646,0.1327,2025/2026,6812,,
"Tosin Adarabioyo",Chelsea,"Premier League","D S",16,791,0,0,0,2,1,2,0,0.0724,0.0724,0.416,3.179,3.179,0.0082,0.0082,0.0473,0.0555,0.0555,0.3617,0.3617,2025/2026,6813,,
"Daniel James",Leeds,"Premier League","D F S",19,538,0,0,0,14,9,0,0,0.7999,0.7999,0.4895,1.5797,0.3268,0.1338,0.1338,0.0819,0.2157,0.2157,0.2643,0.0547,2025/2026,6814,,
"Angel Gomes","Wolverhampton Wanderers","Premier League","M S",12,475,0,0,0,6,6,1,0,0.1934,0.1934,0.2992,1.675,1.359,0.0366,0.0366,0.0567,0.0933,0.0933,0.3174,0.2575,2025/2026,6815,,
"Aaron Ramsdale","Newcastle United","Premier League","GK S",12,998,0,0,0,0,1,2,0,0.0,0.0,0.071,2.4825,2.4115,0.0,0.0,0.0064,0.0064,0.0064,0.2239,0.2175,2025/2026,6816,,
"Yves Bissouma",Tottenham,"Premier League","M S",11,619,0,0,0,5,0,4,0,0.2124,0.2124,0.0,1.0753,0.9329,0.0309,0.0309,0.0,0.0309,0.0309,0.1563,0.1356,2025/2026,6817,,
"Walter Ben\\u00edtez","Crystal Palace","Premier League",GK,1,90,0,0,0,0,0,0,0,0.0,0.0,0.0,0.0,0.0,0.0,0.0,0.0,0.0,0.0,0.0,0.0,2025/2026,6818,,
"Youri Tielemans","Aston Villa","Premier League","M S",25,1861,0,0,4,24,32,0,0,1.84,1.84,2.9823,9.827,7.4874,0.089,0.089,0.1442,0.2332,0.2332,0.4752,0.3621,2025/2026,6819,,
"Solly March",Brighton,"Premier League",S,4,32,0,0,0,1,0,0,0,0.0565,0.0565,0.0,0.1436,0.0871,0.1589,0.1589,0.0,0.1589,0.1589,0.4039,0.245,2025/2026,6820,,
"Victor Lindel\\u00f6f","Aston Villa","Premier League","D M S",17,938,0,0,1,3,2,0,0,0.1561,0.1561,0.5981,2.5446,2.5279,0.015,0.015,0.0574,0.0724,0.0724,0.2442,0.2425,2025/2026,6821,,
"Niclas F\\u00fcllkrug","West Ham","Premier League","F S",8,416,0,0,0,9,7,0,0,0.983,0.983,0.4491,0.9093,0.1229,0.2127,0.2127,0.0972,0.3099,0.3099,0.1967,0.0266,2025/2026,6822,,
"Will Hughes","Crystal Palace","Premier League","M S",31,1567,0,0,0,17,21,7,0,1.2813,1.2813,1.9266,7.0587,5.3827,0.0736,0.0736,0.1107,0.1843,0.1843,0.4054,0.3092,2025/2026,6823,,
"Daichi Kamada","Crystal Palace","Premier League","M S",28,1924,0,0,0,19,20,3,0,1.4872,1.4872,2.5858,9.8842,7.306,0.0696,0.0696,0.121,0.1906,0.1906,0.4624,0.3418,2025/2026,6824,,
"Timothy Castagne",Fulham,"Premier League","D M S",30,1849,0,0,0,14,18,4,0,1.4702,1.4702,1.746,6.8321,5.5996,0.0716,0.0716,0.085,0.1566,0.1566,0.3326,0.2726,2025/2026,6825,,
"Nikola Milenkovic","Nottingham Forest","Premier League","D S",38,3360,0,0,0,15,3,6,0,0.5094,0.5094,0.2676,8.0697,7.9984,0.0136,0.0136,0.0072,0.0208,0.0208,0.2162,0.2142,2025/2026,6826,,
"Pau Torres","Aston Villa","Premier League","D S",21,1679,0,0,0,9,1,1,0,1.5826,1.5826,0.0069,4.5037,4.4295,0.0848,0.0848,0.0004,0.0852,0.0852,0.2414,0.2374,2025/2026,6827,,
"Joachim Andersen",Fulham,"Premier League",D,33,2882,0,0,1,16,6,7,1,1.6593,1.6593,0.5809,9.2598,8.9279,0.0518,0.0518,0.0181,0.0699,0.0699,0.2892,0.2788,2025/2026,6828,,
"Jadon Sancho","Aston Villa","Premier League","M S",23,860,0,0,2,10,21,0,0,0.7689,0.7689,2.052,5.1694,3.2197,0.0805,0.0805,0.2147,0.2952,0.2952,0.541,0.3369,2025/2026,6829,,
"Reiss Nelson",Brentford,"Premier League",S,10,104,0,0,1,5,2,0,0,0.9007,0.9007,0.059,1.5891,1.1233,0.7795,0.7795,0.0511,0.8306,0.8306,1.3752,0.9721,2025/2026,6830,,
"Martin Dubravka",Burnley,"Premier League",GK,35,3150,0,0,0,0,0,1,0,0.0,0.0,0.0,2.8385,2.8385,0.0,0.0,0.0,0.0,0.0,0.0811,0.0811,2025/2026,6831,,
"Joe Willock","Newcastle United","Premier League","M S",24,979,0,0,2,17,14,3,0,1.3859,1.3859,2.0978,5.043,3.4057,0.1274,0.1274,0.1929,0.3203,0.3203,0.4636,0.3131,2025/2026,6832,,
"Joe Worrall",Burnley,"Premier League","D S",11,478,0,0,0,1,0,0,0,0.0381,0.0381,0.0,0.5446,0.5065,0.0072,0.0072,0.0,0.0072,0.0072,0.1025,0.0954,2025/2026,6913,,
"Rayan Ait Nouri","Manchester City","Premier League","D M S",17,981,0,0,2,9,12,2,0,0.4982,0.4982,1.733,7.3053,6.5874,0.0457,0.0457,0.159,0.2047,0.2047,0.6702,0.6043,2025/2026,6833,,
"Dwight McNeil",Everton,"Premier League","F M S",22,1184,0,0,1,24,15,1,0,1.4633,1.4633,1.7391,4.6209,2.5291,0.1112,0.1112,0.1322,0.2434,0.2434,0.3513,0.1922,2025/2026,6834,,
"Jean-Clair Todibo","West Ham","Premier League","D S",23,1827,0,0,1,2,5,5,1,0.656,0.656,0.38,1.8247,1.5997,0.0323,0.0323,0.0187,0.051,0.051,0.0899,0.0788,2025/2026,6835,,
"James Maddison",Tottenham,"Premier League",S,3,25,0,0,0,2,0,0,0,0.546,0.546,0.0,0.5417,0.0543,1.9656,1.9656,0.0,1.9656,1.9656,1.9501,0.1955,2025/2026,6836,,
"Matt Doherty","Wolverhampton Wanderers","Premier League",D,11,822,0,0,0,3,3,4,0,0.0823,0.0823,0.1728,0.301,0.1282,0.009,0.009,0.0189,0.0279,0.0279,0.033,0.014,2025/2026,6837,,
"Axel Disasi","West Ham","Premier League",D,14,1258,0,0,0,5,1,1,0,1.0807,1.0807,0.0239,3.1755,2.8731,0.0773,0.0773,0.0017,0.079,0.079,0.2272,0.2055,2025/2026,6838,,
"Matz Sels","Nottingham Forest","Premier League","GK S",31,2672,0,0,0,0,0,2,0,0.0,0.0,0.0,2.2257,2.2257,0.0,0.0,0.0,0.0,0.0,0.075,0.075,2025/2026,6839,,
"Naif Aguerd","West Ham","Premier League",D,2,180,0,0,0,2,0,0,0,0.0886,0.0886,0.0,0.1382,0.1382,0.0443,0.0443,0.0,0.0443,0.0443,0.0691,0.0691,2025/2026,6840,,
"Hamed Junior Traore",Bournemouth,"Premier League",S,1,13,0,0,1,0,1,0,0,0.0,0.0,0.0956,0.0956,0.0,0.0,0.0,0.6618,0.6618,0.6618,0.6618,0.0,2025/2026,6841,,
"Borna Sosa","Crystal Palace","Premier League",S,7,88,0,0,0,1,2,1,0,0.039,0.039,0.0763,0.4844,0.3885,0.0399,0.0399,0.078,0.1179,0.1179,0.4954,0.3973,2025/2026,6842,,
"Christian N\\u00f8rgaard",Arsenal,"Premier League","M S",7,93,0,0,0,2,0,0,0,0.0687,0.0687,0.0,0.8206,0.7719,0.0665,0.0665,0.0,0.0665,0.0665,0.7941,0.747,2025/2026,6843,,
"Benoit Badiashile Mukinayi",Chelsea,"Premier League","D S",8,478,0,0,0,0,0,2,0,0.0,0.0,0.0,1.0458,1.0458,0.0,0.0,0.0,0.0,0.0,0.1969,0.1969,2025/2026,6844,,
"Bafode Diakite",Bournemouth,"Premier League","D S",18,1276,0,0,0,1,2,1,0,0.0139,0.0139,0.0846,3.9265,3.8777,0.001,0.001,0.006,0.007,0.007,0.2769,0.2735,2025/2026,6845,,
"Ben White",Arsenal,"Premier League","D S",12,703,0,0,1,5,8,0,0,0.2829,0.2829,1.5578,4.4764,3.1786,0.0362,0.0362,0.1994,0.2356,0.2356,0.5731,0.4069,2025/2026,6846,,
"Max Kilman","West Ham","Premier League","D S",21,1552,0,0,0,7,4,4,0,1.1671,1.1671,0.2077,1.2339,1.1281,0.0677,0.0677,0.012,0.0797,0.0797,0.0716,0.0654,2025/2026,6847,,
Reinildo,Sunderland,"Premier League","D S",25,1974,0,0,1,4,6,7,1,0.17,0.17,0.2959,3.9468,3.7053,0.0078,0.0078,0.0135,0.0213,0.0213,0.1799,0.1689,2025/2026,6848,,
"Harvey Elliott","Aston Villa,Liverpool","Premier League","M S",5,110,0,0,0,5,1,0,0,0.2896,0.2896,0.0938,0.738,0.4125,0.2369,0.2369,0.0767,0.3136,0.3136,0.6038,0.3375,2025/2026,6849,,
"Wesley Fofana",Chelsea,"Premier League","D S",25,1745,0,0,1,8,3,5,2,0.5402,0.5402,0.6585,8.7659,8.7352,0.0279,0.0279,0.034,0.0619,0.0619,0.4521,0.4505,2025/2026,6850,,
"Dean Henderson","Crystal Palace","Premier League",GK,37,3330,0,0,0,0,1,5,0,0.0,0.0,0.0155,3.7612,3.7612,0.0,0.0,0.0004,0.0004,0.0004,0.1017,0.1017,2025/2026,6851,,
"Ezri Konsa Ngoyo","Aston Villa","Premier League",D,34,3036,0,0,0,11,5,0,1,1.0741,1.0741,0.6015,9.3611,8.8386,0.0318,0.0318,0.0178,0.0496,0.0496,0.2775,0.262,2025/2026,6852,,
"Sebastiaan Bornauw",Leeds,"Premier League","D S",12,438,0,0,0,1,0,1,0,0.1317,0.1317,0.0,0.4924,0.4924,0.0271,0.0271,0.0,0.0271,0.0271,0.1012,0.1012,2025/2026,6853,,
"Caoimhin Kelleher",Brentford,"Premier League",GK,37,3330,0,0,0,0,2,1,0,0.0,0.0,0.1064,5.3482,5.2418,0.0,0.0,0.0029,0.0029,0.0029,0.1445,0.1417,2025/2026,6854,,
"Igor Julio","West Ham","Premier League","D S",4,94,0,0,0,0,1,0,0,0.0,0.0,0.0181,0.0699,0.0699,0.0,0.0,0.0173,0.0173,0.0173,0.0669,0.0669,2025/2026,6855,,
"Sandro Tonali","Newcastle United","Premier League","M S",35,2586,0,0,2,37,32,4,0,1.417,1.417,3.7606,10.7396,8.413,0.0493,0.0493,0.1309,0.1802,0.1802,0.3738,0.2928,2025/2026,6856,,
"Ilia Gruev",Leeds,"Premier League","M S",23,1310,0,0,3,7,11,3,0,0.7338,0.7338,1.4936,3.5844,2.2304,0.0504,0.0504,0.1026,0.153,0.153,0.2463,0.1532,2025/2026,6857,,
"Arnaud Kalimuendo Muinga","Nottingham Forest","Premier League",S,9,75,0,0,0,4,1,0,0,0.2511,0.2511,0.0113,0.3132,0.0621,0.3013,0.3013,0.0136,0.3149,0.3149,0.3758,0.0745,2025/2026,6858,,
"Guido Rodr\\u00edguez","West Ham","Premier League","M S",6,159,0,0,0,1,0,1,0,0.0242,0.0242,0.0,0.3224,0.2982,0.0137,0.0137,0.0,0.0137,0.0137,0.1825,0.1688,2025/2026,6859,,
"Sander Berge",Fulham,"Premier League","M S",35,2935,0,0,1,14,21,5,0,1.3465,1.3465,1.9851,10.6218,8.999,0.0413,0.0413,0.0609,0.1022,0.1022,0.3257,0.2759,2025/2026,6860,,
"Ki-Jana Hoever","Wolverhampton Wanderers","Premier League","D S",8,437,0,0,0,1,5,0,0,0.0092,0.0092,0.3388,1.3784,1.0304,0.0019,0.0019,0.0698,0.0717,0.0717,0.2839,0.2122,2025/2026,6861,,
"Luca Netz","Nottingham Forest","Premier League","D S",7,348,0,0,0,0,2,0,0,0.0,0.0,0.0981,3.1006,3.0842,0.0,0.0,0.0254,0.0254,0.0254,0.8019,0.7976,2025/2026,6862,,
"Jorge Cuenca",Fulham,"Premier League","D S",15,949,0,0,0,1,3,6,0,0.0508,0.0508,0.5159,2.3104,2.3104,0.0048,0.0048,0.0489,0.0537,0.0537,0.2191,0.2191,2025/2026,6863,,
"Dennis Cirkin",Sunderland,"Premier League","D S",8,312,0,0,0,1,0,2,0,0.0664,0.0664,0.0,0.6026,0.5362,0.0192,0.0192,0.0,0.0192,0.0192,0.1738,0.1547,2025/2026,6864,,
"Pascal Struijk",Leeds,"Premier League","D S",34,2940,0,0,1,31,12,5,0,2.9674,2.9674,1.0937,7.1203,6.1816,0.0908,0.0908,0.0335,0.1243,0.1243,0.218,0.1892,2025/2026,6865,,
"Jack Harrison",Leeds,"Premier League","F S",11,232,0,0,0,6,1,0,0,0.4339,0.4339,0.338,1.0664,0.3291,0.1683,0.1683,0.1311,0.2994,0.2994,0.4137,0.1277,2025/2026,6866,,
"Stefan Ortega Moreno","Nottingham Forest","Premier League",GK,3,270,0,0,0,0,0,0,0,0.0,0.0,0.0,0.1292,0.1292,0.0,0.0,0.0,0.0,0.0,0.0431,0.0431,2025/2026,6867,,
"Wataru Endo",Liverpool,"Premier League","D S",8,162,0,0,1,1,1,1,0,0.062,0.062,0.1389,0.96,0.7592,0.0344,0.0344,0.0772,0.1116,0.1116,0.5333,0.4218,2025/2026,6868,,
"Sasa Kalajdzic","Wolverhampton Wanderers","Premier League",S,1,11,0,0,0,0,0,0,0,0.0,0.0,0.0,0.0,0.0,0.0,0.0,0.0,0.0,0.0,0.0,0.0,2025/2026,6869,,
"Iyenoma Destiny Udogie",Tottenham,"Premier League","D S",20,1342,0,0,1,4,12,4,0,0.2185,0.2185,1.122,5.1768,4.2792,0.0147,0.0147,0.0752,0.0899,0.0899,0.3472,0.287,2025/2026,6870,,
"Guglielmo Vicario",Tottenham,"Premier League",GK,31,2790,0,0,0,0,1,1,0,0.0,0.0,0.0719,3.5112,3.4394,0.0,0.0,0.0023,0.0023,0.0023,0.1133,0.1109,2025/2026,6871,,
"Dilane Bakwa","Nottingham Forest","Premier League","M S",14,556,0,0,2,9,11,1,0,0.7644,0.7644,1.2162,2.9364,1.6831,0.1237,0.1237,0.1969,0.3206,0.3206,0.4753,0.2724,2025/2026,6872,,
"Aaron Hickey",Brentford,"Premier League","D M S",21,668,0,0,0,6,1,1,0,0.5499,0.5499,0.6038,2.6958,2.2481,0.0741,0.0741,0.0814,0.1555,0.1555,0.3632,0.3029,2025/2026,6873,,
"Florentino Lu\\u00eds",Burnley,"Premier League","M S",31,2146,0,0,2,13,13,6,0,1.0382,1.0382,0.5375,4.9118,4.1655,0.0435,0.0435,0.0225,0.066,0.066,0.206,0.1747,2025/2026,6874,,
"James Trafford","Manchester City","Premier League",GK,4,360,0,0,0,0,0,0,0,0.0,0.0,0.0,1.5463,1.5463,0.0,0.0,0.0,0.0,0.0,0.3866,0.3866,2025/2026,6875,,
"Robert S\\u00e1nchez",Chelsea,"Premier League",GK,35,3054,0,0,1,0,5,4,1,0.0,0.0,0.8848,10.155,9.2701,0.0,0.0,0.0261,0.0261,0.0261,0.2993,0.2732,2025/2026,6876,,
"Radu Dragusin",Tottenham,"Premier League","D S",10,513,0,0,0,4,0,0,0,0.2078,0.2078,0.0,0.8118,0.8118,0.0365,0.0365,0.0,0.0365,0.0365,0.1424,0.1424,2025/2026,6877,,
"Filip Jorgensen",Chelsea,"Premier League","GK S",5,365,0,0,0,0,0,0,0,0.0,0.0,0.0,1.313,1.313,0.0,0.0,0.0,0.0,0.0,0.3238,0.3238,2025/2026,6878,,
"Jeremie Frimpong",Liverpool,"Premier League","D M S",21,1027,0,0,1,10,15,1,0,0.5141,0.5141,2.6913,5.9554,4.0644,0.0451,0.0451,0.2358,0.2809,0.2809,0.5219,0.3562,2025/2026,6879,,
"Dane Scarlett",Tottenham,"Premier League",S,2,4,0,0,0,0,0,0,0,0.0,0.0,0.0,0.0506,0.0506,0.0,0.0,0.0,0.0,0.0,1.1385,1.1385,2025/2026,6880,,
"Maxime Est\\u00e8ve",Burnley,"Premier League",D,34,2946,0,0,0,10,6,1,0,0.4516,0.4516,0.7021,4.438,4.2896,0.0138,0.0138,0.0214,0.0352,0.0352,0.1356,0.131,2025/2026,6881,,
"Valentino Livramento","Newcastle United","Premier League","D S",17,1323,0,0,1,3,10,1,0,0.1523,0.1523,0.6163,6.2279,5.6118,0.0104,0.0104,0.0419,0.0523,0.0523,0.4237,0.3818,2025/2026,6882,,
"Anthony Elanga","Newcastle United","Premier League","F M S",32,1289,0,0,1,17,15,0,0,1.4534,1.4534,1.7495,4.2891,1.8434,0.1015,0.1015,0.1222,0.2237,0.2237,0.2995,0.1287,2025/2026,6883,,
"Tim Iroegbunam",Everton,"Premier League","M S",29,1496,0,0,2,12,8,9,0,0.5109,0.5109,1.8477,4.4146,2.8447,0.0307,0.0307,0.1112,0.1419,0.1419,0.2656,0.1711,2025/2026,6884,,
"Marco Bizot","Aston Villa","Premier League","GK S",7,583,0,0,0,0,0,1,0,0.0,0.0,0.0,1.0895,1.0895,0.0,0.0,0.0,0.0,0.0,0.1682,0.1682,2025/2026,6885,,
"David Raya",Arsenal,"Premier League",GK,37,3330,0,0,0,0,3,1,0,0.0,0.0,0.1494,6.4125,6.3215,0.0,0.0,0.004,0.004,0.004,0.1733,0.1709,2025/2026,6886,,
"Kristoffer Ajer",Brentford,"Premier League","D S",27,1809,0,0,1,10,5,4,0,1.0539,1.0539,0.9043,5.4918,3.8736,0.0524,0.0524,0.045,0.0974,0.0974,0.2732,0.1927,2025/2026,6887,,
"Ethan Pinnock",Brentford,"Premier League",D,4,330,0,0,0,1,0,1,0,0.0092,0.0092,0.0,0.1091,0.1091,0.0025,0.0025,0.0,0.0025,0.0025,0.0298,0.0298,2025/2026,6888,,
"Rico Henry",Brentford,"Premier League","D S",25,1315,0,0,1,5,4,2,0,0.1457,0.1457,0.3162,2.4185,2.2317,0.01,0.01,0.0216,0.0316,0.0316,0.1655,0.1527,2025/2026,6889,,
"Frank Onyeka",Brentford,"Premier League",S,6,68,0,0,1,0,1,0,0,0.0,0.0,0.3706,0.3706,0.3706,0.0,0.0,0.4905,0.4905,0.4905,0.4905,0.4905,2025/2026,6890,,
"Giorgi Mamardashvili",Liverpool,"Premier League",GK,10,870,0,0,0,0,0,0,0,0.0,0.0,0.0,2.2863,2.2863,0.0,0.0,0.0,0.0,0.0,0.2365,0.2365,2025/2026,6891,,
"Jos\\u00e9 S\\u00e1","Wolverhampton Wanderers","Premier League",GK,23,2070,0,0,0,0,1,2,0,0.0,0.0,0.0831,1.5487,1.4656,0.0,0.0,0.0036,0.0036,0.0036,0.0673,0.0637,2025/2026,6892,,
"Gabriel Gudmundsson",Leeds,"Premier League","D M S",32,2657,0,0,0,18,21,4,1,0.8777,0.8777,3.1014,6.7656,4.2711,0.0297,0.0297,0.1051,0.1348,0.1348,0.2292,0.1447,2025/2026,6893,,
"Yerson Mosquera","Wolverhampton Wanderers","Premier League","D S",27,2154,0,0,0,30,11,12,0,2.9658,2.9658,1.2028,5.8531,3.759,0.1239,0.1239,0.0503,0.1742,0.1742,0.2446,0.1571,2025/2026,6894,,
"Romeo Lavia",Chelsea,"Premier League","M S",12,366,0,0,0,3,1,0,0,0.2767,0.2767,0.4153,3.3,3.252,0.068,0.068,0.1021,0.1701,0.1701,0.8115,0.7997,2025/2026,6895,,
"Cristhian Mosquera",Arsenal,"Premier League","D S",20,976,0,0,0,1,5,4,0,0.0859,0.0859,0.2935,5.388,5.1847,0.0079,0.0079,0.0271,0.035,0.035,0.4968,0.4781,2025/2026,6896,,
"Lamare Bogarde","Aston Villa","Premier League","D M S",28,1011,0,0,0,0,2,5,0,0.0,0.0,0.0412,1.9571,1.9159,0.0,0.0,0.0037,0.0037,0.0037,0.1742,0.1706,2025/2026,6897,,
"Conor Bradley",Liverpool,"Premier League","D S",15,962,0,0,1,6,4,5,0,0.2198,0.2198,1.1937,3.4124,2.4055,0.0206,0.0206,0.1117,0.1323,0.1323,0.3192,0.225,2025/2026,6898,,
"James McAtee","Nottingham Forest","Premier League","M S",14,263,0,0,1,4,6,1,0,0.1998,0.1998,0.8618,1.4419,0.6404,0.0684,0.0684,0.2949,0.3633,0.3633,0.4934,0.2191,2025/2026,6899,,
"Diego Coppola",Brighton,"Premier League","D S",5,192,0,0,0,0,0,2,0,0.0,0.0,0.0,0.4861,0.4861,0.0,0.0,0.0,0.0,0.0,0.2279,0.2279,2025/2026,6900,,
"Myles Peart-Harris",Brentford,"Premier League",S,1,1,0,0,0,0,0,0,0,0.0,0.0,0.0,0.0,0.0,0.0,0.0,0.0,0.0,0.0,0.0,0.0,2025/2026,6901,,
"Vitalii Mykolenko",Everton,"Premier League",D,33,2963,0,0,1,9,22,6,0,0.2775,0.2775,1.1418,8.0947,7.0456,0.0084,0.0084,0.0347,0.0431,0.0431,0.2459,0.214,2025/2026,6902,,
"Nathan Patterson",Everton,"Premier League","D S",7,241,0,0,0,1,0,0,0,0.1702,0.1702,0.0,0.7384,0.5682,0.0636,0.0636,0.0,0.0636,0.0636,0.2758,0.2122,2025/2026,6903,,
Toti,"Wolverhampton Wanderers","Premier League","D S",19,1437,0,0,0,5,6,2,1,0.9501,0.9501,0.1586,2.2873,2.1013,0.0595,0.0595,0.0099,0.0694,0.0694,0.1433,0.1316,2025/2026,6904,,
"Josh Dasilva",Brentford,"Premier League",S,2,2,0,0,0,1,0,0,0,0.0727,0.0727,0.0,0.2055,0.1328,3.2715,3.2715,0.0,3.2715,3.2715,9.2475,5.976,2025/2026,6905,,
"Carlos Baleba",Brighton,"Premier League","M S",31,1692,0,0,0,20,9,5,0,0.5733,0.5733,0.8125,5.856,4.6079,0.0305,0.0305,0.0432,0.0737,0.0737,0.3115,0.2451,2025/2026,6906,,
"Jamie Bynoe-Gittens",Chelsea,"Premier League","M S",16,455,0,0,2,10,9,0,0,0.8925,0.8925,0.9782,2.9362,1.3099,0.1765,0.1765,0.1935,0.37,0.37,0.5808,0.2591,2025/2026,6907,,
"Leny Yoro","Manchester United","Premier League","D S",32,1736,0,0,0,9,4,1,0,1.2474,1.2474,0.2197,4.6704,4.4985,0.0647,0.0647,0.0114,0.0761,0.0761,0.2421,0.2332,2025/2026,6908,,
"Tyler Dibling",Everton,"Premier League","M S",14,337,0,0,0,4,4,2,0,0.1378,0.1378,0.2132,0.8645,0.6345,0.0368,0.0368,0.0569,0.0937,0.0937,0.2309,0.1695,2025/2026,6909,,
"Noussair Mazraoui","Manchester United","Premier League","D S",20,990,0,0,0,5,6,3,0,0.1968,0.1968,0.2095,5.6487,5.4004,0.0179,0.0179,0.019,0.0369,0.0369,0.5135,0.4909,2025/2026,6910,,
"Sepp van den Berg",Brentford,"Premier League","D S",32,2758,0,0,2,23,7,2,0,3.3329,3.3329,2.1971,8.7362,6.4254,0.1088,0.1088,0.0717,0.1805,0.1805,0.2851,0.2097,2025/2026,6911,,
"James Hill",Bournemouth,"Premier League","D S",29,2100,0,0,3,12,13,5,0,0.9503,0.9503,1.4292,7.5596,7.1762,0.0407,0.0407,0.0613,0.102,0.102,0.324,0.3076,2025/2026,6912,,
"Djed Spence",Tottenham,"Premier League","D M S",30,2068,0,0,0,13,10,4,0,1.1351,1.1351,1.8603,5.7162,3.0847,0.0494,0.0494,0.081,0.1304,0.1304,0.2488,0.1342,2025/2026,6914,,
"Lisandro Mart\\u00ednez","Manchester United","Premier League","D S",18,1217,0,0,0,5,5,0,1,0.1135,0.1135,0.4642,6.6897,6.5686,0.0084,0.0084,0.0343,0.0427,0.0427,0.4947,0.4858,2025/2026,6915,,
"Tyrell Malacia","Manchester United","Premier League",S,3,7,0,0,0,0,0,0,0,0.0,0.0,0.0,0.0734,0.0734,0.0,0.0,0.0,0.0,0.0,0.9437,0.9437,2025/2026,6916,,
"Levi Colwill",Chelsea,"Premier League","D S",3,210,0,0,0,0,0,0,0,0.0,0.0,0.0,1.2937,1.2937,0.0,0.0,0.0,0.0,0.0,0.5544,0.5544,2025/2026,6917,,
"Wilson Odobert",Tottenham,"Premier League","F M S",24,946,0,0,2,21,20,0,0,2.4602,2.4602,1.9524,5.9682,2.8834,0.2341,0.2341,0.1857,0.4198,0.4198,0.5678,0.2743,2025/2026,6918,,
"Rico Lewis","Manchester City","Premier League","D S",11,389,0,0,1,3,7,2,0,0.1366,0.1366,1.5545,2.9747,1.4478,0.0316,0.0316,0.3597,0.3913,0.3913,0.6882,0.335,2025/2026,6919,,
"Emmanuel Agbadou","Wolverhampton Wanderers","Premier League","D S",14,1093,0,0,0,10,4,1,1,0.4468,0.4468,0.1718,1.6553,1.5437,0.0368,0.0368,0.0141,0.0509,0.0509,0.1363,0.1271,2025/2026,6920,,
"Marcos Senesi",Bournemouth,"Premier League",D,37,3298,0,0,5,16,24,8,0,1.8507,1.8507,4.0267,14.2653,10.9058,0.0505,0.0505,0.1099,0.1604,0.1604,0.3893,0.2976,2025/2026,6921,,
"Ryan Yates","Nottingham Forest","Premier League","M S",22,550,0,0,2,9,5,3,0,0.6748,0.6748,0.2275,3.2867,2.774,0.1104,0.1104,0.0372,0.1476,0.1476,0.5378,0.4539,2025/2026,6922,,
"Kaden Rodney","Crystal Palace","Premier League",S,1,1,0,0,0,0,0,0,0,0.0,0.0,0.0,0.0,0.0,0.0,0.0,0.0,0.0,0.0,0.0,0.0,2025/2026,6923,,
"Ethan Nwaneri",Arsenal,"Premier League",S,6,154,0,0,0,6,1,0,0,0.3292,0.3292,0.0484,1.1662,0.9847,0.1924,0.1924,0.0283,0.2207,0.2207,0.6815,0.5755,2025/2026,6924,,
"Wilfried Gnonto",Leeds,"Premier League","F S",23,493,0,0,1,10,8,3,0,0.4377,0.4377,1.2471,2.8794,1.2366,0.0799,0.0799,0.2277,0.3076,0.3076,0.5257,0.2257,2025/2026,6925,,
"Chadi Riad","Crystal Palace","Premier League","D S",9,562,0,0,1,4,1,2,0,0.2799,0.2799,0.4277,1.6206,1.5276,0.0448,0.0448,0.0685,0.1133,0.1133,0.2595,0.2446,2025/2026,6926,,
"Ben Doak",Bournemouth,"Premier League",S,8,82,0,0,1,3,1,0,0,0.4459,0.4459,0.4572,1.941,1.038,0.4894,0.4894,0.5018,0.9912,0.9912,2.1304,1.1393,2025/2026,6927,,
"Bashir Humphreys",Burnley,"Premier League","D S",20,1585,0,0,0,9,9,6,0,0.5261,0.5261,0.8644,3.3382,2.9342,0.0299,0.0299,0.0491,0.079,0.079,0.1896,0.1666,2025/2026,6928,,
"Mamadou Sarr",Chelsea,"Premier League","D S",3,99,0,0,0,1,0,0,0,0.5695,0.5695,0.0,0.2305,0.2305,0.5177,0.5177,0.0,0.5177,0.5177,0.2095,0.2095,2025/2026,6929,,
"Carlos Alcaraz",Everton,"Premier League","M S",20,681,0,0,1,20,9,4,0,1.0088,1.0088,1.2138,2.6838,1.3459,0.1333,0.1333,0.1604,0.2937,0.2937,0.3547,0.1779,2025/2026,6930,,
"Daniel Bentley","Wolverhampton Wanderers","Premier League",GK,3,270,0,0,0,0,0,0,0,0.0,0.0,0.0,0.2231,0.2231,0.0,0.0,0.0,0.0,0.0,0.0744,0.0744,2025/2026,6931,,
"Facundo Buonanotte","Chelsea,Leeds","Premier League","M S",4,77,0,0,0,2,3,1,0,0.0751,0.0751,0.3006,0.295,0.2199,0.0878,0.0878,0.3514,0.4392,0.4392,0.3448,0.257,2025/2026,6932,,
"Romaine Mundle",Sunderland,"Premier League","M S",14,370,0,0,0,7,1,1,0,0.6734,0.6734,0.0171,1.2845,0.6111,0.1638,0.1638,0.0042,0.168,0.168,0.3124,0.1486,2025/2026,6933,,
"Marc Guiu","Chelsea,Sunderland","Premier League","F S",10,250,0,0,1,13,3,1,0,2.5071,2.5071,0.7587,3.2785,0.1226,0.9026,0.9026,0.2731,1.1757,1.1757,1.1803,0.0441,2025/2026,6934,,
"Zeki Amdouni",Burnley,"Premier League",S,4,53,0,0,0,3,0,0,0,0.1728,0.1728,0.0,0.2554,0.0826,0.2934,0.2934,0.0,0.2934,0.2934,0.4337,0.1403,2025/2026,6935,,
"Hjalmar Ekdal",Burnley,"Premier League","D S",19,1545,0,0,0,6,4,0,0,0.6082,0.6082,0.1681,2.7117,2.5869,0.0354,0.0354,0.0098,0.0452,0.0452,0.158,0.1507,2025/2026,6936,,
"Bart Verbruggen",Brighton,"Premier League",GK,38,3420,0,0,0,0,1,3,0,0.0,0.0,0.0765,7.3771,7.3771,0.0,0.0,0.002,0.002,0.002,0.1941,0.1941,2025/2026,6937,,
"Abduqodir Khusanov","Manchester City","Premier League","D S",21,1421,0,0,0,7,6,2,0,0.6728,0.6728,0.5715,7.6341,7.1267,0.0426,0.0426,0.0362,0.0788,0.0788,0.4835,0.4514,2025/2026,6938,,
"Manuel Ugarte","Manchester United","Premier League","M S",22,850,0,0,0,13,3,1,0,0.8379,0.8379,0.1288,3.8527,3.1546,0.0887,0.0887,0.0136,0.1023,0.1023,0.4079,0.334,2025/2026,6939,,
"Ian Maatsen","Aston Villa","Premier League","D S",30,1587,0,0,1,20,25,2,0,1.2995,1.2995,2.9667,5.083,3.7247,0.0737,0.0737,0.1682,0.2419,0.2419,0.2883,0.2112,2025/2026,6940,,
"Lucas Pires",Burnley,"Premier League","D S",20,1391,0,0,0,16,20,1,1,0.9026,0.9026,1.5199,3.8335,2.3545,0.0584,0.0584,0.0983,0.1567,0.1567,0.248,0.1523,2025/2026,6941,,
"Oscar Bobb","Fulham,Manchester City","Premier League","F M S",23,1046,0,0,1,12,22,1,0,1.4291,1.4291,2.0171,5.7597,3.5445,0.123,0.123,0.1736,0.2966,0.2966,0.4956,0.305,2025/2026,6942,,
"Djordje Petrovic",Bournemouth,"Premier League",GK,38,3420,0,0,0,0,0,3,0,0.0,0.0,0.0,3.018,3.018,0.0,0.0,0.0,0.0,0.0,0.0794,0.0794,2025/2026,6943,,
"Altay Bayindir","Manchester United","Premier League",GK,6,540,0,0,0,0,1,0,0,0.0,0.0,0.2939,1.0489,0.755,0.0,0.0,0.049,0.049,0.049,0.1748,0.1258,2025/2026,6944,,
"Mike Tr\\u00e9sor",Burnley,"Premier League",S,6,25,0,0,0,0,0,0,0,0.0,0.0,0.0,0.0272,0.0272,0.0,0.0,0.0,0.0,0.0,0.0979,0.0979,2025/2026,6945,,
"Jackson Tchatchoua","Wolverhampton Wanderers","Premier League","D S",31,1822,0,0,1,3,21,3,0,0.1055,0.1055,2.243,6.0326,4.17,0.0052,0.0052,0.1108,0.116,0.116,0.298,0.206,2025/2026,6946,,
"Alex Murphy","Newcastle United","Premier League",S,2,2,0,0,0,0,0,0,0,0.0,0.0,0.0,0.0347,0.0347,0.0,0.0,0.0,0.0,0.0,1.5615,1.5615,2025/2026,6947,,
"Treymaurice Nyoni",Liverpool,"Premier League",S,6,13,0,0,0,1,1,0,0,0.4788,0.4788,0.0494,0.9795,0.4513,3.3148,3.3148,0.342,3.6568,3.6568,6.7812,3.1244,2025/2026,6948,,
"Tawanda Chirewa","Wolverhampton Wanderers","Premier League",S,2,20,0,0,0,0,0,0,0,0.0,0.0,0.0,0.0,0.0,0.0,0.0,0.0,0.0,0.0,0.0,0.0,2025/2026,6949,,
"Myles Lewis-Skelly",Arsenal,"Premier League","D M S",20,666,0,0,0,2,4,3,0,0.1257,0.1257,0.1785,2.1259,1.967,0.017,0.017,0.0241,0.0411,0.0411,0.2873,0.2658,2025/2026,6950,,
"Oliver Scarles","West Ham","Premier League","D S",13,665,0,0,0,3,5,2,0,0.2388,0.2388,0.9762,1.5898,0.6791,0.0323,0.0323,0.1321,0.1644,0.1644,0.2152,0.0919,2025/2026,6951,,
"Callum Marshall","West Ham","Premier League",S,2,44,0,0,0,1,0,0,0,0.2289,0.2289,0.0,0.0,0.0,0.4682,0.4682,0.0,0.4682,0.4682,0.0,0.0,2025/2026,6952,,
"Lucas Perri",Leeds,"Premier League",GK,16,1440,0,0,0,0,0,2,0,0.0,0.0,0.0,2.4745,2.4745,0.0,0.0,0.0,0.0,0.0,0.1547,0.1547,2025/2026,6953,,
"George Earthy","West Ham","Premier League",S,1,7,0,0,0,0,0,0,0,0.0,0.0,0.0,0.0,0.0,0.0,0.0,0.0,0.0,0.0,0.0,0.0,2025/2026,6954,,
"Tyrique George","Chelsea,Everton","Premier League","M S",15,328,0,0,0,10,3,2,0,0.8289,0.8289,1.3416,1.6617,0.9886,0.2274,0.2274,0.3681,0.5955,0.5955,0.456,0.2713,2025/2026,6955,,
"H\\u00e1kon Valdimarsson",Brentford,"Premier League",GK,1,90,0,0,0,0,0,0,0,0.0,0.0,0.0,0.2127,0.2127,0.0,0.0,0.0,0.0,0.0,0.2127,0.2127,2025/2026,6956,,
"Christantus Uche","Crystal Palace","Premier League",S,14,109,0,0,0,6,0,0,0,0.7798,0.7798,0.0,0.7532,0.0336,0.6439,0.6439,0.0,0.6439,0.6439,0.6219,0.0277,2025/2026,6957,,
"Harrison Armstrong",Everton,"Premier League","M S",13,520,0,0,0,5,4,0,0,0.4391,0.4391,0.1214,1.6013,1.3438,0.076,0.076,0.021,0.097,0.097,0.2771,0.2326,2025/2026,6958,,
"Jota Silva","Nottingham Forest","Premier League",S,1,7,0,0,0,0,0,0,0,0.0,0.0,0.0,0.0,0.0,0.0,0.0,0.0,0.0,0.0,0.0,0.0,2025/2026,6959,,
"Andy Irving","West Ham","Premier League","M S",7,178,0,0,0,0,3,0,0,0.0,0.0,0.2021,0.1737,0.1385,0.0,0.0,0.1022,0.1022,0.1022,0.0878,0.07,2025/2026,6960,,
"Mads Hermansen","West Ham","Premier League",GK,18,1620,0,0,1,0,2,0,0,0.0,0.0,0.0372,2.0422,2.005,0.0,0.0,0.0021,0.0021,0.0021,0.1135,0.1114,2025/2026,6961,,
"Luis Guilherme","West Ham","Premier League","F S",5,118,0,0,0,1,1,0,0,0.0394,0.0394,0.0518,0.0911,0.0,0.0301,0.0301,0.0395,0.0696,0.0696,0.0695,0.0,2025/2026,6962,,
"Lutsharel Geertruida",Sunderland,"Premier League","D M S",28,1659,0,0,0,11,8,2,0,0.8372,0.8372,0.7737,4.5341,3.2899,0.0454,0.0454,0.042,0.0874,0.0874,0.246,0.1785,2025/2026,6963,,
"Ayden Heaven","Manchester United","Premier League","D S",17,923,0,0,1,3,2,2,0,0.2151,0.2151,0.3655,4.1653,3.711,0.021,0.021,0.0356,0.0566,0.0566,0.4062,0.3619,2025/2026,6964,,
"Jaydee Canvot","Crystal Palace","Premier League","D S",20,1334,0,0,0,7,3,3,0,1.5658,1.5658,0.0824,3.8457,3.8195,0.1056,0.1056,0.0056,0.1112,0.1112,0.2595,0.2577,2025/2026,6965,,
"D\\u00e1rio Essugo",Chelsea,"Premier League",S,3,24,0,0,0,0,0,2,0,0.0,0.0,0.0,0.4316,0.4316,0.0,0.0,0.0,0.0,0.0,1.6185,1.6185,2025/2026,6966,,
"Jack Fletcher","Manchester United","Premier League",S,3,97,0,0,0,1,2,0,0,0.0374,0.0374,0.1149,0.2628,0.1479,0.0347,0.0347,0.1066,0.1413,0.1413,0.2438,0.1372,2025/2026,6967,,
"Pedro Lima","Wolverhampton Wanderers","Premier League","D S",9,254,0,0,0,4,3,0,0,0.4997,0.4997,0.2166,0.8329,0.2035,0.1771,0.1771,0.0767,0.2538,0.2538,0.2951,0.0721,2025/2026,6968,,
"Fernando L\\u00f3pez","Wolverhampton Wanderers","Premier League","M S",9,211,0,0,1,5,3,1,0,0.2182,0.2182,0.512,0.844,0.2291,0.0931,0.0931,0.2184,0.3115,0.3115,0.36,0.0977,2025/2026,6969,,
"Callum Olusesi",Tottenham,"Premier League",S,1,12,0,0,0,0,0,0,0,0.0,0.0,0.0,0.0,0.0,0.0,0.0,0.0,0.0,0.0,0.0,0.0,2025/2026,6970,,
"Ben Winterburn",Bournemouth,"Premier League",S,1,3,0,0,0,0,0,0,0,0.0,0.0,0.0,0.0,0.0,0.0,0.0,0.0,0.0,0.0,0.0,0.0,2025/2026,6971,,
"Ezra Mayers","West Ham","Premier League",S,6,96,0,0,0,1,2,0,0,0.1099,0.1099,0.1163,0.3912,0.165,0.103,0.103,0.109,0.212,0.212,0.3667,0.1547,2025/2026,6972,,
"Jonah Kusi-Asare",Fulham,"Premier League",S,7,28,0,0,0,0,1,1,0,0.0,0.0,0.082,0.082,0.0,0.0,0.0,0.2636,0.2636,0.2636,0.2636,0.0,2025/2026,6973,,
"Max Alleyne","Manchester City","Premier League",D,2,138,0,0,0,2,1,0,0,0.3814,0.3814,0.0322,0.3676,0.3676,0.2487,0.2487,0.021,0.2697,0.2697,0.2397,0.2397,2025/2026,6974,,
"Zach Abbott","Nottingham Forest","Premier League","D S",3,166,0,0,0,0,0,0,0,0.0,0.0,0.0,0.08,0.08,0.0,0.0,0.0,0.0,0.0,0.0434,0.0434,2025/2026,6975,,
"Jamaldeen Jimoh","Aston Villa","Premier League",S,1,5,0,0,0,0,0,0,0,0.0,0.0,0.0,0.3434,0.3434,0.0,0.0,0.0,0.0,0.0,6.1812,6.1812,2025/2026,6976,,
"Anton\\u00edn Kinsky",Tottenham,"Premier League",GK,7,630,0,0,0,0,0,0,0,0.0,0.0,0.0,0.054,0.054,0.0,0.0,0.0,0.0,0.0,0.0077,0.0077,2025/2026,6977,,
"Romain Esse","Crystal Palace","Premier League",S,4,29,0,0,0,0,0,0,0,0.0,0.0,0.0,0.0,0.0,0.0,0.0,0.0,0.0,0.0,0.0,0.0,2025/2026,6978,,
"Andr\\u00e9s Garc\\u00eda","Aston Villa","Premier League","D S",6,82,0,0,0,0,0,0,0,0.0,0.0,0.0,0.4362,0.4362,0.0,0.0,0.0,0.0,0.0,0.4788,0.4788,2025/2026,6979,,
"Joe Knight",Brighton,"Premier League",S,1,1,0,0,0,0,0,0,0,0.0,0.0,0.0,0.0,0.0,0.0,0.0,0.0,0.0,0.0,0.0,0.0,2025/2026,6980,,
"Tyler Fredricson","Manchester United","Premier League",S,1,1,0,0,0,0,0,0,0,0.0,0.0,0.0,0.0,0.0,0.0,0.0,0.0,0.0,0.0,0.0,0.0,2025/2026,6981,,
"Julio Soler",Bournemouth,"Premier League",S,3,27,0,0,0,0,0,0,0,0.0,0.0,0.0,0.0644,0.0644,0.0,0.0,0.0,0.0,0.0,0.2147,0.2147,2025/2026,6982,,
"Shumaira Mheuka",Chelsea,"Premier League",S,1,1,0,0,0,0,0,0,0,0.0,0.0,0.0,0.0,0.0,0.0,0.0,0.0,0.0,0.0,0.0,0.0,2025/2026,6983,,
"Sean Neave","Newcastle United","Premier League",S,1,7,0,0,0,1,0,0,0,0.0347,0.0347,0.0,0.0347,0.0,0.4461,0.4461,0.0,0.4461,0.4461,0.4461,0.0,2025/2026,6984,,
"Harry Howell",Brighton,"Premier League","M S",3,91,0,0,0,0,0,0,0,0.0,0.0,0.0,0.0,0.0,0.0,0.0,0.0,0.0,0.0,0.0,0.0,2025/2026,6985,,
"Robin Roefs",Sunderland,"Premier League",GK,35,3150,0,0,0,0,4,4,0,0.0,0.0,0.7053,3.1446,2.4392,0.0,0.0,0.0202,0.0202,0.0202,0.0898,0.0697,2025/2026,6986,,
"Jenson Seelt",Sunderland,"Premier League","D S",2,135,0,0,0,0,0,0,0,0.0,0.0,0.0,0.3046,0.3046,0.0,0.0,0.0,0.0,0.0,0.2031,0.2031,2025/2026,6987,,
"Noah Sadiki",Sunderland,"Premier League",M,33,2914,0,0,1,19,19,9,0,1.6188,1.6188,0.9296,8.3447,6.268,0.05,0.05,0.0287,0.0787,0.0787,0.2577,0.1936,2025/2026,6988,,
"Dan Neil",Sunderland,"Premier League",S,3,13,0,0,0,0,0,0,0,0.0,0.0,0.0,0.0,0.0,0.0,0.0,0.0,0.0,0.0,0.0,0.0,2025/2026,6989,,
"El Hadji Malick Diouf","West Ham","Premier League","D M S",32,2711,0,0,5,18,29,6,0,0.5593,0.5593,3.2538,6.9395,5.089,0.0186,0.0186,0.108,0.1266,0.1266,0.2304,0.1689,2025/2026,6990,,
"Freddie Potts","West Ham","Premier League","M S",22,1152,0,0,1,3,8,1,0,0.2126,0.2126,1.2075,3.1647,2.2647,0.0166,0.0166,0.0943,0.1109,0.1109,0.2472,0.1769,2025/2026,6991,,
"Quilindschy Hartman",Burnley,"Premier League",D,21,1843,0,0,5,9,20,1,0,0.3775,0.3775,2.7901,5.2355,4.0756,0.0184,0.0184,0.1363,0.1547,0.1547,0.2557,0.199,2025/2026,6992,,
"Max Weiss",Burnley,"Premier League",GK,3,270,0,0,0,0,1,0,0,0.0,0.0,0.1609,0.313,0.1521,0.0,0.0,0.0536,0.0536,0.0536,0.1043,0.0507,2025/2026,6993,,
"David M\\u00f8ller Wolfe","Wolverhampton Wanderers","Premier League","D S",22,1059,0,0,2,3,8,1,0,0.0826,0.0826,1.3047,1.7903,1.2973,0.007,0.007,0.1109,0.1179,0.1179,0.1522,0.1103,2025/2026,6994,,
"Jorrel Hato",Chelsea,"Premier League","D S",22,1131,0,0,0,4,8,7,0,0.3383,0.3383,0.7096,6.1744,5.8192,0.0269,0.0269,0.0565,0.0834,0.0834,0.4913,0.4631,2025/2026,6995,,
"Rio Cardines","Crystal Palace","Premier League",D,1,90,0,0,0,1,2,0,0,0.0184,0.0184,0.298,0.406,0.1824,0.0184,0.0184,0.298,0.3164,0.3164,0.406,0.1824,2025/2026,6996,,
Jair,"Nottingham Forest","Premier League","D S",9,536,0,0,0,3,1,0,0,0.4848,0.4848,0.0788,1.1901,0.6265,0.0814,0.0814,0.0132,0.0946,0.0946,0.1998,0.1052,2025/2026,6997,,
"Antoni Milambo",Brentford,"Premier League",M,1,50,0,0,0,0,0,0,0,0.0,0.0,0.0,0.0438,0.0438,0.0,0.0,0.0,0.0,0.0,0.0788,0.0788,2025/2026,6998,,
"Jo\\u00ebl Piroe",Leeds,"Premier League","F S",16,216,0,0,0,14,1,0,0,1.0837,1.0837,0.0858,1.2039,0.2169,0.4515,0.4515,0.0357,0.4872,0.4872,0.5016,0.0904,2025/2026,6999,,
"Bradley Burrowes","Aston Villa","Premier League",S,1,12,0,0,0,0,0,0,0,0.0,0.0,0.0,0.0,0.0,0.0,0.0,0.0,0.0,0.0,0.0,0.0,2025/2026,7000,,
"John Victor","Nottingham Forest","Premier League",GK,5,440,0,0,0,0,0,1,0,0.0,0.0,0.0,0.8475,0.8475,0.0,0.0,0.0,0.0,0.0,0.1734,0.1734,2025/2026,7001,,
"Veljko Milosavljevic",Bournemouth,"Premier League","D S",7,363,0,0,0,1,1,0,0,0.3574,0.3574,0.067,0.4575,0.3905,0.0886,0.0886,0.0166,0.1052,0.1052,0.1134,0.0968,2025/2026,7002,,
"Tom Watson",Brighton,"Premier League",S,6,44,0,0,0,1,0,1,0,0.0247,0.0247,0.0,0.0247,0.0,0.0505,0.0505,0.0,0.0505,0.0505,0.0505,0.0,2025/2026,7003,,
"Divine Mukasa","Manchester City","Premier League",S,2,21,0,0,0,0,2,0,0,0.0,0.0,0.2117,0.7217,0.5099,0.0,0.0,0.9073,0.9073,0.9073,3.093,2.1853,2025/2026,7004,,
"Senne Lammens","Manchester United","Premier League",GK,32,2880,0,0,0,0,0,0,0,0.0,0.0,0.0,5.0002,5.0002,0.0,0.0,0.0,0.0,0.0,0.1563,0.1563,2025/2026,7005,,
"Luke O&#039;Nien",Sunderland,"Premier League","D S",12,556,0,0,1,4,2,1,1,0.2099,0.2099,0.1062,2.2224,1.9999,0.034,0.034,0.0172,0.0512,0.0512,0.3597,0.3237,2025/2026,7006,,
"Nehemiah Oriola",Brighton,"Premier League",S,1,1,0,0,0,0,0,0,0,0.0,0.0,0.0,0.0,0.0,0.0,0.0,0.0,0.0,0.0,0.0,0.0,2025/2026,7007,,
"Jun&#039;ai Byfield",Tottenham,"Premier League",S,1,1,0,0,0,0,0,0,0,0.0,0.0,0.0,0.0,0.0,0.0,0.0,0.0,0.0,0.0,0.0,0.0,2025/2026,7008,,
"James Rowswell",Tottenham,"Premier League",S,1,1,0,0,0,0,0,0,0,0.0,0.0,0.0,0.0,0.0,0.0,0.0,0.0,0.0,0.0,0.0,0.0,2025/2026,7009,,
"George Hemmings","Aston Villa","Premier League",S,2,19,0,0,0,1,0,0,0,0.0194,0.0194,0.0,0.3817,0.3623,0.0919,0.0919,0.0,0.0919,0.0919,1.8081,1.7162,2025/2026,7010,,
"Shea Lacey","Manchester United","Premier League",S,3,31,0,0,0,4,0,0,0,0.0823,0.0823,0.0,0.1535,0.0712,0.2389,0.2389,0.0,0.2389,0.2389,0.4456,0.2067,2025/2026,7011,,
"Romelle Donovan",Brentford,"Premier League",S,4,23,0,0,0,3,1,0,0,0.1047,0.1047,0.032,0.1047,0.0,0.4097,0.4097,0.1252,0.5349,0.5349,0.4097,0.0,2025/2026,7012,,
"Mohamadou Kant\\u00e9","West Ham","Premier League",S,11,47,0,0,0,2,1,2,0,0.1031,0.1031,0.1099,0.3367,0.1238,0.1974,0.1974,0.2104,0.4078,0.4078,0.6447,0.2371,2025/2026,7013,,
"Jo\\u00e9l Drakes-Thomas","Crystal Palace","Premier League",S,2,2,0,0,0,0,0,0,0,0.0,0.0,0.0,0.3754,0.3754,0.0,0.0,0.0,0.0,0.0,16.893,16.893,2025/2026,7014,,
"Bendito Mantato","Manchester United","Premier League",S,1,14,0,0,0,0,1,0,0,0.0,0.0,0.0365,0.1238,0.1238,0.0,0.0,0.2346,0.2346,0.2346,0.7959,0.7959,2025/2026,7015,,
"Tyler Fletcher","Manchester United","Premier League",S,2,14,0,0,0,0,0,0,0,0.0,0.0,0.0,0.0211,0.0211,0.0,0.0,0.0,0.0,0.0,0.1356,0.1356,2025/2026,7016,,
"Jaydon Banel",Burnley,"Premier League",S,1,7,0,0,0,0,0,0,0,0.0,0.0,0.0,0.0,0.0,0.0,0.0,0.0,0.0,0.0,0.0,0.0,2025/2026,7017,,
Pablo,"West Ham","Premier League","F M S",14,844,0,0,1,12,13,0,0,1.4235,1.4235,1.2928,3.4716,0.8118,0.1518,0.1518,0.1379,0.2897,0.2897,0.3702,0.0866,2025/2026,7018,,
"Kaye Furo",Brentford,"Premier League",S,1,1,0,0,0,0,0,0,0,0.0,0.0,0.0,0.0,0.0,0.0,0.0,0.0,0.0,0.0,0.0,0.0,2025/2026,7019,,
"Alex T\\u00f3th",Bournemouth,"Premier League","M S",9,136,0,0,0,2,5,1,0,0.1812,0.1812,0.3572,1.2995,0.8679,0.1199,0.1199,0.2364,0.3563,0.3563,0.86,0.5743,2025/2026,7020,,
"Jerome Abbey","Wolverhampton Wanderers","Premier League",S,1,6,0,0,0,0,0,0,0,0.0,0.0,0.0,0.0,0.0,0.0,0.0,0.0,0.0,0.0,0.0,0.0,2025/2026,7021,,
Souza,Tottenham,"Premier League","D M S",4,136,0,0,0,1,3,1,0,0.0115,0.0115,0.2024,0.558,0.3745,0.0076,0.0076,0.1339,0.1415,0.1415,0.3693,0.2478,2025/2026,7022,,
"Nilson Angulo",Sunderland,"Premier League","M S",8,415,0,0,0,7,3,1,0,0.9056,0.9056,0.0529,0.8944,0.1624,0.1964,0.1964,0.0115,0.2079,0.2079,0.194,0.0352,2025/2026,7023,,
"Melker Ellborg",Sunderland,"Premier League",GK,3,270,0,0,0,0,0,0,0,0.0,0.0,0.0,0.1013,0.1013,0.0,0.0,0.0,0.0,0.0,0.0338,0.0338,2025/2026,7024,,
"Alysson Edward","Aston Villa","Premier League",S,3,34,0,0,0,1,0,0,0,0.0528,0.0528,0.0,0.1039,0.0511,0.1398,0.1398,0.0,0.1398,0.1398,0.275,0.1353,2025/2026,7025,,
"Djiamgone Jocelin Ta Bi",Sunderland,"Premier League",M,1,38,0,0,0,0,0,0,0,0.0,0.0,0.0,0.0,0.0,0.0,0.0,0.0,0.0,0.0,0.0,0.0,2025/2026,7026,,
"Jesse Derry",Chelsea,"Premier League",M,1,53,0,0,0,2,0,0,0,0.1001,0.1001,0.0,0.1972,0.0971,0.17,0.17,0.0,0.17,0.17,0.3349,0.1649,2025/2026,7027,,
"Kylian Mbappe-Lottin","Real Madrid","La Liga","F S",31,2623,25,17,5,146,65,4,0,25.7965,19.107,7.2406,27.8669,7.2336,0.8851,0.6556,0.2484,1.1335,0.904,0.9562,0.2482,2025/2026,7028,,
"Vedat Muriqi",Mallorca,"La Liga","F S",37,3150,23,18,1,114,24,4,1,21.6308,16.4278,2.4853,18.9023,4.6435,0.618,0.4694,0.071,0.689,0.5404,0.5401,0.1327,2025/2026,7029,,
"Ante Budimir",Osasuna,"La Liga","F S",37,2995,17,11,0,103,16,3,0,19.1918,13.2455,1.7123,12.5367,1.2374,0.5767,0.398,0.0515,0.6282,0.4495,0.3767,0.0372,2025/2026,7030,,
"Ferr\\u00e1n Torres",Barcelona,"La Liga","F M S",33,2025,16,16,2,69,23,1,0,16.1834,16.1834,3.1578,23.0313,5.3792,0.7193,0.7193,0.1403,0.8596,0.8596,1.0236,0.2391,2025/2026,7031,,
"Vin\\u00edcius J\\u00fanior","Real Madrid","La Liga","F M S",36,2865,16,12,5,100,69,7,0,14.4038,10.6874,7.1552,23.0462,8.5511,0.4525,0.3357,0.2248,0.6773,0.5605,0.724,0.2686,2025/2026,7032,,
"Lamine Yamal",Barcelona,"La Liga","F M S",28,2291,16,13,11,117,73,1,0,14.6647,11.6916,12.567,33.6551,15.9892,0.5761,0.4593,0.4937,1.0698,0.953,1.3221,0.6281,2025/2026,7033,,
"Mikel Oyarzabal","Real Sociedad","La Liga","F S",34,2727,15,8,4,79,42,3,0,16.0282,10.8254,5.9575,20.2986,6.7571,0.529,0.3573,0.1966,0.7256,0.5539,0.6699,0.223,2025/2026,7034,,
"Robert Lewandowski",Barcelona,"La Liga","F S",31,1630,14,13,2,63,13,2,0,16.0668,13.837,2.2795,19.447,6.1169,0.8871,0.764,0.1259,1.013,0.8899,1.0738,0.3377,2025/2026,7035,,
"Borja Iglesias","Celta Vigo","La Liga","F S",35,1903,14,10,2,46,17,7,0,11.6086,8.6355,1.66,13.6059,4.4637,0.549,0.4084,0.0785,0.6275,0.4869,0.6435,0.2111,2025/2026,7036,,
"Antonio Mart\\u00ednez",Alaves,"La Liga","F S",37,2750,14,13,3,93,24,2,0,12.8365,12.0932,3.82,15.3619,3.481,0.4201,0.3958,0.125,0.5451,0.5208,0.5028,0.1139,2025/2026,7037,,
"Alexander S\\u00f8rloth","Atletico Madrid","La Liga","F S",35,1955,13,13,0,68,10,4,1,13.9276,13.9276,1.2237,15.9043,2.8495,0.6412,0.6412,0.0563,0.6975,0.6975,0.7322,0.1312,2025/2026,7038,,
Raphinha,Barcelona,"La Liga","F M S",22,1424,13,10,3,65,40,5,0,11.1271,8.8973,5.9068,18.973,7.8697,0.7033,0.5623,0.3733,1.0766,0.9356,1.1991,0.4974,2025/2026,7039,,
"Georges Mikautadze",Villarreal,"La Liga","F S",33,2155,13,13,6,66,29,1,0,15.0621,15.0621,4.1497,19.9716,2.116,0.629,0.629,0.1733,0.8023,0.8023,0.8341,0.0884,2025/2026,7040,,
"Lucas Boy\\u00e9",Alaves,"La Liga","F M S",29,1960,11,8,1,63,28,2,1,11.1038,8.874,2.7096,12.1935,3.7751,0.5099,0.4075,0.1244,0.6343,0.5319,0.5599,0.1733,2025/2026,7041,,
"Juan Camilo Hern\\u00e1ndez","Real Betis","La Liga","F S",32,2623,11,10,3,89,34,5,0,12.4004,11.6571,4.8704,19.1075,5.4055,0.4255,0.4,0.1671,0.5926,0.5671,0.6556,0.1855,2025/2026,7042,,
"Carlos Esp\\u00ed",Levante,"La Liga","F S",25,1328,11,11,0,57,9,3,0,9.8846,9.8846,0.6899,9.3236,0.361,0.6699,0.6699,0.0468,0.7167,0.7167,0.6319,0.0245,2025/2026,7043,,
"Gerard Moreno",Villarreal,"La Liga","F S",22,1368,10,7,0,39,23,0,0,7.0152,4.7854,3.0048,9.8582,4.9514,0.4615,0.3148,0.1977,0.6592,0.5125,0.6486,0.3257,2025/2026,7044,,
"Andr\\u00e9 Silva",Elche,"La Liga","F S",31,1858,10,7,0,57,22,3,0,10.8366,8.6068,1.5569,9.4671,2.2529,0.5249,0.4169,0.0754,0.6003,0.4923,0.4586,0.1091,2025/2026,7045,,
"Hugo Duro",Valencia,"La Liga","F S",36,1979,10,9,0,36,17,4,1,10.0624,8.5759,1.7365,11.1428,2.7997,0.4576,0.39,0.079,0.5366,0.469,0.5067,0.1273,2025/2026,7046,,
"Gorka Guruzeta","Athletic Club","La Liga","F M S",35,2401,10,9,3,84,26,4,1,11.7261,10.9828,3.5015,16.1079,4.2076,0.4395,0.4117,0.1313,0.5708,0.543,0.6038,0.1577,2025/2026,7047,,
"Jorge De Frutos","Rayo Vallecano","La Liga","F M S",36,2526,10,9,1,63,31,3,0,12.1333,11.39,3.3448,16.1927,2.2337,0.4323,0.4058,0.1192,0.5515,0.525,0.5769,0.0796,2025/2026,7048,,
"Abdessamad Ezzalzouli","Real Betis","La Liga","F M S",29,2275,10,10,8,73,32,3,0,10.3013,10.3013,6.218,18.6978,4.9303,0.4075,0.4075,0.246,0.6535,0.6535,0.7397,0.195,2025/2026,7049,,
"Akor Adams",Sevilla,"La Liga","F S",32,2048,10,7,3,61,13,3,0,10.0473,7.8175,1.1499,9.7319,1.3182,0.4415,0.3435,0.0505,0.492,0.394,0.4277,0.0579,2025/2026,7050,,
"Alberto Moleiro",Villarreal,"La Liga","F M S",38,2535,10,10,5,46,38,5,0,5.6144,5.6144,5.7778,15.2326,5.5008,0.1993,0.1993,0.2051,0.4044,0.4044,0.5408,0.1953,2025/2026,7051,,
"Pablo Fornals","Real Betis","La Liga","F M S",37,2912,9,9,6,43,84,2,0,4.9413,4.9413,7.8925,23.1261,12.777,0.1527,0.1527,0.2439,0.3966,0.3966,0.7147,0.3949,2025/2026,7052,,
"Nicolas Pepe",Villarreal,"La Liga","F M S",37,2497,9,7,8,65,55,4,0,9.8036,8.317,8.0801,21.613,7.7983,0.3534,0.2998,0.2912,0.6446,0.591,0.779,0.2811,2025/2026,7053,,
"Ferr\\u00e1n Jutgl\\u00e0","Celta Vigo","La Liga","F M S",30,1702,9,9,3,45,15,4,0,6.598,6.598,1.5542,8.9916,2.8615,0.3489,0.3489,0.0822,0.4311,0.4311,0.4755,0.1513,2025/2026,7054,,
"Orri \\u00d3skarsson","Real Sociedad","La Liga","F S",20,822,9,9,0,27,4,5,0,7.3362,7.3362,0.4747,7.5169,0.419,0.8032,0.8032,0.052,0.8552,0.8552,0.823,0.0459,2025/2026,7055,,
"Federico Vi\\u00f1as","Real Oviedo","La Liga","F M S",34,2575,9,7,1,60,29,5,3,9.8789,8.3924,3.0278,8.7964,2.6408,0.3453,0.2933,0.1058,0.4511,0.3991,0.3074,0.0923,2025/2026,7056,,
"Vladyslav Vanat",Girona,"La Liga",F,27,2003,9,6,1,27,12,4,0,9.4968,7.267,2.1041,8.8511,1.6266,0.4267,0.3265,0.0945,0.5212,0.421,0.3977,0.0731,2025/2026,7057,,
"Marcus Rashford",Barcelona,"La Liga","F M S",32,1739,8,8,7,76,46,3,0,8.6978,8.6978,4.9636,17.3259,7.7269,0.4501,0.4501,0.2569,0.707,0.707,0.8967,0.3999,2025/2026,7058,,
"Rafa Mir",Elche,"La Liga","F M S",27,1834,8,7,0,69,9,4,0,8.2649,6.7785,1.7095,11.56,4.5497,0.4056,0.3326,0.0839,0.4895,0.4165,0.5673,0.2233,2025/2026,7059,,
"Kike Garc\\u00eda",Espanyol,"La Liga","F S",37,1694,8,7,1,60,19,3,0,10.004,8.5176,2.6575,12.7186,2.124,0.5315,0.4525,0.1412,0.6727,0.5937,0.6757,0.1128,2025/2026,7060,,
"Gon\\u00e7alo Guedes","Real Sociedad","La Liga","F M S",32,1833,8,8,4,46,24,3,0,4.1423,4.1423,2.6654,12.0113,7.68,0.2034,0.2034,0.1309,0.3343,0.3343,0.5898,0.3771,2025/2026,7061,,
"Juli\\u00e1n \\u00c1lvarez","Atletico Madrid","La Liga","F S",29,1926,8,6,4,54,47,2,0,8.8946,6.6648,6.2653,17.4521,7.8063,0.4156,0.3114,0.2928,0.7084,0.6042,0.8155,0.3648,2025/2026,7062,,
Antony,"Real Betis","La Liga","F M S",32,2495,8,8,6,90,56,6,1,9.025,9.025,6.6439,22.0103,10.255,0.3256,0.3256,0.2397,0.5653,0.5653,0.794,0.3699,2025/2026,7063,,
"Antoine Griezmann","Atletico Madrid","La Liga","F S",34,1428,7,7,4,47,32,0,0,8.2939,8.2939,4.9885,17.2528,7.1441,0.5227,0.5227,0.3144,0.8371,0.8371,1.0874,0.4503,2025/2026,7064,,
"Pere Milla",Espanyol,"La Liga","F M S",33,2005,7,7,1,59,34,6,1,7.6545,7.6545,4.1,11.1919,3.3394,0.3436,0.3436,0.184,0.5276,0.5276,0.5024,0.1499,2025/2026,7065,,
"Raul Garc\\u00eda",Osasuna,"La Liga","F S",36,926,7,7,1,39,12,2,1,6.9382,6.9382,1.1226,7.2286,1.1627,0.6743,0.6743,0.1091,0.7834,0.7834,0.7026,0.113,2025/2026,7066,,
"Dani Olmo",Barcelona,"La Liga","F M S",33,2109,7,7,8,70,50,1,0,8.7544,8.7544,6.6575,22.5591,10.7091,0.3736,0.3736,0.2841,0.6577,0.6577,0.9627,0.457,2025/2026,7067,,
"Iv\\u00e1n Romero",Levante,"La Liga","F M S",32,2339,7,7,1,59,25,5,0,9.594,8.8507,2.8857,14.7214,4.7228,0.3692,0.3406,0.111,0.4802,0.4516,0.5664,0.1817,2025/2026,7068,,
"Etta Eyong","Levante,Villarreal","La Liga","F S",33,1657,7,7,4,50,15,3,0,11.0205,10.2773,2.8222,12.0583,2.0719,0.5986,0.5582,0.1533,0.7519,0.7115,0.6549,0.1125,2025/2026,7069,,
"Sam\\u00fa Costa",Mallorca,"La Liga","M S",34,2731,7,7,2,39,17,11,0,4.2775,4.2775,1.98,9.4807,5.1588,0.141,0.141,0.0653,0.2063,0.2063,0.3124,0.17,2025/2026,7070,,
"Alvaro Rodr\\u00edguez",Elche,"La Liga","F S",34,2199,7,7,5,74,32,2,0,12.1782,12.1782,3.8613,15.0525,2.8061,0.4984,0.4984,0.158,0.6564,0.6564,0.6161,0.1148,2025/2026,7071,,
"Tajon Buchanan",Villarreal,"La Liga","F M S",35,1873,7,7,1,27,15,8,0,2.7427,2.7427,2.5966,7.8279,2.7269,0.1318,0.1318,0.1248,0.2566,0.2566,0.3761,0.131,2025/2026,7072,,
"Roberto Fern\\u00e1ndez",Espanyol,"La Liga","F S",38,2388,7,6,3,59,18,3,0,9.2967,8.5535,3.1568,12.1424,2.0526,0.3504,0.3224,0.119,0.4694,0.4414,0.4576,0.0774,2025/2026,7073,,
"Ilyas Chaira","Real Oviedo","La Liga","F M S",37,2584,7,7,2,84,22,2,1,7.2209,7.2209,2.0783,11.2052,3.4611,0.2515,0.2515,0.0724,0.3239,0.3239,0.3903,0.1205,2025/2026,7074,,
"Mauro Arambarri",Getafe,"La Liga",M,37,3279,6,4,2,57,22,6,0,8.0787,5.8488,0.9766,5.9614,2.02,0.2217,0.1605,0.0268,0.2485,0.1873,0.1636,0.0554,2025/2026,7075,,
"Brais M\\u00e9ndez","Real Sociedad","La Liga","F M S",29,1708,6,5,2,36,26,4,1,6.0339,4.5473,3.3277,12.2444,5.5821,0.3179,0.2396,0.1753,0.4932,0.4149,0.6452,0.2941,2025/2026,7076,,
"Roberto Navarro","Athletic Club","La Liga","M S",32,1246,6,6,1,21,24,1,0,3.3032,3.3032,2.0628,8.3015,4.5951,0.2386,0.2386,0.149,0.3876,0.3876,0.5996,0.3319,2025/2026,7077,,
"Jude Bellingham","Real Madrid","La Liga","M S",28,1933,6,6,4,51,36,3,0,7.7321,7.7321,3.0379,13.9661,8.3568,0.36,0.36,0.1414,0.5014,0.5014,0.6503,0.3891,2025/2026,7078,,
"Mart\\u00edn Satriano",Getafe,"La Liga","F M",18,1609,6,6,1,35,15,5,0,4.7115,4.7115,2.485,8.571,1.905,0.2635,0.2635,0.139,0.4025,0.4025,0.4794,0.1066,2025/2026,7079,,
"Nico Williams","Athletic Club","La Liga","M S",25,1715,6,5,3,46,34,2,0,5.8626,4.376,4.1385,10.7984,3.284,0.3077,0.2296,0.2172,0.5249,0.4468,0.5667,0.1723,2025/2026,7080,,
"Largie Ramazani",Valencia,"La Liga","F M S",27,1200,6,3,1,51,17,4,0,6.4682,4.2384,2.4563,9.884,3.9632,0.4851,0.3179,0.1842,0.6693,0.5021,0.7413,0.2972,2025/2026,7081,,
"Viktor Tsygankov",Girona,"La Liga","F M S",32,2672,6,6,5,50,55,3,0,7.3136,7.3136,4.2609,15.0986,5.472,0.2463,0.2463,0.1435,0.3898,0.3898,0.5086,0.1843,2025/2026,7082,,
"Carlos Romero",Espanyol,"La Liga",D,36,3207,6,6,3,42,28,4,0,2.9562,2.9562,3.2959,11.2556,7.7937,0.083,0.083,0.0925,0.1755,0.1755,0.3159,0.2187,2025/2026,7083,,
"Ferm\\u00edn L\\u00f3pez",Barcelona,"La Liga","F M S",30,1780,6,6,9,68,34,3,0,7.5231,7.5231,7.6479,24.6051,12.4236,0.3804,0.3804,0.3867,0.7671,0.7671,1.2441,0.6282,2025/2026,7084,,
"Gonzalo Garc\\u00eda","Real Madrid","La Liga","F S",30,923,6,6,1,21,13,2,0,5.2693,5.2693,1.635,8.0739,1.9431,0.5138,0.5138,0.1594,0.6732,0.6732,0.7873,0.1895,2025/2026,7085,,
"V\\u00edctor Mu\\u00f1oz",Osasuna,"La Liga","F M S",34,2705,6,6,2,81,27,3,0,7.1147,7.1147,2.4122,11.5543,3.8348,0.2367,0.2367,0.0803,0.317,0.317,0.3844,0.1276,2025/2026,7086,,
"Ayoze P\\u00e9rez",Villarreal,"La Liga","F S",26,1154,5,4,4,25,17,4,0,5.8623,5.1191,2.5759,8.997,1.8115,0.4572,0.3992,0.2009,0.6581,0.6001,0.7017,0.1413,2025/2026,7087,,
"Cristhian Stuani",Girona,"La Liga","F S",21,359,5,2,0,19,2,4,0,5.8249,2.8518,0.1323,3.2118,0.5094,1.4603,0.7149,0.0332,1.4935,0.7481,0.8052,0.1277,2025/2026,7088,,
"Iago Aspas","Celta Vigo","La Liga","F M S",32,1082,5,3,3,28,30,3,0,4.4384,2.9518,4.4584,11.2267,6.2357,0.3692,0.2455,0.3708,0.74,0.6163,0.9338,0.5187,2025/2026,7089,,
"Djibril Sow",Sevilla,"La Liga","M S",33,2235,5,5,4,19,25,6,0,1.5513,1.5513,2.0187,6.619,4.3091,0.0625,0.0625,0.0813,0.1438,0.1438,0.2665,0.1735,2025/2026,7090,,
"Federico Valverde","Real Madrid","La Liga","D F M S",33,2765,5,5,8,51,43,3,1,2.2436,2.2436,5.0125,19.0565,15.3013,0.073,0.073,0.1632,0.2362,0.2362,0.6203,0.4981,2025/2026,7091,,
"Nicol\\u00e1s Gonz\\u00e1lez","Atletico Madrid","La Liga","D F M S",24,1480,5,5,0,43,12,4,1,5.6665,5.6665,1.7241,10.486,5.2662,0.3446,0.3446,0.1048,0.4494,0.4494,0.6377,0.3202,2025/2026,7092,,
"Sergio Camello","Rayo Vallecano","La Liga","F M S",22,810,5,5,1,27,17,2,1,3.8865,3.8865,1.5916,5.9002,0.5706,0.4318,0.4318,0.1768,0.6086,0.6086,0.6556,0.0634,2025/2026,7093,,
"Azz-Eddine Ounahi",Girona,"La Liga","F M S",24,1777,5,4,2,51,35,6,0,3.8502,3.1069,5.4405,13.0774,8.0654,0.195,0.1574,0.2755,0.4705,0.4329,0.6623,0.4085,2025/2026,7094,,
"Pape Alassane Gueye",Villarreal,"La Liga","M S",31,2280,5,4,2,48,25,8,0,5.2102,4.467,2.2215,15.244,10.2801,0.2057,0.1763,0.0877,0.2934,0.264,0.6017,0.4058,2025/2026,7095,,
"Williot Swedberg","Celta Vigo","La Liga","F M S",29,1237,5,5,5,23,10,2,0,5.1883,5.1883,1.9846,8.5259,3.2682,0.3775,0.3775,0.1444,0.5219,0.5219,0.6203,0.2378,2025/2026,7096,,
"Carlos Vicente",Alaves,"La Liga","F M S",21,1250,5,2,0,12,26,1,0,3.7148,1.4849,3.8572,5.5726,1.6298,0.2675,0.1069,0.2777,0.5452,0.3846,0.4012,0.1173,2025/2026,7097,,
"Alexis S\\u00e1nchez",Sevilla,"La Liga","F M S",28,1278,4,3,2,25,27,3,0,3.5006,2.7573,1.8314,6.6253,2.9326,0.2465,0.1942,0.129,0.3755,0.3232,0.4666,0.2065,2025/2026,7098,,
"Umar Sadiq","Real Sociedad,Valencia","La Liga","F S",25,1028,4,4,2,30,10,4,0,5.4537,5.4537,1.7168,8.1701,1.6392,0.4775,0.4775,0.1503,0.6278,0.6278,0.7153,0.1435,2025/2026,7099,,
"Borja Mayoral",Getafe,"La Liga","F S",16,1072,4,4,1,15,5,0,0,3.4906,2.7473,0.561,2.6727,0.4404,0.2931,0.2307,0.0471,0.3402,0.2778,0.2244,0.037,2025/2026,7100,,
"Carlos Soler","Real Sociedad","La Liga","F M S",33,2346,4,4,3,35,46,3,1,3.2679,3.2679,5.0412,12.0601,8.0753,0.1254,0.1254,0.1934,0.3188,0.3188,0.4627,0.3098,2025/2026,7101,,
"Ademola Lookman","Atletico Madrid","La Liga","F M S",12,638,4,3,0,21,10,1,0,4.4627,3.7194,1.688,6.5487,2.5551,0.6295,0.5247,0.2381,0.8676,0.7628,0.9238,0.3604,2025/2026,7102,,
"Aitor Ruibal","Real Betis","La Liga","D F M S",27,1809,4,4,2,31,19,4,1,4.42,4.42,1.7956,10.0496,4.5298,0.2199,0.2199,0.0893,0.3092,0.3092,0.5,0.2254,2025/2026,7103,,
"\\u00c1lvaro Garc\\u00eda","Rayo Vallecano","La Liga","F M S",32,2123,4,4,5,47,40,3,0,6.8708,6.8708,7.3346,14.5997,2.0335,0.2913,0.2913,0.3109,0.6022,0.6022,0.6189,0.0862,2025/2026,7104,,
"Oihan Sancet","Athletic Club","La Liga","M S",28,1832,4,2,0,48,27,4,1,7.0562,5.5697,1.4453,7.5645,2.207,0.3466,0.2736,0.071,0.4176,0.3446,0.3716,0.1084,2025/2026,7105,,
"German Valera",Elche,"La Liga","D F M S",36,2888,4,4,5,28,45,4,1,2.8985,2.8985,7.393,14.3036,7.7495,0.0903,0.0903,0.2304,0.3207,0.3207,0.4457,0.2415,2025/2026,7106,,
"Guido Rodr\\u00edguez",Valencia,"La Liga","M S",16,1310,4,4,0,15,7,4,0,0.8096,0.8096,0.3541,4.8934,4.1984,0.0556,0.0556,0.0243,0.0799,0.0799,0.3362,0.2884,2025/2026,7107,,
"Diego L\\u00f3pez",Valencia,"La Liga","F M S",34,1781,4,4,1,28,16,2,0,3.4766,3.4766,2.0323,8.3348,3.1896,0.1757,0.1757,0.1027,0.2784,0.2784,0.4212,0.1612,2025/2026,7108,,
"Giuliano Simeone","Atletico Madrid","La Liga","D F M S",31,2153,4,4,6,36,29,2,0,6.1012,6.1012,5.5269,18.5568,9.0451,0.255,0.255,0.231,0.486,0.486,0.7757,0.3781,2025/2026,7109,,
"Hugo \\u00c1lvarez","Celta Vigo","La Liga","D F M S",28,1359,4,4,2,14,25,2,0,2.2726,2.2726,2.4507,8.5049,5.0416,0.1505,0.1505,0.1623,0.3128,0.3128,0.5632,0.3339,2025/2026,7110,,
"Javier Guerra",Valencia,"La Liga","F M S",36,2086,4,4,6,31,31,3,0,3.005,3.005,3.4672,11.0693,6.219,0.1297,0.1297,0.1496,0.2793,0.2793,0.4776,0.2683,2025/2026,7111,,
"Pablo Torre",Mallorca,"La Liga","M S",35,1614,4,4,4,25,34,4,0,2.815,2.815,2.9545,8.2715,4.6406,0.157,0.157,0.1647,0.3217,0.3217,0.4612,0.2588,2025/2026,7112,,
"Arda G\\u00fcler","Real Madrid","La Liga","F M S",33,2076,4,4,9,49,70,1,0,4.8114,4.8114,8.8484,16.1194,8.6802,0.2086,0.2086,0.3836,0.5922,0.5922,0.6988,0.3763,2025/2026,7113,,
"Isaac Romero",Sevilla,"La Liga","F M S",29,1506,4,4,0,41,14,6,1,5.5425,4.7992,1.0822,7.9644,2.7966,0.3312,0.2868,0.0647,0.3959,0.3515,0.476,0.1671,2025/2026,7114,,
"Alberto Reina","Real Oviedo","La Liga","F M S",38,2616,4,4,1,25,35,4,1,3.8991,3.8991,4.2101,8.3534,3.1385,0.1341,0.1341,0.1448,0.2789,0.2789,0.2874,0.108,2025/2026,7115,,
"Alem\\u00e3o","Rayo Vallecano","La Liga","F S",26,1118,4,4,0,25,7,3,0,4.1145,4.1145,0.3113,6.3568,2.0705,0.3312,0.3312,0.0251,0.3563,0.3563,0.5117,0.1667,2025/2026,7116,,
"C\\u00e9dric Bakambu","Real Betis","La Liga","F S",18,542,3,3,1,21,4,1,0,4.4462,4.4462,1.0754,5.4702,1.1021,0.7383,0.7383,0.1786,0.9169,0.9169,0.9083,0.183,2025/2026,7117,,
"I\\u00f1aki Williams","Athletic Club","La Liga","F M S",30,2188,3,2,6,57,25,2,0,8.6604,7.9172,4.2092,12.9541,3.7314,0.3562,0.3257,0.1731,0.5293,0.4988,0.5328,0.1535,2025/2026,7118,,
"Thomas Lemar",Girona,"La Liga","M S",27,1252,3,3,1,17,19,4,0,1.7743,1.7743,1.3809,6.2476,3.8158,0.1275,0.1275,0.0993,0.2268,0.2268,0.4491,0.2743,2025/2026,7119,,
"Leandro Cabrera",Espanyol,"La Liga",D,37,3330,3,3,0,40,11,4,0,3.6511,3.6511,1.0857,7.0684,6.5444,0.0987,0.0987,0.0293,0.128,0.128,0.191,0.1769,2025/2026,7120,,
"Manuel Morlanes",Mallorca,"La Liga","M S",32,1801,3,3,0,13,17,3,1,1.6544,1.6544,1.4072,8.314,5.5465,0.0827,0.0827,0.0703,0.153,0.153,0.4155,0.2772,2025/2026,7121,,
"Santiago Comesa\\u00f1a",Villarreal,"La Liga","M S",34,2428,3,3,6,27,27,5,1,4.9226,4.9226,3.0887,17.8685,11.8451,0.1825,0.1825,0.1145,0.297,0.297,0.6623,0.4391,2025/2026,7122,,
"Ander Barrenetxea","Real Sociedad","La Liga","F M S",30,1794,3,3,5,35,45,5,0,3.134,3.134,6.5962,13.0308,6.2458,0.1572,0.1572,0.3309,0.4881,0.4881,0.6537,0.3133,2025/2026,7123,,
"Alejandro Catena",Osasuna,"La Liga",D,35,3083,3,3,2,19,11,11,1,2.8553,2.8553,1.1021,5.7033,4.2804,0.0834,0.0834,0.0322,0.1156,0.1156,0.1665,0.125,2025/2026,7124,,
"Ruben Vargas",Sevilla,"La Liga","F M S",24,1670,3,2,6,41,28,2,0,3.4263,2.683,3.1104,6.9543,2.9464,0.1847,0.1446,0.1676,0.3523,0.3122,0.3748,0.1588,2025/2026,7125,,
"Iker Losada",Levante,"La Liga","M S",23,882,3,3,1,14,11,1,0,2.1403,2.1403,0.5302,2.3661,0.4046,0.2184,0.2184,0.0541,0.2725,0.2725,0.2414,0.0413,2025/2026,7126,,
"Luis Rioja",Valencia,"La Liga","D F M S",37,2676,3,3,6,44,38,1,0,2.6317,2.6317,4.3499,11.2461,5.8149,0.0885,0.0885,0.1463,0.2348,0.2348,0.3782,0.1956,2025/2026,7127,,
"Arnaut Danjuma Groeneveld",Valencia,"La Liga","F M S",30,1612,3,3,2,36,17,0,0,5.2268,4.4835,4.2474,9.8898,2.3714,0.2918,0.2503,0.2371,0.5289,0.4874,0.5522,0.1324,2025/2026,7128,,
"Ronald Ara\\u00fajo",Barcelona,"La Liga","D S",24,1049,3,3,0,12,3,2,0,2.3028,2.3028,0.5997,6.5356,5.4509,0.1976,0.1976,0.0515,0.2491,0.2491,0.5607,0.4677,2025/2026,7129,,
"Isi Palaz\\u00f3n","Rayo Vallecano","La Liga","F M S",31,2294,3,1,3,52,39,10,1,4.7035,3.2169,4.2521,11.0402,6.6733,0.1845,0.1262,0.1668,0.3513,0.293,0.4331,0.2618,2025/2026,7130,,
"Randy Nteka","Rayo Vallecano","La Liga","F S",13,342,3,3,0,13,4,3,0,3.4156,2.6723,0.1294,3.3009,0.6293,0.8988,0.7032,0.0341,0.9329,0.7373,0.8687,0.1656,2025/2026,7131,,
"Adri\\u00e1n De la Fuente",Levante,"La Liga","D S",33,2704,3,2,1,39,18,5,0,4.2894,2.0596,1.4081,6.0099,5.3621,0.1428,0.0686,0.0469,0.1897,0.1155,0.2,0.1785,2025/2026,7132,,
"Joel Roca",Girona,"La Liga","F M S",32,1463,3,3,1,48,16,4,1,4.5181,4.5181,1.951,8.2969,1.9931,0.2779,0.2779,0.12,0.3979,0.3979,0.5104,0.1226,2025/2026,7133,,
"Carlos \\u00c1lvarez",Levante,"La Liga","M S",30,1910,3,3,1,31,40,3,0,2.6462,2.6462,4.598,10.989,6.164,0.1247,0.1247,0.2167,0.3414,0.3414,0.5178,0.2905,2025/2026,7134,,
"Luka Sucic","Real Sociedad","La Liga","F M S",22,1003,3,3,1,23,9,1,0,1.7602,1.7602,0.3619,3.4674,1.5475,0.1579,0.1579,0.0325,0.1904,0.1904,0.3111,0.1389,2025/2026,7135,,
"Thiago Almada","Atletico Madrid","La Liga","F M S",27,1327,3,3,1,21,28,2,1,3.5573,3.5573,2.7945,10.9208,6.2157,0.2413,0.2413,0.1895,0.4308,0.4308,0.7407,0.4216,2025/2026,7136,,
"Adri\\u00e1n Liso",Getafe,"La Liga","F M S",28,1725,3,3,0,26,4,3,1,2.7572,2.7572,0.1508,3.0901,0.32,0.1439,0.1439,0.0079,0.1518,0.1518,0.1612,0.0167,2025/2026,7137,,
"Kervin Arriaga",Levante,"La Liga","M S",27,1511,3,3,3,16,7,6,1,1.0908,1.0908,1.1622,5.1255,3.795,0.065,0.065,0.0692,0.1342,0.1342,0.3053,0.226,2025/2026,7138,,
"Luis V\\u00e1zquez",Getafe,"La Liga","F S",17,1232,3,3,1,25,4,2,0,2.6704,2.6704,0.165,4.0772,1.7307,0.1951,0.1951,0.0121,0.2072,0.2072,0.2978,0.1264,2025/2026,7139,,
"H\\u00e9ctor Beller\\u00edn","Real Betis","La Liga","D S",27,1822,2,2,3,7,24,2,0,0.5421,0.5421,3.8524,8.8557,6.8663,0.0268,0.0268,0.1903,0.2171,0.2171,0.4374,0.3392,2025/2026,7140,,
"Salom\\u00f3n Rond\\u00f3n","Real Oviedo","La Liga","F S",16,1054,2,2,0,24,5,2,0,3.7833,3.04,0.1935,3.117,0.3357,0.3231,0.2596,0.0165,0.3396,0.2761,0.2662,0.0287,2025/2026,7141,,
"Rub\\u00e9n Garc\\u00eda",Osasuna,"La Liga","F M S",35,2297,2,2,5,31,45,6,0,2.5969,2.5969,5.8638,7.1203,3.8182,0.1018,0.1018,0.2298,0.3316,0.3316,0.279,0.1496,2025/2026,7142,,
Koke,"Atletico Madrid","La Liga","M S",34,2237,2,2,2,14,35,6,0,0.9624,0.9624,3.4412,15.8928,14.4685,0.0387,0.0387,0.1384,0.1771,0.1771,0.6394,0.5821,2025/2026,7143,,
"Jo\\u00e3o Cancelo",Barcelona,"La Liga","D S",16,938,2,2,2,13,15,1,0,0.9704,0.9704,3.25,7.6256,5.46,0.0931,0.0931,0.3118,0.4049,0.4049,0.7317,0.5239,2025/2026,7144,,
"Omar Mascarell",Mallorca,"La Liga","D M S",30,2251,2,2,2,7,8,5,0,0.3696,0.3696,0.6136,6.2345,5.4805,0.0148,0.0148,0.0245,0.0393,0.0393,0.2493,0.2191,2025/2026,7145,,
Pepelu,Valencia,"La Liga","D M S",31,2253,2,1,0,24,21,4,0,3.2923,1.0625,1.2571,7.3671,6.8658,0.1315,0.0424,0.0502,0.1817,0.0926,0.2943,0.2743,2025/2026,7146,,
"Neal Maupay",Sevilla,"La Liga","F S",12,884,2,2,1,17,13,2,0,2.1215,2.1215,0.567,3.8119,1.276,0.216,0.216,0.0577,0.2737,0.2737,0.3881,0.1299,2025/2026,7147,,
"Florian Lejeune","Rayo Vallecano","La Liga",D,36,3233,2,2,1,50,16,7,0,2.6122,2.6122,1.172,10.7969,9.6787,0.0727,0.0727,0.0326,0.1053,0.1053,0.3006,0.2694,2025/2026,7148,,
"Alex Berenguer","Athletic Club","La Liga","F M S",31,2191,2,2,3,44,49,4,0,5.2719,5.2719,5.4713,11.0054,4.1272,0.2166,0.2166,0.2247,0.4413,0.4413,0.4521,0.1695,2025/2026,7149,,
"Kike Barja",Osasuna,"La Liga","M S",27,369,2,2,2,8,10,4,0,1.2489,1.2489,0.6617,3.1039,1.1932,0.3046,0.3046,0.1614,0.466,0.466,0.757,0.291,2025/2026,7150,,
"Giovani Lo Celso","Real Betis","La Liga","F M S",24,1396,2,2,3,30,32,4,0,2.9037,2.9037,2.8784,10.6729,6.7662,0.1872,0.1872,0.1856,0.3728,0.3728,0.6881,0.4362,2025/2026,7151,,
"Javi Puado",Espanyol,"La Liga","F M S",10,687,2,1,0,15,10,2,0,4.839,3.3524,0.9579,3.2629,1.2334,0.6339,0.4392,0.1255,0.7594,0.5647,0.4275,0.1616,2025/2026,7152,,
"Eder Milit\\u00e3o","Real Madrid","La Liga","D S",16,1147,2,2,1,21,8,2,0,1.8924,1.8924,1.1159,6.2967,5.1924,0.1485,0.1485,0.0876,0.2361,0.2361,0.4941,0.4074,2025/2026,7153,,
"Aleix Febas",Elche,"La Liga",M,36,3178,2,2,2,23,27,10,0,2.1838,2.1838,2.1022,16.8435,14.4969,0.0618,0.0618,0.0595,0.1213,0.1213,0.477,0.4105,2025/2026,7154,,
"Nemanja Gudelj",Sevilla,"La Liga","D M S",34,2349,2,2,0,31,8,9,0,1.4754,1.4754,0.8321,5.2675,4.1907,0.0565,0.0565,0.0319,0.0884,0.0884,0.2018,0.1606,2025/2026,7155,,
"Pol Lozano",Espanyol,"La Liga","M S",33,2211,2,2,1,17,22,10,1,0.7202,0.7202,1.3134,7.3247,6.5743,0.0293,0.0293,0.0535,0.0828,0.0828,0.2982,0.2676,2025/2026,7156,,
"Takefusa Kubo","Real Sociedad","La Liga","F M S",24,1531,2,2,4,28,32,2,0,2.6591,2.6591,4.5563,7.781,3.393,0.1563,0.1563,0.2678,0.4241,0.4241,0.4574,0.1995,2025/2026,7157,,
"Sergio Carreira","Celta Vigo","La Liga","D S",34,2695,2,2,1,16,19,2,0,1.9027,1.9027,1.6439,13.5488,11.547,0.0635,0.0635,0.0549,0.1184,0.1184,0.4525,0.3856,2025/2026,7158,,
"\\u00c1lex Baena","Atletico Madrid","La Liga","F M S",27,1615,2,2,3,29,46,5,0,1.7821,1.7821,6.5653,11.4387,6.3627,0.0993,0.0993,0.3659,0.4652,0.4652,0.6375,0.3546,2025/2026,7159,,
"V\\u00edctor Garc\\u00eda",Levante,"La Liga","F M S",21,1065,2,2,1,19,14,1,0,1.9078,1.9078,1.7659,3.2827,0.8745,0.1612,0.1612,0.1492,0.3104,0.3104,0.2774,0.0739,2025/2026,7160,,
"Alfonso Espino","Rayo Vallecano","La Liga","D M S",30,1472,2,2,0,20,19,3,0,2.0613,2.0613,3.0738,7.7152,4.1158,0.126,0.126,0.1879,0.3139,0.3139,0.4717,0.2516,2025/2026,7161,,
Pedri,Barcelona,"La Liga","M S",29,2117,2,2,9,21,63,0,1,2.3861,2.3861,5.9476,25.2401,19.385,0.1014,0.1014,0.2529,0.3543,0.3543,1.073,0.8241,2025/2026,7162,,
"Aitor Paredes","Athletic Club","La Liga","D S",19,1625,2,2,0,13,4,4,0,1.478,1.478,0.7597,4.1018,3.9284,0.0819,0.0819,0.0421,0.124,0.124,0.2272,0.2176,2025/2026,7163,,
"Nahuel Molina","Atletico Madrid","La Liga","D M S",26,1292,2,2,2,14,20,4,0,0.4006,0.4006,3.0109,8.9713,6.1356,0.0279,0.0279,0.2097,0.2376,0.2376,0.6249,0.4274,2025/2026,7164,,
"Conor Gallagher","Atletico Madrid","La Liga","M S",19,630,2,2,0,13,4,2,0,1.2671,1.2671,0.4999,6.035,4.4255,0.181,0.181,0.0714,0.2524,0.2524,0.8621,0.6322,2025/2026,7165,,
Alfon,"Sevilla,Villarreal","La Liga","D M S",21,691,2,2,0,18,9,0,0,2.9262,2.9262,0.5088,4.655,1.3597,0.3811,0.3811,0.0663,0.4474,0.4474,0.6063,0.1771,2025/2026,7166,,
"Ilaix Moriba","Celta Vigo","La Liga","M S",36,2484,2,2,3,18,17,8,0,1.78,1.78,2.514,11.0891,7.1251,0.0645,0.0645,0.0911,0.1556,0.1556,0.4018,0.2582,2025/2026,7167,,
"Antonio Blanco",Alaves,"La Liga",M,36,3137,2,2,3,40,22,9,0,1.2194,1.2194,1.5856,10.9529,9.4856,0.035,0.035,0.0455,0.0805,0.0805,0.3142,0.2721,2025/2026,7168,,
"Path\\u00e9 Ciss","Rayo Vallecano","La Liga","D M S",29,1974,2,2,1,20,12,9,2,3.9597,3.9597,0.4796,10.7484,8.8748,0.1805,0.1805,0.0219,0.2024,0.2024,0.49,0.4046,2025/2026,7169,,
"Kike Salas",Sevilla,"La Liga","D S",26,2199,2,2,0,19,7,1,0,1.0959,1.0959,0.3996,4.3528,3.6961,0.0449,0.0449,0.0164,0.0613,0.0613,0.1782,0.1513,2025/2026,7170,,
"Nahuel Tenaglia",Alaves,"La Liga",D,36,3240,2,2,0,24,8,3,0,1.7934,1.7934,0.4347,6.4421,6.0391,0.0498,0.0498,0.0121,0.0619,0.0619,0.1789,0.1678,2025/2026,7171,,
"Eray C\\u00f6mert",Valencia,"La Liga","D S",17,1341,2,2,1,11,6,3,1,1.5203,1.5203,0.5237,5.9867,4.8675,0.102,0.102,0.0351,0.1371,0.1371,0.4018,0.3267,2025/2026,7172,,
"\\u00c1lvaro Fern\\u00e1ndez","Real Madrid","La Liga","D S",28,2334,2,2,3,9,29,5,1,0.7583,0.7583,1.7765,16.8298,15.1213,0.0292,0.0292,0.0685,0.0977,0.0977,0.649,0.5831,2025/2026,7173,,
"Fran P\\u00e9rez","Rayo Vallecano","La Liga","F M S",29,1226,2,2,1,17,13,4,0,2.5088,2.5088,1.6744,6.3728,2.6529,0.1842,0.1842,0.1229,0.3071,0.3071,0.4678,0.1947,2025/2026,7174,,
"Arnau Martinez",Girona,"La Liga","D M S",35,2715,2,2,3,19,23,6,0,2.1244,2.1244,2.7048,10.9179,8.9764,0.0704,0.0704,0.0897,0.1601,0.1601,0.3619,0.2976,2025/2026,7175,,
"Pablo Dur\\u00e1n","Celta Vigo","La Liga","F M S",30,1451,2,2,2,37,10,1,0,4.3054,4.3054,2.1503,6.9007,1.5439,0.267,0.267,0.1334,0.4004,0.4004,0.428,0.0958,2025/2026,7176,,
"Mateo Joseph",Mallorca,"La Liga","F M S",29,1707,2,2,3,33,13,2,0,5.3968,5.3968,1.5903,7.2192,1.7234,0.2845,0.2845,0.0838,0.3683,0.3683,0.3806,0.0909,2025/2026,7177,,
"Mario Mart\\u00edn",Getafe,"La Liga","F M S",35,2158,2,2,1,26,8,11,0,2.951,2.951,0.9161,3.9795,1.4175,0.1231,0.1231,0.0382,0.1613,0.1613,0.166,0.0591,2025/2026,7178,,
"Dean Huijsen","Real Madrid","La Liga","D S",28,2046,2,2,2,20,10,7,1,2.3274,2.3274,1.1454,10.4798,10.0728,0.1024,0.1024,0.0504,0.1528,0.1528,0.461,0.4431,2025/2026,7179,,
"Hector Fort",Elche,"La Liga","D S",14,478,2,2,2,12,4,0,0,0.7133,0.7133,0.2133,2.0683,1.38,0.1343,0.1343,0.0402,0.1745,0.1745,0.3894,0.2598,2025/2026,7180,,
"Mikel Jauregizar","Athletic Club","La Liga","M S",36,2872,2,2,0,39,28,5,1,1.4106,1.4106,1.5787,8.8757,6.7962,0.0442,0.0442,0.0495,0.0937,0.0937,0.2781,0.213,2025/2026,7181,,
"Nobel Mendy","Rayo Vallecano","La Liga","D S",24,1834,2,2,0,11,3,7,2,2.1846,2.1846,0.3598,3.9573,3.547,0.1072,0.1072,0.0177,0.1249,0.1249,0.1942,0.1741,2025/2026,7182,,
"Jon Mart\\u00edn","Real Sociedad","La Liga",D,25,2250,2,2,0,15,2,6,0,2.4227,2.4227,0.1885,8.5342,8.281,0.0969,0.0969,0.0075,0.1044,0.1044,0.3414,0.3312,2025/2026,7183,,
"Javier Rueda","Celta Vigo","La Liga","D S",26,1403,2,2,6,11,15,6,0,1.6056,1.6056,3.7907,9.0661,6.3963,0.103,0.103,0.2432,0.3462,0.3462,0.5816,0.4103,2025/2026,7184,,
Peque,Sevilla,"La Liga","F M S",26,952,2,2,1,15,15,7,0,0.7656,0.7656,0.6111,3.0857,2.0121,0.0724,0.0724,0.0578,0.1302,0.1302,0.2917,0.1902,2025/2026,7185,,
"Marc Bernal",Barcelona,"La Liga","M S",22,798,2,2,1,7,5,4,0,1.0222,1.0222,0.6727,5.6477,5.2171,0.1153,0.1153,0.0759,0.1912,0.1912,0.637,0.5884,2025/2026,7186,,
"Ra\\u00fal","Real Madrid","La Liga","D S",23,1692,2,2,0,14,5,4,0,1.512,1.512,0.4638,7.8866,7.3079,0.0804,0.0804,0.0247,0.1051,0.1051,0.4195,0.3887,2025/2026,7187,,
"Jones El Abdellaoui","Celta Vigo","La Liga","D F M S",22,621,2,2,0,17,9,0,0,2.383,2.383,0.5127,4.2375,1.919,0.3454,0.3454,0.0743,0.4197,0.4197,0.6141,0.2781,2025/2026,7188,,
Oso,Sevilla,"La Liga","D F M S",21,1397,2,2,3,17,20,0,0,1.4908,1.4908,2.1163,4.9473,2.5948,0.096,0.096,0.1363,0.2323,0.2323,0.3187,0.1672,2025/2026,7189,,
"Tyrhys Dolan",Espanyol,"La Liga","M S",36,2481,2,2,5,34,32,5,1,2.7635,2.7635,4.4204,9.855,4.3269,0.1002,0.1002,0.1604,0.2606,0.2606,0.3575,0.157,2025/2026,7190,,
"Martim Neto",Elche,"La Liga","F M S",25,1367,2,2,5,12,26,2,0,1.0408,1.0408,2.8169,6.8663,4.9222,0.0685,0.0685,0.1855,0.254,0.254,0.4521,0.3241,2025/2026,7191,,
"Jan Virgili",Mallorca,"La Liga","F M S",31,1807,2,2,4,32,31,0,1,2.5933,2.5933,3.7705,7.0636,2.664,0.1292,0.1292,0.1878,0.317,0.317,0.3518,0.1327,2025/2026,7192,,
"Tani Oluwaseyi",Villarreal,"La Liga","F S",28,949,2,2,2,16,6,1,0,3.6186,3.6186,2.0475,5.9916,0.3962,0.3432,0.3432,0.1942,0.5374,0.5374,0.5682,0.0376,2025/2026,7193,,
"Ibrahim Diabate",Alaves,"La Liga","F S",10,579,2,2,0,15,2,1,0,2.727,2.727,0.148,3.035,0.7204,0.4239,0.4239,0.023,0.4469,0.4469,0.4718,0.112,2025/2026,7194,,
"Jeremy Toljan",Levante,"La Liga",D,37,3199,1,1,4,9,28,8,0,0.8487,0.8487,4.9714,12.4904,9.1204,0.0239,0.0239,0.1399,0.1638,0.1638,0.3514,0.2566,2025/2026,7195,,
Juanmi,Getafe,"La Liga",S,8,152,1,1,0,2,2,0,0,0.139,0.139,0.0557,0.1778,0.0597,0.0823,0.0823,0.033,0.1153,0.1153,0.1053,0.0353,2025/2026,7196,,
"Pablo Maffeo",Mallorca,"La Liga","D S",31,2690,1,1,2,7,20,10,0,0.2976,0.2976,1.7552,8.1273,6.8625,0.01,0.01,0.0587,0.0687,0.0687,0.2719,0.2296,2025/2026,7197,,
"Marcos Alonso","Celta Vigo","La Liga","D S",32,2780,1,0,0,24,14,5,0,2.2984,1.5551,1.5686,14.4069,13.423,0.0744,0.0503,0.0508,0.1252,0.1011,0.4664,0.4346,2025/2026,7198,,
"Eric Bailly","Real Oviedo","La Liga",D,16,1327,1,1,0,7,3,3,0,0.338,0.338,0.1632,1.9606,1.8906,0.0229,0.0229,0.0111,0.034,0.034,0.133,0.1282,2025/2026,7199,,
"Antonio R\\u00fcdiger","Real Madrid","La Liga","D S",18,1501,1,1,0,13,2,0,0,1.4132,1.4132,0.3116,4.973,4.5913,0.0847,0.0847,0.0187,0.1034,0.1034,0.2982,0.2753,2025/2026,7200,,
"Diego Llorente","Real Betis","La Liga","D S",18,1221,1,1,0,4,1,5,0,1.1309,1.1309,0.0534,3.991,3.7353,0.0834,0.0834,0.0039,0.0873,0.0873,0.2942,0.2753,2025/2026,7201,,
Morales,Levante,"La Liga","M S",20,298,1,0,1,11,7,1,0,2.5112,1.7679,1.1046,5.0042,2.2267,0.7584,0.5339,0.3336,1.092,0.8675,1.5113,0.6725,2025/2026,7202,,
Isco,"Real Betis","La Liga","M S",8,213,1,0,1,7,5,0,0,0.9983,0.255,0.6223,1.3436,1.0085,0.4218,0.1077,0.2629,0.6847,0.3706,0.5677,0.4261,2025/2026,7203,,
"Denis Su\\u00e1rez",Alaves,"La Liga","M S",30,1407,1,1,2,9,24,6,0,1.5032,1.5032,1.7291,7.9046,5.97,0.0962,0.0962,0.1106,0.2068,0.2068,0.5056,0.3819,2025/2026,7204,,
"Pedro Bigas",Elche,"La Liga","D S",28,2078,1,1,3,10,15,3,1,0.8961,0.8961,1.9694,9.4604,8.86,0.0388,0.0388,0.0853,0.1241,0.1241,0.4097,0.3837,2025/2026,7205,,
"Daniel Parejo",Villarreal,"La Liga","M S",33,1474,1,0,0,3,25,3,0,0.8935,0.1502,1.7723,7.0673,6.1752,0.0546,0.0092,0.1082,0.1628,0.1174,0.4315,0.377,2025/2026,7206,,
"\\u00c1lvaro Odriozola","Real Sociedad","La Liga","D S",5,196,1,1,0,1,3,0,0,0.5726,0.5726,1.1418,1.8546,0.1402,0.2629,0.2629,0.5243,0.7872,0.7872,0.8516,0.0644,2025/2026,7207,,
"Marc Bartra","Real Betis","La Liga","D S",25,1973,1,1,0,16,5,3,0,0.7786,0.7786,0.1219,6.5166,6.2986,0.0355,0.0355,0.0056,0.0411,0.0411,0.2973,0.2873,2025/2026,7208,,
"Jos\\u00e9 Gay\\u00e1",Valencia,"La Liga","D S",32,2491,1,1,2,13,25,6,1,0.7618,0.7618,2.3373,7.109,4.7104,0.0275,0.0275,0.0844,0.1119,0.1119,0.2568,0.1702,2025/2026,7209,,
Alfonso,Villarreal,"La Liga","D M S",27,1700,1,1,3,11,21,8,0,1.2216,1.2216,4.2218,7.6521,4.4063,0.0647,0.0647,0.2235,0.2882,0.2882,0.4051,0.2333,2025/2026,7210,,
"Sergi Darder",Mallorca,"La Liga","M S",38,2715,1,1,5,36,57,3,0,2.2581,2.2581,5.5432,10.6211,7.191,0.0749,0.0749,0.1838,0.2587,0.2587,0.3521,0.2384,2025/2026,7211,,
"Axel Witsel",Girona,"La Liga","M S",32,2546,1,1,2,20,17,0,1,2.5919,2.5919,2.2183,10.0914,9.3476,0.0916,0.0916,0.0784,0.17,0.17,0.3567,0.3304,2025/2026,7212,,
"David Costas","Real Oviedo","La Liga","D S",25,2073,1,1,0,5,5,3,0,1.3678,1.3678,0.1882,3.6681,3.6066,0.0594,0.0594,0.0082,0.0676,0.0676,0.1593,0.1566,2025/2026,7213,,
"Kiko Femen\\u00eda",Getafe,"La Liga","D M S",28,2070,1,1,1,8,17,6,0,0.9619,0.9619,1.9189,3.8111,1.2899,0.0418,0.0418,0.0834,0.1252,0.1252,0.1657,0.0561,2025/2026,7214,,
"Edu Exp\\u00f3sito",Espanyol,"La Liga","F M S",36,2593,1,1,6,44,82,9,0,2.5785,2.5785,8.0288,10.8373,6.8405,0.0895,0.0895,0.2787,0.3682,0.3682,0.3762,0.2374,2025/2026,7215,,
"Marc Roca","Real Betis","La Liga","M S",29,2020,1,1,2,16,19,1,0,0.959,0.959,2.0624,8.2061,7.0539,0.0427,0.0427,0.0919,0.1346,0.1346,0.3656,0.3143,2025/2026,7216,,
"Valentin Rosier",Osasuna,"La Liga","D S",31,2563,1,1,1,19,16,4,1,0.9384,0.9384,1.9486,6.749,4.231,0.033,0.033,0.0684,0.1014,0.1014,0.237,0.1486,2025/2026,7217,,
"Baptiste Santamaria",Valencia,"La Liga","M S",19,731,1,1,1,6,4,2,0,0.5164,0.5164,0.7425,2.4517,2.206,0.0636,0.0636,0.0914,0.155,0.155,0.3019,0.2716,2025/2026,7218,,
"Mouctar Diakhaby",Valencia,"La Liga","D S",8,539,1,1,0,4,1,3,0,0.6322,0.6322,0.055,1.0568,1.0017,0.1056,0.1056,0.0092,0.1148,0.1148,0.1765,0.1673,2025/2026,7219,,
"Dodi Lukebakio",Sevilla,"La Liga",M,2,180,1,1,0,2,9,0,0,0.0547,0.0547,0.8579,1.0068,0.2613,0.0273,0.0273,0.4289,0.4562,0.4562,0.5034,0.1306,2025/2026,7220,,
"Takuma Asano",Mallorca,"La Liga","F M S",20,662,1,1,0,17,3,2,0,2.2394,2.2394,1.0184,3.7131,1.435,0.3045,0.3045,0.1385,0.443,0.443,0.5048,0.1951,2025/2026,7221,,
"Ander Guevara",Alaves,"La Liga","M S",25,581,1,1,1,5,6,2,1,0.645,0.645,0.8938,2.7922,1.922,0.0999,0.0999,0.1385,0.2384,0.2384,0.4325,0.2977,2025/2026,7222,,
"Brahim Diaz","Real Madrid","La Liga","F M S",30,1243,1,1,6,15,30,2,0,1.7096,1.7096,3.6358,7.4368,2.8037,0.1238,0.1238,0.2633,0.3871,0.3871,0.5385,0.203,2025/2026,7223,,
"Jules Kound\\u00e9",Barcelona,"La Liga","D S",30,2247,1,1,3,14,23,6,0,2.2001,2.2001,4.6446,21.0968,18.5553,0.0881,0.0881,0.186,0.2741,0.2741,0.845,0.7432,2025/2026,7224,,
"Aurelien Tchouameni","Real Madrid","La Liga","M S",33,2656,1,1,0,45,24,8,0,3.0622,3.0622,2.3133,13.883,11.3571,0.1038,0.1038,0.0784,0.1822,0.1822,0.4704,0.3848,2025/2026,7225,,
"Grady Diangana",Elche,"La Liga","F M S",20,937,1,1,0,16,10,3,0,1.3557,1.3557,1.0902,4.7374,2.6605,0.1302,0.1302,0.1047,0.2349,0.2349,0.455,0.2555,2025/2026,7226,,
"Miguel \\u00c1ngel Rubio",Espanyol,"La Liga","D S",12,168,1,1,0,2,0,0,0,0.5985,0.5985,0.0,0.2454,0.2454,0.3206,0.3206,0.0,0.3206,0.3206,0.1315,0.1315,2025/2026,7227,,
"Gonzalo Villar",Elche,"La Liga","M S",12,722,1,1,0,4,2,3,0,0.2148,0.2148,0.0481,2.1674,1.958,0.0268,0.0268,0.006,0.0328,0.0328,0.2702,0.2441,2025/2026,7228,,
"Dani Vivian","Athletic Club","La Liga","D S",31,2561,1,1,0,17,6,8,1,1.4544,1.4544,1.5971,7.5948,6.5292,0.0511,0.0511,0.0561,0.1072,0.1072,0.2669,0.2295,2025/2026,7229,,
"Fran Beltr\\u00e1n","Celta Vigo,Girona","La Liga","M S",27,1544,1,1,0,16,13,3,0,0.632,0.632,0.9035,7.4616,6.4266,0.0368,0.0368,0.0527,0.0895,0.0895,0.4349,0.3746,2025/2026,7230,,
"Ezequiel \\u00c1vila","Real Betis","La Liga","F S",16,350,1,0,0,8,9,2,0,1.6458,0.9026,0.405,1.5163,0.8896,0.4232,0.2321,0.1041,0.5273,0.3362,0.3899,0.2288,2025/2026,7231,,
"Duje Caleta-Car","Real Sociedad","La Liga","D S",27,2140,1,1,0,13,3,6,1,1.8771,1.8771,0.1967,6.1518,5.9551,0.0789,0.0789,0.0083,0.0872,0.0872,0.2587,0.2504,2025/2026,7232,,
"Adri\\u00e0 Pedrosa","Elche,Sevilla","La Liga","D M S",27,1053,1,1,1,12,23,4,0,0.9619,0.9619,1.5713,4.7876,2.7507,0.0822,0.0822,0.1343,0.2165,0.2165,0.4092,0.2351,2025/2026,7233,,
"Leander Dendoncker","Real Oviedo","La Liga","M S",19,1338,1,1,0,9,7,2,0,0.5384,0.5384,0.4306,2.1508,1.4654,0.0362,0.0362,0.029,0.0652,0.0652,0.1447,0.0986,2025/2026,7234,,
"Robin Le Normand","Atletico Madrid","La Liga","D S",28,1776,1,1,1,6,2,5,0,1.2779,1.2779,0.3418,10.3518,9.9529,0.0648,0.0648,0.0173,0.0821,0.0821,0.5246,0.5044,2025/2026,7235,,
"Aihen Mu\\u00f1oz","Real Sociedad","La Liga","D S",21,829,1,1,0,6,5,1,0,0.466,0.466,0.4136,3.544,2.8873,0.0506,0.0506,0.0449,0.0955,0.0955,0.3848,0.3135,2025/2026,7236,,
"Eduardo Camavinga","Real Madrid","La Liga","D M S",29,1507,1,1,0,13,15,2,0,1.1424,1.1424,1.8247,7.2229,5.8006,0.0682,0.0682,0.109,0.1772,0.1772,0.4314,0.3464,2025/2026,7237,,
"Manuel S\\u00e1nchez",Levante,"La Liga","D S",33,2844,1,1,2,13,17,8,0,1.2063,1.2063,1.9894,9.1835,7.062,0.0382,0.0382,0.063,0.1012,0.1012,0.2906,0.2235,2025/2026,7238,,
"Frenkie de Jong",Barcelona,"La Liga","M S",25,1597,1,1,5,7,35,3,1,1.0823,1.0823,5.0962,20.4647,16.2027,0.061,0.061,0.2872,0.3482,0.3482,1.1533,0.9131,2025/2026,7239,,
"Domingos Duarte",Getafe,"La Liga",D,34,2953,1,1,1,13,2,12,0,0.8304,0.8304,0.9082,1.416,1.2936,0.0253,0.0253,0.0277,0.053,0.053,0.0432,0.0394,2025/2026,7240,,
"Rodrigo Riquelme","Real Betis","La Liga","M S",25,788,1,1,1,24,14,2,0,2.6497,2.6497,1.4664,6.5906,2.7007,0.3026,0.3026,0.1675,0.4701,0.4701,0.7527,0.3085,2025/2026,7241,,
Rodrygo,"Real Madrid","La Liga","F M S",19,633,1,1,3,27,17,2,0,2.8485,2.8485,2.8828,4.6052,1.4849,0.405,0.405,0.4099,0.8149,0.8149,0.6548,0.2111,2025/2026,7242,,
"Eric Garcia",Barcelona,"La Liga","D M S",34,2761,1,1,1,25,30,5,0,3.3442,3.3442,1.9652,24.6681,23.5516,0.109,0.109,0.0641,0.1731,0.1731,0.8041,0.7677,2025/2026,7243,,
"Mateu Morey",Mallorca,"La Liga","D M S",18,723,1,1,0,4,3,2,0,0.1837,0.1837,0.5162,2.1133,1.4929,0.0229,0.0229,0.0643,0.0872,0.0872,0.2631,0.1858,2025/2026,7244,,
"Lucien Agoume",Sevilla,"La Liga","F M S",34,2728,1,1,3,15,27,11,0,0.8295,0.8295,3.19,9.657,6.9043,0.0274,0.0274,0.1052,0.1326,0.1326,0.3186,0.2278,2025/2026,7245,,
"Pablo Mart\\u00ednez",Levante,"La Liga","M S",27,1878,1,1,5,28,36,3,0,1.9152,1.9152,5.4764,8.1632,4.9349,0.0918,0.0918,0.2624,0.3542,0.3542,0.3912,0.2365,2025/2026,7246,,
"Batista Mendy",Sevilla,"La Liga","M S",27,1632,1,1,0,17,9,6,0,0.8641,0.8641,0.4901,4.1343,3.5048,0.0477,0.0477,0.027,0.0747,0.0747,0.228,0.1933,2025/2026,7247,,
"Chidera Ejuke",Sevilla,"La Liga","F M S",27,866,1,1,1,23,13,0,0,1.9184,1.9184,0.9294,4.2567,2.0848,0.1994,0.1994,0.0966,0.296,0.296,0.4424,0.2167,2025/2026,7248,,
"Luis Milla",Getafe,"La Liga",M,37,3288,1,1,10,27,78,4,1,1.4706,1.4706,6.844,7.7312,4.7804,0.0403,0.0403,0.1873,0.2276,0.2276,0.2116,0.1309,2025/2026,7249,,
"Tete Morente",Elche,"La Liga","D M S",13,940,1,1,1,8,12,1,0,0.7542,0.7542,1.3126,2.6779,1.4395,0.0722,0.0722,0.1257,0.1979,0.1979,0.2564,0.1378,2025/2026,7250,,
"Victor Chust",Elche,"La Liga","D S",31,2146,1,1,0,8,5,6,1,0.4321,0.4321,0.1454,5.7639,5.7057,0.0181,0.0181,0.0061,0.0242,0.0242,0.2417,0.2393,2025/2026,7251,,
"\\u00d3scar Mingueza","Celta Vigo","La Liga","D M S",34,1949,1,1,4,14,31,4,0,0.4966,0.4966,4.0966,13.008,10.553,0.0229,0.0229,0.1892,0.2121,0.2121,0.6007,0.4873,2025/2026,7252,,
"John Donald",Elche,"La Liga","D M S",21,637,1,1,0,6,1,3,0,1.034,1.034,0.0338,4.0597,2.9919,0.1461,0.1461,0.0048,0.1509,0.1509,0.5736,0.4227,2025/2026,7253,,
"Juan Iglesias",Getafe,"La Liga","D M S",37,3189,1,1,2,26,17,4,0,1.2265,1.2265,2.0028,7.2106,5.0442,0.0346,0.0346,0.0565,0.0911,0.0911,0.2035,0.1424,2025/2026,7254,,
"Jon Ander Olasagasti",Levante,"La Liga","F M S",33,1712,1,1,5,28,36,2,1,2.1323,2.1323,4.4802,7.8442,4.7105,0.1121,0.1121,0.2355,0.3476,0.3476,0.4124,0.2476,2025/2026,7255,,
"Inigo Ruiz de Galarreta","Athletic Club","La Liga","M S",34,2289,1,1,2,20,30,11,0,0.6573,0.6573,3.3265,10.0629,8.4638,0.0258,0.0258,0.1308,0.1566,0.1566,0.3957,0.3328,2025/2026,7256,,
"Jos\\u00e9 \\u00c1ngel Carmona",Sevilla,"La Liga","D M S",35,2561,1,1,3,20,22,13,0,0.954,0.954,2.3566,9.3872,7.5808,0.0335,0.0335,0.0828,0.1163,0.1163,0.3299,0.2664,2025/2026,7257,,
"Fran Garc\\u00eda","Real Madrid","La Liga","D M S",13,930,1,1,1,6,5,0,1,0.9466,0.9466,0.3021,4.634,3.9616,0.0916,0.0916,0.0292,0.1208,0.1208,0.4485,0.3834,2025/2026,7258,,
"\\u00d3scar Valent\\u00edn","Rayo Vallecano","La Liga","M S",33,2143,1,1,0,13,10,3,1,1.486,1.486,0.9416,10.3634,8.1016,0.0624,0.0624,0.0395,0.1019,0.1019,0.4352,0.3402,2025/2026,7259,,
"Nicol\\u00e1s Serrano","Athletic Club","La Liga","M S",16,338,1,1,0,16,10,0,0,0.6888,0.6888,0.5655,1.3857,0.4697,0.1834,0.1834,0.1506,0.334,0.334,0.369,0.1251,2025/2026,7260,,
"Bryan Zaragoza","Celta Vigo","La Liga","F M S",19,1138,1,0,1,26,18,1,0,1.9104,1.1672,2.2636,6.2037,4.0571,0.1511,0.0923,0.179,0.3301,0.2713,0.4906,0.3209,2025/2026,7261,,
"Marc Pubill","Atletico Madrid","La Liga","D S",19,1377,1,1,1,11,3,2,0,1.3244,1.3244,0.6268,6.8829,5.7515,0.0866,0.0866,0.041,0.1276,0.1276,0.4499,0.3759,2025/2026,7262,,
"Rafa Mar\\u00edn",Villarreal,"La Liga","D S",23,1975,1,1,0,5,7,1,0,0.2321,0.2321,0.987,8.3207,7.3986,0.0106,0.0106,0.045,0.0556,0.0556,0.3792,0.3372,2025/2026,7263,,
"Jofre Carreras",Espanyol,"La Liga","M S",26,890,1,1,0,23,15,1,0,2.1468,2.1468,1.431,4.2822,1.192,0.2171,0.2171,0.1447,0.3618,0.3618,0.433,0.1205,2025/2026,7264,,
"Iker Benito",Osasuna,"La Liga","M S",6,148,1,1,0,2,2,1,0,0.386,0.386,0.1449,0.6723,0.2468,0.2347,0.2347,0.0881,0.3228,0.3228,0.4088,0.1501,2025/2026,7265,,
"Luka Ilic","Real Oviedo","La Liga","F M S",19,731,1,1,0,9,3,2,1,1.7626,1.7626,0.4198,2.6003,1.0306,0.217,0.217,0.0517,0.2687,0.2687,0.3201,0.1269,2025/2026,7266,,
"Pablo Barrios Rivas","Atletico Madrid","La Liga","M S",23,1672,1,1,1,23,20,0,0,1.469,1.469,1.6999,10.7419,8.1863,0.0791,0.0791,0.0915,0.1706,0.1706,0.5782,0.4407,2025/2026,7267,,
"Manor Solomon",Villarreal,"La Liga","M S",6,129,1,1,1,2,2,0,0,0.6084,0.6084,0.4719,2.178,1.169,0.4245,0.4245,0.3292,0.7537,0.7537,1.5195,0.8156,2025/2026,7268,,
"Pablo Ib\\u00e1\\u00f1ez",Alaves,"La Liga","M S",37,2278,1,1,1,47,19,7,0,3.9256,3.9256,1.2885,7.1986,4.9183,0.1551,0.1551,0.0509,0.206,0.206,0.2844,0.1943,2025/2026,7269,,
"Charles Pickel",Espanyol,"La Liga","M S",24,658,1,1,0,10,2,1,2,0.7815,0.7815,0.0353,2.8195,2.2691,0.1069,0.1069,0.0048,0.1117,0.1117,0.3856,0.3104,2025/2026,7270,,
"Ram\\u00f3n Terrats",Espanyol,"La Liga","F M S",29,1020,1,1,2,15,16,0,0,1.189,1.189,2.3653,4.1887,1.2468,0.1049,0.1049,0.2087,0.3136,0.3136,0.3696,0.11,2025/2026,7271,,
"Marc\\u00e3o",Sevilla,"La Liga","D S",13,935,1,1,0,10,0,3,1,0.9158,0.9158,0.0,2.038,2.038,0.0882,0.0882,0.0,0.0882,0.0882,0.1962,0.1962,2025/2026,7272,,
"Pep Chavarr\\u00eda","Rayo Vallecano","La Liga","D S",33,2672,1,1,2,18,27,4,1,0.6448,0.6448,3.7028,11.9693,8.858,0.0217,0.0217,0.1247,0.1464,0.1464,0.4032,0.2984,2025/2026,7273,,
"Rodrigo Mendoza","Atletico Madrid,Elche","La Liga","F M S",24,1243,1,1,1,17,15,6,0,1.1191,1.1191,1.3094,4.6515,2.7004,0.081,0.081,0.0948,0.1758,0.1758,0.3368,0.1955,2025/2026,7274,,
"Unai G\\u00f3mez","Athletic Club","La Liga","F M S",26,930,1,1,1,23,8,1,1,2.0705,2.0705,0.6147,3.0522,0.7931,0.2004,0.2004,0.0595,0.2599,0.2599,0.2954,0.0768,2025/2026,7275,,
"Sergi Cardona",Villarreal,"La Liga","D S",32,2028,1,1,4,18,20,4,0,1.0293,1.0293,3.0187,10.1031,8.4291,0.0457,0.0457,0.134,0.1797,0.1797,0.4484,0.3741,2025/2026,7276,,
"Abderrahmane Rebbach",Alaves,"La Liga","D F M S",30,1479,1,1,4,34,30,8,0,2.957,2.957,4.9494,6.1776,2.1951,0.1799,0.1799,0.3012,0.4811,0.4811,0.3759,0.1336,2025/2026,7277,,
"Lucas Beltr\\u00e1n",Valencia,"La Liga","F S",27,1377,1,1,2,34,14,1,0,4.7565,4.7565,1.9911,9.7598,3.337,0.3109,0.3109,0.1301,0.441,0.441,0.6379,0.2181,2025/2026,7278,,
"Sergi Altimira","Real Betis","La Liga","M S",24,1176,1,1,2,7,11,3,0,0.5073,0.5073,0.5556,4.3164,3.7588,0.0388,0.0388,0.0425,0.0813,0.0813,0.3303,0.2877,2025/2026,7279,,
"Pau Cubars\\u00ed",Barcelona,"La Liga",D,31,2733,1,1,0,10,5,3,0,0.5516,0.5516,0.4354,18.9453,18.8985,0.0182,0.0182,0.0143,0.0325,0.0325,0.6239,0.6223,2025/2026,7280,,
"Alan Matturro",Levante,"La Liga","D S",19,918,1,1,1,8,4,0,1,0.937,0.937,1.1988,3.3469,1.8913,0.0919,0.0919,0.1175,0.2094,0.2094,0.3281,0.1854,2025/2026,7281,,
"Jon Aramburu","Real Sociedad","La Liga","D S",35,2789,1,1,0,21,11,11,0,2.0571,2.0571,0.4437,6.3785,5.8331,0.0664,0.0664,0.0143,0.0807,0.0807,0.2058,0.1882,2025/2026,7282,,
"Hugo Rinc\\u00f3n",Girona,"La Liga","D S",33,1713,1,1,1,7,10,4,0,0.6909,0.6909,1.3318,5.5285,4.2072,0.0363,0.0363,0.07,0.1063,0.1063,0.2905,0.221,2025/2026,7283,,
"Asier Osambela",Osasuna,"La Liga","D S",17,295,1,1,0,6,3,1,0,0.4081,0.4081,0.5857,1.2553,0.5481,0.1245,0.1245,0.1787,0.3032,0.3032,0.383,0.1672,2025/2026,7284,,
"Christantus Uche",Getafe,"La Liga",F,3,270,1,1,1,6,4,1,0,1.4416,1.4416,0.6371,2.1472,0.0685,0.4805,0.4805,0.2124,0.6929,0.6929,0.7157,0.0228,2025/2026,7285,,
"Abel Bretones",Osasuna,"La Liga","D M S",28,1600,1,1,2,11,13,5,1,0.5833,0.5833,1.4635,3.3724,2.1471,0.0328,0.0328,0.0823,0.1151,0.1151,0.1897,0.1208,2025/2026,7286,,
"Enzo Boyomo",Osasuna,"La Liga","D S",30,2544,1,1,2,11,9,7,0,1.1598,1.1598,1.4223,5.1397,3.7209,0.041,0.041,0.0503,0.0913,0.0913,0.1818,0.1316,2025/2026,7287,,
"Santiago Mouri\\u00f1o",Villarreal,"La Liga","D S",29,2485,1,1,2,16,9,9,1,1.2299,1.2299,0.8434,10.4516,10.0244,0.0445,0.0445,0.0305,0.075,0.075,0.3785,0.3631,2025/2026,7288,,
"Fernando L\\u00f3pez","Celta Vigo","La Liga","F M S",17,1179,1,1,1,13,11,3,0,1.8342,1.8342,1.3502,6.0004,3.7021,0.14,0.14,0.1031,0.2431,0.2431,0.458,0.2826,2025/2026,7289,,
"Goduine Koyalipou",Levante,"La Liga","F S",11,217,1,1,0,10,1,1,0,1.2653,1.2653,0.3588,1.438,0.0,0.5248,0.5248,0.1488,0.6736,0.6736,0.5964,0.0,2025/2026,7290,,
"Vitor Reis",Girona,"La Liga","D S",36,3137,1,1,1,19,8,9,1,1.9712,1.9712,0.8653,9.5101,8.2001,0.0566,0.0566,0.0248,0.0814,0.0814,0.2728,0.2353,2025/2026,7291,,
"Maroan Sannadi","Athletic Club","La Liga","F S",10,268,1,1,0,8,2,2,0,1.0051,1.0051,0.5883,1.6284,0.0349,0.3375,0.3375,0.1976,0.5351,0.5351,0.5469,0.0117,2025/2026,7292,,
"Andr\\u00e9s Castr\\u00edn",Sevilla,"La Liga","D S",19,1251,1,1,0,11,2,4,0,0.5597,0.5597,0.1022,2.3782,2.2642,0.0403,0.0403,0.0074,0.0477,0.0477,0.1711,0.1629,2025/2026,7293,,
"Miguel Rom\\u00e1n","Celta Vigo","La Liga","M S",19,1297,1,1,0,9,17,3,0,1.1041,1.1041,2.09,8.5124,6.3278,0.0766,0.0766,0.145,0.2216,0.2216,0.5907,0.4391,2025/2026,7294,,
"Alejandro Rego","Athletic Club","La Liga","M S",29,1231,1,1,1,11,11,6,0,0.5311,0.5311,0.7995,3.1698,2.2424,0.0388,0.0388,0.0585,0.0973,0.0973,0.2317,0.1639,2025/2026,7295,,
"Claudio Echeverri",Girona,"La Liga","F M S",17,606,1,1,1,21,8,4,0,2.1205,2.1205,1.0883,4.0701,1.442,0.3149,0.3149,0.1616,0.4765,0.4765,0.6045,0.2142,2025/2026,7296,,
"Unai Elgezabal",Levante,"La Liga","D M S",12,963,1,1,0,3,2,2,0,0.6193,0.6193,0.1339,1.4656,1.4656,0.0579,0.0579,0.0125,0.0704,0.0704,0.137,0.137,2025/2026,7297,,
"Roger Brugu\\u00e9",Levante,"La Liga","F M S",19,1008,1,1,1,28,8,1,1,4.3787,4.3787,0.8359,6.5608,3.0389,0.391,0.391,0.0746,0.4656,0.4656,0.5858,0.2713,2025/2026,7298,,
"Urko Izeta","Athletic Club","La Liga","F S",13,153,1,1,0,11,2,2,0,1.7969,1.7969,0.3224,1.2705,0.0325,1.057,1.057,0.1896,1.2466,1.2466,0.7474,0.0191,2025/2026,7299,,
"David Affengruber",Elche,"La Liga","D S",36,2958,1,1,1,14,9,7,1,1.3278,1.3278,1.4742,9.4528,8.7211,0.0404,0.0404,0.0449,0.0853,0.0853,0.2876,0.2653,2025/2026,7300,,
"Marc Aguado",Elche,"La Liga","M S",35,2539,1,1,2,3,11,3,0,0.2163,0.2163,0.5747,5.5891,5.0293,0.0077,0.0077,0.0204,0.0281,0.0281,0.1981,0.1783,2025/2026,7301,,
"Valent\\u00edn G\\u00f3mez","Real Betis","La Liga","D S",28,1852,1,1,0,11,10,5,0,0.9536,0.9536,2.11,5.0017,3.8934,0.0463,0.0463,0.1025,0.1488,0.1488,0.2431,0.1892,2025/2026,7302,,
"Franco Mastantuono","Real Madrid","La Liga","D F M S",23,1026,1,1,0,30,16,5,1,2.6823,2.6823,2.8614,7.6489,4.3903,0.2353,0.2353,0.251,0.4863,0.4863,0.671,0.3851,2025/2026,7303,,
"Jon Gorrotxategi","Real Sociedad","La Liga","M S",30,2235,1,1,3,13,18,7,0,0.9012,0.9012,0.9901,9.6088,8.5456,0.0363,0.0363,0.0399,0.0762,0.0762,0.3869,0.3441,2025/2026,7304,,
"David Carmo","Real Oviedo","La Liga","D S",22,1785,1,1,0,9,7,6,1,0.962,0.962,0.505,3.8942,2.9872,0.0485,0.0485,0.0255,0.074,0.074,0.1963,0.1506,2025/2026,7305,,
"Adam El Mokhtari",Elche,"La Liga",S,7,85,1,1,0,5,1,0,0,0.2683,0.2683,0.0724,0.3396,0.1729,0.2841,0.2841,0.0767,0.3608,0.3608,0.3596,0.1831,2025/2026,7306,,
"Roony Bardghji",Barcelona,"La Liga","F M S",21,612,1,1,1,22,14,0,0,1.754,1.754,1.9085,7.3045,5.0503,0.2579,0.2579,0.2807,0.5386,0.5386,1.0742,0.7427,2025/2026,7307,,
"Javier Bo\\u00f1ar","Atletico Madrid","La Liga","D S",4,294,1,1,0,2,2,0,0,0.4021,0.4021,0.1284,1.4183,0.8878,0.1231,0.1231,0.0393,0.1624,0.1624,0.4342,0.2718,2025/2026,7308,,
"Iker Luque","Atletico Madrid","La Liga",S,1,26,1,1,0,3,0,0,0,0.2805,0.2805,0.0,0.5363,0.2704,0.971,0.971,0.0,0.971,0.971,1.8564,0.936,2025/2026,7309,,
"Zaid Romero",Getafe,"La Liga",D,15,1350,1,1,0,10,2,3,1,1.0053,1.0053,0.0903,2.8427,2.5549,0.067,0.067,0.006,0.073,0.073,0.1895,0.1703,2025/2026,7310,,
"\\u00c1ngel P\\u00e9rez",Alaves,"La Liga","D M S",16,1292,1,1,3,14,24,4,0,1.208,1.208,2.0683,5.2079,2.5906,0.0841,0.0841,0.1441,0.2282,0.2282,0.3628,0.1805,2025/2026,7311,,
"Lucas Cepeda",Elche,"La Liga","M S",10,390,1,1,0,13,6,1,0,1.1139,1.1139,0.2665,1.894,0.843,0.2571,0.2571,0.0615,0.3186,0.3186,0.4371,0.1945,2025/2026,7312,,
"\\u00c1lvaro Fidalgo","Real Betis","La Liga","M S",9,567,1,1,0,4,4,0,0,0.5266,0.5266,0.1963,2.0179,1.3912,0.0836,0.0836,0.0312,0.1148,0.1148,0.3203,0.2208,2025/2026,7313,,
Cubo,"Atletico Madrid","La Liga",S,2,46,1,1,0,3,0,0,0,0.3439,0.3439,0.0,0.3439,0.0,0.6728,0.6728,0.0,0.6728,0.6728,0.6728,0.0,2025/2026,7314,,
"Andreas Christensen",Barcelona,"La Liga","D S",13,369,0,0,0,4,1,2,0,0.2639,0.2639,0.0159,2.1294,2.0778,0.0644,0.0644,0.0039,0.0683,0.0683,0.5194,0.5068,2025/2026,7315,,
"\\u00d8rjan Nyland",Sevilla,"La Liga",GK,5,450,0,0,0,0,0,1,0,0.0,0.0,0.0,0.8263,0.8263,0.0,0.0,0.0,0.0,0.0,0.1653,0.1653,2025/2026,7316,,
"Ricardo Rodr\\u00edguez","Real Betis","La Liga","D S",23,1552,0,0,1,3,7,0,0,0.1411,0.1411,0.4879,2.7929,2.4356,0.0082,0.0082,0.0283,0.0365,0.0365,0.162,0.1412,2025/2026,7317,,
"Adnan Januzaj",Sevilla,"La Liga","F M S",12,283,0,0,0,7,11,1,0,0.2583,0.2583,0.669,1.0546,0.7337,0.0821,0.0821,0.2128,0.2949,0.2949,0.3354,0.2333,2025/2026,7318,,
"Odisseas Vlachodimos",Sevilla,"La Liga",GK,33,2970,0,0,0,0,0,1,0,0.0,0.0,0.0,2.3634,2.3634,0.0,0.0,0.0,0.0,0.0,0.0716,0.0716,2025/2026,7319,,
"David Alaba","Real Madrid","La Liga","D S",11,419,0,0,0,4,0,1,0,0.2578,0.2578,0.0,2.1218,2.0297,0.0554,0.0554,0.0,0.0554,0.0554,0.4558,0.436,2025/2026,7320,,
"Adri\\u00e1n","Real Betis","La Liga",GK,1,90,0,0,0,0,0,0,0,0.0,0.0,0.0,0.1478,0.1478,0.0,0.0,0.0,0.0,0.0,0.1478,0.1478,2025/2026,7321,,
"Daley Blind",Girona,"La Liga","D S",31,2624,0,0,0,5,11,1,0,0.2643,0.2643,0.7393,10.4295,10.0796,0.0091,0.0091,0.0254,0.0345,0.0345,0.3577,0.3457,2025/2026,7322,,
Nyom,Getafe,"La Liga","D S",15,522,0,0,1,3,4,5,1,0.1312,0.1312,1.1202,1.2234,0.0132,0.0226,0.0226,0.1931,0.2157,0.2157,0.2109,0.0023,2025/2026,7323,,
"Thibaut Courtois","Real Madrid","La Liga",GK,32,2880,0,0,0,0,0,1,0,0.0,0.0,0.0,6.5398,6.5398,0.0,0.0,0.0,0.0,0.0,0.2044,0.2044,2025/2026,7324,,
"C\\u00e9sar Azpilicueta",Sevilla,"La Liga",D,17,1233,0,0,1,1,3,4,0,0.0123,0.0123,0.565,2.7489,2.2192,0.0009,0.0009,0.0412,0.0421,0.0421,0.2006,0.162,2025/2026,7325,,
"Santiago Cazorla","Real Oviedo","La Liga","M S",29,877,0,0,1,7,28,2,1,0.3128,0.3128,2.3338,5.0035,4.3785,0.0321,0.0321,0.2395,0.2716,0.2716,0.5135,0.4493,2025/2026,7326,,
"Paulo Gazzaniga",Girona,"La Liga",GK,35,3102,0,0,0,0,0,4,1,0.0,0.0,0.0,4.2765,4.2765,0.0,0.0,0.0,0.0,0.0,0.1241,0.1241,2025/2026,7327,,
"Wojciech Szczesny",Barcelona,"La Liga",GK,8,720,0,0,0,0,0,0,0,0.0,0.0,0.0,2.344,2.344,0.0,0.0,0.0,0.0,0.0,0.293,0.293,2025/2026,7328,,
"Mat\\u00edas Vecino","Celta Vigo","La Liga","M S",6,136,0,0,0,2,0,0,0,0.0423,0.0423,0.0,0.9761,0.9568,0.028,0.028,0.0,0.028,0.028,0.6459,0.6332,2025/2026,7329,,
"Ovie Ejaria","Real Oviedo","La Liga","M S",9,207,0,0,0,3,1,1,0,0.2249,0.2249,0.0751,1.2129,1.0246,0.0978,0.0978,0.0327,0.1305,0.1305,0.5273,0.4455,2025/2026,7330,,
"Trent Alexander-Arnold","Real Madrid","La Liga","D M S",21,1175,0,0,4,10,28,4,0,0.4031,0.4031,2.0284,6.2789,5.3445,0.0309,0.0309,0.1554,0.1863,0.1863,0.4809,0.4094,2025/2026,7331,,
"Ionut Radu","Celta Vigo","La Liga",GK,38,3420,0,0,0,0,1,2,0,0.0,0.0,0.144,8.1435,7.9995,0.0,0.0,0.0038,0.0038,0.0038,0.2143,0.2105,2025/2026,7332,,
"David L\\u00f3pez",Girona,"La Liga","D S",5,300,0,0,0,1,0,0,0,0.6544,0.6544,0.0,0.7772,0.7772,0.1963,0.1963,0.0,0.1963,0.1963,0.2332,0.2332,2025/2026,7333,,
"Marc-Andr\\u00e9 ter Stegen",Girona,"La Liga",GK,2,180,0,0,0,0,0,0,0,0.0,0.0,0.0,0.0246,0.0246,0.0,0.0,0.0,0.0,0.0,0.0123,0.0123,2025/2026,7334,,
"Pau L\\u00f3pez","Real Betis","La Liga",GK,9,810,0,0,0,0,0,1,0,0.0,0.0,0.0,0.5679,0.5679,0.0,0.0,0.0,0.0,0.0,0.0631,0.0631,2025/2026,7335,,
"Joan Jord\\u00e1n",Sevilla,"La Liga",S,3,15,0,0,0,0,0,1,0,0.0,0.0,0.0,0.48,0.48,0.0,0.0,0.0,0.0,0.0,2.88,2.88,2025/2026,7336,,
"Moi G\\u00f3mez",Osasuna,"La Liga","M S",26,1202,0,0,2,11,16,3,0,0.4182,0.4182,1.9109,5.1463,3.1554,0.0313,0.0313,0.1431,0.1744,0.1744,0.3853,0.2363,2025/2026,7337,,
"Aritz Elustondo","Real Sociedad","La Liga","D S",16,723,0,0,1,4,1,0,0,0.5002,0.5002,0.0263,2.532,2.5057,0.0623,0.0623,0.0033,0.0656,0.0656,0.3152,0.3119,2025/2026,7338,,
Yuri,"Athletic Club","La Liga","D S",32,2708,0,0,6,24,30,5,0,0.6064,0.6064,4.8481,10.5602,8.3124,0.0202,0.0202,0.1611,0.1813,0.1813,0.351,0.2763,2025/2026,7339,,
"Daniel Carvajal","Real Madrid","La Liga","D S",17,965,0,0,1,5,11,0,0,0.2845,0.2845,1.9865,4.9639,3.1965,0.0265,0.0265,0.1853,0.2118,0.2118,0.463,0.2981,2025/2026,7340,,
"Jan Oblak","Atletico Madrid","La Liga",GK,30,2700,0,0,0,0,0,0,0,0.0,0.0,0.0,5.1494,5.1494,0.0,0.0,0.0,0.0,0.0,0.1716,0.1716,2025/2026,7341,,
"Gim\\u00e9nez","Atletico Madrid","La Liga","D S",16,1165,0,0,1,13,1,3,0,1.5401,1.5401,0.5038,3.9389,3.3342,0.119,0.119,0.0389,0.1579,0.1579,0.3043,0.2576,2025/2026,7342,,
Jonny,Alaves,"La Liga",D,34,3006,0,0,0,9,17,7,0,0.8803,0.8803,1.2115,11.328,9.6501,0.0264,0.0264,0.0363,0.0627,0.0627,0.3392,0.2889,2025/2026,7343,,
"Thomas Partey",Villarreal,"La Liga","M S",26,892,0,0,0,11,8,1,0,0.511,0.511,0.3268,3.9284,3.3954,0.0516,0.0516,0.033,0.0846,0.0846,0.3964,0.3426,2025/2026,7344,,
"Aar\\u00f3n","Real Oviedo","La Liga",GK,37,3330,0,0,1,0,2,4,0,0.0,0.0,0.4407,3.9036,3.4629,0.0,0.0,0.0119,0.0119,0.0119,0.1055,0.0936,2025/2026,7345,,
"Mat Ryan",Levante,"La Liga",GK,36,3240,0,0,0,2,0,4,0,0.0934,0.0934,0.0,3.368,3.2747,0.0026,0.0026,0.0,0.0026,0.0026,0.0936,0.091,2025/2026,7346,,
"\\u00cd\\u00f1igo Lekue","Athletic Club","La Liga","D S",11,607,0,0,0,3,1,2,0,0.1313,0.1313,0.0452,2.2844,2.1079,0.0195,0.0195,0.0067,0.0262,0.0262,0.3387,0.3125,2025/2026,7347,,
"David Soria",Getafe,"La Liga",GK,38,3420,0,0,0,0,1,2,0,0.0,0.0,0.0465,1.7878,1.7878,0.0,0.0,0.0012,0.0012,0.0012,0.047,0.047,2025/2026,7348,,
"Igor Zubeldia","Real Sociedad","La Liga","D S",25,2080,0,0,1,6,5,9,0,0.3189,0.3189,0.6091,6.328,5.9146,0.0138,0.0138,0.0264,0.0402,0.0402,0.2738,0.2559,2025/2026,7349,,
"Dani Ceballos","Real Madrid","La Liga","M S",16,451,0,0,0,3,9,1,0,0.0813,0.0813,0.59,5.6877,5.3595,0.0162,0.0162,0.1177,0.1339,0.1339,1.135,1.0695,2025/2026,7350,,
"Toni Lato",Mallorca,"La Liga","D M S",12,601,0,0,1,0,4,3,0,0.0,0.0,0.491,1.752,1.3571,0.0,0.0,0.0735,0.0735,0.0735,0.2624,0.2032,2025/2026,7351,,
"Aymeric Laporte","Athletic Club","La Liga","D S",25,2068,0,0,1,15,7,4,0,1.8205,1.8205,0.4414,5.2025,4.7786,0.0792,0.0792,0.0192,0.0984,0.0984,0.2264,0.208,2025/2026,7352,,
"Dimitri Foulquier",Valencia,"La Liga","D S",15,1149,0,0,0,6,6,1,0,0.425,0.425,0.2367,4.3071,4.1247,0.0333,0.0333,0.0185,0.0518,0.0518,0.3374,0.3231,2025/2026,7353,,
"Andriy Lunin","Real Madrid","La Liga",GK,6,540,0,0,0,0,0,0,0,0.0,0.0,0.0,0.9676,0.9676,0.0,0.0,0.0,0.0,0.0,0.1613,0.1613,2025/2026,7396,,
"Marcos Llorente","Atletico Madrid","La Liga","D M S",29,2190,0,0,4,18,20,5,1,2.2122,2.2122,4.2024,17.0136,12.5182,0.0909,0.0909,0.1727,0.2636,0.2636,0.6992,0.5144,2025/2026,7354,,
Remiro,"Real Sociedad","La Liga",GK,37,3330,0,0,0,0,4,1,0,0.0,0.0,0.3874,6.8135,6.4261,0.0,0.0,0.0105,0.0105,0.0105,0.1841,0.1737,2025/2026,7355,,
"Ra\\u00edllo",Mallorca,"La Liga","D S",24,2069,0,0,1,12,7,4,0,0.6312,0.6312,0.3644,4.5125,4.2022,0.0275,0.0275,0.0159,0.0434,0.0434,0.1963,0.1828,2025/2026,7356,,
"Dani Calvo","Real Oviedo","La Liga","D S",21,1688,0,0,0,4,2,2,0,0.9168,0.9168,0.4952,0.8509,0.8154,0.0489,0.0489,0.0264,0.0753,0.0753,0.0454,0.0435,2025/2026,7357,,
"Gerard Gumbau","Rayo Vallecano","La Liga","M S",28,1153,0,0,3,20,23,4,0,1.1358,1.1358,2.5144,6.0543,4.4699,0.0887,0.0887,0.1963,0.285,0.285,0.4726,0.3489,2025/2026,7358,,
"Stole Dimitrievski",Valencia,"La Liga",GK,20,1800,0,0,0,0,0,1,0,0.0,0.0,0.0,2.7047,2.7047,0.0,0.0,0.0,0.0,0.0,0.1352,0.1352,2025/2026,7359,,
"\\u00d3scar Trejo","Rayo Vallecano","La Liga","M S",7,131,0,0,1,1,7,1,0,0.1115,0.1115,0.7296,1.5641,0.7661,0.0766,0.0766,0.5013,0.5779,0.5779,1.0746,0.5263,2025/2026,7360,,
"Unai L\\u00f3pez","Rayo Vallecano","La Liga","M S",28,1637,0,0,4,22,36,6,1,1.0072,1.0072,2.5208,7.0146,5.052,0.0554,0.0554,0.1386,0.194,0.194,0.3857,0.2778,2025/2026,7361,,
"\\u00c1lex Moreno",Girona,"La Liga","D S",31,2554,0,0,3,17,16,5,0,1.5723,1.5723,2.9179,10.6224,6.9711,0.0554,0.0554,0.1028,0.1582,0.1582,0.3743,0.2457,2025/2026,7362,,
"Javi Mu\\u00f1oz",Getafe,"La Liga","F M S",17,527,0,0,0,14,7,0,0,0.3324,0.3324,0.2619,0.9011,0.4265,0.0568,0.0568,0.0447,0.1015,0.1015,0.1539,0.0728,2025/2026,7363,,
"Aitor Fern\\u00e1ndez",Osasuna,"La Liga","GK S",2,134,0,0,0,0,0,0,0,0.0,0.0,0.0,0.107,0.107,0.0,0.0,0.0,0.0,0.0,0.0719,0.0719,2025/2026,7364,,
"Clement Lenglet","Atletico Madrid","La Liga","D S",19,1402,0,0,1,5,4,4,1,0.3036,0.3036,0.3937,6.491,6.3688,0.0195,0.0195,0.0253,0.0448,0.0448,0.4167,0.4088,2025/2026,7365,,
"Carles Ale\\u00f1\\u00e1",Alaves,"La Liga","F M S",34,2002,0,0,4,29,37,5,0,2.2456,2.2456,4.068,7.8373,3.8911,0.101,0.101,0.1829,0.2839,0.2839,0.3523,0.1749,2025/2026,7366,,
"Yeray \\u00c1lvarez","Athletic Club","La Liga","D S",7,517,0,0,0,1,3,0,0,0.1283,0.1283,0.1134,2.1851,2.1121,0.0223,0.0223,0.0197,0.042,0.042,0.3804,0.3677,2025/2026,7367,,
"Diego Rico",Getafe,"La Liga","D S",28,1723,0,0,0,11,10,3,0,0.2927,0.2927,0.8773,1.4687,0.5435,0.0153,0.0153,0.0458,0.0611,0.0611,0.0767,0.0284,2025/2026,7368,,
"Mikel Vesga","Athletic Club","La Liga","M S",23,402,0,0,0,3,4,0,0,0.2158,0.2158,0.1244,1.2044,1.0427,0.0483,0.0483,0.0279,0.0762,0.0762,0.2696,0.2334,2025/2026,7369,,
Mariano,Alaves,"La Liga","F S",10,269,0,0,0,6,2,1,0,0.2498,0.2498,0.7593,1.0281,0.0191,0.0836,0.0836,0.254,0.3376,0.3376,0.344,0.0064,2025/2026,7370,,
"Nacho Vidal","Real Oviedo","La Liga","D S",30,2383,0,0,0,17,7,4,0,2.8599,2.8599,0.3238,5.2956,2.3656,0.108,0.108,0.0122,0.1202,0.1202,0.2,0.0893,2025/2026,7371,,
"Jon Guridi",Alaves,"La Liga","F M S",28,1251,0,0,0,15,11,1,0,1.6204,1.6204,0.5416,5.2979,3.6625,0.1166,0.1166,0.039,0.1556,0.1556,0.3811,0.2635,2025/2026,7372,,
"Unai Sim\\u00f3n","Athletic Club","La Liga",GK,37,3330,0,0,0,0,1,1,0,0.0,0.0,0.0319,3.199,3.1671,0.0,0.0,0.0009,0.0009,0.0009,0.0865,0.0856,2025/2026,7373,,
Raba,Valencia,"La Liga","F S",13,247,0,0,1,9,2,0,0,0.37,0.37,0.3187,0.655,0.2562,0.1348,0.1348,0.1161,0.2509,0.2509,0.2387,0.0934,2025/2026,7374,,
"Josip Brekalo","Real Oviedo","La Liga","F M S",14,482,0,0,0,9,11,1,0,0.3089,0.3089,1.6458,2.2394,0.8675,0.0577,0.0577,0.3073,0.365,0.365,0.4181,0.162,2025/2026,7375,,
"Iv\\u00e1n Balliu","Rayo Vallecano","La Liga","D S",14,572,0,0,0,4,3,3,0,0.9272,0.9272,0.0937,2.0416,1.0688,0.1459,0.1459,0.0147,0.1606,0.1606,0.3212,0.1682,2025/2026,7376,,
"Mihailo Ristic","Celta Vigo","La Liga","D S",5,266,0,0,0,1,2,0,0,0.0161,0.0161,0.066,0.6197,0.5376,0.0054,0.0054,0.0223,0.0277,0.0277,0.2097,0.1819,2025/2026,7377,,
"Antonio Sivera",Alaves,"La Liga",GK,38,3420,0,0,0,0,0,3,0,0.0,0.0,0.0,3.3322,3.3322,0.0,0.0,0.0,0.0,0.0,0.0877,0.0877,2025/2026,7378,,
Portu,Girona,"La Liga","F M S",10,463,0,0,0,9,3,2,0,1.6742,1.6742,0.1896,2.0533,0.457,0.3254,0.3254,0.0369,0.3623,0.3623,0.3991,0.0888,2025/2026,7379,,
"Unai N\\u00fa\\u00f1ez",Valencia,"La Liga","D S",13,927,0,0,0,9,2,3,0,0.3964,0.3964,0.3761,2.8109,2.4664,0.0385,0.0385,0.0365,0.075,0.075,0.2729,0.2395,2025/2026,7380,,
"Djen\\u00e9 Dakonam",Getafe,"La Liga","D M S",34,2601,0,0,0,3,3,10,2,0.0687,0.0687,0.2226,2.8947,2.7105,0.0024,0.0024,0.0077,0.0101,0.0101,0.1002,0.0938,2025/2026,7381,,
"Luiz Felipe","Rayo Vallecano","La Liga","D S",10,473,0,0,0,3,1,1,0,0.237,0.237,0.0198,0.7661,0.7661,0.0451,0.0451,0.0038,0.0489,0.0489,0.1458,0.1458,2025/2026,7382,,
"Marko Dmitrovic",Espanyol,"La Liga",GK,37,3330,0,0,0,0,1,0,0,0.0,0.0,0.0304,4.6126,4.5822,0.0,0.0,0.0008,0.0008,0.0008,0.1247,0.1238,2025/2026,7383,,
"Ferland Mendy","Real Madrid","La Liga","D S",5,204,0,0,0,0,0,0,0,0.0,0.0,0.0,0.4247,0.4247,0.0,0.0,0.0,0.0,0.0,0.1874,0.1874,2025/2026,7384,,
"Johan Mojica",Mallorca,"La Liga","D S",35,2723,0,0,4,17,35,6,1,0.8062,0.8062,3.9278,9.0513,5.7882,0.0266,0.0266,0.1298,0.1564,0.1564,0.2992,0.1913,2025/2026,7385,,
"Diego Pamp\\u00edn",Levante,"La Liga","D S",8,526,0,0,0,3,3,3,0,0.1348,0.1348,0.104,1.4976,1.2589,0.0231,0.0231,0.0178,0.0409,0.0409,0.2562,0.2154,2025/2026,7386,,
"Juan Foyth",Villarreal,"La Liga","D S",13,946,0,0,0,2,0,2,0,0.0737,0.0737,0.0,4.5237,4.5237,0.007,0.007,0.0,0.007,0.007,0.4304,0.4304,2025/2026,7387,,
"Marash Kumbulla",Mallorca,"La Liga","D S",8,434,0,0,0,3,1,1,0,0.0869,0.0869,0.0226,0.6234,0.5608,0.018,0.018,0.0047,0.0227,0.0227,0.1293,0.1163,2025/2026,7388,,
"Andoni Gorosabel","Athletic Club","La Liga","D S",24,1347,0,0,1,5,16,3,0,0.2155,0.2155,1.2898,6.461,5.6608,0.0144,0.0144,0.0862,0.1006,0.1006,0.4317,0.3782,2025/2026,7389,,
"J\\u00fanior Firpo","Real Betis","La Liga","D S",12,846,0,0,1,5,8,2,0,0.4448,0.4448,0.9574,2.8417,2.3681,0.0473,0.0473,0.1019,0.1492,0.1492,0.3023,0.2519,2025/2026,7390,,
"Sergio G\\u00f3mez","Real Sociedad","La Liga","D M S",35,2712,0,0,6,12,45,5,1,0.85,0.85,7.4149,11.9005,8.4961,0.0282,0.0282,0.2461,0.2743,0.2743,0.3949,0.282,2025/2026,7391,,
"Fernando Calero",Espanyol,"La Liga","D S",28,2159,0,0,0,11,3,5,0,2.003,2.003,0.5544,2.6129,2.4084,0.0835,0.0835,0.0231,0.1066,0.1066,0.1089,0.1004,2025/2026,7392,,
"Lucas Torr\\u00f3",Osasuna,"La Liga","M S",34,2362,0,0,1,29,15,6,0,2.2391,2.2391,1.2621,5.1234,3.7547,0.0853,0.0853,0.0481,0.1334,0.1334,0.1952,0.1431,2025/2026,7393,,
"David Hancko","Atletico Madrid","La Liga","D S",30,2443,0,0,2,21,13,2,0,1.6438,1.6438,2.1514,12.4206,10.1751,0.0606,0.0606,0.0793,0.1399,0.1399,0.4576,0.3749,2025/2026,7394,,
"Juan Musso","Atletico Madrid","La Liga",GK,8,720,0,0,0,0,0,2,0,0.0,0.0,0.0,2.4608,2.4608,0.0,0.0,0.0,0.0,0.0,0.3076,0.3076,2025/2026,7395,,
"I\\u00f1aki Pe\\u00f1a",Elche,"La Liga",GK,16,1440,0,0,0,0,3,0,0,0.0,0.0,0.4041,3.8977,3.578,0.0,0.0,0.0253,0.0253,0.0253,0.2436,0.2236,2025/2026,7397,,
"Bryan Gil Salvatierra",Girona,"La Liga","F M S",29,1607,0,0,3,27,21,5,0,3.1422,3.1422,3.6251,11.0896,6.9965,0.176,0.176,0.203,0.379,0.379,0.6211,0.3918,2025/2026,7398,,
"Yangel Herrera","Girona,Real Sociedad","La Liga","M S",14,638,0,0,0,6,2,2,0,0.689,0.689,0.0549,1.6792,1.4945,0.0972,0.0972,0.0077,0.1049,0.1049,0.2369,0.2108,2025/2026,7399,,
"Javi Gal\\u00e1n","Atletico Madrid,Osasuna","La Liga","D S",25,1806,0,0,1,6,30,3,0,0.1987,0.1987,1.9445,6.0011,4.9554,0.0099,0.0099,0.0969,0.1068,0.1068,0.2991,0.2469,2025/2026,7400,,
"Alex Sola",Getafe,"La Liga",S,1,10,0,0,0,0,0,0,0,0.0,0.0,0.0,0.0,0.0,0.0,0.0,0.0,0.0,0.0,0.0,0.0,2025/2026,7401,,
"Giacomo Raspadori","Atletico Madrid","La Liga","F S",12,203,0,0,1,7,4,1,0,0.8767,0.8767,0.9504,1.948,0.2688,0.3887,0.3887,0.4214,0.8101,0.8101,0.8636,0.1192,2025/2026,7402,,
"Andrei Ratiu","Rayo Vallecano","La Liga","D M S",35,2791,0,0,4,31,44,8,0,2.3735,2.3735,6.1948,16.0894,11.3906,0.0765,0.0765,0.1998,0.2763,0.2763,0.5188,0.3673,2025/2026,7403,,
"Iv\\u00e1n Mart\\u00edn",Girona,"La Liga","M S",35,2558,0,0,1,13,26,3,1,1.1094,1.1094,2.1766,10.8346,8.4797,0.039,0.039,0.0766,0.1156,0.1156,0.3812,0.2983,2025/2026,7404,,
"Abel Ruiz",Girona,"La Liga",S,9,168,0,0,0,5,2,0,0,0.292,0.292,0.1312,1.2712,0.8878,0.1564,0.1564,0.0703,0.2267,0.2267,0.681,0.4756,2025/2026,7405,,
"Leo Petrot",Elche,"La Liga","D S",32,1572,0,0,0,8,1,2,1,0.4957,0.4957,0.0252,4.4949,4.2731,0.0284,0.0284,0.0014,0.0298,0.0298,0.2573,0.2446,2025/2026,7406,,
"Moussa Diarra",Alaves,"La Liga",D,3,225,0,0,0,0,1,1,0,0.0,0.0,0.0151,0.0613,0.0613,0.0,0.0,0.006,0.006,0.006,0.0245,0.0245,2025/2026,7407,,
"Carl Starfelt","Celta Vigo","La Liga","D S",19,1492,0,0,0,4,1,1,1,0.3869,0.3869,0.0777,6.1812,6.1283,0.0233,0.0233,0.0047,0.028,0.028,0.3729,0.3697,2025/2026,7408,,
"Joseph Aidoo","Celta Vigo","La Liga","D S",8,640,0,0,0,2,0,0,0,0.3532,0.3532,0.0,1.9199,1.9199,0.0497,0.0497,0.0,0.0497,0.0497,0.27,0.27,2025/2026,7409,,
"Martin Valjent",Mallorca,"La Liga",D,37,3311,0,0,0,17,3,6,0,0.9677,0.9677,0.14,9.1919,8.8536,0.0263,0.0263,0.0038,0.0301,0.0301,0.2499,0.2407,2025/2026,7410,,
"Dani Rodr\\u00edguez",Mallorca,"La Liga",S,2,56,0,0,0,1,0,0,0,0.0235,0.0235,0.0,0.0965,0.0731,0.0378,0.0378,0.0,0.0378,0.0378,0.1551,0.1175,2025/2026,7411,,
"Jon Moncayola",Osasuna,"La Liga","D M S",36,3061,0,0,4,23,39,9,0,2.3342,2.3342,4.8579,10.2133,5.1489,0.0686,0.0686,0.1428,0.2114,0.2114,0.3003,0.1514,2025/2026,7412,,
"Sergio Herrera",Osasuna,"La Liga",GK,37,3284,0,0,0,0,0,3,1,0.0,0.0,0.0,2.1348,2.1348,0.0,0.0,0.0,0.0,0.0,0.0585,0.0585,2025/2026,7413,,
"Sheraldo Becker",Osasuna,"La Liga",S,9,124,0,0,0,3,2,0,0,0.1651,0.1651,0.2504,0.4155,0.0,0.1198,0.1198,0.1817,0.3015,0.3015,0.3016,0.0,2025/2026,7414,,
"Sofyan Amrabat","Real Betis","La Liga","M S",17,1297,0,0,0,8,7,4,0,0.2392,0.2392,0.2396,3.9774,3.5761,0.0166,0.0166,0.0166,0.0332,0.0332,0.276,0.2481,2025/2026,7415,,
"Nianzou Kouassi",Sevilla,"La Liga","D S",12,670,0,0,0,9,2,5,1,0.5957,0.5957,0.1418,1.8371,1.6803,0.08,0.08,0.019,0.099,0.099,0.2468,0.2257,2025/2026,7416,,
"Abd\\u00f3n Prats",Mallorca,"La Liga",S,15,92,0,0,0,5,2,0,0,0.6958,0.6958,0.115,1.3356,0.6818,0.6807,0.6807,0.1125,0.7932,0.7932,1.3066,0.667,2025/2026,7417,,
"Thierry Correia",Valencia,"La Liga","D S",24,1386,0,0,2,5,13,5,0,0.2801,0.2801,1.7092,5.6486,4.1336,0.0182,0.0182,0.111,0.1292,0.1292,0.3668,0.2684,2025/2026,7418,,
"Daniel C\\u00e1rdenas","Rayo Vallecano","La Liga",GK,4,360,0,0,0,0,0,0,0,0.0,0.0,0.0,0.9386,0.9386,0.0,0.0,0.0,0.0,0.0,0.2346,0.2346,2025/2026,7419,,
"Logan Costa",Villarreal,"La Liga",S,2,21,0,0,0,0,1,0,0,0.0,0.0,0.1427,0.4286,0.4286,0.0,0.0,0.6116,0.6116,0.6116,1.8369,1.8369,2025/2026,7420,,
"Unai Vencedor",Levante,"La Liga","M S",16,837,0,0,0,0,12,3,1,0.0,0.0,1.5092,2.1353,1.1438,0.0,0.0,0.1623,0.1623,0.1623,0.2296,0.123,2025/2026,7421,,
"Juanlu Sanchez",Sevilla,"La Liga","D M S",32,2016,0,0,3,14,22,4,1,0.7495,0.7495,1.8987,5.3906,3.3558,0.0335,0.0335,0.0848,0.1183,0.1183,0.2407,0.1498,2025/2026,7422,,
"Javier L\\u00f3pez","Real Oviedo","La Liga","D S",26,1825,0,0,1,7,18,3,1,0.7023,0.7023,1.1922,3.9715,3.4307,0.0346,0.0346,0.0588,0.0934,0.0934,0.1959,0.1692,2025/2026,7423,,
"Sergio Lozano",Levante,"La Liga",S,1,7,0,0,0,0,0,0,0,0.0,0.0,0.0,0.0,0.0,0.0,0.0,0.0,0.0,0.0,0.0,0.0,2025/2026,7424,,
"Jon Pacheco Dozagarat",Alaves,"La Liga","D S",22,1737,0,0,0,4,5,3,1,0.243,0.243,0.7594,1.9814,1.8342,0.0126,0.0126,0.0393,0.0519,0.0519,0.1027,0.095,2025/2026,7425,,
"Aimar Oroz",Osasuna,"La Liga","F M S",31,2175,0,0,2,29,37,6,0,1.6444,1.6444,3.741,7.1478,4.4076,0.068,0.068,0.1548,0.2228,0.2228,0.2958,0.1824,2025/2026,7426,,
"Arnau Tenas",Villarreal,"La Liga",GK,11,990,0,0,0,0,0,0,0,0.0,0.0,0.0,0.717,0.717,0.0,0.0,0.0,0.0,0.0,0.0652,0.0652,2025/2026,7427,,
"Raul Moro",Osasuna,"La Liga","M S",14,628,0,0,2,6,9,0,0,0.2313,0.2313,1.7048,3.4136,1.6931,0.0331,0.0331,0.2443,0.2774,0.2774,0.4892,0.2426,2025/2026,7428,,
"Yvan Neyou",Getafe,"La Liga",S,5,49,0,0,0,0,0,2,0,0.0,0.0,0.0,0.0,0.0,0.0,0.0,0.0,0.0,0.0,0.0,0.0,2025/2026,7429,,
"Juan Cruz",Osasuna,"La Liga","D S",15,644,0,0,0,1,2,1,0,0.5461,0.5461,0.0736,1.5107,1.437,0.0763,0.0763,0.0103,0.0866,0.0866,0.2111,0.2008,2025/2026,7430,,
"Arsen Zakharyan","Real Sociedad","La Liga","M S",17,424,0,0,0,14,10,2,0,1.1045,1.1045,1.1248,2.9857,1.2411,0.2344,0.2344,0.2388,0.4732,0.4732,0.6338,0.2634,2025/2026,7431,,
"Oriol Rey",Levante,"La Liga","M S",20,1316,0,0,1,8,10,3,0,0.3515,0.3515,0.2576,6.5609,6.0778,0.024,0.024,0.0176,0.0416,0.0416,0.4487,0.4157,2025/2026,7432,,
"Donny van de Beek",Girona,"La Liga","M S",2,37,0,0,0,2,0,0,0,0.0775,0.0775,0.0,0.3745,0.297,0.1885,0.1885,0.0,0.1885,0.1885,0.9109,0.7224,2025/2026,7433,,
"Urko Gonzalez","Espanyol,Real Sociedad","La Liga","M S",36,2615,0,0,1,18,10,7,0,0.6285,0.6285,0.3392,5.9332,5.2712,0.0216,0.0216,0.0117,0.0333,0.0333,0.2042,0.1814,2025/2026,7434,,
"Matteo Ruggeri","Atletico Madrid","La Liga","D S",26,1767,0,0,3,5,25,4,0,0.2124,0.2124,3.9594,12.7043,10.5547,0.0108,0.0108,0.2017,0.2125,0.2125,0.6471,0.5376,2025/2026,7435,,
Josan,Elche,"La Liga","D M S",19,525,0,0,3,3,20,2,0,0.2788,0.2788,2.9174,4.8111,2.1067,0.0478,0.0478,0.5001,0.5479,0.5479,0.8248,0.3611,2025/2026,7436,,
"Jos\\u00e9 Salinas",Espanyol,"La Liga","D S",11,232,0,0,0,1,4,2,0,0.0947,0.0947,0.129,1.0751,0.9604,0.0367,0.0367,0.05,0.0867,0.0867,0.4171,0.3726,2025/2026,7437,,
"Mourad El Ghezouani",Elche,"La Liga",S,2,42,0,0,0,1,1,0,0,0.1102,0.1102,0.0302,0.258,0.1177,0.2361,0.2361,0.0647,0.3008,0.3008,0.5529,0.2522,2025/2026,7438,,
"Jairo Izquierdo",Elche,"La Liga",S,1,22,0,0,0,0,0,0,0,0.0,0.0,0.0,0.0,0.0,0.0,0.0,0.0,0.0,0.0,0.0,0.0,2025/2026,7439,,
"Yeremi Pino",Villarreal,"La Liga",M,2,165,0,0,1,2,6,0,0,0.1251,0.1251,0.8603,2.0281,1.4559,0.0682,0.0682,0.4693,0.5375,0.5375,1.1062,0.7941,2025/2026,7440,,
"Unai Marrero","Real Sociedad","La Liga",GK,1,90,0,0,0,0,0,1,0,0.0,0.0,0.0,0.0421,0.0421,0.0,0.0,0.0,0.0,0.0,0.0421,0.0421,2025/2026,7441,,
"Jes\\u00fas V\\u00e1zquez",Valencia,"La Liga","D S",24,936,0,0,0,8,14,2,0,0.291,0.291,1.5233,5.8418,4.4134,0.028,0.028,0.1465,0.1745,0.1745,0.5617,0.4244,2025/2026,7442,,
"Abdelkabir Abqar",Getafe,"La Liga","D S",23,1479,0,0,2,7,4,10,1,0.3874,0.3874,0.7393,0.4711,0.3117,0.0236,0.0236,0.045,0.0686,0.0686,0.0287,0.019,2025/2026,7443,,
"Pablo Cu\\u00f1at",Levante,"La Liga",GK,2,180,0,0,0,0,0,0,0,0.0,0.0,0.0,0.0,0.0,0.0,0.0,0.0,0.0,0.0,0.0,0.0,2025/2026,7444,,
"Be\\u00f1at Turrientes","Real Sociedad","La Liga","M S",27,1355,0,0,3,20,12,7,0,0.8818,0.8818,1.1863,5.5794,4.0647,0.0586,0.0586,0.0788,0.1374,0.1374,0.3706,0.27,2025/2026,7445,,
"Be\\u00f1at Prados","Athletic Club","La Liga","M S",2,87,0,0,0,1,2,1,0,0.0202,0.0202,0.0366,0.1661,0.1295,0.0209,0.0209,0.0379,0.0588,0.0588,0.1718,0.134,2025/2026,7446,,
"Carlos Dom\\u00ednguez","Celta Vigo","La Liga","D S",8,602,0,0,0,2,1,1,0,0.4936,0.4936,0.0324,2.6786,2.6462,0.0738,0.0738,0.0048,0.0786,0.0786,0.4005,0.3956,2025/2026,7447,,
"Hugo Sotelo","Celta Vigo","La Liga","M S",20,1350,0,0,2,2,25,3,0,0.0897,0.0897,2.2126,7.0939,6.4456,0.006,0.006,0.1475,0.1535,0.1535,0.4729,0.4297,2025/2026,7448,,
"Jes\\u00fas Areso","Athletic Club","La Liga","D S",26,1498,0,0,1,3,23,3,0,0.0955,0.0955,1.5606,2.9734,2.215,0.0057,0.0057,0.0938,0.0995,0.0995,0.1786,0.1331,2025/2026,7449,,
"Joan Garc\\u00eda",Barcelona,"La Liga",GK,30,2700,0,0,0,0,0,1,0,0.0,0.0,0.0,11.5223,11.5223,0.0,0.0,0.0,0.0,0.0,0.3841,0.3841,2025/2026,7450,,
"Mat\\u00edas Dituro",Elche,"La Liga",GK,22,1980,0,0,0,0,2,1,0,0.0,0.0,0.1083,4.0582,3.9499,0.0,0.0,0.0049,0.0049,0.0049,0.1845,0.1795,2025/2026,7451,,
Gavi,Barcelona,"La Liga","M S",11,578,0,0,1,0,8,3,0,0.0,0.0,0.6858,3.0562,2.5582,0.0,0.0,0.1068,0.1068,0.1068,0.4759,0.3983,2025/2026,7452,,
"\\u00c1lex Balde",Barcelona,"La Liga","D S",28,1910,0,0,2,10,23,1,0,0.7528,0.7528,2.8991,16.041,12.8915,0.0355,0.0355,0.1366,0.1721,0.1721,0.7559,0.6075,2025/2026,7453,,
"Julen Agirrezabala",Valencia,"La Liga",GK,18,1620,0,0,0,0,1,1,0,0.0,0.0,0.0134,0.8107,0.8107,0.0,0.0,0.0007,0.0007,0.0007,0.045,0.045,2025/2026,7454,,
"Leo Rom\\u00e1n",Mallorca,"La Liga",GK,33,2970,0,0,0,0,0,4,0,0.0,0.0,0.0,3.9814,3.9814,0.0,0.0,0.0,0.0,0.0,0.1206,0.1206,2025/2026,7455,,
"Jon Karrikaburu","Real Sociedad","La Liga",S,7,107,0,0,0,7,1,0,0,0.7094,0.7094,0.0239,0.4836,0.0,0.5967,0.5967,0.0201,0.6168,0.6168,0.4068,0.0,2025/2026,7456,,
"Antonio S\\u00e1nchez",Mallorca,"La Liga","D M S",30,1016,0,0,0,6,12,3,1,0.5343,0.5343,1.0588,3.9616,2.471,0.0473,0.0473,0.0938,0.1411,0.1411,0.3509,0.2189,2025/2026,7457,,
"Rub\\u00e9n S\\u00e1nchez",Espanyol,"La Liga","D M S",21,774,0,0,1,8,10,2,0,0.1751,0.1751,1.1053,4.2394,3.1734,0.0204,0.0204,0.1285,0.1489,0.1489,0.493,0.369,2025/2026,7458,,
"Hugo Gonzalez","Celta Vigo","La Liga",S,1,4,0,0,0,0,0,0,0,0.0,0.0,0.0,0.0,0.0,0.0,0.0,0.0,0.0,0.0,0.0,0.0,2025/2026,7459,,
"Carlos Mart\\u00edn","Rayo Vallecano","La Liga","F M S",11,473,0,0,0,9,3,1,0,1.1495,1.1495,0.579,2.4937,0.8341,0.2187,0.2187,0.1102,0.3289,0.3289,0.4745,0.1587,2025/2026,7460,,
"C\\u00e9sar T\\u00e1rrega",Valencia,"La Liga","D S",32,2588,0,0,0,11,2,7,0,0.6627,0.6627,0.0902,6.7608,6.6957,0.023,0.023,0.0031,0.0261,0.0261,0.2351,0.2328,2025/2026,7461,,
"Ilias Akhomach","Rayo Vallecano,Villarreal","La Liga","F M S",20,876,0,0,1,24,13,2,0,2.5969,2.5969,1.5596,5.8165,2.7779,0.2668,0.2668,0.1602,0.427,0.427,0.5976,0.2854,2025/2026,7462,,
"Javi Llabr\\u00e9s",Mallorca,"La Liga","M S",16,147,0,0,0,5,1,0,0,0.3135,0.3135,0.0437,0.359,0.0749,0.1919,0.1919,0.0268,0.2187,0.2187,0.2198,0.0459,2025/2026,7463,,
"Rub\\u00e9n Iranzo",Valencia,"La Liga",S,1,1,0,0,0,0,0,0,0,0.0,0.0,0.0,0.0,0.0,0.0,0.0,0.0,0.0,0.0,0.0,0.0,2025/2026,7464,,
Zito,Mallorca,"La Liga","F M S",10,511,0,0,2,9,9,1,0,0.9732,0.9732,0.9998,2.6189,0.6459,0.1714,0.1714,0.1761,0.3475,0.3475,0.4613,0.1138,2025/2026,7465,,
"Ugo Raghouber",Levante,"La Liga","M S",16,705,0,0,0,3,4,1,0,0.0831,0.0831,0.1726,1.1282,1.0099,0.0106,0.0106,0.022,0.0326,0.0326,0.144,0.1289,2025/2026,7466,,
"Abu Kamara",Getafe,"La Liga","M S",12,210,0,0,0,4,3,1,0,0.4204,0.4204,0.0989,0.596,0.0767,0.1802,0.1802,0.0424,0.2226,0.2226,0.2554,0.0329,2025/2026,7467,,
"Dami\\u00e1n Rodr\\u00edguez","Celta Vigo","La Liga",M,2,155,0,0,0,3,2,1,0,0.0666,0.0666,0.1211,1.6293,1.5556,0.0387,0.0387,0.0703,0.109,0.109,0.946,0.9033,2025/2026,7468,,
"Luca Koleosho",Espanyol,"La Liga",S,3,48,0,0,0,1,1,0,0,0.0243,0.0243,0.0189,0.246,0.2028,0.0456,0.0456,0.0354,0.081,0.081,0.4612,0.3803,2025/2026,7469,,
"Jorge Herrando",Osasuna,"La Liga","D S",28,1597,0,0,1,3,2,3,0,0.1707,0.1707,0.6935,1.8341,1.8011,0.0096,0.0096,0.0391,0.0487,0.0487,0.1034,0.1015,2025/2026,7470,,
"\\u00c1ngel Fortu\\u00f1o",Espanyol,"La Liga",GK,1,90,0,0,0,0,0,0,0,0.0,0.0,0.0,0.0523,0.0523,0.0,0.0,0.0,0.0,0.0,0.0523,0.0523,2025/2026,7471,,
"Omar El Hilali",Espanyol,"La Liga","D S",36,2853,0,0,2,1,17,9,0,0.0137,0.0137,1.6936,5.0947,3.9731,0.0004,0.0004,0.0534,0.0538,0.0538,0.1607,0.1253,2025/2026,7472,,
Copete,Valencia,"La Liga","D S",21,1767,0,0,0,13,5,5,0,1.9447,1.9447,0.1643,4.537,4.4767,0.0991,0.0991,0.0084,0.1075,0.1075,0.2311,0.228,2025/2026,7473,,
"Andr\\u00e9 Almeida",Valencia,"La Liga","F M S",22,1007,0,0,2,9,19,0,0,0.8747,0.8747,2.185,6.3053,4.3094,0.0782,0.0782,0.1953,0.2735,0.2735,0.5635,0.3851,2025/2026,7474,,
"Veljko Birmancevic",Getafe,"La Liga","F S",6,129,0,0,0,2,2,0,0,0.0635,0.0635,0.1095,1.4937,1.3208,0.0443,0.0443,0.0764,0.1207,0.1207,1.0421,0.9215,2025/2026,7475,,
"Abdul Mumin","Rayo Vallecano","La Liga","D S",3,77,0,0,0,0,0,0,0,0.0,0.0,0.0,0.5604,0.5604,0.0,0.0,0.0,0.0,0.0,0.655,0.655,2025/2026,7476,,
"Marc Casad\\u00f3",Barcelona,"La Liga","M S",24,957,0,0,1,11,14,1,0,1.0334,1.0334,0.5816,8.211,6.8881,0.0972,0.0972,0.0547,0.1519,0.1519,0.7722,0.6478,2025/2026,7477,,
"Pablo Mar\\u00edn","Real Sociedad","La Liga","M S",34,1491,0,0,1,13,13,2,0,1.2478,1.2478,1.8538,7.0446,4.1127,0.0753,0.0753,0.1119,0.1872,0.1872,0.4252,0.2483,2025/2026,7478,,
"Manu Bueno",Sevilla,"La Liga","M S",8,256,0,0,0,2,2,2,0,0.1112,0.1112,0.2006,1.3741,1.1736,0.0391,0.0391,0.0705,0.1096,0.1096,0.4831,0.4126,2025/2026,7479,,
"Cyril Ngonge",Espanyol,"La Liga","M S",9,441,0,0,2,11,8,4,0,0.4528,0.4528,1.3368,1.2892,0.1015,0.0924,0.0924,0.2728,0.3652,0.3652,0.2631,0.0207,2025/2026,7480,,
"Gabriel Suazo",Sevilla,"La Liga","D S",29,2107,0,0,2,5,36,7,0,0.3102,0.3102,2.7886,6.1959,4.4861,0.0133,0.0133,0.1191,0.1324,0.1324,0.2647,0.1916,2025/2026,7481,,
"Dawda Camara",Girona,"La Liga","F S",2,73,0,0,0,2,1,0,0,0.1603,0.1603,0.0742,0.1399,0.0,0.1976,0.1976,0.0915,0.2891,0.2891,0.1725,0.0,2025/2026,7482,,
"Renato Veiga",Villarreal,"La Liga","D S",33,2553,0,0,0,9,3,5,1,0.1982,0.1982,0.1172,12.0812,11.9307,0.007,0.007,0.0041,0.0111,0.0111,0.4259,0.4206,2025/2026,7483,,
"Iker Mu\\u00f1oz",Osasuna,"La Liga","M S",19,928,0,0,0,9,5,5,0,0.3215,0.3215,0.2523,1.8852,1.5861,0.0312,0.0312,0.0245,0.0557,0.0557,0.1828,0.1538,2025/2026,7484,,
"Haissem Hassan","Real Oviedo","La Liga","F M S",38,1937,0,0,3,34,19,1,0,1.9617,1.9617,1.7975,5.3906,2.5028,0.0911,0.0911,0.0835,0.1746,0.1746,0.2505,0.1163,2025/2026,7485,,
"Justin-Noel Kalumba",Mallorca,"La Liga","F S",3,81,0,0,0,1,0,0,0,0.0639,0.0639,0.0,0.3317,0.2678,0.071,0.071,0.0,0.071,0.071,0.3686,0.2976,2025/2026,7486,,
"Yago Alonso",Elche,"La Liga","M S",9,275,0,0,0,2,2,1,0,0.1545,0.1545,0.0823,0.6895,0.5053,0.0506,0.0506,0.0269,0.0775,0.0775,0.2257,0.1654,2025/2026,7487,,