name,team,league,apps,minutes,player_id,fotmob_rating,fotmob_mins_played,fotmob_accurate_passes,fotmob_key_passes,fotmob_xa,fotmob_xa_p90,fotmob_xg_xa_p90,fotmob_dribbles_won,defensive_contributions,fotmob_tackles,fotmob_clearances,ball_recovery,fotmob_penalties_conceded,fotmob_clean_sheets,fotmob_save_pct,fotmob_saves,fotmob_goals_prevented,fotmob_goals_conceded,fotmob_fouls,fotmob_yellow_cards,fotmob_interceptions,fotmob_big_chances_created,fotmob_goals,fotmob_goals_assists,fotmob_goals_p90,fotmob_xg,fotmob_xg_p90,fotmob_xgot,fotmob_shots_on_target,fotmob_shots,fotmob_accurate_long_balls,fotmob_big_chances_missed,fotmob_blocks,fotmob_poss_won_att_3rd,fotmob_assists,fotmob_penalties_won,fotmob_red_cards,fotmob_phys_top_speed,fotmob_phys_distance,fotmob_phys_sprints,fotmob_phys_distance_p90,fotmob_phys_sprints_p90,season,row_id,norm_name,source
"Bart Verbruggen",10204,"Premier League",,,1131987,6.93,3420,31,1,0.1,0,0,0,0.9,0,0.8,8.7,1,10,69.7,2.8,2,1.2,0.1,3,,,,,,,,,,,,,,,,,,,,,,,2025/2026,23441,,
"Bernd Leno",9879,"Premier League",,,215168,6.84,3420,28.4,,0,0,0,,1.3,0.1,1.2,8.4,,9,65.8,2.6,-6,1.3,,3,0,,,,,,,,,,,,,,,,,,,,,,2025/2026,23442,,
"Djordje Petrovic",8678,"Premier League",,,1067256,6.94,3420,15.3,,0,0,0,,1.6,,1.6,7.5,,11,66.9,2.9,-3,1.4,,3,,,,,,,,,,,,,,,,,,,,,,,2025/2026,23443,,
"Jordan Pickford",8668,"Premier League",,,303919,6.94,3420,23.3,2,0.2,0.01,0.01,,1.4,0.1,1.4,8.2,1,11,66.7,2.6,2.8,1.3,0,4,,1,,,,,,,,,,,,,,,,,,,,,2025/2026,23444,,
"Virgil van Dijk",8650,"Premier League",,,209405,7.26,3420,65.4,12,1.3,0.04,0.13,0.1,9.2,0.6,7.2,2.3,1,,,,,,0.5,4,0.7,,6,6,0.16,3.8,0.1,4.9,0.4,0.8,3.6,8,0.7,0.1,,,,,,,,,2025/2026,23445,,
"James Garner",8668,"Premier League",,,950474,7.4,3414,41.2,56,6,0.16,0.21,0.5,12.1,3.2,2.2,4.9,,,,,,,1,12,1.6,12,2,9,0.05,2,0.05,1.3,0.4,1.2,1.6,,0.3,0.4,7,,,,,,,,2025/2026,23446,,
"Jarrod Bowen",8654,"Premier League",,,523825,7.19,3405,15.5,45,5.2,0.14,0.33,1.4,7.5,1.3,1,4.2,,,,,,,0.5,5,0.7,16,9,20,0.24,7.3,0.19,7.1,0.7,2.1,0.4,5,0.2,0.7,11,,,,,,,,2025/2026,23447,,
"Adrien Truffert",8678,"Premier League",,,1177358,7.18,3380,34.7,32,3,0.08,0.12,0.9,8.1,2.7,3.8,5,,,,,,,1,5,1.3,4,1,6,0.03,1.4,0.04,1.6,0.2,0.4,1,1,0.3,0.2,5,,,,,,,,2025/2026,23448,,
"Nikola Milenkovic",10203,"Premier League",,,766611,6.68,3375,35.5,3,0.7,0.02,0.04,0.1,8.4,0.8,5.8,2.9,,,,,,,0.6,6,0.8,1,,,,0.8,0.02,0.1,0,0.4,2.2,2,1,,,,,,,,,,2025/2026,23449,,
"Elliot Anderson",10203,"Premier League",,,1089691,7.51,3334,55,54,4.8,0.13,0.21,1.3,13.9,2.8,1.3,8.3,1,,,,,,1.5,8,1.1,9,4,8,0.11,2.9,0.08,2.4,0.3,1.2,3.2,1,0.4,0.7,4,,,,,,,,2025/2026,23450,,
"Caoimh\\u00edn Kelleher",9937,"Premier League",,,776689,6.93,3330,22.8,2,0.3,0.01,0.01,0.1,1.3,0,1.3,8.1,3,10,69.2,3,-0.1,1.3,0.1,1,0,,,,,,,,,,,,,,,,,,,,,,2025/2026,23451,,
"David Raya",9825,"Premier League",,,562727,7.21,3330,19.1,3,0.1,0,0,0,1.1,0,1,8.2,,19,69.8,1.6,-1.1,0.7,,1,0,,,,,,,,,,,,,,,,,,,,,,2025/2026,23452,,
"Dean Henderson",9826,"Premier League",,,719330,7.01,3330,16.2,1,0.1,0,0,0,1.5,0,1.5,8.1,2,11,67.5,2.9,1.6,1.4,0.1,5,0.1,,,,,,,,,,,,,,,,,,,,,,2025/2026,23453,,
"James Tarkowski",8668,"Premier League",,,243138,7.13,3330,34,18,2.1,0.06,0.13,0.1,10.2,1.4,6.5,2.4,1,,,,,,0.9,8,0.9,2,2,5,0.05,2.7,0.07,3.2,0.3,0.6,2.7,4,1.4,0.1,3,,,,,,,,2025/2026,23454,,
"Marcos Senesi",8678,"Premier League",,,785411,7.19,3290,49.3,24,4.7,0.13,0.17,0.2,11.4,1.7,6.9,4.2,,,,,,,0.9,8,1.5,7,,5,,1.5,0.04,0.5,0.1,0.5,5,2,1.3,0.1,5,1,,,,,,,2025/2026,23455,,
"Morgan Rogers",10252,"Premier League",,,883080,7,3285,21.8,47,4.3,0.12,0.3,1.2,6.3,1.2,0.9,3.8,1,,,,,,1.3,7,0.4,13,10,16,0.27,6.8,0.19,8.1,0.9,2.3,1,4,0.1,0.7,6,,,,,,,,2025/2026,23456,,
"Igor Thiago",9937,"Premier League",,,1302005,7.14,3284,11.9,24,1.9,0.05,0.62,0.8,5.9,1,1.8,2.5,,,,,,,2,7,0.3,6,22,23,0.6,20.6,0.56,20.1,1.2,2.3,0.4,20,0.2,0.4,1,,,,,,,,2025/2026,23457,,
"Michael Kayode",9937,"Premier League",,,1429912,7.01,3264,26.7,34,2.8,0.08,0.11,1.5,6,1.8,2.7,4.5,2,,,,,,0.7,8,1,4,1,2,0.03,1.2,0.03,1.4,0.1,0.2,1,1,0.4,0.1,1,,,,,,,,2025/2026,23458,,
"Tyrick Mitchell",9826,"Premier League",,,1120224,7.06,3253,22.4,29,2.5,0.07,0.11,0.4,6.8,2.8,2.8,5.2,,,,,,,0.6,6,0.9,4,1,3,0.03,1.6,0.04,1.9,0.2,0.5,1.1,3,0.3,0.2,2,,,,,,,,2025/2026,23459,,
"Dominik Szoboszlai",8650,"Premier League",,,846005,7.5,3233,53.4,78,6.8,0.19,0.32,0.7,9.4,1.6,1.6,5.2,,,,,,,1.1,8,0.8,14,6,13,0.17,4.8,0.13,4.2,0.6,2,3.6,4,0.2,0.6,7,,1,,,,,,2025/2026,23460,,
"Luke Shaw",10260,"Premier League",,,362694,6.95,3231,41.4,16,2,0.06,0.07,0.3,6.2,2.1,2.6,3,,,,,,,1.4,9,1.3,1,1,2,0.03,0.7,0.02,0.8,0.1,0.3,1.6,,0.3,0.1,1,,,,,,,,2025/2026,23461,,
"Jan Paul van Hecke",10204,"Premier League",,,974618,7.1,3211,61.6,13,1.6,0.05,0.14,0.1,8.9,1.5,5.3,3.2,1,,,,,,0.8,9,1.3,2,3,6,0.08,3.3,0.09,3.8,0.3,0.6,3.7,3,0.8,0.1,3,,,,,,,,2025/2026,23462,,
"Neco Williams",10203,"Premier League",,,1078788,7.08,3206,30.4,36,4,0.11,0.17,0.9,7,2.7,2.5,4.6,1,,,,,,0.8,6,1.3,5,2,5,0.06,2,0.06,3,0.5,1.3,1.3,2,0.5,0.3,3,,1,,,,,,2025/2026,23463,,
"Antoine Semenyo",8456,"Premier League",,,933576,7.34,3200,21.1,39,3.1,0.09,0.4,1.7,6.7,1.3,0.8,4,1,,,,,,1.6,7,0.4,8,17,21,0.48,11.1,0.31,13,1.2,2.3,0.7,7,0.2,0.7,4,,,,,,,,2025/2026,23464,,
"Marc Gu\\u00e9hi",8456,"Premier League",,,844425,7.37,3150,59.1,18,2.3,0.07,0.18,0.2,8.1,1.3,4.7,3.9,,,,,,,0.7,6,1.4,5,3,6,0.09,4.1,0.12,4,0.3,0.9,2.2,6,0.7,0.1,3,1,,,,,,,2025/2026,23465,,
"Martin D\\u00fabravka",8191,"Premier League",,,72241,6.73,3150,20,,0.1,0,0,,1.7,0,1.7,8.3,,4,64.1,3.6,-3.3,2,,1,,,,,,,,,,,,,,,,,,,,,,,2025/2026,23466,,
"Robin Roefs",8472,"Premier League",,,1125720,6.95,3150,24,5,0.2,0,0,0,1.1,,1.1,9.5,,10,70.3,3.1,-1.8,1.3,,4,,1,,,,,,,,,,,,,,,,,,,,,2025/2026,23467,,
"Ferdi Kadioglu",10204,"Premier League",,,774448,6.93,3134,33.6,21,3.3,0.1,0.15,0.3,4.9,1.6,2.3,3.7,,,,,,,0.6,6,0.7,2,1,1,0.03,2,0.06,3.1,0.4,0.8,1.3,3,0.2,0.3,,,,,,,,,2025/2026,23468,,
"Jake O'Brien",8668,"Premier League",,,1098607,6.72,3124,23,17,1,0.03,0.08,0.2,6.7,1.6,4.1,3.3,1,,,,,,0.7,6,0.4,,1,2,0.03,1.7,0.05,2.3,0.2,0.4,1.2,1,0.5,0.2,1,,1,,,,,,2025/2026,23469,,
"Ethan Ampadu",8463,"Premier League",,,780432,7.21,3123,42.7,19,2.3,0.06,0.14,0.3,11.9,2.3,2.4,5.2,1,,,,,,1.4,10,1.4,1,1,2,0.03,2.5,0.07,2.1,0.2,0.7,2.4,3,0.5,0.5,1,1,,,,,,,2025/2026,23470,,
"Enzo Fern\\u00e1ndez",8455,"Premier League",,,1137705,7.3,3121,50.6,68,7.3,0.21,0.53,0.4,7,1.5,0.8,4,,,,,,,1,10,0.6,11,10,14,0.29,11.3,0.33,12.4,0.9,2.1,2.7,9,0.1,0.4,4,,,,,,,,2025/2026,23471,,
"Morgan Gibbs-White",10203,"Premier League",,,789502,7.15,3110,28.4,49,2.9,0.08,0.4,0.9,5.2,0.6,0.9,3.2,,,,,,,0.8,1,0.4,5,15,19,0.43,10.8,0.31,12.9,0.9,2.4,1.2,10,0.1,0.6,4,1,,,,,,,2025/2026,23472,,
"Emiliano Mart\\u00ednez",10252,"Premier League",,,268375,7.07,2835,28.3,2,0.1,0,0,,0.9,,0.9,8.6,,7,70.9,3,3.5,1.2,,2,,2,,1,,,,,,,,,,,1,,,,,,,,2025/2026,23505,,
"Ibrahima Konat\\u00e9",8650,"Premier League",,,820140,7.11,3100,56.4,8,1,0.03,0.06,0.1,8.6,1.5,5.5,3.4,1,,,,,,1,7,0.8,2,1,1,0.03,1.2,0.04,1.2,0.1,0.3,1.9,2,0.7,0,,,,,,,,,2025/2026,23473,,
"Declan Rice",9825,"Premier League",,,654096,7.56,3099,54.2,63,7,0.2,0.29,0.4,10.9,2,2.3,5.2,,,,,,,0.8,3,1.1,17,4,9,0.12,3.2,0.09,4.5,0.4,1.2,2.6,3,0.3,0.3,5,,,,,,,,2025/2026,23474,,
"Kyle Walker",8191,"Premier League",,,159833,6.67,3097,32.4,13,1.3,0.04,0.04,0.4,6.2,1.6,3,4.5,,,,,,,0.9,9,1.3,3,,2,,0.2,0,,,0.1,2.7,,0.3,0.1,2,,,,,,,,2025/2026,23475,,
"Maxence Lacroix",9826,"Premier League",,,950485,7.04,3087,42.6,7,0.9,0.03,0.1,0.2,10.9,1.7,7.3,2.7,2,,,,,,1,4,1.3,3,1,3,0.03,2.4,0.07,1.5,0.2,0.7,2.4,2,0.5,0,2,,1,,,,,,2025/2026,23476,,
"Bruno Fernandes",10260,"Premier League",,,422685,8.03,3066,48.1,136,12.3,0.36,0.68,0.4,8.5,1.6,1.2,4.9,1,,,,,,0.7,5,0.6,33,9,30,0.26,10.8,0.32,9.2,0.7,2.5,4.1,8,0.1,0.5,21,,,,,,,,2025/2026,23477,,
"Gianluigi Donnarumma",8456,"Premier League",,,618878,7.24,3060,20.8,1,0.1,0,0,0.1,1.3,,1.3,6.9,,15,72.9,2.3,5.8,0.9,,8,0,,,,,,,,,,,,,,,,,,,,,,2025/2026,23478,,
"Micky van de Ven",8586,"Premier League",,,1097466,6.69,3043,47.4,6,0.4,0.01,0.09,0.3,6.3,1.2,3.9,3.6,1,,,,,,0.8,9,0.7,1,4,5,0.12,2.5,0.07,4.1,0.2,0.5,2,1,0.7,,1,,1,,,,,,2025/2026,23479,,
"Robert S\\u00e1nchez",8455,"Premier League",,,789571,7.07,3041,25.8,5,0.1,0,0,,0.9,0.1,0.8,9,,9,67.6,2.9,1.7,1.4,0.1,3,0,2,,1,,,,,,,,,,,1,,1,,,,,,2025/2026,23480,,
"Trai Hume",8472,"Premier League",,,1067763,6.83,3037,23.4,29,2,0.06,0.12,0.1,6,2,2.9,3,1,,,,,,0.9,9,0.7,1,2,3,0.06,2.2,0.06,2.2,0.2,1,1.2,4,0.4,0.4,1,,,,,,,,2025/2026,23481,,
"Ezri Konsa",10252,"Premier League",,,710159,6.75,3036,59.4,5,0.6,0.02,0.05,0.2,5.8,0.7,3.6,3.2,,,,,,,0.3,,0.7,1,,,,1.3,0.04,0.9,0.1,0.3,1.8,1,0.9,0.1,,,1,,,,,,2025/2026,23482,,
"Mateus Fernandes",8654,"Premier League",,,1356312,7.24,3024,40.7,37,3,0.09,0.15,0.8,11,3.1,1.1,5.4,,,,,,,1.5,7,1,3,3,7,0.09,2,0.06,1.7,0.2,0.8,3.3,1,0.4,0.5,4,,,,,,,,2025/2026,23483,,
"Matty Cash",10252,"Premier League",,,729731,6.93,3020,35.5,30,2.9,0.09,0.12,0.3,5.5,2,2.5,2.6,,,,,,,1.2,9,0.7,4,3,6,0.09,1.2,0.04,1.6,0.3,0.9,1.7,,0.4,0.1,3,,,,,,,,2025/2026,23484,,
"Mart\\u00edn Zubimendi",9825,"Premier League",,,1031325,7.2,3001,50.5,19,2.3,0.07,0.15,0.2,9.2,2,2.3,3.5,,,,,,,1,4,1.2,1,5,6,0.15,2.9,0.09,3.6,0.3,0.8,1.6,2,0.1,0.2,1,,,,,,,,2025/2026,23485,,
"Ryan Gravenberch",8650,"Premier League",,,956683,7.25,2996,49.7,29,2.3,0.07,0.12,1,9,1.8,1.6,3.8,,,,,,,1.1,5,1.4,4,5,8,0.15,1.9,0.06,3.1,0.4,1.1,0.7,,0.4,0.3,3,,,,,,,,2025/2026,23486,,
"Nathan Collins",9937,"Premier League",,,961306,6.88,2972,44.1,11,1.6,0.05,0.12,0.2,9.6,0.9,6.3,4.2,1,,,,,,0.6,7,1.1,5,1,3,0.03,2.3,0.07,1.7,0.2,0.6,2.7,4,1.2,0,2,1,,,,,,,2025/2026,23487,,
"Malick Thiaw",10261,"Premier League",,,1137407,7.03,2964,46.1,6,1,0.03,0.17,0.2,8.9,1.3,5.6,3.6,1,,,,,,0.7,4,0.9,1,4,4,0.12,4.7,0.14,5.3,0.4,0.9,2.6,6,1,,,,,,,,,,2025/2026,23488,,
"Vitaliy Mykolenko",8668,"Premier League",,,874025,6.76,2960,28.8,22,2.5,0.07,0.08,0.3,7.1,1.6,4.4,3.3,,,,,,,0.9,6,0.9,1,,1,,0.3,0.01,0.2,0.1,0.3,1.6,,0.3,0.3,1,,,,,,,,2025/2026,23489,,
"Erling Haaland",8456,"Premier League",,,737066,7.68,2958,7.7,25,2.9,0.09,0.86,0.5,3.2,0.5,1.3,1.2,,,,,,,0.7,2,0.2,9,27,35,0.82,25.4,0.77,23.1,1.8,3.8,0.1,30,0,0.4,8,,,,,,,,2025/2026,23490,,
"Joe Rodon",8463,"Premier League",,,717174,6.7,2953,38.6,9,0.6,0.02,0.06,0,8.3,1.1,5.6,2.6,,,,,,,0.5,3,0.9,1,2,2,0.06,1.4,0.04,2.5,0.2,0.5,1.2,1,0.7,0,,,,,,,,,2025/2026,23491,,
"Maxime Est\\u00e8ve",8191,"Premier League",,,1250443,6.44,2937,35.9,7,0.7,0.02,0.04,0.1,10.3,1.3,6.8,3.5,,,,,,,0.4,1,1.1,1,,,,0.7,0.02,0.1,0,0.3,1.6,,1,0.1,,,,,,,,,2025/2026,23492,,
"Pascal Struijk",8463,"Premier League",,,796974,6.91,2937,49.9,12,0.8,0.02,0.12,0.1,9.1,1.2,6.3,3.6,,,,,,,0.8,5,0.9,2,,1,,3,0.09,1.6,0.2,0.9,2.2,4,0.6,0,1,,,,,,,,2025/2026,23493,,
"Enzo Le F\\u00e9e",8472,"Premier League",,,1049999,7.14,2934,27.8,53,5.9,0.18,0.34,0.4,9.8,2.7,1.1,4.7,,,,,,,1,5,0.9,13,5,11,0.15,5.2,0.16,4.9,0.4,1.1,1,1,0.4,0.7,6,,,,,,,,2025/2026,23494,,
"Sander Berge",9879,"Premier League",,,540963,6.71,2911,48,21,1.5,0.05,0.09,0.3,8.7,1.8,1.5,4.1,1,,,,,,1.1,5,0.8,3,,1,,1.5,0.05,0.2,0.1,0.5,1.7,3,0.5,0.2,1,,,,,,,,2025/2026,23495,,
"Granit Xhaka",8472,"Premier League",,,207236,7.24,2903,46.9,34,3.7,0.11,0.15,0.3,11.3,1.6,2.6,5.5,,,,,,,0.7,8,0.9,9,1,7,0.03,1,0.03,0.8,0.2,0.7,4.3,,0.6,0.3,6,,,,,,,,2025/2026,23496,,
"Noah Sadiki",8472,"Premier League",,,1359649,6.81,2894,29.4,19,1.4,0.04,0.09,0.8,7.7,1.4,1.4,3.5,,,,,,,1,9,1.1,,,1,,1.5,0.05,0.7,0.2,0.6,1.2,1,0.3,0.5,1,,,,,,,,2025/2026,23497,,
"Bernardo Silva",8456,"Premier League",,,488139,7.16,2886,62,47,4.1,0.13,0.21,0.7,8.2,1.7,1.1,4.6,,,,,,,1.2,10,0.7,7,2,6,0.06,2.6,0.08,1.9,0.2,0.9,2.2,1,0.2,0.6,4,,,,,,,,2025/2026,23498,,
"Senne Lammens",10260,"Premier League",,,1178602,7.11,2880,17.4,,0,0,0,,0.8,0,0.8,7,,8,66.9,2.5,4.4,1.2,,,,,,,,,,,,,,,,,,,,,,,,,2025/2026,23499,,
"Joachim Andersen",9879,"Premier League",,,503659,6.94,2877,61.3,7,1.8,0.06,0.1,0.2,10.3,1.4,7.2,3.6,,,,,,,1,7,1.1,3,,1,,1.5,0.05,0.8,0.1,0.5,5.2,2,0.6,0,1,,1,,,,,,2025/2026,23500,,
"Matheus Nunes",8456,"Premier League",,,955529,7.45,2865,60.4,28,2.2,0.07,0.08,0.9,6.1,1.8,3.1,5.3,1,,,,,,0.5,5,0.9,6,1,6,0.03,0.3,0.01,1,0.1,0.2,1.9,,0.3,0.3,5,1,,,,,,,2025/2026,23501,,
"Alex Scott",8678,"Premier League",,,1233655,7.17,2859,37.2,27,3,0.09,0.21,0.9,12.2,1.9,2.5,6.1,1,,,,,,1.4,5,1.1,4,3,4,0.09,3.8,0.12,2.7,0.4,1.4,1.7,2,0.5,0.4,1,,,,,,,,2025/2026,23502,,
"Ollie Watkins",10252,"Premier League",,,540088,6.97,2852,10.9,23,1.3,0.04,0.52,0.8,3,0.7,0.5,1.5,,,,,,,1.1,4,0.2,4,16,19,0.5,15.1,0.48,15.8,1.2,2.6,0.1,19,0.1,0.5,3,,,,,,,,2025/2026,23503,,
"Lewis Dunk",10204,"Premier League",,,201690,6.97,2837,73,7,0.6,0.02,0.07,0.1,7.4,1.1,4.5,4.3,1,,,,,,0.5,10,1,1,1,1,0.03,1.7,0.05,0.7,0.1,0.8,2.6,,0.9,0.1,,1,,,,,,,2025/2026,23504,,
"Jo\\u00e3o Gomes",8602,"Premier League",,,1174672,6.94,2833,39.6,16,2.1,0.07,0.11,1.4,12.3,3.4,1.4,6.2,,,,,,,2.2,10,1.1,2,1,2,0.03,1.3,0.04,2.4,0.2,0.6,1.2,,0.2,0.4,1,,,,,,,,2025/2026,23506,,
"Chris Richards",9826,"Premier League",,,950829,6.87,2826,39.6,9,1.4,0.04,0.12,0.1,10,1.8,6.2,2.1,,,,,,,0.6,4,1.4,1,1,1,0.03,2.4,0.08,1.6,0.1,0.5,2.1,1,0.6,,,,,,,,,,2025/2026,23507,,
"Jayden Bogle",8463,"Premier League",,,789646,6.7,2802,21.6,21,3.2,0.1,0.17,0.6,5.7,2.1,2.3,4.3,,,,,,,1.3,6,1.1,7,1,3,0.03,2.1,0.07,1,0.1,0.6,1.1,3,0.2,0.5,2,1,,,,,,,2025/2026,23508,,
"Mois\\u00e9s Caicedo",8455,"Premier League",,,1137668,7.1,2802,60.5,18,2.4,0.08,0.12,0.5,11.8,2.8,0.9,5.7,1,,,,,,1.7,11,1.9,4,3,4,0.1,1.4,0.05,1.5,0.2,0.9,2.1,1,0.5,0.3,1,,1,,,,,,2025/2026,23509,,
"Omar Alderete",8472,"Premier League",,,751998,6.92,2802,34,9,0.9,0.03,0.08,0.5,10.1,1,7,3.3,,,,,,,1.1,6,1.2,1,1,2,0.03,1.6,0.05,1.5,0.3,0.8,2.5,2,0.9,0.1,1,,,,,,,,2025/2026,23510,,
"Pedro Porro",8586,"Premier League",,,941573,7.14,2798,35.4,53,4.5,0.14,0.18,0.6,7,2.4,3.3,4.3,,,,,,,1,10,1,8,1,3,0.03,1,0.03,1.4,0.3,1,4.3,,0.3,0.3,2,,,,,,,,2025/2026,23511,,
"Guglielmo Vicario",8586,"Premier League",,,538501,6.68,2790,23.2,1,0.1,0,0,,1.2,0,1.2,8,,7,62.4,2.7,-5.2,1.6,,1,,,,,,,,,,,,,,,,,,,,,,,2025/2026,23512,,
"Nordi Mukiele",8472,"Premier League",,,602304,7.13,2787,30.2,24,2.5,0.08,0.14,0.4,8.9,2.2,5,4.2,,,,,,,1.1,5,1.3,7,3,7,0.1,1.9,0.06,1.3,0.1,0.8,1.5,3,0.3,0.1,4,,,,,,,,2025/2026,23513,,
"Iliman Ndiaye",8668,"Premier League",,,965764,7.22,2786,25.5,30,4.4,0.14,0.36,2.4,9.2,2.3,0.6,5.8,,,,,,,1,2,0.5,7,6,9,0.19,6.7,0.22,9.1,0.7,1.4,0.2,3,0.1,0.8,3,,,,,,,,2025/2026,23514,,
"Trevoh Chalobah",8455,"Premier League",,,793907,7.01,2782,68.7,5,1.1,0.03,0.08,0.2,8.6,1.1,5.8,3.8,,,,,,,0.6,3,1.1,1,3,3,0.1,1.4,0.05,2.5,0.2,0.5,1.6,2,0.5,0.2,,,1,,,,,,2025/2026,23515,,
"Andr\\u00e9",8602,"Premier League",,,1174296,6.78,2766,39,18,1,0.03,0.05,0.6,12.6,2.7,1.6,6.9,,,,,,,1.5,12,1,1,1,1,0.03,0.5,0.02,0.1,0,0.5,1.9,,0.4,0.3,,,,,,,,,2025/2026,23516,,
"Sepp van den Berg",9937,"Premier League",,,919435,6.86,2761,41,7,1.5,0.05,0.15,0,8.8,0.7,6.4,3.6,,,,,,,0.5,2,0.9,5,,2,,3.1,0.1,2,0.2,0.7,1.7,4,0.7,0,2,,,,,,,,2025/2026,23517,,
Evanilson,8678,"Premier League",,,1098096,6.77,2759,11.6,31,1.5,0.05,0.39,0.5,4.4,0.4,0.9,2.6,,,,,,,0.8,2,0.3,3,6,7,0.2,10.6,0.35,6.9,0.7,2.3,0.1,10,0.2,0.6,1,2,,,,,,,2025/2026,23518,,
"Kevin Schade",9937,"Premier League",,,1083796,6.83,2757,11.7,28,2.1,0.07,0.47,0.7,6.1,1.3,1,3.1,,,,,,,1.6,6,0.6,7,8,11,0.26,12.2,0.4,9.8,0.8,1.9,0.2,15,0.1,0.3,3,2,1,,,,,,2025/2026,23519,,
Gabriel,9825,"Premier League",,,795179,7.32,2751,50,7,1.8,0.06,0.16,0,9.1,1.2,6,2.1,,,,,,,0.7,4,0.8,5,3,7,0.1,2.9,0.1,2.4,0.2,0.9,2.6,4,1.1,0.1,4,,,,,,,,2025/2026,23520,,
"Cody Gakpo",8650,"Premier League",,,806552,7.17,2747,19.3,54,4.7,0.15,0.43,1.1,5,0.9,0.7,2.9,,,,,,,1.4,3,0.4,10,7,12,0.23,8.5,0.28,5.6,0.7,2.9,0.5,8,0.1,0.7,5,1,,,,,,,2025/2026,23521,,
"Marcus Tavernier",8678,"Premier League",,,789630,7.24,2738,31,54,4.6,0.15,0.45,1.3,8.3,1.3,1.3,4.9,,,,,,,1,6,0.6,9,7,11,0.23,9.1,0.3,6.4,0.8,2.3,1,8,0.2,0.9,4,,,,,,,,2025/2026,23522,,
"Jaidon Anthony",8191,"Premier League",,,1171140,6.86,2735,23.6,37,2.9,0.09,0.26,1.2,7.6,1.4,0.9,4.6,1,,,,,,0.9,4,0.5,6,8,10,0.26,5.1,0.17,8.2,0.8,1.8,1,3,0.2,0.8,2,1,,,,,,,2025/2026,23523,,
"Dominic Calvert-Lewin",8463,"Premier League",,,612150,6.85,2726,8.9,20,1.1,0.04,0.56,0.3,3.5,0.3,1.2,1.5,,,,,,,1.5,3,0.1,2,14,15,0.46,15.8,0.52,15.4,1.1,2.4,0.2,20,0.3,0.6,1,2,,,,,,,2025/2026,23524,,
"Malick Diouf",8654,"Premier League",,,1451265,6.91,2711,25.6,29,2.5,0.08,0.1,0.8,6.8,1.5,3.9,4.2,2,,,,,,0.9,6,1.1,5,,5,,0.6,0.02,0.1,0.1,0.6,1.9,,0.4,0.1,5,,,,,,,,2025/2026,23525,,
"Marc Cucurella",8455,"Premier League",,,873289,6.97,2710,42.1,39,3.2,0.11,0.18,0,6,1.8,2.9,3.8,,,,,,,1.5,8,1.1,6,1,5,0.03,2.3,0.08,1.8,0.2,0.7,1.4,1,0.3,0.2,4,,1,,,,,,2025/2026,23526,,
"Harry Wilson",9879,"Premier League",,,494417,7.13,2691,21.1,39,4.8,0.16,0.35,0.6,5.9,1,1.6,2.7,,,,,,,0.4,7,0.5,8,10,17,0.33,5.8,0.19,8.9,0.8,2.6,1.2,1,0.1,0.3,7,,,,,,,,2025/2026,23527,,
"Jo\\u00e3o Pedro",8455,"Premier League",,,1021382,7.18,2674,17.6,29,2,0.07,0.57,1.3,4.6,0.9,0.9,2.4,,,,,,,1.3,5,0.2,6,15,20,0.5,15,0.5,15.2,0.9,2.5,0.4,12,0.2,0.5,5,3,,,,,,,2025/2026,23528,,
"Matz Sels",10203,"Premier League",,,181069,6.93,2667,15.1,1,0.1,0,0,,0.9,0,0.9,6.7,,7,70.9,3.2,0,1.3,,2,,,,,,,,,,,,,,,,,,,,,,,2025/2026,23529,,
"Yehor Yarmoliuk",9937,"Premier League",,,1157236,6.78,2665,38.4,14,1.4,0.05,0.09,0.5,11.5,2.4,1.4,6.3,,,,,,,1.2,7,0.9,1,1,3,0.03,1.2,0.04,0.8,0.1,0.5,2.3,,0.5,0.5,2,,,,,,,,2025/2026,23530,,
"Alexis Mac Allister",8650,"Premier League",,,831489,6.89,2662,42.1,35,1.7,0.06,0.19,0.4,7.8,1.8,1.2,3.8,,,,,,,1.2,7,0.7,4,2,6,0.07,3.9,0.13,2.7,0.4,1.8,1.6,2,0.3,0.4,4,,,,,,,,2025/2026,23531,,
"Nico O'Reilly",8456,"Premier League",,,1300526,7.17,2648,39.7,23,2.7,0.09,0.3,0.8,5.8,2.3,2.4,3.7,,,,,,,1.5,5,0.7,6,5,8,0.17,6,0.2,6.2,0.5,1.4,0.6,7,0.4,0.4,3,,,,,,,,2025/2026,23532,,
"Pedro Neto",8455,"Premier League",,,843040,7.04,2643,27.7,53,6.8,0.23,0.39,1.6,4.2,0.6,0.4,2.9,,,,,,,0.5,2,0.2,12,5,11,0.17,4.6,0.16,3.8,0.4,1.6,1,3,,0.4,6,,1,,,,,,2025/2026,23533,,
"Gabriel Gudmundsson",8463,"Premier League",,,744494,6.78,2637,24.9,21,2.7,0.09,0.13,1.3,6.2,2.2,2.8,3.8,,,,,,,1.1,4,0.9,4,,,,1.1,0.04,0.1,0.1,0.6,1,,0.2,0.3,,,1,,,,,,2025/2026,23534,,
"Kiernan Dewsbury-Hall",8668,"Premier League",,,886016,7.17,2635,28.9,37,5.4,0.18,0.33,0.9,7.9,1.8,1,4.6,1,,,,,,1.1,6,0.4,10,8,12,0.27,4.3,0.15,4.8,0.5,1.3,0.8,3,0.1,0.7,4,,,,,,,,2025/2026,23535,,
"Bryan Mbeumo",10260,"Premier League",,,923312,7.19,2621,21.6,47,5,0.17,0.59,0.6,4.8,0.9,0.5,3.1,,,,,,,0.8,4,0.3,6,11,14,0.38,12.2,0.42,9.9,1.1,2.5,0.5,13,0,0.7,3,1,,,,,,,2025/2026,23536,,
"Ashley Barnes",8191,"Premier League",,,107280,,40,,,0,,,,,,,,,,,,,,,2,,,,,,0.2,,0.4,,,,1,,,,,,,,,,,2025/2026,23930,,
"Diogo Dalot",10260,"Premier League",,,751550,7.13,2616,33.1,29,2.6,0.09,0.16,0.6,6.2,1.8,3.2,4.6,,,,,,,0.9,5,0.9,5,1,4,0.03,2,0.07,0.8,0.2,0.8,1.4,4,0.3,0.3,3,,,,,,,,2025/2026,23537,,
"William Saliba",9825,"Premier League",,,955406,7.16,2615,67.3,10,1.4,0.05,0.08,0.2,6.6,1.2,4.6,3.9,,,,,,,0.8,2,0.6,1,1,1,0.03,0.9,0.03,0.9,0,0.2,2,2,0.2,0.1,,,,,,,,,2025/2026,23538,,
"Michael Keane",8668,"Premier League",,,290410,6.98,2590,32.7,2,0.5,0.02,0.1,0.2,10.5,1.3,7.1,3.1,,,,,,,0.6,1,1.3,,3,4,0.1,2.3,0.08,2.2,0.2,0.9,2.1,3,0.9,0,1,,1,,,,,,2025/2026,23539,,
Casemiro,10260,"Premier League",,,208494,7.32,2588,45.2,36,3.1,0.11,0.3,0.2,12.5,3.1,2.5,4.8,,,,,,,1.6,9,1.1,4,9,11,0.31,5.5,0.19,5.8,0.6,1.8,3,6,0.9,0.3,2,,1,,,,,,2025/2026,23540,,
"Adam Wharton",9826,"Premier League",,,1296650,7.01,2562,34.3,44,7.4,0.26,0.31,0.5,10.8,2.5,1.5,5.8,1,,,,,,1.2,4,0.9,14,1,6,0.04,1.5,0.05,0.4,0.2,1.1,2.4,,0.1,0.6,5,,1,,,,,,2025/2026,23541,,
"Santiago Bueno",8602,"Premier League",,,848034,6.63,2553,33.1,10,1.5,0.05,0.13,,7.5,1.8,4.1,2.4,,,,,,,1.1,4,1,1,3,4,0.11,2.3,0.08,3.1,0.2,0.4,2,1,0.7,,1,1,,,,,,,2025/2026,23542,,
"Sandro Tonali",10261,"Premier League",,,867414,7.04,2543,46.7,32,2.9,0.1,0.16,0.7,9.1,1.2,1.3,5.2,,,,,,,0.8,4,1.1,6,,2,,1.7,0.06,1.6,0.3,1.3,2.5,1,0.2,0.5,2,,,,,,,,2025/2026,23543,,
"Calvin Bassey",9879,"Premier League",,,877401,6.81,2532,53.2,10,0.4,0.01,0.07,0.4,7.3,2.2,3.5,4.2,1,,,,,,1,5,0.8,,1,1,0.04,1.7,0.06,1.3,0.1,0.5,2,,0.7,0.1,,1,,,,,,,2025/2026,23544,,
"Konstantinos Mavropanos",8654,"Premier League",,,719219,6.92,2528,34.3,4,0.7,0.03,0.12,0.1,11.1,1.4,6.9,3.7,,,,,,,0.6,2,1.7,,3,3,0.11,2.6,0.09,4.3,0.3,0.8,3.2,3,1.1,0.1,,,,,,,,,2025/2026,23545,,
"Matheus Cunha",10260,"Premier League",,,863098,7.29,2503,25.5,34,3.3,0.12,0.37,1.6,7.6,1.4,0.8,4.6,,,,,,,1,4,0.8,4,10,12,0.36,7.1,0.25,7.2,1.3,3.2,0.8,4,0.1,0.7,2,2,,,,,,,2025/2026,23546,,
"Crysencio Summerville",8654,"Premier League",,,941213,7.04,2480,19.2,28,3.4,0.12,0.31,1.9,7.8,1.6,1.1,4.4,,,,,,,1.8,6,0.6,4,5,7,0.18,5.2,0.19,4.5,0.5,2,0.3,7,0.1,0.5,2,1,,,,,,,2025/2026,23547,,
"Brenden Aaronson",8463,"Premier League",,,952322,6.69,2465,19.8,34,3.6,0.13,0.3,1.1,7.9,1.8,0.6,4.7,1,,,,,,0.7,3,0.5,9,4,9,0.15,4.6,0.17,4.5,0.6,1.7,0.3,4,0.1,0.6,5,,,,,,,,2025/2026,23548,,
"Jurri\\u00ebn Timber",9825,"Premier League",,,942381,7.26,2457,33.9,27,1.6,0.06,0.23,0.5,5.5,2.4,1.9,3.6,,,,,,,1.4,5,0.9,4,3,8,0.11,4.8,0.17,4.2,0.3,0.9,0.7,7,0.2,0.3,5,1,,,,,,,2025/2026,23549,,
"Bruno Guimar\\u00e3es",10261,"Premier League",,,850354,7.52,2455,45.8,45,5,0.18,0.39,0.7,9.2,2.3,1.3,4.9,,,,,,,1.6,6,0.5,7,9,14,0.33,5.6,0.21,8.6,0.8,1.5,3,4,0.1,0.7,5,2,,,,,,,2025/2026,23550,,
"Alex Iwobi",9879,"Premier League",,,604785,7.02,2434,45.1,44,4.7,0.17,0.24,0.7,7,1,0.7,4.7,,,,,,,0.3,3,0.5,4,4,7,0.15,1.9,0.07,2.4,0.6,1.4,2.7,,0.1,0.4,3,,,,,,,,2025/2026,23551,,
"Nick Pope",10261,"Premier League",,,280484,6.92,2417,13.7,,0,0,0.01,,1.3,0,1.3,9.5,,7,70.1,3.3,-3.5,1.4,0,2,,,,,,0.2,0.01,0.3,0,0,,,,,,,,,,,,,2025/2026,23552,,
"Daniel Mu\\u00f1oz",9826,"Premier League",,,859282,7.15,2403,24.5,27,4,0.15,0.24,0.1,7.4,2.8,3.6,3.6,,,,,,,1.3,7,1,8,4,7,0.15,2.4,0.09,3.7,0.5,1,1,1,0,0.2,3,,,,,,,,2025/2026,23553,,
"Yankuba Minteh",10204,"Premier League",,,1400227,7.07,2398,16.1,44,5.1,0.19,0.33,2.4,6.9,2.1,0.6,3.6,,,,,,,1.2,3,0.6,11,3,7,0.11,3.8,0.14,3,0.4,1.5,0.6,4,,0.7,4,1,,,,,,,2025/2026,23554,,
"Florian Wirtz",8650,"Premier League",,,1152455,7.16,2388,45.3,60,5.2,0.19,0.46,1.5,6.6,1.3,0.5,4.3,,,,,,,0.8,1,0.4,5,5,8,0.19,7,0.26,6.5,0.7,1.9,1.5,8,0.1,0.8,3,,,,,,,,2025/2026,23555,,
"Anton Stach",8463,"Premier League",,,881735,7.31,2378,27.5,63,4.5,0.17,0.28,0.8,10,2.5,2,4.5,1,,,,,,1.4,3,0.8,9,5,8,0.19,2.9,0.11,2.9,0.5,2.1,1.6,1,0.3,0.9,3,,,,,,,,2025/2026,23556,,
"Hugo Bueno",8602,"Premier League",,,1116391,6.8,2364,26,38,3.5,0.13,0.17,1.2,6.7,2.6,2.6,4.4,1,,,,,,0.7,3,1.4,6,1,3,0.04,0.9,0.03,1.2,0.2,0.6,1,,0.2,0.2,2,,,,,,,,2025/2026,23557,,
"Ladislav Krejc\\u00ed",8602,"Premier League",,,798029,6.56,2361,41.4,9,1.5,0.06,0.14,0.1,7.5,1.2,4.5,3,,,,,,,1.3,3,1.2,2,2,3,0.08,2.2,0.08,2.8,0.4,0.8,3.4,3,0.6,0,1,,1,,,,,,2025/2026,23558,,
"Lesley Ugochukwu",8191,"Premier League",,,1200631,6.51,2350,25.2,10,0.4,0.02,0.11,0.6,8.2,2,0.9,3.8,1,,,,,,1.1,1,0.7,,3,4,0.11,2.5,0.1,2.5,0.3,0.9,1,1,0.8,0.3,1,,1,,,,,,2025/2026,23559,,
"Amad Diallo",10260,"Premier League",,,1070052,7.19,2344,30.5,41,4.8,0.18,0.4,1.5,7.7,1.5,1.1,4.3,,,,,,,0.9,2,0.7,7,2,5,0.08,5.6,0.21,4.2,0.9,2,0.9,6,0.1,0.4,3,1,,,,,,,2025/2026,23560,,
"Alisson Becker",8650,"Premier League",,,319784,6.82,2340,24.8,,0,0,0,,1.4,,1.4,8.8,1,8,64.8,2.2,-2.7,1.2,0,1,,,,,,,,,,,,,,,,,,,,,,,2025/2026,23561,,
"\\u00c1lex Jim\\u00e9nez",8678,"Premier League",,,1526689,6.99,2323,27,14,1.6,0.06,0.11,1.5,5.7,2.7,1.6,5.2,1,,,,,,1.4,10,1,2,1,1,0.04,1.1,0.04,1.1,0.2,0.8,1.6,,0.4,0.4,,,,,,,,,2025/2026,23562,,
"J\\u00f8rgen Strand Larsen",9826,"Premier League",,,821100,6.23,2316,12.4,10,1.1,0.04,0.25,0.4,3.7,0.3,1.5,1.4,,,,,,,2,4,0.2,1,4,5,0.16,5.3,0.21,4,0.5,1.7,0.3,5,0.3,0.3,1,,,,,,,,2025/2026,23563,,
"Igor Jesus",10203,"Premier League",,,1082102,6.53,2314,13,15,1.3,0.05,0.31,0.4,4.8,0.9,1.2,2.4,,,,,,,1.6,2,0.1,5,6,10,0.23,6.6,0.26,5,0.8,2.7,0.5,3,0.2,0.7,4,,,,,,,,2025/2026,23564,,
"Dango Ouattara",9937,"Premier League",,,1250253,6.97,2279,12.1,27,4.2,0.16,0.47,0.9,7.3,0.9,2.1,3.4,,,,,,,1.1,5,0.9,12,7,10,0.28,7.7,0.3,6.8,0.8,2.2,0.7,13,,0.4,3,5,,,,,,,2025/2026,23565,,
"Malo Gusto",8455,"Premier League",,,1197250,6.84,2267,43.6,27,3,0.12,0.18,0.5,5.1,2.1,1.5,4.8,1,,,,,,0.8,3,1.2,4,2,5,0.08,1.6,0.06,1.5,0.2,0.5,1.6,1,0.2,0.4,3,,1,,,,,,2025/2026,23566,,
"Danny Welbeck",10204,"Premier League",,,113836,6.79,2263,15.4,20,1.4,0.06,0.55,0.4,4.5,1,1.2,2,,,,,,,1.2,5,0.4,4,13,14,0.52,12.4,0.49,11.9,1.1,2.2,0.2,11,,0.6,1,,,,,,,,2025/2026,23567,,
"Milos Kerkez",8650,"Premier League",,,1195281,6.89,2260,36.4,26,0.7,0.03,0.09,0.5,5.3,1.6,2.8,3.5,,,,,,,0.9,4,0.6,3,2,3,0.08,1.6,0.06,1.1,0.1,0.4,1.1,,0.3,0.1,1,,,,,,,,2025/2026,23568,,
"Mathias Jensen",9937,"Premier League",,,650616,6.78,2252,36.2,33,6,0.24,0.33,0.8,8.8,1.6,1.5,4.7,,,,,,,0.8,3,0.8,11,3,4,0.12,2.3,0.09,1.9,0.3,1.2,3.9,2,0.2,0.4,1,,,,,,,,2025/2026,23569,,
"Viktor Gy\\u00f6keres",9825,"Premier League",,,664500,6.82,2230,8,20,1.9,0.08,0.58,0.3,3.4,0.3,0.8,2.2,,,,,,,1.4,5,0,4,14,15,0.57,12.4,0.5,9.4,0.9,2.2,0,13,0.1,0.8,1,,,,,,,,2025/2026,23570,,
"Bukayo Saka",9825,"Premier League",,,961995,7.52,2225,24,61,7.2,0.29,0.6,2,7.5,1.7,0.4,4.7,,,,,,,1.3,2,0.6,12,7,12,0.28,7.6,0.31,6.1,1.1,2.9,0.6,8,0,1.1,5,,,,,,,,2025/2026,23571,,
"Jean-Philippe Mateta",9826,"Premier League",,,706297,6.68,2222,7.9,9,1.3,0.05,0.64,0.6,5.1,0.4,1.9,2.3,,,,,,,0.9,2,0.2,2,12,12,0.49,14.5,0.59,13.2,1.3,2.6,0.4,20,0.2,0.5,,1,,,,,,,2025/2026,23572,,
"Raul Jim\\u00e9nez",9879,"Premier League",,,292313,6.74,2199,13.5,25,0.9,0.04,0.51,0.4,5.4,1.4,1.2,2.3,,,,,,,1.9,5,0.3,2,9,12,0.37,11.5,0.47,10.6,0.8,3,0.7,9,0.1,0.4,3,2,,,,,,,2025/2026,23573,,
"Daniel Burn",10261,"Premier League",,,188058,6.71,2199,34.2,7,0.4,0.02,0.06,0.1,9.2,1.6,6.2,3.1,1,,,,,,1.5,9,0.9,,1,3,0.04,1.1,0.04,1.1,0.1,0.4,1.2,1,0.5,0.1,2,1,1,,,,,,2025/2026,23574,,
"Tom\\u00e1s Soucek",8654,"Premier League",,,524437,6.88,2198,28.6,11,0.5,0.02,0.25,0.2,9.1,1.8,3.4,2.7,,,,,,,1.5,3,0.7,1,5,5,0.2,5.7,0.23,7,0.6,1.1,1.4,4,0.6,0.1,,,1,,,,,,2025/2026,23575,,
"Jo\\u00e3o Palhinha",8586,"Premier League",,,524434,6.95,2197,35.1,8,0.7,0.03,0.14,0.4,12.4,4.5,2.4,3.8,,,,,,,1.1,8,1.2,1,5,7,0.2,2.7,0.11,5,0.4,1.4,1.7,1,0.5,0.2,2,,,,,,,,2025/2026,23576,,
"Lewis Hall",10261,"Premier League",,,1197655,6.99,2179,44.4,25,2.8,0.11,0.16,1.5,7.1,2.2,3.2,5.5,,,,,,,0.7,4,1.2,5,1,2,0.04,1,0.04,0.9,0.2,1,1.9,1,0.6,0.5,1,,,,,,,,2025/2026,23577,,
"Isma\\u00efla Sarr",9826,"Premier League",,,771294,6.91,2176,14,19,1.1,0.05,0.5,0.5,5.7,0.7,1.2,3.3,,,,,,,0.5,2,0.3,3,9,10,0.37,10.9,0.45,9.6,0.9,2,0.3,11,0.2,0.4,1,2,,,,,,,2025/2026,23578,,
"John McGinn",10252,"Premier League",,,356406,7,2157,25.9,41,4,0.17,0.29,0.8,6.3,1.2,0.6,3.7,,,,,,,1.3,5,0.5,7,5,9,0.21,3,0.12,3.9,0.5,1.2,1.8,4,0.2,0.9,4,,,,,,,,2025/2026,23579,,
"Daniel Ballard",8472,"Premier League",,,974268,6.85,2148,38,15,0.7,0.03,0.13,0.1,11,1.4,7.8,2.9,,,,,,,1.2,4,0.8,3,2,2,0.08,2.5,0.1,2.3,0.4,1.1,2.4,7,1,0,,1,1,,,,,,2025/2026,23580,,
"Mohamed Salah",8650,"Premier League",,,292462,7.07,2148,25.6,49,5.3,0.22,0.56,0.8,4.6,0.7,0.3,3.4,,,,,,,0.4,1,0.2,11,7,14,0.29,8.2,0.34,7.2,0.8,2.8,0.8,11,0,0.9,7,,,,,,,,2025/2026,23581,,
"Yerson Mosquera",8602,"Premier League",,,1200657,6.77,2142,26.9,11,0.7,0.03,0.13,0.4,9.4,2.6,4.8,3.9,2,,,,,,1.4,11,1.3,1,,,,2.5,0.11,0.6,0.3,1.3,0.9,4,0.7,,,,,,,,,,2025/2026,23582,,
"R\\u00faben Dias",8456,"Premier League",,,614006,7.18,2140,68.5,7,0.6,0.03,0.05,0.1,7.1,0.5,4.9,3.1,,,,,,,0.6,3,1,,2,2,0.08,0.6,0.02,0.9,0.2,0.4,2.2,1,0.7,0.1,,,,,,,,,2025/2026,23583,,
"Diego G\\u00f3mez",10204,"Premier League",,,1354561,6.91,2136,24.7,21,1.7,0.07,0.34,0.8,10.1,3.3,1.2,4.7,1,,,,,,2,9,0.8,4,5,6,0.21,6.3,0.27,4.3,0.6,1.8,0.7,7,0.1,0.8,1,,,,,,,,2025/2026,23584,,
Murillo,10203,"Premier League",,,1458711,6.94,2133,39.9,8,0.5,0.02,0.05,0.4,9.4,1.5,5.5,4.3,,,,,,,1,5,1.4,1,1,1,0.04,0.7,0.03,1.3,0.2,0.5,3.5,,1,0.1,,,,,,,,,2025/2026,23585,,
Florentino,8191,"Premier League",,,793255,6.71,2112,38,13,0.6,0.02,0.05,0.3,13.4,3.8,2.4,4.8,2,,,,,,1.7,6,1.7,,,2,,0.7,0.03,0.1,0.1,0.6,2,2,0.6,0.2,2,,,,,,,,2025/2026,23586,,
"James Hill",8678,"Premier League",,,959407,7.18,2104,34.5,13,1.2,0.05,0.09,0.1,11.2,1.7,7.2,3.2,,,,,,,0.7,5,1.7,2,,3,,0.9,0.04,0.3,0.1,0.5,2.3,1,0.6,0,3,,,,,,,,2025/2026,23587,,
"Idrissa Gana Gueye",8668,"Premier League",,,179410,7.03,2101,39.8,13,1.8,0.08,0.16,0.3,9.3,1.8,1,4.9,,,,,,,0.9,1,1.2,2,2,5,0.09,2,0.09,1.4,0.3,1.2,0.9,,0.3,0.2,3,,1,,,,,,2025/2026,23588,,
"Y\\u00e9remi Pino",9826,"Premier League",,,1047676,6.71,2091,26.7,48,6.1,0.26,0.46,0.8,7.2,1.5,0.9,4.3,,,,,,,1.3,4,0.4,15,2,4,0.09,4.5,0.19,4.2,0.5,1.9,1.6,5,0,0.8,2,,,,,,,,2025/2026,23589,,
"Phil Foden",8456,"Premier League",,,815006,7.32,2084,46.1,54,4.8,0.21,0.48,1.1,6.9,1.5,0.5,4.4,,,,,,,0.8,4,0.4,11,7,12,0.3,6.4,0.28,5.8,0.8,2.4,2.2,6,0.1,0.4,5,,,,,,,,2025/2026,23590,,
"Aaron Wan-Bissaka",8654,"Premier League",,,760320,6.8,2084,24.4,18,1,0.04,0.04,0.7,7.5,1.4,4.1,3.2,,,,,,,1,4,1.7,2,,2,,,,,,,1,,0.3,0.1,2,,,,,,,,2025/2026,23591,,
"Ibrahim Sangar\\u00e9",10203,"Premier League",,,795371,6.94,2080,35.9,12,1.8,0.08,0.13,0.5,11.6,2.6,2.2,4.9,2,,,,,,1.8,5,1.1,2,2,4,0.09,1.1,0.05,2,0.2,0.7,1.6,1,0.8,0.3,2,,,,,,,,2025/2026,23592,,
"Jos\\u00e9 S\\u00e1",8602,"Premier League",,,416175,6.76,2070,18.1,1,0.1,0,0,,2.1,0,2,9.4,,4,63.7,2.8,-2.9,1.6,,2,,,,,,,,,,,,,,,,,,,,,,,2025/2026,23593,,
"Mikkel Damsgaard",9937,"Premier League",,,888912,6.99,2057,31.8,42,5.4,0.24,0.35,0.8,10.5,2.5,0.7,6.1,,,,,,,0.8,,1.1,12,4,8,0.18,2.6,0.11,3.1,0.5,1.3,1.6,3,0.2,1.1,4,,,,,,,,2025/2026,23594,,
"Djed Spence",8586,"Premier League",,,894803,6.63,2056,31.2,10,1.8,0.08,0.12,1.4,5.1,1.9,2.3,4.9,,,,,,,1.2,4,0.8,4,,,,0.9,0.04,0.7,0.4,0.6,1.5,2,0.1,0.4,,,,,,,,,2025/2026,23595,,
"Leandro Trossard",9825,"Premier League",,,318615,7.12,2006,26.2,36,3.6,0.16,0.41,1.1,6,1.2,0.6,3.6,,,,,,,0.6,2,0.4,8,6,12,0.27,5.5,0.25,5.2,0.7,2.4,1.4,8,0.1,0.4,6,,,,,,,,2025/2026,23596,,
"Karl Darlow",8463,"Premier League",,,163604,7.01,1980,22.4,,0.1,0,0,0,1.4,0,1.3,9.2,,5,70,2.9,-1.5,1.2,,1,,,,,,,,,,,,,,,,,,,,,,,2025/2026,23597,,
Reinildo,8472,"Premier League",,,600524,6.84,1969,32,6,0.7,0.03,0.04,0.7,7.5,1.8,3.7,4.1,1,,,,,,1.5,7,1.4,,,1,,0.2,0.01,,,0.2,1.1,,0.6,0.2,1,1,1,,,,,,2025/2026,23598,,
"Keane Lewis-Potter",9937,"Premier League",,,1010426,6.67,1968,20.2,19,2.5,0.11,0.25,0.7,3.4,1.1,1.7,4.4,,,,,,,0.7,1,0.5,6,3,6,0.14,3,0.14,2.3,0.4,1.4,1.1,2,0.1,0.3,3,,,,,,,,2025/2026,23599,,
"Cole Palmer",8455,"Premier League",,,1096353,7.04,1965,32.2,24,2.5,0.11,0.6,1,6.2,1.1,0.5,3.8,,,,,,,0.6,5,0.7,3,10,11,0.46,10.6,0.48,10.1,1.1,2.9,1.6,6,,1,1,,,,,,,,2025/2026,23600,,
"Harvey Barnes",10261,"Premier League",,,760359,6.63,1961,21.7,23,2.8,0.13,0.45,0.6,4.6,0.6,0.7,3.1,,,,,,,0.8,1,0.1,4,7,8,0.32,7.1,0.32,6.8,1,2.7,0.4,9,0,0.5,1,,,,,,,,2025/2026,23601,,
"Reece James",8455,"Premier League",,,807729,7.23,1961,54.1,27,3.2,0.15,0.19,0.5,5.9,2.2,1.9,4.7,,,,,,,1.2,4,1.5,8,2,6,0.09,1,0.05,2.1,0.3,1,2.6,,0.3,0.3,4,,,,,,,,2025/2026,23602,,
Richarlison,8586,"Premier League",,,654908,6.87,1957,9.1,20,1.5,0.07,0.44,0.6,6.8,1.2,2.3,2.8,,,,,,,1.1,5,0.2,5,11,15,0.51,8.1,0.37,12,1.2,2.8,0.5,10,0.1,0.7,4,,,,,,,,2025/2026,23603,,
Joelinton,10261,"Premier League",,,535936,6.95,1953,32,17,1.3,0.06,0.17,0.7,10.9,2,1.8,5.5,,,,,,,2.2,10,1.4,3,2,3,0.09,2.4,0.11,4.2,0.5,1.5,1,1,0.1,0.5,1,,,,,,,,2025/2026,23604,,
"Brian Brobbey",8472,"Premier League",,,940446,6.53,1931,9.2,15,0.7,0.03,0.31,0.1,3.4,0.4,0.7,2.1,1,,,,,,1.5,6,,2,7,8,0.33,5.9,0.28,7.1,0.8,1.7,0.2,12,0.3,0.3,1,1,,,,,,,2025/2026,23605,,
"Curtis Jones",8650,"Premier League",,,933768,6.96,1929,70.4,21,2.8,0.13,0.26,1,11.1,1.9,1.4,6.7,,,,,,,0.8,2,0.8,4,1,3,0.05,2.8,0.13,2.5,0.3,1.1,2.9,3,0.3,0.4,2,,,,,,,,2025/2026,23606,,
"Emile Smith Rowe",9879,"Premier League",,,889534,6.69,1928,39.1,18,1.1,0.05,0.27,0.7,6.9,1.6,0.8,3.3,,,,,,,0.5,1,1,1,3,3,0.14,4.8,0.22,4.4,0.5,1.7,0.4,5,0,0.3,,,,,,,,,2025/2026,23607,,
"Yasin Ayari",10204,"Premier League",,,1168311,7.05,1924,38.8,15,1.1,0.05,0.18,0.8,10.5,2.2,1.1,5.8,,,,,,,1.1,1,1.2,2,3,6,0.14,2.7,0.13,1.7,0.5,1.9,1.9,,0.2,0.7,3,,,,,,,,2025/2026,23608,,
"Jordan Henderson",9937,"Premier League",,,156008,6.7,1922,42.2,19,2.5,0.11,0.13,0.1,8.6,1.3,1.6,4.6,,,,,,,0.6,6,0.8,8,1,4,0.05,0.3,0.02,0.6,0,0.3,3.3,,0.3,0.3,3,,,,,,,,2025/2026,23609,,
"Thierno Barry",8668,"Premier League",,,1398392,6.44,1915,10.3,12,0.5,0.02,0.4,0.4,3.5,0.3,1.2,1.6,,,,,,,2.2,3,0.2,2,8,8,0.38,8.1,0.38,5.9,0.7,1.8,0,10,0.2,0.4,,,,,,,,,2025/2026,23610,,
"Nick Woltemade",10261,"Premier League",,,1106563,6.66,1912,13.8,22,1.5,0.07,0.38,0.6,4.9,1.1,1,2.5,,,,,,,0.9,,0.2,5,8,11,0.38,6.6,0.31,7.9,0.6,1.5,0.4,6,0.1,0.6,3,,,,,,,,2025/2026,23611,,
"Daichi Kamada",9826,"Premier League",,,621515,6.84,1908,32.7,20,3.2,0.15,0.23,0.6,9.9,3,1.1,5.1,,,,,,,1.4,3,0.7,5,,,,1.7,0.08,1.1,0.2,0.9,1.5,1,0,0.6,,1,,,,,,,2025/2026,23612,,
"Mats Wieffer",10204,"Premier League",,,970243,7.02,1908,34.6,20,1.9,0.09,0.18,0.4,12.8,3.1,3.3,4.9,,,,,,,1.4,8,1.2,4,2,5,0.09,1.9,0.09,1.9,0.3,0.8,1.9,2,0.3,0.5,3,,,,,,,,2025/2026,23613,,
"Eberechi Eze",9825,"Premier League",,,818975,6.97,1900,26.8,16,2.7,0.13,0.37,1.4,5.7,0.9,0.5,3.7,,,,,,,0.8,1,0.5,4,7,9,0.33,5.1,0.24,6.8,0.9,3,0.8,2,0,0.8,2,,,,,,,,2025/2026,23614,,
"James Justin",8463,"Premier League",,,710158,7.05,1896,25.6,12,1.2,0.06,0.14,0.1,8.8,2.7,4.3,3.3,,,,,,,0.6,4,1.3,5,2,3,0.09,1.7,0.08,1,0.3,1.1,1.6,2,0.5,0.1,1,,,,,,,,2025/2026,23615,,
"Jaka Bijol",8463,"Premier League",,,861805,7.04,1893,40.7,7,0.8,0.04,0.08,0.1,10.6,1.2,7.6,3,1,,,,,,0.9,4,1.1,3,1,3,0.05,0.9,0.04,0.8,0.3,0.7,3.2,1,0.7,0,2,,,,,,,,2025/2026,23616,,
"Rodrigo Bentancur",8586,"Premier League",,,620618,7.11,1892,41.5,10,0.8,0.04,0.07,1,13.1,2.7,2.3,6.2,1,,,,,,0.9,7,1.7,1,1,2,0.05,0.7,0.04,0.9,0.1,0.6,0.9,1,0.3,0.3,1,,,,,,,,2025/2026,23617,,
"Cristian Romero",8586,"Premier League",,,789066,7.06,1872,47.4,11,1.3,0.06,0.12,0.4,9.4,2.8,4.5,4.2,,,,,,,1.5,9,1.4,4,4,5,0.19,1.3,0.06,2.6,0.3,0.8,2.3,1,0.7,0.1,1,,2,,,,,,2025/2026,23618,,
"Youri Tielemans",10252,"Premier League",,,465960,7.15,1862,46.4,32,3.3,0.16,0.22,0.4,9.8,2.8,0.9,4.5,,,,,,,1.2,,0.9,5,,4,,1.2,0.06,0.8,0.3,1.2,2.9,2,0.7,0.4,4,,,,,,,,2025/2026,23619,,
"Lucas Digne",10252,"Premier League",,,210111,6.8,1852,28.7,26,3.3,0.16,0.19,0.2,5.6,1.7,3,3.1,,,,,,,0.7,3,0.7,4,,6,,0.7,0.04,0.7,0.2,0.7,0.6,,0.2,0,6,,,,,,,,2025/2026,23620,,
"Callum Hudson-Odoi",10203,"Premier League",,,846383,6.85,1844,28.6,44,3,0.15,0.28,1.5,5.2,0.7,0.7,3.3,,,,,,,0.6,,0.4,5,3,7,0.15,2.8,0.14,2.7,0.5,1.5,1.2,1,0.1,0.4,4,,,,,,,,2025/2026,23621,,
"Timothy Castagne",9879,"Premier League",,,465750,6.86,1842,33.6,18,1.5,0.07,0.14,0.1,7.1,2,3.2,2.7,,,,,,,0.9,4,1.5,3,,,,1.4,0.07,1.1,0.3,0.7,1.6,1,0.5,0.1,,1,,,,,,,2025/2026,23622,,
"Sven Botman",10261,"Premier League",,,956682,7,1838,50.8,8,0.9,0.04,0.13,0.2,10.6,1.1,6.9,4.3,1,,,,,,0.6,2,1.3,3,1,2,0.05,1.7,0.09,1,0.2,0.7,2.3,1,1.3,0,1,,,,,,,,2025/2026,23623,,
"Jackson Tchatchoua",8602,"Premier League",,,1210943,6.5,1837,20.2,21,1.7,0.08,0.1,0.2,5.3,1.4,2.8,3,,,,,,,0.4,3,0.7,3,,1,,0.3,0.02,0.2,0,0.1,0.7,,0.4,0.2,1,,,,,,,,2025/2026,23624,,
"Quilindschy Hartman",8191,"Premier League",,,1393669,6.77,1830,27.4,20,2,0.1,0.11,0.2,7.5,2.6,3.2,3.4,,,,,,,0.6,1,1.5,6,,5,,0.3,0.02,0.2,0.1,0.4,1.7,1,0.2,,5,,,,,,,,2025/2026,23625,,
"Ryan Sessegnon",9879,"Premier League",,,773991,6.69,1822,25.6,14,1.8,0.09,0.17,0.4,10.8,2.4,3.2,3.7,2,,,,,,1.6,,1.2,3,3,4,0.15,1.6,0.08,1.4,0.2,0.8,1,1,0.4,0.1,1,,,,,,,,2025/2026,23626,,
"Jean-Clair Todibo",8654,"Premier League",,,955214,6.66,1817,33.8,5,0.3,0.02,0.03,0.2,8.2,1.9,4.9,4.4,,,,,,,0.4,5,0.8,,,1,,0.2,0.01,,,0.1,1.2,1,0.6,0,1,,1,,,,,,2025/2026,23627,,
"Anthony Gordon",10261,"Premier League",,,906937,6.96,1814,21,26,3.4,0.17,0.6,1.6,4.6,0.9,0.6,2.8,,,,,,,0.6,3,0.1,5,6,8,0.3,8.8,0.44,6.2,1,2.4,0.8,9,,0.5,2,1,1,,,,,,2025/2026,23628,,
"Hugo Ekitik\\u00e9",8650,"Premier League",,,1197030,7.08,1810,15.3,21,2.7,0.13,0.62,1.9,4.2,0.5,1.3,2.1,,,,,,,1.7,,0.1,3,11,15,0.55,9.9,0.49,9.2,0.9,3.2,0.1,11,0.1,0.7,4,,,,,,,,2025/2026,23629,,
"Kristoffer Ajer",9937,"Premier League",,,552718,6.61,1807,28.1,4,0.7,0.04,0.07,0.1,9.5,1.8,5.9,2.9,1,,,,,,1.1,4,0.9,1,,1,,0.8,0.04,0.5,0.1,0.5,1.2,1,0.8,0.1,1,,,,,,,,2025/2026,23630,,
"Romain Esse",9826,"Premier League",,,1428401,,40,,,0,,,,,,,,,,,,,,,,,,,,,,,,,,,,,,,,,,,,,,2025/2026,23931,,
"Alphonse Areola",8654,"Premier League",,,210164,6.57,1800,12.6,1,0,0,0,,1.5,,1.5,7.1,1,,67.5,3.9,-1.3,1.9,0.1,,0.1,,,1,,,,,,,,,,,1,,,,,,,,2025/2026,23631,,
"Kenny Tete",9879,"Premier League",,,469804,7.12,1794,37.5,11,1.4,0.07,0.12,0.4,8.3,3.3,3.4,4.1,,,,,,,1.4,2,1.4,1,1,1,0.05,1,0.05,0.5,0.2,0.8,1.8,,0.3,0.1,,,,,,,,,2025/2026,23632,,
"Piero Hincapi\\u00e9",9825,"Premier League",,,1137667,7.07,1792,37.4,13,1.6,0.08,0.1,0.4,8.6,2.4,4.4,3.2,,,,,,,0.9,2,1.3,2,1,3,0.05,0.4,0.02,0.3,0.1,0.2,1.1,,0.5,0.2,2,,,,,,,,2025/2026,23633,,
"Georginio Rutter",10204,"Premier League",,,956925,6.6,1790,15.2,25,2.9,0.15,0.3,1.4,6.5,1.6,1.3,3,,,,,,,1.5,2,0.6,8,3,6,0.15,3,0.15,3.3,0.7,2.1,0.8,3,0.1,1,3,1,,,,,,,2025/2026,23634,,
"Mateus Man\\u00e9",8602,"Premier League",,,1609213,6.64,1790,14.4,30,3.7,0.19,0.29,1.6,6.9,1.4,1.3,3.9,1,,,,,,1.3,,0.3,7,3,4,0.15,2,0.1,3.4,0.9,2.1,0.6,,0.1,0.7,1,2,,,,,,,2025/2026,23635,,
"Rayan Cherki",8456,"Premier League",,,1104053,7.35,1786,55.6,60,8.7,0.44,0.64,2.6,6.7,1.3,0.4,4.6,,,,,,,0.9,1,0.4,19,4,16,0.2,4.1,0.21,4.6,0.7,2.8,1.6,2,0.1,0.8,12,,,,,,,,2025/2026,23636,,
"J\\u00e9r\\u00e9my Doku",8456,"Premier League",,,942368,7.33,1784,32.3,59,6.2,0.31,0.45,4.2,6.4,1.2,0.1,4.4,,,,,,,1.2,,0.7,13,5,10,0.25,2.7,0.14,5.2,0.8,2,0.7,4,,1,5,2,,,,,,,2025/2026,23637,,
"Tyler Adams",8678,"Premier League",,,729769,6.94,1778,44.5,7,0.6,0.03,0.06,0.3,11.8,2.7,2.1,4.9,,,,,,,1.8,8,1.7,2,2,4,0.1,0.6,0.03,1.6,0.3,0.5,1.7,,0.5,0.4,2,,,,,,,,2025/2026,23638,,
"Zian Flemming",8191,"Premier League",,,873559,6.72,1776,9.1,10,0.4,0.02,0.42,0.2,5,0.9,1.9,1.7,,,,,,,2.5,5,0.4,,11,11,0.56,7.9,0.4,7.7,1.1,2.7,0.5,10,0.3,0.2,,,,,,,,,2025/2026,23639,,
"Amadou Onana",10252,"Premier League",,,1185748,6.91,1764,37.9,7,0.7,0.04,0.12,0.4,11.3,2.4,3,3.7,,,,,,,1,3,1.3,,2,2,0.1,1.7,0.09,1.8,0.4,1,2.1,4,0.9,0.3,,,,,,,,,2025/2026,23640,,
"Emiliano Buend\\u00eda",10252,"Premier League",,,610184,6.76,1759,27.4,30,2.3,0.12,0.29,0.5,10.1,2.5,1,5.6,,,,,,,2.1,6,0.8,5,6,8,0.31,3.4,0.18,4.4,0.7,2.5,1.2,2,0.2,0.7,2,,,,,,,,2025/2026,23641,,
"Josh Laurent",8191,"Premier League",,,523193,6.31,1759,25.7,12,0.5,0.02,0.07,0.5,9.5,2.5,2,3.3,1,,,,,,1.6,7,1.4,,1,1,0.05,0.9,0.04,1.1,0.2,0.7,0.8,1,0.4,0.1,,,1,,,,,,2025/2026,23642,,
"Xavi Simons",8586,"Premier League",,,1173787,6.92,1757,34.1,34,3.9,0.2,0.36,1.4,7.6,1.7,0.6,4.5,,,,,,,1.1,5,0.8,7,2,7,0.1,3.1,0.16,3.4,0.5,2.2,1.8,3,0.1,1.1,5,,1,,,,,,2025/2026,23643,,
"Jack Hinshelwood",10204,"Premier League",,,1251334,6.77,1750,26.8,15,2.3,0.12,0.37,0.2,5.9,1,1.3,3.1,,,,,,,1.7,,0.3,2,4,7,0.21,4.9,0.25,4.5,0.8,1.9,0.5,6,0.3,0.5,3,,,,,,,,2025/2026,23644,,
"Leny Yoro",10260,"Premier League",,,1358581,6.67,1739,45.2,4,0.6,0.03,0.1,0.1,8.2,1.7,4.4,3.8,1,,,,,,0.9,1,1.6,,,,,1.4,0.07,1.5,0.2,0.5,1.9,2,0.6,0.1,,,,,,,,,2025/2026,23645,,
"Sasa Lukic",9879,"Premier League",,,556972,6.81,1734,32.4,28,1.9,0.1,0.22,0.3,9.5,2.5,1.9,3.7,,,,,,,2.8,9,0.9,3,1,3,0.05,2.3,0.12,1.4,0.3,0.9,0.5,3,0.5,0.3,2,,,,,,,,2025/2026,23646,,
"Wesley Fofana",8455,"Premier League",,,917802,6.86,1726,60.2,3,0.6,0.03,0.07,0.5,10.8,1,6.7,4.2,,,,,,,1.4,5,2.1,1,,1,,0.7,0.04,0.1,0.1,0.4,1.6,,1,0.1,1,,2,,,,,,2025/2026,23647,,
"Jefferson Lerma",9826,"Premier League",,,466672,6.73,1724,36.1,13,1.5,0.08,0.17,0.2,11.5,1.5,3.2,5.3,,,,,,,1.3,7,1.3,3,,2,,1.8,0.1,1.1,0.4,1,2.3,3,0.2,0.3,2,1,,,,,,,2025/2026,23648,,
"Brennan Johnson",9826,"Premier League",,,1076756,6.57,1722,13.2,19,1.3,0.07,0.2,0.5,6.4,1.5,1.7,2.9,,,,,,,1,6,0.2,1,2,3,0.1,2.4,0.13,1.6,0.3,1.2,0.5,2,0.1,0.6,1,,,,,,,,2025/2026,23649,,
"Kaoru Mitoma",10204,"Premier League",,,862608,6.86,1721,24.7,30,2.8,0.15,0.36,1.5,5.6,0.9,0.9,3.2,,,,,,,1.6,5,0.5,4,3,4,0.16,4.1,0.21,3.6,0.7,1.7,0.6,8,0.1,0.6,1,,,,,,,,2025/2026,23650,,
"Riccardo Calafiori",9825,"Premier League",,,1105912,7.15,1707,34.1,9,0.8,0.04,0.22,0.8,5.4,1.7,2.6,3.8,,,,,,,1.4,5,0.8,,1,3,0.05,3.3,0.18,2.3,0.4,1.7,1.1,3,0.3,0.3,2,,,,,,,,2025/2026,23651,,
"Lutsharel Geertruida",8472,"Premier League",,,881640,6.73,1685,34.2,8,0.8,0.04,0.11,0.4,6,2,2.5,3.8,,,,,,,0.8,2,1,1,,,,1.2,0.06,0.8,0.2,0.6,1.4,1,0.5,0.3,,,,,,,,,2025/2026,23652,,
"Omari Hutchinson",10203,"Premier League",,,1215652,6.76,1684,23.9,33,3.9,0.21,0.31,2.2,6.9,1.2,0.4,4.6,,,,,,,1.2,1,0.6,8,1,6,0.05,1.9,0.1,2.2,0.6,1.3,0.6,2,,0.7,5,1,,,,,,,2025/2026,23653,,
"Junior Kroupi",8678,"Premier League",,,1460534,6.93,1683,19,22,1.5,0.08,0.53,0.8,6,0.5,1.8,3.3,,,,,,,1.4,5,0.5,3,13,13,0.7,8.3,0.45,9.8,1.2,2.8,0.9,3,,1.1,,,,,,,,,2025/2026,23654,,
"Pau Torres",10252,"Premier League",,,792645,6.75,1676,55.8,1,0.4,0.02,0.09,0.4,6,1.2,3.3,4.3,,,,,,,0.4,1,0.6,,,,,1.3,0.07,0.5,0.1,0.5,2.8,2,1,0.2,,,,,,,,,2025/2026,23655,,
"Randal Kolo Muani",8586,"Premier League",,,823825,6.3,1670,12.4,19,1.8,0.1,0.21,1.5,6.2,1.6,1,3.4,,,,,,,2.2,3,0.2,2,1,2,0.05,2.2,0.12,1.9,0.2,1.1,0.3,7,0.1,0.6,1,,,,,,,,2025/2026,23656,,
"Carlos Baleba",10204,"Premier League",,,1352713,6.62,1662,34.9,9,0.8,0.04,0.08,0.6,11.3,2,1.7,5.7,1,,,,,,1.7,5,1.6,1,,,,0.7,0.04,0.2,0.1,1.1,1.8,1,0.3,0.6,,,,,,,,,2025/2026,23657,,
"Harry Maguire",10260,"Premier League",,,255610,7.05,1655,39.9,4,0.5,0.03,0.09,0.1,8.2,1.2,5.7,3.4,2,,,,,,0.9,3,0.7,2,1,3,0.05,1.1,0.06,1,0.2,0.8,2.6,1,0.6,0.1,2,,1,,,,,,2025/2026,23658,,
"Kobbie Mainoo",10260,"Premier League",,,1292810,7.01,1653,50.9,22,1.3,0.07,0.1,1,10.1,2,1.4,5.2,,,,,,,0.7,2,1.1,1,1,3,0.05,0.5,0.03,0.3,0.2,0.7,1.2,,0.5,0.4,2,,,,,,,,2025/2026,23659,,
"Tijjani Reijnders",8456,"Premier League",,,868344,6.96,1636,39.1,17,2.3,0.13,0.37,1.1,5.4,0.6,1.1,3.2,,,,,,,1,2,0.6,4,5,7,0.28,4.5,0.24,4.4,0.9,2.7,0.7,5,0.1,0.8,2,,,,,,,,2025/2026,23660,,
"Pascal Gro\\u00df",10204,"Premier League",,,167008,7.2,1636,50.7,39,3.8,0.21,0.29,0.4,8,1.6,1.3,4.2,,,,,,,0.9,2,0.7,5,1,4,0.06,1.5,0.08,2.6,0.5,1,2,1,0.2,0.9,3,,,,,,,,2025/2026,23661,,
"Shea Lacey",10260,"Premier League",,,1436260,,40,,,0,,,,,,,,,,,,,,,,,,,,,0.1,,0,,,,,,,,,,,,,,,2025/2026,23932,,
"Benjamin Sesko",10260,"Premier League",,,1073977,6.8,1635,11.6,9,0.3,0.02,0.52,0.6,3.5,0.3,0.8,2.1,,,,,,,0.9,2,0.2,,11,12,0.61,9.2,0.51,11.2,1.9,3.4,0.2,12,0.1,0.3,1,,,,,,,,2025/2026,23662,,
"Jack Grealish",8668,"Premier League",,,312765,7.21,1631,26.6,38,3.6,0.2,0.32,1.3,7.6,1.2,0.6,4.8,,,,,,,0.7,3,0.7,5,2,8,0.11,2.1,0.12,2.2,0.4,1.4,1,4,0.3,0.9,6,,1,,,,,,2025/2026,23663,,
"Mads Hermansen",8654,"Premier League",,,967941,,1620,,2,0,,,,,,,,,7,,,,,,,,,,1,,,,,,,,,,,1,,,,,,,,2025/2026,23664,,
"Jacob Murphy",10261,"Premier League",,,521148,6.59,1618,20.4,23,2.7,0.15,0.33,1.1,5,0.9,0.9,2.6,1,,,,,,0.5,2,0.3,10,3,5,0.17,3.1,0.18,1.7,0.7,2.3,1.1,3,0.2,0.4,2,,,,,,,,2025/2026,23665,,
"Ian Maatsen",10252,"Premier League",,,966026,6.79,1599,34.6,26,2.4,0.14,0.21,1.2,7.1,2.4,3.6,4.6,,,,,,,1,2,1.1,5,,1,,1.3,0.07,0.9,0.3,1.1,1.4,1,0.1,0.2,1,,,,,,,,2025/2026,23666,,
"Kieran Trippier",10261,"Premier League",,,191869,6.81,1592,48.7,28,2,0.11,0.12,0.2,4.8,1.5,2.7,4.1,,,,,,,1.2,3,0.6,1,,1,,0.1,0,,,0.1,2.8,,0.1,0.1,1,,,,,,,,2025/2026,23667,,
"Ola Aina",10203,"Premier League",,,682548,,1590,,9,0.8,,,,,,,,,,,,,,,3,,,,,,0.4,,0,,,,,,,,,,,,,,,2025/2026,23668,,
"Bashir Humphreys",8191,"Premier League",,,1238058,,1578,39.8,9,0.7,0.04,0.06,0.3,8,1.5,4.8,3.9,,,,,,,0.8,6,0.6,1,,,,0.4,0.02,0.6,0.2,0.5,2.8,1,1.1,0.1,,,,,,,,,2025/2026,23669,,
"Will Hughes",9826,"Premier League",,,295067,6.56,1568,31.6,21,1.9,0.11,0.17,0.6,8.3,1.5,1.6,3.8,1,,,,,,1.3,7,0.9,1,,,,1.1,0.06,,,1,1.4,1,0.5,,,,,,,,,,2025/2026,23670,,
"Noah Okafor",8463,"Premier League",,,915797,6.94,1568,14.5,20,1.3,0.08,0.38,2.2,6.5,1.3,0.9,3.5,,,,,,,1,3,0.7,4,8,9,0.46,5.3,0.3,7,0.9,2,1.3,4,0.1,0.6,1,,,,,,,,2025/2026,23671,,
"Nico Gonz\\u00e1lez",8456,"Premier League",,,1280132,7.13,1567,68.3,11,1.1,0.06,0.1,0.7,11.8,2.4,2.5,5.2,,,,,,,1.7,6,1.4,1,1,1,0.06,0.7,0.04,0.3,0.1,0.8,2,,0.3,0.7,,,,,,,,,2025/2026,23672,,
Beto,8668,"Premier League",,,1079485,6.51,1565,7.4,12,0.2,0.01,0.53,0.8,5.2,0.9,2.5,1.5,,,,,,,1.9,3,0.1,1,9,10,0.52,8.9,0.51,8.8,1,2.5,0.1,10,0.3,0.5,1,,,,,,,,2025/2026,23673,,
"Chemsdine Talbi",8472,"Premier League",,,1368654,6.55,1561,18.9,12,1.2,0.07,0.19,0.9,5.3,0.6,1,3.5,,,,,,,0.3,,0.1,,4,5,0.23,2.1,0.12,3.8,0.6,1.4,0.7,2,0.1,0.2,1,,,,,,,,2025/2026,23674,,
"Max Kilman",8654,"Premier League",,,865931,,1559,34.9,4,0.3,0.02,0.05,0.2,9.2,0.9,6.4,2.5,2,,,,,,0.9,4,0.5,,,,,0.6,0.03,0.1,0.1,0.4,1.6,2,1.4,,,,,,,,,,2025/2026,23675,,
"Mohammed Kudus",8586,"Premier League",,,891743,6.99,1545,22.1,23,2.4,0.14,0.25,3,7.7,1.7,0.3,5.5,,,,,,,1.3,3,0.2,3,2,7,0.12,1.9,0.11,2.6,0.5,1.5,1.1,3,,0.7,5,,,,,,,,2025/2026,23676,,
"Hjalmar Ekdal",8191,"Premier League",,,831044,,1539,33.9,4,0.3,0.02,0.03,0.1,10.2,1.4,7.3,2.9,,,,,,,0.3,,0.7,,,,,0.3,0.01,0.1,0.1,0.4,1.8,1,0.8,,,,,,,,,,2025/2026,23677,,
"Lucas Paquet\\u00e1",8654,"Premier League",,,766435,,1521,,23,2.1,,,,,,,,1,,,,,,,5,,6,4,5,,2.8,,2.6,,,,1,,,1,,1,,,,,,2025/2026,23678,,
"Josh Cullen",8191,"Premier League",,,623716,,1519,,13,1.4,,,,,,,,1,,,,,,,2,,4,2,4,,0.9,,2.1,,,,,,,2,,,,,,,,2025/2026,23679,,
Rodri,8456,"Premier League",,,675088,7.51,1513,86.7,25,2.6,0.15,0.22,0.4,12.3,2.4,2.4,6.4,,,,,,,0.8,3,0.8,2,1,1,0.06,1.1,0.07,0.6,0.2,1,5.4,,0.2,0.6,,,,,,,,,2025/2026,23680,,
"Lewis Miley",10261,"Premier League",,,1296763,7.14,1493,45.5,15,2.1,0.13,0.21,0.7,9.3,1.7,2,4.2,,,,,,,0.3,,1.2,3,1,5,0.06,1.3,0.08,1.2,0.2,0.7,1.3,2,0.2,0.1,4,,,,,,,,2025/2026,23681,,
"Antonee Robinson",9879,"Premier League",,,662428,7.16,1492,38.6,22,1.6,0.09,0.16,0.7,8.1,2.9,3.3,5.9,,,,,,,0.9,5,1.7,1,1,1,0.06,1.1,0.06,0.8,0.1,0.4,2,,0.2,0.1,,,,,,,,,2025/2026,23682,,
"Kevin Danso",8586,"Premier League",,,754126,6.9,1491,50,3,0.3,0.02,0.05,0.1,12,1.6,8.1,2.7,,,,,,,1.3,8,1.5,1,,,,0.6,0.04,0,0.1,0.7,2.1,,0.7,,,,,,,,,,2025/2026,23683,,
"Tim Iroegbunam",8668,"Premier League",,,1203512,6.72,1485,24.2,8,0.7,0.04,0.08,0.9,11.5,4.1,0.5,4.7,,,,,,,1.8,9,1.3,3,,2,,0.6,0.04,0.1,0.1,0.7,0.5,,0.7,0.2,2,1,,,,,,,2025/2026,23684,,
"Archie Gray",8586,"Premier League",,,1323305,6.53,1479,27.3,8,1.2,0.07,0.16,0.4,8.1,0.7,2.7,3.5,,,,,,,0.7,5,1,3,2,4,0.12,1.5,0.09,2.2,0.3,0.7,1.3,,0.2,0.1,2,,,,,,,,2025/2026,23685,,
"Hee-Chan Hwang",8602,"Premier League",,,620026,6.41,1452,17.7,15,1.6,0.1,0.25,0.6,6,0.6,1,3.5,,,,,,,1.7,5,0.8,3,2,4,0.12,2.4,0.15,2.7,0.4,1.2,0.8,2,,0.4,2,,,,,,,,2025/2026,23686,,
"Patrick Dorgu",10260,"Premier League",,,1526560,7.15,1445,23.9,27,1.9,0.12,0.26,0.7,6.1,3,2,4.8,,,,,,,1.4,5,0.9,6,4,8,0.25,2.4,0.15,2.6,0.7,1.6,0.4,3,0.2,0.2,4,,,,,,,,2025/2026,23687,,
"Jacob Ramsey",10261,"Premier League",,,1021929,6.79,1444,39.6,22,1.4,0.09,0.16,0.9,9.3,2.6,0.6,5.3,1,,,,,,1,3,0.6,2,2,5,0.12,1.2,0.07,1.2,0.2,1,1,1,0.2,0.7,3,,1,,,,,,2025/2026,23688,,
"Lucas Perri",8463,"Premier League",,,637656,,1440,,,0,,,,,,,,1,3,,,,,,2,,,,,,,,,,,,,,,,,,,,,,,2025/2026,23689,,
"Vitaly Janelt",9937,"Premier League",,,688273,6.95,1437,44.3,21,2.3,0.14,0.2,0.3,11.5,1.7,2.1,5.3,,,,,,,1.3,8,1.9,7,1,5,0.06,0.9,0.06,1.2,0.2,0.8,2.7,1,0.5,0.4,4,,,,,,,,2025/2026,23690,,
"Abdukodir Khusanov",8456,"Premier League",,,1362998,7.12,1429,62.4,6,0.6,0.04,0.08,0.4,7.9,1.7,3.5,4.7,,,,,,,0.9,2,2.1,,,,,0.7,0.04,,0.1,0.4,2.6,1,0.6,0.1,,,,,,,,,2025/2026,23691,,
"Toti Gomes",8602,"Premier League",,,1013277,,1427,44.2,6,0.3,0.02,0.05,0.6,9.1,1.5,6,3.3,,,,,,,0.7,2,0.9,,,,,0.5,0.03,0.3,0.1,0.3,2.5,1,0.8,,,,1,,,,,,2025/2026,23692,,
"Boubacar Kamara",10252,"Premier League",,,816325,,1418,,15,0.9,,,,,,,,,,,,,,,5,,,1,4,,0.5,,0.9,,,,2,,,3,,,,,,,,2025/2026,23693,,
"Maxim De Cuyper",10204,"Premier League",,,1134871,6.75,1414,37.1,32,4.1,0.26,0.38,0.4,4.1,1.5,1.8,4.3,1,,,,,,1.1,2,0.8,9,2,5,0.13,1.8,0.12,1.9,0.4,0.8,0.8,1,0.1,0.6,3,,,,,,,,2025/2026,23694,,
"Tolu Arokodare",8602,"Premier League",,,1072864,6.59,1407,10.4,12,0.4,0.03,0.38,1.2,5.3,0.4,2.8,1.7,,,,,,,1.1,1,0.3,1,3,4,0.19,5.5,0.35,4,1,3,0.1,11,0.1,0.5,1,,,,,,,,2025/2026,23695,,
"Habib Diarra",8472,"Premier League",,,1285866,6.65,1407,22.8,7,0.8,0.05,0.27,0.4,5.1,0.9,0.8,3.1,,,,,,,1.3,6,0.3,1,2,4,0.13,3.4,0.22,2.5,0.5,1.7,0.3,2,,0.6,2,1,,,,,,,2025/2026,23696,,
"Lucas Pires",8191,"Premier League",,,1291325,,1406,30.1,20,1.5,0.09,0.13,1.2,6,1.9,2.5,5.5,,,,,,,1,1,1.3,1,,,,0.6,0.04,0.3,0.3,1,0.9,1,0.4,0.4,,,1,,,,,,2025/2026,23697,,
"Valent\\u00edn Castellanos",8654,"Premier League",,,823658,,1395,,12,0.8,,,,,,,,,,,,,,,6,,1,6,6,,5.8,,6.3,,,,9,,,,,,,,,,,2025/2026,23698,,
"Pape Sarr",8586,"Premier League",,,1107280,6.79,1391,34.8,11,1.1,0.07,0.18,0.8,12,2.1,3,5,,,,,,,1.9,3,1.2,3,2,6,0.13,1.7,0.11,2,0.4,1.1,1.3,1,0.6,0.3,4,,,,,,,,2025/2026,23699,,
"Kyle Walker-Peters",8654,"Premier League",,,734042,6.7,1380,33.3,7,0.4,0.03,0.1,1,5.9,2.9,2.2,3.8,,,,,,,0.8,2,0.6,1,1,1,0.07,1.1,0.07,1,0.2,0.3,1,,0.3,0.5,,,,,,,,,2025/2026,23700,,
"Josko Gvardiol",8456,"Premier League",,,1070712,,1374,,4,0.7,,,,,,,,1,,,,,,,2,,1,2,4,,2.4,,2.5,,,,2,,,2,,,,,,,,2025/2026,23701,,
"Lyle Foster",8191,"Premier League",,,881500,6.24,1372,12.9,10,0.5,0.03,0.25,0.7,5.6,1,1.3,2.8,,,,,,,1.4,4,0.3,2,3,5,0.2,3.2,0.21,3.3,0.4,1.3,0.5,3,0.2,0.6,2,,,,,,,,2025/2026,23702,,
"Martin \\u00d8degaard",9825,"Premier League",,,534670,7,1370,46.1,39,3.7,0.24,0.32,0.6,6.7,1.2,0.4,4.6,,,,,,,0.6,,0.5,6,1,7,0.07,1.2,0.08,1.3,0.5,1.4,2.5,,,1.2,6,,,,,,,,2025/2026,23703,,
"Mathys Tel",8586,"Premier League",,,1288111,6.65,1342,18.6,30,2.4,0.16,0.33,2.6,7.4,1.3,0.8,4.8,1,,,,,,1.3,1,0.4,5,4,5,0.27,2.4,0.16,2.8,0.5,2.3,0.9,4,0.1,0.7,1,,,,,,,,2025/2026,23704,,
Morato,10203,"Premier League",,,1053838,,1342,43.3,2,0.2,0.01,0.1,0.3,9.6,2,5.8,3.6,,,,,,,1.1,5,0.7,,1,1,0.07,1.3,0.09,1.3,0.1,0.3,3.2,2,1,0.1,,,,,,,,,2025/2026,23705,,
"Destiny Udogie",8586,"Premier League",,,1052898,6.69,1340,33.6,12,0.8,0.05,0.06,0.4,4.6,2.1,1.7,4.7,,,,,,,1.1,4,0.5,2,,1,,0.2,0.01,0.6,0.1,0.3,0.3,,0.3,0.1,1,,,,,,,,2025/2026,23706,,
"Jaydee Canvot",9826,"Premier League",,,1664722,,1334,45.5,3,0.3,0.02,0.12,0.1,11.3,2.6,6.9,3.6,1,,,,,,0.8,3,0.8,,,,,1.5,0.1,0.3,0.1,0.5,2.5,3,0.9,0.2,,,,,,,,,2025/2026,23707,,
"Rico Henry",9937,"Premier League",,,562892,6.52,1328,25.1,4,0.5,0.04,0.05,1,4.7,1,2.8,4.9,1,,,,,,1,2,0.5,1,,1,,0.2,0.01,,,0.3,1.6,,0.3,0.2,1,,,,,,,,2025/2026,23708,,
"Valentino Livramento",10261,"Premier League",,,1107910,,1328,,10,0.9,,,,,,,,,,,,,,,1,,1,,1,,0.1,,,,,,,,,1,,,,,,,,2025/2026,23709,,
"Tyrone Mings",10252,"Premier League",,,419664,,1323,,5,0.4,,,,,,,,,,,,,,,1,,1,,,,1.4,,0.1,,,,2,,,,,,,,,,,2025/2026,23710,,
"Ilia Gruev",8463,"Premier League",,,1080983,6.61,1322,35.6,11,0.9,0.06,0.09,0.4,7.8,1.6,1.3,3.5,,,,,,,1.1,3,1,2,,3,,0.5,0.03,0.2,0.1,0.5,1.3,1,0.4,0.3,3,,,,,,,,2025/2026,23711,,
"Ao Tanaka",8463,"Premier League",,,935728,6.85,1314,40.4,18,1.5,0.1,0.21,0.3,10,1.8,1,5.5,,,,,,,0.9,1,1.4,1,2,2,0.14,1.6,0.11,1.3,0.3,1.2,1.4,1,0.1,0.7,,,,,,,,,2025/2026,23712,,
"Anthony Elanga",10261,"Premier League",,,1050166,6.39,1313,23.6,15,1.8,0.12,0.24,0.9,3.8,1,0.4,2.2,,,,,,,0.5,,0.2,2,,1,,1.7,0.11,0.7,0.3,1.2,0.5,1,,0.2,1,,,,,,,,2025/2026,23713,,
"Joshua King",9879,"Premier League",,,1422593,6.5,1304,19.2,15,0.7,0.05,0.22,1.1,7.5,1.9,1,4.1,,,,,,,0.9,4,0.2,,1,3,0.07,2.5,0.17,2.7,0.8,1.8,0.2,3,0.3,0.3,2,,,,,,,,2025/2026,23714,,
"Bafod\\u00e9 Diakit\\u00e9",8678,"Premier League",,,979752,,1275,,3,0.2,,,,,,,,1,,,,,,,1,,,,,,0,,,,,,,,,,,,,,,,,2025/2026,23715,,
"Loum Tchaouna",8191,"Premier League",,,1283034,6.34,1270,18.2,13,0.9,0.07,0.15,0.5,4.9,1.3,0.7,2.7,,,,,,,0.9,2,0.1,1,2,3,0.14,1.3,0.09,1.1,0.6,1.6,0.9,1,0.1,0.4,1,,,,,,,,2025/2026,23716,,
"Alejandro Garnacho",8455,"Premier League",,,1203665,6.88,1268,29.3,29,3.7,0.26,0.51,1,5,1.1,0.4,3.2,,,,,,,0.6,2,0.3,6,1,5,0.07,3.5,0.24,2,0.5,2.3,0.9,7,,0.6,4,,,,,,,,2025/2026,23717,,
"Andrey Santos",8455,"Premier League",,,1372921,6.73,1255,51.5,8,0.9,0.06,0.21,0.1,9.3,2.7,1.3,3.4,,,,,,,0.9,4,1.4,1,1,1,0.07,2,0.14,1.4,0.1,0.8,1,3,0.4,0.5,,,,,,,,,2025/2026,23718,,
"Axel Disasi",8654,"Premier League",,,696646,,1255,,1,0.1,,,,,,,,,,,,,,,1,,,,,,1,,0.9,,,,1,,,,,,,,,,,2025/2026,23719,,
"Jean-Ricner Bellegarde",8602,"Premier League",,,769166,6.4,1251,24.5,13,1.1,0.08,0.15,1.3,7.6,2,1.4,3.2,,,,,,,1.4,5,0.7,2,1,2,0.07,1,0.07,1.8,0.5,1.5,1.9,,0.2,0.4,1,,,,,,,,2025/2026,23720,,
"Callum Wilson",8654,"Premier League",,,184321,6.4,1243,7.3,8,0.5,0.04,0.59,0.9,3,0.3,0.4,2,,,,,,,0.9,1,0.2,1,7,8,0.51,7.7,0.55,6.8,1.2,2.8,0.1,7,0.1,0.7,1,,,,,,,,2025/2026,23721,,
"Hannibal Mejbri",8191,"Premier League",,,1113785,6.64,1231,28.8,21,2.1,0.15,0.22,1.5,8.2,2.1,0.5,4.8,1,,,,,,1.8,10,0.6,5,1,5,0.07,0.9,0.07,0.7,0.4,1.4,1.3,,0.2,0.9,4,,,,,,,,2025/2026,23722,,
"Lisandro Mart\\u00ednez",10260,"Premier League",,,847983,,1231,,5,0.6,,,,,,,,,,,,,,,,,1,,,,0.2,,,,,,,,,,,1,,,,,,2025/2026,23723,,
"Noni Madueke",9825,"Premier League",,,1084981,6.72,1217,23.1,22,2.8,0.21,0.3,2.1,5.2,1.6,0.6,2.6,,,,,,,1.1,,0.4,7,3,4,0.22,1.2,0.09,2.1,0.7,1.9,0.8,2,0.1,0.7,1,,,,,,,,2025/2026,23724,,
"Axel Tuanzebe",8191,"Premier League",,,690149,,1202,,,0.1,,,,,,,,1,,,,,,,1,,,1,1,,0.6,,0.9,,,,,,,,,,,,,,,2025/2026,23725,,
"David Brooks",8678,"Premier League",,,674014,6.63,1199,25.7,26,3.3,0.25,0.69,1.3,7.1,1.4,1.1,4.2,,,,,,,0.8,7,0.3,8,1,4,0.08,5.8,0.44,3.2,1,3.6,0.9,11,,0.5,3,,,,,,,,2025/2026,23726,,
"Conor Gallagher",8586,"Premier League",,,966027,,1190,,13,0.7,,,,,,,,,,,,,,,2,,1,1,2,,1.1,,1.1,,,,2,,,1,,,,,,,,2025/2026,23727,,
"Dan Ndoye",10203,"Premier League",,,1022649,6.55,1176,16.9,14,1.5,0.12,0.2,1,7.4,1.8,0.9,3.8,,,,,,,1.2,1,0.8,2,1,2,0.08,1.1,0.08,0.9,0.3,1.1,0.5,1,0.2,0.3,1,,,,,,,,2025/2026,23728,,
"Nicol\\u00e1s Dominguez",10203,"Premier League",,,827315,6.67,1175,34.9,11,0.8,0.06,0.17,0.5,11,4.3,1.3,4.4,,,,,,,1.2,3,0.5,2,1,2,0.08,1.5,0.11,1.7,0.4,1.4,1.1,1,0.4,0.7,1,,,,,,,,2025/2026,23729,,
"Andrew Robertson",8650,"Premier League",,,357880,6.75,1172,45.5,20,1.4,0.11,0.19,0.2,4.2,0.9,2.5,3.1,,,,,,,0.3,,0.6,3,1,1,0.08,1.1,0.08,1.4,0.2,0.8,2.1,,0.2,0.2,,,,,,,,,2025/2026,23730,,
"Matthijs de Ligt",10260,"Premier League",,,769895,,1170,,3,0.8,,,,,,,,,,,,,,,,,2,1,1,,1.5,,1.5,,,,1,,,,,,,,,,,2025/2026,23731,,
"Dwight McNeil",8668,"Premier League",,,939542,6.62,1168,20.3,15,1.9,0.15,0.25,0.5,8.6,1.8,1,4.8,,,,,,,0.8,1,0.8,1,,1,,1.4,0.11,1.3,0.4,1.8,0.5,1,0.2,0.9,1,,,,,,,,2025/2026,23732,,
Valde,8633,"La Liga",,,1712399,,78,,1,0,,,,,,,,,,,,,,,,,,,,,,,,,,,,,,,,,,,,,,2025/2026,24509,,
"Freddie Potts",8654,"Premier League",,,1206287,6.61,1167,34.3,8,1.1,0.08,0.1,0.2,9.1,2.2,2.4,2.9,,,,,,,1.2,1,1.3,2,,1,,0.2,0.02,0.5,0.1,0.2,2.1,,0.2,,1,,,,,,,,2025/2026,23733,,
"Wilson Isidor",8472,"Premier League",,,887703,6.31,1158,6.3,,0.4,0.03,0.4,0.5,4,0.9,1.2,1.8,,,,,,,1.1,1,0.1,,6,6,0.47,4.7,0.37,5.2,1.3,3.3,0.1,2,0.1,0.2,,,,,,,,,2025/2026,23734,,
"Adam Armstrong",8602,"Premier League",,,519835,,1146,,6,0.9,,,,,,,,,,,,,,,3,,3,2,4,,2.7,,1.6,,,,3,,,2,,,,,,,,2025/2026,23735,,
"Jorrel Hato",8455,"Premier League",,,1413846,,1142,55.2,8,0.6,0.05,0.07,0.6,7.9,2.8,3.1,3.9,,,,,,,1.2,7,1.4,1,,,,0.3,0.02,,,0.3,0.6,,0.6,0.3,,,,,,,,,2025/2026,23736,,
"Jhon Arias",8602,"Premier League",,,1023030,6.48,1121,28.7,11,0.6,0.05,0.31,0.6,10.1,3.5,1.2,4.7,,,,,,,2,1,0.6,,1,1,0.08,3.3,0.26,0.8,0.2,1.3,0.6,4,0.2,0.6,,,,,,,,,2025/2026,23737,,
Rayan,8678,"Premier League",,,1478295,,1119,,14,1.8,,,,,,,,1,,,,,,,1,,3,5,7,,2.9,,3.4,,,,,,,2,,,,,,,,2025/2026,23738,,
"Liam Delap",8455,"Premier League",,,1113903,6.3,1102,10.8,3,0.2,0.02,0.38,0.8,3.4,0.4,0.9,2,,,,,,,2,4,0.1,,1,1,0.08,4.5,0.36,3,0.9,2.9,0.1,4,,0.3,,1,,,,,,,2025/2026,23739,,
"Emmanuel Agbadou",8602,"Premier League",,,1114979,,1101,,4,0.4,,,,,,,,,,,,,,,1,,,,,,0.6,,0.5,,,,,,,,,1,,,,,,2025/2026,23740,,
"James Ward-Prowse",8191,"Premier League",,,279490,,1096,,23,1.9,,,,,,,,,,,,,,,1,,8,,1,,0.2,,0.3,,,,,,,1,,,,,,,,2025/2026,23741,,
"Fabian Sch\\u00e4r",10261,"Premier League",,,189982,,1091,,4,0.6,,,,,,,,,,,,,,,1,,,,,,1,,0.6,,,,2,,,,,,,,,,,2025/2026,23742,,
"Amine Adli",8678,"Premier League",,,1079557,6.69,1082,26.5,16,1.6,0.13,0.35,0.7,10.2,3,1.4,5.1,,,,,,,2.4,2,0.6,1,3,4,0.25,2.6,0.22,3.2,0.7,1.7,0.2,4,0.2,0.4,1,1,,,,,,,2025/2026,23743,,
"Sam Johnstone",8602,"Premier League",,,280287,,1080,,,0,,,,,,,,,,,,,,,,,,,,,,,,,,,,,,,,,,,,,,2025/2026,23744,,
"Adam Smith",8678,"Premier League",,,160447,,1076,23.7,5,0.2,0.02,0.02,0.1,5.9,1.3,3.2,2.4,,,,,,,1.6,3,0.7,1,,2,,,,,,,1,,0.8,,2,,,,,,,,2025/2026,23745,,
"Samuel Chukwueze",9879,"Premier League",,,688300,6.78,1075,25.5,24,3.3,0.28,0.45,1.5,6.8,0.5,0.8,4.8,,,,,,,0.4,,0.6,4,3,7,0.25,2.1,0.17,3.1,0.6,2.1,1.3,2,0.1,0.8,4,,,,,,,,2025/2026,23746,,
"Lukas Nmecha",8463,"Premier League",,,861197,6.42,1073,11.9,11,1.6,0.13,0.74,0.6,4.9,1,0.9,2.6,,,,,,,1.5,,0.3,2,6,7,0.5,7.2,0.61,8,1.3,2.5,0.5,7,0.1,0.6,1,,,,,,,,2025/2026,23747,,
"Gabriel Martinelli",9825,"Premier League",,,1021586,6.53,1073,15.9,13,1.3,0.11,0.44,1.8,6.4,1,0.8,4.4,,,,,,,0.8,3,0.1,4,1,5,0.08,4,0.33,2.7,1.1,2.4,0.3,7,0.1,1.3,4,,,,,,,,2025/2026,23748,,
"Marcus Edwards",8191,"Premier League",,,637744,,1064,23.6,20,1.8,0.16,0.28,1.2,5.7,0.9,0.3,4.2,,,,,,,0.6,,0.2,6,1,4,0.08,1.5,0.13,1,0.5,1.9,0.5,2,,0.7,3,,,,,,,,2025/2026,23749,,
"Jo\\u00ebl Veltman",10204,"Premier League",,,304455,6.81,1050,30.9,4,0.2,0.02,0.11,0.2,8.5,2.7,3.8,3.4,,,,,,,0.9,5,1.5,,1,1,0.09,1.1,0.1,1,0.1,0.3,1.1,,0.5,0.3,,,,,,,,,2025/2026,23750,,
"David M\\u00f8ller Wolfe",8602,"Premier League",,,1049679,,1049,16.6,8,1.1,0.09,0.1,0.4,4.3,0.9,2.7,2.3,,,,,,,0.9,1,0.6,3,,2,,0.1,0.01,,,0.3,1.2,,0.2,0.2,2,,,,,,,,2025/2026,23751,,
"Lamare Bogarde",10252,"Premier League",,,1190033,,1047,38.9,2,0.2,0.02,0.02,0.2,5.2,2.2,2,3.7,,,,,,,1.5,5,0.4,,,,,,,,,,0.6,,0.5,0.3,,,,,,,,,2025/2026,23752,,
"Jeremie Frimpong",8650,"Premier League",,,966018,,1039,32.3,15,1.6,0.14,0.18,1.6,2.6,1,1.1,4.5,,,,,,,0.7,1,0.5,5,,1,,0.5,0.04,0.2,0.2,0.9,0.6,,,0.8,1,,,,,,,,2025/2026,23753,,
Kevin,9879,"Premier League",,,1318400,6.62,1037,22.5,14,1.5,0.13,0.23,3.8,7.5,1.8,0.7,4.2,,,,,,,1.2,1,0.8,1,1,2,0.09,1.2,0.1,2,0.9,2.2,1.7,1,,0.6,1,1,,,,,,,2025/2026,23754,,
"Oscar Bobb",9879,"Premier League",,,1113790,6.69,1037,29.9,22,2.1,0.18,0.31,2.3,6.5,1.8,0.3,3.6,,,,,,,0.8,1,0.8,1,,1,,1.5,0.13,1.3,0.3,1,0.2,1,,0.7,1,,,,,,,,2025/2026,23755,,
"Mikel Merino",9825,"Premier League",,,574645,6.93,1027,24.6,12,1.5,0.13,0.42,0.4,10,2.3,1.7,5,,,,,,,1.9,1,0.9,4,4,7,0.35,3.4,0.3,3.7,0.7,1.9,0.7,5,0.2,0.7,3,,,,,,,,2025/2026,23756,,
"Nicol\\u00f2 Savona",10203,"Premier League",,,1622290,,1026,,7,0.4,,,,,,,,,,,,,,,2,,1,2,2,,1.3,,1.6,,,,,,,,,,,,,,,2025/2026,23757,,
"Jacob Bruun Larsen",8191,"Premier League",,,655575,6.3,1023,20.9,12,1.2,0.1,0.22,0.9,5.5,1.1,1.1,2.7,,,,,,,0.1,,0.5,2,,1,,1.4,0.12,0.9,0.4,1.5,0.3,2,0.1,0.4,1,,,,,,,,2025/2026,23758,,
"Mason Mount",10260,"Premier League",,,750032,,1018,30.9,13,1.6,0.14,0.28,0.6,9.1,2.1,0.8,5.3,,,,,,,1.4,2,0.8,1,3,3,0.27,1.5,0.13,1,0.4,1.7,2,1,0.1,0.9,,1,,,,,,,2025/2026,23759,,
"Sean Longstaff",8463,"Premier League",,,820024,,1006,34,25,1.9,0.17,0.28,0.2,9.8,3.4,1,3.8,,,,,,,1.2,2,1.1,6,2,4,0.18,1.2,0.11,2,0.4,1.4,1.3,1,0.5,0.4,2,,,,,,,,2025/2026,23760,,
"Aaron Ramsdale",10261,"Premier League",,,746395,,1003,,1,0,,,,,,,,,1,,,,,,2,,,,,,,,,,,,,,,,,,,,,,,2025/2026,23761,,
"Dominic Solanke",8586,"Premier League",,,591734,,1000,,6,0.4,,,,,,,,,,,,,,,1,,1,3,3,,2.4,,4.1,,,,3,,,,,,,,,,,2025/2026,23762,,
"Rodrigo Muniz",9879,"Premier League",,,1128945,6.33,997,5.1,8,0.1,0.01,0.31,0.5,4.7,0.7,2.2,1.4,,,,,,,1.9,2,0.2,1,1,2,0.09,3.3,0.3,0.8,0.5,2.9,0.3,6,0.3,0.5,1,,,,,,,,2025/2026,23763,,
"Cristhian Mosquera",9825,"Premier League",,,1298907,,989,52.6,5,0.6,0.06,0.07,0.1,8.6,2.9,4.3,3.1,,,,,,,1.5,4,0.7,,,,,0.1,0.01,,,0.1,1,,0.6,,,,,,,,,,2025/2026,23764,,
"Ryan Christie",8678,"Premier League",,,439369,6.64,986,39.1,11,0.8,0.08,0.25,1.7,11.2,2.5,1.6,5.7,1,,,,,,1.6,3,1.1,2,2,2,0.18,1.9,0.18,2.6,0.7,2.3,2.3,1,0.4,1,,,1,,,,,,2025/2026,23765,,
"Noussair Mazraoui",10260,"Premier League",,,775539,,984,43.4,6,0.4,0.03,0.05,0.7,9,2.6,4.9,4.2,,,,,,,1.1,3,1.3,,,,,0.2,0.02,,,0.5,1.7,,0.2,0.4,,,,,,,,,2025/2026,23766,,
"Joseph Willock",10261,"Premier League",,,860975,6.57,980,27.7,14,1.1,0.1,0.22,0.6,8.2,1.8,0.6,4.8,,,,,,,1.5,3,0.8,4,,2,,1.3,0.12,0.8,0.6,1.6,0.9,1,0.2,0.8,2,,,,,,,,2025/2026,23767,,
"Wilson Odobert",8586,"Premier League",,,1341387,6.56,980,25.3,20,1.2,0.11,0.29,2.2,7.2,0.9,1.2,5,,,,,,,0.2,,0.1,2,,2,,1.9,0.17,1.5,0.7,2,0.6,4,,0.6,2,,,,,,,,2025/2026,23768,,
"Soungoutou Magassa",8654,"Premier League",,,1385894,,979,30.1,5,0.3,0.03,0.07,0.5,11.8,3.7,1.3,5,1,,,,,,1.6,4,1.5,1,1,1,0.09,0.4,0.04,1,0.2,0.6,1.7,,0.4,0.4,,,,,,,,,2025/2026,23769,,
"Rayan A\\u00eft-Nouri",8456,"Premier League",,,933845,,976,,12,2,,,,,,,,,,,,,,,2,,2,,2,,0.6,,0.2,,,,1,,,2,,,,,,,,2025/2026,23770,,
"Lucas Bergvall",8586,"Premier League",,,1386775,,966,23.2,5,0.4,0.04,0.17,1.4,7.3,2,1.2,3.6,,,,,,,2.2,2,0.2,,1,4,0.09,1.4,0.13,0.7,0.5,1.1,0.9,1,0.2,0.4,3,,,,,,,,2025/2026,23771,,
"Rodrigo Gomes",8602,"Premier League",,,1192166,6.43,960,17.8,3,0.4,0.04,0.24,0.8,4.4,2.2,1.2,3.1,,,,,,,0.6,,0.8,,3,3,0.28,2.1,0.2,1.5,0.6,1.9,0.2,2,0.2,0.5,,,,,,,,,2025/2026,23772,,
"Justin Kluivert",8678,"Premier League",,,794253,6.53,951,26.5,21,1.5,0.14,0.36,1,6.1,0.9,0.2,4.4,,,,,,,1.7,5,0.4,3,2,2,0.19,2.3,0.22,0.7,0.4,1.6,1.2,1,0.2,0.9,,,,,,,,,2025/2026,23773,,
"Victor Nilsson Lindel\\u00f6f",10252,"Premier League",,,258269,,944,,2,0.1,,,,,,,,,,,,,,,,,1,,1,,0.3,,,,,,1,,,1,,,,,,,,2025/2026,23774,,
"Jorge Cuenca",9879,"Premier League",,,821728,,938,,3,0.6,,,,,,,,,,,,,,,6,,1,,,,0.1,,,,,,,,,,,,,,,,,2025/2026,23775,,
"Conor Bradley",8650,"Premier League",,,1113690,,932,,4,0.9,,,,,,,,,,,,,,,5,,3,,1,,0.2,,,,,,,,,1,,,,,,,,2025/2026,23776,,
"Douglas Luiz",10252,"Premier League",,,787350,,923,57.3,19,1.4,0.14,0.19,0.6,10.3,2.2,1.2,5.1,1,,,,,,1.3,3,1.5,3,1,1,0.1,0.5,0.05,0.9,0.5,1.1,2.8,2,0.4,0.3,,,,,,,,,2025/2026,23777,,
"Ayden Heaven",10260,"Premier League",,,1559639,,923,,2,0.2,,,,,,,,,,,,,,,2,,1,,1,,0.3,,,,,,1,,,1,,,,,,,,2025/2026,23778,,
"Evann Guessand",9826,"Premier League",,,1087966,,916,15.1,5,1,0.1,0.25,1.4,8.4,2.4,1,4.2,,,,,,,1.5,,0.5,2,1,3,0.1,1.6,0.15,1.6,0.6,1.1,0.1,3,0.3,0.3,2,,,,,,,,2025/2026,23779,,
"Chris Wood",10203,"Premier League",,,169719,,906,,5,0.3,,,,,,,,,,,,,,,,,,3,3,,4.2,,2.6,,,,4,,,,,,,,,,,2025/2026,23780,,
"Manuel Ugarte",10260,"Premier League",,,1035614,,881,43.6,3,0.2,0.02,0.09,0.7,14.5,4.7,2,5.2,,,,,,,2.5,1,2,,,,,0.7,0.07,0,0.1,1.3,1.3,1,0.5,0.1,,,,,,,,,2025/2026,23781,,
"Jadon Sancho",10252,"Premier League",,,846381,6.52,873,32.6,21,1.9,0.2,0.26,1.6,4.5,0.7,0.9,2.7,,,,,,,0.3,,0.2,3,,2,,0.6,0.06,0.5,0.3,1,0.2,1,,0.3,2,,,,,,,,2025/2026,23782,,
"Marshall Munetsi",8602,"Premier League",,,786580,,873,,3,0.4,,,,,,,,,,,,,,,2,,1,1,2,,1.6,,1.7,,,,,,,1,,,,,,,,2025/2026,23783,,
"Lewis Cook",8678,"Premier League",,,562724,,872,,11,0.5,,,,,,,,,,,,,,,1,,,,1,,0.1,,,,,,,,,1,,1,,,,,,2025/2026,23784,,
"Giorgi Mamardashvili",8650,"Premier League",,,948800,,868,,,0,,,,,,,,1,2,,,,,,,,,,,,,,,,,,,,,,,,,,,,,2025/2026,23785,,
"Ross Barkley",10252,"Premier League",,,215384,6.68,852,37.7,10,1.3,0.14,0.3,1.4,7.8,1.5,1.1,4.8,,,,,,,1,1,0.2,4,3,4,0.32,1.5,0.16,1.9,0.8,1.9,1.5,2,0.3,0.3,1,,,,,,,,2025/2026,23786,,
"Armando Broja",8191,"Premier League",,,1077975,,849,11.1,5,0.2,0.02,0.25,0.8,4.7,0.6,1,2.8,,,,,,,1.5,,0.3,1,1,2,0.11,2.1,0.23,1.7,0.6,1.7,0.1,3,,0.6,1,,,,,,,,2025/2026,23787,,
"Est\\u00eav\\u00e3o",8455,"Premier League",,,1580774,6.65,845,23.2,16,2.2,0.23,0.55,3.1,6,1.2,0.5,3.8,,,,,,,1.3,4,0.4,4,2,4,0.21,2.9,0.31,3.8,0.9,3,0.5,2,,0.5,2,1,,,,,,,2025/2026,23788,,
Pablo,8654,"Premier League",,,1227326,,826,,14,1.1,,,,,,,,,,,,,,,,,2,,1,,1,,0.5,,,,2,,,1,,,,,,,,2025/2026,23789,,
Savinho,8456,"Premier League",,,1174337,,821,33.9,9,1.6,0.18,0.43,1.9,6.5,1,0.7,4.3,,,,,,,1,2,0.5,,1,2,0.11,2.3,0.25,1.6,1.2,2.2,0.5,6,,0.4,1,1,,,,,,,2025/2026,23790,,
"Issa Diop",9879,"Premier League",,,696443,,814,,,0.1,,,,,,,,,,,,,,,2,,,1,1,,0.8,,1,,,,,,,,,,,,,,,2025/2026,23791,,
"William Osula",10261,"Premier League",,,1258092,,811,7.2,6,0.6,0.07,0.54,0.9,3.4,0.7,,2.6,,,,,,,2.7,,0.1,,7,7,0.78,4.3,0.48,6.1,1.3,2.6,,4,0.1,0.6,,,,,,,,,2025/2026,23792,,
"Olivier Boscagli",10204,"Premier League",,,613715,,800,,4,0.5,,,,,,,,,,,,,,,2,,,,1,,0,,,,,,,,,1,,,,,,,,2025/2026,23793,,
"Matt Doherty",8602,"Premier League",,,239920,,791,,3,0.2,,,,,,,,1,,,,,,,4,,1,,,,0.1,,,,,,,,,,1,,,,,,,2025/2026,23794,,
"Tosin Adarabioyo",8455,"Premier League",,,683402,,789,,1,0.4,,,,,,,,,,,,,,,2,,1,,,,0.1,,,,,,,,,,,,,,,,,2025/2026,23795,,
"Justin Devenny",9826,"Premier League",,,1336751,,788,21.1,7,0.4,0.04,0.34,0.3,8.2,2.9,1.4,3.9,,,,,,,1.3,,0.1,,1,1,0.11,2.6,0.3,1,0.5,1.5,1,4,,0.5,,,,,,,,,2025/2026,23796,,
"James Milner",10204,"Premier League",,,38807,,778,48.9,8,0.6,0.07,0.19,0.1,9.4,1.7,2.2,4.6,,,,,,,1.7,2,0.7,1,1,2,0.12,1,0.12,0.9,0.2,0.9,2.3,,0.1,0.2,1,,,,,,,,2025/2026,23797,,
"Chris Rigg",8472,"Premier League",,,1327319,,766,,9,1.1,,,,,,,,,,,,,,,1,,2,1,2,,0.8,,0.9,,,,,,,1,,,,,,,,2025/2026,23798,,
"Tom Cairney",9879,"Premier League",,,182962,,763,75.6,11,0.8,0.1,0.24,0.5,7.3,0.8,0.8,5.1,,,,,,,1.2,3,0.5,,2,2,0.24,1.2,0.14,0.9,0.2,2,2.7,,0.1,0.4,,,,,,,,,2025/2026,23799,,
"Eliezer Mayenda",8472,"Premier League",,,1391052,,756,6.7,4,0.2,0.03,0.28,1.3,3.1,0.6,0.6,1.7,,,,,,,0.7,,0.1,2,2,2,0.24,2.1,0.26,3.8,0.7,1.5,0.1,1,0.1,0.2,,,,,,,,,2025/2026,23800,,
"Brajan Gruda",10204,"Premier League",,,1430151,,715,,16,0.9,,,,,,,,,,,,,,,2,,1,1,2,,1.7,,2,,,,2,,,1,,,,,,,,2025/2026,23801,,
"Ben White",9825,"Premier League",,,776151,,704,,8,0.7,,,,,,,,,,,,,,,,,3,,1,,0.5,,0.3,,,,,,,1,,,,,,,,2025/2026,23802,,
"Alexander Isak",8650,"Premier League",,,690107,,703,,2,0.1,,,,,,,,,,,,,,,,,1,3,4,,2.7,,2.8,,,,5,,,1,,,,,,,,2025/2026,23803,,
"Omar Marmoush",8456,"Premier League",,,839204,,699,18.2,12,0.8,0.1,0.45,1.3,5,1.7,0.3,2.6,,,,,,,1.3,3,0.3,3,3,6,0.39,2.7,0.35,1.8,1.2,3.9,0.1,2,0.3,0.6,3,,,,,,,,2025/2026,23804,,
"Myles Lewis-Skelly",9825,"Premier League",,,1406436,,698,45.1,4,0.2,0.03,0.04,1,3.2,1,1.4,3.9,,,,,,,1.3,3,0.6,,,,,0.1,0.01,,,0.3,1.2,,0.1,0.1,,,,,,,,,2025/2026,23805,,
"Nathan Ak\\u00e9",8456,"Premier League",,,417068,,688,,7,0.5,,,,,,,,,,,,,,,1,,2,,,,0.7,,0.3,,,,1,,,,,,,,,,,2025/2026,23806,,
"Aaron Hickey",9937,"Premier League",,,1002039,,685,31.4,,0.1,0.02,0.08,,6.8,2,3,4.6,,,,,,,0.9,1,1.1,,,,,0.5,0.06,0.2,0.1,0.8,1.4,1,0.8,,,,,,,,,,2025/2026,23807,,
"Charly Alcaraz",8668,"Premier League",,,1128965,,685,33,10,0.5,0.07,0.23,0.9,9.2,1.8,0.9,5.6,,,,,,,1.3,4,0.4,2,,1,,1.2,0.16,0.6,0.7,2.6,1.6,1,0.4,0.3,1,,,,,,,,2025/2026,23808,,
"Jarrad Branthwaite",8668,"Premier League",,,1030829,,681,,3,0.1,,,,,,,,,,,,,,,1,,1,1,1,,0.4,,0.6,,,,,,,,1,,,,,,,2025/2026,23809,,
"Merlin R\\u00f6hl",8668,"Premier League",,,1210384,,677,,6,0.3,,,,,,,,,,,,,,,,,,1,1,,0.8,,0.3,,,,1,,,,,,,,,,,2025/2026,23810,,
"Josh Acheampong",8455,"Premier League",,,1400216,,663,,2,0.1,,,,,,,,,,,,,,,1,,,1,1,,0.6,,1,,,,,,,,,,,,,,,2025/2026,23811,,
"Oliver Scarles",8654,"Premier League",,,1315319,,659,,5,0.3,,,,,,,,,,,,,,,2,,3,,,,0.2,,,,,,,,,,1,,,,,,,2025/2026,23812,,
"Simon Adingra",8472,"Premier League",,,1227012,,658,,7,0.6,,,,,,,,,,,,,,,2,,2,1,1,,0.3,,0.3,,,,1,,,,,,,,,,,2025/2026,23813,,
"Donyell Malen",10252,"Premier League",,,660301,,645,10.2,7,0.3,0.05,0.62,1.1,2.2,0.6,0.3,1.4,,,,,,,0.3,,,,4,5,0.56,4.1,0.57,2.9,1.3,3.8,0.1,5,,0.1,1,,,,,,,,2025/2026,23814,,
"Bertrand Traor\\u00e9",8472,"Premier League",,,303059,,638,,8,0.2,,,,,,,,,,,,,,,1,,2,1,1,,0.5,,1.5,,,,,,,,,,,,,,,2025/2026,23815,,
"Anton\\u00edn Kinsky",8586,"Premier League",,,1341475,,630,,,0,,,,,,,,,2,,,,,,1,,,,,,,,,,,,,,,,,,,,,,,2025/2026,23816,,
"Joshua Zirkzee",10260,"Premier League",,,950830,,608,26.9,11,0.4,0.05,0.49,0.7,6.2,1.3,1.6,2.8,,,,,,,1.3,3,0.1,2,2,3,0.3,3,0.44,2,1.3,3.7,0.4,5,0.3,0.3,1,,,,,,,,2025/2026,23817,,
"Yves Bissouma",8586,"Premier League",,,724306,,605,,,0.1,,,,,,,,,,,,,,,4,,,,,,0.4,,0.1,,,,,,,,,,,,,,,2025/2026,23818,,
"Ryan Yates",10203,"Premier League",,,775614,,604,30.2,5,0.4,0.06,0.13,0.1,10.3,2.4,3.4,2.7,,,,,,,1.9,3,1.3,,,2,,0.5,0.07,0,0.3,1.3,0.6,2,0.4,0.4,2,,,,,,,,2025/2026,23819,,
"Joseph Gomez",8650,"Premier League",,,568571,,599,38.3,5,0.7,0.1,0.14,0.5,6.9,1.5,3.8,3,,,,,,,2.1,4,1.4,3,,2,,0.3,0.04,,0.2,0.8,1.5,,0.3,,2,,,,,,,,2025/2026,23820,,
"Nathaniel Clyne",9826,"Premier League",,,157838,,596,,3,0.7,,,,,,,,,,,,,,,1,,2,,1,,0.4,,,,,,,,,1,,,,,,,,2025/2026,23821,,
"Marco Bizot",10252,"Premier League",,,195782,,585,,,0,,,,,,,,1,1,,,,,,2,,,,,,,,,,,,,,,,,,,,,,,2025/2026,23822,,
"Kai Havertz",9825,"Premier League",,,749736,,583,,11,0.7,,,,,,,,,,,,,,,1,,2,2,5,,3.3,,2.3,,,,6,,,3,,,,,,,,2025/2026,23823,,
"Luke O'Nien",8472,"Premier League",,,480253,,564,,2,0.1,,,,,,,,,,,,,,,1,,,,1,,0.1,,0.1,,,,,,,1,,1,,,,,,2025/2026,23824,,
"Chadi Riad",9826,"Premier League",,,1187506,,554,,1,0.1,,,,,,,,,,,,,,,2,,1,,1,,0.3,,0.2,,,,2,,,1,,,,,,,,2025/2026,23825,,
"Daniel James",8463,"Premier League",,,717176,,553,11.7,9,0.7,0.12,0.27,1,5.7,1.1,1.3,3.1,,,,,,,0.2,,0.2,1,,,,0.9,0.15,0.5,0.5,2.3,0.5,2,,0.5,,,,,,,,,2025/2026,23826,,
"Dilane Bakwa",10203,"Premier League",,,1079539,,552,,11,1,,,,,,,,,,,,,,,1,,2,,2,,0.5,,0.2,,,,1,,,2,,,,,,,,2025/2026,23827,,
"Rio Ngumoha",8650,"Premier League",,,1597668,,551,27.3,16,2,0.33,0.55,4.9,4.9,0.7,0.5,3.1,,,,,,,0.7,,0.5,3,2,3,0.33,1.3,0.21,1.9,1,2.6,0.5,,0.2,0.5,1,,,,,,,,2025/2026,23828,,
"Altay Bayindir",10260,"Premier League",,,866967,,540,,1,0,,,,,,,,,,,,,,,,,1,,,,,,,,,,,,,,,,,,,,,2025/2026,23829,,
"Harrison Armstrong",8668,"Premier League",,,1559637,,528,,4,0.2,,,,,,,,,,,,,,,,,,,,,0.8,,0.8,,,,1,,,,,,,,,,,2025/2026,23830,,
"Wilfried Gnonto",8463,"Premier League",,,1107286,,524,28.7,9,0.7,0.12,0.19,0.9,10.1,3.1,2.1,4.5,,,,,,,1.2,3,0.5,1,,1,,0.4,0.07,,,1.7,1,,,0.9,1,1,,,,,,,2025/2026,23831,,
"Yoane Wissa",10261,"Premier League",,,666857,,521,11.2,4,0.6,0.1,0.63,0.2,3.8,0.9,0.3,2.4,,,,,,,1,3,,1,1,2,0.17,3.1,0.54,1.3,0.9,2.2,0.7,6,0.2,0.3,1,,,,,,,,2025/2026,23832,,
"Jair Cunha",10203,"Premier League",,,1391209,,516,,1,0.1,,,,,,,,,,,,,,,,,,,,,0.3,,0.1,,,,1,,,,,,,,,,,2025/2026,23833,,
"Radu Dragusin",8586,"Premier League",,,1203661,,515,,,0,,,,,,,,,,,,,,,,,,,,,0.3,,,,,,,,,,,,,,,,,2025/2026,23834,,
"Joe Worrall",8191,"Premier League",,,716687,,497,,,0,,,,,,,,,,,,,,,,,,,,,0.1,,,,,,,,,,,,,,,,,2025/2026,23835,,
"Jamie Gittens",8455,"Premier League",,,1113692,,490,,9,0.9,,,,,,,,,,,,,,,,,2,,2,,0.8,,0.1,,,,1,,,2,,,,,,,,2025/2026,23836,,
"Taiwo Awoniyi",10203,"Premier League",,,643717,,481,,6,0.8,,,,,,,,,,,,,,,2,,2,4,5,,3.6,,3.6,,,,3,,,1,1,,,,,,,2025/2026,23837,,
"Beno\\u00eet Badiashile",8455,"Premier League",,,955376,,471,,,0.1,,,,,,,,,,,,,,,2,,,,,,,,,,,,,,,,,,,,,,,2025/2026,23838,,
"Angel Gomes",8602,"Premier League",,,848667,,464,,6,0.3,,,,,,,,,,,,,,,1,,,,,,0.3,,0.2,,,,,,,,,,,,,,,2025/2026,23839,,
"Leon Bailey",10252,"Premier League",,,671331,,452,,12,1.5,,,,,,,,,,,,,,,1,,1,,1,,0.5,,0.1,,,,1,,,1,,,,,,,,2025/2026,23840,,
"John Stones",8456,"Premier League",,,263653,,439,,1,0.1,,,,,,,,,,,,,,,,,,,,,,,,,,,,,,,,,,,,,,2025/2026,23841,,
"John Victor",10203,"Premier League",,,749834,,438,,,0,,,,,,,,,1,,,,,,1,,,,,,,,,,,,,,,,,,,,,,,2025/2026,23842,,
"Sebastiaan Bornauw",8463,"Premier League",,,922892,,432,,,0,,,,,,,,,,,,,,,1,,,,,,0.2,,,,,,,,,,,,,,,,,2025/2026,23843,,
"Ki-Jana Hoever",8602,"Premier League",,,1010733,,428,,5,0.4,,,,,,,,,,,,,,,,,2,,,,0,,0,,,,,,,,,,,,,,,2025/2026,23844,,
"Gabriel Jesus",9825,"Premier League",,,576165,,421,,3,0.3,,,,,,,,,,,,,,,3,,,3,3,,2.7,,2.5,,,,6,,,,,,,,,,,2025/2026,23845,,
"Edward Nketiah",9826,"Premier League",,,860920,,416,,7,0.5,,,,,,,,,,,,,,,2,,1,2,2,,1.8,,2.6,,,,1,,,,,,,,,,,2025/2026,23846,,
"Niclas F\\u00fcllkrug",8654,"Premier League",,,276791,,408,,7,0.2,,,,,,,,,,,,,,,,,,,,,0.9,,0.4,,,,1,,,,,,,,,,,2025/2026,23847,,
"Nilson Angulo",8472,"Premier League",,,1287010,,406,,3,0.1,,,,,,,,,,,,,,,1,,,,,,0.8,,0.5,,,,2,,,,,,,,,,,2025/2026,23848,,
"Rico Lewis",8456,"Premier League",,,1288450,,402,,7,1.4,,,,,,,,,,,,,,,2,,2,,1,,0.2,,,,,,,,,1,,,,,,,,2025/2026,23849,,
"Romaine Mundle",8472,"Premier League",,,1123947,,400,,1,0.5,,,,,,,,,,,,,,,1,,,,,,0.9,,0.1,,,,1,,,,,,,,,,,2025/2026,23850,,
"Filip J\\u00f6rgensen",8455,"Premier League",,,1200984,,378,,,0,,,,,,,,,,,,,,,,,,,,,,,,,,,,,,,,,,,,,,2025/2026,23851,,
"Adama Traor\\u00e9",8654,"Premier League",,,493647,,377,19.3,3,0.6,0.14,0.3,2.9,4.3,0.5,0.5,3.3,,,,,,,1.7,1,,1,,,,0.7,0.17,0.2,0.2,1.7,0.2,1,,0.5,,,,,,,,,2025/2026,23852,,
"Rom\\u00e9o Lavia",8455,"Premier League",,,1190867,,377,,1,0.5,,,,,,,,,,,,,,,,,1,,,,0.2,,,,,,,,,,,,,,,,,2025/2026,23853,,
"Veljko Milosavljevic",8678,"Premier League",,,1666977,,367,,1,0.2,,,,,,,,,,,,,,,,,,,,,0.2,,,,,,1,,,,,,,,,,,2025/2026,23854,,
"James Trafford",8456,"Premier League",,,1187213,,360,,,0,,,,,,,,,1,,,,,,,,,,,,,,,,,,,,,,,,,,,,,2025/2026,23855,,
"Luca Netz",10203,"Premier League",,,1155130,,355,,2,0.4,,,,,,,,,,,,,,,,,,,,,,,,,,,,,,,,,,,,,,2025/2026,23856,,
"Charalampos Kostoulas",10204,"Premier League",,,1561249,,353,24.2,10,0.6,0.14,0.69,2.8,10.5,2.8,1,6.4,,,,,,,1.8,2,0.3,3,2,3,0.51,2.1,0.54,2.2,2,5.4,0.3,2,,1.8,1,,,,,,,,2025/2026,23857,,
"Tyrique George",8668,"Premier League",,,1424875,,353,,3,1.2,,,,,,,,,,,,,,,2,,3,,,,0.6,,1.3,,,,1,,,,,,,,,,,2025/2026,23858,,
"Oleksandr Zinchenko",10203,"Premier League",,,623621,,353,,5,0.4,,,,,,,,,,,,,,,,,1,,,,0.1,,0.1,,,,,,,,,,,,,,,2025/2026,23859,,
"Tyler Dibling",8668,"Premier League",,,1292833,,350,,4,0.2,,,,,,,,,,,,,,,2,,,,,,0.2,,,,,,,,,,,,,,,,,2025/2026,23860,,
"Ethan Pinnock",9937,"Premier League",,,711357,,321,,,0.1,,,,,,,,,,,,,,,1,,,,,,0,,0.1,,,,,,,,,,,,,,,2025/2026,23861,,
"Dennis Cirkin",8472,"Premier League",,,1118480,,320,,,0,,,,,,,,,,,,,,,2,,,,,,0.1,,,,,,,,,,,,,,,,,2025/2026,23862,,
"Federico Chiesa",8650,"Premier League",,,784510,,318,22.9,3,0.6,0.17,0.6,0.6,8.5,2.3,2,2.5,,,,,,,3.1,3,1.1,2,2,3,0.57,1.5,0.42,2,1.4,4.8,0.3,1,0.6,0.3,1,,,,,,,,2025/2026,23863,,
"James McAtee",10203,"Premier League",,,1107648,,289,,6,0.4,,,,,,,,,,,,,,,1,,1,,1,,0.2,,,,,,,,,1,,,,,,,,2025/2026,23864,,
"Luka Duric",8226,Bundesliga,,,1586401,,9,,,0,,,,,,,,,,,,,,,,,,,,,,,,,,,,,,,,,,,,,,2025/2026,25645,,
"Tammy Abraham",10252,"Premier League",,,749661,,279,,4,0.4,,,,,,,,,,,,,,,,,1,2,2,,2,,2,,,,3,,,,,,,,,,,2025/2026,23865,,
"Daniel Bentley",8602,"Premier League",,,189103,,270,,,0,,,,,,,,,,,,,,,,,,,,,,,,,,,,,,,,,,,,,,2025/2026,23866,,
"Max Weiss",8191,"Premier League",,,1307639,,270,,1,0,,,,,,,,,,,,,,,,,,,,,,,,,,,,,,,,,,,,,,2025/2026,23867,,
"Melker Ellborg",8472,"Premier League",,,1186615,,270,,,0,,,,,,,,,1,,,,,,,,,,,,,,,,,,,,,,,,,,,,,2025/2026,23868,,
"Stefan Ortega",10203,"Premier League",,,276729,,270,,,0,,,,,,,,,1,,,,,,,,,,,,,,,,,,,,,,,,,,,,,2025/2026,23869,,
"Marc Guiu",8455,"Premier League",,,1412137,,266,,3,0.3,,,,,,,,,,,,,,,1,,1,,1,,1.5,,0.1,,,,3,,,1,,,,,,,,2025/2026,23870,,
"Jack Harrison",8463,"Premier League",,,751649,,263,,2,0.2,,,,,,,,1,,,,,,,,,1,,,,0.3,,0.1,,,,1,,,,,,,,,,,2025/2026,23871,,
"Pedro Lima",8602,"Premier League",,,1610952,,259,,3,0.4,,,,,,,,,,,,,,,,,,,,,0.3,,0.3,,,,1,,,,,,,,,,,2025/2026,23872,,
"Jo\\u00ebl Piroe",8463,"Premier League",,,792540,,246,,1,0.1,,,,,,,,,,,,,,,,,,,,,1,,0.5,,,,1,,,,,,,,,,,2025/2026,23873,,
"Nathan Patterson",8668,"Premier League",,,1112684,,240,,,0,,,,,,,,,,,,,,,,,,,,,0,,0.1,,,,,,,,,,,,,,,2025/2026,23874,,
"Fer L\\u00f3pez",8602,"Premier League",,,1573122,,229,,3,0.6,,,,,,,,,,,,,,,1,,1,,1,,0.2,,0.2,,,,,,,1,,,,,,,,2025/2026,23875,,
"Levi Colwill",8455,"Premier League",,,1096400,,225,,,0.1,,,,,,,,,,,,,,,,,,,,,,,,,,,,,,,,,,,,,,2025/2026,23876,,
"Enes \\u00dcnal",8678,"Premier League",,,464486,,214,16,1,0.1,0.03,0.87,0.4,9.7,0.4,5.9,2.9,,,,,,,2.5,1,,1,1,1,0.42,2,0.84,1.6,1.3,6.3,,2,0.4,0.4,,,,,,,,,2025/2026,23877,,
"Freddie Woodman",8650,"Premier League",,,582276,,212,,,0,,,,,,,,,,,,,,,,,,,,,,,,,,,,,,,,,,,,,,2025/2026,23878,,
"Matthew O'Riley",10204,"Premier League",,,866686,,203,,4,0.2,,,,,,,,,,,,,,,,,,1,1,,1.2,,1.4,,,,1,,,,,,,,,,,2025/2026,23879,,
"Diego Coppola",10204,"Premier League",,,1321562,,194,,,0,,,,,,,,,,,,,,,2,,,,,,,,,,,,,,,,,,,,,,,2025/2026,23880,,
"Nayef Aguerd",8654,"Premier League",,,617310,,180,,,0,,,,,,,,,,,,,,,,,,,,,0.1,,,,,,,,,,,,,,,,,2025/2026,23881,,
"Guido Rodr\\u00edguez",8654,"Premier League",,,586768,,177,,,0,,,,,,,,,,,,,,,1,,,,,,0,,,,,,,,,,,,,,,,,2025/2026,23882,,
"Wataru Endo",8650,"Premier League",,,202643,,171,,1,0.1,,,,,,,,,,,,,,,1,,,,1,,0,,,,,,,,,1,,,,,,,,2025/2026,23883,,
"Oliver Sonne",8191,"Premier League",,,1060617,,165,,1,0.1,,,,,,,,,,,,,,,,,,1,1,,0.6,,0.9,,,,,,,,,,,,,,,2025/2026,23884,,
"Ethan Nwaneri",9825,"Premier League",,,1254234,,165,,1,0.1,,,,,,,,,,,,,,,,,,,,,0.2,,,,,,,,,,,,,,,,,2025/2026,23885,,
"Zach Abbott",10203,"Premier League",,,1296769,,165,,,0,,,,,,,,1,,,,,,,,,,,,,,,,,,,,,,,,,,,,,,2025/2026,23886,,
"Christantus Uche",9826,"Premier League",,,1580704,,159,,,0,,,,,,,,,,,,,,,,,,,,,0.5,,0.4,,,,1,,,,1,,,,,,,2025/2026,23887,,
"Andy Irving",8654,"Premier League",,,863359,,157,,3,0.2,,,,,,,,,,,,,,,,,,,,,,,,,,,,,,,,,,,,,,2025/2026,23888,,
"Max Dowman",9825,"Premier League",,,1635773,,153,,4,0.3,,,,,,,,,,,,,,,,,,1,1,,1.2,,1,,,,,,,,1,,,,,,,2025/2026,23889,,
Souza,8586,"Premier League",,,1636513,,144,,3,0,,,,,,,,,,,,,,,1,,,,,,0,,0.2,,,,,,,,,,,,,,,2025/2026,23890,,
"Ben Davies",8586,"Premier League",,,276121,,138,,1,0.1,,,,,,,,,,,,,,,1,,,1,1,,0.5,,1,,,,,,,,,,,,,,,2025/2026,23891,,
"Alex T\\u00f3th",8678,"Premier League",,,1449690,,137,,5,0.3,,,,,,,,,,,,,,,1,,,,,,0.1,,,,,,,,,,,,,,,,,2025/2026,23892,,
"Max Alleyne",8456,"Premier League",,,1414691,,135,,1,0.1,,,,,,,,,,,,,,,,,,,,,0.3,,0.3,,,,1,,,,,,,,,,,2025/2026,23893,,
"Jenson Seelt",8472,"Premier League",,,1203192,,134,,,0,,,,,,,,,,,,,,,,,,,,,,,,,,,,,,,,,,,,,,2025/2026,23894,,
"Stefanos Tzimas",10204,"Premier League",,,1423616,,133,,6,0.1,,,,,,,,,,,,,,,,,,1,2,,0.5,,0.6,,,,1,,,1,,,,,,,,2025/2026,23895,,
"Lorenzo Lucca",10203,"Premier League",,,1212630,,127,,1,0,,,,,,,,,,,,,,,,,,1,1,,0.8,,0.2,,,,1,,,,,,,,,,,2025/2026,23896,,
"Arthur Masuaku",8472,"Premier League",,,418137,,127,,1,0.1,,,,,,,,,,,,,,,1,,,,,,0.1,,,,,,,,,,,,,,,,,2025/2026,23897,,
"Mateo Kovacic",8456,"Premier League",,,239219,,126,,4,0.4,,,,,,,,,,,,,,,,,1,,1,,0.2,,,,,,,,,1,,,,,,,,2025/2026,23898,,
"Luis Guilherme",8654,"Premier League",,,1458757,,121,,1,0,,,,,,,,,,,,,,,,,,,,,0.1,,,,,,,,,,,,,,,,,2025/2026,23899,,
"Reiss Nelson",9937,"Premier League",,,748382,,118,,2,0.1,,,,,,,,,,,,,,,,,,,1,,0.7,,0.5,,,,2,,,1,,,,,,,,2025/2026,23900,,
"Ezra Mayers",8654,"Premier League",,,1624950,,113,,2,0.5,,,,,,,,,,,,,,,,,,,,,0.1,,,,,,,,,,,,,,,,,2025/2026,23901,,
"Harvey Elliott",10252,"Premier League",,,963964,,110,,1,0.1,,,,,,,,,,,,,,,,,,,,,0.3,,,,,,,,,,,,,,,,,2025/2026,23902,,
"Jack Fletcher",10260,"Premier League",,,1575707,,107,,2,0,,,,,,,,,,,,,,,,,,,,,0,,,,,,,,,,,,,,,,,2025/2026,23903,,
"Ben Gannon-Doak",8678,"Premier League",,,1324871,,105,,1,0.1,,,,,,,,,,,,,,,,,1,,1,,0.3,,0.1,,,,1,,,1,,,,,,,,2025/2026,23904,,
"Igor Julio",8654,"Premier League",,,768331,,103,,1,0,,,,,,,,,,,,,,,,,,,,,,,,,,,,,,,,,,,,,,2025/2026,23905,,
"Christian N\\u00f8rgaard",9825,"Premier League",,,266520,,101,,,0,,,,,,,,,,,,,,,,,,,,,0.1,,0.1,,,,,,,,,,,,,,,2025/2026,23906,,
"F\\u00e1bio Carvalho",9937,"Premier League",,,963965,,100,,,0,,,,,,,,,,,,,,,,,,1,1,,0.7,,0.7,,,,,,,,,,,,,,,2025/2026,23907,,
"Mamadou Sarr",8455,"Premier League",,,1426170,,100,,,0,,,,,,,,,,,,,,,,,,,,,0.4,,,,,,1,,,,,,,,,,,2025/2026,23908,,
"Borna Sosa",9826,"Premier League",,,622091,,99,,2,0.1,,,,,,,,,,,,,,,1,,,,,,0,,,,,,,,,,,,,,,,,2025/2026,23909,,
"Harry Howell",10204,"Premier League",,,1446616,,93,,,0,,,,,,,,,,,,,,,,,,,,,,,,,,,,,,,,,,,,,,2025/2026,23910,,
"Harrison Reed",9879,"Premier League",,,502420,,90,,3,0.5,,,,,,,,,,,,,,,,,,1,1,,0.1,,0.8,,,,,,,,,,,,,,,2025/2026,23911,,
"H\\u00e1kon Rafn Valdimarsson",9937,"Premier League",,,850962,,90,,,0,,,,,,,,,,,,,,,,,,,,,,,,,,,,,,,,,,,,,,2025/2026,23912,,
"Kepa Arrizabalaga",9825,"Premier League",,,317564,,90,,,0,,,,,,,,,,,,,,,,,,,,,,,,,,,,,,,,,,,,,,2025/2026,23913,,
"Rio Cardines",9826,"Premier League",,,1422586,,90,,2,0.2,,,,,,,,,,,,,,,,,2,,,,0,,,,,,,,,,,,,,,,,2025/2026,23914,,
"Walter Ben\\u00edtez",9826,"Premier League",,,448897,,90,,,0,,,,,,,,,1,,,,,,,,,,,,,,,,,,,,,,,,,,,,,2025/2026,23915,,
"Arnaud Kalimuendo-Muinga",10203,"Premier League",,,1095445,,89,,1,0,,,,,,,,,,,,,,,,,,,,,0.4,,0.1,,,,1,,,,,,,,,,,2025/2026,23916,,
"Frank Onyeka",9937,"Premier League",,,856685,,88,,1,0.4,,,,,,,,,,,,,,,,,1,,1,,,,,,,,,,,1,,,,,,,,2025/2026,23917,,
"Andr\\u00e9s Garc\\u00eda",10252,"Premier League",,,1430406,,83,,,0,,,,,,,,,,,,,,,,,,,,,,,,,,,,,,,,,,,,,,2025/2026,23918,,
"Facundo Buonanotte",8463,"Premier League",,,1336566,,81,,3,0.3,,,,,,,,,,,,,,,1,,,,,,0.1,,,,,,,,,,,,,,,,,2025/2026,23919,,
"Zeki Amdouni",8191,"Premier League",,,1067168,,69,,,0,,,,,,,,,,,,,,,,,,,,,0.2,,0,,,,,,,,,,,,,,,2025/2026,23920,,
"Mohamadou Kant\\u00e9",8654,"Premier League",,,1529203,,67,,1,0.1,,,,,,,,,,,,,,,2,,,,,,0.1,,,,,,,,,,,,,,,,,2025/2026,23921,,
"Callum Marshall",8654,"Premier League",,,1327325,,58,,,0,,,,,,,,,,,,,,,,,,,,,0.1,,,,,,1,,,,,,,,,,,2025/2026,23922,,
"Tom Watson",10204,"Premier League",,,1310131,,57,,,0,,,,,,,,,,,,,,,1,,,,,,0,,0.2,,,,,,,,,,,,,,,2025/2026,23923,,
"Jonah Kusi-Asare",9879,"Premier League",,,1532672,,49,,1,0,,,,,,,,,,,,,,,1,,,,,,,,,,,,,,,,,,,,,,,2025/2026,23924,,
"Alysson Edward",10252,"Premier League",,,1656860,,47,,,0,,,,,,,,,,,,,,,,,,,,,0,,,,,,,,,,,,,,,,,2025/2026,23925,,
"Angus Gunn",10203,"Premier League",,,760746,,45,,,0,,,,,,,,,,,,,,,,,,,,,,,,,,,,,,,,,,,,,,2025/2026,23926,,
"Antoni Milambo",9937,"Premier League",,,1276312,,45,,,0,,,,,,,,,,,,,,,,,,,,,,,,,,,,,,,,,,,,,,2025/2026,23927,,
"Emil Krafth",10261,"Premier League",,,259306,,45,,,0,,,,,,,,,,,,,,,,,,,,,,,,,,,,,,,,,,,,,,2025/2026,23928,,
"Jesse Derry",8455,"Premier League",,,1526704,,44,,,0,,,,,,,,,,,,,,,,,,,,,0.1,,0.1,,,,,,,,1,,,,,,,2025/2026,23929,,
"Jocelin Ta Bi",8472,"Premier League",,,1690655,,39,,,0,,,,,,,,,,,,,,,,,,,,,,,,,,,,,,,,,,,,,,2025/2026,23933,,
"Romelle Donovan",9937,"Premier League",,,1433230,,38,,1,0,,,,,,,,,,,,,,,,,,,,,0.1,,0,,,,,,,,,,,,,,,2025/2026,23934,,
"Solly March",10204,"Premier League",,,416850,,38,,,0,,,,,,,,,,,,,,,,,,,,,0,,0,,,,,,,,,,,,,,,2025/2026,23935,,
"Mike Tr\\u00e9sor",8191,"Premier League",,,963983,,37,,1,0,,,,,,,,,,,,,,,,,,,,,,,,,,,,,,,,,,,,,,2025/2026,23936,,
"James Maddison",8586,"Premier League",,,493165,,34,,,0.1,,,,,,,,,,,,,,,,,,,,,0.2,,,,,,1,,,,,,,,,,,2025/2026,23937,,
"Julio Soler",8678,"Premier League",,,1358655,,34,,,0,,,,,,,,,,,,,,,,,,,,,,,,,,,,,,,,,,,,,,2025/2026,23938,,
"Patrick Roberts",8472,"Premier League",,,527549,,27,,,0,,,,,,,,,,,,,,,,,,,,,0,,,,,,,,,,,,,,,,,2025/2026,23939,,
"D\\u00e1rio Essugo",8455,"Premier League",,,1239595,,26,,,0,,,,,,,,,,,,,,,2,,,,,,,,,,,,,,,,,,,,,,,2025/2026,23940,,
"Divine Mukasa",8456,"Premier League",,,1463282,,25,,2,0.2,,,,,,,,,,,,,,,,,,,,,,,,,,,,,,,,,,,,,,2025/2026,23941,,
"George Hemmings",10252,"Premier League",,,1607333,,25,,,0,,,,,,,,,,,,,,,,,,,,,0,,,,,,,,,,,,,,,,,2025/2026,23942,,
"Tawanda Chirewa",8602,"Premier League",,,1111392,,25,,,0,,,,,,,,,,,,,,,,,,,,,,,,,,,,,,,,,,,,,,2025/2026,23943,,
"Trey Nyoni",8650,"Premier League",,,1436258,,21,,1,0,,,,,,,,,,,,,,,,,,,,,0.4,,,,,,1,,,,,,,,,,,2025/2026,23944,,
"S\\u00e9amus Coleman",8668,"Premier League",,,77690,,20,,1,0.2,,,,,,,,,,,,,,,,,,,,,,,,,,,,,,,,,,,,,,2025/2026,23945,,
"Jamaal Lascelles",10261,"Premier League",,,279489,,19,,,0,,,,,,,,,,,,,,,,,,,,,0,,,,,,,,,,,,,,,,,2025/2026,23946,,
"Tyler Fletcher",10260,"Premier League",,,1676985,,17,,,0,,,,,,,,,,,,,,,,,,,,,,,,,,,,,,,,,,,,,,2025/2026,23947,,
"Bradley Burrowes",10252,"Premier League",,,1639163,,16,,,0,,,,,,,,,,,,,,,,,,,,,,,,,,,,,,,,,,,,,,2025/2026,23948,,
"Hamed Traor\\u00e8",8678,"Premier League",,,875672,,16,,1,0,,,,,,,,,,,,,,,,,,,1,,,,,,,,,,,1,,,,,,,,2025/2026,23949,,
"Jerome Abbey",8602,"Premier League",,,1838455,,16,,,0,,,,,,,,,,,,,,,,,,,,,,,,,,,,,,,,,,,,,,2025/2026,23950,,
"Tyrell Malacia",10260,"Premier League",,,865118,,15,,,0,,,,,,,,,,,,,,,,,,,,,,,,,,,,,,,,,,,,,,2025/2026,23951,,
"Bendito Mantato",10260,"Premier League",,,1607328,,15,,1,0,,,,,,,,,,,,,,,,,,,,,,,,,,,,,,,,,,,,,,2025/2026,23952,,
"Callum Olusesi",8586,"Premier League",,,1431275,,14,,,0,,,,,,,,,,,,,,,,,,,,,,,,,,,,,,,,,,,,,,2025/2026,23953,,
"Sasa Kalajdzic",8602,"Premier League",,,858198,,14,,,0,,,,,,,,,,,,,,,,,,,,,,,,,,,,,,,,,,,,,,2025/2026,23954,,
"Daniel Neil",8472,"Premier League",,,982246,,13,,,0,,,,,,,,,,,,,,,,,,,,,,,,,,,,,,,,,,,,,,2025/2026,23955,,
"Sean Neave",10261,"Premier League",,,1443841,,13,,,0,,,,,,,,,,,,,,,,,,,,,0,,,,,,,,,,,,,,,,,2025/2026,23956,,
"Tom Edozie",8602,"Premier League",,,1469210,,12,,,0,,,,,,,,,,,,,,,,,,1,1,,0.2,,0.8,,,,,,,,,,,,,,,2025/2026,23957,,
"Jota Silva",10203,"Premier League",,,1114798,,11,,,0,,,,,,,,,,,,,,,,,,,,,,,,,,,,,,,,,,,,,,2025/2026,23958,,
"Jaydon Banel",8191,"Premier League",,,1327789,,9,,,0,,,,,,,,,,,,,,,,,,,,,,,,,,,,,,,,,,,,,,2025/2026,23959,,
"Sam Byram",8463,"Premier League",,,363318,,8,,,0,,,,,,,,,,,,,,,,,,,,,,,,,,,,,,,,,,,,,,2025/2026,23960,,
"George Earthy",8654,"Premier League",,,1211806,,8,,,0,,,,,,,,,,,,,,,,,,,,,,,,,,,,,,,,,,,,,,2025/2026,23961,,
"Jamaldeen Jimoh-Aloba",10252,"Premier League",,,1557236,,8,,,0,,,,,,,,,,,,,,,,,,,,,,,,,,,,,,,,,,,,,,2025/2026,23962,,
"Alex Murphy",10261,"Premier League",,,1362341,,7,,,0,,,,,,,,,,,,,,,,,,,,,,,,,,,,,,,,,,,,,,2025/2026,23963,,
"Dane Scarlett",8586,"Premier League",,,1113753,,7,,,0,,,,,,,,,,,,,,,,,,,,,,,,,,,,,,,,,,,,,,2025/2026,23964,,
"Jo\\u00e9l Drakes-Thomas",9826,"Premier League",,,1700817,,7,,,0,,,,,,,,,,,,,,,,,,,,,,,,,,,,,,,,,,,,,,2025/2026,23965,,
"Ben Winterburn",8678,"Premier League",,,1697214,,6,,,,,,,,,,,,,,,,,,,,,,,,,,,,,,,,,,,,,,,,,2025/2026,23966,,
"Kaden Rodney",9826,"Premier League",,,1244376,,3,,,0,,,,,,,,,,,,,,,,,,,,,,,,,,,,,,,,,,,,,,2025/2026,23967,,
"Joshua Dasilva",9937,"Premier League",,,759566,,2,,1,0,,,,,,,,,,,,,,,,,,,,,0.1,,,,,,,,,,,,,,,,,2025/2026,23968,,
"Odsonne \\u00c9douard",9826,"Premier League",,,637746,,2,,,,,,,,,,,,,,,,,,,,,,,,,,,,,,,,,,,,,,,,,2025/2026,23969,,
"Tyler Fredricson",10260,"Premier League",,,1403351,,2,,,,,,,,,,,,,,,,,,,,,,,,,,,,,,,,,,,,,,,,,2025/2026,23970,,
"James Rowswell",8586,"Premier League",,,1531854,,1,,,,,,,,,,,,,,,,,,,,,,,,,,,,,,,,,,,,,,,,,2025/2026,23971,,
"Joe Knight",10204,"Premier League",,,1416710,,1,,,,,,,,,,,,,,,,,,,,,,,,,,,,,,,,,,,,,,,,,2025/2026,23972,,
"Junai Byfield",8586,"Premier League",,,1693398,,1,,,0,,,,,,,,,,,,,,,,,,,,,,,,,,,,,,,,,,,,,,2025/2026,23973,,
"Kaye Furo",9937,"Premier League",,,1413853,,1,,,,,,,,,,,,,,,,,,,,,,,,,,,,,,,,,,,,,,,,,2025/2026,23974,,
"Myles Peart-Harris",9937,"Premier League",,,1113813,,1,,,,,,,,,,,,,,,,,,,,,,,,,,,,,,,,,,,,,,,,,2025/2026,23975,,
"Nehemiah Oriola",10204,"Premier League",,,1526697,,1,,,,,,,,,,,,,,,,,,,,,,,,,,,,,,,,,,,,,,,,,2025/2026,23976,,
"Shumaira Mheuka",8455,"Premier League",,,1346113,,1,,,0,,,,,,,,,,,,,,,,,,,,,,,,,,,,,,,,,,,,,,2025/2026,23977,,
"Antonio Sivera",9866,"La Liga",,,530468,6.84,3420,13.7,,0.4,0.01,0.01,,1.4,0.1,1.4,7.8,1,5,63.4,2.6,-1.1,1.5,0,3,,,,,,,,,,,,,,,,,,,,,,,2025/2026,23978,,
"David Soria",8305,"La Liga",,,581919,7.11,3420,13.3,1,0.1,0,0,,0.9,,0.9,8.3,,12,75.6,3.1,7.1,1,,2,,,,,,,,,,,,,,,,,,,,,,,2025/2026,23979,,
"Ionut Radu",9910,"La Liga",,,681213,6.86,3420,17.5,1,0.1,0,0,0,1,,1,9.3,,10,70.2,3,-3,1.3,,2,0,1,,,,,,,,,,,,,,,,,,,,,2025/2026,23980,,
"Alex Remiro",8560,"La Liga",,,616539,6.63,3330,26.5,4,0.1,0,0,0,1.2,0,1.1,8.1,,3,62.3,2.7,-8.2,1.6,,1,0,1,,,,,,,,,,,,,,,,,,,,,2025/2026,23981,,
"Leandro Cabrera",8558,"La Liga",,,169586,6.75,3330,32.8,11,1.6,0.04,0.12,0.2,8.3,1,5.9,2.3,,,,,,,1,4,0.7,1,3,3,0.08,2.8,0.08,2.8,0.3,1.1,2.9,5,0.8,0.1,,1,,,,,,,2025/2026,23982,,
"Marko Dmitrovic",8558,"La Liga",,,280818,7.09,3330,14.4,1,0.4,0.01,0.01,,1,0.1,0.9,9.2,,10,71.1,3.6,2.1,1.5,,,,,,,,,,,,,,,,,,,,,,,,,2025/2026,23983,,
"Unai Sim\\u00f3n",8315,"La Liga",,,660625,6.97,3330,17.6,1,0.1,0,0,,1,0,0.9,9.6,,6,64.9,2.7,-3,1.5,,1,,,,,,,,,,,,,,,,,,,,,,,2025/2026,23984,,
"Martin Valjent",8661,"La Liga",,,521846,6.71,3309,42.3,3,0.3,0.01,0.03,0.1,8.9,1.4,6.6,2.4,2,,,,,,1,6,0.6,,,,,0.8,0.02,1.8,0.2,0.5,2.9,1,0.4,0.1,,,,,,,,,2025/2026,23985,,
"Sergio Herrera",8371,"La Liga",,,683762,6.9,3285,19.8,,0.1,0,0,,1.3,,1.3,8.1,1,7,70.6,3.1,1.4,1.3,0.1,3,,,,,,,,,,,,,,,,,1,,,,,,2025/2026,23986,,
"Luis Milla",8305,"La Liga",,,638090,7.35,3273,29.7,78,6.3,0.17,0.21,0.6,4.4,1.6,1.4,5.7,,,,,,,0.9,4,1.2,12,1,11,0.03,1.2,0.03,0.7,0.1,0.7,2.2,1,0.2,0.5,10,,1,,,,,,2025/2026,23987,,
"Mauro Arambarri",8305,"La Liga",,,625340,6.92,3255,16.7,22,0.9,0.03,0.22,0.9,3.6,1.9,0.9,4.3,,,,,,,1.7,7,0.6,1,6,8,0.17,7.2,0.2,6.6,0.5,1.6,1.2,6,0.2,0.5,2,,,,,,,,2025/2026,23988,,
"Aar\\u00f3n Escandell",8670,"La Liga",,,534955,7.08,3240,22.8,2,0.1,0,0,0.1,1.4,,1.4,8.3,,10,72.5,4.1,6,1.6,0,3,,1,,1,,,,,,,,,,,1,,,,,,,,2025/2026,23989,,
"Mathew Ryan",8581,"La Liga",,,185644,7.05,3240,22.5,,0.1,0,0.01,,1.3,0.1,1.2,8.4,,9,69.2,3.5,0.7,1.6,,4,0,,,,,0.2,0,,,0.1,,,,,,,,,,,,,2025/2026,23990,,
"Nahuel Tenaglia",9866,"La Liga",,,860314,6.89,3239,32.7,7,0.5,0.01,0.06,0.3,8.9,1.8,5,3.2,1,,,,,,0.9,3,1.3,1,2,2,0.06,1.8,0.05,2.3,0.2,0.7,2.3,1,0.8,0.1,,1,,,,,,,2025/2026,23991,,
"Neal Maupay",8302,"La Liga",,,391064,,870,,14,0.4,,,,,,,,,,,,,,,2,,,2,3,,1.8,,1.3,,,,2,,,1,,,,,,,,2025/2026,24328,,
"Florian Lejeune",8370,"La Liga",,,184521,7.27,3231,51.8,17,0.4,0.01,0.08,0.2,10.3,1.8,6.4,4.7,,,,,,,1.3,7,1.3,2,2,3,0.06,2.3,0.06,3.4,0.5,1.4,4,1,0.8,0.1,1,,,,,,,,2025/2026,23992,,
"Carlos Romero",8558,"La Liga",,,1395964,7.15,3195,22.6,27,3.4,0.1,0.18,1.4,6.4,2.7,2.1,4.9,1,,,,,,1.2,4,1.1,6,6,9,0.17,2.8,0.08,4.1,0.3,1.2,1.4,2,0.5,0.4,3,,,,,,,,2025/2026,23993,,
"Juan Iglesias",8305,"La Liga",,,1102289,6.99,3189,15.7,18,1.8,0.05,0.08,0.8,8.2,3.2,4,3,,,,,,,1.8,4,0.7,3,1,3,0.03,1.1,0.03,1.2,0.1,0.7,2.1,,0.3,0.1,2,,,,,,,,2025/2026,23994,,
"Jeremy Toljan",8581,"La Liga",,,443966,6.59,3173,24.8,28,4.1,0.12,0.14,0.2,5.9,1.9,2.6,2.8,1,,,,,,0.9,8,0.9,11,1,5,0.03,1,0.03,1,0,0.3,1.6,,0.5,0.2,4,,,,,,,,2025/2026,23995,,
"Aleix Febas",10268,"La Liga",,,671686,7.24,3166,49.8,27,3.1,0.09,0.15,1.5,3.7,2.2,0.6,4.9,1,,,,,,1,10,0.8,3,2,4,0.06,2.2,0.06,1.7,0.2,0.7,1.3,1,0.1,0.6,2,,,,,,,,2025/2026,23996,,
"Vitor Reis",7732,"La Liga",,,1580952,6.86,3138,50.2,9,0.4,0.01,0.06,0.2,9.7,1.4,6.2,3.7,,,,,,,1.1,8,0.9,2,1,2,0.03,1.6,0.05,1.5,0.1,0.5,2.2,4,1.1,0.1,1,,1,,,,,,2025/2026,23997,,
"Vedat Muriqi",8661,"La Liga",,,517052,7.2,3134,13.1,23,1.5,0.04,0.58,0.5,2.1,0.3,1.7,2.2,,,,,,,1.2,4,0.1,4,23,24,0.66,18.5,0.53,20.3,1.4,3.3,0.6,19,0.1,0.6,1,1,1,,,,,,2025/2026,23998,,
"Antonio Blanco",9866,"La Liga",,,845998,7.06,3116,45.3,22,1.9,0.06,0.1,0.7,5.8,2.7,1.2,5.9,,,,,,,2.1,9,1.6,2,2,5,0.06,1.4,0.04,1.9,0.4,1.2,3.1,,0.3,0.3,3,,,,,,,,2025/2026,23999,,
"Paulo Gazzaniga",7732,"La Liga",,,278285,6.84,3103,22.2,,0,0,0,,1.3,0,1.3,8.6,1,6,71.2,3.4,2.8,1.4,0,4,,,,,,,,,,,,,,,,,1,,,,,,2025/2026,24000,,
"Alejandro Catena",8371,"La Liga",,,814663,6.86,3073,42.5,12,1.1,0.03,0.11,0.2,9.4,1.2,6.3,3.4,2,,,,,,1.3,11,1,2,3,5,0.09,2.7,0.08,2.2,0.1,0.6,4.5,1,0.9,0,2,,1,,,,,,2025/2026,24001,,
"Augusto Batalla",8370,"La Liga",,,621415,7.05,3060,23.6,2,0.1,0,0,0.1,0.7,0,0.7,8.8,1,11,71.3,2.7,1.2,1.1,0,6,,,,,,,,,,,,,,,,,,,,,,,2025/2026,24002,,
"Jon Moncayola",8371,"La Liga",,,921825,6.93,3028,33.1,39,3.6,0.11,0.17,0.4,4,1.6,1.5,4.8,,,,,,,1.2,9,0.7,9,,4,,2,0.06,0.8,0.1,0.7,2.6,3,0.2,0.3,4,,,,,,,,2025/2026,24003,,
"Jonny Otto",9866,"La Liga",,,360918,6.84,2998,45.7,17,1.9,0.06,0.07,0.8,5.5,2,1.9,4.7,,,,,,,1.1,7,1.2,2,,,,0.5,0.02,0.6,0.1,0.3,1.9,2,0.4,0.3,,,,,,,,,2025/2026,24004,,
"Leo Rom\\u00e1n",8661,"La Liga",,,1187702,6.79,2970,25.2,,0.1,0,0,0,1,0,1,7.1,1,4,66.7,3,2,1.5,0,4,0,,,,,,,,,,,,,,,,,,,,,,2025/2026,24005,,
"Odysseas Vlachodimos",8302,"La Liga",,,304355,6.79,2970,18.7,,0,0,0,0,1.3,,1.3,7.6,,5,63.1,2.7,2.7,1.6,,2,0,,,,,,,,,,,,,,,,,,,,,,2025/2026,24006,,
"Ante Budimir",8371,"La Liga",,,251269,6.88,2953,7.2,16,1.7,0.05,0.57,0.1,2.4,0.6,1.4,1.4,,,,,,,1.6,4,0.2,3,17,17,0.52,17.1,0.52,18,1.2,3.1,0.1,16,0.2,0.3,,2,,,,,,,2025/2026,24007,,
"David Affengruber",10268,"La Liga",,,1073980,7.04,2953,55.3,8,1.6,0.05,0.08,0.4,10,2.3,5.4,4.8,1,,,,,,1,7,1.6,2,1,2,0.03,0.9,0.03,0.8,0.1,0.4,2.2,2,0.8,0.1,1,1,1,,,,,,2025/2026,24008,,
"Domingos Duarte",8305,"La Liga",,,566425,6.79,2928,21.1,2,0.4,0.01,0.04,,9,1,6.5,3,2,,,,,,1,12,1.1,1,1,2,0.03,0.9,0.03,0.4,0.1,0.4,2.5,,0.5,0,1,,,,,,,,2025/2026,24009,,
"Thibaut Courtois",8633,"La Liga",,,170323,7.09,2880,25.3,1,0,0,0,,0.7,0,0.6,7.4,1,13,71.4,2.2,-0.3,0.9,0,1,,1,,,,,,,,,,,,,,,,,,,,,2025/2026,24010,,
"Germ\\u00e1n Valera",10268,"La Liga",,,1102708,7.12,2869,31.6,45,5.3,0.17,0.25,1.2,4.1,1.7,1.4,4.1,,,,,,,1.3,5,0.7,13,4,9,0.13,2.6,0.08,2.6,0.3,0.9,0.8,3,0.3,0.6,5,1,1,,,,,,2025/2026,24011,,
"Pablo Fornals",8603,"La Liga",,,683450,7.45,2865,49,85,5.9,0.19,0.31,0.8,3,1.2,0.6,5,,,,,,,1,2,1.1,10,9,15,0.28,3.9,0.12,5.4,0.6,1.4,2.9,2,0.1,0.9,6,,,,,,,,2025/2026,24012,,
"Mikel Jauregizar",8315,"La Liga",,,1553099,6.78,2843,34.2,28,2.5,0.08,0.14,0.3,4.6,2.2,0.9,5.4,,,,,,,1.6,4,1.5,1,2,2,0.06,1.8,0.06,1.9,0.3,1.2,1.7,,0.1,0.7,,,1,,,,,,2025/2026,24013,,
"Omar El Hilali",8558,"La Liga",,,1208708,6.73,2828,31.9,17,2,0.06,0.07,0.2,7.2,2.3,3,3.1,1,,,,,,1.4,9,1.3,3,,2,,0,0,,,0,2,,0.5,0.1,2,,,,,,,,2025/2026,24014,,
"Vin\\u00edcius J\\u00fanior",8633,"La Liga",,,846033,7.65,2825,29.9,70,5.6,0.18,0.61,2.8,1,0.9,0,2.8,,,,,,,1.2,8,0.1,7,16,21,0.51,13.6,0.43,15.5,1.5,3.2,1.2,13,,0.7,5,4,,,,,,,2025/2026,24015,,
"Manuel S\\u00e1nchez",8581,"La Liga",,,1052330,6.73,2818,23.9,17,1.8,0.06,0.08,0.4,6.4,2.6,2.6,3.4,,,,,,,1.1,8,1,3,1,3,0.03,0.8,0.02,0.6,0.1,0.4,0.9,1,0.2,0.3,2,,,,,,,,2025/2026,24016,,
Natan,8603,"La Liga",,,1188375,6.77,2810,40.5,7,0.2,0.01,0.02,0.1,9.9,1,7,3.2,,,,,,,0.9,8,1.2,,,,,0.5,0.02,0.4,0,0.3,1.6,,0.7,0.1,,,,,,,,,2025/2026,24017,,
"Andrei Ratiu",8370,"La Liga",,,970578,7.24,2804,34.8,43,4.5,0.14,0.22,2,6.3,2.2,2.6,5.2,1,,,,,,0.7,9,1.2,10,,4,,2.3,0.07,1.4,0.3,1,1.2,3,0.2,0.3,4,,,,,,,,2025/2026,24018,,
"Jon Aramburu",8560,"La Liga",,,1249284,6.91,2778,33.7,11,0.9,0.03,0.09,0.4,8.3,3.4,3.1,3.9,2,,,,,,2.2,11,1.5,,1,1,0.03,1.9,0.06,1.3,0.2,0.7,1.3,2,0.3,0.2,,,,,,,,,2025/2026,24019,,
"Marcos Alonso",9910,"La Liga",,,196169,7.11,2770,69.7,13,2,0.06,0.13,0.6,8,1.3,5.2,5,2,,,,,,0.7,5,0.9,3,1,1,0.03,2.2,0.07,1.1,0.1,0.8,4.5,1,0.6,0.1,,,,,,,,,2025/2026,24020,,
"Federico Valverde",8633,"La Liga",,,743533,7.6,2746,56.2,43,4.7,0.16,0.25,0.8,4.1,1.3,1.7,4.7,,,,,,,0.6,3,0.8,8,5,13,0.16,2.9,0.09,4.4,0.7,1.7,2.2,1,0.3,0.4,8,,1,,,,,,2025/2026,24021,,
"Eric Garc\\u00eda",8634,"La Liga",,,940573,7.41,2730,71.4,31,2.4,0.08,0.18,0.1,6.8,2.4,2.6,3.7,1,,,,,,1.1,6,1.6,3,1,3,0.03,3,0.1,2.2,0.2,0.8,2.3,3,0.2,0.3,2,,,,,,,,2025/2026,24022,,
"Toni Mart\\u00ednez",9866,"La Liga",,,640123,7.03,2725,12.9,24,2.2,0.07,0.45,0.6,2.3,0.9,1.2,2.8,,,,,,,1.5,2,0.1,6,14,17,0.46,11.4,0.38,11,1.2,3.1,0.3,10,0.1,0.8,3,2,,,,,,,2025/2026,24023,,
"Johan Mojica",8661,"La Liga",,,474673,6.88,2725,31.6,36,3.5,0.12,0.13,0.5,5.4,1.7,2.8,5.9,,,,,,,1,6,0.8,6,,4,,0.5,0.02,0.2,0.1,0.6,2.2,1,0.2,0.3,4,,1,,,,,,2025/2026,24024,,
"Mikel Oyarzabal",8560,"La Liga",,,678234,7.29,2714,19.8,42,3.6,0.12,0.63,1.2,2.1,1,0.9,3.1,,,,,,,0.9,3,0.1,13,15,19,0.5,15.2,0.51,15.1,1.2,2.6,0.6,17,0.1,0.8,4,,,,,,,,2025/2026,24025,,
"Adri\\u00e1n De La Fuente",8581,"La Liga",,,952528,6.92,2710,40.6,18,1.9,0.06,0.2,0.2,9.3,1,5.9,2.9,2,,,,,,1.2,5,1.6,3,3,4,0.1,4.2,0.14,3.7,0.3,1.3,6,4,0.7,0.1,1,,,,,,,,2025/2026,24026,,
"Yuri Berchiche",8315,"La Liga",,,80295,7.13,2709,42.9,30,4.7,0.16,0.17,0.3,6,1.4,3.4,4.8,2,,,,,,0.9,5,1.2,7,,6,,0.6,0.02,0.2,0.2,0.8,1.9,,0.1,0.3,6,,,,,,,,2025/2026,24027,,
"Pau Cubars\\u00ed",8634,"La Liga",,,1532137,7.28,2708,87.3,5,0.7,0.02,0.04,0,7.7,1.4,4.9,3.5,,,,,,,0.8,3,1,1,1,1,0.03,0.5,0.02,0.5,0.1,0.3,2.4,,0.4,,,,,,,,,,2025/2026,24028,,
"Sergio G\\u00f3mez",8560,"La Liga",,,844477,7.04,2705,43.5,45,5.7,0.19,0.23,0.4,6.6,2.9,2.4,5,,,,,,,1.5,5,1,14,,6,,1.1,0.04,,,0.4,2.1,2,0.2,0.2,6,,1,,,,,,2025/2026,24029,,
"Sam\\u00fa",8661,"La Liga",,,1130583,7.01,2705,33.7,17,1.1,0.04,0.17,0.5,6.5,2.2,3,3.9,,,,,,,2.1,11,0.9,2,7,9,0.23,4,0.13,5.5,0.5,1.3,2.3,2,0.4,0.4,2,,,,,,,,2025/2026,24030,,
"Jan Oblak",9906,"La Liga",,,177126,7.01,2700,21.7,,0,0,0,,0.8,,0.8,8.4,,11,70.8,2.5,0.9,1,,,,,,,,,,,,,,,,,,,,,,,,,2025/2026,24031,,
"Joan Garc\\u00eda",8634,"La Liga",,,1167220,7.73,2700,25.6,,0,0,0,0,1.6,0.2,1.3,9.2,,15,77.9,2.5,10.2,0.7,,1,0.1,,,,,,,,,,,,,,,,,,,,,,2025/2026,24032,,
"Lucien Agoum\\u00e9",8302,"La Liga",,,971790,6.93,2693,35.3,28,1.5,0.05,0.08,0.4,5.4,2.3,1.3,4.7,,,,,,,1.9,12,1.6,8,1,4,0.03,0.9,0.03,0.8,0.1,0.5,2.2,,0.2,0.3,3,,,,,,,,2025/2026,24033,,
"Sergio Carreira",9910,"La Liga",,,1106742,6.96,2693,43.1,19,2,0.07,0.12,0.9,4.2,1.1,2.2,3.6,1,,,,,,0.7,2,0.8,1,2,3,0.07,1.6,0.05,1.3,0.2,0.5,1.9,2,0.1,0.2,1,,,,,,,,2025/2026,24034,,
"Sergi Darder",8661,"La Liga",,,282472,7,2689,32.8,58,4.9,0.17,0.23,1.1,2.6,0.9,0.6,4.3,,,,,,,0.7,3,0.9,13,1,6,0.03,2,0.07,1,0.4,1.2,2.7,2,0.2,0.4,5,,,,,,,,2025/2026,24035,,
"Pep Chavarr\\u00eda",8370,"La Liga",,,988805,6.86,2681,36.3,27,3.3,0.11,0.13,0.6,6.2,1.8,2.9,4.8,2,,,,,,1.1,4,1,5,1,3,0.03,0.6,0.02,0.2,0.1,0.6,2,1,0.5,0.1,2,,1,,,,,,2025/2026,24036,,
"Arnau Mart\\u00ednez",7732,"La Liga",,,1194892,7.06,2678,40.9,24,1.8,0.06,0.12,0.4,8.2,2.2,4.2,3.9,,,,,,,0.8,6,1.4,7,2,5,0.07,1.6,0.05,0.9,0.1,0.6,2.3,1,0.4,0.1,3,,,,,,,,2025/2026,24037,,
"Pablo Maffeo",8661,"La Liga",,,673356,7.07,2672,24,20,1.9,0.06,0.08,1.1,7.5,2.3,3.3,3.7,,,,,,,0.9,11,1.2,3,1,3,0.03,0.4,0.01,0.3,0,0.2,1.6,,0.7,0.2,2,,,,,,,,2025/2026,24038,,
"V\\u00edctor Mu\\u00f1oz",8371,"La Liga",,,1553105,6.9,2668,17,27,3.2,0.11,0.31,2.5,1.7,0.7,0.7,3.2,,,,,,,1.1,3,0.3,2,6,8,0.2,5.9,0.2,7.5,1,2.7,0.2,9,,0.7,2,1,,,,,,,2025/2026,24039,,
"Viktor Tsigankov",7732,"La Liga",,,564847,7.19,2641,28.1,55,3.9,0.13,0.37,0.9,2.9,1.1,1,2.8,,,,,,,0.7,3,0.7,4,6,11,0.2,6.8,0.23,6.5,0.7,1.7,1,6,0.1,0.1,5,,,,,,,,2025/2026,24040,,
"Luis Rioja",10267,"La Liga",,,638070,6.91,2636,22.5,38,4.7,0.16,0.24,1.2,3,1.2,1.2,3.5,,,,,,,0.4,1,0.6,7,3,9,0.1,2.3,0.08,1.9,0.2,1.5,0.9,1,,0.7,6,,,,,,,,2025/2026,24041,,
"Urko Gonz\\u00e1lez",8558,"La Liga",,,1187767,6.63,2629,27.2,10,0.7,0.02,0.05,0.5,5.4,1.9,2,4.9,,,,,,,1.4,7,1.1,,,1,,0.7,0.02,0.2,0,0.6,1,,0.4,0.2,1,,,,,,,,2025/2026,24042,,
"Aur\\u00e9lien Tchouam\\u00e9ni",8633,"La Liga",,,914458,7.37,2622,60.1,25,3,0.1,0.19,0.1,6.3,2.3,1.9,4.9,,,,,,,1.1,8,1.6,4,1,1,0.03,2.7,0.09,1.8,0.2,1.5,2.3,4,0.4,0.3,,,,,,,,,2025/2026,24043,,
"Daley Blind",7732,"La Liga",,,161012,6.86,2610,64.9,11,1.1,0.04,0.05,0.4,8.3,1.9,4.3,4.9,3,,,,,,0.7,1,1.3,1,,,,0.3,0.01,0,0,0.2,4.5,,0.7,0.1,,,,,,,,,2025/2026,24044,,
"Kylian Mbapp\\u00e9",8633,"La Liga",,,701154,8.02,2604,29.8,65,6.2,0.21,1.04,2.7,0.2,0.1,,1.5,,,,,,,0.4,4,0.1,8,25,30,0.86,23.9,0.83,22,2.2,5,1.2,21,,0.7,5,4,,,,,,,2025/2026,24045,,
"C\\u00e9sar T\\u00e1rrega",10267,"La Liga",,,1311985,6.7,2597,39.5,2,0.1,0,0.03,0.3,9.8,1.5,6.7,2.9,1,,,,,,1.4,8,1,,,,,0.6,0.02,0.2,0,0.4,2.1,1,0.7,,,,,,,,,,2025/2026,24046,,
"Juan Hern\\u00e1ndez",8603,"La Liga",,,852071,7.12,2592,16.4,34,2.4,0.08,0.47,1,2.2,1,0.9,2.8,,,,,,,0.8,5,0.3,8,11,14,0.38,11.1,0.38,11,0.9,3.1,1.1,10,0.1,0.8,3,,,,,,,,2025/2026,24047,,
"Djen\\u00e9",8305,"La Liga",,,421365,6.71,2585,21.8,2,0.2,0.01,0.01,0.3,7.9,1.3,5,3.8,,,,,,,1.2,10,1.2,,,,,0.1,0,,,0.1,1.8,,0.3,0.1,,1,2,,,,,,2025/2026,24048,,
"Jos\\u00e9 \\u00c1ngel Carmona",8302,"La Liga",,,1281461,6.86,2564,33.2,22,1.9,0.07,0.09,0.7,6.5,2.3,2.5,5.1,2,,,,,,1.7,13,1.4,4,1,4,0.04,0.8,0.03,0.2,0.1,0.7,1.6,1,0.3,0.2,3,,,,,,,,2025/2026,24049,,
"Daniel Vivian",8315,"La Liga",,,940743,6.58,2563,40.5,6,0.8,0.03,0.07,0.2,8.5,1.9,5,4.6,1,,,,,,1.3,8,1.1,3,1,1,0.04,1.2,0.04,1.7,0.2,0.6,3.3,2,0.5,0.1,,,1,,,,,,2025/2026,24050,,
"Javi Rodr\\u00edguez",9910,"La Liga",,,1435439,6.73,2561,58.5,10,0.8,0.03,0.05,0.3,6.3,1.3,3.4,2.5,1,,,,,,1.2,5,0.9,2,,1,,0.7,0.02,0.2,0.1,0.5,2,1,0.6,0.1,1,,,,,,,,2025/2026,24051,,
"\\u00c1lex Moreno",7732,"La Liga",,,477588,6.88,2558,31,16,2.1,0.08,0.13,1.2,6.6,1.5,3.7,3.6,1,,,,,,1.1,5,1.1,6,,3,,1.5,0.05,1.4,0.2,0.6,0.7,2,0.4,0.4,3,,,,,,,,2025/2026,24052,,
"Valentin Rosier",8371,"La Liga",,,763970,6.99,2554,30.1,16,2,0.07,0.09,1,6.4,1.7,3.1,5.4,,,,,,,1.2,4,1.5,4,1,2,0.04,0.7,0.02,0.6,0.1,0.7,1.2,1,0.1,0.2,1,,1,,,,,,2025/2026,24053,,
"Flavien Boyomo",8371,"La Liga",,,1187734,6.83,2545,40.1,9,1,0.04,0.07,0.1,7.4,2.1,4.3,4.5,2,,,,,,1.2,7,0.6,2,1,3,0.04,1,0.04,1,0.1,0.4,1.9,,0.5,0.1,2,,,,,,,,2025/2026,24054,,
"Edu Exp\\u00f3sito",8558,"La Liga",,,837089,7.14,2542,27.4,82,6.8,0.24,0.32,1.2,4,1.9,1.3,4.2,,,,,,,1,9,0.8,11,1,7,0.04,2.3,0.08,1.8,0.5,1.6,2.2,3,0.1,0.5,6,,,,,,,,2025/2026,24055,,
"Iv\\u00e1n Martin",7732,"La Liga",,,967871,6.87,2538,44.7,25,2.1,0.07,0.1,1.1,3.9,2.2,1,5.2,,,,,,,1.1,3,0.6,2,,1,,0.9,0.03,0.5,0.2,0.5,2.4,2,0.1,0.5,1,1,1,,,,,,2025/2026,24056,,
"Thiago Pitarch",8633,"La Liga",,,1796908,,596,,6,0.4,,,,,,,,,,,,,,,2,,2,,2,,0.4,,0.2,,,,,,,2,,,,,,,,2025/2026,24376,,
"Axel Witsel",7732,"La Liga",,,39591,6.96,2533,47.5,17,1.2,0.04,0.13,0.4,4.8,1.3,2,5.9,,,,,,,1.2,1,1.1,2,1,3,0.04,2.4,0.08,2,0.2,0.7,1.4,5,0.4,0.4,2,,1,,,,,,2025/2026,24057,,
"\\u00c1lvaro Vall\\u00e9s",8603,"La Liga",,,999171,7.02,2520,22,,0,0,0,0,1.4,,1.4,7.4,,8,71,3.1,-1.8,1.3,,1,0,,,,,,,,,,,,,,,,,,,,,,2025/2026,24058,,
"Luiz J\\u00fanior",10205,"La Liga",,,1187044,7.08,2520,15.4,,0,0,0,,2.1,,2.1,8.8,2,8,70.9,2.6,-0.6,1.1,0.1,3,0,,,,,,,,,,,,,,,,,,,,,,2025/2026,24059,,
"Marc Aguado",10268,"La Liga",,,1392232,6.88,2514,43.1,11,0.6,0.02,0.03,,6,1.7,2,3.5,,,,,,,0.9,3,1.5,1,1,3,0.04,0.2,0.01,0.6,0.1,0.1,1.1,,0.8,0.4,2,,,,,,,,2025/2026,24060,,
"Alberto Moleiro",10205,"La Liga",,,1184694,6.96,2490,23.3,37,3.7,0.14,0.34,1.2,2.1,1.1,0.5,4,,,,,,,1.2,4,0.4,9,10,15,0.36,5.8,0.21,6.8,0.7,1.7,0.6,6,0.1,0.5,5,1,,,,,,,2025/2026,24061,,
"Ilaix Moriba",9910,"La Liga",,,1109046,6.85,2488,33.4,17,1.7,0.06,0.11,0.5,5.5,3.1,1.2,3.7,,,,,,,1.4,8,0.9,5,2,5,0.07,1.4,0.05,1.2,0.2,0.7,1.3,2,0.3,0.4,3,1,,,,,,,2025/2026,24062,,
"Jorge de Frutos",8370,"La Liga",,,797901,6.88,2483,10.9,31,2.9,0.1,0.49,1,2,1.1,0.4,2.5,,,,,,,1.2,3,0.4,4,10,11,0.36,10.6,0.39,9.6,1,2.3,0.2,13,,0.5,1,3,,,,,,,2025/2026,24063,,
"Alberto Reina",8670,"La Liga",,,1323510,6.64,2480,32.2,34,2.5,0.09,0.22,0.5,3,1.6,0.5,3.6,1,,,,,,1.3,4,0.7,7,4,5,0.15,3.5,0.13,4.1,0.4,0.9,2.2,3,0.2,0.4,1,,1,,,,,,2025/2026,24064,,
"Renato Veiga",10205,"La Liga",,,1343750,6.67,2478,49.6,3,0.3,0.01,0.02,,8.3,0.7,5.7,3.2,1,,,,,,0.9,5,0.8,,,,,0.3,0.01,0.1,0.1,0.3,3.2,,1.1,0,,,1,,,,,,2025/2026,24065,,
"Jos\\u00e9 Gay\\u00e0",10267,"La Liga",,,391058,6.92,2461,28.3,25,2.5,0.09,0.12,0.4,6.8,2.5,3.1,3.9,,,,,,,1.1,6,0.8,3,1,3,0.04,0.8,0.03,0.5,0.1,0.5,1.2,1,0.3,0.3,2,,1,,,,,,2025/2026,24066,,
Antony,8603,"La Liga",,,967622,7.43,2459,35.9,56,6.1,0.22,0.54,1,3,1.4,0.6,4.5,,,,,,,0.7,6,0.9,10,8,14,0.29,8.8,0.32,7.5,1.2,3.3,0.7,13,0,0.7,6,,1,,,,,,2025/2026,24067,,
"Ilyas Chaira",8670,"La Liga",,,1169595,6.65,2458,20.2,18,1.5,0.06,0.31,1.2,2.6,1.8,0.4,4.2,,,,,,,1.9,2,0.2,3,6,8,0.22,6.9,0.25,7.2,1.3,3,0.4,7,0.2,0.6,2,1,1,,,,,,2025/2026,24068,,
"Federico Vi\\u00f1as",8670,"La Liga",,,1032811,6.98,2451,13.7,27,1.9,0.07,0.39,1.8,3.5,1.8,1,3.3,,,,,,,1.7,5,0.5,5,9,10,0.33,8.7,0.32,8.5,0.8,2.1,0.4,10,0.1,0.3,1,1,3,,,,,,2025/2026,24069,,
"D\\u00e1vid Hancko",9906,"La Liga",,,727897,6.93,2434,47,13,2.1,0.08,0.13,0.3,6.4,1.6,3.7,3.2,1,,,,,,0.6,2,0.7,4,,2,,1.3,0.05,1.2,0.2,0.8,2.5,2,0.4,0.3,2,,,,,,,,2025/2026,24070,,
"Tyrhys Dolan",8558,"La Liga",,,1181101,6.82,2431,17.1,32,4.3,0.16,0.25,1.3,3.4,2.1,0.5,4,,,,,,,1.4,5,0.7,7,2,7,0.07,2.5,0.09,2.8,0.4,1.3,0.1,2,0.1,0.6,5,2,1,,,,,,2025/2026,24071,,
"Santi Comesa\\u00f1a",10205,"La Liga",,,671865,6.97,2413,37.5,27,3.5,0.13,0.29,0.4,5.3,1.7,2,5,1,,,,,,1.6,5,1,3,3,9,0.11,4.2,0.16,3.3,0.3,1,1.6,4,0.6,0.5,6,,1,,,,,,2025/2026,24072,,
"Nicolas P\\u00e9p\\u00e9",10205,"La Liga",,,575735,7.3,2396,27.3,54,6.4,0.24,0.55,2.2,2.7,1.2,0.9,4.1,,,,,,,0.9,4,0.6,13,8,16,0.3,8.3,0.31,8.5,0.9,2.4,0.7,7,0,0.7,8,3,,,,,,,2025/2026,24073,,
"Roberto Fern\\u00e1ndez",8558,"La Liga",,,1252373,6.5,2387,9.6,18,2.7,0.1,0.45,0.3,1.9,0.5,1,2.1,,,,,,,1.5,3,0.3,6,7,10,0.26,9.3,0.35,8.7,0.9,2.2,0.2,8,0.2,0.6,3,1,,,,,,,2025/2026,24074,,
"Santiago Mouri\\u00f1o",10205,"La Liga",,,1407468,7.28,2384,39.2,8,0.5,0.02,0.06,0.5,10.1,3.9,4.8,5.4,,,,,,,2,9,1.1,1,1,3,0.04,1.1,0.04,1,0.1,0.6,1.5,,0.3,0.2,2,,1,,,,,,2025/2026,24075,,
"Gorka Guruzeta",8315,"La Liga",,,711231,6.74,2371,13.3,26,1.9,0.07,0.47,0.3,1.9,0.7,0.7,2.2,,,,,,,1.9,4,0.5,7,10,13,0.38,10.5,0.4,9.9,1.2,3.2,0.6,10,0.1,0.7,3,,1,,,,,,2025/2026,24076,,
"Nemanja Gudelj",8302,"La Liga",,,178753,6.71,2348,37.4,7,0.4,0.02,0.07,0.2,7.9,1.3,4.9,3.1,,,,,,,1.5,9,1,1,2,2,0.08,1.3,0.05,1.6,0.3,1.2,2.1,,0.7,0.1,,,,,,,,,2025/2026,24077,,
"Alvaro Carreras",8633,"La Liga",,,1190025,7.52,2334,60.2,29,1.5,0.06,0.07,0.7,5.7,1.6,2.3,6,,,,,,,0.8,5,1.5,1,2,5,0.08,0.5,0.02,1.4,0.1,0.3,1.3,1,0.3,0.3,3,1,1,,,,,,2025/2026,24078,,
"Carlos Soler",8560,"La Liga",,,708890,6.88,2325,40,46,3.9,0.15,0.26,0.5,3.4,1.5,1,3.4,,,,,,,1.1,3,0.6,9,4,7,0.15,2.7,0.11,5.2,0.7,1.4,2.3,5,0.4,0.3,3,,1,,,,,,2025/2026,24079,,
"Lucas Torr\\u00f3",8371,"La Liga",,,303879,6.81,2307,28.9,15,0.8,0.03,0.09,0.4,4.7,1.5,1.8,4.2,,,,,,,1.6,6,1.1,1,,1,,1.6,0.06,0.9,0.3,1.1,1.6,2,0.3,0.1,1,,,,,,,,2025/2026,24080,,
"Iv\\u00e1n Romero",8581,"La Liga",,,1209441,6.84,2278,15.4,25,1.9,0.07,0.42,1.5,2.2,1.3,0.4,3.6,,,,,,,1.6,5,0.5,5,7,8,0.28,8.6,0.34,6.9,0.7,2.3,0.5,12,0.1,0.7,1,1,,,,,,,2025/2026,24081,,
"Nacho Vidal",8670,"La Liga",,,640238,6.77,2272,29.5,7,0.8,0.03,0.12,0.6,6.4,1.8,3.1,3.2,,,,,,,1,4,1.2,,,,,2.2,0.09,0.7,0.1,0.6,1.7,5,0.3,0.1,,,,,,,,,2025/2026,24082,,
"Lamine Yamal",8634,"La Liga",,,1467236,8.33,2268,43.4,72,10.1,0.4,0.91,5.3,1.9,1.4,0.1,3.9,,,,,,,1.1,1,0.4,26,16,27,0.63,12.8,0.51,12.2,1.5,4.6,1.3,7,,0.8,11,2,,,,,,,2025/2026,24083,,
"Isi Palaz\\u00f3n",8370,"La Liga",,,638010,6.74,2262,28.6,39,4,0.16,0.37,0.9,2.4,1.2,0.9,3.8,,,,,,,1.4,10,0.1,9,3,6,0.12,5.3,0.21,4.6,0.6,2.1,1.8,6,0.2,0.4,3,,1,,,,,,2025/2026,24084,,
"Jules Kound\\u00e9",8634,"La Liga",,,705450,7.26,2261,70.1,23,3.4,0.13,0.2,0.8,5.8,1.9,2.2,3.6,1,,,,,,0.9,6,1.2,6,1,4,0.04,1.7,0.07,2,0.2,0.6,1.2,5,0.5,0.2,3,,,,,,,,2025/2026,24085,,
"Mat\\u00edas Moreno",8581,"La Liga",,,1605748,6.8,2256,37.2,8,0.8,0.03,0.07,0.2,8.7,1.3,5.1,3.1,,,,,,,0.9,8,1.5,1,,,,1,0.04,,,0.4,2.4,2,0.8,0,,,,,,,,,2025/2026,24086,,
"Abdessamad Ezzalzouli",8603,"La Liga",,,1209399,7.52,2255,25.3,32,3.5,0.14,0.5,1.6,3.4,2.1,0.6,4.8,,,,,,,1.1,3,0.6,11,10,18,0.4,9.2,0.37,9.8,1,2.9,0.6,8,0,1,8,1,,,,,,,2025/2026,24087,,
"Jon Mart\\u00edn",8560,"La Liga",,,1523234,6.95,2250,49.5,2,0.2,0.01,0.09,0.3,9.9,1.2,6.4,3.3,1,,,,,,0.7,6,1.4,,2,2,0.08,2,0.08,1.8,0.2,0.6,1.3,4,1,0,,,,,,,,,2025/2026,24088,,
"Pablo Ib\\u00e1nez",9866,"La Liga",,,1238154,6.72,2247,34.7,19,1.3,0.05,0.23,1.2,4.6,2.3,1,5,,,,,,,1.5,7,0.8,1,1,2,0.04,4.4,0.18,3.3,0.5,1.9,1,3,0.4,0.5,1,,,,,,,,2025/2026,24089,,
"Rub\\u00e9n Garcia",8371,"La Liga",,,384413,6.87,2247,26.4,44,4.9,0.2,0.3,0.7,3.6,2,0.9,3.6,,,,,,,1.4,6,0.7,8,2,7,0.08,2.4,0.1,1.7,0.4,1.2,2,3,0.1,0.8,5,,,,,,,,2025/2026,24090,,
"Omar Mascarell",8661,"La Liga",,,359191,6.74,2245,37.3,8,0.4,0.02,0.03,0.2,7.4,1.9,3.4,4.4,,,,,,,1.5,5,1.4,2,2,4,0.08,0.3,0.01,0.3,0.1,0.3,3.2,,0.7,0.2,2,,,,,,,,2025/2026,24091,,
Pepelu,10267,"La Liga",,,673689,7.02,2232,48,21,2.1,0.08,0.23,0.3,6.3,2.4,2.7,5.7,,,,,,,1.2,4,0.8,1,2,2,0.08,3.6,0.14,2.4,0.1,1,3.8,2,0.4,0.2,,,,,,,,,2025/2026,24092,,
"\\u00cd\\u00f1igo Ru\\u00edz de Galarreta",8315,"La Liga",,,282462,6.95,2231,41.3,30,3.6,0.15,0.17,1.4,4.4,2.4,0.8,7.6,,,,,,,2.2,9,0.9,6,1,3,0.04,0.7,0.03,0.7,0.1,0.8,2.5,,0.2,0.9,2,,,,,,,,2025/2026,24093,,
Koke,9906,"La Liga",,,184533,7.03,2220,71.1,35,4.5,0.18,0.21,0.1,4.1,2,1,5.3,,,,,,,0.9,6,0.7,5,2,4,0.08,0.7,0.03,1.5,0.2,0.6,4.1,,0.3,0.6,2,,,,,,,,2025/2026,24094,,
"Jon Gorrotxategi",8560,"La Liga",,,1323827,6.78,2215,46.2,18,0.6,0.02,0.06,0.4,5.6,1.8,1.8,5.1,,,,,,,1.3,6,1.4,2,1,4,0.04,0.8,0.03,0.8,0,0.5,1.5,,0.5,0.3,3,,,,,,,,2025/2026,24095,,
"Kike Salas",8302,"La Liga",,,1327489,7.25,2203,44.9,7,0.6,0.02,0.09,0.3,11.3,2.4,6.7,4.5,,,,,,,1.3,1,1.5,,2,2,0.08,1.5,0.06,2.2,0.3,0.8,2.6,,0.7,0.1,,1,,,,,,,2025/2026,24096,,
"\\u00c1lvaro Rodriguez",10268,"La Liga",,,1327406,6.93,2200,14.2,33,2.7,0.11,0.47,1.6,2.2,1,1.1,2.2,1,,,,,,1.5,2,0.1,7,7,12,0.29,8.8,0.36,8,1,3.1,0.5,17,0,0.5,5,,,,,,,,2025/2026,24097,,
"Djibril Sow",8302,"La Liga",,,707970,6.74,2195,34.7,24,1.8,0.07,0.15,0.3,3.2,1.8,0.4,3.5,1,,,,,,1.7,6,0.9,2,5,9,0.21,1.8,0.07,3.1,0.3,0.8,1.8,1,0.1,0.1,4,,,,,,,,2025/2026,24098,,
"Marcos Llorente",9906,"La Liga",,,602563,7.05,2184,52.8,20,3.8,0.16,0.24,0.5,5.2,2.4,2.2,5.1,,,,,,,1.2,5,0.5,9,,4,,2,0.08,1.8,0.2,0.7,2.2,2,0.1,0.4,4,,1,,,,,,2025/2026,24099,,
"Pol Lozano",8558,"La Liga",,,750031,6.55,2171,34.1,23,2.2,0.09,0.12,0.1,3.8,1.6,1.1,3.4,1,,,,,,2.7,10,0.9,2,2,3,0.08,0.8,0.03,1.8,0.2,0.7,1.5,,0.2,0.2,1,,1,,,,,,2025/2026,24100,,
"I\\u00f1aki Williams",8315,"La Liga",,,604105,6.65,2168,14.3,25,3.5,0.14,0.41,0.5,1.5,0.5,0.6,2.8,,,,,,,1.2,2,0.3,7,3,9,0.12,6.4,0.27,4.9,0.8,2.4,0.2,12,0.1,0.6,6,2,,,,,,,2025/2026,24101,,
"Victor Chust",10268,"La Liga",,,1192393,6.76,2165,56.9,5,0.9,0.04,0.06,0.3,7.8,2.6,3.6,3.8,,,,,,,1.6,6,0.8,,1,1,0.04,0.5,0.02,0.6,0.1,0.4,2.6,1,0.7,0,,,1,,,,,,2025/2026,24102,,
"Alex Berenguer",8315,"La Liga",,,574629,6.68,2164,24.6,49,5.6,0.23,0.42,1,2.5,1.2,0.7,4,,,,,,,1.1,4,0.5,7,2,5,0.08,4.5,0.19,4.7,0.8,1.8,1.1,7,0,0.8,3,,,,,,,,2025/2026,24103,,
"Aimar Oroz",8371,"La Liga",,,1054786,6.77,2152,28.3,38,3.2,0.13,0.21,1.3,2.6,1.5,0.6,4.6,,,,,,,1.4,6,0.4,5,,2,,1.7,0.07,0.7,0.2,1.2,1.3,,0,0.8,2,,,,,,,,2025/2026,24104,,
"Victor Parada",9866,"La Liga",,,1056071,6.52,2151,26.2,14,1.5,0.06,0.11,0.3,5.6,1.4,3.4,2.7,1,,,,,,1.2,7,0.4,3,,3,,1,0.04,0.1,0.1,0.5,1.2,2,0.5,0,3,,1,,,,,,2025/2026,24105,,
"Fernando Calero",8558,"La Liga",,,839232,6.68,2150,45.3,3,0.2,0.01,0.08,0.1,8.9,1.2,5.2,3.6,,,,,,,0.6,5,1.2,1,,,,1.8,0.07,0,0,0.5,3,4,1.3,,,,,,,,,,2025/2026,24106,,
"Duje Caleta-Car",8560,"La Liga",,,557799,6.72,2150,51.5,3,0.6,0.03,0.07,,8.7,1,5.4,3.3,,,,,,,1.3,6,1.2,,1,1,0.04,1.2,0.05,0.3,0.1,0.5,2,1,1.1,0,,,1,,,,,,2025/2026,24107,,
"Pape Gueye",10205,"La Liga",,,844544,7.11,2143,36.5,23,2.8,0.12,0.28,0.6,6,1.7,2.5,4.7,1,,,,,,1.5,8,1.4,3,5,7,0.21,4,0.17,3.3,0.5,2,3.7,4,0.4,0.6,2,,,,,,,,2025/2026,24108,,
"Mario Mart\\u00edn",8305,"La Liga",,,1321605,6.35,2134,17.5,8,1,0.04,0.15,0.6,4.4,2.4,1.2,3.1,,,,,,,3,11,0.6,1,2,3,0.08,2.6,0.11,1.7,0.3,1.1,0.8,2,0.2,0.4,1,,,,,,,,2025/2026,24109,,
"Gerard Mart\\u00edn",8634,"La Liga",,,1598982,7.23,2124,75.4,13,1,0.04,0.05,0.3,8,1.7,4.7,3.1,,,,,,,0.7,6,1.2,1,,,,0.2,0.01,0.6,0.2,0.3,2.1,,0.3,0.1,,,,,,,,,2025/2026,24110,,
"Georges Mikautadze",10205,"La Liga",,,1117069,7.12,2117,12.8,28,2.5,0.11,0.59,1.4,0.8,0.3,0.3,1.7,,,,,,,0.6,1,0.2,7,13,19,0.55,11.4,0.49,14.8,1.4,2.8,0.6,19,0,0.4,6,,,,,,,,2025/2026,24111,,
"\\u00d3scar Valent\\u00edn",8370,"La Liga",,,956622,6.81,2113,33.6,10,1.3,0.06,0.1,0.2,7.5,3.1,2.6,4.4,1,,,,,,1.3,3,1.2,1,1,1,0.04,1,0.04,1.7,0.2,0.6,1,,0.6,0.1,,,1,,,,,,2025/2026,24112,,
"Giuliano Simeone",9906,"La Liga",,,1226147,7.14,2109,33,29,5,0.21,0.43,1.2,3.3,1.9,0.5,4.7,,,,,,,0.9,3,0.8,9,4,10,0.17,5.2,0.22,4.6,0.6,1.5,0.4,8,0.1,0.5,6,,,,,,,,2025/2026,24113,,
Pedri,8634,"La Liga",,,1083323,7.8,2107,80.4,63,5.4,0.23,0.3,1.6,4.2,2.1,1,7,,,,,,,0.4,,1,8,2,11,0.09,1.6,0.07,1.7,0.4,0.9,4,4,0.1,0.8,9,,1,,,,,,2025/2026,24114,,
"\\u00c1lvaro Garcia",8370,"La Liga",,,474658,6.82,2105,15.2,41,5.2,0.22,0.5,0.2,3,1.2,1.2,3.3,,,,,,,0.8,3,0.6,15,4,9,0.17,6.5,0.28,5.5,0.8,2,1,8,0.1,0.5,5,1,,,,,,,2025/2026,24115,,
"Gabriel Suazo",8302,"La Liga",,,659490,7.01,2096,36.7,36,4.3,0.18,0.2,0.6,7.2,3.7,2,4.8,1,,,,,,1.4,7,1.3,5,,1,,0.5,0.02,0.3,0.1,0.2,1.8,,0.2,0.3,1,,,,,,,,2025/2026,24116,,
"Igor Zubeldia",8560,"La Liga",,,698653,6.78,2082,43.9,5,0.5,0.02,0.03,0,9.6,1.6,6.4,2.9,,,,,,,1.6,9,1,1,,1,,0.3,0.01,,0,0.3,1.7,,0.6,0.1,1,,,,,,,,2025/2026,24117,,
"Dani Olmo",8634,"La Liga",,,614834,7.34,2077,44.9,49,5.6,0.24,0.58,0.7,3.1,1.4,1,4.4,,,,,,,1.2,1,0.6,11,7,15,0.3,7.7,0.33,7.5,0.9,3,1.8,9,0,0.6,8,2,,,,,,,2025/2026,24118,,
"Antonio Ra\\u00edllo",8661,"La Liga",,,640231,6.74,2070,43.9,7,0.6,0.02,0.05,,8.5,1.1,5.3,2.7,3,,,,,,1,4,0.7,1,,1,,0.5,0.02,0.4,0,0.5,2.3,1,1.5,0,1,,,,,,,,2025/2026,24119,,
"Javier Guerra",10267,"La Liga",,,1284429,6.93,2069,34.8,32,2.8,0.12,0.27,1.1,3.7,1.3,1.1,4.7,,,,,,,1.2,3,1,6,4,10,0.17,3.4,0.15,3.4,0.5,1.3,2.1,3,0.3,0.4,6,,,,,,,,2025/2026,24120,,
"Derek Cornelius",8592,"Ligue 1",,,847629,,57,,,0,,,,,,,,,,,,,,,,,,,,,,,,,,,,,,,,,,,,,,2025/2026,26152,,
"Santiago Colombatto",8670,"La Liga",,,686460,6.64,2069,38.1,24,2,0.09,0.11,0.2,4.6,1.9,1.8,4.4,,,,,,,1.9,6,0.6,3,,1,,0.6,0.03,0.5,0.1,0.7,1.6,,0.3,0.5,1,,,,,,,,2025/2026,24121,,
"Pedro Bigas",10268,"La Liga",,,291635,6.97,2068,58,15,1.3,0.06,0.09,0.2,8.3,1.6,4.7,3.3,2,,,,,,1.1,3,1.3,4,1,4,0.04,0.7,0.03,0.1,0.1,0.4,3.4,1,0.8,,3,,1,,,,,,2025/2026,24122,,
"David Costas",8670,"La Liga",,,479217,6.56,2064,39.7,5,0.2,0.01,0.05,0.3,8.1,1.1,5,3,,,,,,,0.7,3,1.2,1,1,1,0.04,0.9,0.04,0.5,0,0.2,4.1,2,0.8,0,,,,,,,,,2025/2026,24123,,
"Aymeric Laporte",8315,"La Liga",,,411617,6.93,2060,48.2,7,0.3,0.01,0.09,0.1,8.4,1.2,5.5,3.8,,,,,,,0.4,4,1.1,1,,1,,1.6,0.07,1.4,0.2,0.7,2.9,2,0.6,0,1,1,,,,,,,2025/2026,24124,,
"Akor Adams",8302,"La Liga",,,958640,6.68,2059,10,13,1.1,0.05,0.49,0.7,1.7,0.3,1.1,2.1,,,,,,,1.6,3,0,1,10,13,0.44,10,0.44,11.2,1.3,2.7,0.3,9,0.2,0.7,3,,,,,,,,2025/2026,24125,,
"Dean Huijsen",8633,"La Liga",,,1367619,7.22,2037,65.9,10,1.2,0.05,0.15,0.1,8.7,1.4,5.7,3.3,1,,,,,,0.9,7,0.8,1,2,4,0.09,2.3,0.1,2.8,0.2,0.9,5,2,0.8,0,2,,1,,,,,,2025/2026,24126,,
"Arda G\\u00fcler",8633,"La Liga",,,1253890,7.43,2026,54.2,70,7.2,0.32,0.52,1.2,2.9,2,0.4,4.5,1,,,,,,0.9,1,0.4,14,4,13,0.18,4.6,0.2,4.8,0.8,2.2,3.2,3,0.1,0.5,9,,,,,,,,2025/2026,24127,,
"Marc Roca",8603,"La Liga",,,640220,6.79,2025,42,18,1.3,0.06,0.12,0.5,4.8,1.7,1.7,4.6,,,,,,,1.9,1,1,3,1,2,0.04,1.4,0.06,1.3,0.3,0.8,2.2,2,0.4,0.6,1,,,,,,,,2025/2026,24128,,
Kiko,8305,"La Liga",,,175311,6.71,2020,20.7,17,1.3,0.06,0.09,0.3,5.3,1.7,2,4.5,,,,,,,0.9,6,1.5,2,1,2,0.04,0.7,0.03,0.7,0.1,0.4,1.1,1,0.1,0.3,1,,,,,,,,2025/2026,24129,,
"Carles Ale\\u00f1\\u00e1",9866,"La Liga",,,637756,6.59,1995,32.7,38,3.4,0.15,0.28,0.6,3.2,1.7,1,3.7,,,,,,,1.7,5,0.5,6,,4,,2.7,0.12,0.6,0.2,1.4,1,2,0.1,0.3,4,,,,,,,,2025/2026,24130,,
"Path\\u00e9 Ciss",8370,"La Liga",,,872396,6.97,1995,48,12,0.4,0.02,0.17,0.4,8.3,2.4,3.5,5.2,,,,,,,1.4,9,1.6,1,2,3,0.09,3.3,0.15,2.1,0.4,0.9,4.1,6,0.7,0.1,1,,2,,,,,,2025/2026,24131,,
"Juanlu S\\u00e1nchez",8302,"La Liga",,,1158512,6.75,1993,28.7,22,2.9,0.13,0.17,1.2,4.8,2.8,1.4,4.7,2,,,,,,1,5,0.5,5,,3,,0.8,0.04,0.1,0,0.6,1.6,,,0.4,3,1,1,,,,,,2025/2026,24132,,
"Pere Milla",8558,"La Liga",,,593129,6.81,1986,17.3,34,2.7,0.12,0.44,0.5,3.6,1.7,1,3.4,,,,,,,1.1,6,0.8,5,7,8,0.32,7.1,0.32,9.5,1,2.7,0.9,8,0.1,0.8,1,,1,,,,,,2025/2026,24133,,
"\\u00c1lvaro N\\u00fa\\u00f1ez",9910,"La Liga",,,1132355,6.99,1984,50.7,21,2.8,0.13,0.14,0.7,3.9,1.3,1.5,4.2,1,,,,,,0.6,2,0.7,6,,2,,0.3,0.01,0,0,0.3,2.2,,0.4,0.2,2,,,,,,,,2025/2026,24134,,
"Hugo Duro",10267,"La Liga",,,929838,6.58,1981,12.5,17,0.8,0.04,0.44,0.1,2.1,0.7,1,1.8,,,,,,,1,5,0.2,2,10,10,0.45,8.8,0.4,7.7,0.6,1.6,0.4,9,0.3,0.3,,1,,,,,,,2025/2026,24135,,
"Alexander S\\u00f8rloth",9906,"La Liga",,,440330,6.79,1981,13.1,10,1.1,0.05,0.51,0.5,1.9,0.6,1.1,1.5,1,,,,,,1.4,4,,2,13,13,0.59,10.2,0.46,14.2,1.6,3.1,0.2,18,0.1,0.3,,,1,,,,,,2025/2026,24136,,
"Rafa Mar\\u00edn",10205,"La Liga",,,1313884,7.03,1980,44.5,7,0.7,0.03,0.05,0.1,9.6,1.7,6.4,2.8,1,,,,,,0.7,1,0.8,2,1,1,0.05,0.4,0.02,0.5,0,0.2,3.3,,0.7,,,,,,,,,,2025/2026,24137,,
"Mat\\u00edas Dituro",10268,"La Liga",,,592412,6.95,1980,40.5,2,0.1,0.01,0.01,,1.1,,1,10.4,,4,68.8,2.9,-0.9,1.3,,1,0,,,,,,,,,,,,,,,,,,,,,,2025/2026,24138,,
"Marc Bartra",8603,"La Liga",,,195305,6.92,1978,45.9,5,0.4,0.02,0.05,0.3,11.6,2,7.2,3.5,1,,,,,,0.7,3,1.2,,1,1,0.05,0.8,0.04,0.6,0.2,0.7,3.5,,1.1,0,,,,,,,,,2025/2026,24139,,
"Ferran Torres",8634,"La Liga",,,881771,7.1,1976,16.3,23,1.7,0.08,0.68,0.4,1,0.3,0.5,1.6,,,,,,,0.6,2,0.1,5,16,18,0.73,13.2,0.6,12.4,1.7,3.1,0.4,20,0,0.4,2,,,,,,,,2025/2026,24140,,
"\\u00d3scar Mingueza",9910,"La Liga",,,952095,6.86,1967,48.1,30,4.4,0.2,0.23,0.7,4.3,1.9,1.7,3.6,,,,,,,0.7,4,0.4,7,1,5,0.05,0.6,0.03,0.8,0.2,0.6,2.5,,0.2,0.1,4,,,,,,,,2025/2026,24141,,
"Sergi Cardona",10205,"La Liga",,,1059657,6.88,1965,27.6,20,2.6,0.12,0.17,0.2,6.9,2.2,2.7,3.3,,,,,,,1.3,4,1.6,4,1,5,0.05,1,0.05,0.6,0.2,0.8,1,,0.4,0.3,4,,,,,,,,2025/2026,24142,,
"Vladyslav Vanat",7732,"La Liga",,,1231648,6.69,1960,9.8,12,1.3,0.06,0.45,0.4,1.1,0.2,0.7,1.1,,,,,,,1.3,4,0.1,3,9,10,0.41,8.5,0.39,9.9,0.8,1.2,0.1,9,0,0.3,1,1,,,,,,,2025/2026,24143,,
"Lucas Boy\\u00e9",9866,"La Liga",,,561164,6.73,1959,14,28,1.7,0.08,0.51,1.7,3.1,1.7,0.9,3,,,,,,,2.6,2,0.3,5,11,12,0.51,9.5,0.44,8.1,1,2.9,0.2,8,0.3,1,1,,1,,,,,,2025/2026,24144,,
"Haissem Hassan",8670,"La Liga",,,971787,6.55,1943,18.5,20,3.2,0.15,0.22,2.8,2.6,1.8,0.5,3.3,,,,,,,0.6,1,0.3,2,,3,,1.6,0.07,1.2,0.4,1.6,2.1,2,,0.8,3,,,,,,,,2025/2026,24145,,
"Pau Navarro",10205,"La Liga",,,1531887,6.83,1924,40.2,4,0.2,0.01,0.01,0.3,9.7,3,5.1,2.8,,,,,,,1.6,4,0.8,1,,,,0.1,0,0.3,0.1,0.1,1.6,,0.7,,,,,,,,,,2025/2026,24146,,
"Jude Bellingham",8633,"La Liga",,,1077894,7.53,1917,49.3,36,2.2,0.1,0.44,1.7,4,2.4,0.8,4.9,,,,,,,1.5,3,0.7,4,6,10,0.28,7.3,0.34,9.3,1.2,2.4,3.2,8,0.1,0.9,4,,,,,,,,2025/2026,24147,,
"Borja Iglesias",9910,"La Liga",,,609505,6.79,1902,15.8,17,1.6,0.07,0.57,0.6,1.5,0.4,0.8,2.3,,,,,,,1.8,7,0,3,14,16,0.66,10.5,0.49,12.2,1.2,2.2,0.9,8,0.2,0.4,2,3,,,,,,,2025/2026,24148,,
"Juli\\u00e1n \\u00c1lvarez",9906,"La Liga",,,974753,7.11,1902,27.2,47,5.1,0.24,0.61,1.2,1.4,1,0.2,2.4,,,,,,,0.7,2,0.1,10,8,12,0.38,7.7,0.36,9.7,1.2,2.6,1.2,8,,0.7,4,,,,,,,,2025/2026,24149,,
"Carlos \\u00c1lvarez",8581,"La Liga",,,1209980,6.71,1897,25.2,40,4.1,0.2,0.33,0.9,2,1,0.3,4.4,,,,,,,1,3,0.6,6,3,4,0.14,2.7,0.13,2.6,0.5,1.4,1,2,0,0.5,1,1,,,,,,,2025/2026,24150,,
"Valent\\u00edn G\\u00f3mez",8603,"La Liga",,,1338016,6.78,1875,39.5,10,0.7,0.03,0.07,0.6,9.4,2.2,5.4,3.6,2,,,,,,1.2,5,1.2,3,1,1,0.05,0.8,0.04,1,0.2,0.5,2.1,1,0.6,,,,,,,,,,2025/2026,24151,,
"Alejandro Balde",8634,"La Liga",,,1254166,7.08,1874,52.6,23,2.1,0.1,0.13,1.1,3.6,1.7,1.2,4.4,1,,,,,,0.7,2,0.2,4,,2,,0.6,0.03,0.1,0,0.5,0.7,1,0.5,0.5,2,1,,,,,,,2025/2026,24152,,
"Toni Lato",8661,"La Liga",,,674518,,585,,4,0.5,,,,,,,,,,,,,,,3,,1,,1,,,,,,,,,,,1,,,,,,,,2025/2026,24377,,
"Pedro D\\u00edaz",8370,"La Liga",,,715069,6.59,1869,31.4,23,1.6,0.08,0.16,0.7,3,1.8,0.7,4.9,,,,,,,1,3,0.4,3,,1,,1.7,0.08,0.7,0.3,2.1,1.1,1,0,0.6,1,,,,,,,,2025/2026,24153,,
"Pablo Mart\\u00ednez",8581,"La Liga",,,923298,6.82,1865,26.1,36,4.6,0.22,0.31,0.7,3.8,0.8,1.4,4.2,,,,,,,1.5,3,1,10,1,6,0.05,1.9,0.09,1.6,0.2,1.4,1.7,1,0.6,0.5,5,,,,,,,,2025/2026,24154,,
"Andr\\u00e9 Silva",10268,"La Liga",,,388523,6.82,1853,18.9,22,1.3,0.06,0.58,0.7,1.9,0.7,0.9,2.7,,,,,,,1.2,3,0.2,1,10,10,0.49,10.5,0.51,12.9,1.4,2.8,0.3,8,0,0.6,,1,,,,,,,2025/2026,24155,,
"Gon\\u00e7alo Guedes",8560,"La Liga",,,536455,6.86,1832,20.7,24,2.9,0.14,0.33,0.9,1.7,1.2,0.3,2.8,,,,,,,0.9,3,0.2,6,8,12,0.39,3.9,0.19,7,0.9,2.3,1.2,3,,0.7,4,,,,,,,,2025/2026,24156,,
"Tajon Buchanan",10205,"La Liga",,,1026135,6.72,1821,18.7,16,2,0.1,0.2,1,3.3,1.4,0.8,5.3,,,,,,,0.9,8,1,5,7,8,0.35,2.1,0.1,3.1,0.5,1.3,0.5,2,0.1,0.8,1,,,,,,,,2025/2026,24157,,
"H\\u00e9ctor Beller\\u00edn",8603,"La Liga",,,427438,6.96,1820,44.9,24,2.9,0.15,0.17,0.3,5.9,1.5,3.5,2.9,,,,,,,0.7,2,0.7,5,2,5,0.1,0.4,0.02,1.3,0.2,0.3,1.1,,0.2,0.1,3,,,,,,,,2025/2026,24158,,
"Aitor Ruibal",8603,"La Liga",,,676533,6.93,1814,28.6,19,1.6,0.08,0.27,0.7,5.7,2.2,2.2,4.9,3,,,,,,1.6,4,1,3,4,6,0.2,3.8,0.19,4.1,0.6,1.5,1.6,3,0.1,0.4,2,1,1,,,,,,2025/2026,24159,,
"Rafa Mir",10268,"La Liga",,,640492,6.77,1809,16.5,9,1.1,0.06,0.46,0.2,2,0.8,0.9,1.8,,,,,,,1.9,4,0.2,3,8,8,0.4,8.1,0.4,8.8,1.8,3.4,0.7,13,0,0.7,,,,,,,,,2025/2026,24160,,
"Javi Gal\\u00e1n",8371,"La Liga",,,695062,7.25,1807,37.9,29,2.6,0.13,0.14,1.9,7,2.4,2.9,4.5,2,,,,,,1.6,3,1.4,2,,1,,0.2,0.01,0.1,0,0.3,2,,0.2,0.4,1,,,,,,,,2025/2026,24161,,
"Nobel Mendy",8370,"La Liga",,,1428427,6.8,1804,41.2,3,0.2,0.01,0.09,0.1,11.3,1.3,7.7,3.4,1,,,,,,1.6,7,1,1,2,2,0.1,1.6,0.08,1.1,0.1,0.5,2.5,2,1.2,,,,2,,,,,,2025/2026,24162,,
"Oihan Sancet",8315,"La Liga",,,950545,6.61,1803,24.2,27,1.6,0.08,0.4,0.8,2,1.2,0.4,3.3,,,,,,,1.4,4,0.2,,4,4,0.2,6.5,0.32,5.2,0.7,2.4,1.1,7,0.1,0.7,,1,1,,,,,,2025/2026,24163,,
"Stole Dimitrievski",10267,"La Liga",,,254241,6.98,1800,19.9,,0,0,0,,0.7,0.1,0.6,9.2,,5,67.5,2.6,-1.1,1.3,,1,0.1,,,,,,,,,,,,,,,,,,,,,,2025/2026,24164,,
"Jan Virgili",8661,"La Liga",,,1690093,6.59,1797,15.4,30,2.4,0.12,0.24,2.5,1.7,0.8,0.5,3.4,1,,,,,,1.1,,0.4,7,2,6,0.1,2.3,0.12,4.3,0.8,1.6,0.4,1,0.1,0.9,4,2,1,,,,,,2025/2026,24165,,
"Ferm\\u00edn L\\u00f3pez",8634,"La Liga",,,1404415,7.33,1797,39,34,4.5,0.22,0.57,2.2,3.1,2.4,0.3,4.1,,,,,,,1.7,3,0.4,15,6,15,0.3,7,0.35,6.3,1.3,3.4,1.7,7,,0.9,9,,,,,,,,2025/2026,24166,,
"David Carmo",8670,"La Liga",,,954962,6.62,1787,42.2,7,0.5,0.02,0.07,0.1,11.2,1.7,7.5,3,1,,,,,,1,6,1.1,1,1,1,0.05,0.9,0.05,1.5,0.2,0.5,5.3,,0.9,0.1,,,1,,,,,,2025/2026,24167,,
"Robin Le Normand",9906,"La Liga",,,609516,6.83,1783,47.3,2,0.3,0.02,0.05,0.1,8.1,1.8,4.9,2.8,,,,,,,1.1,5,1,1,1,2,0.05,0.6,0.03,0.2,0.1,0.3,1.8,1,0.4,0.2,1,,,,,,,,2025/2026,24168,,
"Matteo Ruggeri",9906,"La Liga",,,1051097,6.96,1775,39.2,25,3.8,0.19,0.2,0.3,6.3,1.8,3.3,5,,,,,,,1.4,4,1,5,,3,,0.1,0.01,0.5,0.1,0.3,1.7,,0.2,0.2,3,,,,,,,,2025/2026,24169,,
"Manu Morlanes",8661,"La Liga",,,784241,6.73,1773,42.9,17,1.4,0.07,0.17,0.4,5,2.8,1.1,4.9,,,,,,,1.4,3,1,2,3,3,0.15,2,0.1,2.3,0.2,0.7,2,1,0.1,0.2,,,1,,,,,,2025/2026,24170,,
"Ander Barrenetxea",8560,"La Liga",,,1002618,7.01,1769,29.7,44,4.7,0.24,0.37,2.8,3.1,1.5,0.6,5.4,,,,,,,1.9,5,0.8,11,3,8,0.15,2.6,0.13,2.5,0.6,1.7,1.4,6,0.2,1,5,,,,,,,,2025/2026,24171,,
"Azzedine Ounahi",7732,"La Liga",,,1073143,7.28,1766,39.6,35,4.4,0.23,0.4,3.5,2.5,1.2,0.5,4.1,,,,,,,0.9,7,0.8,11,5,7,0.25,3.4,0.17,6,1,2.6,1.3,,0.1,0.6,2,1,,,,,,,2025/2026,24172,,
"Diego L\\u00f3pez",10267,"La Liga",,,1284434,6.58,1762,20.1,17,2.2,0.11,0.25,0.7,2.3,1.1,0.6,4,,,,,,,1,2,0.5,4,4,5,0.2,2.7,0.14,2.4,0.4,1.4,0.5,4,0.1,0.7,1,,,,,,,,2025/2026,24173,,
"Marcus Rashford",8634,"La Liga",,,696365,7.18,1761,33.5,46,4.6,0.24,0.62,1.5,1.4,0.4,0.7,2.2,,,,,,,0.5,3,0.1,8,8,15,0.41,7.5,0.38,7.5,1.5,3.9,1.3,10,0.2,0.6,7,,,,,,,,2025/2026,24174,,
"Jos\\u00e9 Copete",10267,"La Liga",,,896402,6.68,1760,43.9,5,0.6,0.03,0.11,0.4,9,1.3,5.7,2.6,2,,,,,,1,5,1.1,,,,,1.5,0.08,,,0.7,2.6,3,0.8,0.2,,,,,,,,,2025/2026,24175,,
"Diego Rico",8305,"La Liga",,,488718,6.78,1753,19.4,11,1,0.05,0.07,0.3,7.2,2.4,3,3.7,,,,,,,1.1,4,1.6,1,,,,0.3,0.02,0,0.1,0.6,1.4,,0.2,0.2,,,,,,,,,2025/2026,24176,,
"Hugo Rinc\\u00f3n",7732,"La Liga",,,1427819,6.64,1741,33,10,1,0.05,0.09,0.5,5.7,2.4,2.6,3.4,1,,,,,,1.7,4,0.3,2,1,2,0.05,0.9,0.04,0.4,0.1,0.4,0.9,2,0.5,0.1,1,1,,,,,,,2025/2026,24177,,
"Jon Pacheco",9866,"La Liga",,,1112072,6.64,1734,42.1,5,0.3,0.02,0.03,0.2,8.9,1.9,5.3,3.6,2,,,,,,0.7,4,0.6,1,,,,0.3,0.02,0.1,0.1,0.2,3.3,,1.1,0.1,,,1,,,,,,2025/2026,24178,,
"Jon Olasagasti",8581,"La Liga",,,1131957,6.8,1729,26.2,36,3.2,0.16,0.29,0.6,3.8,1.5,1.2,4.1,,,,,,,1,3,0.7,6,1,6,0.05,2.4,0.13,2.5,0.5,1.5,1.6,4,0.4,0.6,5,,1,,,,,,2025/2026,24179,,
"Kike Garc\\u00eda",8558,"La Liga",,,183353,6.58,1727,13.1,20,2.2,0.12,0.58,0.5,2,0.6,1,2.5,,,,,,,1.7,3,0.3,4,8,9,0.42,8.8,0.46,9.2,1.4,3.1,0.6,11,0.1,0.9,1,,,,,,,,2025/2026,24180,,
"Javi L\\u00f3pez",8670,"La Liga",,,1159181,6.78,1712,31.1,18,1.5,0.08,0.1,0.9,6.3,2.3,2.9,5.5,,,,,,,2,3,1.1,2,,1,,0.5,0.03,0.6,0.1,0.4,1.5,1,0.1,0.1,1,,1,,,,,,2025/2026,24181,,
"Rahim Alhassane",8670,"La Liga",,,1333066,6.64,1710,30.3,17,1.1,0.06,0.06,0.4,7.5,1.8,3.7,4.3,,,,,,,0.5,2,1.7,2,,,,0.1,0,,,0.2,1.2,,0.3,0.1,,,,,,,,,2025/2026,24182,,
"Adri\\u00e1n Liso",8305,"La Liga",,,1541825,6.34,1709,10,4,0.3,0.02,0.13,0.8,2.2,1.5,0.4,2.8,,,,,,,2.1,3,0.2,,3,3,0.16,2.1,0.11,3,0.5,1.4,0.1,2,0.1,0.6,,1,1,,,,,,2025/2026,24183,,
"Ra\\u00fal Asencio",8633,"La Liga",,,1580528,6.88,1706,58.8,5,0.7,0.04,0.1,0.1,5.1,0.9,3,2.7,,,,,,,0.9,4,0.5,1,2,2,0.11,1.2,0.07,1.6,0.2,0.7,1.7,2,0.7,0.1,,,,,,,,,2025/2026,24184,,
"\\u00c1ngel Ortiz",8603,"La Liga",,,1580522,,582,,6,0.8,,,,,,,,,,,,,,,1,,1,,,,0,,,,,,,,,,,,,,,,,2025/2026,24378,,
"Mateo Joseph",8661,"La Liga",,,1344677,6.56,1703,13,14,0.9,0.05,0.32,1,3.6,1.5,1.3,3.4,,,,,,,1,2,0.6,3,2,5,0.11,5.1,0.27,4.1,0.7,1.7,0.1,8,0.2,0.5,3,1,,,,,,,2025/2026,24185,,
"Alfonso Pedraza",10205,"La Liga",,,629594,6.96,1690,25.3,21,2.7,0.14,0.2,1.1,6.1,2.2,2.1,4.4,1,,,,,,1.4,8,1.5,6,1,4,0.05,1.1,0.06,0.7,0.2,0.6,1.7,1,0.3,0.3,3,,,,,,,,2025/2026,24186,,
"Nico Williams",8315,"La Liga",,,1202110,7.02,1687,23.4,34,5,0.27,0.55,3.6,1.7,0.8,0.5,4.8,,,,,,,1.4,2,0.4,5,6,9,0.32,5.4,0.29,6.4,0.9,2.5,0.4,4,,1.1,3,1,,,,,,,2025/2026,24187,,
"Kwasi Sibo",8670,"La Liga",,,948745,6.42,1686,31.4,3,0.2,0.01,0.03,0.2,4.9,1.8,1.9,4.4,,,,,,,1.6,3,0.8,,,,,0.4,0.02,0.1,0.1,0.5,1.5,,0.3,0.2,,,1,,,,,,2025/2026,24188,,
"Brais M\\u00e9ndez",8560,"La Liga",,,640122,6.95,1672,38.8,25,2.7,0.15,0.46,1.1,3,2,0.5,4.7,,,,,,,2.3,5,0.4,6,6,8,0.32,5.8,0.31,7.2,0.9,1.9,2,5,0.2,0.9,2,,1,,,,,,2025/2026,24189,,
"Etta Eyong",8581,"La Liga",,,1392779,6.69,1668,10.5,15,1.7,0.09,0.56,0.6,2.8,1.5,1,3,,,,,,,1.7,3,0.3,4,7,11,0.38,8.7,0.47,8.9,1.3,2.7,0.5,11,0.1,1,4,,,,,,,,2025/2026,24190,,
"Pablo Barrios",9906,"La Liga",,,1338192,7.18,1666,50.6,20,2.1,0.11,0.21,1.8,3.8,1.6,0.6,6.2,1,,,,,,0.6,,1.5,3,1,2,0.05,1.8,0.1,1.5,0.3,1.2,2.4,1,0.1,0.6,1,,,,,,,,2025/2026,24191,,
"Ferr\\u00e1n Jutgl\\u00e0",9910,"La Liga",,,1102732,6.88,1663,17.5,15,1.3,0.07,0.43,1.1,2.2,0.6,1.1,2.8,,,,,,,1.3,4,0.4,2,9,12,0.49,6.7,0.36,10.8,1.4,2.4,0.6,8,0.1,0.5,3,,,,,,,,2025/2026,24192,,
"Robert Lewandowski",8634,"La Liga",,,93447,6.95,1656,14.6,14,1.2,0.07,0.83,0.5,1.5,0.3,1.1,1.7,,,,,,,0.7,2,0.2,4,14,16,0.76,14.1,0.77,11.4,1.6,3.4,0.3,16,,0.7,2,,,,,,,,2025/2026,24193,,
"Frenkie de Jong",8634,"La Liga",,,638622,7.32,1631,78.1,35,3.7,0.21,0.27,0.3,4.5,2.5,0.8,4.7,,,,,,,0.6,4,0.9,9,1,6,0.06,1.2,0.06,0.9,0.1,0.4,2.5,,0.2,0.3,5,,1,,,,,,2025/2026,24194,,
"Aitor Paredes",8315,"La Liga",,,1191407,,1629,45.6,4,0.5,0.03,0.09,0.2,7.1,1.2,4.2,3.8,,,,,,,1,4,1.5,1,2,2,0.11,1.1,0.06,2,0.2,0.7,3.3,1,0.2,,,,,,,,,,2025/2026,24195,,
"Arnaut Danjuma",10267,"La Liga",,,704151,6.57,1627,16.8,17,3.5,0.19,0.45,1.5,1.2,0.7,0.3,3.7,,,,,,,1.2,,0.1,6,3,5,0.17,4.7,0.26,5.2,0.8,2,1.1,8,0.1,0.7,2,1,,,,,,,2025/2026,24196,,
"Julen Agirrezabala",10267,"La Liga",,,1280020,,1620,,1,0,,,,,,,,,4,,,,,,1,,,,,,,,,,,,,,,,,,,,,,,2025/2026,24197,,
"Abel Bretones",8371,"La Liga",,,1323398,6.7,1619,21.6,13,1.8,0.1,0.14,0.7,5.9,1.8,2.8,3.8,,,,,,,0.9,5,1,3,1,3,0.06,0.6,0.04,0.9,0.2,0.6,1.3,,0.3,0.2,2,1,1,,,,,,2025/2026,24198,,
"Batista Mendy",8302,"La Liga",,,1078729,6.65,1619,31.4,9,0.5,0.03,0.09,0.6,4.6,1.9,1.3,5.2,,,,,,,2.1,6,1,,1,1,0.06,1.1,0.06,1.4,0.3,0.9,1.9,,0.3,0.4,,,,,,,,,2025/2026,24199,,
"Unai L\\u00f3pez",8370,"La Liga",,,571615,6.93,1618,51.3,36,1.5,0.08,0.13,0.7,4.4,1.7,1.3,5.3,,,,,,,2.1,5,1.2,4,,4,,0.9,0.05,0.7,0.2,1.2,4.2,1,0.2,0.4,4,,1,,,,,,2025/2026,24200,,
"Dani Calvo",8670,"La Liga",,,545905,6.7,1609,40,2,0.2,0.01,0.03,0.1,11.7,1.5,8.1,2,1,,,,,,0.6,3,0.6,1,,,,0.3,0.02,,,0.2,1.7,,1.5,,,,,,,,,,2025/2026,24201,,
"Rub\\u00e9n Vargas",8302,"La Liga",,,860752,7,1608,22.9,28,2.4,0.13,0.31,1.2,2.2,1.1,0.7,4.5,,,,,,,0.7,2,0.4,4,3,9,0.17,3.2,0.18,2.8,0.4,2.3,1.4,,0.1,0.7,6,,,,,,,,2025/2026,24202,,
"Mart\\u00edn Satriano",8305,"La Liga",,,1197039,,1604,,15,1.4,,,,,,,,,,,,,,,5,,5,6,7,,4.3,,4.8,,,,1,,,1,,,,,,,,2025/2026,24203,,
"Pablo Torre",8661,"La Liga",,,1233404,6.79,1603,38.3,35,2.9,0.16,0.26,0.9,2.6,1.2,0.7,4.7,,,,,,,1.6,4,0.5,4,4,8,0.22,1.7,0.1,2.9,0.7,1.4,1.9,3,0.1,0.6,4,,,,,,,,2025/2026,24204,,
"Jorge Herrando",8371,"La Liga",,,1098365,6.65,1598,34,2,0.8,0.05,0.06,0.2,9.5,1.8,6.1,2.1,,,,,,,1.4,3,1,1,,1,,0.3,0.02,,,0.2,1.4,1,0.6,,1,1,,,,,,,2025/2026,24205,,
"Bryan Gil",7732,"La Liga",,,970692,6.53,1586,24.6,21,2.7,0.16,0.32,1.9,3,1.8,0.6,4.5,,,,,,,1.1,6,0.5,6,,3,,2.9,0.16,0.8,0.4,1.5,0.5,3,0.1,0.5,3,,,,,,,,2025/2026,24206,,
"\\u00c1lex Baena",9906,"La Liga",,,942372,6.89,1572,33.8,46,6.1,0.35,0.46,0.8,2.9,1,0.7,3.6,,,,,,,1.5,5,0.9,13,2,5,0.11,2,0.11,2.2,0.4,1.7,1.4,1,0.2,0.4,3,,,,,,,,2025/2026,24207,,
"L\\u00e9o P\\u00e9trot",10268,"La Liga",,,708457,6.65,1568,47.4,2,0.3,0.02,0.05,0.2,8,2.1,4.1,4,,,,,,,1.1,2,0.9,1,,,,0.6,0.04,,,0.5,1.8,,0.9,0.1,,,1,,,,,,2025/2026,24208,,
"Ricardo Rodr\\u00edguez",8603,"La Liga",,,115591,6.72,1546,31.3,7,0.4,0.02,0.03,0.1,5.9,1.4,3.9,2.6,,,,,,,0.6,,0.5,1,,1,,0.1,0.01,,,0.2,1.2,,0.2,0.1,1,,,,,,,,2025/2026,24209,,
"Fran Beltr\\u00e1n",7732,"La Liga",,,785511,6.77,1544,56.3,13,1,0.06,0.1,0.4,4.8,2,1.5,4,,,,,,,1.2,3,1,2,1,1,0.06,0.7,0.04,1.8,0.2,0.9,2.6,,0.3,0.5,,,,,,,,,2025/2026,24210,,
"Eduardo Camavinga",8633,"La Liga",,,1015185,7.04,1526,58.8,15,2.1,0.12,0.19,0.8,6.7,3.8,1.4,5,,,,,,,2,2,0.8,2,1,1,0.06,1.2,0.07,1.2,0.1,0.8,3.4,,0.6,0.5,,,,,,,,,2025/2026,24211,,
"Kervin Arriaga",8581,"La Liga",,,839750,6.79,1526,35,7,1,0.06,0.12,0.5,7.7,2.4,3.6,5.2,,,,,,,1.2,6,0.8,2,3,6,0.18,1,0.06,1.9,0.4,0.9,1.7,,0.8,0.1,3,,1,,,,,,2025/2026,24212,,
"Takefusa Kubo",8560,"La Liga",,,848289,7.05,1508,23.2,32,3.5,0.21,0.35,2.2,3,1.7,0.6,3.2,,,,,,,0.5,2,0.7,7,2,6,0.12,2.4,0.14,1.8,0.7,1.7,0.4,2,,0.5,4,,,,,,,,2025/2026,24213,,
"Filip Ugrinic",10267,"La Liga",,,800615,6.85,1507,32.8,23,2.7,0.16,0.22,1.1,4.4,1.5,2,4.7,,,,,,,1,3,0.7,6,,3,,1,0.06,0.7,0.2,1.2,1.7,,0.2,0.7,3,,,,,,,,2025/2026,24214,,
"Jes\\u00fas Areso",8315,"La Liga",,,1037537,6.79,1504,29,23,1.3,0.08,0.09,0.8,5.9,1.3,3.1,3.4,,,,,,,1.1,3,1.1,3,,1,,0.1,0.01,,,0.2,1.1,,0.5,0.2,1,,,,,,,,2025/2026,24215,,
"Pablo Mar\\u00edn",8560,"La Liga",,,1293912,6.36,1494,17.8,13,1.3,0.08,0.15,1,2.7,1.1,1,3.6,,,,,,,1.3,2,0.5,2,,1,,1.2,0.08,0.6,0.2,0.8,0.5,2,0.1,0.2,1,1,,,,,,,2025/2026,24216,,
"Abderrahman Rebbach",9866,"La Liga",,,1200941,6.66,1492,22.1,30,3,0.18,0.32,1.1,4.8,2.5,1.4,4.8,,,,,,,2.4,8,0.9,9,1,5,0.06,2.3,0.14,2,0.7,2.1,1.2,3,,0.3,4,,,,,,,,2025/2026,24217,,
"Dani Raba",10267,"La Liga",,,784246,,265,,2,0.4,,,,,,,,,,,,,,,,,1,,1,,0.4,,0.1,,,,,,,1,,,,,,,,2025/2026,24439,,
"Carl Starfelt",9910,"La Liga",,,497662,6.76,1492,58.7,1,0.1,0.01,0.04,0.1,9.7,1.4,6.5,3,,,,,,,1.1,1,1,,,,,0.6,0.03,0.5,0.1,0.2,1.9,2,0.8,,,,1,,,,,,2025/2026,24218,,
"Antonio R\\u00fcdiger",8633,"La Liga",,,276738,,1492,,2,0.6,,,,,,,,,,,,,,,,,1,1,1,,0.9,,0.6,,,,1,,,,,,,,,,,2025/2026,24219,,
"Isaac Romero",8302,"La Liga",,,1130991,6.42,1490,14.7,14,0.6,0.03,0.35,0.6,2.5,1,1.1,3.7,,,,,,,1.8,4,0.4,2,4,4,0.24,5.3,0.32,4.4,0.8,2.5,1,8,0.1,1,,2,1,,,,,,2025/2026,24220,,
"Pacha Espino",8370,"La Liga",,,526968,6.83,1480,25.5,19,2.4,0.14,0.24,1,6.3,3.2,1.9,5.4,1,,,,,,1.5,3,0.9,7,2,2,0.12,1.6,0.1,1.5,0.5,1.2,1.6,3,0.3,0.4,,1,,,,,,,2025/2026,24221,,
"Joel Roca",7732,"La Liga",,,1326043,6.54,1469,19.5,16,2.1,0.13,0.35,2.3,2.5,1.4,0.9,3.9,,,,,,,0.9,4,0.1,2,3,4,0.18,3.7,0.23,3.6,1,2.9,0.3,5,0.1,0.3,1,1,1,,,,,,2025/2026,24222,,
"Antoine Griezmann",9906,"La Liga",,,184138,6.9,1468,36.9,31,4.2,0.25,0.72,0.6,2.3,0.9,0.8,3.9,,,,,,,0.2,1,0.5,9,7,11,0.43,7.6,0.47,9.2,1.5,2.9,2,9,0.1,0.6,4,,,,,,,,2025/2026,24223,,
"Nicol\\u00e1s Gonz\\u00e1lez",9906,"La Liga",,,841672,6.96,1453,25.1,12,2,0.12,0.39,1.5,4.1,1.5,1.7,3.8,,,,,,,1.7,4,0.7,3,5,5,0.31,4.2,0.26,6.4,1.2,2.7,1.4,6,0.2,0.5,,1,1,,,,,,2025/2026,24224,,
"Abdelkabir Abqar",8305,"La Liga",,,956921,6.74,1440,19.9,4,0.4,0.02,0.04,0.1,9.4,2.4,5.1,2.8,1,,,,,,1.8,10,1.4,3,,2,,0.3,0.02,0.1,0.1,0.4,3.4,1,0.5,0.1,2,,1,,,,,,2025/2026,24225,,
"I\\u00f1aki Pe\\u00f1a",10268,"La Liga",,,990996,,1440,,3,0.2,,,,,,,,,4,,,,,,,,1,,,,,,,,,,,,,,,,,,,,,2025/2026,24226,,
"Pablo Dur\\u00e1n",9910,"La Liga",,,1322858,6.5,1424,16.5,10,1.5,0.1,0.37,0.4,2.5,1,0.9,3.1,,,,,,,0.9,1,0.4,3,2,4,0.13,4.3,0.27,3.3,0.9,2.3,1,5,0.2,0.8,2,,,,,,,,2025/2026,24227,,
Oso,8302,"La Liga",,,1575945,6.87,1409,21.3,21,1.4,0.09,0.17,1.1,3.4,1.7,1.1,3.4,1,,,,,,0.8,1,0.4,3,2,5,0.13,1.3,0.08,1.7,0.5,1.1,1.1,1,0.2,0.3,3,,,,,,,,2025/2026,24228,,
"Denis Su\\u00e1rez",9866,"La Liga",,,282281,6.59,1406,43.8,22,1.7,0.11,0.17,1.6,2.8,1.5,0.8,5.9,,,,,,,1.3,6,0.4,2,1,3,0.06,1,0.06,1,0.3,0.6,1.7,2,0.2,0.6,2,,,,,,,,2025/2026,24229,,
"Javi Rueda",9910,"La Liga",,,1310440,6.92,1404,26.1,14,2.8,0.18,0.27,1.3,5.1,1.3,2.1,3.4,,,,,,,1.6,6,1.3,7,2,8,0.13,1.3,0.08,0.5,0.2,0.7,1.3,2,0.4,0.2,6,1,,,,,,,2025/2026,24230,,
"Clemens Riedel",8558,"La Liga",,,1279557,6.77,1397,46.2,4,0.2,0.01,0.02,0.1,9.3,1.8,6.4,3.4,,,,,,,1.5,5,0.7,,,1,,0.1,0.01,0,0.1,0.2,3,,0.4,,1,,,,,,,,2025/2026,24231,,
"Giovani Lo Celso",8603,"La Liga",,,604126,7.02,1396,49.1,33,2.4,0.15,0.31,1,2.1,1.2,0.5,4.8,1,,,,,,0.6,4,0.4,6,2,5,0.13,2.5,0.16,3.5,0.7,1.9,2.3,2,,0.9,3,,,,,,,,2025/2026,24232,,
"Thierry Correia",10267,"La Liga",,,992052,6.72,1394,34.2,13,1.9,0.12,0.14,0.5,4.8,2,1.7,3.6,1,,,,,,1.8,4,1.1,3,,2,,0.4,0.02,0.1,0.1,0.3,1.2,,,0.4,2,,,,,,,,2025/2026,24233,,
"Cl\\u00e9ment Lenglet",9906,"La Liga",,,488412,,1393,52.4,4,0.4,0.03,0.06,0.2,7.9,1.4,4.7,3.2,,,,,,,1.4,4,1.4,2,,1,,0.4,0.03,,,0.3,6.3,,0.4,,1,,1,,,,,,2025/2026,24234,,
"Dani Parejo",10205,"La Liga",,,75307,6.78,1390,51.3,25,1.4,0.09,0.15,0.5,4.9,2.7,1,4.4,,,,,,,1,3,0.8,3,1,1,0.06,1,0.06,0.9,0.1,0.2,3.6,,0.5,0.1,,,,,,,,,2025/2026,24235,,
Raphinha,8634,"La Liga",,,696679,7.77,1388,33.7,41,5.8,0.38,1.05,1.4,2.1,1,0.7,3,,,,,,,0.6,5,0.3,11,13,16,0.84,10.4,0.67,11.3,1.6,4.2,1.8,6,0.1,0.8,3,1,,,,,,,2025/2026,24236,,
"Marc Pubill",9906,"La Liga",,,1323897,7.17,1382,52.4,3,0.6,0.04,0.1,0.3,9.4,1.6,5.5,3.9,,,,,,,1,2,1.3,1,1,2,0.07,0.9,0.06,1.4,0.3,0.7,1.6,,1,,1,,,,,,,,2025/2026,24237,,
"Lucas Beltr\\u00e1n",10267,"La Liga",,,974755,6.48,1366,20.2,13,1.5,0.1,0.36,1.1,2.6,1.4,0.9,3.3,,,,,,,1.7,1,0.3,4,1,3,0.07,4.1,0.27,1.5,0.6,2.2,0.6,7,0.1,0.5,2,1,,,,,,,2025/2026,24238,,
"Andoni Gorosabel",8315,"La Liga",,,839893,6.62,1358,31.5,16,1.4,0.1,0.11,0.8,6.2,2.5,2.6,3,,,,,,,0.9,3,1.1,2,,1,,0.2,0.02,0.2,0.1,0.3,0.3,,0.1,0.3,1,,,,,,,,2025/2026,24239,,
"Martim Neto",10268,"La Liga",,,1226189,6.79,1352,35.2,25,2.7,0.18,0.23,1.4,2.5,1.4,0.9,3.9,,,,,,,1.2,3,0.1,4,2,7,0.13,0.8,0.06,1.3,0.3,0.8,0.7,1,0.1,0.3,5,,,,,,,,2025/2026,24240,,
"Gerard Moreno",10205,"La Liga",,,246438,7.14,1350,30,23,2.3,0.15,0.57,1.1,2.5,1,1.1,2.7,,,,,,,0.9,,0.3,4,10,10,0.67,6.3,0.42,6.7,1.1,2.6,2.5,3,0.1,0.4,,1,,,,,,,2025/2026,24241,,
"Zaid Abner Romero",8305,"La Liga",,,1118199,,1350,,1,0.1,,,,,,,,1,,,,,,,3,,,1,1,,0.9,,0.3,,,,,,,,,1,,,,,,2025/2026,24242,,
"Be\\u00f1at Turrientes",8560,"La Liga",,,1210647,6.72,1347,40.2,12,0.7,0.05,0.1,1.3,5.4,2.7,1.7,5.2,,,,,,,1.9,7,0.6,1,,3,,0.8,0.05,1.1,0.4,1.3,1.7,,0.4,0.7,3,,,,,,,,2025/2026,24243,,
"Hugo Sotelo",9910,"La Liga",,,1254218,7.02,1342,61.6,26,2.2,0.15,0.16,0.1,4.6,2,1.1,6,,,,,,,1.8,3,0.9,5,,2,,0.1,0.01,0.2,0.1,0.1,2.8,,0.6,0.2,2,,,,,,,,2025/2026,24244,,
"Eray C\\u00f6mert",10267,"La Liga",,,705484,,1339,,6,0.5,,,,,,,,,,,,,,,3,,1,2,3,,1.2,,1.1,,,,,,,1,,1,,,,,,2025/2026,24245,,
"Carlos Esp\\u00ed",8581,"La Liga",,,1610744,7.02,1338,9.3,9,0.4,0.03,0.54,0.8,2.4,0.9,0.9,2.8,,,,,,,2.1,3,0.6,1,11,11,0.74,7.6,0.51,8.5,1.6,3.8,0.1,10,0.1,0.7,,,,,,,,,2025/2026,24246,,
"Hugo \\u00c1lvarez",9910,"La Liga",,,1308414,6.76,1337,35.1,25,1.9,0.13,0.31,1.1,2.3,1,0.6,3,,,,,,,1.1,2,0.7,5,4,6,0.27,2.7,0.18,2.4,0.5,0.9,0.9,3,,0.6,2,,,,,,,,2025/2026,24247,,
"Youssef Enr\\u00edquez",9866,"La Liga",,,1403692,6.64,1332,28.6,16,2.5,0.17,0.22,0.5,4.4,1.1,2.5,4.4,,,,,,,1.6,7,0.7,4,,1,,0.8,0.05,0.6,0.2,0.7,1.8,1,0.1,0.1,1,,,,,,,,2025/2026,24248,,
"Leander Dendoncker",8670,"La Liga",,,424129,,1332,32.2,6,0.5,0.03,0.09,0.3,6,2.4,2.3,3.6,1,,,,,,0.8,2,0.8,,1,1,0.07,0.8,0.05,1.4,0.3,0.6,0.9,1,0.5,0.1,,,,,,,,,2025/2026,24249,,
"Nahuel Molina",9906,"La Liga",,,726345,6.98,1321,38.4,21,1.6,0.11,0.14,1,6.1,2.7,2.2,5.5,,,,,,,1,4,0.9,6,2,4,0.14,0.5,0.03,1.1,0.3,1,1.7,1,0.3,0.4,2,,,,,,,,2025/2026,24250,,
"Oriol Rey",8581,"La Liga",,,914401,,1319,34.3,10,0.5,0.03,0.06,0.1,4.6,1.4,2.3,4.1,,,,,,,1.6,4,0.7,,,1,,0.5,0.03,0.2,0.1,0.5,1.6,,0.3,0.3,1,,,,,,,,2025/2026,24251,,
"Thiago Almada",9906,"La Liga",,,955271,6.73,1312,41,28,2.8,0.19,0.44,1.4,3.1,2,0.4,4.9,1,,,,,,0.9,2,0.5,4,3,4,0.21,3.7,0.25,3.8,0.7,1.4,1.9,5,0.1,1,1,,1,,,,,,2025/2026,24252,,
"Miguel Rom\\u00e1n",9910,"La Liga",,,1359911,6.89,1310,45.1,17,1.4,0.1,0.16,0.2,4.7,1.9,1.6,4.7,,,,,,,1.4,3,0.8,4,1,1,0.07,0.9,0.06,0.7,0.1,0.5,2.9,1,0.5,0.4,,,,,,,,,2025/2026,24253,,
"Guido Rodr\\u00edguez",10267,"La Liga",,,586768,,1308,,7,0.8,,,,,,,,1,,,,,,,4,,1,4,4,,1,,1.3,,,,,,,,,,,,,,,2025/2026,24254,,
"Alexis S\\u00e1nchez",8302,"La Liga",,,50047,6.67,1298,23,26,1.7,0.12,0.38,0.6,2.3,1.5,0.3,4.4,,,,,,,1.1,3,0.5,1,4,6,0.28,3.8,0.26,2.4,0.6,1.7,1,4,,0.7,2,,,,,,,,2025/2026,24255,,
"Sofyan Amrabat",8603,"La Liga",,,593116,,1296,,7,0.5,,,,,,,,,,,,,,,4,,,,,,0.3,,0,,,,,,,,,,,,,,,2025/2026,24256,,
"Robert Navarro",8315,"La Liga",,,1011117,6.57,1294,23.4,24,2.1,0.15,0.42,1.6,2.3,1.1,0.6,3.9,,,,,,,1.3,1,0.5,4,6,7,0.42,3.9,0.27,5.6,0.7,1.5,0.4,,0.1,0.9,1,,,,,,,,2025/2026,24257,,
"\\u00c1ngel P\\u00e9rez",9866,"La Liga",,,1563022,,1290,,24,2.1,,,,,,,,,,,,,,,4,,2,1,4,,1,,0.6,,,,1,,,3,,,,,,,,2025/2026,24258,,
"Andr\\u00e9s Lopez",8302,"La Liga",,,1334767,,1275,45.6,2,0.2,0.01,0.04,0.6,10.1,1.8,5.9,4.6,,,,,,,0.9,4,1.4,,1,1,0.07,0.4,0.03,0.1,0.2,0.7,3.4,,1,,,,,,,,,,2025/2026,24259,,
"Williot Swedberg",9910,"La Liga",,,1272740,6.62,1268,16.2,10,1.3,0.09,0.4,0.7,2.9,2,0.5,2.2,,,,,,,2.1,2,0.3,4,5,10,0.35,4.3,0.3,4.9,0.9,1.6,0.3,4,0.1,0.5,5,,,,,,,,2025/2026,24260,,
"Alejandro Rego",8315,"La Liga",,,1425769,6.57,1265,31.5,11,1.3,0.1,0.14,0.6,6.3,3,1.1,5.1,1,,,,,,2.8,6,1.8,1,1,2,0.07,0.6,0.04,0.8,0.2,0.9,1.8,,0.4,0.6,1,,,,,,,,2025/2026,24261,,
"Thomas Lemar",7732,"La Liga",,,468931,6.66,1259,41.5,19,1.5,0.11,0.25,1.4,2.6,1.9,0.1,4.1,,,,,,,1.4,4,0.4,1,3,4,0.21,1.9,0.14,2.3,0.6,1.2,1.6,1,0.1,0.7,1,,,,,,,,2025/2026,24262,,
"Carlos Vicente",9866,"La Liga",,,1229177,7,1256,27.1,26,2.6,0.19,0.44,0.8,3.6,1.9,1,4.5,,,,,,,0.9,1,0.5,7,5,5,0.36,3.6,0.26,4.1,0.4,0.9,0.5,1,0.1,0.4,,1,,,,,,,2025/2026,24263,,
"Brahim D\\u00edaz",8633,"La Liga",,,750027,6.84,1252,34.6,30,2.5,0.18,0.31,1.8,1.5,1.1,0.3,4.2,,,,,,,1.4,2,0.1,7,1,7,0.07,1.8,0.13,1.7,0.5,1.1,0.6,1,,0.6,6,2,,,,,,,2025/2026,24264,,
"Jon Guridi",9866,"La Liga",,,678192,6.57,1240,26.5,11,0.4,0.03,0.16,0.7,4.4,2.1,1.4,4.6,,,,,,,1.1,1,0.7,,,,,1.8,0.13,0.4,0.3,1.1,0.7,3,0.1,0.2,,1,,,,,,,2025/2026,24265,,
"Eric Bailly",8670,"La Liga",,,574200,,1236,,3,0.2,,,,,,,,,,,,,,,3,,,1,1,,0.3,,0.5,,,,,,,,,,,,,,,2025/2026,24266,,
"Fran P\\u00e9rez",8370,"La Liga",,,1284430,6.48,1234,18.2,13,1.4,0.1,0.27,1,1.9,1.1,0.5,6.2,,,,,,,1.3,4,0.1,3,2,3,0.15,2.2,0.16,1.7,0.6,1.2,0.4,3,0.1,1,1,,,,,,,,2025/2026,24267,,
"Rodrigo Mendoza",9906,"La Liga",,,1419969,6.56,1231,40.1,15,1.1,0.08,0.2,1.5,2.6,1.2,1,4.4,,,,,,,2.2,6,0.3,2,1,2,0.07,1.6,0.12,2.1,0.3,1.2,1.8,1,0.1,0.5,1,,,,,,,,2025/2026,24268,,
"Diego Llorente",8603,"La Liga",,,420568,,1226,,1,0.1,,,,,,,,,,,,,,,5,,,1,1,,0.9,,1.5,,,,1,,,,,,,,,,,2025/2026,24269,,
"Largie Ramazani",10267,"La Liga",,,1077915,6.62,1224,17.2,16,2.2,0.16,0.67,1.6,2.6,1,0.6,3.8,1,,,,,,1.3,4,1,4,6,7,0.44,6.9,0.51,7.5,1.4,3.8,0.7,4,,0.5,1,,,,,,,,2025/2026,24270,,
"C\\u00e9sar Azpilicueta",8302,"La Liga",,,72541,,1218,,3,0.6,,,,,,,,,,,,,,,4,,1,,1,,0,,,,,,,,,1,,,,,,,,2025/2026,24271,,
"Luis V\\u00e1zquez",8305,"La Liga",,,1215735,,1204,,5,0.3,,,,,,,,,,,,,,,2,,,3,4,,2,,2.9,,,,1,,,1,2,,,,,,,2025/2026,24272,,
"Moi G\\u00f3mez",8371,"La Liga",,,262592,6.79,1196,58.1,16,1.8,0.14,0.17,0.9,3.2,1.5,0.8,6.7,1,,,,,,1.5,3,0.8,4,,2,,0.4,0.03,0.1,0.2,0.8,4,,0.1,0.8,2,,,,,,,,2025/2026,24273,,
"Sergi Altimira",8603,"La Liga",,,1310480,6.87,1182,53.3,11,0.8,0.06,0.08,0.3,7.3,3.9,1.5,6,,,,,,,1.1,3,1.6,,1,3,0.08,0.3,0.03,0.9,0.2,0.5,2.6,,0.3,0.5,2,,,,,,,,2025/2026,24274,,
"Jos\\u00e9 Gim\\u00e9nez",9906,"La Liga",,,474589,,1177,,1,0.4,,,,,,,,,,,,,,,4,,1,,1,,1.7,,0.6,,,,3,,,1,1,,,,,,,2025/2026,24275,,
"Fer L\\u00f3pez",9910,"La Liga",,,1573122,,1174,,12,1.5,,,,,,,,,,,,,,,3,,3,1,2,,1.6,,1.4,,,,3,,,1,,,,,,,,2025/2026,24276,,
"Gerard Gumbau",8370,"La Liga",,,522234,6.7,1171,31.1,23,2.2,0.17,0.24,0.5,5.6,2.2,2.2,3.6,1,,,,,,2.9,4,0.8,5,,3,,0.8,0.07,0.6,0.4,1.5,2.2,1,0.5,0.6,3,,,,,,,,2025/2026,24277,,
"Trent Alexander-Arnold",8633,"La Liga",,,760712,,1163,54.2,28,2.9,0.23,0.25,0.4,3.2,1.1,0.8,3.8,,,,,,,0.8,4,1.1,3,,4,,0.3,0.02,0.1,0.2,0.8,6,,0.2,0.1,4,,,,,,,,2025/2026,24278,,
"Dimitri Foulquier",10267,"La Liga",,,261609,,1148,,6,0.3,,,,,,,,1,,,,,,,1,,,,,,0.6,,0.2,,,,,,,,,,,,,,,2025/2026,24279,,
"Kareem Tunde",8581,"La Liga",,,1875615,6.55,1144,13.6,6,0.3,0.03,0.12,1.2,3.2,1.8,0.2,4.2,,,,,,,1.3,3,1.2,1,,1,,1.2,0.09,0.2,0.2,1.7,0.4,1,,0.6,1,,,,,,,,2025/2026,24280,,
"\\u00c9der Militao",8633,"La Liga",,,844415,,1141,,8,0.7,,,,,,,,,,,,,,,2,,2,2,3,,1.8,,2.2,,,,1,,,1,,,,,,,,2025/2026,24281,,
"Bryan Zaragoza",9910,"La Liga",,,1202525,,1135,20.5,18,2.9,0.23,0.39,2.1,1.3,0.8,0.4,2.5,,,,,,,0.6,1,0.2,4,1,2,0.08,2,0.16,2.2,1,2.1,1,,,0.6,1,1,,,,,,,2025/2026,24282,,
"Alem\\u00e3o",8370,"La Liga",,,924300,6.43,1132,10.1,7,0.2,0.02,0.31,0.6,1.7,0.4,1,1.5,,,,,,,1.8,3,0.1,,4,4,0.32,3.7,0.29,3.3,1,2.1,0.2,5,0.2,0.2,,,,,,,,,2025/2026,24283,,
"Iago Aspas",9910,"La Liga",,,174472,6.78,1130,39.7,31,3.9,0.31,0.66,1,2.3,1.2,0.2,3.8,,,,,,,0.4,4,1,9,5,8,0.4,4.5,0.36,5.2,1,2.2,2.7,2,,0.7,3,1,,,,,,,2025/2026,24284,,
"Ayoze P\\u00e9rez",10205,"La Liga",,,479020,6.64,1122,15.6,16,1.1,0.09,0.52,1,2.8,1.8,0.7,1.8,,,,,,,1.4,4,0.3,3,5,9,0.4,5.4,0.43,4.6,0.9,1.9,0.4,5,,0.3,4,,,,,,,,2025/2026,24285,,
"Alejandro Franc\\u00e9s",7732,"La Liga",,,1112511,6.82,1103,49.6,10,1.6,0.13,0.2,0.6,8.6,2,4.9,3.8,,,,,,,1.2,2,1.2,2,,2,,0.8,0.07,0.7,0.3,1.3,3.9,1,0.5,0.2,2,,1,,,,,,2025/2026,24286,,
"Lucas Ahijado",8670,"La Liga",,,687568,,1091,28.1,9,1.1,0.09,0.17,1.3,8.1,3.8,2.6,4,1,,,,,,1.2,3,1.4,2,,1,,0.9,0.08,0.4,0.2,0.8,1.2,2,0.3,0.2,1,,,,,,,,2025/2026,24287,,
"Adri\\u00e0 Pedrosa",10268,"La Liga",,,927646,6.5,1084,29.3,23,1.8,0.15,0.19,0.4,7.5,2.8,3.3,3.1,,,,,,,1.5,4,1.2,4,1,2,0.08,0.6,0.05,1.1,0.2,1,1,1,0.2,0.3,1,,,,,,,,2025/2026,24288,,
"Ronald Araujo",8634,"La Liga",,,921253,6.9,1061,65.4,3,0.4,0.04,0.16,,6.2,1.8,3.2,4.1,1,,,,,,1.4,2,0.8,1,3,3,0.25,1.4,0.12,2.4,0.4,1,1.9,2,0.4,0.3,,,,,,,,,2025/2026,24289,,
"Antonio S\\u00e1nchez",8661,"La Liga",,,1055327,6.27,1060,25.2,12,1,0.08,0.12,0.4,4.9,1.8,1.9,5.8,,,,,,,1.4,3,1,3,,,,0.4,0.03,0.3,0.3,0.5,1.4,1,0.3,0.3,,,1,,,,,,2025/2026,24290,,
"Borja Mayoral",8305,"La Liga",,,635772,,1059,,5,0.3,,,,,,,,,,,,,,,,,1,4,5,,3.1,,3.3,,,,3,,,1,,,,,,,,2025/2026,24291,,
"Umar Sadiq",10267,"La Liga",,,590494,6.43,1054,10.4,10,1.5,0.13,0.42,1.3,1.3,0.7,0.4,2.7,,,,,,,2.7,4,0.1,3,4,6,0.34,3.5,0.3,3.4,0.9,2.5,0.2,6,0.1,0.6,2,3,,,,,,,2025/2026,24292,,
"V\\u00edctor Garc\\u00eda",8581,"La Liga",,,977618,6.78,1040,19.4,14,1.1,0.09,0.26,1.1,4.4,1.9,1.3,4.7,,,,,,,1.1,1,0.9,2,2,3,0.17,2,0.17,3.7,0.7,1.6,0.8,1,0.3,0.4,1,,,,,,,,2025/2026,24293,,
"Franco Mastantuono",8633,"La Liga",,,1607566,6.71,1037,38.4,16,2.3,0.2,0.47,2.2,2.3,1.7,0.3,3.4,,,,,,,1.6,5,0.3,5,1,1,0.09,3.1,0.27,2.7,0.6,2.6,1,3,,0.7,,,1,,,,,,2025/2026,24294,,
"Jos\\u00e9 Salomon Rondon",8670,"La Liga",,,51545,,1037,,5,0.3,,,,,,,,,,,,,,,2,,,2,2,,3,,2.7,,,,4,,,,,,,,,,,2025/2026,24295,,
"Ramon Terrats",8558,"La Liga",,,1202587,6.32,1023,17.3,16,1.1,0.09,0.23,0.8,4,1.9,0.6,3.1,,,,,,,1.3,,1,4,1,3,0.09,1.5,0.13,1.4,0.3,1.3,1,,0.4,0.7,2,,,,,,,,2025/2026,24296,,
"Nicol\\u00e1s Fonseca",8670,"La Liga",,,950599,6.43,1019,42.4,3,0.3,0.03,0.06,0.2,7,3.6,1.4,4.5,,,,,,,2.4,6,1.5,,,,,0.4,0.03,0.9,0.1,0.7,4.8,,0.4,0.6,,,,,,,,,2025/2026,24297,,
"Luka Sucic",8560,"La Liga",,,959597,6.71,1018,32.5,9,0.6,0.05,0.23,1.2,3.5,1.7,1.3,3.8,,,,,,,1,1,0.4,,3,4,0.27,2,0.18,3,0.6,2,3,3,0.1,0.5,1,,,,,,,,2025/2026,24298,,
"Andr\\u00e9 Almeida",10267,"La Liga",,,777028,,1016,45.3,18,1.9,0.17,0.22,1.3,3.5,2,0.4,4.3,,,,,,,1,,0.9,4,,2,,0.6,0.05,0.5,0.3,0.8,3.1,1,0.1,0.3,2,1,,,,,,,2025/2026,24299,,
"Ra\\u00fal Garc\\u00eda",8371,"La Liga",,,1094778,6.5,1013,13.9,12,1.3,0.11,0.68,1.3,3.6,1.3,1.4,2.5,,,,,,,1.1,2,0.6,1,7,8,0.62,6.4,0.57,7.2,2,3.5,0.6,6,0.2,0.7,1,,1,,,,,,2025/2026,24300,,
"Roger Brugu\\u00e9",8581,"La Liga",,,1286471,6.31,1007,18,8,1.3,0.12,0.41,0.8,3.1,1,1.7,2.3,,,,,,,1,1,0.4,2,1,2,0.09,3.3,0.3,3,0.8,2.5,0.3,6,0.1,0.2,1,,1,,,,,,2025/2026,24301,,
"Marc Casad\\u00f3",8634,"La Liga",,,1384883,,981,75,14,0.7,0.07,0.16,0.2,3.3,1.7,0.7,3.8,,,,,,,2.3,1,0.6,,,1,,1,0.09,,,1,1.9,1,0.3,0.1,1,,,,,,,,2025/2026,24302,,
"Peque Fern\\u00e1ndez",8302,"La Liga",,,1132607,6.66,978,27.2,15,0.7,0.07,0.16,1.7,1.6,1.2,0.2,3.8,,,,,,,1.4,8,0.1,,2,3,0.18,1,0.09,2.6,0.6,1.4,1.5,,0.1,0.1,1,,,,,,,,2025/2026,24303,,
"Daniel Carvajal",8633,"La Liga",,,282674,,976,,11,2,,,,,,,,1,,,,,,,,,5,,1,,0.4,,0.2,,,,1,,,1,,,,,,,,2025/2026,24304,,
"Jesus V\\u00e1zquez",10267,"La Liga",,,1220187,6.49,962,26.7,14,0.8,0.07,0.1,2,6,2.2,3,5.1,,,,,,,1.5,2,0.4,2,,,,0.3,0.03,0.2,0.2,0.7,0.8,,0.4,0.5,,,,,,,,,2025/2026,24305,,
"Unai Elgezabal",8581,"La Liga",,,693736,,958,,2,0.4,,,,,,,,1,,,,,,,2,,,1,1,,0.7,,0.2,,,,1,,,,,,,,,,,2025/2026,24306,,
"Gonzalo Garc\\u00eda",8633,"La Liga",,,1413847,6.67,952,19.4,13,1.1,0.11,0.61,0.3,2.2,1,0.9,2.2,,,,,,,0.9,2,0.3,2,6,7,0.57,5.4,0.51,4.9,1,2,0.2,6,,0.9,1,,,,,,,,2025/2026,24307,,
"Jo\\u00e3o Cancelo",8634,"La Liga",,,361757,,952,,15,2,,,,,,,,,,,,,,,1,,6,2,4,,0.5,,0.7,,,,,,,2,1,,,,,,,2025/2026,24308,,
"Iker Mu\\u00f1oz",8371,"La Liga",,,1323863,,949,36.1,5,0.3,0.03,0.06,0.4,4.6,1.1,2.2,4.6,,,,,,,1.7,5,1,,,,,0.3,0.03,0.6,0.4,0.9,2.4,,0.2,0.5,,,,,,,,,2025/2026,24309,,
"Alan Matturro",8581,"La Liga",,,1412942,,941,37.4,4,0.4,0.04,0.1,,10.6,2,7.5,5.3,,,,,,,0.7,,0.6,2,1,2,0.1,0.6,0.06,0.8,0.1,0.8,1.8,,0.6,0.2,1,,1,,,,,,2025/2026,24310,,
"Yoel Lago",9910,"La Liga",,,1578176,,940,,2,0.1,,,,,,,,2,,,,,,,4,,,,,,0,,,,,,,,,,,,,,,,,2025/2026,24311,,
"Marc\\u00e3o",8302,"La Liga",,,753593,,937,,,0.1,,,,,,,,1,,,,,,,2,,,,,,0.7,,0.1,,,,1,,,,,1,,,,,,2025/2026,24312,,
"Juan Foyth",10205,"La Liga",,,833219,,936,,,0.2,,,,,,,,,,,,,,,2,,,,,,0.1,,,,,,,,,,,,,,,,,2025/2026,24313,,
"Tete Morente",10268,"La Liga",,,801213,,933,,11,0.9,,,,,,,,,,,,,,,1,,3,1,2,,0.5,,0.8,,,,,,,1,,,,,,,,2025/2026,24314,,
"Unai G\\u00f3mez",8315,"La Liga",,,1436270,6.26,932,16.2,8,1,0.09,0.3,0.6,2,1.3,0.6,2.8,,,,,,,1.2,1,0.1,,1,2,0.1,2.1,0.21,2.4,0.7,2.2,0.5,3,0.1,0.7,1,,,,,,,,2025/2026,24315,,
"Grady Diangana",10268,"La Liga",,,654091,6.27,929,23.8,10,0.6,0.06,0.18,1,2.9,1.4,0.9,2.6,1,,,,,,1.5,3,0.4,2,1,1,0.1,1.2,0.11,0.4,0.2,1.6,0.3,2,0.3,0.1,,,,,,,,,2025/2026,24316,,
"Fran Garc\\u00eda",8633,"La Liga",,,750028,,929,,5,0.6,,,,,,,,,,,,,,,,,,1,2,,0.8,,1.3,,,,1,,,1,,1,,,,,,2025/2026,24317,,
"Santi Cazorla",8670,"La Liga",,,37436,6.58,925,45.6,27,2.2,0.21,0.25,1.3,3,1.7,0.7,5.7,,,,,,,0.6,2,0.4,3,,1,,0.4,0.04,0.2,0.1,0.7,4.4,,0.3,0.6,1,,1,,,,,,2025/2026,24318,,
"Chidera Ejuke",8302,"La Liga",,,837270,6.74,923,29.4,13,0.9,0.09,0.24,5.6,2.8,1.9,0.3,5.9,,,,,,,0.5,,0.6,1,1,2,0.1,1.6,0.15,0.6,0.3,2.2,1.9,2,0.1,0.7,1,,,,,,,,2025/2026,24319,,
"Thomas Partey",10205,"La Liga",,,434325,6.43,923,46.1,8,0.4,0.04,0.11,0.8,5.3,1.8,1.8,5.4,1,,,,,,1.1,1,1.4,,,,,0.7,0.07,0.1,0.2,1.1,2.1,,0.4,0.7,,,,,,,,,2025/2026,24320,,
"Jofre Carreras",8558,"La Liga",,,1184777,6.41,921,15.6,15,1.4,0.13,0.36,1.6,2.2,0.9,0.8,4,,,,,,,1.3,1,0.6,2,1,1,0.1,2.3,0.23,2,0.7,2.2,0.2,1,,0.3,,,,,,,,,2025/2026,24321,,
"Unai N\\u00fa\\u00f1ez",10267,"La Liga",,,805352,,912,,2,0.5,,,,,,,,,,,,,,,3,,,,,,0.4,,0.1,,,,1,,,,,,,,,,,2025/2026,24322,,
"Arnau Tenas",10205,"La Liga",,,942375,,900,,,0,,,,,,,,,,,,,,,,,,,,,,,,,,,,,,,,,,,,,,2025/2026,24323,,
"Iker Losada",8581,"La Liga",,,1082930,6.62,898,16.2,11,0.9,0.09,0.26,0.6,3.6,1.3,1,3.9,,,,,,,0.6,1,1.1,1,3,4,0.3,1.7,0.17,1.2,0.4,1.4,0.3,2,0.2,0.5,1,,,,,,,,2025/2026,24324,,
"Ilias Akhomach",8370,"La Liga",,,1311915,6.49,893,21.9,13,0.9,0.09,0.29,1.4,3.7,2.4,0.9,3.7,,,,,,,1.8,3,0.2,3,,1,,1.9,0.2,1.2,0.8,2.4,0.9,4,0.2,0.6,1,,,,,,,,2025/2026,24325,,
"Tani Oluwaseyi",10205,"La Liga",,,1338740,6.24,892,7.2,6,0.5,0.05,0.39,0.9,1.9,0.7,0.8,1.7,,,,,,,1.1,1,0.1,3,2,4,0.2,3.4,0.34,3.4,0.7,1.6,0.4,6,0.3,0.3,2,,,,,,,,2025/2026,24326,,
"Johnny Cardoso",9906,"La Liga",,,1173678,,892,,3,0.5,,,,,,,,,,,,,,,5,,1,,,,0.1,,,,,,,,,,,,,,,,,2025/2026,24327,,
"Aihen Mu\\u00f1oz",8560,"La Liga",,,999159,,843,27.5,5,0.5,0.06,0.11,0.4,7.4,3,3.7,3.1,,,,,,,0.7,1,0.5,,1,1,0.11,0.5,0.05,0.4,0.2,0.6,1.1,1,0.1,0.1,,,,,,,,,2025/2026,24329,,
"David L\\u00f3pez",8661,"La Liga",,,1552991,,833,,,0.1,,,,,,,,,,,,,,,2,,,,,,0.3,,,,,,,,,,,,,,,,,2025/2026,24330,,
"Junior Firpo",8603,"La Liga",,,743192,,832,,8,0.7,,,,,,,,,,,,,,,2,,2,,1,,0.5,,,,,,,,,1,,,,,,,,2025/2026,24331,,
"Orri \\u00d3skarsson",8560,"La Liga",,,1097229,,830,8.5,5,0.2,0.02,0.68,0.3,1.6,0.8,0.7,1.3,,,,,,,1.6,5,0.1,2,9,9,0.98,6.1,0.66,8.7,2.1,2.9,0.2,6,0.1,0.3,,,,,,,,,2025/2026,24332,,
"Thiago Fern\\u00e1ndez",8670,"La Liga",,,1460063,,822,,10,2.4,,,,,,,,,,,,,,,4,,4,,4,,0.5,,0.5,,,,,,,4,,,,,,,,2025/2026,24333,,
"Sergio Camello",8370,"La Liga",,,980422,,818,19.6,17,0.9,0.09,0.43,1.9,1.5,1.2,,5.4,,,,,,,0.9,3,0.3,2,5,6,0.55,3.1,0.34,3.6,1.5,3,0.6,5,,0.8,1,,1,,,,,,2025/2026,24334,,
"Unai Vencedor",8581,"La Liga",,,1007717,,818,,12,1.5,,,,,,,,,,,,,,,3,,3,,,,,,,,,,,,,,,1,,,,,,2025/2026,24335,,
"Rodrigo Riquelme",8603,"La Liga",,,1072200,6.47,810,28.6,14,1.2,0.13,0.37,1.2,3.1,1.8,0.8,5.7,,,,,,,0.9,2,0.6,1,1,2,0.11,2.2,0.24,1.7,0.8,2.7,0.8,4,,1,1,,,,,,,,2025/2026,24336,,
"Adama Boiro",8315,"La Liga",,,1331249,,810,,3,0.4,,,,,,,,,,,,,,,1,,,,,,0,,,,,,,,,,,,,,,,,2025/2026,24337,,
"Pau L\\u00f3pez",8603,"La Liga",,,532942,,810,,,0,,,,,,,,,2,,,,,,1,,,,,,,,,,,,,,,,,,,,,,,2025/2026,24338,,
"Rub\\u00e9n S\\u00e1nchez",8558,"La Liga",,,1330035,,805,27.3,9,1.2,0.13,0.16,1.7,5.8,1.3,2.7,4.9,2,,,,,,1.2,2,1.1,2,,1,,0.2,0.03,0,0.1,0.9,1.9,,0.7,0.2,1,,,,,,,,2025/2026,24339,,
"Facundo Garc\\u00e9s",9866,"La Liga",,,845067,,792,,,0.1,,,,,,,,,,,,,,,3,,,,,,0.3,,0.1,,,,1,,,,,,,,,,,2025/2026,24340,,
"Marc Bernal",8634,"La Liga",,,1573126,,787,62.1,5,0.6,0.07,0.19,1.3,6.7,3,2.2,3.3,,,,,,,1.8,5,1.4,2,2,3,0.23,1,0.12,1,0.2,0.8,1.8,1,0.2,0.2,1,,,,,,,,2025/2026,24341,,
"Manu Fern\\u00e1ndez",9910,"La Liga",,,1675505,,759,,2,0.1,,,,,,,,2,,,,,,,2,,,,,,0.1,,,,,,,,,,,,,,,,,2025/2026,24342,,
Calebe,9866,"La Liga",,,1174300,,754,32.8,13,0.4,0.05,0.07,1.9,4.7,3,0.5,6.2,,,,,,,2.1,2,1.1,1,,,,0.1,0.02,0,0.1,0.6,0.7,,0.1,0.7,,,,,,,,,2025/2026,24343,,
"Baptiste Santamar\\u00eda",10267,"La Liga",,,478105,,744,40.2,4,0.8,0.1,0.14,0.7,6.2,1.5,3.6,5.2,,,,,,,1.6,2,0.8,2,1,2,0.12,0.4,0.04,0.9,0.2,0.7,2.8,,0.2,0.6,1,,,,,,,,2025/2026,24344,,
"Obed Vargas",9906,"La Liga",,,1254394,,739,,4,0.4,,,,,,,,,,,,,,,2,,,,1,,0.2,,,,,,,,,1,,,,,,,,2025/2026,24345,,
"Luka Ilic",8670,"La Liga",,,859764,,738,22.8,3,0.5,0.06,0.15,0.5,3.4,1.3,1,3.8,,,,,,,2,2,0.6,,1,1,0.12,0.7,0.08,0.4,0.6,1.1,1.5,3,0.5,0.4,,,1,,,,,,2025/2026,24346,,
"Nelson Deossa",8603,"La Liga",,,1315711,6.67,736,32.6,8,0.3,0.04,0.1,3.5,3.7,1.7,1.3,5,,,,,,,2.2,3,0.6,1,,,,0.5,0.06,,,2.2,1.1,,,0.6,,,,,,,,,2025/2026,24347,,
"Juan Musso",9906,"La Liga",,,389050,,720,,,0,,,,,,,,1,3,,,,,,2,,,,,,,,,,,,,,,,,,,,,,,2025/2026,24348,,
"Wojciech Szczesny",8634,"La Liga",,,169718,,720,,,0,,,,,,,,,,,,,,,,,,,,,,,,,,,,,,,,,,,,,,2025/2026,24349,,
"Aritz Elustondo",8560,"La Liga",,,607148,,718,,1,0.1,,,,,,,,1,,,,,,,,,,,1,,0.4,,0.2,,,,1,,,1,,,,,,,,2025/2026,24350,,
"Gonzalo Villar",10268,"La Liga",,,881773,,718,,2,0.5,,,,,,,,,,,,,,,3,,,1,1,,0.2,,0.8,,,,,,,,,,,,,,,2025/2026,24351,,
"Alex Sancris",8305,"La Liga",,,1323207,,705,,8,1,,,,,,,,,,,,,,,2,,1,,1,,0.4,,0.4,,,,,,,1,,1,,,,,,2025/2026,24352,,
"Ugo Raghouber",8581,"La Liga",,,1335102,,705,,4,0.1,,,,,,,,,,,,,,,1,,,,,,0.1,,,,,,,,,,,,,,,,,2025/2026,24353,,
"Mateu Morey",8661,"La Liga",,,844478,,700,,3,0.4,,,,,,,,1,,,,,,,2,,1,1,1,,0.3,,0.7,,,,,,,,,,,,,,,2025/2026,24354,,
Davinchi,8305,"La Liga",,,1676086,,698,,3,0.5,,,,,,,,,,,,,,,2,,,,,,0.2,,0.2,,,,,,,,,,,,,,,2025/2026,24355,,
"Charles Pickel",8558,"La Liga",,,743720,6.2,693,26.1,2,0.1,0.01,0.12,0.6,4.4,1.7,1.6,3.8,,,,,,,1.9,2,0.8,,1,1,0.13,0.8,0.11,1.6,0.5,1.3,0.8,1,0.4,0.1,,,2,,,,,,2025/2026,24356,,
"Javi Puado",8558,"La Liga",,,846966,,678,,10,0.8,,,,,,,,,,,,,,,2,,2,2,2,,3.5,,3.7,,,,6,,,,,,,,,,,2025/2026,24357,,
Rodrygo,8633,"La Liga",,,895362,,676,39.1,17,2.1,0.28,0.63,2.4,2.7,1.7,0.5,5.1,,,,,,,0.7,3,0.4,7,1,4,0.13,2.6,0.34,3.4,1.5,3.6,0.3,3,,1.1,3,1,,,,,,,2025/2026,24358,,
"Jones El-Abdellaoui",9910,"La Liga",,,1379196,6.3,668,16,9,0.6,0.08,0.43,1.5,2.8,0.8,1.6,3.4,,,,,,,0.9,,0.4,,2,2,0.27,2.6,0.35,1.3,0.5,2.3,0.1,3,,0.3,,,,,,,,,2025/2026,24359,,
"Conor Gallagher",9906,"La Liga",,,966027,6.49,665,43.8,4,0.5,0.07,0.22,0.4,4.9,2.3,0.7,4.7,,,,,,,2.4,2,1.5,1,2,2,0.27,1.1,0.15,1.7,0.7,1.8,0.8,1,0.4,0.9,,,,,,,,,2025/2026,24360,,
"Takuma Asano",8661,"La Liga",,,430856,,659,12.2,3,1.1,0.15,0.42,0.3,2.7,1.9,0.5,3,,,,,,,1.2,2,0.3,2,1,1,0.14,2,0.27,0.7,0.3,2.3,,5,,0.1,,,,,,,,,2025/2026,24361,,
"John Donald",10268,"La Liga",,,1217644,,652,35.5,1,0.1,0.02,0.12,0.3,5.8,2.2,2.5,4.4,,,,,,,2.5,3,1,,1,1,0.14,0.7,0.1,0.7,0.3,0.8,1.1,1,0.1,0.1,,,,,,,,,2025/2026,24362,,
"Tanguy Nianzou",8302,"La Liga",,,1070617,,648,,2,0,,,,,,,,1,,,,,,,5,,,,,,0.5,,,,,,,,,,,1,,,,,,2025/2026,24363,,
"Juan Cruz",8371,"La Liga",,,243419,,646,,2,0.2,,,,,,,,1,,,,,,,2,,,,,,0.4,,,,,,1,,,,,,,,,,,2025/2026,24364,,
"Roony Bardghji",8634,"La Liga",,,1315475,,641,41.8,14,1.9,0.26,0.46,3.1,1.5,0.8,0.4,2.1,,,,,,,1,,0.3,3,1,2,0.14,1.4,0.2,1.4,1.7,3.1,0.6,3,,0.3,1,,,,,,,,2025/2026,24365,,
"Alfon Gonz\\u00e1lez",10205,"La Liga",,,926643,,639,15.2,9,0.4,0.06,0.3,0.8,1.7,0.4,1,3.5,,,,,,,1.4,,0.3,,2,2,0.28,1.8,0.25,2.8,1.4,2.4,0.1,2,,0.3,,,,,,,,,2025/2026,24366,,
"Joseph Aidoo",9910,"La Liga",,,643998,,639,,,0.1,,,,,,,,2,,,,,,,,,,,,,0.2,,,,,,2,,,,,,,,,,,2025/2026,24367,,
"Yangel Herrera",8560,"La Liga",,,730901,,638,,2,0.4,,,,,,,,,,,,,,,2,,,,,,0.4,,0,,,,1,,,,1,,,,,,,2025/2026,24368,,
"Ander Guevara",9866,"La Liga",,,873827,,636,53.2,6,0.5,0.07,0.1,0.7,6.8,1.7,3.8,5.9,,,,,,,1.6,2,1,2,1,2,0.14,0.2,0.03,0.1,0.1,0.7,3,,0.3,0.4,1,,1,,,,,,2025/2026,24369,,
"Ra\\u00fal Moro",8371,"La Liga",,,1169596,,623,,10,1.1,,,,,,,,,,,,,,,,,2,,2,,0.2,,,,,,,,,2,,,,,,,,2025/2026,24370,,
"Ademola Lookman",9906,"La Liga",,,690516,,622,,10,1.1,,,,,,,,,,,,,,,1,,2,4,4,,4.2,,3.4,,,,2,,,,,,,,,,,2025/2026,24371,,
"Claudio Echeverri",7732,"La Liga",,,1486264,,618,,8,0.7,,,,,,,,,,,,,,,4,,2,1,2,,2.2,,1.7,,,,1,,,1,,,,,,,,2025/2026,24372,,
"Carlos Dom\\u00ednguez",9910,"La Liga",,,1254217,,610,,1,0.1,,,,,,,,1,,,,,,,1,,,,,,0.5,,0.8,,,,1,,,,,,,,,,,2025/2026,24373,,
"Y\\u00e1ser Asprilla",7732,"La Liga",,,1277380,,605,,12,1.4,,,,,,,,,,,,,,,,,2,,,,0.6,,0.3,,,,,,,,1,,,,,,,2025/2026,24374,,
"\\u00cd\\u00f1igo Lekue",8315,"La Liga",,,616544,,600,,1,0.2,,,,,,,,1,,,,,,,2,,,,,,0.1,,0,,,,,,,,,2,,,,,,2025/2026,24375,,
"Ibrahim Diabate",9866,"La Liga",,,1104401,,581,,2,0.1,,,,,,,,,,,,,,,1,,,2,2,,1.8,,2.3,,,,3,,,,,,,,,,,2025/2026,24379,,
"Iv\\u00e1n Balliu",8370,"La Liga",,,264885,,578,,3,0.3,,,,,,,,,,,,,,,2,,,,,,0.4,,,,,,1,,,,,,,,,,,2025/2026,24380,,
Gavi,8634,"La Liga",,,1279040,,574,,8,0.3,,,,,,,,1,,,,,,,3,,1,,1,,,,,,,,,,,1,,,,,,,,2025/2026,24381,,
"C\\u00e9dric Bakambu",8603,"La Liga",,,201939,,562,,4,0.5,,,,,,,,,,,,,,,1,,2,3,4,,3.4,,3.7,,,,5,,,1,,,,,,,,2025/2026,24382,,
Josan,10268,"La Liga",,,623982,,554,35.9,21,2.6,0.43,0.47,1.1,3.7,1.9,0.8,3.9,,,,,,,0.8,2,0.8,4,,3,,0.3,0.04,0.2,0.2,0.5,1.6,,0.2,0.3,3,,,,,,,,2025/2026,24383,,
"\\u00c1lvaro Fidalgo",8603,"La Liga",,,895954,,547,,4,0.2,,,,,,,,,,,,,,,,,,1,1,,0.5,,1,,,,,,,,,,,,,,,2025/2026,24384,,
"Javi Mu\\u00f1oz",8305,"La Liga",,,616531,,545,,7,0.8,,,,,,,,,,,,,,,,,,,,,0.4,,0.2,,,,,,,,,,,,,,,2025/2026,24385,,
"Mouctar Diakhaby",10267,"La Liga",,,561198,,544,,1,0.1,,,,,,,,,,,,,,,3,,,1,1,,0.5,,0.9,,,,,,,,1,,,,,,,2025/2026,24386,,
"Buba Sangar\\u00e9",10268,"La Liga",,,1583872,,541,,1,0.1,,,,,,,,,,,,,,,3,,1,,,,0.1,,,,,,,,,,,,,,,,,2025/2026,24387,,
"Andriy Lunin",8633,"La Liga",,,800882,,540,,,0,,,,,,,,,1,,,,,,,,,,,,,,,,,,,,,,,1,,,,,,2025/2026,24388,,
"Diego Pamp\\u00edn",8581,"La Liga",,,881124,,534,,3,0.3,,,,,,,,,,,,,,,3,,,,,,0.2,,,,,,,,,,,,,,,,,2025/2026,24389,,
"Allan Nyom",8305,"La Liga",,,213809,,524,,5,1,,,,,,,,,,,,,,,6,,1,,1,,0.2,,0.4,,,,,,,1,,1,,,,,,2025/2026,24390,,
"Yeray \\u00c1lvarez",8315,"La Liga",,,639450,,514,,3,0.2,,,,,,,,1,,,,,,,,,,,,,0.1,,,,,,,,,,,,,,,,,2025/2026,24391,,
"Zito Luvumbo",8661,"La Liga",,,1089744,,509,,9,0.8,,,,,,,,,,,,,,,2,,2,,2,,0.6,,1.9,,,,2,,,2,,,,,,,,2025/2026,24392,,
"Josip Brekalo",8670,"La Liga",,,688668,,483,,11,1.1,,,,,,,,1,,,,,,,1,,3,,,,0.3,,0.1,,,,,,,,,,,,,,,2025/2026,24393,,
"Dani Ceballos",8633,"La Liga",,,531629,,482,,9,0.7,,,,,,,,,,,,,,,1,,,,,,0,,,,,,,,,,,,,,,,,2025/2026,24394,,
"H\\u00e9ctor Fort",10268,"La Liga",,,1490110,,482,,4,0.2,,,,,,,,,,,,,,,,,,2,4,,0.6,,1.2,,,,1,,,2,,,,,,,,2025/2026,24395,,
Portu,7732,"La Liga",,,282692,,473,,3,0.6,,,,,,,,,,,,,,,1,,,,,,1.4,,2.3,,,,3,,,,,,,,,,,2025/2026,24396,,
"Paco Cort\\u00e9s",8581,"La Liga",,,1649293,,471,,6,0.6,,,,,,,,,,,,,,,2,,2,,,,0.5,,0.4,,,,,,,,,,,,,,,2025/2026,24397,,
"Luiz Felipe",8370,"La Liga",,,672840,,470,,1,0,,,,,,,,,,,,,,,1,,,,,,0.4,,0.1,,,,,,,,,,,,,,,2025/2026,24398,,
"Carlos Mart\\u00edn",8370,"La Liga",,,1282015,,452,,3,0.2,,,,,,,,,,,,,,,1,,1,,,,1.3,,1.5,,,,1,,,,,,,,,,,2025/2026,24399,,
"Lucas Bergstr\\u00f6m",8661,"La Liga",,,1096396,,450,,,0,,,,,,,,,2,,,,,,1,,,,,,,,,,,,,,,,,,,,,,,2025/2026,24400,,
"\\u00d8rjan H\\u00e5skjold Nyland",8302,"La Liga",,,73409,,450,,,0,,,,,,,,,1,,,,,,1,,,,,,,,,,,,,,,,,,,,,,,2025/2026,24401,,
"Arsen Zakharyan",8560,"La Liga",,,1175610,,448,,10,1.3,,,,,,,,,,,,,,,2,,3,,,,1,,0.8,,,,2,,,,,,,,,,,2025/2026,24402,,
"Mikel Vesga",8315,"La Liga",,,616545,,444,44,4,0.2,0.04,0.07,1.4,7.5,3.6,2,7.7,,,,,,,1.6,,1.8,,,,,0.1,0.03,,,0.6,3.6,1,,1.4,,,,,,,,,2025/2026,24403,,
"Jozhua Vertrouwd",8370,"La Liga",,,1255090,,441,,2,0,,,,,,,,,,,,,,,,,,,,,0,,,,,,,,,,,,,,,,,2025/2026,24404,,
"Marash Kumbulla",8661,"La Liga",,,872362,,438,,1,0,,,,,,,,,,,,,,,1,,,,,,0.1,,,,,,,,,,,,,,,,,2025/2026,24405,,
"Cyril Ngonge",8558,"La Liga",,,994403,,426,,8,1,,,,,,,,,,,,,,,4,,4,,2,,0.5,,0.3,,,,1,,,2,,,,,,,,2025/2026,24406,,
"Enrique Barja",8371,"La Liga",,,574624,,424,19.3,11,1.4,0.3,0.5,1.3,2.8,1.1,1.1,2.5,,,,,,,2.3,4,0.4,,2,4,0.42,0.9,0.2,1.6,0.8,1.7,1.7,,0.2,0.8,2,,,,,,,,2025/2026,24407,,
"David Alaba",8633,"La Liga",,,121633,,421,,,0.1,,,,,,,,,,,,,,,1,,,,,,0.2,,0.1,,,,,,,,,,,,,,,2025/2026,24408,,
"Andreas Christensen",8634,"La Liga",,,449232,,401,,1,0.1,,,,,,,,,,,,,,,2,,,,,,0.3,,1,,,,1,,,,,,,,,,,2025/2026,24409,,
"Lucas Cepeda",10268,"La Liga",,,1280756,,399,,6,0.7,,,,,,,,,,,,,,,1,,,1,1,,0.9,,1.2,,,,1,,,,,,,,,,,2025/2026,24410,,
"Cristhian Stuani",7732,"La Liga",,,58294,,396,9.5,2,0.5,0.12,1.34,0.5,2,1.1,0.7,1.8,,,,,,,2.7,4,0.2,,5,5,1.14,5.4,1.22,7.4,2.7,4.3,,6,,,,2,,,,,,,2025/2026,24411,,
"Pablo Garc\\u00eda",8603,"La Liga",,,1662379,,378,,2,0.1,,,,,,,,,,,,,,,1,,,,,,1.4,,0.6,,,,1,,,,,,,,,,,2025/2026,24412,,
"Jhon Sol\\u00eds",7732,"La Liga",,,1433032,,374,,1,0.1,,,,,,,,,,,,,,,,,,,,,0.2,,0.8,,,,,,,,,,,,,,,2025/2026,24413,,
"Sebasti\\u00e1n Boselli",8305,"La Liga",,,1414777,,374,,1,0.1,,,,,,,,,,,,,,,3,,1,,,,0.4,,0.3,,,,1,,,,,,,,,,,2025/2026,24414,,
"Ezequiel \\u00c1vila",8603,"La Liga",,,361724,,371,,9,0.6,,,,,,,,,,,,,,,4,,,1,1,,1.6,,0.8,,,,2,,,,,,,,,,,2025/2026,24415,,
"Randy Nteka",8370,"La Liga",,,915264,,367,,4,0.1,,,,,,,,,,,,,,,3,,,3,3,,2.5,,2,,,,5,,,,,,,,,,,2025/2026,24416,,
"Jorge Cabello",8581,"La Liga",,,1617146,,364,,,0,,,,,,,,,,,,,,,1,,,,,,,,,,,,,,,,,,,,,,,2025/2026,24417,,
"Dani C\\u00e1rdenas",8370,"La Liga",,,1041445,,360,,,0,,,,,,,,,1,,,,,,,,,,,,,,,,,,,,,,,,,,,,,2025/2026,24418,,
"Nico Serrano",8315,"La Liga",,,1203614,,356,,10,1.1,,,,,,,,,,,,,,,,,1,1,1,,0.7,,0.8,,,,,,,,,,,,,,,2025/2026,24419,,
"Renzo Saravia",10267,"La Liga",,,433819,,353,,1,0,,,,,,,,1,,,,,,,2,,,,,,0,,,,,,,,,,,,,,,,,2025/2026,24420,,
"Alex For\\u00e9s",8670,"La Liga",,,1304120,,351,,1,0.1,,,,,,,,,,,,,,,,,,,1,,1.2,,0.3,,,,2,,,1,,,,,,,,2025/2026,24421,,
"Jos\\u00e9 Luis Morales",8581,"La Liga",,,477472,,346,24.7,7,0.5,0.14,0.71,2.3,4.9,2.6,1,6.5,,,,,,,0.8,1,0.8,2,1,2,0.26,2.2,0.57,1.5,1,2.9,0.3,4,0.5,0.8,1,,,,,,,,2025/2026,24422,,
"Alex Freeman",10205,"La Liga",,,1338696,,340,,1,0.1,,,,,,,,,,,,,,,,,,,,,0,,,,,,,,,,,,,,,,,2025/2026,24423,,
"Coba da Costa",8305,"La Liga",,,1676905,,339,,3,0.6,,,,,,,,,,,,,,,1,,,,,,0.3,,0.1,,,,,,,,,,,,,,,2025/2026,24424,,
"Asier Osambela",8371,"La Liga",,,1431121,,333,,3,0.1,,,,,,,,,,,,,,,1,,1,1,1,,0.4,,0.2,,,,,,,,,1,,,,,,2025/2026,24425,,
"Carlos Protesoni",9866,"La Liga",,,799914,,318,,3,0.3,,,,,,,,,,,,,,,,,,,,,0.2,,0.4,,,,,,,,,1,,,,,,2025/2026,24426,,
"Adnan Januzaj",8302,"La Liga",,,449241,,315,,11,0.9,,,,,,,,1,,,,,,,1,,,,,,0.3,,,,,,,,,,,,,,,,,2025/2026,24427,,
"Julio D\\u00edaz",9906,"La Liga",,,1447089,,311,,6,0.4,,,,,,,,,,,,,,,2,,1,,1,,0,,,,,,,,,1,,,,,,,,2025/2026,24428,,
"F\\u00e1bio Cardoso",8302,"La Liga",,,361751,,298,,,0,,,,,,,,1,,,,,,,,,,,,,,,,,,,,,,,,,,,,,,2025/2026,24429,,
"Javier Bo\\u00f1ar",9906,"La Liga",,,1367926,,298,,2,0.3,,,,,,,,,,,,,,,,,,1,1,,0.3,,0.9,,,,,,,,,,,,,,,2025/2026,24430,,
"David L\\u00f3pez",7732,"La Liga",,,215584,,293,,,0,,,,,,,,,,,,,,,,,,,,,0.6,,0.8,,,,1,,,,,,,,,,,2025/2026,24431,,
"Mariano D\\u00edaz",9866,"La Liga",,,518525,,282,,2,0.2,,,,,,,,,,,,,,,1,,2,,,,0.2,,0.4,,,,,,,,,,,,,,,2025/2026,24432,,
"Maroan Sannadi",8315,"La Liga",,,1425206,,281,,3,0.1,,,,,,,,,,,,,,,1,,1,1,1,,1.1,,1.1,,,,,,,,,,,,,,,2025/2026,24433,,
"Ville Koski",9866,"La Liga",,,1056461,,281,,1,0.2,,,,,,,,,,,,,,,,,,,,,0,,0,,,,,,,,,,,,,,,2025/2026,24434,,
"Antoniu Roca",8558,"La Liga",,,1323403,,280,,4,0.4,,,,,,,,,,,,,,,2,,,,,,0.2,,0,,,,,,,,,,,,,,,2025/2026,24435,,
"Yago Santiago",10268,"La Liga",,,1137497,,278,,2,0.2,,,,,,,,,,,,,,,1,,,,,,0.1,,,,,,,,,,,1,,,,,,2025/2026,24436,,