row_id,name,league,apps,minutes,team_id,atk_goals,atk_xg,atk_goals_vs_xg,atk_shots,atk_shots_on_target,atk_conversion_pct,atk_xg_per_shot,def_tackles,def_interceptions,def_possession_won,def_blocks,def_clearances,def_ground_duels_total,def_ground_duels_won,def_ground_duels_pct,def_aerial_duels_total,def_aerial_duels_won,def_aerial_duels_pct,pass_total,pass_accuracy_pct,pass_open_play_total,pass_open_play_pct,pass_final_third,pass_crosses,pass_long_total,pass_long_successful,pass_long_pct,pass_through_balls,carry_all_carries,carry_progressive,carry_distance_m,carry_avg_distance_m,carry_prog_distance_m,carry_prog_avg_distance_m,carry_lead_to_shot,carry_lead_to_goal,carry_lead_to_chance,carry_lead_to_assist,gk_goals_conceded,gk_saves,gk_save_pct,gk_xgot_conceded,gk_goals_prevented,gk_goals_prevented_rate,norm_name,source,season
178620961600000,"Erling Haaland","Premier League",35,2958,a3nyxabgsqlnqfkeg41m6tnpp,27,25.39,1.61,126,59,21.43,0.2,15,5,41,1,42,123,57,46.3,118,73,61.9,384,65.6,186,57.5,252,107,3,1,33.3,6,126,76,1483.6,11.8,839.1,11.0,25,6,6,0,,,,,,,,,2025/2026
178620961600001,"Igor Thiago","Premier League",38,3284,7yx5dqhhphyvfisohikodajhv,22,20.58,1.42,84,43,26.19,0.25,38,12,93,7,64,234,91,38.9,291,112,38.5,630,69.2,240,61.3,436,147,19,7,36.8,4,178,87,2071.3,11.6,986.8,11.3,16,3,5,0,,,,,,,,,2025/2026
178620961600002,"Dominic Calvert-Lewin","Premier League",35,2726,48gk2hpqtsl6p9sx9kjhaydq4,14,15.81,-1.81,74,34,18.92,0.21,10,4,46,6,36,149,56,37.6,317,128,40.4,460,58.5,244,53.3,269,130,10,1,10.0,1,108,52,1232.1,11.4,538.4,10.4,10,1,3,0,,,,,,,,,2025/2026
178620961600003,"Ollie Watkins","Premier League",37,2852,b496gs285it6bheuikox6z9mj,16,15.14,0.86,83,38,19.28,0.18,22,6,49,2,15,189,80,42.3,93,36,38.7,476,72.7,234,70.1,346,164,7,2,28.6,3,185,110,2267.3,12.3,1330.3,12.1,28,2,6,0,,,,,,,,,2025/2026
178620961600004,"João Pedro","Premier League",35,2674,9q0arba2kbnywth8bkxlhgmdr,15,14.96,0.04,73,28,20.55,0.2,27,7,72,4,27,252,122,48.4,154,74,48.1,693,75.3,287,68.3,522,196,18,1,5.6,14,285,135,3167.3,11.1,1515.0,11.2,14,2,6,0,,,,,,,,,2025/2026
178620961600005,"Jean-Philippe Mateta","Premier League",32,2222,1c8m2ko0wxq1asfkuykurdr0y,12,14.51,-2.51,63,32,19.05,0.23,10,6,57,5,46,127,43,33.9,165,67,40.6,315,62.2,140,47.9,196,67,11,5,45.5,4,113,66,1249.8,11.1,637.8,9.7,10,0,2,0,,,,,,,,,2025/2026
178620961600006,"Danny Welbeck","Premier League",37,2263,e5p0ehyguld7egzhiedpdnc3w,13,12.44,0.56,56,28,23.21,0.22,24,9,51,0,30,122,45,36.9,56,19,33.9,486,79.4,198,71.7,386,142,2,0,0.0,5,120,47,1221.5,10.2,417.1,8.9,6,1,3,0,,,,,,,,,2025/2026
178620961600007,"Viktor Gyökeres","Premier League",36,2230,4dsgumo7d4zupm2ugsvm4zm4d,14,12.4,1.6,55,22,25.45,0.23,7,1,55,3,19,137,44,32.1,97,30,30.9,319,62.4,198,60.1,199,119,8,3,37.5,4,118,63,1373.6,11.6,720.5,11.4,7,2,2,0,,,,,,,,,2025/2026
178620961600008,"Bryan Mbeumo","Premier League",33,2621,6eqit8ye8aomdsrrq0hk3v7gh,11,12.19,-1.19,73,32,15.07,0.17,25,8,91,1,14,173,71,41.0,92,15,16.3,796,79.0,395,74.9,629,296,56,15,26.8,13,271,144,3120.9,11.5,1510.7,10.5,12,2,11,2,,,,,,,,,2025/2026
178620961600009,"Kevin Schade","Premier League",35,2757,7yx5dqhhphyvfisohikodajhv,8,12.18,-4.18,57,24,14.04,0.21,41,18,94,3,31,258,103,39.9,173,87,50.3,527,67.7,235,61.7,357,145,21,4,19.1,4,218,144,2965.0,13.6,1856.4,12.9,12,3,9,1,,,,,,,,,2025/2026
178620961600010,"Raúl Jiménez","Premier League",36,2199,hzqh7z0mdl3v7gwete66syxp,9,11.5,-2.5,74,19,12.16,0.16,35,8,55,2,30,177,78,44.1,212,85,40.1,518,63.5,186,58.6,329,109,7,2,28.6,1,131,57,1351.2,10.3,444.7,7.8,7,0,3,0,,,,,,,,,2025/2026
178620961600011,"Enzo Fernández","Premier League",36,3121,9q0arba2kbnywth8bkxlhgmdr,10,11.29,-1.29,72,31,13.89,0.16,53,21,140,2,28,258,111,43.0,52,26,50.0,2040,86.0,743,77.3,1755,574,45,6,13.3,25,527,257,5392.1,10.2,2613.6,10.2,6,0,14,1,,,,,,,,,2025/2026
178620961600012,"Antoine Semenyo","Premier League",37,3200,a3nyxabgsqlnqfkeg41m6tnpp,17,11.09,5.91,83,41,20.48,0.13,45,13,143,7,29,335,125,37.3,120,59,49.2,936,80.0,459,74.3,749,341,49,8,16.3,5,458,244,6071.2,13.3,2836.5,11.6,26,4,18,3,,,,,,,,,2025/2026
178620961600013,"Ismaïla Sarr","Premier League",28,2176,1c8m2ko0wxq1asfkuykurdr0y,9,10.91,-1.91,48,21,18.75,0.23,18,8,80,3,28,152,71,46.7,89,24,27.0,474,71.3,214,63.5,338,136,24,3,12.5,2,186,130,2518.2,13.5,1645.5,12.7,11,1,7,1,,,,,,,,,2025/2026
178620961600014,"Morgan Gibbs-White","Premier League",37,3110,1qtaiy11gswx327s0vkibf70n,15,10.84,4.16,83,32,18.07,0.13,20,13,110,3,32,205,89,43.4,117,41,35.0,1208,81.1,583,75.3,980,439,42,9,21.4,10,342,197,4067.1,11.9,2330.7,11.8,10,1,14,1,,,,,,,,,2025/2026
178620961600015,"Bruno Fernandes","Premier League",35,3066,6eqit8ye8aomdsrrq0hk3v7gh,9,10.83,-1.83,85,24,10.59,0.13,54,20,167,5,42,218,103,47.2,54,21,38.9,1994,82.2,871,76.0,1639,662,76,23,30.3,39,384,216,4222.8,11.0,2427.5,11.2,12,0,17,3,,,,,,,,,2025/2026
178620961600016,Evanilson,"Premier League",36,2759,1pse9ta7a45pi2w2grjim70ge,6,10.59,-4.59,70,22,8.57,0.15,13,8,80,5,29,152,66,43.4,132,47,35.6,465,76.6,194,70.6,356,137,4,0,0.0,3,144,62,1637.3,11.4,630.8,10.2,12,1,5,0,,,,,,,,,2025/2026
178620961600017,"Cole Palmer","Premier League",26,1965,9q0arba2kbnywth8bkxlhgmdr,10,10.56,-0.56,64,25,15.62,0.17,25,15,83,0,12,186,84,45.2,4,0,0.0,820,85.7,376,80.3,703,302,34,5,14.7,7,316,181,3954.7,12.5,2115.9,11.7,17,1,11,0,,,,,,,,,2025/2026
178620961600018,"Hugo Ekitiké","Premier League",28,1810,c8h9bw1l82s06h77xxrelzhur,11,9.87,1.13,65,19,16.92,0.15,11,3,42,2,27,157,61,38.9,82,31,37.8,400,76.8,225,72.0,307,162,8,1,12.5,2,176,93,2118.0,12.0,1132.4,12.2,21,3,9,2,,,,,,,,,2025/2026
178620961600019,"Benjamin Sesko","Premier League",30,1635,6eqit8ye8aomdsrrq0hk3v7gh,11,9.2,1.8,61,34,18.03,0.15,5,3,38,2,15,88,21,23.9,121,64,52.9,306,69.0,110,58.2,211,64,2,0,0.0,2,71,33,706.9,10.0,273.6,8.3,7,0,3,1,,,,,,,,,2025/2026
178620961600020,"Marcus Tavernier","Premier League",34,2738,1pse9ta7a45pi2w2grjim70ge,7,9.06,-2.06,70,24,10.0,0.13,40,17,150,6,39,257,114,44.4,62,24,38.7,1128,83.6,535,79.3,943,424,67,9,13.4,11,419,206,4905.5,11.7,2349.4,11.4,22,0,19,0,,,,,,,,,2025/2026
178620961600021,Beto,"Premier League",37,1565,ehd2iemqmschhj2ec0vayztzz,9,8.91,0.09,43,17,20.93,0.21,15,1,26,4,43,130,41,31.5,207,92,44.4,208,62.0,82,54.9,129,45,2,0,0.0,0,70,35,825.2,11.8,323.2,9.2,4,0,1,0,,,,,,,,,2025/2026
178620961600022,"Anthony Gordon","Premier League",26,1814,7vn2i2kd35zuetw6b38gw9jsz,6,8.83,-2.83,48,20,12.5,0.18,19,3,57,0,13,179,92,51.4,34,8,23.5,517,81.8,268,75.8,423,203,67,14,20.9,4,271,156,3639.8,13.4,2040.0,13.1,13,0,8,2,,,,,,,,,2025/2026
178620961600023,"Cody Gakpo","Premier League",36,2747,c8h9bw1l82s06h77xxrelzhur,7,8.46,-1.46,87,21,8.05,0.1,28,13,87,4,21,224,106,47.3,110,56,50.9,750,78.5,434,78.1,589,339,56,7,12.5,5,392,213,4568.6,11.7,2038.7,9.6,41,2,16,1,,,,,,,,,2025/2026
178620963708730,"Jack Walton","League Two",1,90,dmz37633qbsvl7gncq5s51yjw,,,,,,,,,,,,,,,,,,,,,,,,,,,,,,,,,,,,,,,0,1,100.0,0.3,0.3,0.0,,,2025/2026
178620961600024,"Junior Kroupi","Premier League",33,1683,1pse9ta7a45pi2w2grjim70ge,13,8.35,4.65,52,22,25.0,0.16,9,9,61,0,33,112,36,32.1,30,8,26.7,467,76.0,180,66.7,355,120,11,1,9.1,4,120,52,1215.6,10.1,401.5,7.7,9,2,4,0,,,,,,,,,2025/2026
178620961600025,"Mohamed Salah","Premier League",27,2148,c8h9bw1l82s06h77xxrelzhur,7,8.16,-1.16,68,19,10.29,0.12,17,4,81,1,7,174,52,29.9,27,8,29.6,793,76.9,486,72.8,610,354,59,8,13.6,15,306,181,3655.9,11.9,1885.5,10.4,25,3,14,1,,,,,,,,,2025/2026
178620961600026,"Thierno Barry","Premier League",38,1915,ehd2iemqmschhj2ec0vayztzz,8,8.15,-0.15,38,14,21.05,0.21,6,5,35,4,25,116,23,19.8,284,130,45.8,362,60.5,170,52.9,219,90,4,1,25.0,2,89,54,1092.2,12.3,650.6,12.0,6,1,5,0,,,,,,,,,2025/2026
178620961600027,Richarlison,"Premier League",32,1957,22doj4sgsocqpxw45h607udje,11,8.09,2.91,61,26,18.03,0.13,27,5,61,3,51,155,70,45.2,173,69,39.9,317,62.1,165,60.0,197,99,18,0,0.0,2,96,54,1010.6,10.5,485.5,9.0,10,0,0,0,,,,,,,,,2025/2026
178620961600028,"Zian Flemming","Premier League",29,1776,64bxxwu2mv2qqlv0monbkj1om,11,7.87,3.13,53,21,20.75,0.15,17,7,33,5,37,122,46,37.7,152,68,44.7,277,65.0,123,53.7,180,66,6,1,16.7,3,58,26,560.9,9.7,184.1,7.1,6,0,3,0,,,,,,,,,2025/2026
178620961600029,"Dango Ouattara","Premier League",32,2279,7yx5dqhhphyvfisohikodajhv,7,7.72,-0.72,56,20,12.5,0.14,24,24,85,0,52,218,86,39.5,107,52,48.6,485,63.1,245,54.3,306,133,82,11,13.4,5,233,153,3063.3,13.1,1856.2,12.1,15,1,9,2,,,,,,,,,2025/2026
178620961600030,"Callum Wilson","Premier League",32,1243,4txjdaqveermfryvbfrr4taf7,7,7.66,-0.66,38,16,18.42,0.2,4,3,28,2,5,83,31,37.3,64,19,29.7,156,64.7,83,61.5,101,51,5,1,20.0,0,56,36,634.3,11.3,429.0,11.9,10,1,3,1,,,,,,,,,2025/2026
178620961600031,"Bukayo Saka","Premier League",31,2225,4dsgumo7d4zupm2ugsvm4zm4d,7,7.55,-0.55,71,27,9.86,0.11,41,16,117,1,11,275,145,52.7,52,22,42.3,773,76.7,453,75.3,593,341,67,21,31.3,3,400,207,4763.2,11.9,2192.8,10.6,30,3,26,4,,,,,,,,,2025/2026
178620961600032,"Jarrod Bowen","Premier League",38,3405,4txjdaqveermfryvbfrr4taf7,9,7.26,1.74,79,28,11.39,0.09,50,27,159,6,39,337,152,45.1,90,33,36.7,793,73.8,382,65.7,585,251,90,13,14.4,6,395,269,5225.2,13.2,3386.7,12.6,27,2,18,4,,,,,,,,,2025/2026
178620961600033,"Lukas Nmecha","Premier League",31,1073,48gk2hpqtsl6p9sx9kjhaydq4,6,7.23,-1.23,30,16,20.0,0.24,12,3,31,1,11,79,35,44.3,81,32,39.5,216,65.7,96,58.3,142,56,10,0,0.0,0,72,40,896.3,12.4,513.1,12.8,5,1,2,0,,,,,,,,,2025/2026
178620961600034,"Harvey Barnes","Premier League",37,1961,7vn2i2kd35zuetw6b38gw9jsz,7,7.07,-0.07,58,21,12.07,0.12,13,3,67,1,16,133,49,36.8,23,7,30.4,585,80.7,318,76.7,472,244,74,15,20.3,2,285,161,3402.3,11.9,1885.7,11.7,12,0,5,1,,,,,,,,,2025/2026
178620961600035,"Matheus Cunha","Premier League",33,2503,6eqit8ye8aomdsrrq0hk3v7gh,10,7.06,2.94,90,35,11.11,0.08,39,21,127,3,22,279,136,48.7,74,28,37.8,880,80.5,374,75.7,708,283,43,11,25.6,9,406,239,5143.6,12.7,3183.2,13.3,35,3,11,2,,,,,,,,,2025/2026
178620961600036,"Florian Wirtz","Premier League",33,2388,c8h9bw1l82s06h77xxrelzhur,5,7.02,-2.02,51,18,9.8,0.14,34,11,115,2,13,201,92,45.8,47,7,14.9,1421,84.5,730,80.1,1201,585,18,0,0.0,12,354,152,3809.4,10.8,1360.5,9.0,12,1,21,1,,,,,,,,,2025/2026
178620961600037,"Morgan Rogers","Premier League",37,3285,b496gs285it6bheuikox6z9mj,10,6.78,3.22,84,32,11.9,0.08,42,13,139,2,32,354,132,37.3,88,26,29.5,1068,74.6,529,70.9,797,375,49,3,6.1,20,415,223,4900.5,11.8,2520.4,11.3,30,3,16,1,,,,,,,,,2025/2026
178620961600038,"Iliman Ndiaye","Premier League",32,2786,ehd2iemqmschhj2ec0vayztzz,6,6.71,-0.71,43,22,13.95,0.16,70,16,178,2,19,362,180,49.7,47,11,23.4,941,84.0,413,79.2,790,327,55,7,12.7,3,476,250,5804.3,12.2,2462.1,9.8,22,2,12,1,,,,,,,,,2025/2026
178620961600039,"Igor Jesus","Premier League",37,2314,1qtaiy11gswx327s0vkibf70n,6,6.64,-0.64,70,21,8.57,0.09,24,3,61,5,30,188,74,39.4,207,80,38.6,458,72.7,172,63.4,333,109,10,3,30.0,1,129,68,1308.3,10.1,673.7,9.9,11,1,2,0,,,,,,,,,2025/2026
178620961600040,"Nick Woltemade","Premier League",33,1912,7vn2i2kd35zuetw6b38gw9jsz,8,6.59,1.41,32,13,25.0,0.21,24,5,53,2,21,150,57,38.0,91,35,38.5,384,76.3,169,68.0,293,115,3,0,0.0,4,109,47,1150.6,10.6,380.6,8.1,1,0,4,0,,,,,,,,,2025/2026
178620961600041,"Diego Gómez","Premier League",32,2136,e5p0ehyguld7egzhiedpdnc3w,5,6.29,-1.29,42,14,11.9,0.15,78,18,112,3,28,233,107,45.9,92,55,59.8,753,78.0,250,66.4,587,166,20,6,30.0,2,193,95,2090.2,10.8,923.0,9.7,3,0,6,0,,,,,,,,,2025/2026
178620961600042,"Phil Foden","Premier League",33,2084,a3nyxabgsqlnqfkeg41m6tnpp,7,6.15,0.85,55,19,12.73,0.11,34,9,102,3,12,176,90,51.1,24,6,25.0,1210,88.2,463,80.6,1067,373,23,4,17.4,13,301,137,3027.5,10.1,1183.2,8.6,14,1,7,1,,,,,,,,,2025/2026
178620961600043,"Nico O'Reilly","Premier League",34,2648,a3nyxabgsqlnqfkeg41m6tnpp,5,6.03,-1.03,41,15,12.2,0.15,68,20,109,11,72,246,110,44.7,97,51,52.6,1354,86.2,402,81.1,1167,326,38,9,23.7,1,368,213,4290.9,11.7,2464.6,11.6,6,1,5,0,,,,,,,,,2025/2026
178620961600044,"Brian Brobbey","Premier League",31,1931,1r3545b2dzan8yqa80gtmcjch,7,5.94,1.06,36,18,19.44,0.16,9,0,44,6,15,123,47,38.2,139,65,46.8,275,72.0,133,61.6,198,82,2,0,0.0,0,87,39,892.4,10.3,248.8,6.4,6,1,2,0,,,,,,,,,2025/2026
178620961600045,"Harry Wilson","Premier League",36,2691,hzqh7z0mdl3v7gwete66syxp,10,5.83,4.17,78,25,12.82,0.07,29,15,82,3,48,159,84,52.8,25,5,20.0,777,81.2,346,76.6,631,265,42,11,26.2,10,267,115,2997.3,11.2,922.7,8.0,26,3,11,2,,,,,,,,,2025/2026
178620961600046,"David Brooks","Premier League",31,1199,1pse9ta7a45pi2w2grjim70ge,1,5.83,-4.83,48,13,2.08,0.12,19,4,56,0,15,114,49,43.0,19,6,31.6,445,77.1,232,70.7,343,164,35,7,20.0,5,177,86,2044.8,11.6,923.5,10.7,9,0,11,1,,,,,,,,,2025/2026
178620961600047,"Valentín Castellanos","Premier League",18,1395,4txjdaqveermfryvbfrr4taf7,6,5.8,0.2,50,22,12.0,0.12,11,6,31,2,21,89,29,32.6,63,27,42.9,250,64.4,127,57.5,161,73,9,2,22.2,2,41,20,444.9,10.9,265.6,13.3,4,1,1,0,,,,,,,,,2025/2026
178620963307022,"Jaden Dixon",Championship,0,0,4qioq44vcv619vnyy2rpovk4e,0,0.0,0.0,0,0,0.0,0.0,0,0,0,0,0,0,0,0.0,0,0,0.0,0,0.0,0,0.0,0,0,0,0,0.0,0,0,0,0.0,0.0,0.0,0.0,0,0,0,0,,,,,,,,,2025/2026
178620961600048,"Tomás Soucek","Premier League",35,2198,4txjdaqveermfryvbfrr4taf7,5,5.68,-0.68,26,14,19.23,0.22,43,16,66,14,83,141,68,48.2,122,68,55.7,898,77.7,267,59.5,698,159,14,0,0.0,1,124,49,1206.0,9.7,299.3,6.1,1,0,0,0,,,,,,,,,2025/2026
178620961600049,"Bruno Guimarães","Premier League",29,2455,7vn2i2kd35zuetw6b38gw9jsz,9,5.6,3.4,42,23,21.43,0.13,62,15,135,3,36,298,155,52.0,35,13,37.1,1451,86.2,565,78.9,1250,446,37,8,21.6,21,433,214,4252.2,9.8,1909.5,8.9,4,0,13,2,,,,,,,,,2025/2026
178620961600050,"Amad Diallo","Premier League",32,2344,6eqit8ye8aomdsrrq0hk3v7gh,2,5.57,-3.57,53,23,3.77,0.11,38,17,113,3,29,222,115,51.8,32,13,40.6,904,87.9,394,83.8,795,330,33,9,27.3,4,388,221,4702.4,12.1,2232.9,10.1,24,0,18,1,,,,,,,,,2025/2026
178620961600051,Casemiro,"Premier League",34,2588,6eqit8ye8aomdsrrq0hk3v7gh,9,5.52,3.48,52,18,17.31,0.11,90,31,138,27,73,246,131,53.3,111,57,51.4,1600,81.3,436,70.2,1301,306,17,4,23.5,13,262,140,2349.4,9.0,1246.0,8.9,5,1,4,0,,,,,,,,,2025/2026
178620961600052,"Leandro Trossard","Premier League",31,2006,4dsgumo7d4zupm2ugsvm4zm4d,6,5.47,0.53,53,15,11.32,0.1,27,9,80,3,14,190,90,47.4,19,6,31.6,757,77.0,410,68.5,583,281,54,12,22.2,13,298,145,3487.8,11.7,1300.0,9.0,14,1,13,4,,,,,,,,,2025/2026
178620961600053,"Tolu Arokodare","Premier League",33,1407,b9si1jn1lfxfund69e9ogcu2n,3,5.46,-2.46,47,16,6.38,0.12,7,5,26,2,43,94,42,44.7,191,99,51.8,270,60.4,115,49.6,163,57,0,0,0.0,1,75,43,819.5,10.9,361.6,8.4,2,0,3,0,,,,,,,,,2025/2026
178620961600054,"Jørgen Strand Larsen","Premier League",36,2316,1c8m2ko0wxq1asfkuykurdr0y,4,5.32,-1.32,44,14,9.09,0.12,9,4,37,7,38,148,41,27.7,204,80,39.2,493,64.5,185,58.9,318,109,3,0,0.0,4,85,38,815.0,9.6,311.1,8.2,6,0,1,0,,,,,,,,,2025/2026
178620961600055,"Noah Okafor","Premier League",28,1568,48gk2hpqtsl6p9sx9kjhaydq4,8,5.26,2.74,35,15,22.86,0.15,23,12,61,1,16,190,76,40.0,32,12,37.5,332,76.2,144,74.3,253,107,37,7,18.9,2,224,138,3264.0,14.6,2055.0,14.9,7,0,9,0,,,,,,,,,2025/2026
178620961600056,"Crysencio Summerville","Premier League",31,2480,4txjdaqveermfryvbfrr4taf7,5,5.17,-0.17,54,15,9.26,0.1,45,16,120,4,30,315,163,51.7,23,7,30.4,639,82.8,270,75.6,529,204,30,7,23.3,6,379,203,4956.7,13.1,2303.9,11.3,25,2,12,1,,,,,,,,,2025/2026
178620961600057,"Enzo Le Fée","Premier League",36,2934,1r3545b2dzan8yqa80gtmcjch,5,5.15,-0.15,36,12,13.89,0.14,89,29,154,12,36,273,139,50.9,69,18,26.1,1113,81.4,415,72.5,906,301,44,9,20.4,16,313,140,3201.6,10.2,1093.8,7.8,10,0,5,0,,,,,,,,,2025/2026
178620961600058,"Jaidon Anthony","Premier League",37,2735,64bxxwu2mv2qqlv0monbkj1om,8,5.13,2.87,55,23,14.55,0.09,42,15,141,7,27,285,122,42.8,37,12,32.4,897,79.9,330,71.8,717,237,53,9,17.0,4,375,200,4300.6,11.5,2143.6,10.7,20,3,12,1,,,,,,,,,2025/2026
178620961600059,"Eberechi Eze","Premier League",33,1900,4dsgumo7d4zupm2ugsvm4zm4d,7,5.05,1.95,63,20,11.11,0.08,19,11,79,1,10,153,88,57.5,35,10,28.6,666,84.8,291,78.3,565,228,7,2,28.6,18,238,100,2536.8,10.7,832.8,8.3,12,1,3,1,,,,,,,,,2025/2026
178620961600060,"Jack Hinshelwood","Premier League",27,1750,e5p0ehyguld7egzhiedpdnc3w,4,4.92,-0.92,37,15,10.81,0.13,19,5,61,4,25,93,34,36.6,35,12,34.3,632,82.6,208,72.1,522,150,7,0,0.0,4,152,81,1576.2,10.4,771.1,9.5,2,1,1,0,,,,,,,,,2025/2026
178620961600061,"Dominik Szoboszlai","Premier League",36,3233,c8h9bw1l82s06h77xxrelzhur,6,4.85,1.15,71,23,8.45,0.07,56,30,187,8,58,243,112,46.1,43,19,44.2,2187,87.8,791,83.4,1919,660,75,20,26.7,7,528,271,5758.8,10.9,2713.8,10.0,11,2,12,1,,,,,,,,,2025/2026
178620961600062,"Emile Smith Rowe","Premier League",37,1928,hzqh7z0mdl3v7gwete66syxp,3,4.77,-1.77,36,11,8.33,0.13,35,22,71,1,18,125,65,52.0,20,7,35.0,920,91.1,330,87.3,838,288,13,1,7.7,0,256,135,2696.5,10.5,1238.4,9.2,7,0,4,0,,,,,,,,,2025/2026
178620961600063,"Jurriën Timber","Premier League",30,2457,4dsgumo7d4zupm2ugsvm4zm4d,3,4.77,-1.77,25,7,12.0,0.19,66,24,97,6,53,197,107,54.3,60,40,66.7,1085,85.3,434,79.3,925,344,46,6,13.0,9,242,150,2609.6,10.8,1557.6,10.4,1,0,8,1,,,,,,,,,2025/2026
178620961600064,"Wilson Isidor","Premier League",32,1158,1r3545b2dzan8yqa80gtmcjch,6,4.75,1.25,43,17,13.95,0.11,11,1,23,1,15,73,24,32.9,95,25,26.3,135,60.0,79,51.9,81,41,0,0,0.0,2,55,35,645.6,11.7,393.2,11.2,11,2,0,0,,,,,,,,,2025/2026
178620961600065,"Malick Thiaw","Premier League",35,2964,7vn2i2kd35zuetw6b38gw9jsz,4,4.72,-0.72,28,14,14.29,0.17,44,31,118,33,184,98,62,63.3,175,114,65.1,1695,89.6,254,75.6,1519,192,8,1,12.5,1,417,247,4240.1,10.2,2536.3,10.3,1,0,0,0,,,,,,,,,2025/2026
178620961600066,"Pedro Neto","Premier League",34,2643,9q0arba2kbnywth8bkxlhgmdr,5,4.62,0.38,46,13,10.87,0.1,19,6,84,0,13,215,91,42.3,33,9,27.3,931,87.3,472,84.1,813,397,111,21,18.9,3,488,268,6337.6,13.0,3328.9,12.4,17,0,23,3,,,,,,,,,2025/2026
178620961600067,"Brenden Aaronson","Premier League",37,2465,48gk2hpqtsl6p9sx9kjhaydq4,4,4.55,-0.55,47,17,8.51,0.1,50,15,130,4,17,317,132,41.6,72,24,33.3,668,81.1,257,74.7,542,192,36,10,27.8,6,261,140,3042.7,11.7,1550.2,11.1,13,1,9,2,,,,,,,,,2025/2026
178620961600068,"Yéremy Pino","Premier League",34,2091,1c8m2ko0wxq1asfkuykurdr0y,2,4.51,-2.51,45,11,4.44,0.1,36,9,101,1,21,196,78,39.8,61,22,36.1,831,74.6,367,62.9,620,231,31,4,12.9,19,207,109,2211.8,10.7,1122.8,10.3,6,0,13,0,,,,,,,,,2025/2026
178620961600069,"Liam Delap","Premier League",28,1102,9q0arba2kbnywth8bkxlhgmdr,1,4.47,-3.47,36,11,2.78,0.12,5,1,25,0,11,92,34,37.0,59,25,42.4,189,69.8,93,62.4,132,58,6,0,0.0,2,84,48,921.3,11.0,524.3,10.9,6,0,0,0,,,,,,,,,2025/2026
178620961600070,"Tijjani Reijnders","Premier League",28,1636,a3nyxabgsqlnqfkeg41m6tnpp,5,4.45,0.55,49,16,10.2,0.09,10,10,58,0,20,111,45,40.5,8,3,37.5,798,89.1,329,83.6,711,275,16,2,12.5,7,245,135,2860.7,11.7,1569.6,11.6,17,1,2,1,,,,,,,,,2025/2026
178620961600071,"Kiernan Dewsbury-Hall","Premier League",31,2635,ehd2iemqmschhj2ec0vayztzz,8,4.31,3.69,39,15,20.51,0.11,52,12,134,4,28,245,126,51.4,46,21,45.7,1026,82.5,482,76.3,846,368,52,10,19.2,9,299,160,3569.2,11.9,1983.0,12.4,8,2,11,2,,,,,,,,,2025/2026
178620963708731,"Tom Smith","League Two",3,145,crpd0wug26fg7skfzmf11x1k2,,,,,,,,,,,,,,,,,,,,,,,,,,,,,,,,,,,,,,,1,4,80.0,1.1,0.1,1.0,,,2025/2026
178620961600072,"William Osula","Premier League",24,811,7vn2i2kd35zuetw6b38gw9jsz,7,4.29,2.71,23,12,30.43,0.19,6,1,23,1,0,75,30,40.0,37,9,24.3,81,80.3,33,72.7,65,24,3,2,66.7,0,62,36,812.6,13.1,487.0,13.5,9,1,2,0,,,,,,,,,2025/2026
178620961600073,"Chris Wood","Premier League",15,906,1qtaiy11gswx327s0vkibf70n,3,4.25,-1.25,23,9,13.04,0.18,1,1,14,4,9,22,8,36.4,65,26,40.0,160,69.4,61,67.2,111,41,1,0,0.0,1,12,4,158.9,13.2,92.7,23.2,2,1,2,0,,,,,,,,,2025/2026
178620961600074,"Rayan Cherki","Premier League",33,1786,a3nyxabgsqlnqfkeg41m6tnpp,4,4.13,-0.13,55,13,7.27,0.08,26,7,91,1,7,236,111,47.0,8,1,12.5,1277,86.5,610,78.7,1104,480,31,10,32.3,29,475,247,5516.9,11.6,2819.7,11.4,23,1,16,7,,,,,,,,,2025/2026
178620961600075,"Marc Guéhi","Premier League",35,3150,a3nyxabgsqlnqfkeg41m6tnpp,3,4.12,-1.12,32,9,9.38,0.13,46,50,138,22,164,148,91,61.5,158,103,65.2,2309,89.7,495,80.4,2070,398,17,3,17.6,3,586,330,6274.8,10.7,3453.7,10.5,0,0,3,1,,,,,,,,,2025/2026
178620961600076,"Donyell Malen","Premier League",21,645,b496gs285it6bheuikox6z9mj,4,4.07,-0.07,27,9,14.81,0.15,4,0,10,0,2,47,18,38.3,10,3,30.0,94,77.7,51,78.4,73,40,7,2,28.6,1,45,31,495.5,11.0,334.7,10.8,6,1,3,1,,,,,,,,,2025/2026
178620961600077,"Kaoru Mitoma","Premier League",25,1721,e5p0ehyguld7egzhiedpdnc3w,3,4.06,-1.06,32,13,9.38,0.13,18,9,62,1,17,169,67,39.6,36,15,41.7,574,82.4,283,80.9,473,229,46,8,17.4,0,261,167,3272.9,12.5,1973.0,11.8,9,0,12,0,,,,,,,,,2025/2026
178620961600078,"Gabriel Martinelli","Premier League",30,1073,4dsgumo7d4zupm2ugsvm4zm4d,1,3.99,-2.99,29,13,3.45,0.14,12,1,52,1,10,104,47,45.2,26,8,30.8,261,72.4,133,64.7,189,86,33,7,21.2,2,135,83,1733.4,12.8,840.6,10.1,5,1,5,1,,,,,,,,,2025/2026
178620961600079,"Alexis Mac Allister","Premier League",37,2662,c8h9bw1l82s06h77xxrelzhur,2,3.89,-1.89,52,12,3.85,0.07,53,21,112,9,35,213,96,45.1,37,17,45.9,1438,86.6,457,80.1,1245,366,11,2,18.2,5,279,136,2848.2,10.2,1409.7,10.4,7,0,3,0,,,,,,,,,2025/2026
178620961600080,"Alex Scott","Premier League",37,2859,1pse9ta7a45pi2w2grjim70ge,3,3.81,-0.81,44,13,6.82,0.09,60,36,195,14,81,265,148,55.8,68,37,54.4,1393,84.8,376,70.5,1182,265,27,7,25.9,10,442,218,4935.4,11.2,2177.5,10.0,8,0,8,0,,,,,,,,,2025/2026
178620961600081,"Yankuba Minteh","Premier League",34,2398,e5p0ehyguld7egzhiedpdnc3w,3,3.8,-0.8,41,11,7.32,0.09,56,17,95,0,16,285,143,50.2,51,19,37.3,630,67.9,332,62.0,428,206,134,31,23.1,2,398,252,4840.8,12.2,2767.5,11.0,14,1,13,2,,,,,,,,,2025/2026
178620961600082,"Virgil van Dijk","Premier League",38,3420,c8h9bw1l82s06h77xxrelzhur,6,3.77,2.23,30,14,20.0,0.13,22,28,87,26,275,60,42,70.0,234,174,74.4,2792,89.0,561,73.1,2485,410,1,0,0.0,2,494,290,4933.5,10.0,2903.5,10.0,0,0,3,0,,,,,,,,,2025/2026
178620961600083,"Taiwo Awoniyi","Premier League",17,481,1qtaiy11gswx327s0vkibf70n,4,3.58,0.42,15,8,26.67,0.24,2,1,18,1,4,32,11,34.4,50,9,18.0,75,80.0,29,82.8,60,24,1,0,0.0,1,25,19,361.7,14.5,229.8,12.1,3,1,1,0,,,,,,,,,2025/2026
178620961600084,"Alejandro Garnacho","Premier League",24,1268,9q0arba2kbnywth8bkxlhgmdr,1,3.45,-2.45,33,7,3.03,0.1,15,4,45,0,6,107,52,48.6,16,3,18.8,473,87.3,243,84.0,413,204,59,8,13.6,0,289,167,3578.2,12.4,2143.8,12.8,13,1,19,4,,,,,,,,,2025/2026
178620961600085,"Emiliano Buendía","Premier League",36,1759,b496gs285it6bheuikox6z9mj,6,3.42,2.58,49,13,12.24,0.07,49,15,109,4,20,218,103,47.2,58,21,36.2,658,81.5,287,78.0,536,224,9,0,0.0,5,182,98,1950.8,10.7,1006.1,10.3,8,2,10,0,,,,,,,,,2025/2026
178620961600086,"Habib Diarra","Premier League",20,1407,1r3545b2dzan8yqa80gtmcjch,2,3.41,-1.41,26,8,7.69,0.13,14,4,48,0,13,104,47,45.2,24,11,45.8,436,81.9,168,75.0,357,126,32,4,12.5,3,149,81,1688.7,11.3,905.4,11.2,9,0,3,1,,,,,,,,,2025/2026
178620961600087,"Mikel Merino","Premier League",22,1027,4dsgumo7d4zupm2ugsvm4zm4d,4,3.38,0.62,22,8,18.18,0.15,26,10,57,2,19,101,51,50.5,71,28,39.4,370,76.0,150,64.7,281,97,4,0,0.0,12,66,28,653.1,9.9,264.3,9.4,1,0,2,1,,,,,,,,,2025/2026
178620961600088,"Riccardo Calafiori","Premier League",26,1707,4dsgumo7d4zupm2ugsvm4zm4d,1,3.34,-2.34,32,8,3.12,0.1,32,15,73,5,50,107,56,52.3,77,48,62.3,756,85.6,221,87.8,647,194,21,3,14.3,1,187,100,2066.9,11.1,1030.4,10.3,6,0,2,0,,,,,,,,,2025/2026
178620961600089,"Rodrigo Muniz","Premier League",21,997,hzqh7z0mdl3v7gwete66syxp,1,3.34,-2.34,32,5,3.12,0.1,8,2,15,3,24,73,30,41.1,147,78,53.1,132,42.4,67,38.8,56,26,2,0,0.0,0,26,14,258.2,9.9,142.4,10.2,1,0,0,0,,,,,,,,,2025/2026
178620961600090,"Kai Havertz","Premier League",12,583,4dsgumo7d4zupm2ugsvm4zm4d,2,3.31,-1.31,18,4,11.11,0.18,8,1,14,0,8,42,19,45.2,42,17,40.5,166,74.1,89,70.8,123,63,6,0,0.0,1,44,25,512.9,11.7,254.9,10.2,4,0,1,0,,,,,,,,,2025/2026
178620961600091,"Jan Paul van Hecke","Premier League",36,3211,e5p0ehyguld7egzhiedpdnc3w,3,3.3,-0.3,23,10,13.04,0.14,53,47,113,28,189,148,95,64.2,194,114,58.8,2521,87.2,499,66.7,2198,333,23,10,43.5,1,919,599,10668.1,11.6,7212.1,12.0,3,0,3,0,,,,,,,,,2025/2026
178620961600092,"Lyle Foster","Premier League",26,1372,64bxxwu2mv2qqlv0monbkj1om,3,3.25,-0.25,20,6,15.0,0.16,16,4,42,3,20,110,38,34.5,98,28,28.6,280,70.0,132,59.9,196,79,6,1,16.7,1,84,41,1009.0,12.0,510.1,12.4,4,0,3,0,,,,,,,,,2025/2026
178620961600093,"Jhon Arias","Premier League",23,1121,b9si1jn1lfxfund69e9ogcu2n,1,3.25,-2.25,16,3,6.25,0.2,43,8,58,2,15,137,60,43.8,28,10,35.7,399,89.5,128,85.9,357,110,15,3,20.0,0,118,63,1464.5,12.4,703.2,11.2,3,0,3,0,,,,,,,,,2025/2026
178620961600094,"Declan Rice","Premier League",36,3099,4dsgumo7d4zupm2ugsvm4zm4d,4,3.17,0.83,40,13,10.0,0.08,70,37,180,12,78,167,95,56.9,74,50,67.6,2136,87.3,671,79.6,1865,534,47,15,31.9,12,624,328,7460.8,12.0,3660.2,11.2,8,0,8,0,,,,,,,,,2025/2026
178620961600095,"Jacob Murphy","Premier League",33,1618,7vn2i2kd35zuetw6b38gw9jsz,3,3.15,-0.15,42,13,7.14,0.07,16,6,47,4,17,120,49,40.8,19,7,36.8,499,73.3,254,68.1,366,173,117,24,20.5,4,198,102,2081.7,10.5,999.4,9.8,17,2,3,0,,,,,,,,,2025/2026
178620963307023,"James Morris",Championship,2,4,4t83rqbdbekinxl5fz2ygsyta,0,0.0,0.0,0,0,0.0,0.0,1,0,0,0,3,1,1,100.0,0,0,0.0,1,0.0,1,0.0,0,0,0,0,0.0,0,0,0,0.0,0.0,0.0,0.0,0,0,0,0,,,,,,,,,2025/2026
178620961600096,"Sepp van den Berg","Premier League",32,2761,7yx5dqhhphyvfisohikodajhv,0,3.13,-3.13,23,7,0.0,0.14,23,29,109,22,195,60,35,58.3,211,140,66.4,1422,88.5,163,60.7,1259,99,0,0,0.0,1,271,163,3064.2,11.3,1664.9,10.2,1,0,0,0,,,,,,,,,2025/2026
178620961600097,"Yoane Wissa","Premier League",19,521,7vn2i2kd35zuetw6b38gw9jsz,1,3.12,-2.12,13,5,7.69,0.24,5,0,14,1,2,32,8,25.0,35,15,42.9,93,69.9,47,63.8,65,30,1,0,0.0,1,17,9,171.6,10.1,74.2,8.2,1,0,0,0,,,,,,,,,2025/2026
178620961600098,"Xavi Simons","Premier League",28,1757,22doj4sgsocqpxw45h607udje,2,3.08,-1.08,42,10,4.76,0.07,34,15,87,1,12,208,106,51.0,37,12,32.4,802,82.9,339,76.1,665,258,19,4,21.1,8,272,145,3542.8,13.0,1849.0,12.8,12,2,9,0,,,,,,,,,2025/2026
178620961600099,"Keane Lewis-Potter","Premier League",36,1968,7yx5dqhhphyvfisohikodajhv,3,3.04,-0.04,31,9,9.68,0.1,23,12,96,2,37,144,75,52.1,39,11,28.2,568,77.6,204,71.1,441,145,67,21,31.3,1,183,107,2165.4,11.8,1151.3,10.8,4,0,5,1,,,,,,,,,2025/2026
178620961600100,"Georginio Rutter","Premier League",32,1790,e5p0ehyguld7egzhiedpdnc3w,3,3.02,-0.02,42,14,7.14,0.07,32,11,60,1,26,233,94,40.3,50,19,38.0,436,69.5,227,67.0,303,152,21,3,14.3,8,215,134,2564.8,11.9,1620.9,12.1,10,0,5,2,,,,,,,,,2025/2026
178620961600101,"Pascal Struijk","Premier League",34,2937,48gk2hpqtsl6p9sx9kjhaydq4,0,3.02,-3.02,31,5,0.0,0.1,39,31,118,17,207,116,64,55.2,197,110,55.8,1839,88.5,253,67.6,1627,171,2,0,0.0,1,322,175,3014.7,9.4,1545.6,8.8,0,0,0,0,,,,,,,,,2025/2026
178620961600102,"John McGinn","Premier League",30,2157,b496gs285it6bheuikox6z9mj,5,2.96,2.04,28,12,17.86,0.11,29,12,89,5,15,207,96,46.4,32,11,34.4,754,82.4,321,74.1,621,238,50,13,26.0,5,219,99,2384.5,10.9,915.9,9.3,4,2,12,2,,,,,,,,,2025/2026
178620961600103,"Joshua Zirkzee","Premier League",24,608,6eqit8ye8aomdsrrq0hk3v7gh,2,2.95,-0.95,25,9,8.0,0.12,9,1,19,2,11,49,20,40.8,52,20,38.5,245,74.3,82,58.5,182,48,5,2,40.0,2,40,18,415.2,10.4,179.8,10.0,2,1,1,0,,,,,,,,,2025/2026
178620961600104,"Gabriel Magalhães","Premier League",32,2751,4dsgumo7d4zupm2ugsvm4zm4d,3,2.93,0.07,27,7,11.11,0.11,38,23,64,33,182,103,72,69.9,159,99,62.3,1733,88.2,299,68.6,1528,205,5,1,20.0,4,315,192,2991.3,9.5,1860.7,9.7,1,0,1,0,,,,,,,,,2025/2026
178620961600105,"Anton Stach","Premier League",29,2378,48gk2hpqtsl6p9sx9kjhaydq4,5,2.92,2.08,55,14,9.09,0.05,65,20,119,9,52,215,107,49.8,77,48,62.3,939,77.3,357,70.0,726,250,37,13,35.1,2,234,125,2709.1,11.6,1356.6,10.9,10,1,11,1,,,,,,,,,2025/2026
178620961600106,Estêvão,"Premier League",22,845,9q0arba2kbnywth8bkxlhgmdr,2,2.92,-0.92,28,8,7.14,0.1,11,4,36,0,5,132,49,37.1,17,3,17.6,270,80.7,141,75.9,218,107,7,4,57.1,1,145,87,1888.4,13.0,1163.3,13.4,17,1,7,1,,,,,,,,,2025/2026
178620961600107,Rayan,"Premier League",15,1119,1pse9ta7a45pi2w2grjim70ge,5,2.91,2.09,28,8,17.86,0.1,11,8,43,0,20,78,30,38.5,57,25,43.9,318,78.3,139,70.5,249,98,23,4,17.4,2,140,90,2032.5,14.5,1254.6,13.9,11,2,11,2,,,,,,,,,2025/2026
178620961600108,"James Tarkowski","Premier League",37,3330,ehd2iemqmschhj2ec0vayztzz,2,2.91,-0.91,21,10,9.52,0.14,51,32,88,46,242,134,87,64.9,212,148,69.8,1559,80.6,323,46.8,1257,151,7,2,28.6,9,307,166,3045.9,9.9,1650.2,9.9,0,0,1,0,,,,,,,,,2025/2026
178620961600109,"Elliot Anderson","Premier League",38,3334,1qtaiy11gswx327s0vkibf70n,4,2.9,1.1,44,10,9.09,0.07,104,41,306,15,49,430,231,53.7,112,66,58.9,2383,85.5,748,77.8,2038,582,74,24,32.4,9,637,297,6453.1,10.1,2620.1,8.8,8,2,7,0,,,,,,,,,2025/2026
178620961600110,"Martín Zubimendi","Premier League",38,3001,4dsgumo7d4zupm2ugsvm4zm4d,5,2.85,2.15,27,9,18.52,0.11,68,39,116,5,78,158,88,55.7,98,65,66.3,1928,87.3,530,78.1,1684,414,12,3,25.0,9,417,209,4479.5,10.7,2120.2,10.1,2,0,3,0,,,,,,,,,2025/2026
178620961600111,"Lucas Paquetá","Premier League",18,1521,4txjdaqveermfryvbfrr4taf7,4,2.82,1.18,23,11,17.39,0.12,39,8,76,6,17,176,85,48.3,89,38,42.7,789,77.1,314,64.7,608,203,20,3,15.0,10,161,70,1580.2,9.8,542.6,7.8,2,1,1,0,,,,,,,,,2025/2026
178620961600112,"Callum Hudson-Odoi","Premier League",30,1844,1qtaiy11gswx327s0vkibf70n,3,2.8,0.2,30,10,10.0,0.09,14,8,68,2,14,125,56,44.8,12,3,25.0,657,89.2,372,88.4,586,329,87,12,13.8,1,349,199,4451.6,12.8,2403.7,12.1,17,2,26,0,,,,,,,,,2025/2026
178620961600113,"Curtis Jones","Premier League",34,1929,c8h9bw1l82s06h77xxrelzhur,1,2.77,-1.77,23,7,4.35,0.12,40,18,144,6,29,163,91,55.8,38,11,28.9,1647,91.6,551,87.1,1509,480,15,1,6.7,13,473,204,4788.1,10.1,1528.4,7.5,4,0,5,1,,,,,,,,,2025/2026
178620961600114,"Adam Armstrong","Premier League",14,1146,b9si1jn1lfxfund69e9ogcu2n,2,2.74,-0.74,18,6,11.11,0.15,8,2,15,1,12,53,21,39.6,23,9,39.1,152,68.4,67,68.7,104,46,5,1,20.0,1,37,10,349.0,9.4,35.4,3.5,3,1,0,0,,,,,,,,,2025/2026
178620961600115,"Jérémy Doku","Premier League",30,1784,a3nyxabgsqlnqfkeg41m6tnpp,5,2.73,2.27,39,15,12.82,0.07,23,13,88,0,2,312,167,53.5,12,4,33.3,772,82.9,494,78.1,640,386,58,16,27.6,18,571,388,7288.1,12.8,4822.4,12.4,25,3,33,2,,,,,,,,,2025/2026
178620961600116,"Omar Marmoush","Premier League",21,699,a3nyxabgsqlnqfkeg41m6tnpp,3,2.72,0.28,30,9,10.0,0.09,13,2,20,2,2,83,43,51.8,9,3,33.3,162,87.0,78,82.0,141,64,4,0,0.0,4,70,44,800.6,11.4,435.5,9.9,5,0,3,2,,,,,,,,,2025/2026
178620961600117,"Yasin Ayari","Premier League",29,1924,e5p0ehyguld7egzhiedpdnc3w,3,2.71,0.29,41,10,7.32,0.07,47,26,124,4,24,189,93,49.2,26,9,34.6,963,86.1,195,73.8,829,144,10,1,10.0,1,232,89,2207.7,9.5,787.2,8.8,9,2,1,0,,,,,,,,,2025/2026
178620961600118,"João Palhinha","Premier League",33,2197,22doj4sgsocqpxw45h607udje,5,2.7,2.3,33,9,15.15,0.08,110,30,92,12,58,251,157,62.5,62,36,58.1,1044,82.0,211,64.0,856,135,4,0,0.0,1,157,71,1484.8,9.5,622.0,8.8,1,0,0,0,,,,,,,,,2025/2026
178620961600119,"Gabriel Jesus","Premier League",14,421,4dsgumo7d4zupm2ugsvm4zm4d,3,2.69,0.31,19,12,15.79,0.14,4,3,19,0,5,42,13,31.0,29,10,34.5,108,76.8,52,76.9,83,40,0,0,0.0,1,36,23,405.5,11.3,241.2,10.5,4,0,2,0,,,,,,,,,2025/2026
178620963307024,"Luke Skinner",Championship,0,0,c5485h5qulh4l0k0py5b9xug1,0,0.0,0.0,0,0,0.0,0.0,0,0,0,0,0,0,0,0.0,0,0,0.0,0,0.0,0,0.0,0,0,0,0,0.0,0,0,0,0.0,0.0,0.0,0.0,0,0,0,0,,,,,,,,,2025/2026
178620961600120,"Alexander Isak","Premier League",14,703,c8h9bw1l82s06h77xxrelzhur,3,2.65,0.35,17,6,17.65,0.16,7,0,13,1,9,31,9,29.0,27,8,29.6,88,62.5,53,58.5,55,31,2,0,0.0,1,30,18,340.0,11.3,225.1,12.5,3,0,0,0,,,,,,,,,2025/2026
178620961600121,"Justin Devenny","Premier League",21,788,1c8m2ko0wxq1asfkuykurdr0y,1,2.62,-1.62,13,4,7.69,0.2,25,1,34,0,12,88,38,43.2,30,8,26.7,253,73.1,95,63.2,185,60,15,0,0.0,2,90,52,1086.3,12.1,630.7,12.1,0,0,3,0,,,,,,,,,2025/2026
178620961600122,"Mikkel Damsgaard","Premier League",33,2057,7yx5dqhhphyvfisohikodajhv,4,2.62,1.38,29,11,13.79,0.09,57,25,139,4,16,225,97,43.1,46,19,41.3,951,76.3,450,68.7,726,309,45,12,26.7,14,256,150,2727.3,10.7,1519.2,10.1,8,1,10,1,,,,,,,,,2025/2026
178620961600123,"Amine Adli","Premier League",31,1082,1pse9ta7a45pi2w2grjim70ge,3,2.6,0.4,20,9,15.0,0.13,36,7,61,2,17,123,66,53.7,57,30,52.6,413,77.2,183,70.5,319,129,25,2,8.0,3,115,58,1502.3,13.1,793.4,13.7,4,0,3,0,,,,,,,,,2025/2026
178620961600124,"Bernardo Silva","Premier League",38,2886,a3nyxabgsqlnqfkeg41m6tnpp,2,2.56,-0.56,30,7,6.67,0.09,54,22,146,6,34,221,97,43.9,25,4,16.0,2205,90.2,749,84.1,1989,630,34,6,17.6,11,649,355,7046.2,10.9,3478.1,9.8,7,1,8,0,,,,,,,,,2025/2026
178620961600125,"Konstantinos Mavropanos","Premier League",31,2528,4txjdaqveermfryvbfrr4taf7,3,2.55,0.45,23,8,13.04,0.11,40,49,103,27,194,82,50,61.0,123,84,68.3,1171,82.2,192,51.0,963,98,4,1,25.0,0,268,138,2634.0,9.8,1466.3,10.6,0,0,0,0,,,,,,,,,2025/2026
178620961600126,"Micky van de Ven","Premier League",35,3043,22doj4sgsocqpxw45h607udje,4,2.53,1.47,16,6,25.0,0.16,39,22,122,22,131,118,72,61.0,101,47,46.5,1770,90.5,159,69.8,1601,111,3,0,0.0,0,368,199,4303.6,11.7,2379.2,12.0,0,0,1,0,,,,,,,,,2025/2026
178620961600127,"Yerson Mosquera","Premier League",27,2142,b9si1jn1lfxfund69e9ogcu2n,0,2.52,-2.52,30,6,0.0,0.08,62,30,93,15,114,179,113,63.1,105,47,44.8,796,80.5,133,66.2,641,88,19,2,10.5,0,148,74,1527.4,10.3,795.8,10.8,0,0,2,0,,,,,,,,,2025/2026
178620961600128,"Lesley Ugochukwu","Premier League",35,2350,64bxxwu2mv2qqlv0monbkj1om,3,2.5,0.5,23,8,13.04,0.11,51,18,100,21,24,189,96,50.8,57,26,45.6,788,83.4,228,71.5,657,163,7,1,14.3,1,226,115,2427.5,10.7,1096.2,9.5,6,1,4,1,,,,,,,,,2025/2026
178620961600129,"Ethan Ampadu","Premier League",35,3123,48gk2hpqtsl6p9sx9kjhaydq4,1,2.5,-1.5,26,6,3.85,0.1,81,50,182,17,83,206,127,61.6,89,57,64.0,1731,85.6,376,75.3,1482,283,26,10,38.5,6,358,155,3852.3,10.8,1457.7,9.4,3,0,2,0,,,,,,,,,2025/2026
178620961600130,"Josh King","Premier League",32,1304,hzqh7z0mdl3v7gwete66syxp,1,2.47,-1.47,26,11,3.85,0.09,27,3,59,4,14,131,73,55.7,22,3,13.6,348,79.9,148,74.3,278,110,12,0,0.0,2,196,112,2674.7,13.6,1527.0,13.6,8,0,4,0,,,,,,,,,2025/2026
178620961600131,"Dan Ballard","Premier League",29,2148,1r3545b2dzan8yqa80gtmcjch,2,2.46,-0.46,26,9,7.69,0.09,33,20,69,23,185,102,62,60.8,183,106,57.9,1103,82.1,199,48.2,906,96,1,0,0.0,3,332,195,3909.2,11.8,2316.2,11.9,1,1,2,0,,,,,,,,,2025/2026
178620961600132,"Daniel Muñoz","Premier League",29,2403,1c8m2ko0wxq1asfkuykurdr0y,4,2.44,1.56,27,13,14.81,0.09,74,26,97,1,97,168,94,56.0,98,44,44.9,824,79.3,274,69.7,653,191,63,14,22.2,1,143,73,1573.0,11.0,625.8,8.6,0,0,6,0,,,,,,,,,2025/2026
178620961600133,"Mathys Tel","Premier League",31,1342,22doj4sgsocqpxw45h607udje,4,2.44,1.56,35,8,11.43,0.07,19,6,72,2,12,187,81,43.3,51,16,31.4,359,77.4,157,71.3,278,112,43,12,27.9,0,249,143,3105.5,12.5,1476.9,10.3,11,1,7,0,,,,,,,,,2025/2026
178620961600134,"Brennan Johnson","Premier League",34,1722,1c8m2ko0wxq1asfkuykurdr0y,2,2.43,-0.43,23,5,8.7,0.11,29,4,56,1,32,116,51,44.0,32,16,50.0,382,66.0,176,55.1,252,97,45,8,17.8,2,131,76,1660.1,12.7,964.1,12.7,6,1,5,0,,,,,,,,,2025/2026
178620961600135,"Dominic Solanke","Premier League",15,1000,22doj4sgsocqpxw45h607udje,3,2.43,0.57,20,11,15.0,0.12,22,3,34,2,11,86,44,51.2,61,20,32.8,158,74.0,76,72.4,117,55,2,0,0.0,0,76,36,932.0,12.3,337.6,9.4,7,1,1,0,,,,,,,,,2025/2026
178620961600136,"Josko Gvardiol","Premier League",18,1374,a3nyxabgsqlnqfkeg41m6tnpp,2,2.4,-0.4,17,6,11.76,0.14,18,15,50,9,61,51,27,52.9,53,29,54.7,1047,89.4,252,80.6,936,203,2,1,50.0,3,308,176,3435.1,11.2,1909.8,10.9,2,0,0,0,,,,,,,,,2025/2026
178620961600137,"Hwang Hee-Chan","Premier League",26,1452,b9si1jn1lfxfund69e9ogcu2n,2,2.39,-0.39,19,6,10.53,0.13,10,13,57,0,16,97,37,38.1,20,6,30.0,378,75.4,146,67.8,285,99,12,2,16.7,4,133,71,1567.7,11.8,693.4,9.8,4,0,7,1,,,,,,,,,2025/2026
178620961600138,Joelinton,"Premier League",27,1953,7vn2i2kd35zuetw6b38gw9jsz,2,2.39,-0.39,32,11,6.25,0.07,43,30,120,3,40,186,86,46.2,110,63,57.3,839,82.7,262,79.8,694,209,10,2,20.0,2,195,98,1956.9,10.0,864.4,8.8,7,0,0,0,,,,,,,,,2025/2026
178620961600139,"Maxence Lacroix","Premier League",35,3087,1c8m2ko0wxq1asfkuykurdr0y,1,2.38,-1.38,24,7,4.17,0.1,60,45,94,17,252,139,85,61.2,194,119,61.3,1656,88.2,176,52.3,1460,92,5,2,40.0,1,414,217,3886.2,9.4,2148.9,9.9,0,0,1,0,,,,,,,,,2025/2026
178620961600140,"Chris Richards","Premier League",33,2826,1c8m2ko0wxq1asfkuykurdr0y,1,2.36,-1.36,15,2,6.67,0.16,55,43,65,18,196,112,63,56.3,189,107,56.6,1479,84.0,217,61.3,1242,133,13,5,38.5,3,289,112,2564.9,8.9,802.0,7.2,0,0,0,0,,,,,,,,,2025/2026
178620961600141,"Patrick Dorgu","Premier League",26,1445,6eqit8ye8aomdsrrq0hk3v7gh,4,2.35,1.65,26,12,15.38,0.09,48,15,77,3,32,192,105,54.7,82,44,53.7,505,76.0,194,68.6,384,133,57,15,26.3,3,175,112,2118.8,12.1,1275.6,11.4,11,1,9,1,,,,,,,,,2025/2026
178620961600142,"Marc Cucurella","Premier League",34,2710,9q0arba2kbnywth8bkxlhgmdr,1,2.35,-1.35,20,6,5.0,0.12,55,32,113,8,87,159,84,52.8,69,36,52.2,1445,87.8,403,82.1,1268,331,43,13,30.2,2,221,158,2274.1,10.3,1652.1,10.5,1,0,13,0,,,,,,,,,2025/2026
178620961600143,Savinho,"Premier League",24,821,a3nyxabgsqlnqfkeg41m6tnpp,1,2.33,-1.33,20,11,5.0,0.12,9,5,39,0,6,97,41,42.3,4,0,0.0,373,82.8,203,77.3,309,157,38,6,15.8,5,202,144,2827.8,14.0,1704.3,11.8,5,0,6,0,,,,,,,,,2025/2026
178620962805325,"Luka Jovic","Conference League",9,729,7ruua9q5rtswwi5d6xtquuto5,3,7.02,-4.02,22,10,13.64,0.32,4,2,15,0,5,45,23,51.1,41,22,53.7,144,68.1,72,56.9,98,41,2,0,0.0,4,66,19,685.1,10.4,137.0,7.2,6,0,4,1,,,,,,,,,2025/2026
178620961600144,"Justin Kluivert","Premier League",20,951,1pse9ta7a45pi2w2grjim70ge,2,2.32,-0.32,17,4,11.76,0.14,10,4,46,2,2,87,31,35.6,29,6,20.7,345,81.2,173,78.6,280,136,21,5,23.8,4,107,51,1304.2,12.2,688.1,13.5,4,1,7,0,,,,,,,,,2025/2026
178620961600145,"Santiago Bueno","Premier League",29,2553,b9si1jn1lfxfund69e9ogcu2n,3,2.28,0.72,10,7,30.0,0.23,50,27,68,20,116,108,61,56.5,94,48,51.1,1085,86.5,134,56.7,938,76,6,2,33.3,2,228,114,2197.1,9.6,1164.9,10.2,0,0,2,0,,,,,,,,,2025/2026
178620961600146,"Nathan Collins","Premier League",35,2972,7yx5dqhhphyvfisohikodajhv,1,2.28,-1.28,20,6,5.0,0.11,31,37,139,40,209,96,55,57.3,162,89,54.9,1753,83.1,257,49.0,1457,126,1,1,100.0,0,380,218,4349.1,11.4,2694.6,12.4,1,0,1,0,,,,,,,,,2025/2026
178620961600147,"Mathias Jensen","Premier League",36,2252,7yx5dqhhphyvfisohikodajhv,3,2.27,0.73,29,8,10.34,0.08,41,21,117,4,37,170,75,44.1,29,8,27.6,1122,80.8,440,69.8,907,307,48,13,27.1,13,236,107,2235.1,9.5,765.5,7.2,8,2,5,0,,,,,,,,,2025/2026
178620961600148,"Sasa Lukic","Premier League",26,1734,hzqh7z0mdl3v7gwete66syxp,1,2.26,-1.26,18,6,5.56,0.13,49,18,71,9,36,155,80,51.6,57,23,40.4,730,85.6,219,78.5,625,172,16,4,25.0,2,188,103,2278.6,12.1,1270.3,12.3,2,0,6,0,,,,,,,,,2025/2026
178620961600149,"Ladislav Krejcí","Premier League",28,2361,b9si1jn1lfxfund69e9ogcu2n,2,2.22,-0.22,21,10,9.52,0.11,32,32,79,15,117,94,40,42.6,113,64,56.6,1317,82.5,263,56.3,1087,148,17,4,23.5,1,272,148,2759.2,10.1,1398.6,9.4,0,0,1,0,,,,,,,,,2025/2026
178620961600150,"Randal Kolo Muani","Premier League",30,1670,22doj4sgsocqpxw45h607udje,1,2.18,-1.18,20,4,5.0,0.11,29,3,64,1,18,201,74,36.8,81,32,39.5,328,70.4,169,66.9,231,113,18,7,38.9,1,149,92,1915.1,12.9,1185.0,12.9,5,1,7,0,,,,,,,,,2025/2026
178620961600151,"Michael Keane","Premier League",33,2590,ehd2iemqmschhj2ec0vayztzz,3,2.16,0.84,26,7,11.54,0.08,36,37,88,26,203,84,48,57.1,175,111,63.4,1102,85.5,155,52.3,942,81,1,0,0.0,2,188,98,1707.0,9.1,818.2,8.3,1,0,0,0,,,,,,,,,2025/2026
178620961600152,"Rodrigo Gomes","Premier League",22,960,b9si1jn1lfxfund69e9ogcu2n,3,2.15,0.85,20,6,15.0,0.11,23,9,33,2,13,80,39,48.8,24,6,25.0,263,72.2,113,65.5,190,74,24,3,12.5,0,104,54,1237.7,11.9,665.2,12.3,4,1,1,0,,,,,,,,,2025/2026
178620961600153,"Trai Hume","Premier League",38,3037,1r3545b2dzan8yqa80gtmcjch,2,2.15,-0.15,34,7,5.88,0.06,67,25,102,11,99,195,110,56.4,133,65,48.9,1048,75.4,349,63.6,790,222,52,7,13.5,3,160,80,1793.8,11.2,811.9,10.1,2,0,7,0,,,,,,,,,2025/2026
178620961600154,"Armando Broja","Premier League",24,849,64bxxwu2mv2qqlv0monbkj1om,1,2.15,-1.15,16,6,6.25,0.13,6,3,26,0,9,84,30,35.7,111,35,31.5,151,69.5,79,65.8,105,52,3,1,33.3,0,76,40,933.2,12.3,447.0,11.2,5,0,2,0,,,,,,,,,2025/2026
178620961600155,"Jack Grealish","Premier League",20,1631,ehd2iemqmschhj2ec0vayztzz,2,2.15,-0.15,26,8,7.69,0.08,21,12,87,6,11,187,102,54.5,23,4,17.4,573,84.1,298,79.9,482,238,39,10,25.6,6,326,178,3927.6,12.0,1737.8,9.8,10,1,14,3,,,,,,,,,2025/2026
178620961600156,"Charalampos Kostoulas","Premier League",21,353,e5p0ehyguld7egzhiedpdnc3w,2,2.14,-0.14,21,8,9.52,0.1,11,1,25,0,4,65,29,44.6,44,22,50.0,127,74.8,59,76.3,95,45,6,0,0.0,0,56,33,651.6,11.6,356.4,10.8,4,1,1,0,,,,,,,,,2025/2026
178620961600157,"Eliezer Mayenda","Premier League",20,756,1r3545b2dzan8yqa80gtmcjch,2,2.14,-0.14,13,6,15.38,0.16,5,1,14,1,5,78,27,34.6,44,15,34.1,85,65.9,40,55.0,56,22,1,0,0.0,0,58,40,753.6,13.0,537.1,13.4,4,0,3,0,,,,,,,,,2025/2026
178620961600158,"Chemsdine Talbi","Premier League",28,1561,1r3545b2dzan8yqa80gtmcjch,4,2.13,1.87,25,10,16.0,0.09,11,2,61,1,17,77,28,36.4,14,1,7.1,402,81.3,147,73.5,327,108,48,6,12.5,1,169,92,2222.7,13.2,1185.3,12.9,6,1,5,1,,,,,,,,,2025/2026
178620961600159,"Jayden Bogle","Premier League",34,2802,48gk2hpqtsl6p9sx9kjhaydq4,1,2.11,-1.11,18,4,5.56,0.12,66,34,134,5,73,250,114,45.6,53,24,45.3,884,76.2,288,59.7,674,172,67,16,23.9,2,268,147,3123.4,11.7,1512.0,10.3,5,0,5,0,,,,,,,,,2025/2026
178620961600160,"Samuel Chukwueze","Premier League",23,1075,hzqh7z0mdl3v7gwete66syxp,3,2.07,0.93,25,7,12.0,0.08,6,7,57,1,10,82,36,43.9,18,7,38.9,413,73.8,197,64.0,305,126,43,8,18.6,6,196,99,2113.8,10.8,963.1,9.7,8,1,12,3,,,,,,,,,2025/2026
178620961600161,"Tammy Abraham","Premier League",12,279,b496gs285it6bheuikox6z9mj,2,2.04,-0.04,9,3,22.22,0.23,4,0,6,0,3,10,5,50.0,11,5,45.5,44,56.8,20,50.0,25,10,1,0,0.0,0,7,0,58.9,8.4,-4.0,0.0,0,0,1,0,,,,,,,,,2025/2026
178620961600162,"Ferdi Kadioglu","Premier League",37,3134,e5p0ehyguld7egzhiedpdnc3w,1,2.03,-1.03,28,13,3.57,0.07,57,26,130,5,81,188,104,55.3,64,32,50.0,1367,85.6,483,82.8,1170,400,81,17,21.0,2,371,217,4798.1,12.9,2775.5,12.8,5,0,1,0,,,,,,,,,2025/2026
178620961600163,"James Garner","Premier League",38,3414,ehd2iemqmschhj2ec0vayztzz,2,2.03,-0.03,45,14,4.44,0.05,120,59,184,10,85,294,179,60.9,47,30,63.8,1793,87.2,593,82.6,1564,490,74,18,24.3,10,462,192,4791.0,10.4,1769.9,9.2,3,0,5,2,,,,,,,,,2025/2026
178620961600164,"Mateus Mané","Premier League",27,1790,b9si1jn1lfxfund69e9ogcu2n,3,2.01,0.99,42,17,7.14,0.05,28,5,77,1,26,237,106,44.7,46,8,17.4,375,76.3,161,68.9,286,111,46,11,23.9,4,219,149,2722.7,12.4,1942.9,13.0,19,1,4,0,,,,,,,,,2025/2026
178620961600165,"Enes Ünal","Premier League",23,214,1pse9ta7a45pi2w2grjim70ge,1,2.0,-1.0,15,3,6.67,0.13,1,0,7,1,14,28,11,39.3,44,10,22.7,56,67.9,29,58.6,38,17,2,0,0.0,1,15,6,116.9,7.8,50.5,8.4,0,0,0,0,,,,,,,,,2025/2026
178620961600166,"Andrey Santos","Premier League",27,1255,9q0arba2kbnywth8bkxlhgmdr,1,2.0,-1.0,11,2,9.09,0.18,37,20,48,6,18,90,61,67.8,31,14,45.2,797,90.1,162,84.0,718,136,2,0,0.0,3,122,63,1098.9,9.0,552.4,8.8,1,0,1,0,,,,,,,,,2025/2026
178620961600167,"Mateus Fernandes","Premier League",36,3024,4txjdaqveermfryvbfrr4taf7,3,2.0,1.0,28,8,10.71,0.07,103,35,182,12,36,320,180,56.3,39,19,48.7,1562,87.5,456,75.9,1366,346,29,6,20.7,14,364,164,4296.7,11.8,1737.4,10.6,7,0,6,1,,,,,,,,,2025/2026
178620962905990,"Bendegúz Kovács","Conference League",1,27,3kfktv64h7kg7zryax1wktr5r,0,0.0,0.0,0,0,0.0,0.0,0,0,0,0,0,4,1,25.0,3,2,66.7,6,50.0,5,60.0,3,3,0,0,0.0,0,0,0,0.0,0.0,0.0,0.0,0,0,0,0,,,,,,,,,2025/2026
178620961600168,"Diogo Dalot","Premier League",34,2616,6eqit8ye8aomdsrrq0hk3v7gh,1,2.0,-1.0,24,6,4.17,0.08,53,27,135,9,92,154,83,53.9,73,52,71.2,1132,85.0,347,77.8,962,270,57,17,29.8,3,243,137,2771.1,11.4,1482.0,10.8,7,0,10,1,,,,,,,,,2025/2026
178620961600169,"Idrissa Gueye","Premier League",25,2101,ehd2iemqmschhj2ec0vayztzz,2,2.0,0.0,29,7,6.9,0.07,43,28,114,7,24,143,81,56.6,25,13,52.0,1065,87.3,326,79.8,930,260,19,4,21.1,4,218,105,1996.4,9.2,978.7,9.3,6,0,3,1,,,,,,,,,2025/2026
178620961600170,"Neco Williams","Premier League",37,3206,1qtaiy11gswx327s0vkibf70n,2,1.97,0.03,46,19,4.35,0.04,96,47,164,17,88,308,177,57.5,78,39,50.0,1325,81.8,424,72.2,1084,306,121,23,19.0,0,393,223,4412.7,11.2,2453.7,11.0,7,0,7,0,,,,,,,,,2025/2026
178620961600171,"Wilson Odobert","Premier League",24,980,22doj4sgsocqpxw45h607udje,0,1.96,-1.96,22,8,0.0,0.09,10,1,54,0,13,87,44,50.6,17,5,29.4,325,84.9,165,83.0,276,137,28,8,28.6,1,164,101,2047.0,12.5,1119.4,11.1,4,0,9,0,,,,,,,,,2025/2026
178620961600172,"Omari Hutchinson","Premier League",31,1684,1qtaiy11gswx327s0vkibf70n,1,1.94,-0.94,25,11,4.0,0.08,22,12,87,0,8,194,86,44.3,29,5,17.2,538,83.1,242,78.5,447,190,94,22,23.4,3,305,165,3701.1,12.1,1754.3,10.6,11,0,13,3,,,,,,,,,2025/2026
178620961600173,"Mats Wieffer","Premier League",26,1908,e5p0ehyguld7egzhiedpdnc3w,2,1.93,0.07,18,6,11.11,0.11,66,25,103,7,71,194,96,49.5,90,44,48.9,881,83.2,244,76.2,733,186,16,3,18.8,3,212,107,2135.2,10.1,887.5,8.3,4,0,3,0,,,,,,,,,2025/2026
178620961600174,"Mohammed Kudus","Premier League",19,1545,22doj4sgsocqpxw45h607udje,2,1.93,0.07,26,9,7.69,0.07,29,3,95,0,6,234,96,41.0,29,11,37.9,444,85.6,211,84.4,380,178,74,18,24.3,0,264,133,3131.2,11.9,1181.0,8.9,6,0,6,0,,,,,,,,,2025/2026
178620961600175,"Alex Iwobi","Premier League",29,2434,hzqh7z0mdl3v7gwete66syxp,4,1.92,2.08,39,15,10.26,0.05,27,14,127,3,18,122,55,45.1,15,7,46.7,1432,85.1,493,76.3,1219,376,53,17,32.1,10,435,229,4885.1,11.2,2421.7,10.6,11,0,7,0,,,,,,,,,2025/2026
178620961600176,"Ryan Christie","Premier League",26,986,1pse9ta7a45pi2w2grjim70ge,2,1.92,0.08,25,8,8.0,0.08,27,12,62,4,18,132,67,50.8,28,13,46.4,547,78.2,215,67.4,428,145,12,2,16.7,5,180,91,2170.4,12.1,1092.9,12.0,5,1,3,0,,,,,,,,,2025/2026
178620961600177,"Ryan Gravenberch","Premier League",36,2996,c8h9bw1l82s06h77xxrelzhur,5,1.9,3.1,38,13,13.16,0.05,59,48,128,11,53,235,133,56.6,49,27,55.1,1860,88.9,572,81.3,1653,465,7,0,0.0,8,566,275,6165.3,10.9,2957.1,10.8,15,2,8,1,,,,,,,,,2025/2026
178620961600178,"Nordi Mukiele","Premier League",32,2787,1r3545b2dzan8yqa80gtmcjch,3,1.88,1.12,26,4,11.54,0.07,69,40,131,10,156,182,104,57.1,132,79,59.8,1189,78.6,313,63.6,935,199,86,14,16.3,3,334,194,3735.5,11.2,1947.4,10.0,4,1,4,1,,,,,,,,,2025/2026
178620961600179,"Maxim De Cuyper","Premier League",30,1414,e5p0ehyguld7egzhiedpdnc3w,2,1.82,0.18,13,6,15.38,0.14,23,12,68,2,28,97,51,52.6,31,10,32.3,692,84.3,188,71.8,583,135,39,16,41.0,1,138,78,1373.4,10.0,778.8,10.0,0,0,6,1,,,,,,,,,2025/2026
178620961600180,"Jefferson Lerma","Premier League",31,1724,1c8m2ko0wxq1asfkuykurdr0y,0,1.82,-1.82,19,7,0.0,0.1,29,25,102,4,61,111,57,51.4,113,65,57.5,871,79.5,225,60.9,692,137,12,5,41.7,2,137,62,1231.6,9.0,517.8,8.4,1,0,2,0,,,,,,,,,2025/2026
178620961600181,"Eddie Nketiah","Premier League",12,416,1c8m2ko0wxq1asfkuykurdr0y,2,1.77,0.23,15,6,13.33,0.12,8,2,17,1,10,51,20,39.2,30,8,26.7,87,80.5,28,71.4,70,20,1,0,0.0,1,53,35,644.4,12.2,401.4,11.5,4,1,2,0,,,,,,,,,2025/2026
178620961600182,"Sven Botman","Premier League",25,1838,7vn2i2kd35zuetw6b38gw9jsz,1,1.74,-0.74,15,4,6.67,0.12,22,27,88,26,141,64,44,68.8,135,87,64.4,1190,87.1,86,47.7,1037,41,2,0,0.0,0,258,122,2376.5,9.2,917.4,7.5,0,0,1,0,,,,,,,,,2025/2026
178620961600183,"Jake O'Brien","Premier League",37,3124,ehd2iemqmschhj2ec0vayztzz,1,1.74,-0.74,13,6,7.69,0.13,57,15,114,15,144,144,79,54.9,175,116,66.3,1079,74.0,286,62.6,798,179,49,13,26.5,2,168,97,1747.6,10.4,846.9,8.7,0,0,3,0,,,,,,,,,2025/2026
178620961600184,"Sandro Tonali","Premier League",35,2543,7vn2i2kd35zuetw6b38gw9jsz,0,1.74,-1.74,37,8,0.0,0.05,35,31,147,7,37,169,94,55.6,26,13,50.0,1563,84.4,512,73.0,1319,374,38,8,21.1,3,391,173,4220.7,10.8,1762.5,10.2,4,0,6,0,,,,,,,,,2025/2026
178620961600185,"Calvin Bassey","Premier League",30,2532,hzqh7z0mdl3v7gwete66syxp,1,1.72,-0.72,13,2,7.69,0.13,62,22,119,21,99,173,112,64.7,72,39,54.2,1706,87.8,232,67.7,1497,157,14,3,21.4,0,510,296,5395.8,10.6,3038.7,10.3,2,0,5,0,,,,,,,,,2025/2026
178620961600186,"Pape Matar Sarr","Premier League",26,1391,22doj4sgsocqpxw45h607udje,2,1.72,0.28,17,6,11.76,0.1,33,18,77,10,47,123,59,48.0,65,27,41.5,633,85.0,185,83.2,538,154,8,2,25.0,3,185,86,2137.3,11.6,818.6,9.5,2,0,1,0,,,,,,,,,2025/2026
178620961600187,"Brajan Gruda","Premier League",18,715,e5p0ehyguld7egzhiedpdnc3w,1,1.72,-0.72,16,6,6.25,0.11,14,2,40,0,2,114,48,42.1,11,8,72.7,248,78.2,124,72.6,194,90,7,2,28.6,2,124,74,1479.2,11.9,773.0,10.4,7,0,11,1,,,,,,,,,2025/2026
178620961600188,"Lewis Dunk","Premier League",33,2837,e5p0ehyguld7egzhiedpdnc3w,1,1.71,-0.71,24,3,4.17,0.07,35,30,136,26,142,91,51,56.0,126,76,60.3,2492,92.3,273,69.6,2301,190,5,1,20.0,1,485,214,4769.5,9.8,1976.0,9.2,0,0,0,0,,,,,,,,,2025/2026
178620961600189,"Amadou Onana","Premier League",25,1764,b496gs285it6bheuikox6z9mj,2,1.71,0.29,19,7,10.53,0.09,48,25,72,17,59,123,77,62.6,68,45,66.2,849,87.4,192,72.4,742,139,0,0,0.0,3,185,75,1941.8,10.5,700.8,9.3,2,0,1,0,,,,,,,,,2025/2026
178620961600190,"Anthony Elanga","Premier League",32,1313,7vn2i2kd35zuetw6b38gw9jsz,0,1.67,-1.67,17,4,0.0,0.1,14,3,32,0,6,118,52,44.1,35,13,37.1,426,80.8,202,76.2,344,154,68,11,16.2,3,171,112,2273.0,13.3,1523.0,13.6,6,0,6,1,,,,,,,,,2025/2026
178620961600191,"James Justin","Premier League",29,1896,48gk2hpqtsl6p9sx9kjhaydq4,2,1.67,0.33,24,6,8.33,0.07,56,28,70,10,90,134,87,64.9,74,40,54.1,709,76.0,182,58.8,539,107,28,2,7.1,1,130,71,1466.8,11.3,721.2,10.2,2,0,0,0,,,,,,,,,2025/2026
178620961600192,"Daichi Kamada","Premier League",28,1908,1c8m2ko0wxq1asfkuykurdr0y,0,1.65,-1.65,19,4,0.0,0.09,63,14,108,1,23,182,102,56.0,29,14,48.3,825,84.0,241,73.9,693,178,14,6,42.9,9,236,125,2614.1,11.1,1267.3,10.1,5,0,5,0,,,,,,,,,2025/2026
178620961600193,"Omar Alderete","Premier League",33,2802,1r3545b2dzan8yqa80gtmcjch,1,1.64,-0.64,24,9,4.17,0.07,32,36,103,29,217,116,58,50.0,153,88,57.5,1304,81.1,231,49.4,1057,114,11,3,27.3,3,407,268,4514.4,11.1,2968.8,11.1,1,0,2,1,,,,,,,,,2025/2026
178620961600194,"Tyrick Mitchell","Premier League",38,3253,1c8m2ko0wxq1asfkuykurdr0y,1,1.61,-0.61,19,7,5.26,0.08,101,34,187,12,100,239,144,60.3,67,26,38.8,1107,73.1,354,66.4,809,235,104,22,21.1,2,327,208,3736.2,11.4,2182.9,10.5,6,0,10,1,,,,,,,,,2025/2026
178620961600195,"Ryan Sessegnon","Premier League",27,1822,hzqh7z0mdl3v7gwete66syxp,3,1.61,1.39,16,4,18.75,0.1,48,25,74,8,64,136,60,44.1,45,19,42.2,679,76.4,194,71.7,519,139,56,6,10.7,4,178,114,2209.3,12.4,1342.5,11.8,3,1,4,0,,,,,,,,,2025/2026
178620961600196,"Ao Tanaka","Premier League",28,1314,48gk2hpqtsl6p9sx9kjhaydq4,2,1.61,0.39,17,5,11.76,0.09,27,21,81,2,15,86,40,46.5,25,12,48.0,690,85.5,173,75.1,590,130,18,4,22.2,3,143,70,1416.8,9.9,567.2,8.1,1,0,3,0,,,,,,,,,2025/2026
178620961600197,"Marshall Munetsi","Premier League",13,873,b9si1jn1lfxfund69e9ogcu2n,1,1.61,-0.61,14,6,7.14,0.11,21,7,20,2,30,78,35,44.9,64,30,46.9,169,63.3,84,56.0,107,47,14,3,21.4,0,38,27,439.1,11.6,292.2,10.8,2,0,0,0,,,,,,,,,2025/2026
178620961600198,"Milos Kerkez","Premier League",34,2260,c8h9bw1l82s06h77xxrelzhur,2,1.59,0.41,9,2,22.22,0.18,41,14,88,8,71,127,81,63.8,66,33,50.0,1070,85.3,389,78.9,913,307,79,15,19.0,2,238,147,2815.3,11.8,1570.3,10.7,2,0,9,0,,,,,,,,,2025/2026
178620961600199,"Evann Guessand","Premier League",21,916,1c8m2ko0wxq1asfkuykurdr0y,1,1.56,-0.56,11,6,9.09,0.14,24,5,43,3,10,131,58,44.3,24,11,45.8,187,82.3,79,77.2,154,61,11,0,0.0,0,86,49,1106.8,12.9,582.5,11.9,0,0,0,0,,,,,,,,,2025/2026
178620961600200,"Malo Gusto","Premier League",34,2267,9q0arba2kbnywth8bkxlhgmdr,2,1.56,0.44,12,6,16.67,0.13,53,31,122,2,39,155,86,55.5,33,15,45.5,1264,86.8,379,81.3,1097,308,58,12,20.7,9,312,161,3272.4,10.5,1302.5,8.1,3,0,9,1,,,,,,,,,2025/2026
178620961600201,"Marc Guiu","Premier League",10,266,9q0arba2kbnywth8bkxlhgmdr,0,1.55,-1.55,13,2,0.0,0.12,0,0,4,0,4,19,3,15.8,17,5,29.4,32,68.8,13,76.9,22,10,0,0,0.0,0,8,6,101.5,12.7,66.9,11.1,1,0,1,1,,,,,,,,,2025/2026
178620961600202,"Sander Berge","Premier League",35,2911,hzqh7z0mdl3v7gwete66syxp,0,1.54,-1.54,15,3,0.0,0.1,57,25,133,15,50,158,80,50.6,81,50,61.7,1729,89.8,350,84.6,1553,296,13,3,23.1,3,500,235,5391.2,10.8,2306.4,9.8,3,0,5,1,,,,,,,,,2025/2026
178620961600203,"Adam Wharton","Premier League",34,2562,1c8m2ko0wxq1asfkuykurdr0y,1,1.52,-0.52,32,6,3.12,0.05,70,27,165,3,42,233,116,49.8,55,24,43.6,1232,79.3,414,67.4,977,279,34,12,35.3,21,273,148,2658.3,9.7,1540.3,10.4,3,0,10,2,,,,,,,,,2025/2026
178620961600204,"Marcos Senesi","Premier League",37,3290,1pse9ta7a45pi2w2grjim70ge,0,1.52,-1.52,17,5,0.0,0.09,62,56,154,47,253,182,104,57.1,192,92,47.9,2319,77.7,621,53.1,1801,330,26,8,30.8,14,593,388,5919.2,10.0,4123.0,10.6,1,0,6,3,,,,,,,,,2025/2026
178620961600205,"Ross Barkley","Premier League",21,852,b496gs285it6bheuikox6z9mj,3,1.51,1.49,18,8,16.67,0.08,14,2,45,3,10,76,36,47.4,30,14,46.7,407,87.7,142,85.2,357,121,0,0,0.0,4,120,57,1485.6,12.4,668.4,11.7,4,0,2,0,,,,,,,,,2025/2026
178620961600206,"Mason Mount","Premier League",23,1018,6eqit8ye8aomdsrrq0hk3v7gh,3,1.5,1.5,19,5,15.79,0.08,24,9,60,1,9,94,43,45.7,21,7,33.3,429,81.6,180,81.1,350,146,13,0,0.0,7,81,41,844.1,10.4,391.3,9.5,3,0,2,0,,,,,,,,,2025/2026
178620961600207,"Federico Chiesa","Premier League",26,318,c8h9bw1l82s06h77xxrelzhur,2,1.5,0.5,17,5,11.76,0.09,8,4,9,1,7,46,17,37.0,8,3,37.5,113,71.7,62,67.7,81,42,17,0,0.0,1,47,32,546.8,11.6,375.5,11.7,5,0,1,0,,,,,,,,,2025/2026
178620961600208,"Marcus Edwards","Premier League",23,1064,64bxxwu2mv2qqlv0monbkj1om,1,1.49,-0.49,23,6,4.35,0.06,11,2,50,0,4,117,43,36.8,10,2,20.0,338,82.5,170,78.2,279,133,19,5,26.3,3,185,96,2249.1,12.2,1046.5,10.9,8,0,7,1,,,,,,,,,2025/2026
178620961600209,"Jaydee Canvot","Premier League",20,1334,1c8m2ko0wxq1asfkuykurdr0y,0,1.48,-1.48,7,1,0.0,0.21,39,12,54,13,103,85,48,56.5,56,37,66.1,765,88.2,150,79.3,675,119,5,0,0.0,1,155,100,1768.3,11.4,1182.4,11.8,0,0,1,0,,,,,,,,,2025/2026
178620961600210,"Oscar Bobb","Premier League",23,1037,hzqh7z0mdl3v7gwete66syxp,0,1.48,-1.48,12,3,0.0,0.12,21,9,42,0,3,121,65,53.7,13,6,46.2,401,85.8,195,84.1,344,164,9,3,33.3,2,121,68,1444.8,11.9,808.4,11.9,4,0,8,1,,,,,,,,,2025/2026
178620961600211,"Archie Gray","Premier League",24,1479,22doj4sgsocqpxw45h607udje,2,1.48,0.52,11,5,18.18,0.13,11,17,57,4,44,59,20,33.9,25,9,36.0,539,83.1,149,72.5,448,108,12,4,33.3,2,148,73,1679.6,11.3,724.8,9.9,1,0,3,2,,,,,,,,,2025/2026
178620961600212,"Joachim Andersen","Premier League",33,2877,hzqh7z0mdl3v7gwete66syxp,0,1.48,-1.48,16,4,0.0,0.09,45,36,114,19,229,113,62,54.9,110,79,71.8,2275,86.1,386,58.8,1958,227,15,4,26.7,0,556,335,5811.4,10.5,3301.1,9.9,1,0,1,1,,,,,,,,,2025/2026
178620961600213,"Nicolás Domínguez","Premier League",27,1175,1qtaiy11gswx327s0vkibf70n,1,1.47,-0.47,18,5,5.56,0.08,56,7,58,5,17,122,73,59.8,34,13,38.2,535,85.2,155,80.0,456,124,11,4,36.4,2,115,54,1202.9,10.5,595.1,11.0,0,0,2,0,,,,,,,,,2025/2026
178620961600214,"Matthijs de Ligt","Premier League",13,1170,6eqit8ye8aomdsrrq0hk3v7gh,1,1.46,-0.46,11,3,9.09,0.13,19,15,40,6,68,37,24,64.9,81,50,61.7,612,87.8,59,59.3,537,35,5,4,80.0,2,110,47,890.9,8.1,340.4,7.2,1,0,1,0,,,,,,,,,2025/2026
178620961600215,"Pascal Groß","Premier League",19,1636,e5p0ehyguld7egzhiedpdnc3w,1,1.45,-0.45,18,9,5.56,0.08,29,12,76,4,24,101,48,47.5,30,13,43.3,1073,85.9,364,73.6,922,268,56,21,37.5,2,257,135,2497.9,9.7,1299.5,9.6,0,0,10,2,,,,,,,,,2025/2026
178620961600216,"Moisés Caicedo","Premier League",33,2802,9q0arba2kbnywth8bkxlhgmdr,3,1.44,1.56,27,7,11.11,0.05,87,59,177,15,28,265,157,59.2,44,15,34.1,2053,91.7,482,81.7,1883,394,7,2,28.6,12,388,179,3680.4,9.5,1642.2,9.2,7,1,3,0,,,,,,,,,2025/2026
178620962905991,"Rio Robbemond","Conference League",1,27,3kfktv64h7kg7zryax1wktr5r,0,0.0,0.0,0,0,0.0,0.0,3,1,4,0,0,4,4,100.0,1,0,0.0,21,81.0,6,83.3,17,5,0,0,0.0,1,7,3,62.6,8.9,17.9,6.0,0,0,0,0,,,,,,,,,2025/2026
178620961600217,"Trevoh Chalobah","Premier League",34,2782,9q0arba2kbnywth8bkxlhgmdr,3,1.43,1.57,16,5,18.75,0.09,35,35,119,16,178,94,59,62.8,135,75,55.6,2283,93.0,241,75.9,2124,183,5,1,20.0,4,343,176,3165.5,9.2,1534.9,8.7,1,0,0,0,,,,,,,,,2025/2026
178620961600218,"Timothy Castagne","Premier League",30,1842,hzqh7z0mdl3v7gwete66syxp,0,1.42,-1.42,14,6,0.0,0.1,40,31,56,9,65,82,54,65.9,59,27,45.8,796,86.3,195,81.0,687,158,48,15,31.3,0,152,92,1662.4,10.9,978.6,10.6,0,0,2,0,,,,,,,,,2025/2026
178620961600219,"Noah Sadiki","Premier League",33,2894,1r3545b2dzan8yqa80gtmcjch,0,1.41,-1.41,18,5,0.0,0.08,46,34,114,10,44,200,112,56.0,30,11,36.7,1106,85.3,304,74.7,944,227,21,4,19.1,4,336,177,3637.3,10.8,1693.9,9.6,4,0,7,0,,,,,,,,,2025/2026
178620961600220,"Joe Rodon","Premier League",35,2953,48gk2hpqtsl6p9sx9kjhaydq4,2,1.41,0.59,18,7,11.11,0.08,37,29,85,22,185,86,55,64.0,166,85,51.2,1450,87.4,200,65.0,1267,130,6,3,50.0,0,257,136,2613.6,10.2,1504.5,11.1,0,0,1,0,,,,,,,,,2025/2026
178620961600221,"Lucas Bergvall","Premier League",23,966,22doj4sgsocqpxw45h607udje,1,1.4,-0.4,12,5,8.33,0.12,22,2,39,2,13,93,44,47.3,19,5,26.3,305,81.6,121,71.1,249,86,20,3,15.0,3,119,54,1490.6,12.5,649.8,12.0,0,0,3,1,,,,,,,,,2025/2026
178620961600222,"Leny Yoro","Premier League",32,1739,6eqit8ye8aomdsrrq0hk3v7gh,0,1.39,-1.39,9,3,0.0,0.15,32,31,73,11,85,70,39,55.7,78,44,56.4,987,88.5,171,77.2,873,132,3,1,33.3,1,235,136,2682.6,11.4,1607.4,11.8,0,0,0,0,,,,,,,,,2025/2026
178620961600223,"Dwight McNeil","Premier League",22,1168,ehd2iemqmschhj2ec0vayztzz,0,1.39,-1.39,24,5,0.0,0.06,23,10,62,3,13,85,37,43.5,18,7,38.9,324,81.5,129,72.1,264,93,28,5,17.9,4,120,44,1294.7,10.8,233.1,5.3,5,0,3,0,,,,,,,,,2025/2026
178620961600224,"Jacob Bruun Larsen","Premier League",28,1023,64bxxwu2mv2qqlv0monbkj1om,0,1.38,-1.38,17,4,0.0,0.08,12,6,31,1,13,64,22,34.4,28,11,39.3,292,81.5,138,77.5,238,107,24,5,20.8,2,105,56,1188.3,11.3,636.0,11.4,2,0,3,0,,,,,,,,,2025/2026
178620961600225,"Tyrone Mings","Premier League",17,1323,b496gs285it6bheuikox6z9mj,0,1.37,-1.37,9,1,0.0,0.15,5,11,47,9,83,31,14,45.2,67,40,59.7,936,90.0,122,67.2,842,82,4,1,25.0,1,221,105,2331.6,10.6,1044.2,9.9,0,0,2,0,,,,,,,,,2025/2026
178620961600226,"Adrien Truffert","Premier League",38,3380,1pse9ta7a45pi2w2grjim70ge,1,1.36,-0.36,16,6,6.25,0.09,103,48,188,10,143,301,168,55.8,98,44,44.9,1560,83.5,464,79.3,1302,368,141,32,22.7,0,440,279,4914.0,11.2,3154.2,11.3,3,0,7,1,,,,,,,,,2025/2026
178620961600227,"Lewis Miley","Premier League",23,1493,7vn2i2kd35zuetw6b38gw9jsz,1,1.34,-0.34,12,4,8.33,0.11,29,20,69,3,34,72,44,61.1,62,45,72.6,840,89.8,234,82.0,754,192,22,3,13.6,0,195,81,2084.8,10.7,654.7,8.1,0,0,4,0,,,,,,,,,2025/2026
178620961600228,"Nicolò Savona","Premier League",14,1026,1qtaiy11gswx327s0vkibf70n,2,1.34,0.66,5,3,40.0,0.27,20,4,27,3,29,58,27,46.6,12,7,58.3,399,78.7,118,67.0,314,79,27,8,29.6,0,69,29,731.1,10.6,100.6,3.5,1,0,1,0,,,,,,,,,2025/2026
178620961600229,Morato,"Premier League",21,1342,1qtaiy11gswx327s0vkibf70n,1,1.32,-0.32,5,2,20.0,0.26,30,11,53,13,87,65,42,64.6,37,23,62.2,757,85.3,93,61.3,646,57,2,0,0.0,1,143,76,1464.1,10.2,829.1,10.9,0,0,0,0,,,,,,,,,2025/2026
178620961600230,"Rio Ngumoha","Premier League",19,551,c8h9bw1l82s06h77xxrelzhur,2,1.31,0.69,16,6,12.5,0.08,4,3,19,1,3,79,46,58.2,5,0,0.0,192,87.0,128,85.9,167,110,21,7,33.3,0,154,84,1878.1,12.2,917.0,10.9,8,1,11,1,,,,,,,,,2025/2026
178620961600231,"Cristian Romero","Premier League",23,1872,22doj4sgsocqpxw45h607udje,4,1.31,2.69,17,6,23.53,0.08,58,30,88,14,94,132,82,62.1,102,73,71.6,1128,87.3,162,64.2,985,104,1,0,0.0,0,241,137,2140.9,8.9,1192.0,8.7,1,0,2,0,,,,,,,,,2025/2026
178620961600232,"Ian Maatsen","Premier League",30,1599,b496gs285it6bheuikox6z9mj,0,1.3,-1.3,20,5,0.0,0.06,43,19,82,1,64,177,83,46.9,30,18,60.0,715,86.0,255,80.8,615,206,48,9,18.8,0,230,141,2744.8,11.9,1446.9,10.3,0,0,6,0,,,,,,,,,2025/2026
178620961600233,"João Gomes","Premier League",35,2833,b9si1jn1lfxfund69e9ogcu2n,1,1.28,-0.28,19,7,5.26,0.07,107,36,194,6,45,394,199,50.5,54,27,50.0,1455,85.6,388,74.2,1245,288,32,11,34.4,4,442,211,5080.2,11.5,1820.2,8.6,5,0,2,0,,,,,,,,,2025/2026
178620961600234,"Pau Torres","Premier League",21,1676,b496gs285it6bheuikox6z9mj,0,1.27,-1.27,9,1,0.0,0.14,22,11,80,16,61,58,34,58.6,48,25,52.1,1168,89.0,203,71.4,1040,145,4,0,0.0,1,360,229,4234.9,11.8,2730.4,11.9,0,0,1,0,,,,,,,,,2025/2026
178620961600235,"Joe Willock","Premier League",24,980,7vn2i2kd35zuetw6b38gw9jsz,0,1.26,-1.26,17,6,0.0,0.07,20,9,52,2,6,95,38,40.0,21,10,47.6,359,84.1,149,78.5,302,117,15,3,20.0,4,139,83,1729.2,12.4,1020.9,12.3,6,0,2,1,,,,,,,,,2025/2026
178620961600236,"Loum Tchaouna","Premier League",29,1270,64bxxwu2mv2qqlv0monbkj1om,2,1.25,0.75,23,9,8.7,0.05,18,2,38,1,10,97,40,41.2,39,14,35.9,342,75.2,143,68.5,257,98,34,10,29.4,1,97,58,1197.3,12.3,664.3,11.5,4,1,8,0,,,,,,,,,2025/2026
178620961600237,"Sean Longstaff","Premier League",23,1006,48gk2hpqtsl6p9sx9kjhaydq4,2,1.25,0.75,16,4,12.5,0.08,38,12,43,6,11,108,57,52.8,22,10,45.5,449,84.6,123,67.5,380,83,7,2,28.6,1,83,37,899.0,10.8,290.2,7.8,0,0,3,0,,,,,,,,,2025/2026
178620961600238,"Ezri Konsa","Premier League",34,3036,b496gs285it6bheuikox6z9mj,0,1.25,-1.25,11,2,0.0,0.11,22,23,108,26,122,93,68,73.1,56,32,57.1,2098,95.5,221,80.1,2003,177,5,1,20.0,1,510,285,5212.1,10.2,2910.3,10.2,0,0,2,0,,,,,,,,,2025/2026
178620961600239,"Charly Alcaraz","Premier League",20,685,ehd2iemqmschhj2ec0vayztzz,0,1.24,-1.24,20,5,0.0,0.06,14,3,43,3,7,71,32,45.1,31,14,45.2,307,81.8,115,73.0,251,84,5,2,40.0,2,96,51,1008.5,10.5,415.2,8.1,2,0,3,1,,,,,,,,,2025/2026
178620961600240,"Martin Ødegaard","Premier League",24,1370,4dsgumo7d4zupm2ugsvm4zm4d,1,1.23,-0.23,22,8,4.55,0.06,19,7,70,0,6,89,37,41.6,8,3,37.5,828,84.7,398,76.6,701,305,12,3,25.0,20,325,142,3771.9,11.6,1379.9,9.7,9,0,14,2,,,,,,,,,2025/2026
178620961600241,"Noni Madueke","Premier League",26,1217,4dsgumo7d4zupm2ugsvm4zm4d,3,1.22,1.78,26,10,11.54,0.05,21,5,35,1,8,149,65,43.6,22,10,45.5,411,76.2,238,71.8,313,171,47,7,14.9,2,201,119,2534.6,12.6,1289.7,10.8,8,0,7,0,,,,,,,,,2025/2026
178620961600242,"Tom Cairney","Premier League",24,763,hzqh7z0mdl3v7gwete66syxp,2,1.21,0.79,17,2,11.76,0.07,7,4,43,1,7,47,22,46.8,13,10,76.9,692,92.6,191,83.8,641,160,3,1,33.3,4,204,101,2093.9,10.3,929.3,9.2,3,1,2,0,,,,,,,,,2025/2026
178620961600243,"Ibrahima Konaté","Premier League",36,3100,c8h9bw1l82s06h77xxrelzhur,1,1.21,-0.21,12,4,8.33,0.1,53,29,117,23,190,145,96,66.2,174,124,71.3,2168,89.6,318,78.3,1943,249,3,1,33.3,4,488,281,4878.5,10.0,2964.8,10.6,0,0,1,0,,,,,,,,,2025/2026
178620961600244,"Matt O'Riley","Premier League",6,203,e5p0ehyguld7egzhiedpdnc3w,1,1.2,-0.2,4,2,25.0,0.3,5,0,2,1,2,13,6,46.2,7,2,28.6,70,87.1,20,90.0,61,18,4,2,50.0,0,13,10,151.3,11.6,123.2,12.3,2,0,0,0,,,,,,,,,2025/2026
178620961600245,Kevin,"Premier League",26,1037,hzqh7z0mdl3v7gwete66syxp,1,1.2,-0.2,25,10,4.0,0.05,21,9,48,0,8,181,82,45.3,22,8,36.4,339,76.4,175,71.4,259,125,33,11,33.3,1,191,146,2397.8,12.6,1837.0,12.6,7,0,5,0,,,,,,,,,2025/2026
178620961600246,"Yehor Yarmoliuk","Premier League",37,2665,7yx5dqhhphyvfisohikodajhv,1,1.2,-0.2,16,4,6.25,0.08,70,28,187,14,41,224,97,43.3,58,32,55.2,1347,84.3,329,67.8,1136,223,30,8,26.7,2,314,136,3414.5,10.9,1057.3,7.8,2,0,3,0,,,,,,,,,2025/2026
178620961600247,"Jacob Ramsey","Premier League",28,1444,7vn2i2kd35zuetw6b38gw9jsz,2,1.19,0.81,16,4,12.5,0.07,41,9,85,4,10,123,70,56.9,21,9,42.9,707,89.8,248,83.1,635,206,9,4,44.4,4,218,102,2634.9,12.1,1036.0,10.2,1,0,7,0,,,,,,,,,2025/2026
178620961600248,"Matty Cash","Premier League",35,3020,b496gs285it6bheuikox6z9mj,3,1.19,1.81,30,10,10.0,0.04,66,22,88,14,84,207,105,50.7,59,32,54.2,1393,85.5,425,77.7,1191,330,83,14,16.9,2,346,140,3518.2,10.2,894.1,6.4,8,1,5,0,,,,,,,,,2025/2026
178620961600249,"Max Dowman","Premier League",6,153,4dsgumo7d4zupm2ugsvm4zm4d,1,1.18,-0.18,6,1,16.67,0.2,2,1,13,0,0,38,15,39.5,2,0,0.0,52,88.5,30,86.7,46,26,5,1,20.0,1,37,23,513.5,13.9,276.7,12.0,3,1,2,0,,,,,,,,,2025/2026
178620961600250,"Michael Kayode","Premier League",37,3264,7yx5dqhhphyvfisohikodajhv,1,1.18,-0.18,9,3,11.11,0.13,67,38,163,13,99,301,172,57.1,68,41,60.3,1141,85.0,259,71.8,970,186,56,14,25.0,2,363,192,4442.4,12.2,2121.8,11.1,3,0,7,0,,,,,,,,,2025/2026
178620961600251,"Youri Tielemans","Premier League",25,1862,b496gs285it6bheuikox6z9mj,0,1.17,-1.17,24,7,0.0,0.05,58,18,94,14,19,175,107,61.1,39,22,56.4,1129,84.9,376,74.7,959,281,24,7,29.2,13,201,109,2173.7,10.8,1090.7,10.0,3,0,5,0,,,,,,,,,2025/2026
178620961600252,"Ibrahim Sangaré","Premier League",28,2080,1qtaiy11gswx327s0vkibf70n,2,1.15,0.85,16,5,12.5,0.07,59,25,114,19,50,179,87,48.6,51,24,47.1,956,86.8,233,77.3,830,180,8,0,0.0,3,209,90,2049.7,9.8,850.1,9.4,1,0,3,1,,,,,,,,,2025/2026
178620961600253,"Lutsharel Geertruida","Premier League",28,1685,1r3545b2dzan8yqa80gtmcjch,0,1.15,-1.15,11,3,0.0,0.1,37,19,71,9,47,86,51,59.3,26,12,46.2,743,86.1,152,78.3,640,119,9,2,22.2,1,157,74,1582.4,10.1,707.8,9.6,3,0,3,0,,,,,,,,,2025/2026
178620961600254,"Kyle Walker-Peters","Premier League",23,1380,4txjdaqveermfryvbfrr4taf7,1,1.13,-0.13,5,3,20.0,0.23,44,9,59,4,34,130,85,65.4,31,12,38.7,596,85.6,190,80.0,510,152,20,1,5.0,1,140,91,1542.7,11.0,878.4,9.7,1,0,2,0,,,,,,,,,2025/2026
178620961600255,Rodri,"Premier League",21,1513,a3nyxabgsqlnqfkeg41m6tnpp,1,1.13,-0.13,16,3,6.25,0.07,41,14,107,3,41,127,79,62.2,50,39,78.0,1618,90.1,414,82.1,1458,340,6,1,16.7,6,321,159,3057.4,9.5,1391.4,8.8,2,0,3,0,,,,,,,,,2025/2026
178620961600256,"Álex Jiménez","Premier League",31,2323,1pse9ta7a45pi2w2grjim70ge,1,1.13,-0.13,21,4,4.76,0.05,69,27,135,10,41,242,128,52.9,35,13,37.1,868,80.2,305,71.2,696,217,51,11,21.6,6,347,235,4853.7,14.0,3275.6,13.9,4,0,5,0,,,,,,,,,2025/2026
178620961600257,"Harry Maguire","Premier League",23,1655,6eqit8ye8aomdsrrq0hk3v7gh,1,1.11,-0.11,14,4,7.14,0.08,22,13,62,11,105,61,39,63.9,79,59,74.7,851,86.1,113,58.4,733,66,4,1,25.0,0,254,139,2958.4,11.6,1688.5,12.1,1,0,0,0,,,,,,,,,2025/2026
178620961600258,"Joël Veltman","Premier League",24,1050,e5p0ehyguld7egzhiedpdnc3w,1,1.11,-0.11,4,1,25.0,0.28,31,18,40,6,44,80,55,68.8,32,20,62.5,442,81.7,132,73.5,361,97,19,2,10.5,1,104,58,1099.3,10.6,518.1,8.9,0,0,0,0,,,,,,,,,2025/2026
178620961600259,"Andy Robertson","Premier League",24,1172,c8h9bw1l82s06h77xxrelzhur,1,1.1,-0.1,10,3,10.0,0.11,12,8,40,3,32,28,16,57.1,29,14,48.3,711,83.3,265,79.3,592,210,47,12,25.5,2,118,73,1405.7,11.9,1003.9,13.8,4,1,2,0,,,,,,,,,2025/2026
178620961600260,"Gabriel Gudmundsson","Premier League",32,2637,48gk2hpqtsl6p9sx9kjhaydq4,0,1.1,-1.1,18,3,0.0,0.06,65,27,112,7,83,282,160,56.7,50,18,36.0,957,76.3,261,64.8,730,169,87,23,26.4,1,302,203,3805.5,12.6,2588.7,12.8,2,0,10,0,,,,,,,,,2025/2026
178620961600261,"Will Hughes","Premier League",31,1568,1c8m2ko0wxq1asfkuykurdr0y,0,1.09,-1.09,17,0,0.0,0.06,27,15,66,8,28,119,62,52.1,41,17,41.5,678,81.3,231,73.2,551,169,16,2,12.5,0,121,71,1319.7,10.9,780.7,11.0,2,0,1,0,,,,,,,,,2025/2026
178620961600262,"Antonee Robinson","Premier League",22,1492,hzqh7z0mdl3v7gwete66syxp,1,1.07,-0.07,6,1,16.67,0.18,48,29,98,3,55,122,69,56.6,30,18,60.0,800,80.0,247,73.7,640,182,77,14,18.2,1,229,140,2681.8,11.7,1554.0,11.1,1,0,8,0,,,,,,,,,2025/2026
178620961600263,"Conor Gallagher","Premier League",16,1190,22doj4sgsocqpxw45h607udje,1,1.07,-0.07,11,4,9.09,0.1,23,18,73,4,6,115,57,49.6,23,9,39.1,524,84.7,147,81.6,444,120,23,6,26.1,0,127,55,1374.2,10.8,346.0,6.3,0,0,3,1,,,,,,,,,2025/2026
178620961600264,"Dan Burn","Premier League",29,2199,7vn2i2kd35zuetw6b38gw9jsz,1,1.06,-0.06,10,3,10.0,0.11,40,21,76,11,152,114,53,46.5,162,98,60.5,1054,79.3,211,52.1,836,110,14,1,7.1,1,181,95,1922.0,10.6,892.4,9.4,0,0,2,1,,,,,,,,,2025/2026
178620961600265,"Dan Ndoye","Premier League",24,1176,1qtaiy11gswx327s0vkibf70n,1,1.06,-0.06,15,4,6.67,0.07,23,10,50,2,12,124,58,46.8,25,11,44.0,282,78.4,132,75.0,221,99,38,8,21.1,1,170,103,2254.9,13.3,1326.9,12.9,6,0,9,0,,,,,,,,,2025/2026
178620961600266,"Pedro Porro","Premier League",34,2798,22doj4sgsocqpxw45h607udje,1,1.05,-0.05,32,8,3.12,0.03,76,31,133,10,102,226,121,53.5,44,19,43.2,1470,75.0,567,67.4,1102,382,155,35,22.6,4,343,204,3678.4,10.7,2168.1,10.6,3,0,8,0,,,,,,,,,2025/2026
178620961600267,Pablo,"Premier League",14,826,4txjdaqveermfryvbfrr4taf7,0,1.05,-1.05,12,3,0.0,0.09,26,4,28,2,12,95,42,44.2,63,21,33.3,201,73.6,87,65.5,148,57,5,2,40.0,3,51,19,499.7,9.8,184.0,9.7,2,0,5,0,,,,,,,,,2025/2026
178620961600268,"Reece James","Premier League",29,1961,9q0arba2kbnywth8bkxlhgmdr,2,1.04,0.96,22,7,9.09,0.05,48,33,102,6,41,142,81,57.0,47,31,66.0,1324,89.0,369,81.6,1178,301,53,12,22.6,6,277,131,2642.1,9.5,949.4,7.2,3,0,2,0,,,,,,,,,2025/2026
178620961600269,"James Milner","Premier League",20,778,e5p0ehyguld7egzhiedpdnc3w,1,1.02,-0.02,8,2,12.5,0.13,15,6,40,1,19,46,19,41.3,16,6,37.5,487,86.9,138,74.6,423,103,9,3,33.3,1,74,42,697.4,9.4,337.2,8.0,1,0,2,0,,,,,,,,,2025/2026
178620961600270,"Granit Xhaka","Premier League",34,2903,1r3545b2dzan8yqa80gtmcjch,1,1.02,-0.02,21,5,4.76,0.05,50,29,179,20,85,166,99,59.6,91,56,61.5,1807,83.7,600,73.5,1512,441,26,7,26.9,8,348,179,3475.1,10.0,1628.1,9.1,2,0,1,0,,,,,,,,,2025/2026
178620961600271,"Axel Disasi","Premier League",14,1255,4txjdaqveermfryvbfrr4taf7,0,1.02,-1.02,5,3,0.0,0.2,14,13,32,12,49,29,20,69.0,31,18,58.1,566,86.6,65,56.9,490,37,0,0,0.0,0,110,54,1158.3,10.5,623.4,11.5,1,0,0,0,,,,,,,,,2025/2026
178620961600272,"Lewis Hall","Premier League",30,2179,7vn2i2kd35zuetw6b38gw9jsz,1,1.01,-0.01,25,6,4.0,0.04,54,28,134,14,77,233,132,56.7,58,26,44.8,1261,85.3,411,78.8,1075,324,61,11,18.0,3,336,195,3691.8,11.0,2028.3,10.4,5,0,3,0,,,,,,,,,2025/2026
178620961600273,"Jean-Ricner Bellegarde","Premier League",26,1251,b9si1jn1lfxfund69e9ogcu2n,1,0.99,0.01,21,7,4.76,0.05,28,10,44,3,20,141,86,61.0,30,9,30.0,428,79.4,163,71.8,340,117,17,4,23.5,5,173,98,2241.8,13.0,1296.6,13.2,7,0,1,0,,,,,,,,,2025/2026
178620961600274,"Fabian Schär","Premier League",16,1091,7vn2i2kd35zuetw6b38gw9jsz,0,0.98,-0.98,17,4,0.0,0.06,14,18,43,11,71,41,20,48.8,73,46,63.0,796,84.4,146,53.4,672,78,4,1,25.0,1,155,73,1317.5,8.5,679.5,9.3,1,0,0,0,,,,,,,,,2025/2026
178620961600275,"Kenny Tete","Premier League",22,1794,hzqh7z0mdl3v7gwete66syxp,1,0.96,0.04,16,3,6.25,0.06,65,27,82,6,68,173,104,60.1,45,27,60.0,886,84.4,183,79.2,748,145,34,13,38.2,1,167,84,1828.8,11.0,689.1,8.2,2,0,2,0,,,,,,,,,2025/2026
178620961600276,"Joël Piroe","Premier League",16,246,48gk2hpqtsl6p9sx9kjhaydq4,0,0.96,-0.96,14,3,0.0,0.07,2,1,9,0,1,14,3,21.4,19,5,26.3,97,81.4,40,75.0,79,30,4,1,25.0,0,19,8,174.1,9.2,43.6,5.4,2,0,0,0,,,,,,,,,2025/2026
178620961600277,"Niclas Füllkrug","Premier League",8,408,4txjdaqveermfryvbfrr4taf7,0,0.92,-0.92,9,3,0.0,0.1,2,2,10,1,4,19,3,15.8,50,18,36.0,93,61.3,41,43.9,57,18,0,0,0.0,0,7,3,67.9,9.7,2.3,0.8,0,0,0,0,,,,,,,,,2025/2026
178620961600278,"Vitaly Janelt","Premier League",25,1437,7yx5dqhhphyvfisohikodajhv,1,0.91,0.09,12,3,8.33,0.08,27,30,85,7,34,94,43,45.7,38,23,60.5,811,87.3,217,76.0,708,165,18,5,27.8,2,161,87,1679.7,10.4,798.2,9.2,0,0,4,0,,,,,,,,,2025/2026
178620961600279,"Daniel James","Premier League",19,553,48gk2hpqtsl6p9sx9kjhaydq4,0,0.91,-0.91,14,3,0.0,0.06,7,1,19,0,8,43,21,48.8,14,7,50.0,119,60.5,62,66.1,72,41,50,7,14.0,1,72,45,832.0,11.6,489.3,10.9,4,0,4,0,,,,,,,,,2025/2026
178620961600280,"Djed Spence","Premier League",30,2056,22doj4sgsocqpxw45h607udje,0,0.9,-0.9,13,8,0.0,0.07,44,18,111,3,52,205,98,47.8,49,23,46.9,882,80.8,287,71.8,713,206,51,10,19.6,0,322,171,4003.0,12.4,2134.3,12.5,5,0,5,0,,,,,,,,,2025/2026
178620961600281,"Josh Cullen","Premier League",18,1519,64bxxwu2mv2qqlv0monbkj1om,2,0.9,1.1,11,6,18.18,0.08,31,22,73,11,35,88,49,55.7,33,17,51.5,866,84.1,255,64.3,728,164,8,0,0.0,6,104,47,953.7,9.2,433.0,9.2,0,0,1,0,,,,,,,,,2025/2026
178620961600282,"Hannibal Mejbri","Premier League",27,1231,64bxxwu2mv2qqlv0monbkj1om,1,0.89,0.11,19,5,5.26,0.05,29,8,65,3,7,174,96,55.2,32,6,18.8,510,77.3,235,73.2,394,172,25,9,36.0,6,187,111,2094.3,11.2,1293.2,11.7,6,0,7,3,,,,,,,,,2025/2026
178620961600283,"James Hill","Premier League",29,2104,1pse9ta7a45pi2w2grjim70ge,0,0.89,-0.89,12,2,0.0,0.07,39,39,75,14,168,86,52,60.5,174,114,65.5,1037,77.7,194,41.8,806,81,11,2,18.2,2,208,111,1839.8,8.8,1005.3,9.1,0,0,2,2,,,,,,,,,2025/2026
178620961600284,"Jaka Bijol","Premier League",25,1893,48gk2hpqtsl6p9sx9kjhaydq4,1,0.88,0.12,15,6,6.67,0.06,26,24,63,14,160,63,38,60.3,126,66,52.4,1010,84.8,157,49.0,857,77,1,0,0.0,0,248,156,2745.7,11.1,1678.4,10.8,0,0,0,0,,,,,,,,,2025/2026
178620961600285,"Hugo Bueno","Premier League",35,2364,b9si1jn1lfxfund69e9ogcu2n,1,0.86,0.14,16,6,6.25,0.05,67,38,115,4,67,251,122,48.6,42,19,45.2,848,80.5,239,74.9,683,179,113,41,36.3,0,351,232,4394.1,12.5,2815.7,12.1,3,0,8,1,,,,,,,,,2025/2026
178620961600286,"William Saliba","Premier League",31,2615,4dsgumo7d4zupm2ugsvm4zm4d,1,0.86,0.14,5,1,20.0,0.17,35,17,113,7,133,99,58,58.6,132,73,55.3,2104,92.9,311,83.0,1954,258,9,4,44.4,7,393,225,3806.2,9.7,2345.9,10.4,0,0,0,0,,,,,,,,,2025/2026
178620961600287,"Romaine Mundle","Premier League",14,400,1r3545b2dzan8yqa80gtmcjch,0,0.86,-0.86,7,2,0.0,0.12,5,1,22,0,6,55,19,34.5,8,5,62.5,104,85.6,40,80.0,89,32,11,2,18.2,0,60,22,729.6,12.2,218.6,9.9,3,0,0,0,,,,,,,,,2025/2026
178620961600288,"Josh Laurent","Premier League",33,1759,64bxxwu2mv2qqlv0monbkj1om,1,0.85,0.15,14,4,7.14,0.06,48,27,64,8,39,145,68,46.9,50,26,52.0,643,78.1,165,61.8,502,102,15,4,26.7,1,137,81,1582.3,11.6,869.9,10.7,4,0,3,0,,,,,,,,,2025/2026
178620961600289,"Nikola Milenkovic","Premier League",38,3375,1qtaiy11gswx327s0vkibf70n,0,0.84,-0.84,16,1,0.0,0.05,31,29,108,36,218,86,54,62.8,128,89,69.5,1539,86.6,203,60.1,1333,122,2,0,0.0,1,241,123,2358.8,9.8,1215.4,9.9,1,0,1,0,,,,,,,,,2025/2026
178620961600290,"Chris Rigg","Premier League",18,766,1r3545b2dzan8yqa80gtmcjch,1,0.84,0.16,12,3,8.33,0.07,13,4,29,1,10,52,28,53.8,13,4,30.8,213,71.8,81,65.4,153,53,11,4,36.4,2,57,24,565.3,9.9,166.8,7.0,2,0,2,0,,,,,,,,,2025/2026
178620961600291,"Jamie Gittens","Premier League",16,490,9q0arba2kbnywth8bkxlhgmdr,0,0.82,-0.82,10,2,0.0,0.08,8,2,15,1,3,49,29,59.2,10,3,30.0,149,79.2,68,72.1,118,49,13,3,23.1,2,78,40,1023.4,13.1,467.9,11.7,4,0,6,2,,,,,,,,,2025/2026
178620963708732,"Ben Winterbottom","League Two",3,257,2h0f9b45mwop10akb6bp7qx3,,,,,,,,,,,,,,,,,,,,,,,,,,,,,,,,,,,,,,,5,11,68.8,5.0,0.0,1.0,,,2025/2026
178620961600292,"Issa Diop","Premier League",13,814,hzqh7z0mdl3v7gwete66syxp,1,0.8,0.2,2,1,50.0,0.4,6,6,19,7,42,21,10,47.6,25,15,60.0,494,87.7,48,58.3,433,28,1,0,0.0,0,124,62,1202.5,9.7,660.9,10.7,0,0,0,0,,,,,,,,,2025/2026
178620961600293,"Harrison Armstrong","Premier League",13,528,ehd2iemqmschhj2ec0vayztzz,0,0.79,-0.79,5,2,0.0,0.16,13,4,25,1,8,50,28,56.0,13,6,46.2,206,80.6,88,69.3,166,61,2,0,0.0,1,58,27,638.7,11.0,291.5,10.8,0,0,2,0,,,,,,,,,2025/2026
178620961600294,"Lorenzo Lucca","Premier League",4,127,1qtaiy11gswx327s0vkibf70n,1,0.79,0.21,4,1,25.0,0.2,0,1,3,0,3,7,2,28.6,9,5,55.6,16,56.3,7,42.9,9,3,0,0,0.0,0,3,1,33.3,11.1,-8.7,-8.7,0,0,0,0,,,,,,,,,2025/2026
178620961600295,"Kristoffer Ajer","Premier League",27,1807,7yx5dqhhphyvfisohikodajhv,0,0.78,-0.78,10,3,0.0,0.08,37,18,59,16,119,89,45,50.6,105,60,57.1,706,80.0,128,44.5,565,57,7,1,14.3,0,160,91,1977.1,12.4,1186.4,13.0,1,0,0,0,,,,,,,,,2025/2026
178620961600296,"Nilson Angulo","Premier League",8,406,1r3545b2dzan8yqa80gtmcjch,0,0.78,-0.78,7,3,0.0,0.11,10,5,9,0,11,48,20,41.7,13,5,38.5,78,73.1,34,61.8,57,21,4,0,0.0,0,39,27,468.3,12.0,297.9,11.0,5,0,0,0,,,,,,,,,2025/2026
178620961600297,"Merlin Röhl","Premier League",16,677,ehd2iemqmschhj2ec0vayztzz,1,0.78,0.22,11,1,9.09,0.07,25,4,28,2,9,84,35,41.7,38,15,39.5,169,77.5,58,69.0,131,40,5,3,60.0,0,53,30,725.3,13.7,437.5,14.6,2,0,3,0,,,,,,,,,2025/2026
178620961600298,"Carlos Baleba","Premier League",31,1662,e5p0ehyguld7egzhiedpdnc3w,0,0.75,-0.75,20,2,0.0,0.04,37,29,105,6,32,154,73,47.4,50,29,58.0,748,86.1,153,68.6,644,105,0,0,0.0,2,187,94,2059.8,11.0,979.0,10.4,3,0,0,0,,,,,,,,,2025/2026
178620961600299,"Rodrigo Bentancur","Premier League",26,1892,22doj4sgsocqpxw45h607udje,1,0.74,0.26,13,3,7.69,0.06,56,35,130,7,48,134,84,62.7,76,31,40.8,1018,85.8,208,76.4,873,159,7,1,14.3,3,215,80,2123.7,9.9,577.8,7.2,1,0,4,0,,,,,,,,,2025/2026
178620961600300,Murillo,"Premier League",25,2133,1qtaiy11gswx327s0vkibf70n,1,0.74,0.26,11,4,9.09,0.07,35,34,102,22,130,92,50,54.3,46,24,52.2,1132,83.6,206,63.1,946,130,2,0,0.0,3,201,110,1944.2,9.7,986.2,9.0,1,0,3,0,,,,,,,,,2025/2026
178620961600301,"Nathan Aké","Premier League",18,688,a3nyxabgsqlnqfkeg41m6tnpp,0,0.72,-0.72,6,1,0.0,0.12,8,5,17,1,31,22,16,72.7,30,18,60.0,496,88.7,135,81.5,440,110,4,3,75.0,0,116,72,1243.5,10.7,807.3,11.2,0,0,1,0,,,,,,,,,2025/2026
178620961600302,"Lucas Digne","Premier League",31,1852,b496gs285it6bheuikox6z9mj,0,0.72,-0.72,14,5,0.0,0.05,36,15,63,4,61,96,52,54.2,61,35,57.4,731,80.8,234,76.5,591,179,73,18,24.7,1,118,73,1145.6,9.7,638.5,8.7,0,0,4,2,,,,,,,,,2025/2026
178620961600303,"Wesley Fofana","Premier League",25,1726,9q0arba2kbnywth8bkxlhgmdr,0,0.72,-0.72,8,1,0.0,0.09,19,40,81,19,129,85,45,52.9,103,69,67.0,1253,92.1,144,83.3,1154,120,2,1,50.0,0,280,123,2788.3,10.0,1187.5,9.7,0,0,1,1,,,,,,,,,2025/2026
178620961600304,"Maxime Estève","Premier League",34,2937,64bxxwu2mv2qqlv0monbkj1om,0,0.72,-0.72,10,1,0.0,0.07,44,37,114,32,221,92,59,64.1,118,80,67.8,1347,86.9,156,59.0,1170,92,6,2,33.3,0,208,123,2195.9,10.6,1331.3,10.8,0,0,0,0,,,,,,,,,2025/2026
178620961600305,"Luke Shaw","Premier League",38,3231,6eqit8ye8aomdsrrq0hk3v7gh,1,0.71,0.29,10,3,10.0,0.07,74,46,107,9,95,185,104,56.2,118,64,54.2,1712,86.8,379,81.5,1486,309,42,6,14.3,4,359,211,3880.9,10.8,2265.6,10.7,2,0,5,0,,,,,,,,,2025/2026
178620961600306,"Manuel Ugarte","Premier League",22,881,6eqit8ye8aomdsrrq0hk3v7gh,0,0.71,-0.71,13,1,0.0,0.05,46,20,51,5,20,122,68,55.7,26,11,42.3,502,85.1,123,78.9,427,97,1,0,0.0,1,123,52,1214.0,9.9,494.0,9.5,2,0,0,0,,,,,,,,,2025/2026
178620961600307,"Reiss Nelson","Premier League",10,118,7yx5dqhhphyvfisohikodajhv,0,0.71,-0.71,5,1,0.0,0.14,4,0,16,1,2,24,11,45.8,0,0,0.0,74,91.9,33,90.9,68,30,2,0,0.0,0,33,16,442.2,13.4,170.6,10.7,0,0,0,0,,,,,,,,,2025/2026
178620961600308,"Nico González","Premier League",25,1567,a3nyxabgsqlnqfkeg41m6tnpp,1,0.7,0.3,14,2,7.14,0.05,42,24,90,6,44,129,72,55.8,61,33,54.1,1316,90.3,355,84.2,1189,299,3,1,33.3,1,276,143,2687.4,9.7,1467.2,10.3,2,0,1,0,,,,,,,,,2025/2026
178620961600309,"Fábio Carvalho","Premier League",6,100,7yx5dqhhphyvfisohikodajhv,1,0.7,0.3,2,1,50.0,0.35,3,0,5,0,0,7,4,57.1,4,1,25.0,25,80.0,6,83.3,20,5,3,0,0.0,0,6,4,95.7,15.9,75.5,18.9,0,0,0,0,,,,,,,,,2025/2026
178620961600310,"Adama Traoré","Premier League",24,377,4txjdaqveermfryvbfrr4taf7,0,0.69,-0.69,7,1,0.0,0.1,2,0,14,0,2,50,22,44.0,14,1,7.1,104,77.9,55,74.5,81,41,27,5,18.5,1,63,48,931.0,14.8,639.7,13.3,3,0,0,0,,,,,,,,,2025/2026
178620961600311,"Abdukodir Khusanov","Premier League",21,1429,a3nyxabgsqlnqfkeg41m6tnpp,0,0.68,-0.68,7,1,0.0,0.1,27,33,75,9,56,61,40,65.6,30,15,50.0,1080,91.8,157,82.8,991,130,3,1,33.3,0,243,121,2632.3,10.8,1167.0,9.6,1,0,3,0,,,,,,,,,2025/2026
178620961600312,Florentino,"Premier League",31,2112,64bxxwu2mv2qqlv0monbkj1om,0,0.66,-0.66,13,2,0.0,0.05,90,41,113,14,56,211,105,49.8,51,24,47.1,1042,85.5,231,74.0,891,171,11,1,9.1,3,162,72,1509.1,9.3,576.3,8.0,3,0,1,0,,,,,,,,,2025/2026
178620961600313,"Josh Acheampong","Premier League",17,663,9q0arba2kbnywth8bkxlhgmdr,1,0.63,0.37,4,2,25.0,0.16,11,11,26,2,20,48,31,64.6,18,11,61.1,478,92.0,52,73.1,440,38,1,1,100.0,0,134,52,1382.7,10.3,572.5,11.0,0,0,0,0,,,,,,,,,2025/2026
178620961600314,"Tyrique George","Premier League",15,353,ehd2iemqmschhj2ec0vayztzz,0,0.63,-0.63,10,5,0.0,0.06,7,2,14,0,0,42,16,38.1,3,1,33.3,111,80.2,53,79.3,89,42,11,5,45.5,0,58,26,592.4,10.2,170.1,6.5,4,0,3,0,,,,,,,,,2025/2026
178620961600315,"Axel Tuanzebe","Premier League",14,1202,64bxxwu2mv2qqlv0monbkj1om,1,0.61,0.39,2,1,50.0,0.3,14,11,40,10,83,34,16,47.1,46,22,47.8,569,84.5,61,50.8,481,31,1,0,0.0,0,111,59,1107.8,10.0,553.4,9.4,0,0,0,0,,,,,,,,,2025/2026
178620961600316,"Tyler Adams","Premier League",25,1778,1pse9ta7a45pi2w2grjim70ge,2,0.6,1.4,10,6,20.0,0.06,53,33,96,9,42,138,69,50.0,49,27,55.1,1010,87.1,227,79.7,880,181,3,2,66.7,2,218,96,2132.6,9.8,876.0,9.1,3,1,0,0,,,,,,,,,2025/2026
178620963307090,"Alan Mwamba",Championship,0,0,2ezfenuwk3y65p8jdbj55xqt0,0,0.0,0.0,0,0,0.0,0.0,0,0,0,0,0,0,0,0.0,0,0,0.0,0,0.0,0,0.0,0,0,0,0,0.0,0,0,0,0.0,0.0,0.0,0.0,0,0,0,0,,,,,,,,,2025/2026
178620961600317,"Tim Iroegbunam","Premier League",29,1485,ehd2iemqmschhj2ec0vayztzz,0,0.6,-0.6,12,1,0.0,0.05,68,22,78,12,9,191,103,53.9,38,22,57.9,490,81.4,147,73.5,399,108,3,0,0.0,1,153,73,1672.9,10.9,793.7,10.9,4,0,1,0,,,,,,,,,2025/2026
178620961600318,"Rayan Aït-Nouri","Premier League",17,976,a3nyxabgsqlnqfkeg41m6tnpp,0,0.59,-0.59,10,2,0.0,0.06,35,13,49,1,18,121,67,55.4,23,14,60.9,590,90.3,205,88.8,533,182,16,3,18.8,1,169,99,2033.2,12.0,1236.6,12.5,2,0,2,0,,,,,,,,,2025/2026
178620961600319,"Kevin Danso","Premier League",24,1491,22doj4sgsocqpxw45h607udje,0,0.59,-0.59,11,2,0.0,0.05,27,25,45,10,135,76,41,53.9,123,79,64.2,954,86.9,122,58.2,829,71,7,0,0.0,0,242,136,2477.0,10.2,1392.5,10.2,0,0,0,0,,,,,,,,,2025/2026
178620961600320,"Lucas Pires","Premier League",20,1406,64bxxwu2mv2qqlv0monbkj1om,0,0.58,-0.58,16,4,0.0,0.04,29,20,86,5,39,109,51,46.8,12,3,25.0,560,83.9,179,78.2,470,140,37,5,13.5,2,162,79,1698.4,10.5,766.3,9.7,3,0,5,0,,,,,,,,,2025/2026
178620961600321,"Jadon Sancho","Premier League",23,873,b496gs285it6bheuikox6z9mj,0,0.58,-0.58,10,3,0.0,0.06,7,2,26,0,9,57,25,43.9,9,3,33.3,378,83.6,211,80.1,316,169,19,2,10.5,0,119,62,1430.1,12.0,707.1,11.4,6,0,6,0,,,,,,,,,2025/2026
178620961600322,"Maximilian Kilman","Premier League",21,1559,4txjdaqveermfryvbfrr4taf7,0,0.57,-0.57,7,1,0.0,0.08,16,9,43,24,111,50,22,44.0,82,47,57.3,687,87.9,84,51.2,604,43,3,1,33.3,0,156,81,1608.7,10.3,928.6,11.5,0,0,0,0,,,,,,,,,2025/2026
178620961600323,"El Hadji Malick Diouf","Premier League",32,2711,4txjdaqveermfryvbfrr4taf7,0,0.57,-0.57,18,4,0.0,0.03,44,33,126,12,116,173,92,53.2,82,45,54.9,1038,74.4,269,63.6,772,171,97,25,25.8,4,246,150,2866.0,11.7,1771.3,11.8,3,0,6,2,,,,,,,,,2025/2026
178620961600324,"Rúben Dias","Premier League",26,2140,a3nyxabgsqlnqfkeg41m6tnpp,2,0.56,1.44,10,4,20.0,0.06,13,23,73,17,117,47,24,51.1,89,58,65.2,1752,93.0,279,85.0,1629,237,9,3,33.3,1,469,260,4775.4,10.2,2732.9,10.5,1,0,1,0,,,,,,,,,2025/2026
178620961600325,"Bertrand Traoré","Premier League",12,638,1r3545b2dzan8yqa80gtmcjch,1,0.56,0.44,13,6,7.69,0.04,11,2,18,3,6,68,36,52.9,18,6,33.3,180,79.4,80,76.3,143,61,13,1,7.7,0,73,34,751.4,10.3,172.4,5.1,6,1,3,0,,,,,,,,,2025/2026
178620961600326,"Emmanuel Agbadou","Premier League",14,1101,b9si1jn1lfxfund69e9ogcu2n,0,0.56,-0.56,10,3,0.0,0.06,32,13,66,15,65,64,41,64.1,41,26,63.4,659,83.0,137,54.0,547,74,14,4,28.6,2,159,72,1561.8,9.8,673.6,9.4,0,0,2,0,,,,,,,,,2025/2026
178620961600327,"Dilane Bakwa","Premier League",14,552,1qtaiy11gswx327s0vkibf70n,0,0.55,-0.55,9,3,0.0,0.06,4,0,28,1,2,59,26,44.1,5,1,20.0,196,79.1,89,75.3,155,67,28,6,21.4,2,96,54,1098.0,11.4,536.4,9.9,4,0,3,1,,,,,,,,,2025/2026
178620961600328,"Oliver Sonne","Premier League",7,165,64bxxwu2mv2qqlv0monbkj1om,1,0.55,0.45,3,1,33.33,0.18,2,1,4,0,4,11,3,27.3,7,5,71.4,59,66.1,26,57.7,39,15,5,1,20.0,0,13,8,89.8,6.9,33.9,4.2,0,0,0,0,,,,,,,,,2025/2026
178620961600329,"Toti Gomes","Premier League",19,1427,b9si1jn1lfxfund69e9ogcu2n,0,0.53,-0.53,5,2,0.0,0.11,23,14,53,11,95,66,44,66.7,44,24,54.5,816,85.9,110,60.9,701,67,11,3,27.3,0,177,90,1783.8,10.1,883.8,9.8,0,0,0,0,,,,,,,,,2025/2026
178620961600330,"Douglas Luiz","Premier League",21,923,b496gs285it6bheuikox6z9mj,1,0.53,0.47,11,5,9.09,0.05,23,15,52,4,12,71,43,60.6,21,9,42.9,653,90.0,180,78.3,588,141,16,3,18.8,0,146,74,1572.1,10.8,766.1,10.4,1,0,0,0,,,,,,,,,2025/2026
178620961600331,André,"Premier League",35,2766,b9si1jn1lfxfund69e9ogcu2n,1,0.52,0.48,15,1,6.67,0.03,82,30,212,13,50,272,144,52.9,19,4,21.1,1311,91.4,229,82.5,1198,189,13,3,23.1,1,288,135,2882.2,10.0,1263.4,9.4,3,1,4,0,,,,,,,,,2025/2026
178620961600332,"Jeremie Frimpong","Premier League",21,1039,c8h9bw1l82s06h77xxrelzhur,0,0.51,-0.51,10,2,0.0,0.05,11,6,52,0,13,101,50,49.5,17,7,41.2,441,84.6,190,82.6,373,157,51,11,21.6,0,156,113,1916.3,12.3,1365.2,12.1,0,0,8,1,,,,,,,,,2025/2026
178620961600333,"Ryan Yates","Premier League",22,604,1qtaiy11gswx327s0vkibf70n,0,0.5,-0.5,9,2,0.0,0.06,16,9,18,3,23,54,30,55.6,30,20,66.7,260,78.1,85,65.9,203,56,4,2,50.0,0,23,7,208.3,9.1,39.1,5.6,1,0,0,0,,,,,,,,,2025/2026
178620961600334,"Leon Bailey","Premier League",13,452,b496gs285it6bheuikox6z9mj,0,0.49,-0.49,8,1,0.0,0.06,10,3,31,0,4,61,20,32.8,10,4,40.0,139,77.0,83,78.3,107,65,9,2,22.2,1,74,46,976.3,13.2,561.4,12.2,4,0,2,1,,,,,,,,,2025/2026
178620961600335,"Christantus Uche","Premier League",14,159,1c8m2ko0wxq1asfkuykurdr0y,0,0.49,-0.49,6,2,0.0,0.08,1,0,9,0,3,27,8,29.6,21,8,38.1,59,59.3,33,51.5,35,17,6,0,0.0,0,19,11,182.4,9.6,109.7,10.0,0,0,0,0,,,,,,,,,2025/2026
178620961600336,"Ben Davies","Premier League",3,138,22doj4sgsocqpxw45h607udje,1,0.49,0.51,2,2,50.0,0.25,5,1,5,1,8,8,5,62.5,7,4,57.1,65,86.2,16,81.3,56,13,3,2,66.7,0,14,5,126.5,9.0,60.8,12.2,0,0,0,0,,,,,,,,,2025/2026
178620961600337,"Boubacar Kamara","Premier League",18,1418,b496gs285it6bheuikox6z9mj,1,0.49,0.51,7,4,14.29,0.07,37,18,65,7,20,148,80,54.1,56,36,64.3,818,88.3,238,83.2,722,198,1,0,0.0,4,182,83,1750.6,9.6,770.3,9.3,1,0,1,0,,,,,,,,,2025/2026
178620961600338,"Kobbie Mainoo","Premier League",28,1653,6eqit8ye8aomdsrrq0hk3v7gh,1,0.48,0.52,13,3,7.69,0.04,36,20,95,10,25,147,77,52.4,39,15,38.5,1047,89.2,266,86.1,934,229,13,4,30.8,3,258,141,2778.2,10.8,1448.6,10.3,3,0,4,0,,,,,,,,,2025/2026
178620961600339,"Ilia Gruev","Premier League",23,1322,48gk2hpqtsl6p9sx9kjhaydq4,0,0.47,-0.47,7,1,0.0,0.07,24,15,51,6,19,79,38,48.1,34,14,41.2,584,89.5,99,80.8,523,80,4,0,0.0,1,71,24,633.3,8.9,94.1,3.9,1,0,2,2,,,,,,,,,2025/2026
178620961600340,"Ben White","Premier League",12,704,4dsgumo7d4zupm2ugsvm4zm4d,0,0.46,-0.46,5,1,0.0,0.09,15,9,28,4,25,40,24,60.0,27,12,44.4,354,81.6,148,78.4,289,116,16,3,18.8,3,54,31,605.8,11.2,317.6,10.2,1,0,3,1,,,,,,,,,2025/2026
178620961600341,"Stefanos Tzimas","Premier League",9,133,e5p0ehyguld7egzhiedpdnc3w,1,0.46,0.54,4,1,25.0,0.12,3,0,10,1,1,21,5,23.8,2,0,0.0,24,70.8,11,54.5,17,6,1,0,0.0,1,13,4,146.3,11.3,38.3,9.6,0,0,0,0,,,,,,,,,2025/2026
178620963708733,"Charlie Casper","League Two",1,35,6ipyteigr21t78l6fro3ig10j,,,,,,,,,,,,,,,,,,,,,,,,,,,,,,,,,,,,,,,1,1,50.0,0.0,0.0,0.0,,,2025/2026
178620961600342,"Aaron Hickey","Premier League",21,685,7yx5dqhhphyvfisohikodajhv,0,0.45,-0.45,6,1,0.0,0.08,15,8,35,6,23,48,24,50.0,18,9,50.0,286,83.6,59,64.4,239,38,4,0,0.0,0,63,22,629.8,10.0,211.1,9.6,0,0,0,0,,,,,,,,,2025/2026
178620961600343,"Soungoutou Magassa","Premier League",22,979,4txjdaqveermfryvbfrr4taf7,1,0.44,0.56,7,2,14.29,0.06,40,16,54,4,14,102,62,60.8,27,11,40.7,405,80.7,78,70.5,327,55,9,1,11.1,0,78,32,839.8,10.8,332.0,10.4,1,0,1,0,,,,,,,,,2025/2026
178620961600344,"Mamadou Sarr","Premier League",3,100,9q0arba2kbnywth8bkxlhgmdr,0,0.44,-0.44,1,0,0.0,0.44,1,1,2,1,5,4,1,25.0,2,1,50.0,52,88.5,3,33.3,46,1,0,0,0.0,0,6,2,70.7,11.8,-1.8,-0.9,0,0,0,0,,,,,,,,,2025/2026
178620961600345,"Arnaud Kalimuendo","Premier League",9,89,1qtaiy11gswx327s0vkibf70n,0,0.44,-0.44,4,1,0.0,0.11,1,0,4,0,1,5,1,20.0,7,4,57.1,29,82.8,16,75.0,24,12,2,0,0.0,0,11,7,117.0,10.6,63.8,9.1,2,0,0,0,,,,,,,,,2025/2026
178620961600346,"Nathaniel Clyne","Premier League",10,596,1c8m2ko0wxq1asfkuykurdr0y,0,0.43,-0.43,3,0,0.0,0.14,16,5,17,2,26,34,21,61.8,8,2,25.0,184,79.9,55,72.7,147,40,16,2,12.5,0,42,22,404.7,9.6,177.7,8.1,1,0,2,1,,,,,,,,,2025/2026
178620961600347,"Bashir Humphreys","Premier League",20,1578,64bxxwu2mv2qqlv0monbkj1om,0,0.42,-0.42,9,3,0.0,0.05,27,11,69,14,84,86,43,50.0,58,26,44.8,851,81.9,169,73.4,697,124,18,3,16.7,0,244,117,2720.5,11.1,1240.9,10.6,2,0,0,0,,,,,,,,,2025/2026
178620961600348,"Wilfried Gnonto","Premier League",23,524,48gk2hpqtsl6p9sx9kjhaydq4,0,0.41,-0.41,10,0,0.0,0.04,18,3,26,0,12,63,34,54.0,14,1,7.1,218,76.6,107,71.0,167,76,20,2,10.0,0,85,44,1011.2,11.9,426.2,9.7,4,0,3,0,,,,,,,,,2025/2026
178620961600349,"Ola Aina","Premier League",18,1590,1qtaiy11gswx327s0vkibf70n,0,0.4,-0.4,12,1,0.0,0.03,31,25,81,3,71,119,60,50.4,39,25,64.1,629,84.7,171,77.8,533,133,38,7,18.4,0,136,73,1489.8,11.0,852.4,11.7,2,0,0,0,,,,,,,,,2025/2026
178620961600350,"Trey Nyoni","Premier League",6,21,c8h9bw1l82s06h77xxrelzhur,0,0.37,-0.37,1,0,0.0,0.37,1,0,4,0,0,5,1,20.0,0,0,0.0,22,90.9,6,100.0,20,6,0,0,0.0,0,4,3,30.9,7.7,9.1,3.0,0,0,0,0,,,,,,,,,2025/2026
178620961600351,"Piero Hincapié","Premier League",25,1792,4dsgumo7d4zupm2ugsvm4zm4d,1,0.36,0.64,3,2,33.33,0.12,48,26,63,9,88,109,68,62.4,63,32,50.8,837,88.9,205,82.4,744,169,33,4,12.1,2,193,106,2002.5,10.4,1140.3,10.8,0,0,0,0,,,,,,,,,2025/2026
178620961600352,"Yves Bissouma","Premier League",11,605,22doj4sgsocqpxw45h607udje,0,0.36,-0.36,5,2,0.0,0.07,18,9,31,3,14,43,27,62.8,8,5,62.5,316,88.0,61,72.1,278,44,1,0,0.0,0,70,24,665.4,9.5,151.0,6.3,1,0,0,0,,,,,,,,,2025/2026
178620961600353,"Ayden Heaven","Premier League",17,923,6eqit8ye8aomdsrrq0hk3v7gh,0,0.35,-0.35,3,0,0.0,0.12,22,1,40,11,60,52,37,71.2,28,18,64.3,494,90.5,46,71.7,447,33,1,0,0.0,1,130,58,1312.4,10.1,566.2,9.8,0,0,1,0,,,,,,,,,2025/2026
178620961600354,"Matheus Nunes","Premier League",34,2865,a3nyxabgsqlnqfkeg41m6tnpp,1,0.35,0.65,7,2,14.29,0.05,57,30,169,8,100,198,115,58.1,69,42,60.9,2157,89.1,704,85.2,1922,600,66,16,24.2,5,514,264,5575.3,10.8,2820.6,10.7,2,0,6,2,,,,,,,,,2025/2026
178620961600355,"Jarrad Branthwaite","Premier League",10,681,ehd2iemqmschhj2ec0vayztzz,1,0.35,0.65,6,2,16.67,0.06,13,11,29,2,41,26,14,53.8,38,30,78.9,351,83.8,90,73.3,294,66,3,0,0.0,0,88,56,937.0,10.6,633.7,11.3,1,0,1,0,,,,,,,,,2025/2026
178620961600356,"Simon Adingra","Premier League",14,658,1r3545b2dzan8yqa80gtmcjch,1,0.35,0.65,6,2,16.67,0.06,11,2,20,0,11,75,21,28.0,23,9,39.1,161,75.8,67,64.2,122,43,27,5,18.5,1,80,46,999.8,12.5,570.3,12.4,0,0,3,0,,,,,,,,,2025/2026
178620961600357,"Pedro Lima","Premier League",9,259,b9si1jn1lfxfund69e9ogcu2n,0,0.34,-0.34,4,1,0.0,0.09,8,5,11,0,6,25,10,40.0,5,2,40.0,55,63.6,16,50.0,35,8,9,4,44.4,0,19,12,194.8,10.3,134.2,11.2,0,0,1,0,,,,,,,,,2025/2026
178620961600358,"Quilindschy Hartman","Premier League",21,1830,64bxxwu2mv2qqlv0monbkj1om,0,0.34,-0.34,9,3,0.0,0.04,52,31,69,4,66,99,60,60.6,28,10,35.7,736,75.7,195,60.5,557,118,50,8,16.0,0,105,59,957.7,9.1,481.3,8.2,3,0,3,1,,,,,,,,,2025/2026
178620961600359,"Jackson Tchatchoua","Premier League",31,1837,b9si1jn1lfxfund69e9ogcu2n,0,0.33,-0.33,2,1,0.0,0.17,29,15,62,8,57,80,43,53.8,54,23,42.6,542,76.2,158,63.3,413,100,91,22,24.2,0,137,89,1808.1,13.2,1101.9,12.4,1,0,7,0,,,,,,,,,2025/2026
178620961600360,"Chadi Riad","Premier League",9,554,1c8m2ko0wxq1asfkuykurdr0y,0,0.33,-0.33,4,2,0.0,0.08,8,6,32,3,28,26,12,46.2,28,13,46.4,374,86.4,48,68.8,323,33,6,0,0.0,0,94,58,889.2,9.5,546.7,9.4,0,0,0,0,,,,,,,,,2025/2026
178620961600361,"Jordan Henderson","Premier League",32,1922,7yx5dqhhphyvfisohikodajhv,1,0.33,0.67,6,1,16.67,0.06,27,17,98,7,34,68,35,51.5,31,13,41.9,1158,77.9,346,58.7,902,203,38,12,31.6,6,207,89,2066.5,10.0,622.0,7.0,1,0,2,0,,,,,,,,,2025/2026
178620961600362,"Radu Dragusin","Premier League",10,515,22doj4sgsocqpxw45h607udje,0,0.32,-0.32,4,0,0.0,0.08,5,16,14,7,46,20,7,35.0,30,19,63.3,239,77.8,31,35.5,186,11,3,0,0.0,0,50,22,521.2,10.4,151.3,6.9,0,0,0,0,,,,,,,,,2025/2026
178620961600363,"Jorrel Hato","Premier League",22,1142,9q0arba2kbnywth8bkxlhgmdr,0,0.31,-0.31,4,0,0.0,0.08,36,18,50,7,39,82,45,54.9,34,16,47.1,761,92.0,117,82.0,700,96,7,4,57.1,1,128,59,1171.0,9.1,487.3,8.3,1,0,0,0,,,,,,,,,2025/2026
178620961600364,"Jair Cunha","Premier League",9,516,1qtaiy11gswx327s0vkibf70n,0,0.29,-0.29,3,1,0.0,0.1,9,5,13,2,31,25,17,68.0,9,5,55.6,221,80.1,25,64.0,177,16,2,0,0.0,0,32,16,298.0,9.3,159.6,10.0,0,0,0,0,,,,,,,,,2025/2026
178620961600365,"Vitalii Mykolenko","Premier League",33,2960,ehd2iemqmschhj2ec0vayztzz,0,0.29,-0.29,9,2,0.0,0.03,51,30,107,9,145,176,89,50.6,88,50,56.8,1188,79.8,404,76.2,948,308,92,19,20.6,2,224,132,2228.4,9.9,1170.4,8.9,3,0,5,1,,,,,,,,,2025/2026
178620961600366,"Harvey Elliott","Premier League",5,110,b496gs285it6bheuikox6z9mj,0,0.29,-0.29,5,0,0.0,0.06,0,0,4,1,1,3,2,66.7,2,1,50.0,82,84.2,50,82.0,69,41,3,1,33.3,1,27,10,268.7,10.0,107.8,10.8,0,0,0,0,,,,,,,,,2025/2026
178620961600367,"Victor Lindelöf","Premier League",17,944,b496gs285it6bheuikox6z9mj,0,0.28,-0.28,3,0,0.0,0.09,7,8,19,5,34,14,8,57.1,17,11,64.7,639,94.2,55,85.5,602,47,0,0,0.0,0,157,82,1627.3,10.4,812.6,9.9,0,0,1,1,,,,,,,,,2025/2026
178620961600368,"Jack Harrison","Premier League",11,263,48gk2hpqtsl6p9sx9kjhaydq4,0,0.28,-0.28,6,2,0.0,0.05,5,4,13,0,2,20,12,60.0,4,1,25.0,117,79.5,43,76.7,93,33,13,1,7.7,0,46,26,497.6,10.8,251.7,9.7,1,0,1,0,,,,,,,,,2025/2026
178620961600369,"Joe Gomez","Premier League",21,599,c8h9bw1l82s06h77xxrelzhur,0,0.27,-0.27,5,1,0.0,0.05,10,9,20,2,25,40,13,32.5,26,13,50.0,320,79.7,77,61.0,255,47,16,3,18.8,0,71,37,742.8,10.5,362.0,9.8,0,0,1,0,,,,,,,,,2025/2026
178620961600370,"Hjalmar Ekdal","Premier League",19,1539,64bxxwu2mv2qqlv0monbkj1om,0,0.26,-0.26,6,1,0.0,0.04,24,12,49,12,125,46,31,67.4,84,52,61.9,681,85.0,75,50.7,579,38,1,0,0.0,1,171,84,1605.8,9.4,897.9,10.7,0,0,0,0,,,,,,,,,2025/2026
178620961600371,"Angel Gomes","Premier League",12,464,b9si1jn1lfxfund69e9ogcu2n,0,0.26,-0.26,6,2,0.0,0.04,10,0,17,2,4,40,23,57.5,4,2,50.0,188,85.6,58,81.0,161,47,3,1,33.3,1,39,18,343.7,8.8,129.3,7.2,1,0,0,0,,,,,,,,,2025/2026
178620961600372,"Max Alleyne","Premier League",2,135,a3nyxabgsqlnqfkeg41m6tnpp,0,0.26,-0.26,2,1,0.0,0.13,3,4,4,0,4,8,6,75.0,3,3,100.0,128,93.8,15,86.7,120,13,0,0,0.0,0,37,21,499.2,13.5,250.4,11.9,0,0,0,0,,,,,,,,,2025/2026
178620961600373,"Ben Gannon-Doak","Premier League",8,105,1pse9ta7a45pi2w2grjim70ge,0,0.26,-0.26,3,1,0.0,0.09,6,1,6,0,0,21,9,42.9,4,1,25.0,48,77.1,22,72.7,37,16,4,0,0.0,0,25,17,340.2,13.6,219.1,12.9,1,0,1,1,,,,,,,,,2025/2026
178620961600374,"Ashley Barnes","Premier League",7,40,64bxxwu2mv2qqlv0monbkj1om,0,0.25,-0.25,2,1,0.0,0.12,0,0,2,0,0,5,2,40.0,16,8,50.0,13,30.8,11,27.3,4,3,0,0,0.0,0,0,0,0.0,0.0,0.0,0.0,0,0,0,0,,,,,,,,,2025/2026
178620961600375,"Zeki Amdouni","Premier League",4,69,64bxxwu2mv2qqlv0monbkj1om,0,0.24,-0.24,3,1,0.0,0.08,0,0,1,0,0,7,2,28.6,2,1,50.0,20,95.0,6,83.3,19,5,0,0,0.0,0,14,9,187.3,13.4,101.5,11.3,1,0,0,0,,,,,,,,,2025/2026
178620961600376,"Jean-Clair Todibo","Premier League",23,1817,4txjdaqveermfryvbfrr4taf7,0,0.24,-0.24,2,0,0.0,0.12,38,17,89,13,98,65,44,67.7,50,25,50.0,782,87.3,95,65.3,683,62,3,0,0.0,0,181,96,1838.7,10.2,928.4,9.7,0,0,1,0,,,,,,,,,2025/2026
178620961600377,"Conor Bradley","Premier League",15,932,c8h9bw1l82s06h77xxrelzhur,0,0.24,-0.24,6,0,0.0,0.04,19,13,43,4,29,105,46,43.8,31,15,48.4,492,83.9,175,78.3,413,137,24,4,16.7,3,156,85,1719.5,11.0,936.1,11.0,1,0,2,1,,,,,,,,,2025/2026
178620961600378,"Tom Edozie","Premier League",3,12,b9si1jn1lfxfund69e9ogcu2n,1,0.23,0.77,2,1,50.0,0.11,1,0,1,0,0,6,3,50.0,0,0,0.0,7,71.4,2,50.0,5,1,0,0,0.0,0,6,2,81.5,13.6,42.0,21.0,0,0,0,0,,,,,,,,,2025/2026
178620961600379,"Ethan Nwaneri","Premier League",6,165,4dsgumo7d4zupm2ugsvm4zm4d,0,0.23,-0.23,6,0,0.0,0.04,1,0,10,0,1,15,4,26.7,4,1,25.0,87,90.8,30,86.7,79,26,1,0,0.0,1,38,20,518.0,13.6,263.9,13.2,1,0,0,0,,,,,,,,,2025/2026
178620961600380,"James Ward-Prowse","Premier League",18,1096,64bxxwu2mv2qqlv0monbkj1om,0,0.22,-0.22,5,2,0.0,0.04,16,20,49,7,17,58,31,53.4,22,10,45.5,614,88.8,159,73.6,545,117,12,3,25.0,1,114,46,1122.5,9.8,448.2,9.7,0,0,0,0,,,,,,,,,2025/2026
178620961600381,"James Maddison","Premier League",3,34,22doj4sgsocqpxw45h607udje,0,0.21,-0.21,2,0,0.0,0.11,1,0,4,0,0,6,2,33.3,0,0,0.0,37,94.6,14,100.0,35,14,2,0,0.0,0,13,4,104.3,8.0,21.8,5.5,1,0,0,0,,,,,,,,,2025/2026
178620961600382,"Freddie Potts","Premier League",22,1167,4txjdaqveermfryvbfrr4taf7,0,0.21,-0.21,3,1,0.0,0.07,29,17,38,3,31,78,45,57.7,33,20,60.6,532,83.7,129,73.6,445,95,6,0,0.0,0,85,42,883.2,10.4,424.1,10.1,0,0,0,0,,,,,,,,,2025/2026
178620961600383,"Tyler Dibling","Premier League",14,350,ehd2iemqmschhj2ec0vayztzz,0,0.2,-0.2,4,0,0.0,0.05,7,6,22,1,4,72,31,43.1,7,2,28.6,102,86.3,37,78.4,88,29,7,1,14.3,0,40,23,524.3,13.1,296.1,12.9,1,0,1,0,,,,,,,,,2025/2026
178620961600384,"Sebastiaan Bornauw","Premier League",12,432,48gk2hpqtsl6p9sx9kjhaydq4,0,0.2,-0.2,1,0,0.0,0.2,8,5,13,6,30,21,9,42.9,27,11,40.7,146,82.9,17,52.9,121,9,1,1,100.0,0,21,6,189.1,9.0,58.0,9.7,0,0,0,0,,,,,,,,,2025/2026
178620961600385,"Roméo Lavia","Premier League",12,377,9q0arba2kbnywth8bkxlhgmdr,0,0.2,-0.2,3,0,0.0,0.07,8,5,20,0,4,34,19,55.9,4,3,75.0,284,92.6,70,90.0,263,63,1,0,0.0,2,59,18,635.6,10.8,156.0,8.7,0,0,0,0,,,,,,,,,2025/2026
178620961600386,"Noussair Mazraoui","Premier League",20,984,6eqit8ye8aomdsrrq0hk3v7gh,0,0.19,-0.19,5,0,0.0,0.04,28,14,46,1,54,76,50,65.8,32,18,56.3,543,87.3,163,82.2,474,134,13,4,30.8,2,136,91,1426.8,10.5,977.3,10.7,2,0,3,0,,,,,,,,,2025/2026
178620961600387,"Rico Lewis","Premier League",11,402,a3nyxabgsqlnqfkeg41m6tnpp,0,0.19,-0.19,3,0,0.0,0.06,5,7,15,1,6,35,16,45.7,2,1,50.0,285,84.6,113,72.6,241,82,2,0,0.0,4,74,41,751.5,10.2,414.8,10.1,0,0,1,0,,,,,,,,,2025/2026
178620961600388,"Destiny Udogie","Premier League",20,1340,22doj4sgsocqpxw45h607udje,0,0.19,-0.19,4,1,0.0,0.05,31,7,70,5,25,111,58,52.3,21,8,38.1,585,85.5,174,83.3,500,145,27,5,18.5,0,172,120,2162.7,12.6,1413.0,11.8,1,0,4,0,,,,,,,,,2025/2026
178620961600389,"Reinildo Mandava","Premier League",25,1969,1r3545b2dzan8yqa80gtmcjch,0,0.18,-0.18,4,0,0.0,0.04,39,31,90,14,81,158,87,55.1,62,34,54.8,814,85.9,180,74.4,699,134,23,4,17.4,0,169,98,1833.9,10.9,1050.4,10.7,1,0,1,0,,,,,,,,,2025/2026
178620961600390,"Ollie Scarles","Premier League",13,659,4txjdaqveermfryvbfrr4taf7,0,0.18,-0.18,3,0,0.0,0.06,30,13,35,1,30,61,39,63.9,14,7,50.0,275,80.4,70,72.9,221,51,12,2,16.7,1,63,34,564.9,9.0,215.8,6.3,1,0,2,0,,,,,,,,,2025/2026
178620961600391,"Rico Henry","Premier League",25,1328,7yx5dqhhphyvfisohikodajhv,0,0.18,-0.18,5,0,0.0,0.04,15,8,72,5,41,94,47,50.0,40,19,47.5,481,76.9,117,64.1,370,75,25,3,12.0,0,125,75,1493.0,11.9,824.3,11.0,0,0,2,0,,,,,,,,,2025/2026
178620961600392,"James McAtee","Premier League",14,289,1qtaiy11gswx327s0vkibf70n,0,0.17,-0.17,4,0,0.0,0.04,7,3,18,1,3,38,15,39.5,6,1,16.7,121,84.3,45,77.8,102,35,7,0,0.0,2,47,21,560.3,11.9,303.4,14.4,1,0,2,0,,,,,,,,,2025/2026
178620961600393,"Kyle Walker","Premier League",36,3097,64bxxwu2mv2qqlv0monbkj1om,0,0.16,-0.16,4,0,0.0,0.04,56,45,155,9,102,169,91,53.8,92,47,51.1,1441,77.4,401,64.1,1115,257,32,6,18.8,3,265,144,3049.8,11.5,1483.0,10.3,1,0,3,0,,,,,,,,,2025/2026
178620961600394,"Mateo Kovacic","Premier League",6,126,a3nyxabgsqlnqfkeg41m6tnpp,0,0.16,-0.16,2,0,0.0,0.08,2,2,10,0,4,12,6,50.0,0,0,0.0,0,0.0,0,0.0,0,0,0,0,0.0,0,46,25,488.9,10.6,255.0,10.2,0,0,1,1,,,,,,,,,2025/2026
178620961600395,"Fer López","Premier League",9,229,b9si1jn1lfxfund69e9ogcu2n,0,0.16,-0.16,5,1,0.0,0.03,1,0,10,0,1,26,8,30.8,6,2,33.3,103,72.8,47,66.0,75,31,1,0,0.0,4,42,18,468.3,11.2,157.7,8.8,1,0,0,0,,,,,,,,,2025/2026
178620961600396,"Lisandro Martínez","Premier League",18,1231,6eqit8ye8aomdsrrq0hk3v7gh,0,0.15,-0.15,5,0,0.0,0.03,19,12,67,11,62,51,35,68.6,21,12,57.1,939,89.9,165,70.9,844,117,2,1,50.0,3,274,173,2834.6,10.3,1922.4,11.1,0,0,0,0,,,,,,,,,2025/2026
178620961600397,"Luke O'Nien","Premier League",12,564,1r3545b2dzan8yqa80gtmcjch,0,0.15,-0.15,4,1,0.0,0.04,6,6,10,1,30,22,15,68.2,22,9,40.9,245,83.7,54,63.0,205,34,7,0,0.0,0,57,31,722.7,12.7,468.6,15.1,0,0,0,0,,,,,,,,,2025/2026
178620961600398,"Veljko Milosavljevic","Premier League",7,367,1pse9ta7a45pi2w2grjim70ge,0,0.15,-0.15,1,0,0.0,0.15,5,4,13,5,25,9,6,66.7,27,12,44.4,190,84.2,32,59.4,160,19,0,0,0.0,0,74,40,756.2,10.2,422.6,10.6,0,0,0,0,,,,,,,,,2025/2026
178620961600399,"Tino Livramento","Premier League",17,1328,7vn2i2kd35zuetw6b38gw9jsz,0,0.14,-0.14,3,0,0.0,0.05,22,6,81,2,39,93,52,55.9,18,9,50.0,653,88.8,239,86.2,580,206,36,9,25.0,2,176,95,2035.8,11.6,1024.9,10.8,1,0,1,0,,,,,,,,,2025/2026
178620961600400,"Harrison Reed","Premier League",7,90,hzqh7z0mdl3v7gwete66syxp,1,0.13,0.87,2,1,50.0,0.06,0,0,5,0,1,6,1,16.7,3,1,33.3,43,93.0,9,88.9,40,8,1,1,100.0,0,10,3,86.8,8.7,15.4,5.1,0,0,2,0,,,,,,,,,2025/2026
178620961600401,"Callum Marshall","Premier League",2,58,4txjdaqveermfryvbfrr4taf7,0,0.13,-0.13,1,0,0.0,0.13,0,2,1,0,0,4,1,25.0,4,1,25.0,4,50.0,1,0.0,2,0,0,0,0.0,0,3,1,32.5,10.8,12.8,12.8,0,0,0,0,,,,,,,,,2025/2026
178620961600402,"David Møller Wolfe","Premier League",22,1049,b9si1jn1lfxfund69e9ogcu2n,0,0.12,-0.12,3,0,0.0,0.04,10,7,27,2,31,37,19,51.4,19,11,57.9,260,74.2,86,62.8,193,54,30,8,26.7,0,76,46,833.6,11.0,485.3,10.6,0,0,4,1,,,,,,,,,2025/2026
178620961600403,"Ezra Mayers","Premier League",6,113,4txjdaqveermfryvbfrr4taf7,0,0.12,-0.12,1,0,0.0,0.12,0,1,6,0,4,2,1,50.0,4,3,75.0,81,84.0,30,80.0,68,24,3,2,66.7,0,11,7,116.4,10.6,82.0,11.7,0,0,0,0,,,,,,,,,2025/2026
178620961600404,"Myles Lewis-Skelly","Premier League",20,698,4dsgumo7d4zupm2ugsvm4zm4d,0,0.11,-0.11,2,0,0.0,0.05,8,5,30,1,11,55,32,58.2,17,6,35.3,382,91.6,91,87.9,350,80,0,0,0.0,0,80,47,827.6,10.3,530.7,11.3,0,0,0,0,,,,,,,,,2025/2026
178620961600405,"Alex Tóth","Premier League",9,137,1pse9ta7a45pi2w2grjim70ge,0,0.11,-0.11,2,0,0.0,0.05,1,3,8,1,4,14,4,28.6,2,0,0.0,65,87.7,29,79.3,57,23,2,0,0.0,0,14,8,175.7,12.5,114.2,14.3,1,0,0,0,,,,,,,,,2025/2026
178620961600406,"Tosin Adarabioyo","Premier League",16,789,9q0arba2kbnywth8bkxlhgmdr,0,0.11,-0.11,2,0,0.0,0.05,17,9,22,5,66,25,17,68.0,58,41,70.7,757,90.5,47,63.8,685,30,0,0,0.0,4,123,80,1199.3,9.8,741.1,9.3,0,0,0,0,,,,,,,,,2025/2026
178620961600407,"Shea Lacey","Premier League",3,40,6eqit8ye8aomdsrrq0hk3v7gh,0,0.1,-0.1,4,1,0.0,0.03,1,0,2,0,0,8,4,50.0,0,0,0.0,11,81.8,3,100.0,9,3,0,0,0.0,0,8,6,111.8,14.0,78.8,13.1,2,0,0,0,,,,,,,,,2025/2026
178620961600408,"Cristhian Mosquera","Premier League",20,989,4dsgumo7d4zupm2ugsvm4zm4d,0,0.1,-0.1,1,0,0.0,0.1,32,8,34,6,47,72,40,55.6,48,20,41.7,633,91.3,120,88.3,578,106,3,1,33.3,1,151,96,1579.9,10.5,989.0,10.3,0,0,0,0,,,,,,,,,2025/2026
178620961600409,"Romelle Donovan","Premier League",4,38,7yx5dqhhphyvfisohikodajhv,0,0.1,-0.1,3,1,0.0,0.03,0,0,5,0,0,14,8,57.1,1,0,0.0,16,56.3,9,77.8,9,7,2,0,0.0,0,12,7,149.2,12.4,96.4,13.8,0,0,0,0,,,,,,,,,2025/2026
178620961600410,"Jesse Derry","Premier League",1,44,9q0arba2kbnywth8bkxlhgmdr,0,0.1,-0.1,2,1,0.0,0.05,1,0,2,0,0,4,1,25.0,2,1,50.0,13,92.3,8,87.5,12,7,2,1,50.0,0,8,4,90.4,11.3,46.8,11.7,0,0,0,0,,,,,,,,,2025/2026
178620961600411,"Nayef Aguerd","Premier League",2,180,4txjdaqveermfryvbfrr4taf7,0,0.1,-0.1,2,0,0.0,0.05,1,1,8,2,11,3,3,100.0,7,4,57.1,115,90.4,21,81.0,104,17,2,0,0.0,0,29,14,306.3,10.6,174.5,12.5,0,0,0,0,,,,,,,,,2025/2026
178620961600412,"Mohamadou Kanté","Premier League",11,67,4txjdaqveermfryvbfrr4taf7,0,0.09,-0.09,2,0,0.0,0.05,6,0,7,1,2,19,8,42.1,3,2,66.7,31,71.0,15,66.7,22,10,0,0,0.0,0,13,7,219.5,16.9,161.4,23.1,1,0,1,0,,,,,,,,,2025/2026
178620961600413,"Matt Doherty","Premier League",11,791,b9si1jn1lfxfund69e9ogcu2n,0,0.09,-0.09,3,0,0.0,0.03,16,7,28,6,37,52,24,46.2,31,21,67.7,298,80.5,63,63.5,240,40,7,2,28.6,0,53,25,516.3,9.7,177.2,7.1,0,0,1,0,,,,,,,,,2025/2026
178620961600414,"Christian Nørgaard","Premier League",7,101,4dsgumo7d4zupm2ugsvm4zm4d,0,0.08,-0.08,2,1,0.0,0.04,3,0,4,1,8,11,3,27.3,5,2,40.0,61,83.6,17,52.9,51,9,1,0,0.0,0,8,4,54.4,6.8,11.9,3.0,1,0,0,0,,,,,,,,,2025/2026
178620961600415,"Kieran Trippier","Premier League",21,1592,7vn2i2kd35zuetw6b38gw9jsz,0,0.08,-0.08,2,0,0.0,0.04,26,10,73,1,48,110,48,43.6,48,24,50.0,1061,81.2,396,70.5,861,279,45,10,22.2,2,135,86,1469.8,10.9,793.6,9.2,0,0,1,0,,,,,,,,,2025/2026
178620961600416,"Josh Dasilva","Premier League",2,2,7yx5dqhhphyvfisohikodajhv,0,0.08,-0.08,1,0,0.0,0.08,0,0,1,0,0,1,0,0.0,0,0,0.0,5,80.0,3,66.7,4,2,0,0,0.0,0,3,1,29.5,9.8,12.5,12.5,0,0,0,0,,,,,,,,,2025/2026
178620961600417,"Lewis Cook","Premier League",18,872,1pse9ta7a45pi2w2grjim70ge,0,0.08,-0.08,3,0,0.0,0.03,25,24,62,6,26,52,33,63.5,25,9,36.0,498,86.1,127,67.7,429,86,14,5,35.7,0,121,69,1550.5,12.8,968.1,14.0,1,0,4,0,,,,,,,,,2025/2026
178620961600418,"Dennis Cirkin","Premier League",8,320,1r3545b2dzan8yqa80gtmcjch,0,0.08,-0.08,1,0,0.0,0.08,8,5,8,1,14,25,13,52.0,10,5,50.0,99,77.8,27,66.7,77,18,3,1,33.3,0,26,15,312.8,12.0,188.2,12.5,0,0,0,0,,,,,,,,,2025/2026
178620961600419,"Joe Worrall","Premier League",11,497,64bxxwu2mv2qqlv0monbkj1om,0,0.08,-0.08,1,0,0.0,0.08,4,5,10,7,60,10,4,40.0,42,21,50.0,155,80.7,22,27.3,125,6,0,0,0.0,0,12,2,98.2,8.2,-2.7,-1.4,0,0,0,0,,,,,,,,,2025/2026
178620963708734,"Richard O'Donnell","League Two",1,90,6ipyteigr21t78l6fro3ig10j,,,,,,,,,,,,,,,,,,,,,,,,,,,,,,,,,,,,,,,2,4,66.7,2.0,0.0,1.0,,,2025/2026
178620961600420,"Oleksandr Zinchenko","Premier League",5,353,1qtaiy11gswx327s0vkibf70n,0,0.08,-0.08,4,2,0.0,0.02,10,2,17,1,11,24,12,50.0,10,4,40.0,255,90.6,93,86.0,231,80,15,1,6.7,2,63,35,660.1,10.5,374.6,10.7,2,0,0,0,,,,,,,,,2025/2026
178620961600421,"Luis Guilherme","Premier League",5,121,4txjdaqveermfryvbfrr4taf7,0,0.07,-0.07,1,0,0.0,0.07,1,0,8,0,2,13,3,23.1,1,0,0.0,30,90.0,9,77.8,27,7,0,0,0.0,0,16,8,210.2,13.1,63.3,7.9,0,0,1,0,,,,,,,,,2025/2026
178620961600422,"Arthur Masuaku","Premier League",3,127,1r3545b2dzan8yqa80gtmcjch,0,0.07,-0.07,1,0,0.0,0.07,4,2,3,0,4,15,6,40.0,1,1,100.0,48,81.3,10,50.0,39,5,8,2,25.0,0,17,10,194.8,11.5,136.3,13.6,0,0,1,0,,,,,,,,,2025/2026
178620961600423,"Facundo Buonanotte","Premier League",4,81,48gk2hpqtsl6p9sx9kjhaydq4,0,0.06,-0.06,2,0,0.0,0.03,1,1,3,1,0,6,1,16.7,2,1,50.0,36,77.8,13,69.2,28,9,0,0,0.0,0,13,6,137.3,10.6,65.6,10.9,1,0,1,0,,,,,,,,,2025/2026
178620961600424,"Jorge Cuenca","Premier League",15,938,hzqh7z0mdl3v7gwete66syxp,0,0.05,-0.05,1,0,0.0,0.05,16,16,40,10,75,36,19,52.8,32,17,53.1,626,88.3,76,57.9,553,44,2,1,50.0,1,135,85,1389.3,10.3,887.5,10.4,0,0,0,0,,,,,,,,,2025/2026
178620961600425,"Alysson Edward","Premier League",3,47,b496gs285it6bheuikox6z9mj,0,0.05,-0.05,1,0,0.0,0.05,0,1,3,0,0,3,3,100.0,0,0,0.0,17,82.3,11,81.8,14,9,2,0,0.0,0,5,4,61.1,12.2,48.7,12.2,0,0,0,0,,,,,,,,,2025/2026
178620961600426,"Solly March","Premier League",4,38,e5p0ehyguld7egzhiedpdnc3w,0,0.04,-0.04,1,1,0.0,0.04,2,0,3,0,0,6,3,50.0,1,0,0.0,12,75.0,4,75.0,9,3,4,0,0.0,0,5,3,57.3,11.5,45.0,15.0,0,0,0,0,,,,,,,,,2025/2026
178620961600427,"Olivier Boscagli","Premier League",12,800,e5p0ehyguld7egzhiedpdnc3w,0,0.04,-0.04,1,0,0.0,0.04,16,18,54,2,42,42,29,69.0,30,17,56.7,754,86.5,133,68.4,652,91,12,5,41.7,0,147,85,1433.6,9.8,819.4,9.6,0,0,0,0,,,,,,,,,2025/2026
178620961600428,"Wataru Endo","Premier League",8,171,c8h9bw1l82s06h77xxrelzhur,0,0.04,-0.04,1,0,0.0,0.04,7,0,3,0,13,16,10,62.5,12,8,66.7,94,85.1,25,72.0,80,18,3,0,0.0,1,17,12,156.2,9.2,95.4,8.0,1,0,0,0,,,,,,,,,2025/2026
178620961600429,"George Hemmings","Premier League",2,25,b496gs285it6bheuikox6z9mj,0,0.04,-0.04,1,0,0.0,0.04,0,0,1,0,0,1,0,0.0,0,0,0.0,17,100.0,3,100.0,17,3,0,0,0.0,0,5,1,71.6,14.3,32.3,32.3,1,0,0,0,,,,,,,,,2025/2026
178620961600430,"Borna Sosa","Premier League",7,99,1c8m2ko0wxq1asfkuykurdr0y,0,0.04,-0.04,1,0,0.0,0.04,3,2,3,0,4,8,3,37.5,4,3,75.0,41,63.4,20,60.0,26,12,3,0,0.0,1,7,5,101.3,14.5,71.9,14.4,0,0,2,0,,,,,,,,,2025/2026
178620961600431,"Tom Watson","Premier League",6,57,e5p0ehyguld7egzhiedpdnc3w,0,0.04,-0.04,1,1,0.0,0.04,1,0,4,0,0,5,1,20.0,1,0,0.0,19,73.7,8,75.0,14,6,0,0,0.0,0,9,6,128.4,14.3,100.8,16.8,0,0,0,0,,,,,,,,,2025/2026
178620961600432,"Jamaal Lascelles","Premier League",2,19,7vn2i2kd35zuetw6b38gw9jsz,0,0.04,-0.04,1,0,0.0,0.04,0,0,0,1,4,0,0,0.0,1,1,100.0,8,75.0,2,0.0,6,0,0,0,0.0,0,2,0,12.9,6.4,-12.5,0.0,0,0,0,0,,,,,,,,,2025/2026
178620961600433,"Sean Neave","Premier League",1,13,7vn2i2kd35zuetw6b38gw9jsz,0,0.03,-0.03,1,0,0.0,0.03,0,0,0,0,0,1,0,0.0,1,0,0.0,0,0.0,0,0.0,0,0,0,0,0.0,0,0,0,0.0,0.0,0.0,0.0,0,0,0,0,,,,,,,,,2025/2026
178620961600434,"Nathan Patterson","Premier League",7,240,ehd2iemqmschhj2ec0vayztzz,0,0.03,-0.03,1,1,0.0,0.03,10,2,14,2,17,24,13,54.2,9,7,77.8,84,76.2,23,56.5,64,13,6,0,0.0,0,12,5,142.1,11.8,45.1,9.0,0,0,0,0,,,,,,,,,2025/2026
178620961600435,"Jack Fletcher","Premier League",3,107,6eqit8ye8aomdsrrq0hk3v7gh,0,0.03,-0.03,1,0,0.0,0.03,5,1,4,1,0,13,6,46.2,5,1,20.0,45,82.2,6,66.7,37,4,0,0,0.0,0,10,1,86.8,8.7,9.0,9.0,0,0,0,0,,,,,,,,,2025/2026
178620961600436,"Guido Rodríguez","Premier League",6,177,4txjdaqveermfryvbfrr4taf7,0,0.03,-0.03,1,0,0.0,0.03,1,2,10,0,2,11,5,45.5,3,2,66.7,76,89.5,18,83.3,68,15,2,0,0.0,0,12,5,143.0,11.9,39.3,7.9,0,0,0,0,,,,,,,,,2025/2026
178620961600437,"Patrick Roberts","Premier League",1,27,1r3545b2dzan8yqa80gtmcjch,0,0.03,-0.03,1,0,0.0,0.03,0,0,1,0,0,1,1,100.0,1,0,0.0,20,80.0,11,72.7,16,8,0,0,0.0,1,6,3,58.8,9.8,22.7,7.6,1,0,0,0,,,,,,,,,2025/2026
178620961600438,"Rio Cardines","Premier League",1,90,1c8m2ko0wxq1asfkuykurdr0y,0,0.02,-0.02,1,0,0.0,0.02,1,0,4,0,2,10,4,40.0,0,0,0.0,33,75.8,10,30.0,25,3,3,2,66.7,0,9,8,104.0,11.6,79.3,9.9,0,0,1,0,,,,,,,,,2025/2026
178620961600439,"Bafodé Diakité","Premier League",18,1275,1pse9ta7a45pi2w2grjim70ge,0,0.02,-0.02,1,0,0.0,0.02,20,12,48,5,83,40,25,62.5,71,35,49.3,749,88.0,119,71.4,659,85,1,0,0.0,1,155,102,1519.7,9.8,980.4,9.6,0,0,0,0,,,,,,,,,2025/2026
178620961600440,Souza,"Premier League",4,144,22doj4sgsocqpxw45h607udje,0,0.02,-0.02,1,1,0.0,0.02,0,2,3,0,4,11,2,18.2,1,0,0.0,27,92.6,7,85.7,25,6,3,0,0.0,0,8,6,123.3,15.4,92.7,15.5,1,0,0,0,,,,,,,,,2025/2026
178620961600441,"Ki-Jana Hoever","Premier League",8,428,b9si1jn1lfxfund69e9ogcu2n,0,0.02,-0.02,1,1,0.0,0.02,13,6,16,1,20,33,21,63.6,12,6,50.0,154,68.8,57,54.4,106,31,22,7,31.8,0,30,17,297.9,9.9,128.6,7.6,0,0,2,0,,,,,,,,,2025/2026
178620961600442,"Ethan Pinnock","Premier League",4,321,7yx5dqhhphyvfisohikodajhv,0,0.01,-0.01,1,1,0.0,0.01,5,5,11,5,27,11,7,63.6,23,13,56.5,133,82.7,17,52.9,110,9,0,0,0.0,0,26,8,214.2,8.2,42.5,5.3,0,0,0,0,,,,,,,,,2025/2026
178620961600443,"Tyler Fletcher","Premier League",2,17,6eqit8ye8aomdsrrq0hk3v7gh,0,0.0,0.0,0,0,0.0,0.0,0,0,2,0,0,0,0,0.0,0,0,0.0,19,94.7,2,100.0,18,2,0,0,0.0,0,2,1,21.1,10.5,12.0,12.0,0,0,0,0,,,,,,,,,2025/2026
178620961600444,"Tyrell Malacia","Premier League",3,15,6eqit8ye8aomdsrrq0hk3v7gh,0,0.0,0.0,0,0,0.0,0.0,3,0,3,0,1,4,3,75.0,1,0,0.0,13,84.6,3,33.3,11,1,0,0,0.0,0,3,0,21.8,7.3,-12.8,0.0,0,0,0,0,,,,,,,,,2025/2026
178620961600445,"Connor Roberts","Premier League",0,0,64bxxwu2mv2qqlv0monbkj1om,0,0.0,0.0,0,0,0.0,0.0,0,0,0,0,0,0,0,0.0,0,0,0.0,0,0.0,0,0.0,0,0,0,0,0.0,0,0,0,0.0,0.0,0.0,0.0,0,0,0,0,,,,,,,,,2025/2026
178620961600446,"Jerome Abbey","Premier League",1,16,b9si1jn1lfxfund69e9ogcu2n,0,0.0,0.0,0,0,0.0,0.0,1,1,0,0,0,1,1,100.0,2,2,100.0,5,20.0,2,0.0,1,0,0,0,0.0,0,0,0,0.0,0.0,0.0,0.0,0,0,0,0,,,,,,,,,2025/2026
178620961600447,"Ethan Sutherland","Premier League",0,0,b9si1jn1lfxfund69e9ogcu2n,0,0.0,0.0,0,0,0.0,0.0,0,0,0,0,0,0,0,0.0,0,0,0.0,0,0.0,0,0.0,0,0,0,0,0.0,0,0,0,0.0,0.0,0.0,0.0,0,0,0,0,,,,,,,,,2025/2026
178620961600448,"Alex Murphy","Premier League",2,7,7vn2i2kd35zuetw6b38gw9jsz,0,0.0,0.0,0,0,0.0,0.0,0,1,0,1,2,0,0,0.0,0,0,0.0,7,100.0,2,100.0,7,2,0,0,0.0,0,0,0,0.0,0.0,0.0,0.0,0,0,0,0,,,,,,,,,2025/2026
178620961600449,"Kaye Furo","Premier League",1,1,7yx5dqhhphyvfisohikodajhv,0,0.0,0.0,0,0,0.0,0.0,0,0,0,0,0,0,0,0.0,1,0,0.0,0,0.0,0,0.0,0,0,0,0,0.0,0,2,1,18.9,9.5,8.0,8.0,0,0,0,0,,,,,,,,,2025/2026
178620961600450,"John Stones","Premier League",9,439,a3nyxabgsqlnqfkeg41m6tnpp,0,0.0,0.0,0,0,0.0,0.0,1,3,19,6,21,7,3,42.9,13,11,84.6,302,93.4,41,82.9,282,34,4,0,0.0,0,79,34,889.2,11.3,375.0,11.0,0,0,0,0,,,,,,,,,2025/2026
178620961600451,"Bradley Burrowes","Premier League",1,16,b496gs285it6bheuikox6z9mj,0,0.0,0.0,0,0,0.0,0.0,0,0,1,0,0,3,1,33.3,0,0,0.0,5,60.0,1,100.0,3,1,3,0,0.0,0,2,2,46.4,23.2,44.7,22.4,0,0,0,0,,,,,,,,,2025/2026
178620961600452,"Andrés García","Premier League",6,83,b496gs285it6bheuikox6z9mj,0,0.0,0.0,0,0,0.0,0.0,5,0,4,1,4,9,5,55.6,0,0,0.0,37,100.0,5,100.0,37,5,4,0,0.0,0,21,12,204.1,9.7,110.4,9.2,0,0,0,0,,,,,,,,,2025/2026
178620961600453,"Lamare Bogarde","Premier League",28,1047,b496gs285it6bheuikox6z9mj,0,0.0,0.0,0,0,0.0,0.0,26,5,43,6,23,85,48,56.5,24,9,37.5,505,89.7,111,84.7,453,94,2,1,50.0,0,112,46,1146.0,10.2,347.1,7.5,0,0,0,0,,,,,,,,,2025/2026
178620961600454,"Luca Netz","Premier League",7,355,1qtaiy11gswx327s0vkibf70n,0,0.0,0.0,0,0,0.0,0.0,12,3,15,3,9,25,16,64.0,11,2,18.2,100,83.0,25,84.0,83,21,2,0,0.0,0,34,19,415.1,12.2,177.8,9.4,0,0,2,0,,,,,,,,,2025/2026
178620961600455,"Lamin Sillah","Premier League",0,0,1qtaiy11gswx327s0vkibf70n,0,0.0,0.0,0,0,0.0,0.0,0,0,0,0,0,0,0,0.0,0,0,0.0,0,0.0,0,0.0,0,0,0,0,0.0,0,0,0,0.0,0.0,0.0,0.0,0,0,0,0,,,,,,,,,2025/2026
178620961600456,"Zach Abbott","Premier League",3,165,1qtaiy11gswx327s0vkibf70n,0,0.0,0.0,0,0,0.0,0.0,4,1,10,1,7,12,6,50.0,8,6,75.0,62,71.0,18,50.0,44,9,3,1,33.3,0,13,7,112.4,8.6,79.6,11.4,0,0,0,0,,,,,,,,,2025/2026
178620961600457,"Adam Smith","Premier League",22,1076,1pse9ta7a45pi2w2grjim70ge,0,0.0,0.0,0,0,0.0,0.0,15,8,29,9,38,60,26,43.3,30,14,46.7,363,78.0,116,61.2,283,71,13,1,7.7,0,44,24,478.4,10.9,205.6,8.6,0,0,1,0,,,,,,,,,2025/2026
178620961600458,"Dário Essugo","Premier League",3,26,9q0arba2kbnywth8bkxlhgmdr,0,0.0,0.0,0,0,0.0,0.0,6,0,1,0,1,16,9,56.3,1,1,100.0,25,84.0,8,62.5,21,5,0,0,0.0,0,5,3,39.4,7.9,30.2,10.1,0,0,0,0,,,,,,,,,2025/2026
178620961600459,"Levi Colwill","Premier League",3,225,9q0arba2kbnywth8bkxlhgmdr,0,0.0,0.0,0,0,0.0,0.0,3,5,9,3,14,7,5,71.4,10,6,60.0,192,90.1,27,55.6,173,15,1,0,0.0,1,41,19,407.3,9.9,229.5,12.1,0,0,0,0,,,,,,,,,2025/2026
178620961600460,"Djiamgone Jocelin Ta Bi","Premier League",1,39,1r3545b2dzan8yqa80gtmcjch,0,0.0,0.0,0,0,0.0,0.0,1,0,2,0,0,6,4,66.7,2,0,0.0,2,100.0,1,100.0,2,1,2,0,0.0,0,2,1,27.3,13.6,-1.7,-1.7,0,0,0,0,,,,,,,,,2025/2026
178620961600461,"Séamus Coleman","Premier League",5,20,ehd2iemqmschhj2ec0vayztzz,0,0.0,0.0,0,0,0.0,0.0,0,0,2,0,2,2,1,50.0,1,1,100.0,18,100.0,5,100.0,18,5,3,2,66.7,0,3,2,77.8,25.9,46.9,23.5,0,0,0,0,,,,,,,,,2025/2026
178620961600462,"Adam Aznou","Premier League",0,0,ehd2iemqmschhj2ec0vayztzz,0,0.0,0.0,0,0,0.0,0.0,0,0,0,0,0,0,0,0.0,0,0,0.0,0,0.0,0,0.0,0,0,0,0,0.0,0,0,0,0.0,0.0,0.0,0.0,0,0,0,0,,,,,,,,,2025/2026
178620961600463,"Alfie Cresswell","Premier League",0,0,48gk2hpqtsl6p9sx9kjhaydq4,0,0.0,0.0,0,0,0.0,0.0,0,0,0,0,0,0,0,0.0,0,0,0.0,0,0.0,0,0.0,0,0,0,0,0.0,0,0,0,0.0,0.0,0.0,0.0,0,0,0,0,,,,,,,,,2025/2026
178620961600464,"Aaron Wan-Bissaka","Premier League",25,2084,4txjdaqveermfryvbfrr4taf7,0,0.0,0.0,0,0,0.0,0.0,33,40,75,5,94,119,61,51.3,46,22,47.8,738,76.7,241,71.4,566,172,42,16,38.1,2,182,99,2112.7,11.6,1101.0,11.1,0,0,6,1,,,,,,,,,2025/2026
178620961600465,"Rhys Chadwick","Premier League",0,0,48gk2hpqtsl6p9sx9kjhaydq4,0,0.0,0.0,0,0,0.0,0.0,0,0,0,0,0,0,0,0.0,0,0,0.0,0,0.0,0,0.0,0,0,0,0,0.0,0,0,0,0.0,0.0,0.0,0.0,0,0,0,0,,,,,,,,,2025/2026
178620961600466,"Sam Byram","Premier League",2,8,48gk2hpqtsl6p9sx9kjhaydq4,0,0.0,0.0,0,0,0.0,0.0,1,0,1,0,2,2,1,50.0,0,0,0.0,6,50.0,1,0.0,3,0,0,0,0.0,0,0,0,0.0,0.0,0.0,0.0,0,0,0,0,,,,,,,,,2025/2026
178620961600467,"Keiber Lamadrid","Premier League",0,0,4txjdaqveermfryvbfrr4taf7,0,0.0,0.0,0,0,0.0,0.0,0,0,0,0,0,0,0,0.0,0,0,0.0,0,0.0,0,0.0,0,0,0,0,0.0,0,0,0,0.0,0.0,0.0,0.0,0,0,0,0,,,,,,,,,2025/2026
178620961600468,"Ryan Kavuma-McQueen","Premier League",0,0,9q0arba2kbnywth8bkxlhgmdr,0,0.0,0.0,0,0,0.0,0.0,0,0,0,0,0,0,0,0.0,0,0,0.0,0,0.0,0,0.0,0,0,0,0,0.0,0,0,0,0.0,0.0,0.0,0.0,0,0,0,0,,,,,,,,,2025/2026
178620961600469,"Shumaira Mheuka","Premier League",1,1,9q0arba2kbnywth8bkxlhgmdr,0,0.0,0.0,0,0,0.0,0.0,0,0,0,0,1,1,0,0.0,1,0,0.0,2,50.0,0,0.0,1,0,0,0,0.0,0,0,0,0.0,0.0,0.0,0.0,0,0,0,0,,,,,,,,,2025/2026
178620961600470,"Jayden Lienou","Premier League",0,0,48gk2hpqtsl6p9sx9kjhaydq4,0,0.0,0.0,0,0,0.0,0.0,0,0,0,0,0,0,0,0.0,0,0,0.0,0,0.0,0,0.0,0,0,0,0,0.0,0,0,0,0.0,0.0,0.0,0.0,0,0,0,0,,,,,,,,,2025/2026
178620961600471,"Will Wright","Premier League",0,0,c8h9bw1l82s06h77xxrelzhur,0,0.0,0.0,0,0,0.0,0.0,0,0,0,0,0,0,0,0.0,0,0,0.0,0,0.0,0,0.0,0,0,0,0,0.0,0,0,0,0.0,0.0,0.0,0.0,0,0,0,0,,,,,,,,,2025/2026
178620961600472,"James McConnell","Premier League",0,0,c8h9bw1l82s06h77xxrelzhur,0,0.0,0.0,0,0,0.0,0.0,0,0,0,0,0,0,0,0.0,0,0,0.0,0,0.0,0,0.0,0,0,0,0,0.0,0,0,0,0.0,0.0,0.0,0.0,0,0,0,0,,,,,,,,,2025/2026
178620961600473,"Talla Ndiaye","Premier League",0,0,c8h9bw1l82s06h77xxrelzhur,0,0.0,0.0,0,0,0.0,0.0,0,0,0,0,0,0,0,0.0,0,0,0.0,0,0.0,0,0.0,0,0,0,0,0.0,0,0,0,0.0,0.0,0.0,0.0,0,0,0,0,,,,,,,,,2025/2026
178620961600474,"Jimmy Sinclair","Premier League",0,0,1qtaiy11gswx327s0vkibf70n,0,0.0,0.0,0,0,0.0,0.0,0,0,0,0,0,0,0,0.0,0,0,0.0,0,0.0,0,0.0,0,0,0,0,0.0,0,0,0,0.0,0.0,0.0,0.0,0,0,0,0,,,,,,,,,2025/2026
178620961600475,"Archie Whitehall","Premier League",0,0,1qtaiy11gswx327s0vkibf70n,0,0.0,0.0,0,0,0.0,0.0,0,0,0,0,0,0,0,0.0,0,0,0.0,0,0.0,0,0.0,0,0,0,0,0.0,0,0,0,0.0,0.0,0.0,0.0,0,0,0,0,,,,,,,,,2025/2026
178620961600476,"Eric da Silva Moreira","Premier League",0,0,1qtaiy11gswx327s0vkibf70n,0,0.0,0.0,0,0,0.0,0.0,0,0,0,0,0,0,0,0.0,0,0,0.0,0,0.0,0,0.0,0,0,0,0,0.0,0,0,0,0.0,0.0,0.0,0.0,0,0,0,0,,,,,,,,,2025/2026
178620961600477,"Jonah Kusi-Asare","Premier League",7,49,hzqh7z0mdl3v7gwete66syxp,0,0.0,0.0,0,0,0.0,0.0,1,0,4,0,0,9,3,33.3,7,1,14.3,16,68.8,8,75.0,11,6,0,0,0.0,0,5,2,57.1,11.4,34.2,17.1,0,0,0,0,,,,,,,,,2025/2026
178620961600478,"Kieran Morrison","Premier League",0,0,c8h9bw1l82s06h77xxrelzhur,0,0.0,0.0,0,0,0.0,0.0,0,0,0,0,0,0,0,0.0,0,0,0.0,0,0.0,0,0.0,0,0,0,0,0.0,0,0,0,0.0,0.0,0.0,0.0,0,0,0,0,,,,,,,,,2025/2026
178620961600479,"Mathis Eboué","Premier League",0,0,9q0arba2kbnywth8bkxlhgmdr,0,0.0,0.0,0,0,0.0,0.0,0,0,0,0,0,0,0,0.0,0,0,0.0,0,0.0,0,0.0,0,0,0,0,0.0,0,0,0,0.0,0.0,0.0,0.0,0,0,0,0,,,,,,,,,2025/2026
178620961600480,"Igor Julio","Premier League",4,103,e5p0ehyguld7egzhiedpdnc3w,0,0.0,0.0,0,0,0.0,0.0,0,1,3,2,10,1,0,0.0,1,0,0.0,22,72.7,5,40.0,16,2,0,0,0.0,0,6,4,77.4,12.9,48.3,12.1,0,0,1,0,,,,,,,,,2025/2026
178620961600481,"Ollie Shield","Premier League",0,0,7yx5dqhhphyvfisohikodajhv,0,0.0,0.0,0,0,0.0,0.0,0,0,0,0,0,0,0,0.0,0,0,0.0,0,0.0,0,0.0,0,0,0,0,0.0,0,0,0,0.0,0.0,0.0,0.0,0,0,0,0,,,,,,,,,2025/2026
178620961600482,"Saheed Olagunju","Premier League",0,0,b9si1jn1lfxfund69e9ogcu2n,0,0.0,0.0,0,0,0.0,0.0,0,0,0,0,0,0,0,0.0,0,0,0.0,0,0.0,0,0.0,0,0,0,0,0.0,0,0,0,0.0,0.0,0.0,0.0,0,0,0,0,,,,,,,,,2025/2026
178620961600483,"Harrison Jones","Premier League",0,0,1r3545b2dzan8yqa80gtmcjch,0,0.0,0.0,0,0,0.0,0.0,0,0,0,0,0,0,0,0.0,0,0,0.0,0,0.0,0,0.0,0,0,0,0,0.0,0,0,0,0.0,0.0,0.0,0.0,0,0,0,0,,,,,,,,,2025/2026
178620961600484,"Mike Trésor","Premier League",6,37,64bxxwu2mv2qqlv0monbkj1om,0,0.0,0.0,0,0,0.0,0.0,1,0,4,0,0,5,1,20.0,3,0,0.0,27,85.2,6,50.0,23,3,1,1,100.0,0,9,3,84.0,9.3,0.7,0.2,0,0,0,0,,,,,,,,,2025/2026
178620961600485,"Jim Thwaites","Premier League",0,0,6eqit8ye8aomdsrrq0hk3v7gh,0,0.0,0.0,0,0,0.0,0.0,0,0,0,0,0,0,0,0.0,0,0,0.0,0,0.0,0,0.0,0,0,0,0,0.0,0,0,0,0.0,0.0,0.0,0.0,0,0,0,0,,,,,,,,,2025/2026
178620961600486,"Luka Bentt","Premier League",0,0,7yx5dqhhphyvfisohikodajhv,0,0.0,0.0,0,0,0.0,0.0,0,0,0,0,0,0,0,0.0,0,0,0.0,0,0.0,0,0.0,0,0,0,0,0.0,0,0,0,0.0,0.0,0.0,0.0,0,0,0,0,,,,,,,,,2025/2026
178620961600487,"Joshua Stephenson","Premier League",0,0,7yx5dqhhphyvfisohikodajhv,0,0.0,0.0,0,0,0.0,0.0,0,0,0,0,0,0,0,0.0,0,0,0.0,0,0.0,0,0.0,0,0,0,0,0.0,0,0,0,0.0,0.0,0.0,0.0,0,0,0,0,,,,,,,,,2025/2026
178620961600488,"Jenson Jones","Premier League",0,0,1r3545b2dzan8yqa80gtmcjch,0,0.0,0.0,0,0,0.0,0.0,0,0,0,0,0,0,0,0.0,0,0,0.0,0,0.0,0,0.0,0,0,0,0,0.0,0,0,0,0.0,0.0,0.0,0.0,0,0,0,0,,,,,,,,,2025/2026
178620961600489,"Riley Owen","Premier League",0,0,7yx5dqhhphyvfisohikodajhv,0,0.0,0.0,0,0,0.0,0.0,0,0,0,0,0,0,0,0.0,0,0,0.0,0,0.0,0,0.0,0,0,0,0,0.0,0,0,0,0.0,0.0,0.0,0.0,0,0,0,0,,,,,,,,,2025/2026
178620961600490,"Marli Salmon","Premier League",0,0,4dsgumo7d4zupm2ugsvm4zm4d,0,0.0,0.0,0,0,0.0,0.0,0,0,0,0,0,0,0,0.0,0,0,0.0,0,0.0,0,0.0,0,0,0,0,0.0,0,0,0,0.0,0.0,0.0,0.0,0,0,0,0,,,,,,,,,2025/2026
178620961600491,"Conor McManus","Premier League",0,0,7yx5dqhhphyvfisohikodajhv,0,0.0,0.0,0,0,0.0,0.0,0,0,0,0,0,0,0,0.0,0,0,0.0,0,0.0,0,0.0,0,0,0,0,0.0,0,0,0,0.0,0.0,0.0,0.0,0,0,0,0,,,,,,,,,2025/2026
178620961600492,"Calvin Ramsay","Premier League",0,0,c8h9bw1l82s06h77xxrelzhur,0,0.0,0.0,0,0,0.0,0.0,0,0,0,0,0,0,0,0.0,0,0,0.0,0,0.0,0,0.0,0,0,0,0,0.0,0,0,0,0.0,0.0,0.0,0.0,0,0,0,0,,,,,,,,,2025/2026
178620961600493,"Tyler Fredricson","Premier League",1,2,6eqit8ye8aomdsrrq0hk3v7gh,0,0.0,0.0,0,0,0.0,0.0,0,0,0,0,2,0,0,0.0,0,0,0.0,1,0.0,0,0.0,0,0,0,0,0.0,0,0,0,0.0,0.0,0.0,0.0,0,0,0,0,,,,,,,,,2025/2026
178620961600494,"Callum Olusesi","Premier League",1,14,22doj4sgsocqpxw45h607udje,0,0.0,0.0,0,0,0.0,0.0,0,0,2,0,0,0,0,0.0,0,0,0.0,8,100.0,4,100.0,8,4,0,0,0.0,0,2,0,13.7,6.8,-0.1,0.0,0,0,0,0,,,,,,,,,2025/2026
178620961600495,"James Rowswell","Premier League",1,1,22doj4sgsocqpxw45h607udje,0,0.0,0.0,0,0,0.0,0.0,0,0,0,0,0,0,0,0.0,0,0,0.0,0,0.0,0,0.0,0,0,0,0,0.0,0,0,0,0.0,0.0,0.0,0.0,0,0,0,0,,,,,,,,,2025/2026
178620961600496,"James Wilson","Premier League",0,0,22doj4sgsocqpxw45h607udje,0,0.0,0.0,0,0,0.0,0.0,0,0,0,0,0,0,0,0.0,0,0,0.0,0,0.0,0,0.0,0,0,0,0,0.0,0,0,0,0.0,0.0,0.0,0.0,0,0,0,0,,,,,,,,,2025/2026
178620961600497,"Benoît Badiashile","Premier League",8,471,9q0arba2kbnywth8bkxlhgmdr,0,0.0,0.0,0,0,0.0,0.0,7,10,16,4,27,15,9,60.0,17,8,47.1,439,92.9,32,78.1,408,25,0,0,0.0,0,58,27,526.0,9.1,197.5,7.3,0,0,0,0,,,,,,,,,2025/2026
178620961600498,"Jack Whittaker","Premier League",0,0,1r3545b2dzan8yqa80gtmcjch,0,0.0,0.0,0,0,0.0,0.0,0,0,0,0,0,0,0,0.0,0,0,0.0,0,0.0,0,0.0,0,0,0,0,0.0,0,0,0,0.0,0.0,0.0,0.0,0,0,0,0,,,,,,,,,2025/2026
178620961600499,"Harry Howell","Premier League",3,93,e5p0ehyguld7egzhiedpdnc3w,0,0.0,0.0,0,0,0.0,0.0,1,0,3,0,3,8,3,37.5,6,2,33.3,34,85.3,9,77.8,29,7,4,0,0.0,0,14,3,168.1,12.0,-6.9,-2.3,0,0,0,0,,,,,,,,,2025/2026
178620961700500,"Jaydon Jones","Premier League",0,0,1r3545b2dzan8yqa80gtmcjch,0,0.0,0.0,0,0,0.0,0.0,0,0,0,0,0,0,0,0.0,0,0,0.0,0,0.0,0,0.0,0,0,0,0,0.0,0,0,0,0.0,0.0,0.0,0.0,0,0,0,0,,,,,,,,,2025/2026
178620961700501,"Rio Kyerematen","Premier League",0,0,22doj4sgsocqpxw45h607udje,0,0.0,0.0,0,0,0.0,0.0,0,0,0,0,0,0,0,0.0,0,0,0.0,0,0.0,0,0.0,0,0,0,0,0.0,0,0,0,0.0,0.0,0.0,0.0,0,0,0,0,,,,,,,,,2025/2026
178620961700502,"Godwill Kukonki","Premier League",0,0,6eqit8ye8aomdsrrq0hk3v7gh,0,0.0,0.0,0,0,0.0,0.0,0,0,0,0,0,0,0,0.0,0,0,0.0,0,0.0,0,0.0,0,0,0,0,0.0,0,0,0,0.0,0.0,0.0,0.0,0,0,0,0,,,,,,,,,2025/2026
178620961700503,"Leo Shahar","Premier League",0,0,7vn2i2kd35zuetw6b38gw9jsz,0,0.0,0.0,0,0,0.0,0.0,0,0,0,0,0,0,0,0.0,0,0,0.0,0,0.0,0,0.0,0,0,0,0,0.0,0,0,0,0.0,0.0,0.0,0.0,0,0,0,0,,,,,,,,,2025/2026
178620961700504,"Kian McMahon-Brown","Premier League",0,0,64bxxwu2mv2qqlv0monbkj1om,0,0.0,0.0,0,0,0.0,0.0,0,0,0,0,0,0,0,0.0,0,0,0.0,0,0.0,0,0.0,0,0,0,0,0.0,0,0,0,0.0,0.0,0.0,0.0,0,0,0,0,,,,,,,,,2025/2026
178620961700505,"Milan Aleksic","Premier League",0,0,1r3545b2dzan8yqa80gtmcjch,0,0.0,0.0,0,0,0.0,0.0,0,0,0,0,0,0,0,0.0,0,0,0.0,0,0.0,0,0.0,0,0,0,0,0.0,0,0,0,0.0,0.0,0.0,0.0,0,0,0,0,,,,,,,,,2025/2026
178620961700506,"Jack Moorhouse","Premier League",0,0,6eqit8ye8aomdsrrq0hk3v7gh,0,0.0,0.0,0,0,0.0,0.0,0,0,0,0,0,0,0,0.0,0,0,0.0,0,0.0,0,0.0,0,0,0,0,0.0,0,0,0,0.0,0.0,0.0,0.0,0,0,0,0,,,,,,,,,2025/2026
178620961700507,"Lucá Williams-Barnett","Premier League",0,0,22doj4sgsocqpxw45h607udje,0,0.0,0.0,0,0,0.0,0.0,0,0,0,0,0,0,0,0.0,0,0,0.0,0,0.0,0,0.0,0,0,0,0,0.0,0,0,0,0.0,0.0,0.0,0.0,0,0,0,0,,,,,,,,,2025/2026
178620961700508,"Luke Rawlings","Premier League",0,0,b9si1jn1lfxfund69e9ogcu2n,0,0.0,0.0,0,0,0.0,0.0,0,0,0,0,0,0,0,0.0,0,0,0.0,0,0.0,0,0.0,0,0,0,0,0.0,0,0,0,0.0,0.0,0.0,0.0,0,0,0,0,,,,,,,,,2025/2026
178620961700509,"Jun'ai Byfield","Premier League",1,1,22doj4sgsocqpxw45h607udje,0,0.0,0.0,0,0,0.0,0.0,0,0,0,0,0,0,0,0.0,1,1,100.0,5,80.0,2,100.0,4,2,0,0,0.0,0,1,0,6.0,6.0,-5.1,0.0,0,0,0,0,,,,,,,,,2025/2026
178620961700510,"Malcom DaCosta","Premier League",0,0,1pse9ta7a45pi2w2grjim70ge,0,0.0,0.0,0,0,0.0,0.0,0,0,0,0,0,0,0,0.0,0,0,0.0,0,0.0,0,0.0,0,0,0,0,0.0,0,0,0,0.0,0.0,0.0,0.0,0,0,0,0,,,,,,,,,2025/2026
178620961700511,"Ryan McAidoo","Premier League",0,0,a3nyxabgsqlnqfkeg41m6tnpp,0,0.0,0.0,0,0,0.0,0.0,0,0,0,0,0,0,0,0.0,0,0,0.0,0,0.0,0,0.0,0,0,0,0,0.0,0,0,0,0.0,0.0,0.0,0.0,0,0,0,0,,,,,,,,,2025/2026
178620963708735,"Killian Barrett","League Two",1,90,2h0f9b45mwop10akb6bp7qx3,,,,,,,,,,,,,,,,,,,,,,,,,,,,,,,,,,,,,,,2,1,33.3,1.8,-0.2,0.5,,,2025/2026
178620961700512,"Zach Marsh","Premier League",0,0,1c8m2ko0wxq1asfkuykurdr0y,0,0.0,0.0,0,0,0.0,0.0,0,0,0,0,0,0,0,0.0,0,0,0.0,0,0.0,0,0.0,0,0,0,0,0.0,0,0,0,0.0,0.0,0.0,0.0,0,0,0,0,,,,,,,,,2025/2026
178620961700513,"Kaden Rodney","Premier League",1,3,1c8m2ko0wxq1asfkuykurdr0y,0,0.0,0.0,0,0,0.0,0.0,0,0,0,0,0,1,0,0.0,1,0,0.0,5,60.0,2,50.0,3,1,0,0,0.0,0,0,0,0.0,0.0,0.0,0.0,0,0,0,0,,,,,,,,,2025/2026
178620961700514,"Amara Nallo","Premier League",0,0,c8h9bw1l82s06h77xxrelzhur,0,0.0,0.0,0,0,0.0,0.0,0,0,0,0,0,0,0,0.0,0,0,0.0,0,0.0,0,0.0,0,0,0,0,0.0,0,0,0,0.0,0.0,0.0,0.0,0,0,0,0,,,,,,,,,2025/2026
178620961700515,"Remy Rees-Dottin","Premier League",0,0,1pse9ta7a45pi2w2grjim70ge,0,0.0,0.0,0,0,0.0,0.0,0,0,0,0,0,0,0,0.0,0,0,0.0,0,0.0,0,0.0,0,0,0,0,0.0,0,0,0,0.0,0.0,0.0,0.0,0,0,0,0,,,,,,,,,2025/2026
178620961700516,"Danny Imray","Premier League",0,0,1c8m2ko0wxq1asfkuykurdr0y,0,0.0,0.0,0,0,0.0,0.0,0,0,0,0,0,0,0,0.0,0,0,0.0,0,0.0,0,0.0,0,0,0,0,0.0,0,0,0,0.0,0.0,0.0,0.0,0,0,0,0,,,,,,,,,2025/2026
178620961700517,"Dominic Sadi","Premier League",0,0,1pse9ta7a45pi2w2grjim70ge,0,0.0,0.0,0,0,0.0,0.0,0,0,0,0,0,0,0,0.0,0,0,0.0,0,0.0,0,0.0,0,0,0,0,0.0,0,0,0,0.0,0.0,0.0,0.0,0,0,0,0,,,,,,,,,2025/2026
178620961700518,"Dane Scarlett","Premier League",2,7,22doj4sgsocqpxw45h607udje,0,0.0,0.0,0,0,0.0,0.0,0,0,1,0,0,2,0,0.0,2,0,0.0,4,50.0,0,0.0,2,0,1,1,100.0,0,1,0,7.0,7.0,-6.1,0.0,0,0,0,0,,,,,,,,,2025/2026
178620961700519,"Diego Coppola","Premier League",5,194,e5p0ehyguld7egzhiedpdnc3w,0,0.0,0.0,0,0,0.0,0.0,2,1,6,2,13,9,3,33.3,18,10,55.6,114,88.6,12,83.3,101,10,0,0,0.0,0,27,14,273.7,10.1,84.8,6.1,0,0,0,0,,,,,,,,,2025/2026
178620961700520,"Divine Mukasa","Premier League",2,25,a3nyxabgsqlnqfkeg41m6tnpp,0,0.0,0.0,0,0,0.0,0.0,0,0,1,0,0,4,0,0.0,2,0,0.0,19,94.7,12,91.7,18,11,0,0,0.0,1,4,1,39.9,10.0,14.9,14.9,0,0,1,0,,,,,,,,,2025/2026
178620961700521,"Charlie Stevens","Premier League",0,0,1pse9ta7a45pi2w2grjim70ge,0,0.0,0.0,0,0,0.0,0.0,0,0,0,0,0,0,0,0.0,0,0,0.0,0,0.0,0,0.0,0,0,0,0,0.0,0,0,0,0.0,0.0,0.0,0.0,0,0,0,0,,,,,,,,,2025/2026
178620961700522,"Reece Welch","Premier League",0,0,ehd2iemqmschhj2ec0vayztzz,0,0.0,0.0,0,0,0.0,0.0,0,0,0,0,0,0,0,0.0,0,0,0.0,0,0.0,0,0.0,0,0,0,0,0.0,0,0,0,0.0,0.0,0.0,0.0,0,0,0,0,,,,,,,,,2025/2026
178620961700523,"Jamaldeen Jimoh-Aloba","Premier League",1,8,b496gs285it6bheuikox6z9mj,0,0.0,0.0,0,0,0.0,0.0,0,0,1,0,0,2,1,50.0,0,0,0.0,7,85.7,1,100.0,6,1,0,0,0.0,0,3,0,25.0,8.3,-3.1,0.0,0,0,0,0,,,,,,,,,2025/2026
178620961700524,"Elijah Campbell","Premier League",0,0,ehd2iemqmschhj2ec0vayztzz,0,0.0,0.0,0,0,0.0,0.0,0,0,0,0,0,0,0,0.0,0,0,0.0,0,0.0,0,0.0,0,0,0,0,0.0,0,0,0,0.0,0.0,0.0,0.0,0,0,0,0,,,,,,,,,2025/2026
178620961700525,"Sam Amissah","Premier League",0,0,hzqh7z0mdl3v7gwete66syxp,0,0.0,0.0,0,0,0.0,0.0,0,0,0,0,0,0,0,0.0,0,0,0.0,0,0.0,0,0.0,0,0,0,0,0.0,0,0,0,0.0,0.0,0.0,0.0,0,0,0,0,,,,,,,,,2025/2026
178620961700526,"Dan Neil","Premier League",3,13,1r3545b2dzan8yqa80gtmcjch,0,0.0,0.0,0,0,0.0,0.0,0,1,0,0,1,1,1,100.0,2,0,0.0,9,88.9,2,50.0,8,1,0,0,0.0,0,1,0,10.7,10.7,2.4,0.0,0,0,0,0,,,,,,,,,2025/2026
178620961700527,"Joél Drakes-Thomas","Premier League",2,7,1c8m2ko0wxq1asfkuykurdr0y,0,0.0,0.0,0,0,0.0,0.0,1,0,2,0,0,3,1,33.3,0,0,0.0,11,72.7,5,80.0,8,4,0,0,0.0,0,4,3,66.3,16.6,46.7,15.6,0,0,0,0,,,,,,,,,2025/2026
178620961700528,"Stephen Mfuni","Premier League",0,0,a3nyxabgsqlnqfkeg41m6tnpp,0,0.0,0.0,0,0,0.0,0.0,0,0,0,0,0,0,0,0.0,0,0,0.0,0,0.0,0,0.0,0,0,0,0,0.0,0,0,0,0.0,0.0,0.0,0.0,0,0,0,0,,,,,,,,,2025/2026
178620961700529,"Julio Soler","Premier League",3,34,1pse9ta7a45pi2w2grjim70ge,0,0.0,0.0,0,0,0.0,0.0,1,0,4,0,0,6,3,50.0,0,0,0.0,23,87.0,5,80.0,20,4,2,0,0.0,0,11,2,91.3,8.3,3.7,1.8,0,0,0,0,,,,,,,,,2025/2026
178620961700530,"Tymur Tutierov","Premier League",0,0,1r3545b2dzan8yqa80gtmcjch,0,0.0,0.0,0,0,0.0,0.0,0,0,0,0,0,0,0,0.0,0,0,0.0,0,0.0,0,0.0,0,0,0,0,0.0,0,0,0,0.0,0.0,0.0,0.0,0,0,0,0,,,,,,,,,2025/2026
178620961700531,"Leo Hjelde","Premier League",0,0,1r3545b2dzan8yqa80gtmcjch,0,0.0,0.0,0,0,0.0,0.0,0,0,0,0,0,0,0,0.0,0,0,0.0,0,0.0,0,0.0,0,0,0,0,0.0,0,0,0,0.0,0.0,0.0,0.0,0,0,0,0,,,,,,,,,2025/2026
178620961700532,"Myles Peart-Harris","Premier League",1,1,7yx5dqhhphyvfisohikodajhv,0,0.0,0.0,0,0,0.0,0.0,0,0,0,0,0,1,0,0.0,0,0,0.0,0,0.0,0,0.0,0,0,0,0,0.0,0,1,0,5.8,5.8,-5.0,0.0,0,0,0,0,,,,,,,,,2025/2026
178620961700533,"Ben Casey","Premier League",0,0,1c8m2ko0wxq1asfkuykurdr0y,0,0.0,0.0,0,0,0.0,0.0,0,0,0,0,0,0,0,0.0,0,0,0.0,0,0.0,0,0.0,0,0,0,0,0.0,0,0,0,0.0,0.0,0.0,0.0,0,0,0,0,,,,,,,,,2025/2026
178620961700534,"George King","Premier League",0,0,1c8m2ko0wxq1asfkuykurdr0y,0,0.0,0.0,0,0,0.0,0.0,0,0,0,0,0,0,0,0.0,0,0,0.0,0,0.0,0,0.0,0,0,0,0,0.0,0,0,0,0.0,0.0,0.0,0.0,0,0,0,0,,,,,,,,,2025/2026
178620961700535,"Dean Benamar","Premier League",0,0,1c8m2ko0wxq1asfkuykurdr0y,0,0.0,0.0,0,0,0.0,0.0,0,0,0,0,0,0,0,0.0,0,0,0.0,0,0.0,0,0.0,0,0,0,0,0.0,0,0,0,0.0,0.0,0.0,0.0,0,0,0,0,,,,,,,,,2025/2026
178620961700536,"Temple Ojinnaka","Premier League",0,0,b9si1jn1lfxfund69e9ogcu2n,0,0.0,0.0,0,0,0.0,0.0,0,0,0,0,0,0,0,0.0,0,0,0.0,0,0.0,0,0.0,0,0,0,0,0.0,0,0,0,0.0,0.0,0.0,0.0,0,0,0,0,,,,,,,,,2025/2026
178620961700537,"Tawanda Chirewa","Premier League",2,25,b9si1jn1lfxfund69e9ogcu2n,0,0.0,0.0,0,0,0.0,0.0,3,0,2,0,1,7,4,57.1,1,0,0.0,3,100.0,1,100.0,3,1,0,0,0.0,0,0,0,0.0,0.0,0.0,0.0,0,0,0,0,,,,,,,,,2025/2026
178620961700538,"Seth Ridgeon","Premier League",0,0,hzqh7z0mdl3v7gwete66syxp,0,0.0,0.0,0,0,0.0,0.0,0,0,0,0,0,0,0,0.0,0,0,0.0,0,0.0,0,0.0,0,0,0,0,0.0,0,0,0,0.0,0.0,0.0,0.0,0,0,0,0,,,,,,,,,2025/2026
178620961700539,"Charlie Tasker","Premier League",0,0,e5p0ehyguld7egzhiedpdnc3w,0,0.0,0.0,0,0,0.0,0.0,0,0,0,0,0,0,0,0.0,0,0,0.0,0,0.0,0,0.0,0,0,0,0,0.0,0,0,0,0.0,0.0,0.0,0.0,0,0,0,0,,,,,,,,,2025/2026
178620961700540,"Reigan Heskey","Premier League",0,0,a3nyxabgsqlnqfkeg41m6tnpp,0,0.0,0.0,0,0,0.0,0.0,0,0,0,0,0,0,0,0.0,0,0,0.0,0,0.0,0,0.0,0,0,0,0,0.0,0,0,0,0.0,0.0,0.0,0.0,0,0,0,0,,,,,,,,,2025/2026
178620961700541,"George Earthy","Premier League",1,8,4txjdaqveermfryvbfrr4taf7,0,0.0,0.0,0,0,0.0,0.0,0,0,0,0,0,0,0,0.0,0,0,0.0,3,100.0,1,100.0,3,1,0,0,0.0,0,1,1,7.7,7.7,7.5,7.5,0,0,0,0,,,,,,,,,2025/2026
178620961700542,"Romain Esse","Premier League",4,40,1c8m2ko0wxq1asfkuykurdr0y,0,0.0,0.0,0,0,0.0,0.0,2,0,2,0,0,11,5,45.5,4,1,25.0,20,65.0,9,55.6,13,5,2,0,0.0,0,11,6,91.8,8.3,62.3,10.4,0,0,0,0,,,,,,,,,2025/2026
178620961700543,"Bendito Mantato","Premier League",1,15,6eqit8ye8aomdsrrq0hk3v7gh,0,0.0,0.0,0,0,0.0,0.0,0,0,0,0,0,1,0,0.0,0,0,0.0,5,100.0,1,100.0,5,1,1,0,0.0,0,2,2,22.8,11.4,19.5,9.8,0,0,1,0,,,,,,,,,2025/2026
178620963708736,"Ian Lawlor","League Two",22,1980,9ze1c55gavzeg6vw37ca1banb,,,,,,,,,,,,,,,,,,,,,,,,,,,,,,,,,,,,,,,26,61,70.1,25.8,-0.2,1.0,,,2025/2026
178620961700544,"Sam Chambers","Premier League",0,0,48gk2hpqtsl6p9sx9kjhaydq4,0,0.0,0.0,0,0,0.0,0.0,0,0,0,0,0,0,0,0.0,0,0,0.0,0,0.0,0,0.0,0,0,0,0,0.0,0,0,0,0.0,0.0,0.0,0.0,0,0,0,0,,,,,,,,,2025/2026
178620961700545,"Oliver Pimlott","Premier League",0,0,64bxxwu2mv2qqlv0monbkj1om,0,0.0,0.0,0,0,0.0,0.0,0,0,0,0,0,0,0,0.0,0,0,0.0,0,0.0,0,0.0,0,0,0,0,0.0,0,0,0,0.0,0.0,0.0,0.0,0,0,0,0,,,,,,,,,2025/2026
178620961700546,"Jaydon Banel","Premier League",1,9,64bxxwu2mv2qqlv0monbkj1om,0,0.0,0.0,0,0,0.0,0.0,0,0,0,0,0,3,1,33.3,1,0,0.0,4,100.0,3,100.0,4,3,0,0,0.0,0,2,0,11.0,5.5,-3.5,0.0,0,0,0,0,,,,,,,,,2025/2026
178620961700547,"Enock Agyei","Premier League",0,0,64bxxwu2mv2qqlv0monbkj1om,0,0.0,0.0,0,0,0.0,0.0,0,0,0,0,0,0,0,0.0,0,0,0.0,0,0.0,0,0.0,0,0,0,0,0.0,0,0,0,0.0,0.0,0.0,0.0,0,0,0,0,,,,,,,,,2025/2026
178620961700548,"George Brierley","Premier League",0,0,64bxxwu2mv2qqlv0monbkj1om,0,0.0,0.0,0,0,0.0,0.0,0,0,0,0,0,0,0,0.0,0,0,0.0,0,0.0,0,0.0,0,0,0,0,0.0,0,0,0,0.0,0.0,0.0,0.0,0,0,0,0,,,,,,,,,2025/2026
178620961700549,"Airidas Golambeckis","Premier League",0,0,4txjdaqveermfryvbfrr4taf7,0,0.0,0.0,0,0,0.0,0.0,0,0,0,0,0,0,0,0.0,0,0,0.0,0,0.0,0,0.0,0,0,0,0,0.0,0,0,0,0.0,0.0,0.0,0.0,0,0,0,0,,,,,,,,,2025/2026
178620961700550,"Enso González","Premier League",0,0,b9si1jn1lfxfund69e9ogcu2n,0,0.0,0.0,0,0,0.0,0.0,0,0,0,0,0,0,0,0.0,0,0,0.0,0,0.0,0,0.0,0,0,0,0,0.0,0,0,0,0.0,0.0,0.0,0.0,0,0,0,0,,,,,,,,,2025/2026
178620961700551,"TJ Carroll","Premier League",0,0,b496gs285it6bheuikox6z9mj,0,0.0,0.0,0,0,0.0,0.0,0,0,0,0,0,0,0,0.0,0,0,0.0,0,0.0,0,0.0,0,0,0,0,0.0,0,0,0,0.0,0.0,0.0,0.0,0,0,0,0,,,,,,,,,2025/2026
178620961700552,"Yunus Konak","Premier League",0,0,7yx5dqhhphyvfisohikodajhv,0,0.0,0.0,0,0,0.0,0.0,0,0,0,0,0,0,0,0.0,0,0,0.0,0,0.0,0,0.0,0,0,0,0,0.0,0,0,0,0.0,0.0,0.0,0.0,0,0,0,0,,,,,,,,,2025/2026
178620961700553,"Wellity Lucky","Premier League",0,0,c8h9bw1l82s06h77xxrelzhur,0,0.0,0.0,0,0,0.0,0.0,0,0,0,0,0,0,0,0.0,0,0,0.0,0,0.0,0,0.0,0,0,0,0,0.0,0,0,0,0.0,0.0,0.0,0.0,0,0,0,0,,,,,,,,,2025/2026
178620961700554,"Leon Routh","Premier League",0,0,b496gs285it6bheuikox6z9mj,0,0.0,0.0,0,0,0.0,0.0,0,0,0,0,0,0,0,0.0,0,0,0.0,0,0.0,0,0.0,0,0,0,0,0.0,0,0,0,0.0,0.0,0.0,0.0,0,0,0,0,,,,,,,,,2025/2026
178620961700555,"Chido Obi","Premier League",0,0,6eqit8ye8aomdsrrq0hk3v7gh,0,0.0,0.0,0,0,0.0,0.0,0,0,0,0,0,0,0,0.0,0,0,0.0,0,0.0,0,0.0,0,0,0,0,0.0,0,0,0,0.0,0.0,0.0,0.0,0,0,0,0,,,,,,,,,2025/2026
178620961700556,"Sam Alabi","Premier League",0,0,7vn2i2kd35zuetw6b38gw9jsz,0,0.0,0.0,0,0,0.0,0.0,0,0,0,0,0,0,0,0.0,0,0,0.0,0,0.0,0,0.0,0,0,0,0,0.0,0,0,0,0.0,0.0,0.0,0.0,0,0,0,0,,,,,,,,,2025/2026
178620961700557,"Julián Araujo","Premier League",0,0,1pse9ta7a45pi2w2grjim70ge,0,0.0,0.0,0,0,0.0,0.0,0,0,0,0,0,0,0,0.0,0,0,0.0,0,0.0,0,0.0,0,0,0,0,0.0,0,0,0,0.0,0.0,0.0,0.0,0,0,0,0,,,,,,,,,2025/2026
178620961700558,"Braiden Graham","Premier League",0,0,ehd2iemqmschhj2ec0vayztzz,0,0.0,0.0,0,0,0.0,0.0,0,0,0,0,0,0,0,0.0,0,0,0.0,0,0.0,0,0.0,0,0,0,0,0.0,0,0,0,0.0,0.0,0.0,0.0,0,0,0,0,,,,,,,,,2025/2026
178620961700559,"Callum Bates","Premier League",0,0,ehd2iemqmschhj2ec0vayztzz,0,0.0,0.0,0,0,0.0,0.0,0,0,0,0,0,0,0,0.0,0,0,0.0,0,0.0,0,0.0,0,0,0,0,0.0,0,0,0,0.0,0.0,0.0,0.0,0,0,0,0,,,,,,,,,2025/2026
178620961700560,"Kota Takai","Premier League",0,0,22doj4sgsocqpxw45h607udje,0,0.0,0.0,0,0,0.0,0.0,0,0,0,0,0,0,0,0.0,0,0,0.0,0,0.0,0,0.0,0,0,0,0,0.0,0,0,0,0.0,0.0,0.0,0.0,0,0,0,0,,,,,,,,,2025/2026
178620961700561,"Gustavo Nunes","Premier League",0,0,7yx5dqhhphyvfisohikodajhv,0,0.0,0.0,0,0,0.0,0.0,0,0,0,0,0,0,0,0.0,0,0,0.0,0,0.0,0,0.0,0,0,0,0,0.0,0,0,0,0.0,0.0,0.0,0.0,0,0,0,0,,,,,,,,,2025/2026
178620961700562,"Freddie Simmonds","Premier League",0,0,e5p0ehyguld7egzhiedpdnc3w,0,0.0,0.0,0,0,0.0,0.0,0,0,0,0,0,0,0,0.0,0,0,0.0,0,0.0,0,0.0,0,0,0,0,0.0,0,0,0,0.0,0.0,0.0,0.0,0,0,0,0,,,,,,,,,2025/2026
178620961700563,"Joe Knight","Premier League",1,1,e5p0ehyguld7egzhiedpdnc3w,0,0.0,0.0,0,0,0.0,0.0,0,0,0,0,0,0,0,0.0,0,0,0.0,0,0.0,0,0.0,0,0,0,0,0.0,0,0,0,0.0,0.0,0.0,0.0,0,0,0,0,,,,,,,,,2025/2026
178620961700564,"Nehemiah Oriola","Premier League",1,1,e5p0ehyguld7egzhiedpdnc3w,0,0.0,0.0,0,0,0.0,0.0,0,0,0,0,0,0,0,0.0,0,0,0.0,0,0.0,0,0.0,0,0,0,0,0.0,0,0,0,0.0,0.0,0.0,0.0,0,0,0,0,,,,,,,,,2025/2026
178620961700565,"Charlie Gray","Premier League",0,0,a3nyxabgsqlnqfkeg41m6tnpp,0,0.0,0.0,0,0,0.0,0.0,0,0,0,0,0,0,0,0.0,0,0,0.0,0,0.0,0,0.0,0,0,0,0,0.0,0,0,0,0.0,0.0,0.0,0.0,0,0,0,0,,,,,,,,,2025/2026
178620961700566,"Andy Irving","Premier League",7,157,4txjdaqveermfryvbfrr4taf7,0,0.0,0.0,0,0,0.0,0.0,6,1,14,1,0,11,6,54.5,4,0,0.0,93,89.3,29,86.2,83,25,3,1,33.3,0,21,6,228.6,10.9,50.8,8.5,0,0,0,0,,,,,,,,,2025/2026
178620961700567,"Alfie Pond","Premier League",0,0,b9si1jn1lfxfund69e9ogcu2n,0,0.0,0.0,0,0,0.0,0.0,0,0,0,0,0,0,0,0.0,0,0,0.0,0,0.0,0,0.0,0,0,0,0,0.0,0,0,0,0.0,0.0,0.0,0.0,0,0,0,0,,,,,,,,,2025/2026
178620961700568,"Frank Onyeka","Premier League",6,88,7yx5dqhhphyvfisohikodajhv,0,0.0,0.0,0,0,0.0,0.0,2,0,5,0,3,14,7,50.0,2,1,50.0,36,77.8,15,66.7,28,10,0,0,0.0,0,11,4,98.1,8.9,35.9,9.0,0,0,1,1,,,,,,,,,2025/2026
178620961700569,"Willy Boly","Premier League",0,0,1qtaiy11gswx327s0vkibf70n,0,0.0,0.0,0,0,0.0,0.0,0,0,0,0,0,0,0,0.0,0,0,0.0,0,0.0,0,0.0,0,0,0,0,0.0,0,0,0,0.0,0.0,0.0,0.0,0,0,0,0,,,,,,,,,2025/2026
178620961700570,"Benjamin Arthur","Premier League",0,0,7yx5dqhhphyvfisohikodajhv,0,0.0,0.0,0,0,0.0,0.0,0,0,0,0,0,0,0,0.0,0,0,0.0,0,0.0,0,0.0,0,0,0,0,0.0,0,0,0,0.0,0.0,0.0,0.0,0,0,0,0,,,,,,,,,2025/2026
178620961700571,"Emil Krafth","Premier League",1,45,7vn2i2kd35zuetw6b38gw9jsz,0,0.0,0.0,0,0,0.0,0.0,0,0,0,0,1,3,0,0.0,0,0,0.0,19,73.7,8,50.0,14,4,1,0,0.0,0,0,0,0.0,0.0,0.0,0.0,0,0,0,0,,,,,,,,,2025/2026
178620961700572,"Andre Harriman-Annous","Premier League",0,0,4dsgumo7d4zupm2ugsvm4zm4d,0,0.0,0.0,0,0,0.0,0.0,0,0,0,0,0,0,0,0.0,0,0,0.0,0,0.0,0,0.0,0,0,0,0,0.0,0,0,0,0.0,0.0,0.0,0.0,0,0,0,0,,,,,,,,,2025/2026
178620961700573,"Yusuf Akhamrich","Premier League",0,0,22doj4sgsocqpxw45h607udje,0,0.0,0.0,0,0,0.0,0.0,0,0,0,0,0,0,0,0.0,0,0,0.0,0,0.0,0,0.0,0,0,0,0,0.0,0,0,0,0.0,0.0,0.0,0.0,0,0,0,0,,,,,,,,,2025/2026
178620961700574,"Ben Broggio","Premier League",0,0,b496gs285it6bheuikox6z9mj,0,0.0,0.0,0,0,0.0,0.0,0,0,0,0,0,0,0,0.0,0,0,0.0,0,0.0,0,0.0,0,0,0,0,0.0,0,0,0,0.0,0.0,0.0,0.0,0,0,0,0,,,,,,,,,2025/2026
178620961700575,"Landon Emenalo","Premier League",0,0,9q0arba2kbnywth8bkxlhgmdr,0,0.0,0.0,0,0,0.0,0.0,0,0,0,0,0,0,0,0.0,0,0,0.0,0,0.0,0,0.0,0,0,0,0,0.0,0,0,0,0.0,0.0,0.0,0.0,0,0,0,0,,,,,,,,,2025/2026
178620961700576,"Diego León","Premier League",0,0,6eqit8ye8aomdsrrq0hk3v7gh,0,0.0,0.0,0,0,0.0,0.0,0,0,0,0,0,0,0,0.0,0,0,0.0,0,0.0,0,0.0,0,0,0,0,0.0,0,0,0,0.0,0.0,0.0,0.0,0,0,0,0,,,,,,,,,2025/2026
178620961700577,"Antoni Milambo","Premier League",1,45,7yx5dqhhphyvfisohikodajhv,0,0.0,0.0,0,0,0.0,0.0,3,0,2,0,0,3,3,100.0,3,2,66.7,11,72.7,5,60.0,8,3,0,0,0.0,0,2,2,26.1,13.1,20.2,10.1,0,0,0,0,,,,,,,,,2025/2026
178620961700578,"Harry Gray","Premier League",0,0,48gk2hpqtsl6p9sx9kjhaydq4,0,0.0,0.0,0,0,0.0,0.0,0,0,0,0,0,0,0,0.0,0,0,0.0,0,0.0,0,0.0,0,0,0,0,0.0,0,0,0,0.0,0.0,0.0,0.0,0,0,0,0,,,,,,,,,2025/2026
178620961700579,"Travis Patterson","Premier League",0,0,b496gs285it6bheuikox6z9mj,0,0.0,0.0,0,0,0.0,0.0,0,0,0,0,0,0,0,0.0,0,0,0.0,0,0.0,0,0.0,0,0,0,0,0.0,0,0,0,0.0,0.0,0.0,0.0,0,0,0,0,,,,,,,,,2025/2026
178620961700580,"Triston Rowe","Premier League",0,0,b496gs285it6bheuikox6z9mj,0,0.0,0.0,0,0,0.0,0.0,0,0,0,0,0,0,0,0.0,0,0,0.0,0,0.0,0,0.0,0,0,0,0,0.0,0,0,0,0.0,0.0,0.0,0.0,0,0,0,0,,,,,,,,,2025/2026
178620961700581,"Manuel Akanji","Premier League",0,0,a3nyxabgsqlnqfkeg41m6tnpp,0,0.0,0.0,0,0,0.0,0.0,0,0,0,0,0,0,0,0.0,0,0,0.0,0,0.0,0,0.0,0,0,0,0,0.0,0,0,0,0.0,0.0,0.0,0.0,0,0,0,0,,,,,,,,,2025/2026
178620961700582,"Ilkay Gündogan","Premier League",0,0,a3nyxabgsqlnqfkeg41m6tnpp,0,0.0,0.0,0,0,0.0,0.0,0,0,0,0,0,0,0,0.0,0,0,0.0,0,0.0,0,0.0,0,0,0,0,0.0,0,0,0,0.0,0.0,0.0,0.0,0,0,0,0,,,,,,,,,2025/2026
178620961700583,"Aaron Ramsey","Premier League",0,0,64bxxwu2mv2qqlv0monbkj1om,0,0.0,0.0,0,0,0.0,0.0,0,0,0,0,0,0,0,0.0,0,0,0.0,0,0.0,0,0.0,0,0,0,0,0.0,0,0,0,0.0,0.0,0.0,0.0,0,0,0,0,,,,,,,,,2025/2026
178620961700584,"Jenson Seelt","Premier League",2,134,1r3545b2dzan8yqa80gtmcjch,0,0.0,0.0,0,0,0.0,0.0,4,0,6,1,7,8,5,62.5,6,5,83.3,109,88.1,14,64.3,96,9,1,0,0.0,0,35,26,379.2,10.8,289.7,11.1,0,0,0,0,,,,,,,,,2025/2026
178620961700585,"Manor Solomon","Premier League",0,0,22doj4sgsocqpxw45h607udje,0,0.0,0.0,0,0,0.0,0.0,0,0,0,0,0,0,0,0.0,0,0,0.0,0,0.0,0,0.0,0,0,0,0,0.0,0,0,0,0.0,0.0,0.0,0.0,0,0,0,0,,,,,,,,,2025/2026
178620961700586,"Romain Faivre","Premier League",0,0,1pse9ta7a45pi2w2grjim70ge,0,0.0,0.0,0,0,0.0,0.0,0,0,0,0,0,0,0,0.0,0,0,0.0,0,0.0,0,0.0,0,0,0,0,0.0,0,0,0,0.0,0.0,0.0,0.0,0,0,0,0,,,,,,,,,2025/2026
178620961700587,"Sasa Kalajdzic","Premier League",1,14,b9si1jn1lfxfund69e9ogcu2n,0,0.0,0.0,0,0,0.0,0.0,0,1,1,0,0,2,0,0.0,3,2,66.7,5,80.0,2,50.0,4,1,0,0,0.0,0,1,0,5.1,5.1,-1.1,0.0,0,0,0,0,,,,,,,,,2025/2026
178620961700588,"Tyler Onyango","Premier League",0,0,ehd2iemqmschhj2ec0vayztzz,0,0.0,0.0,0,0,0.0,0.0,0,0,0,0,0,0,0,0.0,0,0,0.0,0,0.0,0,0.0,0,0,0,0,0.0,0,0,0,0.0,0.0,0.0,0.0,0,0,0,0,,,,,,,,,2025/2026
178620961700589,"Giovanni Leoni","Premier League",0,0,c8h9bw1l82s06h77xxrelzhur,0,0.0,0.0,0,0,0.0,0.0,0,0,0,0,0,0,0,0.0,0,0,0.0,0,0.0,0,0.0,0,0,0,0,0.0,0,0,0,0.0,0.0,0.0,0.0,0,0,0,0,,,,,,,,,2025/2026
178620961700590,"Odsonne Édouard","Premier League",1,2,1c8m2ko0wxq1asfkuykurdr0y,0,0.0,0.0,0,0,0.0,0.0,1,0,0,0,0,2,2,100.0,2,0,0.0,0,0.0,0,0.0,0,0,0,0,0.0,0,0,0,0.0,0.0,0.0,0.0,0,0,0,0,,,,,,,,,2025/2026
178620961700591,"Youssef Chermiti","Premier League",0,0,ehd2iemqmschhj2ec0vayztzz,0,0.0,0.0,0,0,0.0,0.0,0,0,0,0,0,0,0,0.0,0,0,0.0,0,0.0,0,0.0,0,0,0,0,0.0,0,0,0,0.0,0.0,0.0,0.0,0,0,0,0,,,,,,,,,2025/2026
178620961700592,"Jakub Kiwior","Premier League",0,0,4dsgumo7d4zupm2ugsvm4zm4d,0,0.0,0.0,0,0,0.0,0.0,0,0,0,0,0,0,0,0.0,0,0,0.0,0,0.0,0,0.0,0,0,0,0,0.0,0,0,0,0.0,0.0,0.0,0.0,0,0,0,0,,,,,,,,,2025/2026
178620961700593,"Luka Vuskovic","Premier League",0,0,22doj4sgsocqpxw45h607udje,0,0.0,0.0,0,0,0.0,0.0,0,0,0,0,0,0,0,0.0,0,0,0.0,0,0.0,0,0.0,0,0,0,0,0.0,0,0,0,0.0,0.0,0.0,0.0,0,0,0,0,,,,,,,,,2025/2026
178620961700594,"Largie Ramazani","Premier League",0,0,48gk2hpqtsl6p9sx9kjhaydq4,0,0.0,0.0,0,0,0.0,0.0,0,0,0,0,0,0,0,0.0,0,0,0.0,0,0.0,0,0.0,0,0,0,0,0.0,0,0,0,0.0,0.0,0.0,0.0,0,0,0,0,,,,,,,,,2025/2026
178620961700595,"Mads Roerslev","Premier League",0,0,7yx5dqhhphyvfisohikodajhv,0,0.0,0.0,0,0,0.0,0.0,0,0,0,0,0,0,0,0.0,0,0,0.0,0,0.0,0,0.0,0,0,0,0,0.0,0,0,0,0.0,0.0,0.0,0.0,0,0,0,0,,,,,,,,,2025/2026
178620961700596,"Jota Silva","Premier League",1,11,1qtaiy11gswx327s0vkibf70n,0,0.0,0.0,0,0,0.0,0.0,2,0,0,0,1,3,3,100.0,1,0,0.0,2,100.0,1,100.0,2,1,1,0,0.0,0,1,1,6.8,6.8,6.7,6.7,0,0,0,0,,,,,,,,,2025/2026
178620961700597,"Jesurun Rak-Sakyi","Premier League",0,0,1c8m2ko0wxq1asfkuykurdr0y,0,0.0,0.0,0,0,0.0,0.0,0,0,0,0,0,0,0,0.0,0,0,0.0,0,0.0,0,0.0,0,0,0,0,0.0,0,0,0,0.0,0.0,0.0,0.0,0,0,0,0,,,,,,,,,2025/2026
178620961700598,"Andreas Pereira","Premier League",0,0,hzqh7z0mdl3v7gwete66syxp,0,0.0,0.0,0,0,0.0,0.0,0,0,0,0,0,0,0,0.0,0,0,0.0,0,0.0,0,0.0,0,0,0,0,0.0,0,0,0,0.0,0.0,0.0,0.0,0,0,0,0,,,,,,,,,2025/2026
178620961700599,"Edson Álvarez","Premier League",0,0,4txjdaqveermfryvbfrr4taf7,0,0.0,0.0,0,0,0.0,0.0,0,0,0,0,0,0,0,0.0,0,0,0.0,0,0.0,0,0.0,0,0,0,0,0.0,0,0,0,0.0,0.0,0.0,0.0,0,0,0,0,,,,,,,,,2025/2026
178620961700600,"Samuel Iling-Junior","Premier League",0,0,b496gs285it6bheuikox6z9mj,0,0.0,0.0,0,0,0.0,0.0,0,0,0,0,0,0,0,0.0,0,0,0.0,0,0.0,0,0.0,0,0,0,0,0.0,0,0,0,0.0,0.0,0.0,0.0,0,0,0,0,,,,,,,,,2025/2026
178620961700601,"Park Seung-Soo","Premier League",0,0,7vn2i2kd35zuetw6b38gw9jsz,0,0.0,0.0,0,0,0.0,0.0,0,0,0,0,0,0,0,0.0,0,0,0.0,0,0.0,0,0.0,0,0,0,0,0.0,0,0,0,0.0,0.0,0.0,0.0,0,0,0,0,,,,,,,,,2025/2026
178620961700602,"Ben Winterburn","Premier League",1,6,1pse9ta7a45pi2w2grjim70ge,0,0.0,0.0,0,0,0.0,0.0,0,0,0,0,0,0,0,0.0,1,0,0.0,1,0.0,1,0.0,0,0,0,0,0.0,0,0,0,0.0,0.0,0.0,0.0,0,0,0,0,,,,,,,,,2025/2026
178620961700603,"Hamed Traoré","Premier League",1,16,1pse9ta7a45pi2w2grjim70ge,0,0.0,0.0,0,0,0.0,0.0,1,0,2,0,1,2,1,50.0,2,0,0.0,2,100.0,0,0.0,2,0,0,0,0.0,0,1,1,8.0,8.0,8.0,8.0,0,0,0,0,,,,,,,,,2025/2026
178620961700604,"Philip Billing","Premier League",0,0,1pse9ta7a45pi2w2grjim70ge,0,0.0,0.0,0,0,0.0,0.0,0,0,0,0,0,0,0,0.0,0,0,0.0,0,0.0,0,0.0,0,0,0,0,0.0,0,0,0,0.0,0.0,0.0,0.0,0,0,0,0,,,,,,,,,2025/2026
178620961700605,"Senne Lammens","Premier League",32,2880,6eqit8ye8aomdsrrq0hk3v7gh,,,,,,,,,,,,,,,,,,,,,,,,,,,,,,,,,,,,,,,39,79,67.0,43.5,6.5,1.2,,,2025/2026
178620961700606,"Gianluigi Donnarumma","Premier League",34,3060,a3nyxabgsqlnqfkeg41m6tnpp,,,,,,,,,,,,,,,,,,,,,,,,,,,,,,,,,,,,,,,29,78,72.9,34.7,5.7,1.2,,,2025/2026
178620961700607,"Bart Verbruggen","Premier League",38,3420,e5p0ehyguld7egzhiedpdnc3w,,,,,,,,,,,,,,,,,,,,,,,,,,,,,,,,,,,,,,,46,106,69.7,47.5,5.5,1.1,,,2025/2026
178620961700608,"Jordan Pickford","Premier League",38,3420,ehd2iemqmschhj2ec0vayztzz,,,,,,,,,,,,,,,,,,,,,,,,,,,,,,,,,,,,,,,50,100,66.7,52.6,3.6,1.1,,,2025/2026
178620961700609,"Matz Sels","Premier League",31,2667,1qtaiy11gswx327s0vkibf70n,,,,,,,,,,,,,,,,,,,,,,,,,,,,,,,,,,,,,,,39,95,70.9,39.6,3.6,1.1,,,2025/2026
178620961700610,"Dean Henderson","Premier League",37,3330,1c8m2ko0wxq1asfkuykurdr0y,,,,,,,,,,,,,,,,,,,,,,,,,,,,,,,,,,,,,,,51,106,67.5,52.3,3.3,1.1,,,2025/2026
178620961700611,"Emiliano Martínez","Premier League",32,2835,b496gs285it6bheuikox6z9mj,,,,,,,,,,,,,,,,,,,,,,,,,,,,,,,,,,,,,,,39,95,70.9,42.1,3.1,1.1,,,2025/2026
178620961700612,"Robert Sánchez","Premier League",35,3041,9q0arba2kbnywth8bkxlhgmdr,,,,,,,,,,,,,,,,,,,,,,,,,,,,,,,,,,,,,,,47,98,67.6,48.7,2.7,1.0,,,2025/2026
178620961700613,"James Trafford","Premier League",4,360,a3nyxabgsqlnqfkeg41m6tnpp,,,,,,,,,,,,,,,,,,,,,,,,,,,,,,,,,,,,,,,6,14,70.0,8.5,2.5,1.3,,,2025/2026
178620961700614,"Caoimhín Kelleher","Premier League",37,3330,7yx5dqhhphyvfisohikodajhv,,,,,,,,,,,,,,,,,,,,,,,,,,,,,,,,,,,,,,,49,110,69.2,48.8,1.8,1.0,,,2025/2026
178620961700615,"Max Weiss","Premier League",3,270,64bxxwu2mv2qqlv0monbkj1om,,,,,,,,,,,,,,,,,,,,,,,,,,,,,,,,,,,,,,,4,10,71.4,5.6,1.6,1.3,,,2025/2026
178620961700616,"Stefan Ortega","Premier League",3,270,1qtaiy11gswx327s0vkibf70n,,,,,,,,,,,,,,,,,,,,,,,,,,,,,,,,,,,,,,,4,8,66.7,5.2,1.1,1.3,,,2025/2026
178620961700617,"Martin Dúbravka","Premier League",35,3150,64bxxwu2mv2qqlv0monbkj1om,,,,,,,,,,,,,,,,,,,,,,,,,,,,,,,,,,,,,,,71,127,64.1,67.7,0.7,1.0,,,2025/2026
178620961700618,"Aaron Ramsdale","Premier League",12,1003,7vn2i2kd35zuetw6b38gw9jsz,,,,,,,,,,,,,,,,,,,,,,,,,,,,,,,,,,,,,,,17,25,59.5,16.7,0.7,1.0,,,2025/2026
178620961700619,"Marco Bizot","Premier League",7,585,b496gs285it6bheuikox6z9mj,,,,,,,,,,,,,,,,,,,,,,,,,,,,,,,,,,,,,,,10,19,65.5,9.6,0.6,1.0,,,2025/2026
178620961700620,"Melker Ellborg","Premier League",3,270,1r3545b2dzan8yqa80gtmcjch,,,,,,,,,,,,,,,,,,,,,,,,,,,,,,,,,,,,,,,2,10,83.3,2.6,0.6,1.0,,,2025/2026
178620961700621,"Djordje Petrovic","Premier League",38,3420,1pse9ta7a45pi2w2grjim70ge,,,,,,,,,,,,,,,,,,,,,,,,,,,,,,,,,,,,,,,54,109,66.9,51.6,0.6,1.0,,,2025/2026
178620961700622,"Walter Benítez","Premier League",1,90,1c8m2ko0wxq1asfkuykurdr0y,,,,,,,,,,,,,,,,,,,,,,,,,,,,,,,,,,,,,,,0,3,100.0,0.3,0.3,0.0,,,2025/2026
178620961700623,"Dan Bentley","Premier League",3,270,b9si1jn1lfxfund69e9ogcu2n,,,,,,,,,,,,,,,,,,,,,,,,,,,,,,,,,,,,,,,7,7,50.0,7.2,0.1,1.0,,,2025/2026
178620961700624,"Robin Roefs","Premier League",35,3150,1r3545b2dzan8yqa80gtmcjch,,,,,,,,,,,,,,,,,,,,,,,,,,,,,,,,,,,,,,,46,109,70.3,44.0,0.0,1.0,,,2025/2026
178620961700625,"Kepa Arrizabalaga","Premier League",1,90,4dsgumo7d4zupm2ugsvm4zm4d,,,,,,,,,,,,,,,,,,,,,,,,,,,,,,,,,,,,,,,1,2,66.7,0.9,-0.1,0.0,,,2025/2026
178620961700626,"Freddie Woodman","Premier League",3,212,c8h9bw1l82s06h77xxrelzhur,,,,,,,,,,,,,,,,,,,,,,,,,,,,,,,,,,,,,,,4,9,69.2,3.7,-0.3,0.8,,,2025/2026
178620961700627,"Alphonse Areola","Premier League",20,1800,4txjdaqveermfryvbfrr4taf7,,,,,,,,,,,,,,,,,,,,,,,,,,,,,,,,,,,,,,,37,77,67.5,35.5,-0.5,1.0,,,2025/2026
178620961700628,"Antonín Kinsky","Premier League",7,630,22doj4sgsocqpxw45h607udje,,,,,,,,,,,,,,,,,,,,,,,,,,,,,,,,,,,,,,,7,10,58.8,6.5,-0.5,0.9,,,2025/2026
178620961700629,"Karl Darlow","Premier League",22,1980,48gk2hpqtsl6p9sx9kjhaydq4,,,,,,,,,,,,,,,,,,,,,,,,,,,,,,,,,,,,,,,27,63,70.0,25.4,-0.6,1.0,,,2025/2026
178620961700630,"David Raya","Premier League",37,3330,4dsgumo7d4zupm2ugsvm4zm4d,,,,,,,,,,,,,,,,,,,,,,,,,,,,,,,,,,,,,,,26,60,69.8,24.3,-0.7,1.0,,,2025/2026
178620961700631,"Altay Bayindir","Premier League",6,540,6eqit8ye8aomdsrrq0hk3v7gh,,,,,,,,,,,,,,,,,,,,,,,,,,,,,,,,,,,,,,,11,13,54.2,10.3,-0.7,0.9,,,2025/2026
178620961700632,"Hákon Valdimarsson","Premier League",1,90,7yx5dqhhphyvfisohikodajhv,,,,,,,,,,,,,,,,,,,,,,,,,,,,,,,,,,,,,,,3,1,25.0,1.2,-0.8,0.5,,,2025/2026
178620961700633,"Sam Johnstone","Premier League",12,1080,b9si1jn1lfxfund69e9ogcu2n,,,,,,,,,,,,,,,,,,,,,,,,,,,,,,,,,,,,,,,24,39,61.9,18.4,-1.6,0.9,,,2025/2026
178620961700634,"Nick Pope","Premier League",27,2417,7vn2i2kd35zuetw6b38gw9jsz,,,,,,,,,,,,,,,,,,,,,,,,,,,,,,,,,,,,,,,38,89,70.1,35.0,-2.0,0.9,,,2025/2026
178620961700635,"Lucas Perri","Premier League",16,1440,48gk2hpqtsl6p9sx9kjhaydq4,,,,,,,,,,,,,,,,,,,,,,,,,,,,,,,,,,,,,,,29,38,56.7,26.5,-2.5,0.9,,,2025/2026
178620961700636,"Bernd Leno","Premier League",38,3420,hzqh7z0mdl3v7gwete66syxp,,,,,,,,,,,,,,,,,,,,,,,,,,,,,,,,,,,,,,,51,98,65.8,45.4,-2.6,0.9,,,2025/2026
178620961700637,"Giorgi Mamardashvili","Premier League",10,868,c8h9bw1l82s06h77xxrelzhur,,,,,,,,,,,,,,,,,,,,,,,,,,,,,,,,,,,,,,,18,34,65.4,15.4,-2.6,0.8,,,2025/2026
178620961700638,"Filip Jörgensen","Premier League",5,378,9q0arba2kbnywth8bkxlhgmdr,,,,,,,,,,,,,,,,,,,,,,,,,,,,,,,,,,,,,,,5,8,61.5,2.4,-2.6,0.4,,,2025/2026
178620961700639,"John Victor","Premier League",5,438,1qtaiy11gswx327s0vkibf70n,,,,,,,,,,,,,,,,,,,,,,,,,,,,,,,,,,,,,,,8,6,42.9,5.2,-2.8,0.6,,,2025/2026
178620961700640,"José Sá","Premier League",23,2070,b9si1jn1lfxfund69e9ogcu2n,,,,,,,,,,,,,,,,,,,,,,,,,,,,,,,,,,,,,,,37,65,63.7,33.9,-3.1,0.9,,,2025/2026
178620961700641,"Mads Hermansen","Premier League",18,1620,4txjdaqveermfryvbfrr4taf7,,,,,,,,,,,,,,,,,,,,,,,,,,,,,,,,,,,,,,,28,55,66.3,22.9,-3.1,0.8,,,2025/2026
178620961700642,"Alisson Becker","Premier League",26,2340,c8h9bw1l82s06h77xxrelzhur,,,,,,,,,,,,,,,,,,,,,,,,,,,,,,,,,,,,,,,31,57,64.8,27.7,-3.3,0.9,,,2025/2026
178620961700643,"Guglielmo Vicario","Premier League",31,2790,22doj4sgsocqpxw45h607udje,,,,,,,,,,,,,,,,,,,,,,,,,,,,,,,,,,,,,,,50,83,62.4,44.5,-5.5,0.9,,,2025/2026
178620961700644,"Kylian Mbappé","La Liga",31,2604,3kq9cckrnlogidldtdie2fkbl,25,23.95,1.05,146,63,17.12,0.16,4,2,44,0,0,247,118,47.8,10,7,70.0,998,86.5,608,82.9,863,504,26,6,23.1,7,411,222,5239.1,12.7,3032.5,13.7,38,5,20,1,,,,,,,,,2025/2026
178620961700645,"Vedat Muriqi","La Liga",37,3134,50x1m4u58lffhq6v6ga1hbxmy,23,18.52,4.48,116,50,19.83,0.16,9,2,76,5,58,181,84,46.4,263,146,55.5,703,64.9,271,52.0,456,141,8,3,37.5,3,156,59,1555.5,10.0,240.0,4.1,15,3,4,0,,,,,,,,,2025/2026
178620961700646,"Ante Budimir","La Liga",37,2953,2l0ldgiwsgb8d6y3z0sfgjzyj,17,17.13,-0.13,103,41,16.5,0.17,21,6,45,6,46,156,59,37.8,233,124,53.2,393,60.0,189,51.9,236,98,4,0,0.0,3,86,47,895.5,10.4,524.7,11.2,10,1,2,0,,,,,,,,,2025/2026
178620961700647,"Mikel Oyarzabal","La Liga",34,2714,63f5h8t5e9qm1fqmvfkb23ghh,15,15.24,-0.24,79,36,18.99,0.19,29,4,93,3,28,217,106,48.8,112,39,34.8,777,76.8,343,68.2,597,234,17,1,5.9,14,265,145,3078.6,11.6,1449.6,10.0,17,3,15,2,,,,,,,,,2025/2026
178620961700648,"Robert Lewandowski","La Liga",31,1656,agh9ifb2mw3ivjusgedj7c3fe,14,14.13,-0.13,63,29,22.22,0.22,5,3,31,0,20,87,33,37.9,52,25,48.1,333,80.5,146,70.5,268,103,0,0,0.0,2,71,32,713.4,10.0,248.2,7.8,9,2,3,0,,,,,,,,,2025/2026
178620961700649,"Vinícius Júnior","La Liga",36,2825,3kq9cckrnlogidldtdie2fkbl,16,13.65,2.35,101,46,15.84,0.14,29,2,88,0,1,397,197,49.6,6,0,0.0,1129,83.2,700,79.3,939,555,58,8,13.8,10,702,419,9269.9,13.2,5084.7,12.1,49,6,43,5,,,,,,,,,2025/2026
178620961700650,"Ferran Torres","La Liga",33,1976,agh9ifb2mw3ivjusgedj7c3fe,16,13.09,2.91,69,37,23.19,0.19,7,3,36,1,10,93,35,37.6,43,25,58.1,471,75.8,212,67.0,357,142,3,1,33.3,3,101,42,1059.2,10.5,266.7,6.3,8,4,4,0,,,,,,,,,2025/2026
178620961700651,"Lamine Yamal","La Liga",28,2268,agh9ifb2mw3ivjusgedj7c3fe,16,12.77,3.23,117,37,13.68,0.11,35,10,99,0,3,409,220,53.8,5,0,0.0,1349,81.1,759,75.0,1094,569,64,18,28.1,22,671,381,7493.6,11.2,4084.1,10.7,50,7,36,5,,,,,,,,,2025/2026
178620961700652,"Georges Mikautadze","La Liga",32,2117,74mcjsm72vr3l9pw2i4qfjchj,13,11.43,1.57,65,32,20.0,0.18,6,5,40,1,6,162,83,51.2,43,10,23.3,400,75.5,190,70.0,302,133,10,2,20.0,6,155,83,1829.0,11.8,1037.1,12.5,10,2,11,4,,,,,,,,,2025/2026
178620961700653,"Toni Martínez","La Liga",37,2725,4dtdjgnpdq9uw4sdutti0vaar,14,11.23,2.77,93,36,15.05,0.12,28,4,85,2,37,188,80,42.6,316,179,56.6,670,58.5,300,48.0,392,144,15,4,26.7,4,133,64,1585.3,11.9,778.9,12.2,19,1,3,1,,,,,,,,,2025/2026
178620961700654,"Cucho Hernández","La Liga",32,2592,ah8dala7suqqkj04n2l8xz4zd,11,11.08,-0.08,89,27,12.36,0.12,28,9,81,2,25,202,93,46.0,90,38,42.2,656,71.8,324,66.7,471,216,23,3,13.0,3,231,116,2316.4,10.0,996.8,8.6,25,2,10,0,,,,,,,,,2025/2026
178620961700655,"Jorge de Frutos","La Liga",36,2483,3budh3j9xivsid3ptm8ptpy4k,10,10.63,-0.63,63,28,15.87,0.17,31,11,69,0,12,216,97,44.9,51,19,37.3,397,76.1,191,66.5,302,127,47,10,21.3,2,186,128,2222.3,11.9,1494.2,11.7,15,0,13,0,,,,,,,,,2025/2026
178620961700656,Raphinha,"La Liga",22,1388,agh9ifb2mw3ivjusgedj7c3fe,13,10.57,2.43,65,24,20.0,0.16,15,5,47,1,11,102,46,45.1,7,3,42.9,639,81.2,333,74.8,519,249,37,8,21.6,5,226,130,2392.6,10.6,1323.1,10.2,23,5,12,0,,,,,,,,,2025/2026
178620961700657,"André Silva","La Liga",31,1853,4yg9ttzw0m51048doksv8uq5r,10,10.55,-0.55,57,29,17.54,0.19,14,5,56,1,19,157,62,39.5,70,25,35.7,496,78.4,227,74.9,389,170,3,0,0.0,2,129,64,1407.0,10.9,627.6,9.8,8,0,4,0,,,,,,,,,2025/2026
178620961700658,"Gorka Guruzeta","La Liga",35,2371,3czravw89omgc9o4s0w3l1bg5,10,10.46,-0.46,84,32,11.9,0.12,19,12,59,2,18,160,56,35.0,191,78,40.8,522,67.2,254,59.1,351,150,7,1,14.3,3,83,36,762.7,9.2,217.9,6.1,6,0,4,0,,,,,,,,,2025/2026
178620961700659,"Borja Iglesias","La Liga",35,1902,6f27yvbqcngegwsg2ozxxdj4,14,10.45,3.55,46,26,30.43,0.23,8,1,48,5,17,139,50,36.0,41,19,46.3,456,73.0,177,62.7,333,111,3,0,0.0,10,105,31,890.7,8.5,82.8,2.7,5,0,5,0,,,,,,,,,2025/2026
178620961700660,"Alexander Sørloth","La Liga",35,1981,4ku8o6uf87yd8iecdalipo6wd,13,10.16,2.84,68,35,19.12,0.15,14,0,34,2,25,121,40,33.1,161,94,58.4,425,68.0,187,67.4,289,126,11,2,18.2,2,134,72,1617.7,12.1,778.7,10.8,13,1,4,0,,,,,,,,,2025/2026
178620961700661,"Akor Adams","La Liga",32,2059,10eyb18v5puw4ez03ocaug09m,10,10.0,0.0,61,30,16.39,0.16,8,1,48,4,26,116,36,31.0,130,56,43.1,357,63.9,170,52.9,228,90,18,1,5.6,1,116,77,1431.5,12.3,891.1,11.6,24,1,3,0,,,,,,,,,2025/2026
178620961700662,"Lucas Boyé","La Liga",29,1959,4dtdjgnpdq9uw4sdutti0vaar,11,9.59,1.41,63,21,17.46,0.15,36,7,64,6,19,286,112,39.2,107,32,29.9,417,73.1,200,67.0,305,134,9,0,0.0,0,173,87,1820.5,10.5,810.3,9.3,15,1,8,1,,,,,,,,,2025/2026
178620961700663,"Roberto Fernández","La Liga",38,2387,c8llrezkm3b3op4afrou6b487,7,9.31,-2.31,59,23,11.86,0.16,12,7,57,5,26,157,63,40.1,180,59,32.8,364,69.8,143,60.1,254,86,9,1,11.1,2,90,47,1025.5,11.4,533.8,11.4,4,0,3,0,,,,,,,,,2025/2026
178620961700664,"Abde Ezzalzouli","La Liga",29,2255,ah8dala7suqqkj04n2l8xz4zd,10,9.2,0.8,73,26,13.7,0.13,53,16,120,1,14,301,163,54.2,74,31,41.9,798,79.3,351,75.2,633,264,55,9,16.4,6,377,230,5253.9,13.9,3410.4,14.8,27,2,14,2,,,,,,,,,2025/2026
178620961700665,"Álvaro Rodríguez","La Liga",34,2200,4yg9ttzw0m51048doksv8uq5r,7,8.85,-1.85,76,24,9.21,0.12,24,3,53,1,26,240,112,46.7,234,133,56.8,537,64.4,254,60.6,346,154,10,4,40.0,3,164,86,1837.0,11.2,859.6,10.0,13,2,10,1,,,,,,,,,2025/2026
178620961700666,"Hugo Duro","La Liga",36,1981,ba5e91hjacvma2sjvixn00pjo,10,8.84,1.16,36,14,27.78,0.25,16,4,39,6,21,117,57,48.7,144,45,31.3,392,70.4,133,57.1,276,76,1,0,0.0,1,43,17,441.0,10.3,157.9,9.3,1,0,0,0,,,,,,,,,2025/2026
178620961700667,Antony,"La Liga",32,2459,ah8dala7suqqkj04n2l8xz4zd,8,8.81,-0.81,90,34,8.89,0.1,39,24,123,1,17,205,110,53.7,21,7,33.3,1196,81.9,564,77.7,980,438,51,13,25.5,8,425,262,5198.6,12.2,3011.6,11.5,32,2,18,1,,,,,,,,,2025/2026
178620961700668,"Kike García","La Liga",37,1727,c8llrezkm3b3op4afrou6b487,8,8.8,-0.8,60,27,13.33,0.15,12,6,48,1,20,136,63,46.3,181,90,49.7,389,64.8,176,52.3,252,92,18,1,5.6,3,85,37,917.2,10.8,182.1,4.9,3,1,3,0,,,,,,,,,2025/2026
178620961700669,"Karl Etta Eyong","La Liga",33,1668,4grc9qgcvusllap8h5j6gc5h5,7,8.73,-1.73,50,24,14.0,0.17,27,6,55,1,18,156,72,46.2,93,34,36.6,283,68.9,126,59.5,195,75,13,1,7.7,1,108,54,1113.9,10.3,577.6,10.7,7,1,3,2,,,,,,,,,2025/2026
178620961700670,"Federico Viñas","La Liga",33,2451,clo928vcczjp0mczavs5o7p5k,9,8.69,0.31,57,21,15.79,0.15,50,14,89,4,28,295,167,56.6,199,93,46.7,517,72.0,218,61.0,372,133,2,1,50.0,1,163,79,1749.0,10.7,683.4,8.7,6,0,6,0,,,,,,,,,2025/2026
178620961700671,"Iván Romero","La Liga",32,2278,4grc9qgcvusllap8h5j6gc5h5,7,8.67,-1.67,59,18,11.86,0.15,33,12,92,2,9,300,147,49.0,65,30,46.2,534,73.2,247,61.1,391,151,20,3,15.0,7,233,105,2472.2,10.6,1055.5,10.1,13,3,13,0,,,,,,,,,2025/2026
178620961700672,"Vladyslav Vanat","La Liga",27,1960,7h7eg7q7dbwvzww78h9d5eh0h,9,8.52,0.48,27,18,33.33,0.32,5,3,24,1,16,84,31,36.9,51,17,33.3,273,78.0,103,69.9,213,72,5,1,20.0,2,68,36,663.3,9.8,262.0,7.3,5,0,2,0,,,,,,,,,2025/2026
178620961700673,"Nicolas Pépé","La Liga",36,2396,74mcjsm72vr3l9pw2i4qfjchj,8,8.27,-0.27,63,25,12.7,0.13,31,16,110,1,24,282,132,46.8,43,18,41.9,881,82.4,432,77.3,726,334,29,7,24.1,7,415,233,5277.9,12.7,2662.2,11.4,25,4,22,4,,,,,,,,,2025/2026
178620961700674,"Rafa Mir","La Liga",27,1809,4yg9ttzw0m51048doksv8uq5r,8,8.08,-0.08,69,36,11.59,0.12,16,5,37,1,19,114,37,32.5,60,19,31.7,415,80.0,172,77.9,332,134,20,3,15.0,0,111,49,1212.9,10.9,394.4,8.0,12,3,1,0,,,,,,,,,2025/2026
178620961700675,"Carlos Espí","La Liga",25,1338,4grc9qgcvusllap8h5j6gc5h5,11,7.83,3.17,57,24,19.3,0.14,13,9,41,1,13,118,50,42.4,82,46,56.1,211,65.9,93,57.0,139,53,1,0,0.0,0,57,26,536.5,9.4,226.5,8.7,3,1,0,0,,,,,,,,,2025/2026
178620961700676,"Julián Alvarez","La Liga",29,1902,4ku8o6uf87yd8iecdalipo6wd,8,7.7,0.3,54,26,14.81,0.14,21,3,51,0,5,151,65,43.0,24,5,20.8,689,83.5,348,77.9,575,271,22,7,31.8,10,266,129,3189.0,12.0,1287.8,10.0,10,1,14,1,,,,,,,,,2025/2026
178620961700677,"Dani Olmo","La Liga",33,2077,agh9ifb2mw3ivjusgedj7c3fe,7,7.66,-0.66,70,21,10.0,0.11,33,14,102,1,23,183,91,49.7,33,20,60.6,1215,85.3,502,79.1,1036,397,13,4,30.8,14,243,107,2505.2,10.3,1030.8,9.6,12,1,10,2,,,,,,,,,2025/2026
178620961700678,"Antoine Griezmann","La Liga",34,1468,4ku8o6uf87yd8iecdalipo6wd,7,7.61,-0.61,47,25,14.89,0.16,14,8,64,2,13,74,33,44.6,31,11,35.5,730,82.5,283,74.6,602,211,33,5,15.2,10,176,85,1805.9,10.3,821.1,9.7,8,2,5,1,,,,,,,,,2025/2026
178620961700679,"Marcus Rashford","La Liga",32,1761,agh9ifb2mw3ivjusgedj7c3fe,8,7.35,0.65,76,29,10.53,0.1,8,2,44,3,14,161,63,39.1,10,4,40.0,773,84.7,452,81.6,655,369,50,5,10.0,2,292,167,3711.7,12.7,2089.0,12.5,23,1,8,1,,,,,,,,,2025/2026
178620961700680,"Jude Bellingham","La Liga",28,1917,3kq9cckrnlogidldtdie2fkbl,6,7.26,-1.26,51,26,11.76,0.14,51,14,105,2,18,246,142,57.7,61,35,57.4,1177,89.2,447,81.7,1050,365,16,4,25.0,4,369,153,3961.8,10.7,1555.9,10.2,13,2,8,2,,,,,,,,,2025/2026
178620961700681,"Mauro Arambarri","La Liga",37,3255,1n1j0wsl763lq7ee1k0c11c02,6,7.16,-1.16,59,19,10.17,0.12,67,23,154,5,34,334,165,49.4,121,57,47.1,799,75.6,292,62.3,604,182,17,2,11.8,4,227,113,2420.7,10.7,1011.8,9.0,5,0,6,0,,,,,,,,,2025/2026
178620961700682,"Pere Milla","La Liga",33,1986,c8llrezkm3b3op4afrou6b487,7,7.06,-0.06,59,21,11.86,0.12,37,18,76,3,21,183,83,45.4,57,23,40.4,534,71.5,222,63.5,382,141,23,1,4.3,8,127,83,1299.5,10.2,840.9,10.1,4,0,7,0,,,,,,,,,2025/2026
178620961700683,"Fermín López","La Liga",30,1797,agh9ifb2mw3ivjusgedj7c3fe,6,6.98,-0.98,68,25,8.82,0.1,48,7,82,0,6,221,112,50.7,23,8,34.8,890,87.4,373,78.5,778,293,32,5,15.6,19,312,141,3277.3,10.5,1253.0,8.9,16,3,11,5,,,,,,,,,2025/2026
178620961700684,"Largie Ramazani","La Liga",27,1224,ba5e91hjacvma2sjvixn00pjo,6,6.94,-0.94,51,19,11.76,0.14,14,14,51,0,8,151,56,37.1,14,3,21.4,315,74.3,158,66.5,234,105,28,6,21.4,9,169,100,2093.0,12.4,1184.1,11.8,18,2,7,1,,,,,,,,,2025/2026
178620961700685,"Ilyas Chaira","La Liga",36,2458,clo928vcczjp0mczavs5o7p5k,6,6.84,-0.84,80,35,7.5,0.09,49,5,114,5,11,312,124,39.7,55,21,38.2,663,83.3,234,79.9,552,187,74,12,16.2,1,353,189,4147.1,11.7,2044.6,10.8,32,1,5,0,,,,,,,,,2025/2026
178620961700686,"Viktor Tsygankov","La Liga",32,2641,7h7eg7q7dbwvzww78h9d5eh0h,6,6.83,-0.83,51,21,11.76,0.13,31,20,82,4,29,181,92,50.8,71,32,45.1,1002,82.4,499,78.8,826,393,54,5,9.3,4,382,181,4441.4,11.6,1728.4,9.5,9,1,12,2,,,,,,,,,2025/2026
178620961700687,"Ferran Jutglà","La Liga",30,1663,6f27yvbqcngegwsg2ozxxdj4,9,6.73,2.27,45,26,20.0,0.15,12,8,51,1,20,143,63,44.1,48,17,35.4,416,77.9,162,69.1,324,112,20,4,20.0,2,166,93,1781.7,10.7,850.5,9.1,13,2,5,1,,,,,,,,,2025/2026
178620961700688,"Álvaro García","La Liga",32,2105,3budh3j9xivsid3ptm8ptpy4k,4,6.5,-2.5,47,19,8.51,0.14,27,13,78,1,27,98,42,42.9,44,13,29.5,521,68.3,255,60.8,356,155,90,15,16.7,2,117,70,1275.3,10.9,709.1,10.1,7,1,12,1,,,,,,,,,2025/2026
178620961700689,"Oihan Sancet","La Liga",28,1803,3czravw89omgc9o4s0w3l1bg5,4,6.47,-2.47,48,15,8.33,0.13,25,4,66,2,9,150,69,46.0,49,19,38.8,595,81.3,256,77.7,484,199,23,4,17.4,4,206,122,2280.5,11.1,1291.3,10.6,5,1,9,0,,,,,,,,,2025/2026
178620961700690,"Raúl García","La Liga",36,1013,2l0ldgiwsgb8d6y3z0sfgjzyj,7,6.45,0.55,39,23,17.95,0.17,15,7,28,2,16,94,45,47.9,76,40,52.6,234,67.1,94,48.9,157,46,9,4,44.4,0,77,48,932.8,12.1,508.0,10.6,9,1,3,0,,,,,,,,,2025/2026
178620961700691,"Iñaki Williams","La Liga",30,2168,3czravw89omgc9o4s0w3l1bg5,3,6.39,-3.39,57,20,5.26,0.11,12,8,67,2,14,162,47,29.0,64,30,46.9,496,69.3,285,61.0,344,174,67,11,16.4,7,185,118,2156.9,11.7,1334.5,11.3,13,0,7,3,,,,,,,,,2025/2026
178620961700692,"Gerard Moreno","La Liga",22,1350,74mcjsm72vr3l9pw2i4qfjchj,10,6.3,3.7,39,16,25.64,0.16,15,4,41,1,17,108,48,44.4,40,19,47.5,568,79.2,231,72.3,450,167,11,2,18.2,7,171,78,1843.0,10.8,687.3,8.8,3,0,10,0,,,,,,,,,2025/2026
178620961700693,"Orri Óskarsson","La Liga",20,830,63f5h8t5e9qm1fqmvfkb23ghh,9,6.1,2.9,27,19,33.33,0.23,7,1,12,1,6,42,17,40.5,37,16,43.2,124,62.9,58,53.5,78,31,5,2,40.0,1,27,16,332.9,12.3,194.7,12.2,4,1,0,0,,,,,,,,,2025/2026
178620961700694,"Víctor Muñoz","La Liga",34,2668,2l0ldgiwsgb8d6y3z0sfgjzyj,6,5.86,0.14,81,31,7.41,0.07,22,9,96,0,20,355,150,42.3,48,17,35.4,623,80.7,294,75.2,503,221,103,22,21.4,1,464,318,6800.5,14.7,4859.7,15.3,29,1,13,0,,,,,,,,,2025/2026
178620961700695,"Brais Méndez","La Liga",29,1672,63f5h8t5e9qm1fqmvfkb23ghh,6,5.8,0.2,36,16,16.67,0.16,37,7,87,2,9,188,91,48.4,49,30,61.2,878,82.0,357,76.5,720,273,26,4,15.4,6,205,96,1830.1,8.9,658.7,6.9,8,1,4,1,,,,,,,,,2025/2026
178620961700696,"Alberto Moleiro","La Liga",37,2490,74mcjsm72vr3l9pw2i4qfjchj,10,5.77,4.23,46,20,21.74,0.13,30,12,111,3,13,241,90,37.3,24,3,12.5,814,79.1,356,73.9,644,263,15,2,13.3,14,285,168,3483.0,12.2,2157.1,12.8,13,4,10,3,,,,,,,,,2025/2026
178620961700697,"Ayoze Pérez","La Liga",25,1122,74mcjsm72vr3l9pw2i4qfjchj,5,5.38,-0.38,24,11,20.83,0.22,22,4,23,0,9,135,57,42.2,44,15,34.1,256,75.8,117,70.1,194,82,7,1,14.3,2,106,66,1094.8,10.3,702.1,10.6,5,0,7,1,,,,,,,,,2025/2026
178620961700698,"Cristhian Stuani","La Liga",21,396,7h7eg7q7dbwvzww78h9d5eh0h,5,5.38,-0.38,19,12,26.32,0.28,5,1,8,0,3,36,18,50.0,34,18,52.9,64,65.6,23,56.5,42,13,0,0,0.0,0,7,1,53.5,7.6,-14.9,-14.9,0,0,1,0,,,,,,,,,2025/2026
178620961700699,"Gonzalo García","La Liga",30,952,3kq9cckrnlogidldtdie2fkbl,6,5.37,0.63,21,11,28.57,0.26,11,3,23,0,9,54,19,35.2,38,21,55.3,241,85.1,79,78.5,205,62,3,0,0.0,2,66,28,666.0,10.1,159.8,5.7,6,1,4,0,,,,,,,,,2025/2026
178620961700700,"Nico Williams","La Liga",25,1687,3czravw89omgc9o4s0w3l1bg5,6,5.37,0.63,46,16,13.04,0.12,15,7,90,0,9,263,111,42.2,18,8,44.4,567,77.4,285,67.7,439,193,57,12,21.1,2,326,227,4084.7,12.5,2712.4,11.9,14,3,11,2,,,,,,,,,2025/2026
178620961700701,"Isi Palazón","La Liga",31,2262,3budh3j9xivsid3ptm8ptpy4k,3,5.3,-2.3,53,16,5.66,0.1,29,3,96,6,23,224,102,45.5,51,21,41.2,872,82.5,363,77.4,719,281,22,7,31.8,6,279,110,3093.9,11.1,862.8,7.8,15,0,3,2,,,,,,,,,2025/2026
178620961700702,"Isaac Romero","La Liga",29,1490,10eyb18v5puw4ez03ocaug09m,4,5.26,-1.26,41,14,9.76,0.13,16,6,61,1,19,152,49,32.2,56,23,41.1,336,72.3,138,58.7,243,81,10,1,10.0,3,107,43,1135.5,10.6,366.7,8.5,8,0,4,0,,,,,,,,,2025/2026
178620961700703,"Giuliano Simeone","La Liga",31,2109,4ku8o6uf87yd8iecdalipo6wd,4,5.17,-1.17,36,14,11.11,0.14,45,18,111,1,11,235,114,48.5,45,26,57.8,946,81.8,382,73.8,774,282,48,10,20.8,3,263,135,3037.2,11.5,1263.9,9.4,10,1,9,3,,,,,,,,,2025/2026
178620961700704,"Mateo Joseph","La Liga",29,1703,50x1m4u58lffhq6v6ga1hbxmy,2,5.09,-3.09,33,14,6.06,0.15,29,12,65,4,24,168,78,46.4,51,10,19.6,302,81.5,128,74.2,246,95,14,4,28.6,0,132,73,1526.8,11.6,791.5,10.8,11,0,3,1,,,,,,,,,2025/2026
178620961700705,"Arnaut Danjuma","La Liga",30,1627,ba5e91hjacvma2sjvixn00pjo,3,4.66,-1.66,36,14,8.33,0.13,13,2,66,1,6,139,61,43.9,19,8,42.1,392,77.5,155,65.8,304,102,43,13,30.2,3,222,128,3140.9,14.1,1929.9,15.1,18,1,11,2,,,,,,,,,2025/2026
178620961700706,"Arda Güler","La Liga",33,2026,3kq9cckrnlogidldtdie2fkbl,4,4.57,-0.57,49,19,8.16,0.09,46,9,101,2,9,178,105,59.0,13,4,30.8,1345,90.7,608,85.2,1220,518,26,6,23.1,17,363,150,3626.7,10.0,1167.9,7.8,9,0,14,2,,,,,,,,,2025/2026
178620961700707,"Iago Aspas","La Liga",32,1130,6f27yvbqcngegwsg2ozxxdj4,5,4.48,0.52,28,12,17.86,0.16,15,12,48,0,2,86,44,51.2,13,3,23.1,635,78.6,342,72.2,499,247,14,5,35.7,23,159,72,1743.0,11.0,758.5,10.5,3,1,7,2,,,,,,,,,2025/2026
178620961700708,"Alex Berenguer","La Liga",31,2164,3czravw89omgc9o4s0w3l1bg5,2,4.47,-2.47,44,20,4.55,0.1,28,13,96,1,18,218,88,40.4,85,31,36.5,768,77.0,396,72.0,591,285,94,21,22.3,6,295,147,3283.1,11.1,1234.9,8.4,5,0,5,1,,,,,,,,,2025/2026
178620961700709,"Pablo Ibáñez","La Liga",37,2247,4dtdjgnpdq9uw4sdutti0vaar,1,4.39,-3.39,47,13,2.13,0.09,57,21,125,10,26,308,154,50.0,53,26,49.1,1011,85.8,326,77.6,867,253,36,7,19.4,2,313,156,3646.5,11.7,1527.1,9.8,6,0,4,0,,,,,,,,,2025/2026
178620961700710,"Martín Satriano","La Liga",18,1604,1n1j0wsl763lq7ee1k0c11c02,6,4.34,1.66,35,14,17.14,0.12,23,9,53,2,18,181,79,43.6,111,41,36.9,368,64.7,175,63.4,238,111,21,6,28.6,2,130,63,1612.6,12.4,721.2,11.4,9,0,4,0,,,,,,,,,2025/2026
178620961700711,"Pablo Durán","La Liga",30,1424,6f27yvbqcngegwsg2ozxxdj4,2,4.26,-2.26,37,15,5.41,0.12,16,6,49,3,15,94,35,37.2,31,13,41.9,362,72.1,156,68.6,261,107,13,0,0.0,3,107,42,1079.1,10.1,355.2,8.5,9,1,2,0,,,,,,,,,2025/2026
178620961700712,"Williot Swedberg","La Liga",29,1268,6f27yvbqcngegwsg2ozxxdj4,5,4.25,0.75,23,12,21.74,0.18,28,4,31,2,7,153,72,47.1,16,2,12.5,294,77.5,119,74.0,228,88,8,2,25.0,4,117,56,1287.0,11.0,464.5,8.3,7,3,5,2,,,,,,,,,2025/2026
178620961700713,"Adrián de la Fuente","La Liga",33,2710,4grc9qgcvusllap8h5j6gc5h5,3,4.22,-1.22,39,9,7.69,0.11,31,48,88,20,179,113,65,57.5,67,41,61.2,1491,82.1,324,48.5,1224,157,40,12,30.0,5,297,157,2781.2,9.4,1593.6,10.2,5,1,4,0,,,,,,,,,2025/2026
178620961700714,"Nico González","La Liga",24,1453,4ku8o6uf87yd8iecdalipo6wd,5,4.21,0.79,43,20,11.63,0.1,24,12,61,3,27,155,73,47.1,82,50,61.0,534,76.0,198,64.7,406,128,27,3,11.1,3,147,93,1838.5,12.5,1145.8,12.3,10,0,2,0,,,,,,,,,2025/2026
178620961700715,"Ademola Lookman","La Liga",12,622,4ku8o6uf87yd8iecdalipo6wd,4,4.17,-0.17,21,5,19.05,0.2,5,1,25,0,0,50,22,44.0,8,2,25.0,183,83.1,91,75.8,152,69,12,2,16.7,2,80,54,952.4,11.9,577.3,10.7,6,0,2,0,,,,,,,,,2025/2026
178620961700716,"Santi Comesaña","La Liga",34,2413,74mcjsm72vr3l9pw2i4qfjchj,3,4.17,-1.17,27,7,11.11,0.15,45,28,133,15,54,186,84,45.2,70,35,50.0,1209,83.2,369,74.3,1006,274,15,2,13.3,13,240,140,2521.4,10.5,1363.7,9.7,2,0,6,2,,,,,,,,,2025/2026
178620961700717,"Lucas Beltrán","La Liga",27,1366,ba5e91hjacvma2sjvixn00pjo,1,4.05,-3.05,34,9,2.94,0.12,22,4,50,1,13,157,77,49.0,70,25,35.7,391,78.3,159,78.0,306,124,9,2,22.2,4,134,73,1501.1,11.2,654.8,9.0,5,0,5,1,,,,,,,,,2025/2026
178620961700718,"Samú Costa","La Liga",34,2705,50x1m4u58lffhq6v6ga1hbxmy,7,3.98,3.02,39,16,17.95,0.1,65,26,118,13,90,305,141,46.2,118,78,66.1,1268,79.9,338,63.0,1013,213,30,3,10.0,2,221,92,2231.1,10.1,797.7,8.7,5,1,5,1,,,,,,,,,2025/2026
178620961700719,"Robert Navarro","La Liga",32,1294,3czravw89omgc9o4s0w3l1bg5,6,3.94,2.06,21,10,28.57,0.19,16,7,56,1,9,140,55,39.3,43,9,20.9,416,80.8,219,75.8,336,166,53,7,13.2,3,194,125,2484.8,12.8,1552.0,12.4,3,1,7,0,,,,,,,,,2025/2026
178620961700720,"Pape Gueye","La Liga",30,2143,74mcjsm72vr3l9pw2i4qfjchj,5,3.93,1.07,47,13,10.64,0.08,40,34,111,9,59,185,109,58.9,43,24,55.8,1079,80.5,351,70.9,869,249,14,5,35.7,10,261,137,2339.6,9.0,1186.4,8.7,7,0,5,0,,,,,,,,,2025/2026
178620961700721,"Pablo Fornals","La Liga",37,2865,ah8dala7suqqkj04n2l8xz4zd,9,3.92,5.08,44,19,20.45,0.09,39,34,159,3,20,209,89,42.6,54,15,27.8,1798,86.7,670,79.1,1559,530,66,12,18.2,14,463,223,4452.1,9.6,1976.5,8.9,9,2,16,3,,,,,,,,,2025/2026
178620961700722,"Gonçalo Guedes","La Liga",32,1832,63f5h8t5e9qm1fqmvfkb23ghh,8,3.86,4.14,46,18,17.39,0.08,25,4,57,0,6,162,76,46.9,32,11,34.4,565,74.7,288,70.5,422,203,68,16,23.5,3,213,118,2331.1,10.9,1102.8,9.3,10,3,9,3,,,,,,,,,2025/2026
178620961700723,"Aitor Ruibal","La Liga",27,1814,ah8dala7suqqkj04n2l8xz4zd,4,3.85,0.15,31,12,12.9,0.12,45,21,98,3,45,174,84,48.3,20,7,35.0,698,82.7,226,74.3,577,168,30,9,30.0,3,144,83,1448.4,10.1,799.3,9.6,5,1,4,0,,,,,,,,,2025/2026
178620961700724,"Alexis Sánchez","La Liga",28,1298,10eyb18v5puw4ez03ocaug09m,4,3.81,0.19,25,9,16.0,0.15,22,7,64,0,4,114,56,49.1,36,14,38.9,444,74.5,229,70.7,331,162,11,2,18.2,3,114,37,996.2,8.7,195.9,5.3,2,0,6,0,,,,,,,,,2025/2026
178620961700725,"Thiago Almada","La Liga",27,1312,4ku8o6uf87yd8iecdalipo6wd,3,3.72,-0.72,21,10,14.29,0.18,29,8,72,2,6,139,66,47.5,16,5,31.3,689,86.7,296,80.7,597,239,25,3,12.0,12,242,102,2554.5,10.6,779.3,7.6,8,0,8,1,,,,,,,,,2025/2026
178620961700726,"Joel Roca","La Liga",32,1469,7h7eg7q7dbwvzww78h9d5eh0h,3,3.7,-0.7,48,16,6.25,0.08,23,2,63,0,14,214,105,49.1,25,5,20.0,382,83.3,187,81.3,318,152,32,3,9.4,1,282,172,3706.2,13.1,2139.2,12.4,18,1,5,0,,,,,,,,,2025/2026
178620961700727,Alemão,"La Liga",26,1132,3budh3j9xivsid3ptm8ptpy4k,4,3.62,0.38,26,12,15.38,0.14,5,1,19,2,13,89,39,43.8,58,19,32.8,185,68.7,82,56.1,127,46,5,1,20.0,1,45,18,464.2,10.3,164.8,9.2,5,1,2,0,,,,,,,,,2025/2026
178620961700728,"Carlos Vicente","La Liga",21,1256,4dtdjgnpdq9uw4sdutti0vaar,5,3.59,1.41,12,6,41.67,0.3,27,7,63,2,14,144,80,55.6,23,11,47.8,472,80.1,167,72.5,378,121,94,18,19.1,0,162,96,1770.5,10.9,901.6,9.4,3,0,3,0,,,,,,,,,2025/2026
178620961700729,Pepelu,"La Liga",31,2232,ba5e91hjacvma2sjvixn00pjo,2,3.57,-1.57,24,3,8.33,0.15,60,21,141,10,66,141,82,58.2,54,30,55.6,1381,86.2,347,73.2,1190,254,12,2,16.7,6,258,107,2247.4,8.7,937.1,8.8,1,0,2,0,,,,,,,,,2025/2026
178620961700730,"Alberto Reina","La Liga",37,2480,clo928vcczjp0mczavs5o7p5k,4,3.54,0.46,24,11,16.67,0.15,44,19,97,6,14,191,104,54.5,46,17,37.0,1040,85.4,324,74.1,888,240,28,5,17.9,4,250,114,2812.4,11.2,1321.0,11.6,0,0,2,0,,,,,,,,,2025/2026
178620961700731,"Umar Sadiq","La Liga",25,1054,ba5e91hjacvma2sjvixn00pjo,4,3.48,0.52,29,10,13.79,0.12,8,1,32,1,5,130,42,32.3,76,27,35.5,179,68.2,86,59.3,122,51,6,3,50.0,3,102,42,1211.4,11.9,353.9,8.4,6,1,1,0,,,,,,,,,2025/2026
178620961700732,"Javi Puado","La Liga",10,678,c8llrezkm3b3op4afrou6b487,2,3.47,-1.47,15,9,13.33,0.23,4,3,33,1,3,43,15,34.9,13,2,15.4,199,83.9,91,74.7,167,68,20,5,25.0,0,79,44,1039.6,13.2,503.7,11.4,1,0,3,0,,,,,,,,,2025/2026
178620961700733,"Tani Oluwaseyi","La Liga",27,892,74mcjsm72vr3l9pw2i4qfjchj,2,3.46,-1.46,16,7,12.5,0.22,7,1,17,3,8,75,24,32.0,53,22,41.5,112,63.4,60,53.3,71,32,3,2,66.7,0,57,40,747.8,13.1,520.2,13.0,7,0,2,0,,,,,,,,,2025/2026
178620961700734,"Azzedine Ounahi","La Liga",24,1766,7h7eg7q7dbwvzww78h9d5eh0h,5,3.4,1.6,51,19,9.8,0.07,23,16,80,1,9,298,153,51.3,12,6,50.0,907,85.8,464,80.2,778,372,28,9,32.1,20,418,222,4660.9,11.2,2249.6,10.1,19,1,12,0,,,,,,,,,2025/2026
178620961700735,"Cédric Bakambu","La Liga",18,562,ah8dala7suqqkj04n2l8xz4zd,3,3.38,-0.38,21,9,14.29,0.16,2,2,8,0,9,34,12,35.3,26,9,34.6,90,76.7,40,60.0,69,24,2,0,0.0,1,22,12,228.0,10.4,133.6,11.1,1,0,1,1,,,,,,,,,2025/2026
178620961700736,"Javi Guerra","La Liga",36,2069,ba5e91hjacvma2sjvixn00pjo,4,3.35,0.65,31,12,12.9,0.11,29,24,107,6,25,198,75,37.9,27,14,51.9,980,81.5,307,70.0,799,215,32,5,15.6,8,277,151,3218.8,11.6,1663.1,11.0,5,3,5,0,,,,,,,,,2025/2026
178620961700737,"Roger Brugué","La Liga",19,1007,4grc9qgcvusllap8h5j6gc5h5,1,3.32,-2.32,28,9,3.57,0.12,11,4,26,1,19,82,28,34.1,36,13,36.1,244,82.4,90,72.2,201,65,11,6,54.5,0,89,50,836.8,9.4,371.7,7.4,3,0,3,0,,,,,,,,,2025/2026
178620961700738,"Pathé Ciss","La Liga",29,1995,3budh3j9xivsid3ptm8ptpy4k,2,3.31,-1.31,20,8,10.0,0.17,54,36,115,16,78,132,76,57.6,62,34,54.8,1192,89.2,221,76.5,1063,169,1,1,100.0,2,247,138,2481.4,10.0,1285.7,9.3,3,0,3,0,,,,,,,,,2025/2026
178620961700739,"Rubén Vargas","La Liga",24,1608,10eyb18v5puw4ez03ocaug09m,3,3.17,-0.17,41,8,7.32,0.08,19,7,81,1,13,121,57,47.1,36,20,55.6,561,73.1,238,67.2,410,160,37,6,16.2,1,223,114,2694.5,12.1,1220.4,10.7,15,2,7,2,,,,,,,,,2025/2026
178620961700740,"Franco Mastantuono","La Liga",23,1037,3kq9cckrnlogidldtdie2fkbl,1,3.09,-2.09,30,7,3.33,0.1,20,3,39,0,3,164,75,45.7,13,5,38.5,492,90.0,203,84.7,443,172,13,4,30.8,8,224,71,2514.5,11.2,374.7,5.3,7,1,3,0,,,,,,,,,2025/2026
178620961700741,"Sergio Camello","La Liga",22,818,3budh3j9xivsid3ptm8ptpy4k,5,3.06,1.94,27,14,18.52,0.11,11,3,49,0,0,91,41,45.1,14,4,28.6,218,81.7,94,72.3,178,68,3,1,33.3,3,91,35,957.1,10.5,322.4,9.2,9,3,3,0,,,,,,,,,2025/2026
178620961700742,"Borja Mayoral","La Liga",16,1059,1n1j0wsl763lq7ee1k0c11c02,4,3.05,0.95,15,7,26.67,0.2,5,5,32,2,5,49,18,36.7,46,15,32.6,264,81.1,112,76.8,214,86,6,1,16.7,3,45,16,454.5,10.1,63.6,4.0,1,0,0,0,,,,,,,,,2025/2026
178620961700743,"Salomón Rondón","La Liga",16,1037,clo928vcczjp0mczavs5o7p5k,2,3.03,-1.03,24,5,8.33,0.13,3,1,28,1,12,75,32,42.7,85,45,52.9,206,71.8,61,65.6,148,40,2,1,50.0,0,43,21,387.5,9.0,163.7,7.8,4,1,1,0,,,,,,,,,2025/2026
178620961700744,"Eric García","La Liga",34,2730,agh9ifb2mw3ivjusgedj7c3fe,1,2.96,-1.96,25,7,4.0,0.12,74,48,113,7,78,169,99,58.6,81,44,54.3,2349,92.2,558,88.0,2165,491,14,1,7.1,7,360,197,3470.1,9.6,1914.2,9.7,4,0,6,0,,,,,,,,,2025/2026
178620961700745,"Bryan Gil","La Liga",29,1586,7h7eg7q7dbwvzww78h9d5eh0h,0,2.9,-2.9,27,7,0.0,0.11,31,9,79,1,11,232,101,43.5,17,4,23.5,518,83.8,224,75.5,434,169,46,13,28.3,4,316,173,4012.7,12.7,1869.8,10.8,10,0,10,1,,,,,,,,,2025/2026
178620961700746,"Federico Valverde","La Liga",33,2746,3kq9cckrnlogidldtdie2fkbl,5,2.89,2.11,51,22,9.8,0.06,41,24,142,8,51,128,78,60.9,35,22,62.9,1904,90.1,678,85.1,1716,577,28,6,21.4,8,444,210,4946.1,11.1,2222.2,10.6,10,2,9,2,,,,,,,,,2025/2026
178620961700747,"Carlos Romero","La Liga",36,3195,c8llrezkm3b3op4afrou6b487,6,2.8,3.2,42,12,14.29,0.07,97,40,173,15,73,295,164,55.6,33,14,42.4,1011,79.3,307,68.4,802,210,89,16,18.0,1,404,240,5054.2,12.5,2429.9,10.1,17,1,9,1,,,,,,,,,2025/2026
178620961700748,"Leandro Cabrera","La Liga",37,3330,c8llrezkm3b3op4afrou6b487,3,2.78,0.22,40,12,7.5,0.07,36,26,85,27,218,109,49,45.0,163,106,65.0,1511,80.4,299,48.5,1215,145,20,3,15.0,1,226,117,1991.6,8.8,1075.8,9.2,0,0,0,0,,,,,,,,,2025/2026
178620961700749,"Hugo Álvarez","La Liga",28,1337,6f27yvbqcngegwsg2ozxxdj4,4,2.74,1.26,14,8,28.57,0.2,15,10,44,0,9,111,48,43.2,10,1,10.0,610,85.6,277,82.3,522,228,18,2,11.1,4,199,112,2394.5,12.0,1236.5,11.0,6,2,13,1,,,,,,,,,2025/2026
178620961700750,"Carlos Soler","La Liga",33,2325,63f5h8t5e9qm1fqmvfkb23ghh,4,2.72,1.28,35,19,11.43,0.08,38,15,89,10,26,142,71,50.0,21,8,38.1,1195,86.4,428,77.3,1033,331,24,10,41.7,9,275,146,2870.1,10.4,1317.8,9.0,9,1,2,0,,,,,,,,,2025/2026
178620961700751,"Diego López","La Liga",34,1762,ba5e91hjacvma2sjvixn00pjo,4,2.72,1.28,28,8,14.29,0.1,22,10,79,2,11,143,67,46.9,73,25,34.2,513,76.6,211,67.8,393,143,43,7,16.3,2,159,88,2108.4,13.3,1231.0,14.0,3,0,5,0,,,,,,,,,2025/2026
178620961700752,"Carlos Álvarez","La Liga",30,1897,4grc9qgcvusllap8h5j6gc5h5,3,2.72,0.28,30,11,10.0,0.09,22,13,92,1,6,202,89,44.1,22,4,18.2,656,81.0,302,74.8,531,226,15,1,6.7,14,247,124,2746.3,11.1,1102.4,8.9,6,1,7,0,,,,,,,,,2025/2026
178620961700753,"Carles Aleñá","La Liga",34,1995,4dtdjgnpdq9uw4sdutti0vaar,0,2.71,-2.71,30,5,0.0,0.09,37,10,83,2,22,197,86,43.7,34,14,41.2,850,85.3,333,82.3,725,274,42,10,23.8,2,159,83,1635.8,10.3,739.8,8.9,4,0,4,0,,,,,,,,,2025/2026
178620961700754,"Alejandro Catena","La Liga",35,3073,2l0ldgiwsgb8d6y3z0sfgjzyj,3,2.67,0.33,19,4,15.79,0.14,41,33,116,32,215,122,60,49.2,141,81,57.4,1696,85.6,223,55.2,1452,123,2,0,0.0,0,341,174,3176.1,9.3,1857.8,10.7,0,0,3,0,,,,,,,,,2025/2026
178620961700755,"Aurélien Tchouaméni","La Liga",33,2622,3kq9cckrnlogidldtdie2fkbl,1,2.66,-1.66,45,7,2.22,0.06,68,47,144,13,55,155,98,63.2,95,72,75.8,1913,91.5,497,86.1,1751,428,7,1,14.3,6,393,180,3890.8,9.9,1711.2,9.5,1,0,7,0,,,,,,,,,2025/2026
178620961700756,"Germán Valera","La Liga",36,2869,4yg9ttzw0m51048doksv8uq5r,4,2.65,1.35,28,8,14.29,0.09,55,23,130,8,44,283,164,58.0,30,12,40.0,1151,87.5,482,86.3,1007,416,91,23,25.3,2,430,209,5672.6,13.2,2156.8,10.3,8,0,13,3,,,,,,,,,2025/2026
178620961700757,"Mario Martín","La Liga",35,2134,1n1j0wsl763lq7ee1k0c11c02,2,2.63,-0.63,27,6,7.41,0.1,56,15,74,5,29,256,104,40.6,192,75,39.1,569,73.1,203,56.2,416,114,13,2,15.4,2,149,59,1513.2,10.2,430.1,7.3,4,0,2,1,,,,,,,,,2025/2026
178620961700758,"Ander Barrenetxea","La Liga",30,1769,63f5h8t5e9qm1fqmvfkb23ghh,3,2.62,0.38,34,11,8.82,0.08,30,15,107,4,11,259,115,44.4,26,9,34.6,726,80.3,329,75.7,583,249,57,7,12.3,5,318,163,3741.5,11.8,1454.5,8.9,14,1,15,3,,,,,,,,,2025/2026
178620961700759,"Jones El Abdellaoui","La Liga",22,668,6f27yvbqcngegwsg2ozxxdj4,2,2.59,-0.59,17,4,11.76,0.15,6,3,25,0,12,62,20,32.3,13,6,46.2,143,83.2,67,83.6,119,56,30,6,20.0,1,100,71,1488.2,14.9,1123.8,15.8,10,1,5,0,,,,,,,,,2025/2026
178620961700760,Rodrygo,"La Liga",19,676,3kq9cckrnlogidldtdie2fkbl,1,2.58,-1.58,27,11,3.7,0.1,13,3,38,0,4,93,54,58.1,9,0,0.0,324,90.7,176,86.4,294,152,16,1,6.3,4,175,90,2045.2,11.7,925.2,10.3,12,0,4,0,,,,,,,,,2025/2026
178620961700761,"Tyrhys Dolan","La Liga",36,2431,c8llrezkm3b3op4afrou6b487,2,2.54,-0.54,34,12,5.88,0.07,57,18,108,2,14,272,138,50.7,35,10,28.6,555,83.4,237,75.1,463,178,96,20,20.8,3,342,201,4124.5,12.1,2234.0,11.1,10,0,16,2,,,,,,,,,2025/2026
178620961700762,"Randy Nteka","La Liga",13,367,3budh3j9xivsid3ptm8ptpy4k,3,2.47,0.53,13,6,23.08,0.19,4,0,12,3,12,38,15,39.5,35,20,57.1,91,79.1,38,68.4,72,26,0,0,0.0,0,21,5,211.4,10.1,41.7,8.3,2,1,1,0,,,,,,,,,2025/2026
178620961700763,"Giovani Lo Celso","La Liga",24,1396,ah8dala7suqqkj04n2l8xz4zd,2,2.47,-0.47,30,11,6.67,0.08,19,6,74,0,7,135,77,57.0,18,10,55.6,865,88.0,361,80.3,761,290,14,4,28.6,8,228,103,2405.9,10.6,961.5,9.3,5,0,8,1,,,,,,,,,2025/2026
178620961700764,"Rubén García","La Liga",35,2247,2l0ldgiwsgb8d6y3z0sfgjzyj,2,2.43,-0.43,31,10,6.45,0.08,50,17,91,2,22,201,95,47.3,70,23,32.9,828,79.5,320,71.6,658,229,50,11,22.0,1,224,85,2374.7,10.6,728.6,8.6,7,1,3,0,,,,,,,,,2025/2026
178620961700765,"Jon Olasagasti","La Liga",33,1729,4grc9qgcvusllap8h5j6gc5h5,1,2.41,-1.41,28,9,3.57,0.09,28,14,79,7,23,141,73,51.8,53,29,54.7,666,75.7,259,63.7,504,165,35,9,25.7,4,165,102,1687.8,10.2,1043.6,10.2,5,0,9,0,,,,,,,,,2025/2026
178620961700766,"Takefusa Kubo","La Liga",24,1508,63f5h8t5e9qm1fqmvfkb23ghh,2,2.39,-0.39,28,12,7.14,0.09,29,11,53,0,10,194,116,59.8,19,7,36.8,489,79.3,230,70.9,388,163,22,2,9.1,7,278,158,3401.5,12.2,1668.5,10.6,13,0,16,2,,,,,,,,,2025/2026
178620961700767,"Axel Witsel","La Liga",32,2533,7h7eg7q7dbwvzww78h9d5eh0h,1,2.39,-1.39,20,5,5.0,0.12,37,30,167,11,56,167,83,49.7,75,47,62.7,1466,91.2,332,85.5,1337,284,1,0,0.0,0,332,144,3378.0,10.2,1438.6,10.0,0,0,3,0,,,,,,,,,2025/2026
178620961700768,"Edu Expósito","La Liga",36,2542,c8llrezkm3b3op4afrou6b487,1,2.35,-1.35,44,13,2.27,0.05,53,23,119,1,36,230,129,56.1,43,18,41.9,1016,76.3,438,62.8,775,275,91,16,17.6,12,273,149,2857.9,10.5,1734.1,11.6,2,0,15,1,,,,,,,,,2025/2026
178620961700769,"Jofre Carreras","La Liga",26,921,c8llrezkm3b3op4afrou6b487,1,2.34,-1.34,23,7,4.35,0.1,9,6,41,0,8,107,52,48.6,11,3,27.3,214,74.8,81,60.5,160,49,36,9,25.0,1,129,88,1610.5,12.5,1115.7,12.7,7,0,8,0,,,,,,,,,2025/2026
178620961700770,"Abde Rebbach","La Liga",30,1492,4dtdjgnpdq9uw4sdutti0vaar,1,2.33,-1.33,34,12,2.94,0.07,42,15,80,0,23,204,90,44.1,22,9,40.9,461,79.6,190,71.0,367,135,49,5,10.2,0,196,118,2543.6,13.0,1454.1,12.3,16,1,10,1,,,,,,,,,2025/2026
178620961700771,"Jan Virgili","La Liga",31,1797,50x1m4u58lffhq6v6ga1hbxmy,2,2.33,-0.33,32,16,6.25,0.07,15,7,68,2,9,217,88,40.6,37,14,37.8,407,75.7,195,68.2,308,133,37,7,18.9,2,259,158,3530.6,13.6,2029.0,12.8,18,1,8,1,,,,,,,,,2025/2026
178620961700772,"Florian Lejeune","La Liga",36,3231,3budh3j9xivsid3ptm8ptpy4k,2,2.29,-0.29,50,18,4.0,0.05,66,48,168,27,229,161,87,54.0,124,82,66.1,2129,87.3,309,56.0,1858,173,8,3,37.5,0,440,243,4256.5,9.7,2392.6,9.8,6,0,4,0,,,,,,,,,2025/2026
178620961700773,"Luis Rioja","La Liga",37,2636,ba5e91hjacvma2sjvixn00pjo,3,2.29,0.71,43,5,6.98,0.05,36,18,103,0,34,203,101,49.8,23,4,17.4,837,78.6,366,71.6,658,262,91,21,23.1,0,361,165,4190.2,11.6,1530.4,9.3,13,0,15,3,,,,,,,,,2025/2026
178620961700774,"Dean Huijsen","La Liga",28,2037,3kq9cckrnlogidldtdie2fkbl,2,2.26,-0.26,20,5,10.0,0.11,31,19,74,16,129,72,46,63.9,83,50,60.2,1661,89.8,333,76.0,1492,253,1,0,0.0,1,432,266,4500.1,10.4,2954.7,11.1,3,0,3,0,,,,,,,,,2025/2026
178620961700775,"Andrei Ratiu","La Liga",35,2804,3budh3j9xivsid3ptm8ptpy4k,0,2.25,-2.25,31,9,0.0,0.07,70,38,163,6,80,291,152,52.2,58,22,37.9,1320,82.2,458,73.6,1085,337,104,25,24.0,6,445,287,5708.8,12.8,3535.6,12.3,11,0,18,3,,,,,,,,,2025/2026
178620961700776,"Fran Pérez","La Liga",29,1234,3budh3j9xivsid3ptm8ptpy4k,2,2.24,-0.24,17,8,11.76,0.13,15,2,85,2,7,108,44,40.7,20,1,5.0,304,82.2,124,78.2,250,97,46,6,13.0,1,171,93,2282.4,13.3,1089.5,11.7,10,0,4,1,,,,,,,,,2025/2026
178620961700777,"Nacho Vidal","La Liga",29,2272,clo928vcczjp0mczavs5o7p5k,0,2.23,-2.23,16,3,0.0,0.14,45,31,81,6,79,155,84,54.2,42,22,52.4,918,81.2,203,64.5,745,131,41,5,12.2,2,180,94,1908.8,10.6,803.7,8.6,2,0,2,0,,,,,,,,,2025/2026
178620961700778,"José Luis Morales","La Liga",20,346,4grc9qgcvusllap8h5j6gc5h5,1,2.21,-1.21,11,4,9.09,0.2,10,3,25,2,4,41,23,56.1,6,2,33.3,127,74.8,60,71.7,95,43,9,2,22.2,1,39,23,412.5,10.6,232.6,10.1,2,0,3,0,,,,,,,,,2025/2026
178620961700779,"Aleix Febas","La Liga",36,3166,4yg9ttzw0m51048doksv8uq5r,2,2.21,-0.21,23,8,8.7,0.1,77,27,174,3,22,389,245,63.0,22,6,27.3,1958,89.5,709,83.8,1753,594,25,3,12.0,9,589,332,7214.4,12.2,4197.3,12.6,7,0,13,1,,,,,,,,,2025/2026
178620961700780,"Marcos Alonso","La Liga",32,2770,6f27yvbqcngegwsg2ozxxdj4,1,2.2,-1.2,24,3,4.17,0.09,41,28,154,17,161,137,78,56.9,81,48,59.3,2378,90.2,505,75.5,2145,381,19,6,31.6,6,757,475,8668.8,11.5,5700.6,12.0,3,0,4,0,,,,,,,,,2025/2026
178620961700781,"Rodrigo Riquelme","La Liga",25,810,ah8dala7suqqkj04n2l8xz4zd,1,2.16,-1.16,24,7,4.17,0.09,16,5,51,0,7,104,38,36.5,13,4,30.8,309,83.2,135,82.2,257,111,21,4,19.1,3,134,76,1839.2,13.7,968.7,12.7,9,0,10,1,,,,,,,,,2025/2026
178620961700782,"Claudio Echeverri","La Liga",17,618,7h7eg7q7dbwvzww78h9d5eh0h,1,2.16,-1.16,21,7,4.76,0.1,6,1,20,0,4,67,36,53.7,4,1,25.0,226,86.3,123,83.7,195,103,6,1,16.7,1,108,54,1244.6,11.5,629.4,11.7,9,0,2,0,,,,,,,,,2025/2026
178620961700783,"Unai Gómez","La Liga",26,932,3czravw89omgc9o4s0w3l1bg5,1,2.14,-1.14,23,7,4.35,0.09,13,1,29,1,6,61,24,39.3,48,17,35.4,222,75.7,95,66.3,168,63,19,3,15.8,0,57,34,606.0,10.6,314.6,9.3,5,0,3,0,,,,,,,,,2025/2026
178620961700784,"Adrián Liso","La Liga",28,1709,1n1j0wsl763lq7ee1k0c11c02,3,2.08,0.92,26,10,11.54,0.08,28,4,53,2,7,197,85,43.1,118,36,30.5,274,69.0,132,59.9,189,79,37,3,8.1,0,117,61,1302.5,11.1,687.6,11.3,12,2,0,0,,,,,,,,,2025/2026
178620961700785,"Tajon Buchanan","La Liga",34,1821,74mcjsm72vr3l9pw2i4qfjchj,7,2.06,4.94,27,11,25.93,0.08,28,21,108,2,16,191,85,44.5,14,3,21.4,466,81.3,194,77.3,379,150,33,3,9.1,0,213,149,3008.4,14.1,2084.9,14.0,10,4,4,0,,,,,,,,,2025/2026
178620961700786,"Sergi Darder","La Liga",38,2689,50x1m4u58lffhq6v6ga1hbxmy,1,2.04,-1.04,36,13,2.78,0.06,28,26,127,6,18,172,91,52.9,15,8,53.3,1159,84.6,398,74.9,980,298,74,18,24.3,6,356,193,3793.1,10.7,1952.5,10.1,10,0,14,3,,,,,,,,,2025/2026
178620961700787,"Bryan Zaragoza","La Liga",19,1135,6f27yvbqcngegwsg2ozxxdj4,1,2.01,-1.01,26,12,3.85,0.08,10,2,32,0,5,121,54,44.6,8,1,12.5,334,77.5,178,70.8,259,126,53,11,20.8,7,223,138,2665.2,12.0,1528.3,11.1,19,0,10,0,,,,,,,,,2025/2026
178620961700788,"Álex Baena","La Liga",27,1572,4ku8o6uf87yd8iecdalipo6wd,2,2.0,0.0,29,7,6.9,0.07,18,16,63,4,12,141,61,43.3,28,7,25.0,728,81.0,316,75.3,590,238,58,17,29.3,6,293,153,3454.9,11.8,1671.9,10.9,9,1,11,1,,,,,,,,,2025/2026
178620961700789,"Jon Moncayola","La Liga",36,3028,2l0ldgiwsgb8d6y3z0sfgjzyj,0,2.0,-2.0,23,5,0.0,0.09,55,23,161,6,49,182,80,44.0,34,18,52.9,1388,80.1,440,67.0,1112,295,102,20,19.6,2,259,141,2736.9,10.6,1241.1,8.8,2,0,10,1,,,,,,,,,2025/2026
178620961700790,"Luis Vázquez","La Liga",17,1204,1n1j0wsl763lq7ee1k0c11c02,3,2.0,1.0,25,9,12.0,0.08,5,4,27,1,12,85,38,44.7,104,46,44.2,207,57.0,101,51.5,118,52,2,0,0.0,0,56,20,539.2,9.6,74.4,3.7,5,1,0,0,,,,,,,,,2025/2026
178620961700791,"Manu Morlanes","La Liga",32,1773,50x1m4u58lffhq6v6ga1hbxmy,3,2.0,1.0,13,4,23.08,0.15,56,19,97,2,22,145,76,52.4,30,13,43.3,947,89.3,298,80.9,846,241,11,2,18.2,3,215,121,2161.2,10.1,1041.1,8.6,3,1,2,0,,,,,,,,,2025/2026
178620961700792,"Jon Martín","La Liga",25,2250,63f5h8t5e9qm1fqmvfkb23ghh,2,1.99,0.01,15,5,13.33,0.13,31,34,82,22,159,82,51,62.2,124,84,67.7,1356,91.2,120,70.8,1237,85,0,0,0.0,0,435,206,4534.0,10.4,2438.3,11.8,0,0,1,0,,,,,,,,,2025/2026
178620961700793,"Marcos Llorente","La Liga",29,2184,4ku8o6uf87yd8iecdalipo6wd,0,1.98,-1.98,18,6,0.0,0.11,59,12,124,2,53,151,83,55.0,23,10,43.5,1432,89.5,425,82.3,1281,350,50,11,22.0,4,351,183,4169.3,11.9,1932.4,10.6,3,0,11,2,,,,,,,,,2025/2026
178620961700794,"Luka Sucic","La Liga",22,1018,63f5h8t5e9qm1fqmvfkb23ghh,3,1.98,1.02,23,7,13.04,0.09,19,5,43,1,15,85,39,45.9,35,16,45.7,463,79.5,145,63.5,368,92,6,0,0.0,10,188,83,1987.5,10.6,577.2,7.0,4,0,6,1,,,,,,,,,2025/2026
178620961700795,"Víctor García","La Liga",21,1040,4grc9qgcvusllap8h5j6gc5h5,2,1.96,0.04,19,8,10.53,0.1,22,10,54,4,15,87,45,51.7,31,14,45.2,294,76.2,109,63.3,224,69,62,14,22.6,0,130,67,1500.7,11.5,750.3,11.2,4,0,7,1,,,,,,,,,2025/2026
178620961700796,"Takuma Asano","La Liga",20,659,50x1m4u58lffhq6v6ga1hbxmy,1,1.95,-0.95,17,2,5.88,0.11,14,2,22,0,4,57,26,45.6,29,8,27.6,120,74.2,53,73.6,89,39,14,2,14.3,0,57,38,653.2,11.5,471.6,12.4,2,1,2,0,,,,,,,,,2025/2026
178620961700797,"Thomas Lemar","La Liga",27,1259,7h7eg7q7dbwvzww78h9d5eh0h,3,1.93,1.07,17,8,17.65,0.11,27,5,57,2,2,149,67,45.0,4,2,50.0,658,88.2,278,84.5,580,235,18,2,11.1,1,248,101,2595.3,10.5,724.8,7.2,5,1,7,0,,,,,,,,,2025/2026
178620961700798,"Ilias Akhomach","La Liga",20,893,3budh3j9xivsid3ptm8ptpy4k,0,1.93,-1.93,24,8,0.0,0.08,24,2,37,2,9,150,74,49.3,8,1,12.5,258,84.1,126,77.8,217,98,19,4,21.1,2,134,82,1555.7,11.6,955.8,11.7,11,0,1,0,,,,,,,,,2025/2026
178620961700799,"Pablo Martínez","La Liga",27,1865,4grc9qgcvusllap8h5j6gc5h5,1,1.91,-0.91,28,4,3.57,0.07,17,20,87,12,29,122,42,34.4,21,14,66.7,689,78.4,244,63.5,540,155,28,11,39.3,6,156,86,1718.9,11.0,881.9,10.3,2,0,2,0,,,,,,,,,2025/2026
178620961700800,"Jon Aramburu","La Liga",35,2778,63f5h8t5e9qm1fqmvfkb23ghh,1,1.91,-0.91,21,5,4.76,0.09,105,47,120,8,95,300,159,53.0,70,50,71.4,1284,80.9,323,71.5,1039,231,47,7,14.9,1,227,118,2177.2,9.6,1060.8,9.0,0,0,0,0,,,,,,,,,2025/2026
178620961700801,"Brahim Díaz","La Liga",30,1252,3kq9cckrnlogidldtdie2fkbl,1,1.84,-0.84,15,7,6.67,0.12,15,2,59,0,4,149,77,51.7,10,2,20.0,531,90.6,242,86.0,481,208,13,5,38.5,4,183,88,2129.9,11.6,962.3,10.9,3,1,8,2,,,,,,,,,2025/2026
178620961700802,"Ibrahim Diabate","La Liga",10,581,4dtdjgnpdq9uw4sdutti0vaar,2,1.8,0.2,15,5,13.33,0.12,4,2,5,0,6,23,10,43.5,43,15,34.9,90,62.2,45,51.1,56,23,0,0,0.0,0,18,10,184.4,10.2,75.6,7.6,2,0,0,0,,,,,,,,,2025/2026
178620961700803,"Djibril Sow","La Liga",33,2195,10eyb18v5puw4ez03ocaug09m,5,1.8,3.2,19,8,26.32,0.09,45,22,86,2,9,143,81,56.6,45,15,33.3,950,89.0,248,82.7,846,205,4,2,50.0,1,216,79,2181.0,10.1,563.2,7.1,0,0,5,1,,,,,,,,,2025/2026
178620961700804,"Mikel Jauregizar","La Liga",36,2843,3czravw89omgc9o4s0w3l1bg5,2,1.79,0.21,39,11,5.13,0.05,68,46,172,3,27,257,112,43.6,81,46,56.8,1344,80.4,494,71.0,1081,351,44,6,13.6,4,269,115,2426.6,9.0,1054.7,9.2,3,2,3,0,,,,,,,,,2025/2026
178620963708737,"Zach Hemming","League Two",38,3420,2zyk4fq2f0kh5p366q9y62vny,,,,,,,,,,,,,,,,,,,,,,,,,,,,,,,,,,,,,,,52,89,63.1,49.7,-0.3,1.0,,,2025/2026
178620961700805,"Pablo Barrios","La Liga",23,1666,4ku8o6uf87yd8iecdalipo6wd,1,1.79,-0.79,23,6,4.35,0.08,30,27,114,2,12,157,86,54.8,32,18,56.3,1052,89.0,384,82.5,936,317,31,10,32.3,8,321,146,3732.6,11.6,1339.7,9.2,3,0,8,0,,,,,,,,,2025/2026
178620961700806,"Éder Militão","La Liga",16,1141,3kq9cckrnlogidldtdie2fkbl,2,1.78,0.22,21,9,9.52,0.08,23,11,56,12,52,59,39,66.1,47,26,55.3,767,90.9,126,69.0,697,87,1,0,0.0,2,175,78,1679.4,9.6,842.0,10.8,1,1,2,0,,,,,,,,,2025/2026
178620961700807,"Jon Guridi","La Liga",28,1240,4dtdjgnpdq9uw4sdutti0vaar,0,1.76,-1.76,15,4,0.0,0.12,28,10,64,2,19,91,43,47.3,51,22,43.1,444,82.2,145,78.6,365,114,12,2,16.7,0,101,42,1142.6,11.3,378.9,9.0,2,0,2,0,,,,,,,,,2025/2026
178620961700808,"Fernando Calero","La Liga",28,2150,c8llrezkm3b3op4afrou6b487,0,1.76,-1.76,12,1,0.0,0.15,29,28,85,29,124,68,40,58.8,82,37,45.1,1224,88.5,111,45.0,1083,50,2,0,0.0,0,221,118,1932.2,8.7,1161.8,9.8,0,0,0,0,,,,,,,,,2025/2026
178620961700809,"Alfon González","La Liga",20,639,74mcjsm72vr3l9pw2i4qfjchj,2,1.75,0.25,17,10,11.76,0.1,3,2,25,0,7,67,17,25.4,8,2,25.0,132,81.8,64,79.7,108,51,13,4,30.8,1,53,30,660.7,12.5,375.6,12.5,5,1,6,0,,,,,,,,,2025/2026
178620961700810,"Neal Maupay","La Liga",12,870,10eyb18v5puw4ez03ocaug09m,2,1.75,0.25,17,7,11.76,0.1,4,1,20,1,2,60,24,40.0,34,9,26.5,199,81.9,73,80.8,163,59,4,0,0.0,1,56,27,602.0,10.8,256.4,9.5,4,1,3,0,,,,,,,,,2025/2026
178620961700811,"José María Giménez","La Liga",16,1177,4ku8o6uf87yd8iecdalipo6wd,0,1.74,-1.74,13,3,0.0,0.13,25,16,47,12,64,68,37,54.4,74,37,50.0,802,90.2,111,73.0,723,81,0,0,0.0,0,130,71,1196.1,9.2,606.1,8.5,0,0,0,0,,,,,,,,,2025/2026
178620961700812,"Pedro Díaz","La Liga",34,1869,3budh3j9xivsid3ptm8ptpy4k,0,1.73,-1.73,44,6,0.0,0.04,38,8,102,1,15,150,66,44.0,26,13,50.0,768,84.9,275,76.4,652,210,24,5,20.8,6,199,114,2310.0,11.6,1266.2,11.1,14,0,3,0,,,,,,,,,2025/2026
178620961700813,"Iker Losada","La Liga",23,898,4grc9qgcvusllap8h5j6gc5h5,3,1.73,1.27,14,4,21.43,0.12,13,11,39,2,10,55,26,47.3,18,3,16.7,227,71.4,89,62.9,162,56,11,3,27.3,0,67,41,663.9,9.9,366.7,8.9,4,1,0,0,,,,,,,,,2025/2026
178620961700814,"Pablo Torre","La Liga",35,1603,50x1m4u58lffhq6v6ga1hbxmy,4,1.73,2.27,25,12,16.0,0.07,22,9,83,2,13,158,74,46.8,32,7,21.9,803,85.1,305,79.3,683,242,24,3,12.5,2,212,107,2340.6,11.0,919.2,8.6,7,1,5,0,,,,,,,,,2025/2026
178620961700815,"Aimar Oroz","La Liga",31,2152,2l0ldgiwsgb8d6y3z0sfgjzyj,0,1.68,-1.68,29,4,0.0,0.06,37,10,110,1,15,257,133,51.8,64,30,46.9,849,79.7,376,76.6,677,288,21,7,33.3,7,356,198,4309.8,12.1,2009.5,10.1,7,0,12,1,,,,,,,,,2025/2026
178620961700816,"Jules Koundé","La Liga",30,2261,agh9ifb2mw3ivjusgedj7c3fe,1,1.65,-0.65,14,4,7.14,0.12,47,30,91,12,55,171,92,53.8,62,35,56.5,1922,91.6,507,84.0,1760,426,40,12,30.0,3,337,196,3109.7,9.2,1692.1,8.6,2,0,4,0,,,,,,,,,2025/2026
178620961700817,"Pacha Espino","La Liga",30,1480,3budh3j9xivsid3ptm8ptpy4k,2,1.64,0.36,20,9,10.0,0.08,52,15,89,5,32,177,99,55.9,36,18,50.0,588,71.3,213,62.9,419,134,50,10,20.0,3,172,97,1929.6,11.2,1088.0,11.2,4,0,6,0,,,,,,,,,2025/2026
178620961700818,"Aymeric Laporte","La Liga",25,2060,3czravw89omgc9o4s0w3l1bg5,0,1.62,-1.62,15,5,0.0,0.11,27,25,87,13,127,61,42,68.9,89,60,67.4,1237,89.2,179,60.9,1103,109,2,1,50.0,3,282,203,3179.0,11.3,2266.6,11.2,0,0,3,1,,,,,,,,,2025/2026
178620961700819,"Arnau Martínez","La Liga",35,2678,7h7eg7q7dbwvzww78h9d5eh0h,2,1.62,0.38,19,4,10.53,0.09,66,41,117,12,124,190,109,57.4,68,34,50.0,1428,85.2,364,78.0,1217,284,50,8,16.0,3,331,190,3635.7,11.0,1984.1,10.4,5,0,4,0,,,,,,,,,2025/2026
178620961700820,"Rodrigo Mendoza","La Liga",24,1231,4ku8o6uf87yd8iecdalipo6wd,1,1.62,-0.62,17,4,5.88,0.1,16,4,60,2,13,134,59,44.0,29,7,24.1,643,85.4,219,76.3,549,167,11,3,27.3,10,178,97,1895.0,10.6,932.7,9.6,6,0,3,0,,,,,,,,,2025/2026
178620961700821,"Chimy Ávila","La Liga",16,371,ah8dala7suqqkj04n2l8xz4zd,1,1.61,-0.61,8,2,12.5,0.2,4,5,13,0,7,27,11,40.7,18,9,50.0,107,71.0,56,58.9,76,33,8,2,25.0,0,14,8,175.5,12.5,83.3,10.4,1,0,1,0,,,,,,,,,2025/2026
178620961700822,"Lucas Torró","La Liga",34,2307,2l0ldgiwsgb8d6y3z0sfgjzyj,0,1.6,-1.6,29,8,0.0,0.06,39,28,108,8,46,134,74,55.2,157,109,69.4,992,74.6,283,57.2,740,162,2,0,0.0,0,156,50,1451.8,9.3,325.8,6.5,2,0,2,0,,,,,,,,,2025/2026
178620961700823,"Nahuel Tenaglia","La Liga",36,3239,4dtdjgnpdq9uw4sdutti0vaar,2,1.59,0.41,24,8,8.33,0.07,66,46,116,29,180,185,118,63.8,98,48,49.0,1362,86.4,203,61.6,1177,125,17,3,17.6,0,339,189,3771.5,11.1,2090.3,11.1,4,0,0,0,,,,,,,,,2025/2026
178620961700824,"Chidera Ejuke","La Liga",27,923,10eyb18v5puw4ez03ocaug09m,1,1.59,-0.59,23,3,4.35,0.07,19,6,61,1,3,152,92,60.5,16,5,31.3,360,83.9,161,76.4,302,123,26,5,19.2,2,227,117,2614.6,11.5,1087.9,9.3,12,1,3,1,,,,,,,,,2025/2026
178620961700825,"Haissem Hassan","La Liga",37,1943,clo928vcczjp0mczavs5o7p5k,0,1.59,-1.59,34,8,0.0,0.05,39,6,72,0,11,249,125,50.2,8,2,25.0,497,80.5,181,67.4,400,122,112,27,24.1,3,460,276,7458.8,16.2,4161.0,15.1,20,0,11,1,,,,,,,,,2025/2026
178620961700826,"Nobel Mendy","La Liga",24,1804,3budh3j9xivsid3ptm8ptpy4k,2,1.58,0.42,11,3,18.18,0.14,26,21,68,23,155,81,41,50.6,59,31,52.5,963,85.8,97,41.2,826,40,5,0,0.0,1,171,79,1515.5,8.9,740.6,9.4,3,0,0,0,,,,,,,,,2025/2026
178620961700827,"Sergio Carreira","La Liga",34,2693,6f27yvbqcngegwsg2ozxxdj4,2,1.58,0.42,16,7,12.5,0.1,32,25,107,3,65,167,93,55.7,34,11,32.4,1510,85.4,422,80.3,1289,339,30,5,16.7,2,395,208,4386.8,11.1,1749.7,8.4,3,1,5,0,,,,,,,,,2025/2026
178620961700828,"Vitor Reis","La Liga",36,3138,7h7eg7q7dbwvzww78h9d5eh0h,1,1.58,-0.58,19,4,5.26,0.08,50,33,128,39,215,140,82,58.6,156,87,55.8,1924,91.0,185,71.3,1750,132,0,0,0.0,1,499,293,5475.3,11.0,3207.5,10.9,2,0,1,1,,,,,,,,,2025/2026
178620961700829,"Fer López","La Liga",17,1174,6f27yvbqcngegwsg2ozxxdj4,1,1.57,-0.57,13,5,7.69,0.12,20,8,73,2,9,126,60,47.6,15,5,33.3,585,86.2,204,77.0,504,157,4,2,50.0,12,210,92,2324.9,11.1,778.7,8.5,4,0,0,0,,,,,,,,,2025/2026
178620963307091,"Devante Cole",Championship,0,0,d1lhefp805y0rcbjqkpu4fq0n,0,0.0,0.0,0,0,0.0,0.0,0,0,0,0,0,0,0,0.0,0,0,0.0,0,0.0,0,0.0,0,0,0,0,0.0,0,0,0,0.0,0.0,0.0,0.0,0,0,0,0,,,,,,,,,2025/2026
178620961700830,Pedri,"La Liga",29,2107,agh9ifb2mw3ivjusgedj7c3fe,2,1.57,0.43,21,10,9.52,0.07,50,24,163,2,23,219,131,59.8,12,10,83.3,2055,91.6,772,86.0,1882,664,13,5,38.5,21,698,334,7448.2,10.7,3448.7,10.3,8,2,19,7,,,,,,,,,2025/2026
178620961700831,"Kike Salas","La Liga",26,2203,10eyb18v5puw4ez03ocaug09m,2,1.55,0.45,19,8,10.53,0.08,59,37,109,18,163,139,81,58.3,138,96,69.6,1369,80.2,240,51.7,1098,124,10,2,20.0,0,272,144,2611.0,9.6,1583.6,11.0,1,1,0,0,,,,,,,,,2025/2026
178620961700832,Copete,"La Liga",21,1760,ba5e91hjacvma2sjvixn00pjo,0,1.54,-1.54,13,0,0.0,0.12,26,22,51,15,112,77,44,57.1,63,36,57.1,1004,85.6,175,62.3,859,109,4,3,75.0,0,191,105,1803.0,9.4,1025.7,9.8,0,0,1,0,,,,,,,,,2025/2026
178620961700833,"Ramon Terrats","La Liga",29,1023,c8llrezkm3b3op4afrou6b487,1,1.5,-0.5,15,3,6.67,0.1,22,11,35,5,7,121,53,43.8,29,9,31.0,256,77.0,120,64.2,197,77,18,2,11.1,3,71,41,737.4,10.4,431.9,10.5,1,0,4,1,,,,,,,,,2025/2026
178620961700834,"Álex Moreno","La Liga",31,2558,7h7eg7q7dbwvzww78h9d5eh0h,0,1.49,-1.49,16,5,0.0,0.09,43,30,101,8,104,206,98,47.6,34,20,58.8,1054,83.7,339,76.1,882,258,65,10,15.4,2,412,265,5347.7,13.0,3444.7,13.0,10,0,8,1,,,,,,,,,2025/2026
178620961700835,"Ronald Araujo","La Liga",24,1061,agh9ifb2mw3ivjusgedj7c3fe,3,1.43,1.57,12,5,25.0,0.12,21,9,48,5,38,42,24,57.1,58,39,67.2,838,92.0,100,72.0,771,72,7,0,0.0,1,176,98,1975.4,11.2,1129.2,11.5,2,0,0,0,,,,,,,,,2025/2026
178620961700836,"Christantus Uche","La Liga",3,270,1n1j0wsl763lq7ee1k0c11c02,1,1.42,-0.42,6,1,16.67,0.24,2,0,7,0,2,42,15,35.7,16,9,56.3,43,62.8,31,58.1,27,18,1,1,100.0,0,17,8,210.8,12.4,125.1,15.6,0,0,1,1,,,,,,,,,2025/2026
178620961700837,"Roony Bardghji","La Liga",21,641,agh9ifb2mw3ivjusgedj7c3fe,1,1.41,-0.41,22,12,4.55,0.06,6,2,15,0,3,74,36,48.6,3,0,0.0,336,88.7,136,80.9,298,110,32,7,21.9,1,152,65,1518.5,10.0,382.8,5.9,8,1,2,1,,,,,,,,,2025/2026
178620961700838,"Ilaix Moriba","La Liga",36,2488,6f27yvbqcngegwsg2ozxxdj4,2,1.39,0.61,18,5,11.11,0.08,87,26,101,7,32,258,158,61.2,47,15,31.9,1045,88.4,279,79.9,924,223,2,0,0.0,6,226,89,2211.4,9.8,748.1,8.4,4,0,5,2,,,,,,,,,2025/2026
178620961700839,"Antonio Blanco","La Liga",36,3116,4dtdjgnpdq9uw4sdutti0vaar,2,1.37,0.63,40,13,5.0,0.03,94,54,206,11,41,338,159,47.0,71,35,49.3,1836,85.5,418,71.5,1570,299,29,7,24.1,3,299,131,2882.7,9.6,1226.5,9.4,3,0,5,2,,,,,,,,,2025/2026
178620961700840,"Pablo García","La Liga",15,378,ah8dala7suqqkj04n2l8xz4zd,0,1.37,-1.37,13,4,0.0,0.11,10,4,23,0,1,57,24,42.1,2,0,0.0,96,81.3,41,80.5,78,33,3,0,0.0,0,64,36,721.9,11.3,384.5,10.7,6,0,0,0,,,,,,,,,2025/2026
178620961700841,"Marc Roca","La Liga",29,2025,ah8dala7suqqkj04n2l8xz4zd,1,1.36,-0.36,17,7,5.88,0.08,38,23,103,9,39,156,72,46.2,25,9,36.0,1074,88.1,266,76.3,946,203,7,1,14.3,7,245,99,2313.4,9.4,842.7,8.5,0,0,5,0,,,,,,,,,2025/2026
178620961700842,Portu,"La Liga",10,473,7h7eg7q7dbwvzww78h9d5eh0h,0,1.36,-1.36,9,5,0.0,0.15,4,2,11,1,0,24,7,29.2,13,5,38.5,78,71.8,40,65.0,56,26,6,0,0.0,0,14,9,160.8,11.5,102.3,11.4,2,0,0,0,,,,,,,,,2025/2026
178620961700843,"Dávid Hancko","La Liga",30,2434,4ku8o6uf87yd8iecdalipo6wd,0,1.33,-1.33,21,5,0.0,0.06,43,19,86,11,101,105,55,52.4,74,42,56.8,1449,87.7,340,72.1,1270,245,29,3,10.3,2,331,212,3538.4,10.7,2289.0,10.8,1,0,3,1,,,,,,,,,2025/2026
178620961700844,"Nemanja Gudelj","La Liga",34,2348,10eyb18v5puw4ez03ocaug09m,2,1.33,0.67,31,9,6.45,0.04,35,25,80,18,127,118,51,43.2,68,43,63.2,1106,88.3,161,62.7,977,101,5,1,20.0,1,192,78,1754.4,9.1,675.6,8.7,3,0,3,0,,,,,,,,,2025/2026
178620961700845,"Carlos Martín","La Liga",11,452,3budh3j9xivsid3ptm8ptpy4k,0,1.3,-1.3,9,4,0.0,0.14,11,0,19,2,4,50,19,38.0,15,6,40.0,110,82.7,42,73.8,91,31,8,1,12.5,1,33,12,337.6,10.2,56.1,4.7,2,0,1,0,,,,,,,,,2025/2026
178620961700846,Oso,"La Liga",21,1409,10eyb18v5puw4ez03ocaug09m,2,1.3,0.7,17,8,11.76,0.08,27,7,54,3,17,113,60,53.1,31,15,48.4,441,75.5,166,71.7,333,119,47,10,21.3,1,158,105,2102.4,13.3,1379.8,13.1,6,0,4,2,,,,,,,,,2025/2026
178620961700847,"Javi Rueda","La Liga",26,1404,6f27yvbqcngegwsg2ozxxdj4,2,1.3,0.7,11,3,18.18,0.12,20,21,53,6,33,120,62,51.7,28,8,28.6,532,76.5,201,71.6,407,144,29,5,17.2,2,102,44,1026.9,10.1,261.1,5.9,0,0,2,0,,,,,,,,,2025/2026
178620961700848,"Urko Izeta","La Liga",13,182,3czravw89omgc9o4s0w3l1bg5,1,1.26,-0.26,11,5,9.09,0.11,2,0,13,0,1,17,4,23.5,9,3,33.3,60,71.7,28,60.7,43,17,2,0,0.0,1,21,9,253.5,12.1,106.2,11.8,2,0,0,0,,,,,,,,,2025/2026
178620961700849,"Pablo Marín","La Liga",34,1494,63f5h8t5e9qm1fqmvfkb23ghh,0,1.25,-1.25,13,4,0.0,0.1,19,8,60,1,16,136,58,42.6,30,8,26.7,374,79.1,117,70.9,296,83,17,4,23.5,2,119,74,1376.8,11.6,736.8,10.0,3,0,1,0,,,,,,,,,2025/2026
178620961700850,"Raúl Asencio","La Liga",23,1706,3kq9cckrnlogidldtdie2fkbl,2,1.24,0.76,14,4,14.29,0.09,17,10,52,13,57,68,41,60.3,37,21,56.8,1185,94.0,140,81.4,1114,114,1,0,0.0,2,244,137,2362.1,9.7,1323.9,9.7,1,0,2,0,,,,,,,,,2025/2026
178620961700851,"Dani Vivian","La Liga",31,2563,3czravw89omgc9o4s0w3l1bg5,1,1.23,-0.23,17,6,5.88,0.07,55,32,130,13,143,150,76,50.7,70,31,44.3,1349,85.5,224,62.0,1154,139,11,3,27.3,1,299,159,3023.2,10.1,1725.8,10.9,0,0,2,0,,,,,,,,,2025/2026
178620961700852,"Luis Milla","La Liga",37,3273,1n1j0wsl763lq7ee1k0c11c02,1,1.22,-0.22,27,4,3.7,0.05,60,42,208,7,51,232,123,53.0,91,51,56.0,1386,77.9,511,67.7,1080,346,53,11,20.8,8,247,124,2655.6,10.8,1174.6,9.5,1,0,9,2,,,,,,,,,2025/2026
178620961700853,"Álex Forés","La Liga",18,351,clo928vcczjp0mczavs5o7p5k,0,1.21,-1.21,8,2,0.0,0.15,2,1,11,0,1,25,11,44.0,14,4,28.6,63,68.3,24,62.5,43,15,2,0,0.0,0,13,7,122.7,9.4,65.4,9.3,1,0,0,0,,,,,,,,,2025/2026
178620961700854,"Eray Cömert","La Liga",17,1339,ba5e91hjacvma2sjvixn00pjo,2,1.19,0.81,11,3,18.18,0.11,26,20,46,6,88,57,39,68.4,31,17,54.8,799,85.9,104,57.7,686,60,1,1,100.0,1,173,76,1808.4,10.5,780.1,10.3,1,0,0,0,,,,,,,,,2025/2026
178620963106022,"Charalambos Kyriakou","Conference League",2,34,q4y48hs70h74p3waaxxjtdu5,0,0.0,0.0,0,0,0.0,0.0,1,0,1,0,1,2,2,100.0,1,0,0.0,4,75.0,2,50.0,3,1,0,0,0.0,0,1,1,14.9,14.9,14.9,14.9,0,0,0,0,,,,,,,,,2025/2026
178620961700855,"Eduardo Camavinga","La Liga",29,1526,3kq9cckrnlogidldtdie2fkbl,1,1.18,-0.18,13,2,7.69,0.09,65,14,84,11,24,171,109,63.7,18,10,55.6,1086,91.8,340,85.6,997,291,2,0,0.0,7,234,98,2458.9,10.5,844.5,8.6,2,0,3,0,,,,,,,,,2025/2026
178620961700856,"Grady Diangana","La Liga",20,929,4yg9ttzw0m51048doksv8uq5r,1,1.18,-0.18,16,2,6.25,0.07,14,4,27,3,9,102,42,41.2,19,7,36.8,294,83.7,120,72.5,246,87,8,2,25.0,2,101,48,1011.8,10.0,431.3,9.0,4,0,3,0,,,,,,,,,2025/2026
178620961700857,"Frenkie de Jong","La Liga",25,1631,agh9ifb2mw3ivjusgedj7c3fe,1,1.17,-0.17,7,2,14.29,0.17,45,17,86,4,15,111,77,69.4,16,8,50.0,1502,94.2,508,92.1,1415,468,6,4,66.7,4,418,230,4904.1,11.7,2667.3,11.6,0,0,6,2,,,,,,,,,2025/2026
178620961700858,"Duje Caleta-Car","La Liga",27,2150,63f5h8t5e9qm1fqmvfkb23ghh,1,1.16,-0.16,13,3,7.69,0.09,24,28,79,24,129,66,32,48.5,134,84,62.7,1358,90.6,122,63.1,1230,77,1,0,0.0,2,276,146,2598.2,9.4,1407.6,9.6,0,0,1,0,,,,,,,,,2025/2026
178620961700859,"Kareem Tunde","La Liga",21,1144,4grc9qgcvusllap8h5j6gc5h5,0,1.15,-1.15,21,3,0.0,0.05,23,15,53,0,3,114,61,53.5,32,12,37.5,224,77.2,83,68.7,173,57,11,1,9.1,0,98,42,986.7,10.1,348.3,8.3,10,0,1,0,,,,,,,,,2025/2026
178620961700860,"Batista Mendy","La Liga",27,1619,10eyb18v5puw4ez03ocaug09m,1,1.14,-0.14,17,5,5.88,0.07,35,18,93,5,24,148,71,48.0,27,16,59.3,653,86.5,182,76.9,565,140,5,1,20.0,2,143,60,1571.3,11.0,589.0,9.8,5,0,5,0,,,,,,,,,2025/2026
178620961700861,"Alfonso Pedraza","La Liga",27,1690,74mcjsm72vr3l9pw2i4qfjchj,1,1.13,-0.13,11,3,9.09,0.1,41,29,82,6,39,151,84,55.6,13,3,23.1,603,78.9,164,65.8,476,108,77,18,23.4,2,246,161,3354.2,13.6,2006.5,12.5,5,1,9,1,,,,,,,,,2025/2026
178620961700862,"Aitor Paredes","La Liga",19,1629,3czravw89omgc9o4s0w3l1bg5,2,1.11,0.89,13,4,15.38,0.09,21,28,69,4,76,56,31,55.4,48,30,62.5,943,87.6,130,59.2,826,77,1,0,0.0,2,255,151,2679.7,10.5,1549.9,10.3,0,0,0,0,,,,,,,,,2025/2026
178620961700863,"Conor Gallagher","La Liga",19,665,4ku8o6uf87yd8iecdalipo6wd,2,1.11,0.89,13,5,15.38,0.09,17,11,35,3,5,76,29,38.2,18,10,55.6,359,90.3,111,82.0,324,91,11,1,9.1,1,80,33,800.7,10.0,312.0,9.5,3,1,1,0,,,,,,,,,2025/2026
178620961700864,"Maroan Sannadi","La Liga",10,281,3czravw89omgc9o4s0w3l1bg5,1,1.1,-0.1,8,4,12.5,0.14,1,1,7,0,3,22,7,31.8,20,11,55.0,70,71.4,28,67.9,50,19,2,0,0.0,0,21,9,255.8,12.2,91.0,10.1,3,0,0,0,,,,,,,,,2025/2026
178620961700865,"Sergio Gómez","La Liga",35,2705,63f5h8t5e9qm1fqmvfkb23ghh,0,1.09,-1.09,12,0,0.0,0.09,88,31,150,6,72,218,115,52.8,33,21,63.6,1510,86.6,435,75.9,1308,330,97,25,25.8,4,305,174,3236.7,10.6,1492.6,8.6,4,0,5,1,,,,,,,,,2025/2026
178620961700866,"Santiago Mouriño","La Liga",28,2384,74mcjsm72vr3l9pw2i4qfjchj,1,1.08,-0.08,15,3,6.67,0.07,102,29,142,9,127,278,152,54.7,61,38,62.3,1236,84.1,226,71.7,1039,162,6,0,0.0,2,255,137,2777.1,10.9,1424.5,10.4,5,1,2,1,,,,,,,,,2025/2026
178620961700867,"Juan Iglesias","La Liga",37,3189,1n1j0wsl763lq7ee1k0c11c02,1,1.06,-0.06,26,5,3.85,0.04,112,25,108,11,141,365,211,57.8,73,32,43.8,864,64.3,337,53.7,556,181,106,22,20.8,1,229,129,2451.8,10.7,1361.3,10.6,6,0,2,0,,,,,,,,,2025/2026
178620961700868,"Marc Bernal","La Liga",22,787,agh9ifb2mw3ivjusgedj7c3fe,2,1.04,0.96,7,2,28.57,0.15,26,12,29,2,19,83,48,57.8,31,15,48.4,590,92.0,130,83.1,543,108,1,0,0.0,1,136,49,1170.3,8.6,433.3,8.8,1,0,0,0,,,,,,,,,2025/2026
178620961700869,"Enzo Boyomo","La Liga",30,2545,2l0ldgiwsgb8d6y3z0sfgjzyj,1,1.03,-0.03,11,4,9.09,0.09,58,17,128,12,122,118,66,55.9,76,37,48.7,1314,86.4,164,61.0,1135,100,10,2,20.0,0,300,160,3000.2,10.0,1529.7,9.6,0,0,1,0,,,,,,,,,2025/2026
178620961700870,"Arsen Zakharyan","La Liga",17,448,63f5h8t5e9qm1fqmvfkb23ghh,0,1.02,-1.02,14,3,0.0,0.07,10,2,16,0,1,40,13,32.5,7,2,28.6,216,79.6,100,77.0,172,77,14,2,14.3,3,68,23,683.3,10.0,106.4,4.6,6,0,4,0,,,,,,,,,2025/2026
178620961700871,"Goduine Koyalipou","La Liga",11,239,4grc9qgcvusllap8h5j6gc5h5,1,1.02,-0.02,10,4,10.0,0.1,4,1,10,0,4,34,14,41.2,15,7,46.7,54,57.4,24,58.3,31,14,1,1,100.0,1,22,9,193.8,8.8,82.8,9.2,1,0,0,0,,,,,,,,,2025/2026
178620961700872,"Sergi Cardona","La Liga",31,1965,74mcjsm72vr3l9pw2i4qfjchj,1,1.01,-0.01,18,5,5.56,0.06,47,36,73,8,58,145,72,49.7,39,20,51.3,739,81.6,205,77.6,603,159,76,19,25.0,1,166,115,1750.6,10.5,1158.4,10.1,1,0,6,1,,,,,,,,,2025/2026
178620961700873,"Óscar Valentín","La Liga",33,2113,3budh3j9xivsid3ptm8ptpy4k,1,1.01,-0.01,13,4,7.69,0.08,72,28,103,14,62,178,98,55.1,71,27,38.0,889,88.6,199,84.9,788,169,3,0,0.0,1,195,101,2028.7,10.4,992.1,9.8,0,0,0,0,,,,,,,,,2025/2026
178620961700874,"Victor Parada","La Liga",30,2151,4dtdjgnpdq9uw4sdutti0vaar,0,1.0,-1.0,12,2,0.0,0.08,33,11,64,10,81,110,56,50.9,69,33,47.8,761,82.3,159,67.3,626,107,31,8,25.8,0,161,80,1707.3,10.6,866.7,10.8,2,0,2,1,,,,,,,,,2025/2026
178620961700875,Isco,"La Liga",8,228,ah8dala7suqqkj04n2l8xz4zd,1,1.0,0.0,7,1,14.29,0.14,3,2,12,0,1,25,13,52.0,4,1,25.0,169,91.7,62,85.5,155,53,0,0,0.0,3,59,25,596.4,10.1,184.4,7.4,1,0,2,0,,,,,,,,,2025/2026
178620961700876,"Peque Fernández","La Liga",26,978,10eyb18v5puw4ez03ocaug09m,2,1.0,1.0,15,6,13.33,0.07,13,1,41,1,2,143,79,55.2,32,17,53.1,364,81.3,154,75.3,296,116,4,0,0.0,6,127,75,1644.0,12.9,971.7,13.0,3,0,4,0,,,,,,,,,2025/2026
178620961700877,"Guido Rodríguez","La Liga",16,1308,ba5e91hjacvma2sjvixn00pjo,4,1.0,3.0,15,5,26.67,0.07,41,10,80,7,40,143,79,55.2,35,19,54.3,707,87.0,187,78.6,615,147,2,1,50.0,0,134,56,1192.3,8.9,464.4,8.3,1,0,1,0,,,,,,,,,2025/2026
178620961700878,"Kervin Arriaga","La Liga",27,1526,4grc9qgcvusllap8h5j6gc5h5,3,0.99,2.01,16,6,18.75,0.06,41,14,89,14,61,130,70,53.8,74,47,63.5,716,82.8,169,65.1,593,110,5,3,60.0,2,190,70,1907.8,10.0,611.6,8.7,2,0,4,2,,,,,,,,,2025/2026
178620961700879,"Ángel Pérez","La Liga",16,1290,4dtdjgnpdq9uw4sdutti0vaar,1,0.98,0.02,14,4,7.14,0.07,15,10,70,1,26,114,52,45.6,10,1,10.0,469,74.8,184,69.6,351,128,75,17,22.7,2,155,95,2012.9,13.0,1207.6,12.7,6,0,8,2,,,,,,,,,2025/2026
178620963307092,"Justin Obikwu",Championship,0,0,dacoc20k0n3fxu4zek8wufmko,0,0.0,0.0,0,0,0.0,0.0,0,0,0,0,0,0,0,0.0,0,0,0.0,0,0.0,0,0.0,0,0,0,0,0.0,0,0,0,0.0,0.0,0.0,0.0,0,0,0,0,,,,,,,,,2025/2026
178620961700880,"Denis Suárez","La Liga",30,1406,4dtdjgnpdq9uw4sdutti0vaar,1,0.98,0.02,9,4,11.11,0.11,23,6,92,3,12,175,74,42.3,13,4,30.8,797,85.8,281,76.2,684,214,15,3,20.0,8,240,109,2639.7,11.0,1195.8,11.0,3,0,6,1,,,,,,,,,2025/2026
178620961700881,"Jeremy Toljan","La Liga",37,3173,4grc9qgcvusllap8h5j6gc5h5,1,0.97,0.03,9,1,11.11,0.11,67,31,97,16,93,169,92,54.4,45,13,28.9,1131,77.3,299,59.2,874,177,74,28,37.8,3,226,129,2380.2,10.5,1351.1,10.5,1,0,5,1,,,,,,,,,2025/2026
178620961700882,"Dani Parejo","La Liga",32,1390,74mcjsm72vr3l9pw2i4qfjchj,1,0.96,0.04,3,1,33.33,0.32,42,12,68,6,15,119,77,64.7,10,8,80.0,901,88.0,231,81.0,793,187,2,0,0.0,3,116,34,998.6,8.6,244.4,7.2,0,0,3,0,,,,,,,,,2025/2026
178620961700883,"Matías Moreno","La Liga",28,2256,4grc9qgcvusllap8h5j6gc5h5,0,0.96,-0.96,10,0,0.0,0.1,33,37,78,18,129,96,59,61.5,88,50,56.8,1087,85.8,162,59.9,933,97,3,1,33.3,1,291,202,4016.2,13.8,2992.2,14.8,1,0,3,0,,,,,,,,,2025/2026
178620961700884,"Filip Ugrinic","La Liga",27,1507,ba5e91hjacvma2sjvixn00pjo,0,0.96,-0.96,20,3,0.0,0.05,25,11,79,3,33,103,56,54.4,28,16,57.1,655,83.8,210,74.8,549,157,18,5,27.8,2,127,52,1331.3,10.5,398.4,7.7,1,0,3,0,,,,,,,,,2025/2026
178620961700885,"Marc Casadó","La Liga",24,981,agh9ifb2mw3ivjusgedj7c3fe,0,0.95,-0.95,11,0,0.0,0.09,18,7,41,3,8,81,40,49.4,13,7,53.8,898,91.0,215,82.3,817,177,3,2,66.7,3,191,77,1718.9,9.0,579.0,7.5,0,0,2,0,,,,,,,,,2025/2026
178620961700886,"Diego Llorente","La Liga",18,1226,ah8dala7suqqkj04n2l8xz4zd,1,0.94,0.06,4,3,25.0,0.23,27,28,50,9,96,55,36,65.5,60,34,56.7,730,90.4,53,50.9,660,27,1,0,0.0,0,176,99,1652.4,9.4,983.9,9.9,0,0,0,0,,,,,,,,,2025/2026
178620961700887,"Lucas Ahijado","La Liga",20,1091,clo928vcczjp0mczavs5o7p5k,0,0.94,-0.94,10,2,0.0,0.09,46,17,49,4,31,102,65,63.7,12,7,58.3,427,79.9,111,71.2,341,79,16,5,31.3,2,141,74,1720.7,12.2,751.4,10.2,0,0,4,1,,,,,,,,,2025/2026
178620961700888,"Kike Barja","La Liga",27,424,2l0ldgiwsgb8d6y3z0sfgjzyj,2,0.93,1.07,8,4,25.0,0.12,5,2,12,1,5,61,22,36.1,13,7,53.8,123,74.0,64,67.2,91,43,58,15,25.9,0,72,45,830.9,11.5,501.7,11.1,0,0,4,1,,,,,,,,,2025/2026
178620961700889,"Marc Pubill","La Liga",19,1382,4ku8o6uf87yd8iecdalipo6wd,1,0.92,0.08,11,4,9.09,0.08,25,20,60,15,85,67,43,64.2,76,59,77.6,914,88.1,124,63.7,805,79,8,2,25.0,4,224,121,2399.5,10.7,1325.6,11.0,2,0,2,0,,,,,,,,,2025/2026
178620961700890,"Antonio Rüdiger","La Liga",18,1492,3kq9cckrnlogidldtdie2fkbl,1,0.92,0.08,13,1,7.69,0.07,14,4,57,4,52,29,16,55.2,43,30,69.8,1172,93.1,133,71.4,1091,95,2,0,0.0,3,256,118,2218.7,8.7,1014.8,8.6,1,0,1,0,,,,,,,,,2025/2026
178620961700891,"David Carmo","La Liga",22,1787,clo928vcczjp0mczavs5o7p5k,1,0.91,0.09,10,3,10.0,0.09,34,21,60,18,149,72,39,54.2,91,62,68.1,1017,82.4,159,51.6,838,82,2,1,50.0,1,204,100,1895.2,9.3,955.0,9.6,1,0,1,0,,,,,,,,,2025/2026
178620961700892,"Jon Karrikaburu","La Liga",7,129,63f5h8t5e9qm1fqmvfkb23ghh,0,0.91,-0.91,7,2,0.0,0.13,2,0,3,0,0,9,4,44.4,14,5,35.7,17,58.8,9,44.4,10,4,1,0,0.0,0,8,4,78.6,9.8,15.4,3.9,2,0,1,0,,,,,,,,,2025/2026
178620961700893,"Miguel Román","La Liga",19,1310,6f27yvbqcngegwsg2ozxxdj4,1,0.91,0.09,8,1,12.5,0.11,27,12,69,7,23,87,41,47.1,21,10,47.6,748,87.7,180,75.6,656,136,2,1,50.0,10,134,65,1295.8,9.7,599.7,9.2,0,0,3,0,,,,,,,,,2025/2026
178620961700894,"Zaid Romero","La Liga",15,1350,1n1j0wsl763lq7ee1k0c11c02,1,0.9,0.1,10,2,10.0,0.09,31,28,80,3,92,87,59,67.8,53,27,50.9,425,69.2,116,44.8,294,52,4,1,25.0,1,127,70,1526.1,12.0,820.8,11.7,1,0,0,0,,,,,,,,,2025/2026
178620961700895,"Fran García","La Liga",13,929,3kq9cckrnlogidldtdie2fkbl,1,0.9,0.1,6,2,16.67,0.15,19,7,34,4,22,61,36,59.0,20,7,35.0,444,89.0,137,85.4,395,117,28,6,21.4,0,111,62,1370.2,12.3,750.8,12.1,3,0,1,1,,,,,,,,,2025/2026
178620961700896,"Lucien Agoumé","La Liga",34,2693,10eyb18v5puw4ez03ocaug09m,1,0.89,0.11,15,2,6.67,0.06,70,48,140,5,40,203,97,47.8,95,54,56.8,1303,81.0,467,71.1,1056,332,20,3,15.0,9,264,142,2922.7,11.1,1445.1,10.2,1,0,6,1,,,,,,,,,2025/2026
178620961700897,"David Costas","La Liga",25,2064,clo928vcczjp0mczavs5o7p5k,1,0.89,0.11,4,1,25.0,0.22,26,27,69,18,113,66,40,60.6,83,51,61.4,1024,88.9,100,60.0,910,60,2,0,0.0,0,233,111,2250.6,9.7,1005.6,9.1,0,0,1,0,,,,,,,,,2025/2026
178620961700898,"Lucas Cepeda","La Liga",10,399,4yg9ttzw0m51048doksv8uq5r,1,0.89,0.11,13,5,7.69,0.07,9,1,18,1,0,47,24,51.1,6,1,16.7,157,84.1,76,80.3,132,61,7,2,28.6,1,53,28,636.3,12.0,277.5,9.9,5,1,0,0,,,,,,,,,2025/2026
178620961700899,"Unai López","La Liga",28,1618,3budh3j9xivsid3ptm8ptpy4k,0,0.89,-0.89,22,4,0.0,0.04,31,22,95,3,23,134,58,43.3,20,11,55.0,1064,86.7,284,75.7,922,215,17,2,11.8,2,218,91,2145.8,9.8,774.1,8.5,2,0,6,0,,,,,,,,,2025/2026
178620961700900,"Abdón Prats","La Liga",15,131,50x1m4u58lffhq6v6ga1hbxmy,0,0.88,-0.88,4,2,0.0,0.22,0,0,2,0,1,13,4,30.8,13,5,38.5,26,65.4,13,53.9,17,7,1,0,0.0,0,4,0,32.4,8.1,-20.3,0.0,0,0,0,0,,,,,,,,,2025/2026
178620961700901,"Iván Martín","La Liga",35,2538,7h7eg7q7dbwvzww78h9d5eh0h,0,0.87,-0.87,13,5,0.0,0.07,61,16,147,4,29,217,122,56.2,52,21,40.4,1411,89.4,415,83.9,1261,348,15,4,26.7,5,430,176,4701.0,10.9,1671.5,9.5,0,0,8,1,,,,,,,,,2025/2026
178620961700902,"Domingos Duarte","La Liga",34,2928,1n1j0wsl763lq7ee1k0c11c02,1,0.86,0.14,13,4,7.69,0.07,31,35,99,15,212,102,55,53.9,135,79,58.5,899,76.5,176,44.9,688,79,0,0,0.0,0,134,50,1239.6,9.3,421.7,8.4,0,0,0,0,,,,,,,,,2025/2026
178620961700903,"Hugo Rincón","La Liga",33,1741,7h7eg7q7dbwvzww78h9d5eh0h,1,0.86,0.14,7,2,14.29,0.12,47,5,66,9,50,174,109,62.6,49,20,40.8,774,82.6,269,78.1,639,210,36,4,11.1,0,222,117,2483.1,11.2,1016.0,8.7,0,0,3,0,,,,,,,,,2025/2026
178620961700904,"David Affengruber","La Liga",36,2953,4yg9ttzw0m51048doksv8uq5r,1,0.86,0.14,14,4,7.14,0.06,74,51,158,26,178,185,120,64.9,106,65,61.3,2073,87.5,309,60.2,1813,186,9,1,11.1,5,532,332,5722.1,10.8,3643.8,11.0,1,0,1,0,,,,,,,,,2025/2026
178620961700905,"Gerard Gumbau","La Liga",28,1171,3budh3j9xivsid3ptm8ptpy4k,0,0.85,-0.85,20,5,0.0,0.04,29,10,47,6,28,90,40,44.4,31,14,45.2,485,83.3,132,70.5,404,93,12,4,33.3,2,82,39,803.1,9.8,279.8,7.2,4,0,2,0,,,,,,,,,2025/2026
178620961700906,"Martim Neto","La Liga",25,1352,4yg9ttzw0m51048doksv8uq5r,2,0.84,1.16,12,4,16.67,0.07,21,2,58,1,13,107,53,49.5,13,5,38.5,602,87.9,252,85.3,529,215,18,5,27.8,3,180,86,2197.4,12.2,1074.7,12.5,3,0,3,0,,,,,,,,,2025/2026
178620961700907,"Charles Pickel","La Liga",24,693,c8llrezkm3b3op4afrou6b487,1,0.82,0.18,10,4,10.0,0.08,13,6,29,3,12,50,20,40.0,37,19,51.4,251,80.1,72,70.8,201,51,2,0,0.0,0,38,12,330.9,8.7,46.4,3.9,1,0,0,0,,,,,,,,,2025/2026
178620961700908,"Martin Valjent","La Liga",37,3309,50x1m4u58lffhq6v6ga1hbxmy,0,0.82,-0.82,17,8,0.0,0.05,50,22,90,15,242,114,64,56.1,99,59,59.6,1784,87.2,243,59.7,1555,145,2,0,0.0,1,511,275,5490.3,10.7,2759.3,10.0,2,0,0,0,,,,,,,,,2025/2026
178620961700909,"Alejandro Francés","La Liga",24,1103,7h7eg7q7dbwvzww78h9d5eh0h,0,0.82,-0.82,16,4,0.0,0.05,25,15,46,6,60,81,54,66.7,23,15,65.2,731,83.2,212,71.7,608,152,24,9,37.5,1,209,137,2554.1,12.2,1688.5,12.3,2,0,5,1,,,,,,,,,2025/2026
178620961700910,"Thiago Borbas","La Liga",12,168,clo928vcczjp0mczavs5o7p5k,0,0.81,-0.81,6,2,0.0,0.14,5,0,2,0,6,18,8,44.4,26,9,34.6,40,62.5,13,38.5,25,5,0,0,0.0,0,7,3,86.9,12.4,21.3,7.1,0,0,0,0,,,,,,,,,2025/2026
178620961700911,"Juanlu Sánchez","La Liga",32,1993,10eyb18v5puw4ez03ocaug09m,0,0.81,-0.81,14,1,0.0,0.06,63,12,103,0,32,225,132,58.7,43,18,41.9,764,83.3,285,77.2,636,220,59,18,30.5,0,230,155,2839.0,12.3,1747.1,11.3,4,0,7,2,,,,,,,,,2025/2026
178620961700912,"José Gayà","La Liga",32,2461,ba5e91hjacvma2sjvixn00pjo,1,0.81,0.19,13,3,7.69,0.06,69,23,106,7,86,168,100,59.5,40,23,57.5,924,83.9,273,74.0,775,202,88,19,21.6,2,222,110,2441.6,11.0,1006.7,9.2,1,0,7,0,,,,,,,,,2025/2026
178620961700913,"Valentín Gómez","La Liga",28,1875,ah8dala7suqqkj04n2l8xz4zd,1,0.8,0.2,11,5,9.09,0.07,46,24,74,13,113,123,69,56.1,74,43,58.1,958,85.9,146,64.4,823,94,12,3,25.0,0,168,94,1617.6,9.6,809.0,8.6,1,0,2,0,,,,,,,,,2025/2026
178620961700914,"Leander Dendoncker","La Liga",19,1332,clo928vcczjp0mczavs5o7p5k,1,0.8,0.2,9,4,11.11,0.09,36,12,54,7,34,81,43,53.1,42,23,54.8,554,86.1,120,75.8,477,91,5,2,40.0,1,114,56,1284.4,11.3,688.9,12.3,1,0,3,0,,,,,,,,,2025/2026
178620961700915,"Youssef Enríquez","La Liga",25,1332,4dtdjgnpdq9uw4sdutti0vaar,0,0.79,-0.79,11,3,0.0,0.07,17,10,65,1,37,94,38,40.4,24,16,66.7,535,79.3,143,70.6,424,101,60,19,31.7,2,113,66,1154.2,10.2,609.1,9.2,4,0,6,1,,,,,,,,,2025/2026
178620961700916,"Beñat Turrientes","La Liga",27,1347,63f5h8t5e9qm1fqmvfkb23ghh,0,0.79,-0.79,20,6,0.0,0.04,40,9,78,5,26,153,82,53.6,23,12,52.2,697,86.4,176,72.2,602,127,6,1,16.7,3,171,92,1753.7,10.3,930.1,10.1,7,0,3,2,,,,,,,,,2025/2026
178620961700917,"Jon Gorrotxategi","La Liga",30,2215,63f5h8t5e9qm1fqmvfkb23ghh,1,0.79,0.21,13,1,7.69,0.06,45,35,125,13,45,164,82,50.0,65,30,46.2,1309,86.9,291,75.6,1138,220,4,0,0.0,2,319,136,3098.8,9.7,1346.2,9.9,1,0,3,0,,,,,,,,,2025/2026
178620961700918,"Pol Lozano","La Liga",33,2171,c8llrezkm3b3op4afrou6b487,2,0.78,1.22,17,5,11.76,0.05,38,22,83,6,26,183,71,38.8,31,11,35.5,946,86.9,285,76.1,822,217,20,6,30.0,4,191,77,1778.4,9.3,672.1,8.7,1,0,5,1,,,,,,,,,2025/2026
178620961700919,"Marc Bartra","La Liga",25,1978,ah8dala7suqqkj04n2l8xz4zd,1,0.78,0.22,16,5,6.25,0.05,45,27,78,24,159,103,62,60.2,73,43,58.9,1165,86.5,171,60.2,1008,103,3,1,33.3,3,273,167,2756.0,10.1,1799.4,10.8,3,0,1,0,,,,,,,,,2025/2026
178620961700920,"Manu Sánchez","La Liga",33,2818,4grc9qgcvusllap8h5j6gc5h5,1,0.77,0.23,13,4,7.69,0.06,81,32,106,5,82,216,114,52.8,51,21,41.2,919,81.5,271,72.3,749,196,70,14,20.0,0,286,172,3202.8,11.2,1837.3,10.7,1,0,3,1,,,,,,,,,2025/2026
178620961700921,"José Ángel Carmona","La Liga",35,2564,10eyb18v5puw4ez03ocaug09m,1,0.77,0.23,20,3,5.0,0.04,65,39,146,8,71,254,127,50.0,64,45,70.3,1164,81.3,323,69.7,946,225,48,13,27.1,2,324,199,3864.3,11.9,2398.7,12.1,7,1,7,3,,,,,,,,,2025/2026
178620961700922,"Urko González de Zárate","La Liga",36,2629,c8llrezkm3b3op4afrou6b487,0,0.73,-0.73,18,1,0.0,0.04,55,32,142,11,59,225,109,48.4,51,25,49.0,981,80.9,242,68.2,794,165,12,1,8.3,4,218,106,2315.7,10.6,1077.9,10.2,1,0,3,1,,,,,,,,,2025/2026
178620961700923,"John Donald","La Liga",21,652,4yg9ttzw0m51048doksv8uq5r,1,0.73,0.27,6,2,16.67,0.12,16,7,32,1,18,53,24,45.3,27,14,51.9,291,88.3,68,82.3,257,56,0,0,0.0,0,47,19,425.8,9.1,79.4,4.2,0,0,0,0,,,,,,,,,2025/2026
178620961700924,Koke,"La Liga",34,2220,4ku8o6uf87yd8iecdalipo6wd,2,0.72,1.28,14,4,14.29,0.05,50,18,131,7,25,151,75,49.7,29,13,44.8,1907,91.9,541,84.1,1753,455,30,7,23.3,12,359,186,3631.8,10.1,1693.4,9.1,0,0,2,0,,,,,,,,,2025/2026
178620961700925,"Miguel Rubio","La Liga",12,198,c8llrezkm3b3op4afrou6b487,1,0.72,0.28,2,1,50.0,0.36,4,1,7,5,29,7,6,85.7,22,14,63.6,73,76.7,6,16.7,56,1,0,0,0.0,0,10,5,96.6,9.7,53.1,10.6,0,0,0,0,,,,,,,,,2025/2026
178620961700926,"Fran Beltrán","La Liga",27,1544,7h7eg7q7dbwvzww78h9d5eh0h,1,0.72,0.28,16,4,6.25,0.04,34,17,69,6,25,109,53,48.6,29,10,34.5,1055,91.5,284,85.6,965,243,8,2,25.0,1,253,132,2582.4,10.2,1323.9,10.0,1,0,2,0,,,,,,,,,2025/2026
178620961700927,"Íñigo Ruíz de Galarreta","La Liga",34,2231,3czravw89omgc9o4s0w3l1bg5,1,0.71,0.29,20,2,5.0,0.04,60,23,188,5,21,251,135,53.8,45,25,55.6,1240,82.5,475,72.4,1023,344,34,6,17.6,12,297,153,3173.9,10.7,1463.1,9.6,4,0,4,1,,,,,,,,,2025/2026
178620961700928,Marcão,"La Liga",13,937,10eyb18v5puw4ez03ocaug09m,0,0.71,-0.71,10,2,0.0,0.07,13,5,32,5,59,60,35,58.3,51,27,52.9,466,87.3,59,52.5,407,31,1,0,0.0,1,150,81,1612.0,10.7,895.9,11.1,0,0,0,0,,,,,,,,,2025/2026
178620961700929,"Thomas Partey","La Liga",25,923,74mcjsm72vr3l9pw2i4qfjchj,0,0.7,-0.7,11,2,0.0,0.06,18,14,55,4,18,63,32,50.8,27,14,51.9,547,86.5,141,73.8,473,104,1,1,100.0,5,129,69,1316.5,10.2,716.1,10.4,2,0,4,0,,,,,,,,,2025/2026
178620961700930,"Luka Ilic","La Liga",19,738,clo928vcczjp0mczavs5o7p5k,1,0.69,0.31,9,5,11.11,0.08,11,5,31,4,8,72,22,30.6,14,6,42.9,235,79.6,79,67.1,187,53,1,0,0.0,2,48,13,519.8,10.8,89.5,6.9,0,0,0,0,,,,,,,,,2025/2026
178620963708738,"Jack Barrett","League Two",4,287,9j48z9ohucqbzpneoghrgwevs,,,,,,,,,,,,,,,,,,,,,,,,,,,,,,,,,,,,,,,6,4,40.0,5.2,-0.8,0.8,,,2025/2026
178620961700931,"Kiko Femenía","La Liga",28,2020,1n1j0wsl763lq7ee1k0c11c02,1,0.69,0.31,8,3,12.5,0.09,39,34,100,2,44,115,57,49.6,37,18,48.6,601,77.4,224,67.0,465,150,42,10,23.8,2,149,75,1701.0,11.4,772.4,10.3,1,0,5,0,,,,,,,,,2025/2026
178620961700932,"Giacomo Raspadori","La Liga",12,226,4ku8o6uf87yd8iecdalipo6wd,0,0.69,-0.69,7,3,0.0,0.1,2,0,13,0,1,21,10,47.6,10,3,30.0,91,79.1,33,66.7,72,22,2,1,50.0,0,37,9,376.7,10.2,-41.7,-4.6,3,0,0,0,,,,,,,,,2025/2026
178620961700933,"Aitor Mañas","La Liga",9,115,4dtdjgnpdq9uw4sdutti0vaar,0,0.68,-0.68,2,1,0.0,0.34,3,1,4,0,0,19,6,31.6,10,3,30.0,21,85.7,8,87.5,18,7,0,0,0.0,0,9,6,90.8,10.1,50.0,8.3,0,0,0,0,,,,,,,,,2025/2026
178620961700934,"Javi Rodríguez","La Liga",33,2561,6f27yvbqcngegwsg2ozxxdj4,0,0.68,-0.68,13,2,0.0,0.05,38,26,71,18,97,144,78,54.2,63,27,42.9,1842,90.3,335,80.9,1664,271,1,0,0.0,3,274,157,2680.7,9.8,1636.5,10.4,1,0,4,1,,,,,,,,,2025/2026
178620961700935,"Valentin Rosier","La Liga",31,2554,2l0ldgiwsgb8d6y3z0sfgjzyj,1,0.67,0.33,19,3,5.26,0.04,48,43,153,3,88,191,96,50.3,33,19,57.6,1050,81.3,298,70.5,854,210,46,11,23.9,3,306,186,3681.6,12.0,2166.6,11.6,6,0,5,0,,,,,,,,,2025/2026
178620961700936,"Nico Serrano","La Liga",16,356,3czravw89omgc9o4s0w3l1bg5,1,0.67,0.33,16,4,6.25,0.04,6,2,19,0,2,54,21,38.9,7,2,28.6,123,80.5,68,77.9,99,53,25,7,28.0,0,76,43,899.6,11.8,443.5,10.3,7,0,2,0,,,,,,,,,2025/2026
178620961700937,"Pedro Bigas","La Liga",28,2068,4yg9ttzw0m51048doksv8uq5r,1,0.67,0.33,10,3,10.0,0.07,36,29,76,18,107,109,58,53.2,73,50,68.5,1502,88.8,324,77.2,1333,250,26,8,30.8,1,313,168,3377.0,10.8,1443.4,8.6,2,1,2,1,,,,,,,,,2025/2026
178620961700938,"Unai Elgezabal","La Liga",12,958,4grc9qgcvusllap8h5j6gc5h5,1,0.67,0.33,3,1,33.33,0.22,8,3,28,16,70,32,14,43.8,43,31,72.1,409,85.1,50,40.0,348,20,0,0,0.0,1,66,33,553.6,8.4,301.9,9.1,0,0,0,0,,,,,,,,,2025/2026
178620961700939,"Alejandro Balde","La Liga",28,1874,agh9ifb2mw3ivjusgedj7c3fe,0,0.65,-0.65,10,1,0.0,0.07,35,5,92,10,25,139,83,59.7,20,10,50.0,1194,91.8,383,87.7,1096,336,28,6,21.4,2,304,159,3454.4,11.4,1578.4,9.9,7,0,5,1,,,,,,,,,2025/2026
178620961700940,"Léo Pétrot","La Liga",32,1568,4yg9ttzw0m51048doksv8uq5r,0,0.64,-0.64,8,0,0.0,0.08,37,15,69,14,72,82,46,56.1,51,34,66.7,951,86.8,159,77.4,825,123,17,2,11.8,0,167,83,1703.7,10.2,509.5,6.1,3,0,1,0,,,,,,,,,2025/2026
178620961700941,"Óscar Mingueza","La Liga",34,1967,6f27yvbqcngegwsg2ozxxdj4,1,0.63,0.37,14,5,7.14,0.04,42,9,79,5,38,161,84,52.2,23,15,65.2,1237,85.0,484,76.5,1051,370,38,9,23.7,17,253,132,2635.5,10.4,1208.3,9.2,0,0,5,0,,,,,,,,,2025/2026
178620961700942,"Abel Bretones","La Liga",28,1619,2l0ldgiwsgb8d6y3z0sfgjzyj,1,0.63,0.37,11,3,9.09,0.06,33,18,68,5,51,127,65,51.2,21,13,61.9,503,77.1,169,73.4,388,124,33,12,36.4,2,164,94,1956.3,11.9,1189.0,12.6,4,0,2,0,,,,,,,,,2025/2026
178620961700943,"Santiago Colombatto","La Liga",32,2069,clo928vcczjp0mczavs5o7p5k,0,0.63,-0.63,15,2,0.0,0.04,44,14,102,6,41,159,89,56.0,27,12,44.4,1019,86.0,268,75.8,876,203,20,9,45.0,7,190,105,1723.9,9.1,881.2,8.4,1,0,2,0,,,,,,,,,2025/2026
178620961700944,"Alan Matturro","La Liga",19,941,4grc9qgcvusllap8h5j6gc5h5,1,0.62,0.38,8,1,12.5,0.08,21,6,55,5,78,47,31,66.0,31,17,54.8,474,82.5,79,40.5,391,32,0,0,0.0,0,106,64,1256.7,11.9,834.1,13.0,0,0,0,0,,,,,,,,,2025/2026
178620961700945,"Zito Luvumbo","La Liga",10,509,50x1m4u58lffhq6v6ga1hbxmy,0,0.62,-0.62,9,7,0.0,0.07,1,0,7,0,2,67,31,46.3,11,1,9.1,58,70.7,41,65.8,41,27,20,4,20.0,1,60,49,756.5,12.6,609.8,12.4,3,0,3,0,,,,,,,,,2025/2026
178620961700946,"Héctor Fort","La Liga",14,482,4yg9ttzw0m51048doksv8uq5r,2,0.62,1.38,12,5,16.67,0.05,12,6,19,1,10,48,21,43.8,11,6,54.5,162,83.3,50,74.0,135,37,9,2,22.2,0,61,36,744.9,12.2,352.4,9.8,4,0,3,1,,,,,,,,,2025/2026
178620961700947,"Robin Le Normand","La Liga",28,1783,4ku8o6uf87yd8iecdalipo6wd,1,0.62,0.38,6,1,16.67,0.1,35,20,56,7,98,82,49,59.8,76,51,67.1,1047,89.5,115,70.4,937,81,3,1,33.3,0,249,125,2504.6,10.1,1173.6,9.4,0,0,0,0,,,,,,,,,2025/2026
178620961700948,"Pep Chavarría","La Liga",33,2681,3budh3j9xivsid3ptm8ptpy4k,1,0.61,0.39,18,3,5.56,0.03,54,31,142,14,86,194,106,54.6,53,22,41.5,1278,84.6,330,77.3,1081,255,97,16,16.5,7,398,255,4973.9,12.5,3077.6,12.1,3,1,15,1,,,,,,,,,2025/2026
178620961700949,"César Tárrega","La Liga",32,2597,ba5e91hjacvma2sjvixn00pjo,0,0.61,-0.61,11,1,0.0,0.06,42,29,83,17,194,119,65,54.6,110,62,56.4,1321,86.3,120,49.2,1140,59,1,0,0.0,0,270,130,2811.1,10.4,1530.2,11.8,0,0,2,0,,,,,,,,,2025/2026
178620961700950,"Iker Benito","La Liga",6,155,2l0ldgiwsgb8d6y3z0sfgjzyj,1,0.6,0.4,2,1,50.0,0.3,1,2,10,1,6,14,5,35.7,4,1,25.0,75,81.3,17,70.6,61,12,5,3,60.0,0,25,18,358.7,14.3,243.8,13.5,1,1,1,0,,,,,,,,,2025/2026
178620961700951,"André Almeida","La Liga",22,1016,ba5e91hjacvma2sjvixn00pjo,0,0.59,-0.59,9,3,0.0,0.07,23,10,49,1,5,113,60,53.1,4,3,75.0,568,90.0,240,86.3,511,207,25,5,20.0,2,196,97,2062.6,10.5,987.4,10.2,2,0,6,0,,,,,,,,,2025/2026
178620961700952,"Yáser Asprilla","La Liga",15,605,7h7eg7q7dbwvzww78h9d5eh0h,0,0.58,-0.58,15,5,0.0,0.04,8,5,26,1,4,60,29,48.3,7,2,28.6,151,85.4,66,81.8,129,54,21,3,14.3,0,89,46,1011.6,11.4,460.3,10.0,7,0,4,0,,,,,,,,,2025/2026
178620961700953,"David López","La Liga",6,293,7h7eg7q7dbwvzww78h9d5eh0h,0,0.31,-0.31,4,0,0.0,0.08,4,0,12,1,11,11,7,63.6,10,5,50.0,226,87.6,26,50.0,198,13,0,0,0.0,0,77,48,876.8,11.4,521.1,10.9,0,0,0,0,,,,,,,,,2025/2026
178620961700954,"Dimitri Foulquier","La Liga",15,1148,ba5e91hjacvma2sjvixn00pjo,0,0.57,-0.57,6,1,0.0,0.1,15,8,55,1,40,66,32,48.5,25,11,44.0,518,84.8,98,71.4,439,70,12,4,33.3,0,111,68,1227.8,11.1,631.9,9.3,0,0,1,0,,,,,,,,,2025/2026
178620961700955,"Adrià Pedrosa","La Liga",27,1084,4yg9ttzw0m51048doksv8uq5r,1,0.56,0.44,12,3,8.33,0.05,34,14,37,2,40,106,48,45.3,23,7,30.4,421,83.8,126,77.8,353,98,37,12,32.4,2,85,37,944.3,11.1,329.2,8.9,2,0,4,1,,,,,,,,,2025/2026
178620961700956,"Yuri Berchiche","La Liga",32,2709,3czravw89omgc9o4s0w3l1bg5,0,0.56,-0.56,24,5,0.0,0.02,43,35,144,2,101,146,85,58.2,92,59,64.1,1476,87.5,435,80.2,1292,349,64,14,21.9,1,257,174,2598.2,10.1,1787.1,10.3,6,0,4,2,,,,,,,,,2025/2026
178620961700957,"Rayane Belaid","La Liga",2,134,4ku8o6uf87yd8iecdalipo6wd,0,0.55,-0.55,4,0,0.0,0.14,2,0,4,0,2,18,5,27.8,5,1,20.0,30,90.0,9,88.9,27,8,1,0,0.0,1,7,5,59.4,8.5,25.4,5.1,1,0,0,0,,,,,,,,,2025/2026
178620961700958,Jonny,"La Liga",34,2998,4dtdjgnpdq9uw4sdutti0vaar,0,0.55,-0.55,9,3,0.0,0.06,66,41,156,14,63,226,121,53.5,48,26,54.2,1757,86.6,403,75.2,1522,303,24,7,29.2,2,451,267,4882.5,10.8,2586.2,9.7,3,0,6,0,,,,,,,,,2025/2026
178620961700959,"Carl Starfelt","La Liga",19,1492,6f27yvbqcngegwsg2ozxxdj4,0,0.55,-0.55,4,1,0.0,0.14,23,17,50,13,108,52,31,59.6,53,31,58.5,1015,95.9,44,84.1,973,37,0,0,0.0,0,145,84,1352.6,9.3,740.0,8.8,0,0,1,0,,,,,,,,,2025/2026
178620961700960,"Antonio Raíllo","La Liga",24,2070,50x1m4u58lffhq6v6ga1hbxmy,0,0.54,-0.54,12,1,0.0,0.05,25,16,62,33,121,65,39,60.0,118,77,65.3,1141,88.4,141,61.0,1009,86,4,1,25.0,0,287,155,3019.4,10.5,1550.7,10.0,0,0,0,0,,,,,,,,,2025/2026
178620961700961,"Thiago Fernández","La Liga",16,822,clo928vcczjp0mczavs5o7p5k,0,0.54,-0.54,13,5,0.0,0.04,13,5,40,0,3,113,44,38.9,13,2,15.4,254,80.7,103,74.8,205,77,24,5,20.8,3,169,88,1858.9,11.0,810.7,9.2,5,0,5,2,,,,,,,,,2025/2026
178620961700962,"Pau Cubarsí","La Liga",31,2708,agh9ifb2mw3ivjusgedj7c3fe,1,0.54,0.46,10,2,10.0,0.05,42,30,104,11,147,91,52,57.1,104,65,62.5,2768,94.9,287,86.1,2628,247,0,0,0.0,5,729,373,7384.8,10.1,3668.4,9.8,3,0,3,0,,,,,,,,,2025/2026
178620961700963,"Johan Mojica","La Liga",35,2725,50x1m4u58lffhq6v6ga1hbxmy,0,0.54,-0.54,17,2,0.0,0.03,51,24,178,6,84,187,95,50.8,39,23,59.0,1210,79.1,365,71.5,957,261,119,35,29.4,2,318,171,3527.7,11.1,1704.3,10.0,5,0,9,1,,,,,,,,,2025/2026
178620961700964,"Mouctar Diakhaby","La Liga",8,544,ba5e91hjacvma2sjvixn00pjo,1,0.53,0.47,4,3,25.0,0.13,8,10,22,2,43,20,12,60.0,22,16,72.7,320,87.5,34,50.0,280,17,0,0,0.0,0,62,42,651.4,10.5,390.7,9.3,0,0,0,0,,,,,,,,,2025/2026
178620961700965,"Alejandro Rego","La Liga",29,1265,3czravw89omgc9o4s0w3l1bg5,1,0.52,0.48,12,3,8.33,0.04,42,25,72,5,16,127,57,44.9,22,14,63.6,539,82.2,152,68.4,443,104,5,2,40.0,1,92,48,946.5,10.3,454.0,9.5,0,0,0,0,,,,,,,,,2025/2026
178620961700966,"João Cancelo","La Liga",16,952,agh9ifb2mw3ivjusgedj7c3fe,2,0.52,1.48,13,4,15.38,0.04,27,10,57,2,17,119,66,55.5,13,7,53.8,546,87.2,179,75.4,476,135,27,8,29.6,5,189,125,2255.2,11.9,1343.9,10.8,5,2,4,0,,,,,,,,,2025/2026
178620961700967,"Tete Morente","La Liga",13,933,4yg9ttzw0m51048doksv8uq5r,1,0.52,0.48,8,1,12.5,0.07,22,10,45,5,20,100,41,41.0,24,12,50.0,312,75.0,157,72.6,234,114,45,6,13.3,3,90,47,1039.9,11.6,417.0,8.9,0,0,2,0,,,,,,,,,2025/2026
178620961700968,"Carlos Domínguez","La Liga",8,610,6f27yvbqcngegwsg2ozxxdj4,0,0.52,-0.52,2,1,0.0,0.26,13,5,25,5,43,26,14,53.8,20,14,70.0,442,91.4,43,76.7,404,33,1,0,0.0,0,74,43,780.5,10.5,490.1,11.4,0,0,0,0,,,,,,,,,2025/2026
178620961700969,"Álvaro Odriozola","La Liga",5,202,63f5h8t5e9qm1fqmvfkb23ghh,1,0.52,0.48,1,1,100.0,0.52,5,1,2,2,3,13,8,61.5,2,1,50.0,28,85.7,10,80.0,24,8,3,2,66.7,0,12,8,135.9,11.3,86.9,10.9,0,0,1,0,,,,,,,,,2025/2026
178620961700970,"Álvaro Fidalgo","La Liga",9,547,ah8dala7suqqkj04n2l8xz4zd,1,0.51,0.49,4,2,25.0,0.13,12,3,20,0,9,41,21,51.2,8,1,12.5,313,93.0,98,85.7,291,84,6,1,16.7,0,94,35,940.2,10.0,299.4,8.6,0,0,1,0,,,,,,,,,2025/2026
178620961700971,"Paco Cortés","La Liga",12,471,4grc9qgcvusllap8h5j6gc5h5,0,0.5,-0.5,12,4,0.0,0.04,4,2,23,1,4,50,19,38.0,3,1,33.3,105,77.1,39,64.1,81,25,19,1,5.3,2,53,27,664.4,12.5,251.1,9.3,5,0,3,0,,,,,,,,,2025/2026
178620961700972,Natan,"La Liga",33,2810,ah8dala7suqqkj04n2l8xz4zd,0,0.5,-0.5,10,1,0.0,0.05,32,36,100,23,217,91,44,48.4,124,69,55.6,1432,88.3,118,56.8,1264,67,1,0,0.0,1,357,167,3507.5,9.8,1582.1,9.5,0,0,1,0,,,,,,,,,2025/2026
178620961700973,"Javi Llabrés","La Liga",16,175,50x1m4u58lffhq6v6ga1hbxmy,0,0.49,-0.49,5,2,0.0,0.1,5,0,7,0,4,22,9,40.9,3,1,33.3,61,78.7,24,66.7,48,16,10,2,20.0,1,18,8,201.0,11.2,105.5,13.2,1,0,0,0,,,,,,,,,2025/2026
178620961700974,"Tanguy Nianzou","La Liga",12,648,10eyb18v5puw4ez03ocaug09m,0,0.48,-0.48,9,0,0.0,0.05,14,4,18,1,50,45,22,48.9,30,23,76.7,319,88.4,44,59.1,282,26,0,0,0.0,0,75,38,680.3,9.1,360.4,9.5,1,0,1,0,,,,,,,,,2025/2026
178620961700975,"Aihen Muñoz","La Liga",21,843,63f5h8t5e9qm1fqmvfkb23ghh,1,0.48,0.52,6,2,16.67,0.08,28,5,29,1,35,69,33,47.8,18,8,44.4,308,83.8,85,76.5,258,65,24,8,33.3,1,65,37,672.8,10.3,256.6,6.9,0,0,1,0,,,,,,,,,2025/2026
178620961700976,"Abu Kamara","La Liga",12,248,1n1j0wsl763lq7ee1k0c11c02,0,0.48,-0.48,4,1,0.0,0.12,4,2,7,1,1,28,10,35.7,9,3,33.3,76,68.4,41,51.2,52,21,7,0,0.0,0,28,20,374.2,13.4,229.2,11.5,1,0,0,0,,,,,,,,,2025/2026
178620961700977,"Javi López","La Liga",25,1712,clo928vcczjp0mczavs5o7p5k,0,0.48,-0.48,7,1,0.0,0.07,43,20,104,2,55,165,85,51.5,39,14,35.9,742,79.7,155,74.2,591,115,59,17,28.8,1,173,106,1812.0,10.5,1079.2,10.2,2,0,5,0,,,,,,,,,2025/2026
178620961700978,"Victor Chust","La Liga",31,2165,4yg9ttzw0m51048doksv8uq5r,1,0.48,0.52,9,3,11.11,0.05,63,20,91,16,86,147,81,55.1,62,29,46.8,1518,90.2,294,74.2,1369,218,11,2,18.2,0,358,187,3905.5,10.9,1707.9,9.1,0,0,2,0,,,,,,,,,2025/2026
178620961700979,"Nahuel Molina","La Liga",26,1321,4ku8o6uf87yd8iecdalipo6wd,2,0.48,1.52,14,4,14.29,0.03,40,13,80,5,32,114,60,52.6,22,7,31.8,699,80.5,208,74.0,563,154,43,10,23.3,1,153,96,1747.9,11.4,1046.5,10.9,0,0,5,2,,,,,,,,,2025/2026
178620961700980,"Oriol Rey","La Liga",20,1319,4grc9qgcvusllap8h5j6gc5h5,0,0.47,-0.47,8,1,0.0,0.06,20,10,60,5,33,80,35,43.8,27,13,48.1,575,87.5,127,78.0,503,99,6,4,66.7,1,113,51,1040.0,9.2,392.4,7.7,2,0,1,0,,,,,,,,,2025/2026