player_id,player_name,team,nationality,position,market_value_eur,currency,contract_until
99545,Danilo Pereira,Al-Ittihad,Portugal,,3400000,EUR,2027-06-30
100621,Joshua King,Al-Khaleej,Norway,,1200000,EUR,2027-06-30
115577,Kostas Fortounis,Olympiacos FC,Greece,,1600000,EUR,
126071,Kalidou Koulibaly,Al-Hilal,Senegal,,4400000,EUR,2027-06-30
138892,Jo\u00e3o Cancelo,Al-Hilal,Portugal,,8600000,EUR,2027-06-30
158213,Riyad Mahrez,No team,Algeria,,5200000,EUR,
182001,Yannick Carrasco,Al-Shabab,Belgium,,4800000,EUR,2027-06-30
280955,R\u00faben Neves,Al-Hilal,Portugal,,24000000,EUR,2029-06-30
290927,Ivan Toney,Al-Ahli,England,,22000000,EUR,2028-06-30
328745,Ibrahim Zaied,No team,Saudi Arabia,,155000,EUR,
354808,Sa\u00efd Benrahma,Neom SC,Algeria,,8000000,EUR,2027-06-30
551772,Malcom,Al-Hilal,Brazil,,17400000,EUR,2027-06-30
843114,Juli\u00e1n Qui\u00f1ones,Al-Qadsiah,Mexico,,12900000,EUR,2029-06-30
851671,Jo\u00e3o F\u00e9lix,Al-Nassr,Portugal,,27000000,EUR,2027-06-30
869271,Rakan Najjar,Al-Okhdood,Saudi Arabia,,130000,EUR,
880790,Mourad Batna,Al-Fateh,Morocco,,430000,EUR,2027-06-30
916680,Musa Barrow,No team,Gambia,,5800000,EUR,
1086455,\u00c2ngelo,Al-Nassr,Brazil,,16200000,EUR,2029-06-30
1106234,Musab Al Juwayr,Al-Qadsiah,Saudi Arabia,,6300000,EUR,2030-06-30
1400846,Mahamadou Doumbia,Al-Ittihad,Mali,,9800000,EUR,2030-06-30
3306,Karim Benzema,Al-Hilal,France,,5200000,EUR,2027-06-30
39457,Anthony Moris,Al-Khaleej,Luxembourg,,1200000,EUR,2027-06-30
160893,Salem Al-Dawsari,Al-Hilal,Saudi Arabia,,1200000,EUR,2027-06-30
217704,Sadio Man\u00e9,Al-Nassr,Senegal,,5600000,EUR,2027-06-30
244801,Ot\u00e1vio,Al-Qadsiah,Portugal,,9400000,EUR,2027-06-30
280441,Kingsley Coman,Al-Nassr,France,,21000000,EUR,2028-06-30
331447,Sergej Milinkovi\u0107-Savi\u0107,Al-Hilal,Serbia,,12400000,EUR,2028-06-30
344243,Roger Mart\u00ednez,No team,Colombia,,1600000,EUR,
358694,Marek Rod\u00e1k,Al-Ettifaq,Slovakia,,2900000,EUR,2027-06-30
537018,\u00c1lvaro Medr\u00e1n,Al-Ettifaq,Spain,,2900000,EUR,2027-06-30
589620,Nahitan N\u00e1ndez,Al-Qadsiah,Uruguay,,4400000,EUR,2027-06-30
787540,Angelo Fulgini,RC Lens,New Caledonia,,5300000,EUR,2027-06-30
862194,Zaydou Youssouf,Al-Fateh,Comoros,,6500000,EUR,2028-06-30
888949,Roger Iba\u00f1ez,Al-Ahli,Brazil,,17500000,EUR,2027-06-30
889590,Marcin Bu\u0142ka,Neom SC,Poland,,11600000,EUR,2029-06-30
925920,Raghed Al-Najjar,No team,Saudi Arabia,,210000,EUR,
945063,Mohamed Simakan,Al-Nassr,France,,22000000,EUR,2029-06-30
976538,Khalid Al-Ghannam,Al-Ettifaq,Saudi Arabia,,2300000,EUR,2028-06-30
1477662,Christopher Baah,Al-Qadsiah,Ghana,,12700000,EUR,2029-06-30
1804369,Mohammed Abu Al-Shamat,Al-Qadsiah,Saudi Arabia,,1900000,EUR,2031-06-30
750,Cristiano Ronaldo,Al-Nassr,Portugal,,10400000,EUR,2027-06-30
69404,Nacho Fern\u00e1ndez,Al-Qadsiah,Spain,,1600000,EUR,2027-06-30
70987,Koen Casteels,Al-Qadsiah,Belgium,,3200000,EUR,2027-06-30
155718,Yassine Benzia,No team,Algeria,,990000,EUR,
243585,Fabinho,No team,Brazil,,11000000,EUR,
309154,Amir Sa\u00e2youd,Al-Hazem,Algeria,,390000,EUR,2027-06-30
331429,Ali Adnan,Al-Zawraa,Iraq,,155000,EUR,
552170,Samuel,FC Porto,Brazil,,855000,EUR,2027-06-30
580802,Valent\u00edn Vada,Damac FC,Argentina,,1500000,EUR,2027-06-30
788348,Ashraf El Mahdioui,Al-Taawoun,Morocco,,3300000,EUR,2028-06-30
828524,Mohamed Kanno,Al-Hilal,Saudi Arabia,,825000,EUR,2027-06-30
845754,Wenderson Galeno,Al-Ahli,Brazil,,22000000,EUR,2028-06-30
845793,Leandro Antunes,Al-Riyadh,Portugal,,1500000,EUR,
874969,Juan Cozzani,Club Atl\u00e9tico Platense,Argentina,,3400000,EUR,2029-12-31
876626,Fashion Sakala,Al-Fayha,Zambia,,3600000,EUR,2029-06-30
883367,Mailson,Al-Taawoun,Brazil,,3500000,EUR,2028-06-30
893514,Fahad Bin Jumayah,Al Ula,Saudi Arabia,,240000,EUR,
970441,John Buckley,Al-Kholood,England,,2200000,EUR,
1586875,Amadou Kon\u00e9,Neom SC,C\u00f4te d'Ivoire,,6600000,EUR,2029-06-30
2018134,Aboubacar Bah,Al-Hazem,Guinea,,765000,EUR,2028-06-30
79413,Milan Borjan,Al-Riyadh,Canada,,275000,EUR,2027-06-30
108800,Marcelo Brozovi\u0107,No team,Croatia,,7700000,EUR,
144501,Fernando Pacheco,Al-Fateh,Spain,,640000,EUR,
173883,I\u00f1igo Mart\u00ednez,Al-Nassr,Spain,,4099999,EUR,2027-06-30
234148,N'Golo Kant\u00e9,Fenerbah\u00e7e,France,,3900000,EUR,2028-06-30
237068,Julian Weigl,Al-Qadsiah,Germany,,4200000,EUR,2027-06-30
336813,Wesley Hoedt,No team,Netherlands,,1100000,EUR,
369544,Yoann Barbet,Al-Riyadh,France,,855000,EUR,
788027,Theo Hern\u00e1ndez,Al-Hilal,France,,21000000,EUR,2028-06-30
794836,Andrei Girotto,No team,Brazil,,1900000,EUR,
796723,Mat\u00edas Vargas,No team,Argentina,,4300000,EUR,
818493,Amin Al-Bukhari,No team,Saudi Arabia,,120000,EUR,
845074,Edouard Mendy,Al-Ahli,Senegal,,3900000,EUR,2028-06-30
846081,Houssem Aouar,Al-Ittihad,Algeria,,7300000,EUR,2028-06-30
859024,Yacine Adli,Al-Shabab,Algeria,,7700000,EUR,2028-06-30
881831,Abdulelah Al-Amri,Al-Nassr,Saudi Arabia,,1500000,EUR,2028-06-30
881837,Hassan Tambakti,Al-Hilal,Saudi Arabia,,1900000,EUR,2027-06-30
886041,Orlando Mosquera,Al-Fayha,Panama,,725000,EUR,2028-06-30
1016104,Bento,Al-Nassr,Brazil,,7700000,EUR,2028-06-30
1087010,Ramiro Enrique,Al-Kholood,Argentina,,4099999,EUR,2028-06-30
39427,Marcelo Grohe,No team,Brazil,,190000,EUR,
50070,Alexandre Lacazette,Neom SC,France,,3700000,EUR,2027-06-30
138895,Bruno Varela,Al-Hazem,Cape Verde,,1700000,EUR,2027-06-30
188107,Predrag Rajkovi\u0107,Al-Ittihad,Serbia,,6800000,EUR,2028-06-30
359226,Franck Kessi\u00e9,No team,C\u00f4te d'Ivoire,,10800000,EUR,
592560,Giorgos Masouras,Olympiacos FC,Greece,,1600000,EUR,2027-06-30
791600,Deybi Flores,No team,Honduras,,635000,EUR,
806968,Merih Demiral,Al-Ahli,T\u00fcrkiye,,11600000,EUR,2029-06-30
818568,Sultan Mandash,Al-Hilal,Saudi Arabia,,340000,EUR,2028-06-30
822492,Morlaye Sylla,Damac FC,Guinea,,1900000,EUR,2027-06-30
832497,Marwan Al-Haidari,No team,Saudi Arabia,,115000,EUR,
847714,Marwane Saadane,No team,Morocco,,360000,EUR,
906407,Abdelkader Bedrane,No team,Algeria,,375000,EUR,
913942,Romain Faivre,Auxerre,France,,4300000,EUR,2027-06-30
914501,Mateo Retegui,Al-Qadsiah,Italy,,29000000,EUR,2028-06-30
921180,Edgaras Utkus,Al-Kholood,Lithuania,,1500000,EUR,2029-06-30
978400,Waleed Al-Ahmed,Al-Qadsiah,Saudi Arabia,,1300000,EUR,
980578,Gast\u00f3n \u00c1lvarez,Al-Qadsiah,Uruguay,,9300000,EUR,2028-06-30
1089231,Toz\u00e9,Al-Riyadh,Portugal,,1900000,EUR,
22126,Georginio Wijnaldum,No team,Netherlands,,2100000,EUR,
96535,Abdoulaye Doucour\u00e9,No team,Mali,,4800000,EUR,
360938,Yassine Bounou,Al-Hilal,Morocco,,2900000,EUR,2028-06-30
788258,Mukhtar Ali,Al-Ettifaq,Saudi Arabia,,715000,EUR,2029-06-30
818668,Qasim Lajami,No team,Saudi Arabia,,320000,EUR,
818749,Ahmed Al-Kassar,Al-Qadsiah,Saudi Arabia,,185000,EUR,2027-06-30
826961,Abderazak Hamdallah,Al-Taawoun,Morocco,,1000000,EUR,2027-06-30
845609,Sofiane Bendebka,No team,Algeria,,640000,EUR,
846470,Youssef En-Nesyri,Al-Ittihad,Morocco,,17600000,EUR,
847233,Mohammed Al-Kuwaykibi,Al-Taawoun,Saudi Arabia,,435000,EUR,2027-06-30
865371,Kewin,Damac FC,Brazil,,825000,EUR,
887343,Alfa Semedo,Al-Fayha,Guinea-Bissau,,875000,EUR,2028-06-30
917035,Ali Majrashi,Al-Ahli,Saudi Arabia,,1500000,EUR,2029-06-30
924871,Darwin N\u00fa\u00f1ez,Al-Hilal,Uruguay,,18200000,EUR,2028-06-30
957889,Enzo Millot,Al-Ahli,France,,23000000,EUR,2028-06-30
986400,Nawaf Boushal,Al-Nassr,Saudi Arabia,,1500000,EUR,2027-06-30
1175553,Matheus Gon\u00e7alves,Al-Ahli,Brazil,,8199999,EUR,2027-06-30
1429251,Rayan Hamed,Al-Ahli,Saudi Arabia,,775000,EUR,2027-06-30
1914787,Ahmed Al-Anzi,Neom SC,Saudi Arabia,,48000,EUR,2027-06-30
128089,Dimitris Kourbelis,Asteras Aktor,Greece,,850000,EUR,2028-06-30
159653,Ahmed Hegazy,No team,Egypt,,930000,EUR,
318653,Moussa Demb\u00e9l\u00e9,Al-Ettifaq,France,,7300000,EUR,2027-06-30
330677,Jason,Al-Fayha,Spain,,2200000,EUR,2027-06-30
794331,Ahmed Sharahili,Al-Ittihad,Saudi Arabia,,480000,EUR,2028-06-30
794412,Vincent Sierro,Al-Shabab,Switzerland,,3200000,EUR,2027-06-30
805020,Victor Braga,No team,Brazil,,285000,EUR,
818218,Christian Bassogog,Al Faisaly,Cameroon,,945000,EUR,
918505,Nabil Donga,Al-Najma SC,Egypt,,1100000,EUR,
922616,Felippe Cardoso,Zhejiang,Brazil,,1100000,EUR,2027-12-31
954812,Loreintz Rosier,Al-Hazem,France,,965000,EUR,
1092809,Mohammed Mahzari,Al-Taawoun,Saudi Arabia,,635000,EUR,2028-06-30
1133141,Mohammed Abdulrahman,Al-Ahli,Saudi Arabia,,490000,EUR,2028-06-30
1154611,Valentin Atangana Edoa,Al-Ahli,France,,19000000,EUR,2028-06-30
1201501,Mohammed Essa Harbush,Al-Shabab,Saudi Arabia,,160000,EUR,
1398854,Zakaria Hawsawi,Al Raed,Saudi Arabia,,1100000,EUR,2027-06-30
1429250,Saleh Abu Al-Shamat,Al-Ahli,Saudi Arabia,,440000,EUR,2028-06-30
1606632,Rayane Messi,RC Strasbourg,France,,2600000,EUR,2030-06-30
1862895,Rakan Al-Tulayhi,Al-Taawoun,Saudi Arabia,,170000,EUR,
552678,Mohammed Petros,No team,Brazil,,210000,EUR,
555624,Carlos Junior,Al-Shabab,Brazil,,2800000,EUR,2027-06-30
818813,Madallah Al-Olayan,Al-Ettifaq,Saudi Arabia,,340000,EUR,2028-06-30
826242,Ala'a Al-Hejji,Neom SC,Saudi Arabia,,290000,EUR,2028-06-30
830126,Sultan Al-Ghannam,Al-Nassr,Saudi Arabia,,1500000,EUR,2028-06-30
851099,Paolo Fernandes,AEK Athens,Spain,,1000000,EUR,2027-06-30
851262,Myziane Maolida,No team,Comoros,,725000,EUR,
867530,Shaquille Riley Pinas,Al-Kholood,Suriname,,1900000,EUR,2028-06-30
872607,Nasser Al-Dawsari,Al-Hilal,Saudi Arabia,,875000,EUR,2027-06-30
878821,Teddy Okou,Al-Riyadh,France,,915000,EUR,
954528,Nawaf Al-Habashi,Al-Hazem,Saudi Arabia,,285000,EUR,
1014518,Nawaf Al-Aqidi,Al-Nassr,Saudi Arabia,,700000,EUR,2028-06-30
1022679,Moteb Al-Harbi,Al-Hilal,Saudi Arabia,,1400000,EUR,2029-06-30
1047227,Marcos Leonardo,AFC Ajax,Brazil,,21000000,EUR,2031-06-30
1066584,Basil Yousef Al-Sayyali,Al-Shabab,Saudi Arabia,,335000,EUR,
1154687,Nathan Zeze,Neom SC,France,,19100000,EUR,2030-06-30
1521660,Abdulaziz Al Hatila,Al-Okhdood,Saudi Arabia,,190000,EUR,
1935210,Sabri Abdu Dahal,Al-Fayha,Saudi Arabia,,2300000,EUR,2027-06-30
47741,Chris Smalling,No team,England,,1100000,EUR,
156400,Francisco Calvo,Nacional,Costa Rica,,640000,EUR,2028-06-30
793761,Mamadou Sylla,Al-Riyadh,Senegal,,950000,EUR,
814673,Jorge Fernandes,Shabab Al-Ahli Dubai,Portugal,,1500000,EUR,2027-06-30
818705,Abdulrahman Al-Obaid,Damac FC,Saudi Arabia,,92000,EUR,2027-06-30
818840,Abdulelah Al-Malki,Al Diriyah,Saudi Arabia,,360000,EUR,2027-06-30
845797,Lu\u00eds Maximiano,Neom SC,Portugal,,3100000,EUR,2029-06-30
847379,Muteb Al-Mufarrij,Al-Taawoun,Saudi Arabia,,430000,EUR,2029-06-30
872275,Abdulrahman Alobud,Al-Ittihad,Saudi Arabia,,750000,EUR,2027-06-30
893218,Husain Al-Qahtani,Al Diriyah,Saudi Arabia,,310000,EUR,
894437,Muhannad Shanqeeti,Al-Ittihad,Saudi Arabia,,950000,EUR,2029-06-30
931838,Abdulelah Alshamary,Al-Najma SC,Saudi Arabia,,190000,EUR,
970761,Jamal Harkass,Damac FC,Morocco,,1100000,EUR,2027-06-30
984415,Ahmed Al-Ghamdi,Al-Ittihad,Saudi Arabia,,525000,EUR,2027-06-30
1006089,Mario Mitaj,Al-Ittihad,Albania,,5800000,EUR,2028-06-30
1014447,Abdulrahman Ghareeb,No team,Saudi Arabia,,860000,EUR,
1171233,Rakan Kaabi,Al-Fayha,Saudi Arabia,,560000,EUR,
1475427,Salem Alnajdi,Al-Nassr,Saudi Arabia,,470000,EUR,2029-06-30
1479523,Yusuf Ak\u00e7i\u00e7ek,Al-Hilal,T\u00fcrkiye,,13600000,EUR,2029-06-30
1652171,Suhayb Al-Zaid,Al-Hilal U21,Saudi Arabia,,155000,EUR,
321625,Victor Lekhal,Al-Riyadh,Algeria,,740000,EUR,
358394,Josh Brownhill,Al-Shabab,England,,7200000,EUR,2027-06-30
361798,Steven Bergwijn,Al-Ittihad,Netherlands,,10600000,EUR,2027-06-30
795696,Jack Hendry,Al-Ettifaq,Scotland,,2400000,EUR,2028-06-30
867179,Abdullah Al-Khaibari,Al-Nassr,Saudi Arabia,,680000,EUR,2029-06-30
893307,Firas Al-Buraikan,Al-Ahli,Saudi Arabia,,3300000,EUR,2028-06-30
972585,Juan Pedroza,No team,Colombia,,770000,EUR,
982352,Abdulaziz Al-Dwehe,Al-Hazem,Saudi Arabia,,155000,EUR,2027-06-30
985186,Marin Petkov,Al-Taawoun,Bulgaria,,3100000,EUR,2028-06-30
989764,Hussain Ahmed Al Issa,Al-Khaleej,Saudi Arabia,,90000,EUR,2027-06-30
1066729,Ali Jasim,Como,Iraq,,515000,EUR,2027-06-30
1116357,Cristhoper Zambrano,Aucas,Ecuador,,265000,EUR,2026-12-31
1130539,Ayman Yahya,Al-Nassr,Saudi Arabia,,1200000,EUR,2028-06-30
1168640,Mohammed Al-Absi,Al-Ittihad,Saudi Arabia,,185000,EUR,2029-06-30
1457997,Ali Al Azaizeh,Kazma SC,Jordan,,340000,EUR,
1549082,Murad Al Hawsawi,Al-Hilal,Saudi Arabia,,1400000,EUR,2031-06-30
1549100,Faisal Al Mutairi,Al Diriyah,Saudi Arabia,,105000,EUR,
1798265,Naif Masoud,Al-Fateh,Saudi Arabia,,360000,EUR,2028-06-30
1845169,Jehad Thakri,Al-Qadsiah,Saudi Arabia,,1300000,EUR,2031-06-30
2172397,Eyad Houssa,Al-Qadsiah,Saudi Arabia,,195000,EUR,
160923,Yasser Al-Shahrani,Al-Qadsiah,Saudi Arabia,,520000,EUR,2027-06-30
190139,Rebocho,Al-Khaleej,Portugal,,680000,EUR,2027-06-30
196396,Yahya Al Shehri,Al-Riyadh,Saudi Arabia,,73000,EUR,
246319,Ondrej Duda,Al-Ettifaq,Slovakia,,2800000,EUR,2027-06-30
791578,Saleh Al-Amri,Al-Khaleej,Saudi Arabia,,385000,EUR,2028-06-30
803052,Hattan Bahebri,Al-Kholood,Saudi Arabia,,330000,EUR,
804096,Mohammed Alburayk,Neom SC,Saudi Arabia,,370000,EUR,2027-06-30
836279,Mikel Villanueva,No team,Venezuela,,775000,EUR,
847235,Hassan Kadesh,Al-Ittihad,Saudi Arabia,,250000,EUR,2028-06-30
855817,Moussa Diaby,Al-Ittihad,France,,26000000,EUR,2029-06-30
871619,Tariq Mohammed,Damac FC,Saudi Arabia,,160000,EUR,
881838,Ali Al Asmari,Neom SC,Saudi Arabia,,305000,EUR,
920497,Mohammed Al-Yami,Al-Hilal,Saudi Arabia,,335000,EUR,2027-06-30
1048371,Awad Al-Nashri,No team,Saudi Arabia,,270000,EUR,
1067777,Abdulaziz Al-Aliwa,Al-Kholood,Saudi Arabia,,485000,EUR,2030-06-30
1130805,Iker Kortajarena,Al-Kholood,Spain,,825000,EUR,2029-06-30
1210554,Mohammed Hamad Alqahtani,Al-Hilal,Saudi Arabia,,265000,EUR,
1426581,Saimon Bouabre,Al-Hilal,France,,15500000,EUR,2029-06-30
1434206,Abdullah Al-Anazi,Al-Fateh,Saudi Arabia,,140000,EUR,
1549231,Mohammed Al Dossari,Neom SC,Saudi Arabia,,325000,EUR,
160901,Abdullah Al-Hafith,Al-Khaleej,Saudi Arabia,,135000,EUR,2028-06-30
193064,F\u00e1bio Martins,No team,Portugal,,1500000,EUR,
769163,Bilal Boutobba,Al-Najma SC,France,,1300000,EUR,2027-06-30
868611,Muhannad Al Saad,No team,Saudi Arabia,,430000,EUR,
868945,Abdullah Al-Jawaey,No team,Saudi Arabia,,47000,EUR,
893199,Mohammed Al Baqawi,Al-Fayha,Saudi Arabia,,300000,EUR,2028-06-30
925919,Faisal Darisi,Al-Fateh,Saudi Arabia,,115000,EUR,2028-06-30
926730,Haroune Camara,Al-Nassr,Saudi Arabia,,320000,EUR,2028-06-30
1047945,Nawaf Al-Rashwodi,Al Jubail,Saudi Arabia,,24000,EUR,
1048372,Ziyad Aljohani,Al-Ahli,Saudi Arabia,,775000,EUR,2030-06-30
1065328,Noor Al-Rashidi,Damac FC,Saudi Arabia,,69000,EUR,2027-06-30
1096521,Othman Al-Othman,No team,Saudi Arabia,,120000,EUR,
1485218,Gabriel Carvalho,Al-Qadsiah,Brazil,,13100000,EUR,
1499687,Ahmed Khatir,No team,Morocco,,230000,EUR,2028-06-30
1521951,Sattam Al-Roqi,No team,Saudi Arabia,,48000,EUR,
1606642,Mohamed Kader Meite,Al-Hilal,C\u00f4te d'Ivoire,,16399999,EUR,2029-06-30
1854314,Mohammed Sulaiman Bakor,Al-Ahli,Saudi Arabia,,600000,EUR,2028-06-30
2163360,Saad Al Mutairy,Al-Hilal U21,Saudi Arabia,,96000,EUR,
138165,Koray G\u00fcnter,Al-Ittihad Kalba,Germany,,650000,EUR,
148858,Salman Alfaraj,No team,Saudi Arabia,,250000,EUR,
224456,Norbert Gy\u00f6mb\u00e9r,No team,Slovakia,,825000,EUR,
331405,Samir Caetano,Al-Najma SC,Brazil,,1600000,EUR,2027-06-30
797820,G\u00f6khan G\u00fcl,Al-Okhdood,Germany,,1200000,EUR,2027-06-30
832313,Abdulrahman Al-Dosari,Al-Kholood,Saudi Arabia,,245000,EUR,2028-06-30
893197,Ahmed Bamasud,Al-Fayha,Saudi Arabia,,580000,EUR,2028-06-30
915991,Abdullah Al-Hamdan,Al-Nassr,Saudi Arabia,,360000,EUR,
920498,Abdullah Khateeb,Al-Ettifaq,Saudi Arabia,,325000,EUR,
966452,Faisal Al-Ghamdi,Al-Ittihad,Saudi Arabia,,1200000,EUR,2028-06-30
973414,Abdelmounaim Boutouil,Al-Hazem,Morocco,,350000,EUR,2027-06-30
1138857,Ali Al-Bulaihi,Al-Hilal,Saudi Arabia,,240000,EUR,
1162305,Matteo Dams,Al-Ahli,Belgium,,3700000,EUR,2029-06-30
1184312,Miguel Carvalho,Al-Qadsiah,Spain,,340000,EUR,2028-06-30
1211632,Wesley,Al-Nassr,Brazil,,4099999,EUR,2028-06-30
1396009,Kaio C\u00e9sar,Corinthians,Brazil,,3900000,EUR,2026-12-31
1804597,Sultan Alessa,Al-Riyadh,Saudi Arabia,,72000,EUR,
1914895,Khalid Al-Shammari,Al-Najma SC,Saudi Arabia,,145000,EUR,2028-06-30
2596931,Abdulaziz Al Suwailem,Al-Fateh,Saudi Arabia,,290000,EUR,
328829,Mohammed Al Fatil,Al-Najma SC,Saudi Arabia,,97000,EUR,
377234,Sergio Gonz\u00e1lez,No team,Spain,,660000,EUR,
823476,K\u00e9vin N'Doram,No team,France,,920000,EUR,
828444,Majed Omar Kanabah,Al-Khaleej,Saudi Arabia,,135000,EUR,2027-06-30
847483,Bandar Al Mutairi,Al-Khaleej,Saudi Arabia,,49000,EUR,
925947,Ali Al-Hassan,Al-Nassr,Saudi Arabia,,465000,EUR,2028-06-30
965177,Turki Alammar,Al-Qadsiah,Saudi Arabia,,825000,EUR,2029-06-30
974064,Abdullah Al-Qahtani,Damac FC,Saudi Arabia,,165000,EUR,
1085357,Bassam Al-Hurayji,Al-Taawoun,Saudi Arabia,,330000,EUR,2028-06-30
1089931,Youssouf Oumarou,Al-Hazem,Niger,,555000,EUR,
1106140,Biel,Pafos FC,Brazil,,3900000,EUR,2027-05-31
1106232,Islam Ahmed Hawsawi,Neom SC,Saudi Arabia,,290000,EUR,
1170502,Faisal Al Abdulwahed,Al-Fateh,Saudi Arabia,,70000,EUR,
1210456,Abdulmalik Al Oyayari,Neom SC,Saudi Arabia,,655000,EUR,2029-06-30
1395634,Victor Hugo,Ajman,Brazil,,230000,EUR,
1475443,Ahmed Al-Julaydan,Al-Ittihad,Saudi Arabia,,640000,EUR,2030-06-30
1520833,Sultan Tanker,Al-Hazem,Saudi Arabia,,330000,EUR,2027-06-30
1980451,Mateo Borrell,Al-Ittihad,Argentina,,180000,EUR,
2446702,Sultan Harun,Al-Riyadh,Sudan,,185000,EUR,2028-06-30
208988,Pablo Mar\u00ed,No team,Spain,,2200000,EUR,
352922,Yakou M\u00e9\u00eft\u00e9,Damac FC,C\u00f4te d'Ivoire,,835000,EUR,
787448,Silv\u00e8re Ganvoula,Al-Fayha,Congo Republic,,825000,EUR,2027-06-30
809225,Jonathan Okita,Bodrum FK,DR Congo,,345000,EUR,2027-06-30
818123,Waled Al Enazi,Al-Najma SC,Saudi Arabia,,77000,EUR,
818581,Mansour Hamzi,Al-Khaleej,Saudi Arabia,,92000,EUR,2027-06-30
818667,Ali Lajami,Al-Hilal,Saudi Arabia,,775000,EUR,2028-06-30
818674,Abdullah Al-Salem,Al-Qadsiah,Saudi Arabia,,240000,EUR,2027-06-30
818699,Ali Hazazi,Al-Qadsiah,Saudi Arabia,,370000,EUR,2027-06-30
839521,Fl\u00e1vio,No team,Brazil,,2100000,EUR,
981158,Hamad Al Yami,Al-Hilal,Saudi Arabia,,520000,EUR,2029-06-30
992552,Burak \u0130nce,Baniyas,T\u00fcrkiye,,300000,EUR,2027-06-30
1156413,Meshal Ali Khayrallah,Al-Ettifaq,Saudi Arabia,,115000,EUR,2027-06-30
1397478,Jo\u00e3o Costa,Al-Ettifaq,Portugal,,2300000,EUR,2028-06-30
1549236,Saud Al Rashed,Al-Hazem,Saudi Arabia,,235000,EUR,2027-06-30
1890491,Mohau Nkota,Al-Ettifaq,South Africa,,675000,EUR,2028-06-30
2031044,Abdullah Matuq,No team,Saudi Arabia,,140000,EUR,
2275593,Wesley Delgado,Al-Nasr Dubai,Cape Verde,,275000,EUR,2029-06-30
2449685,Ahmed Al Siyahi,Al-Riyadh,Saudi Arabia,,195000,EUR,
818887,Abdulhadi Al-Harajin,Al-Fayha,Saudi Arabia,,110000,EUR,2027-06-30
827369,David Tijani\u010d,Al-Najma SC,Slovenia,,1300000,EUR,2027-06-30
857390,Khaled Al-Semeiry,Damac FC,Saudi Arabia,,160000,EUR,
881830,Awn Al-Saluli,Al-Taawoun,Saudi Arabia,,215000,EUR,2027-06-30
893373,Khalid Alsubaie,Al-Hazem,Saudi Arabia,,145000,EUR,
917232,Yousef Al-Shammari,No team,Saudi Arabia,,170000,EUR,
1002556,L\u00e1zaro,Al-Najma SC,Brazil,,1900000,EUR,
1066588,Saad Yaslam Balobaid,Al-Ahli,Saudi Arabia,,740000,EUR,2028-06-30
1066728,Abdulrahman Al Sanbi,Al-Ahli,Saudi Arabia,,310000,EUR,2028-06-30
1128560,Roger Fernandes,Al-Ittihad,Portugal,,19400000,EUR,2029-06-30
1134250,Saad Al-Mousa,Al-Ittihad,Saudi Arabia,,1100000,EUR,2027-06-30
1495868,Meshal Alaeli,Al-Ettifaq,Saudi Arabia,,195000,EUR,2028-06-30
1521467,Eid Al Muwallad,Al-Ahli,Saudi Arabia,,360000,EUR,2028-06-30
1836904,Hammam Al-Hammami,Al-Shabab,Saudi Arabia,,450000,EUR,2027-06-30
190065,Khaled Narey,No team,Togo,,1800000,EUR,
818696,Mohammed Al-Khabrani,Al-Khaleej,Saudi Arabia,,260000,EUR,2028-06-30
818779,Saleh Al-Shehri,Al-Ittihad,Saudi Arabia,,485000,EUR,2027-06-30
948601,Abdurahman Al-Dakheel,Al-Hazem,Saudi Arabia,,330000,EUR,
949069,Ibrahim Al-Shuail,No team,Saudi Arabia,,160000,EUR,
985140,Hamed Al-Ghamdi,Al-Ittihad,Saudi Arabia,,165000,EUR,2030-06-30
1049202,Ziyad Aljari,No team,Saudi Arabia,,245000,EUR,
1085896,Abdullah Al-Shanqiti,No team,Saudi Arabia,,170000,EUR,
1502015,Amar Hamed Al Yuhaybi,No team,Saudi Arabia,,110000,EUR,
1517641,Ayman Fallatah,Al-Ahli,Saudi Arabia,,230000,EUR,
1927680,Moustapha S\u00e9mb\u00e8ne,Al-Taawoun,Senegal,,135000,EUR,
1928081,Yazan Madani,Al-Ahli,Saudi Arabia,,155000,EUR,2028-06-30
1941943,Abdullah Al Ajyan,No team,Saudi Arabia,,27000,EUR,2029-06-30
99150,Bart Schenkeveld,No team,Netherlands,,540000,EUR,
791411,Abdulrahman Al-Khaibary,Al-Hazem,Saudi Arabia,,49000,EUR,
794347,Abdullah Madu,Al-Ettifaq,Saudi Arabia,,430000,EUR,2028-06-30
920815,Ibrahim Bayesh,Al-Dhafra,Iraq,,730000,EUR,
1096520,Abbas Sadiq Alhassan,Neom SC,Saudi Arabia,,560000,EUR,2029-06-30
1099361,Luciano Rodr\u00edguez,Neom SC,Uruguay,,8199999,EUR,2030-06-30
1102071,Bader Munshi,Al-Khaleej,Saudi Arabia,,155000,EUR,2027-06-30
1102741,Sulaiman Hahya Hazazi,Al-Riyadh,Saudi Arabia,,180000,EUR,2028-06-30
1170547,Unai Hern\u00e1ndez,Al-Ittihad,Spain,,2100000,EUR,2028-06-30
1182099,Saleh Al-Harthi,Al-Okhdood,Saudi Arabia,,105000,EUR,
1394459,Elias Mokwana,Esp\u00e9rance Sportive De Tunis,South Africa,,540000,EUR,2027-06-30
1429814,Mubarak Al-Rajeh,Al-Shabab,Saudi Arabia,,370000,EUR,2029-06-30
1519328,Abdulelah Al Khaibari,Al-Ahli,Saudi Arabia,,370000,EUR,2028-06-30
1523635,Abdulrahman Al Anzi,No team,Saudi Arabia,,97000,EUR,
1533745,Abduleallah Hawsawi,Al-Ittihad,Saudi Arabia,,260000,EUR,2028-06-30
1547371,Faris Al Ghamdi,Al-Ettifaq,Saudi Arabia,,240000,EUR,
1548394,Abdulkarim Darisi,Al-Hilal,Saudi Arabia,,245000,EUR,2030-06-30
1907743,Guga,Al-Qadsiah,Brazil,,410000,EUR,2027-06-30
791575,Omar Al Soma,No team,Syria,,420000,EUR,
869931,Yvan Neyou,Getafe,Cameroon,,1900000,EUR,2028-06-30
923040,Nader Al Sharari,Al-Nassr,Saudi Arabia,,380000,EUR,2028-06-30
931837,Khalifah Al-Dawsari,Neom SC,Saudi Arabia,,180000,EUR,2028-06-30
1048753,Mohammed Al-Khaibari,Al-Riyadh,Saudi Arabia,,270000,EUR,2028-06-30
1048834,Ahmed Al-Nakhli,Al-Hazem,Saudi Arabia,,240000,EUR,2027-06-30
1084266,Saud Zidan,Al-Riyadh,Saudi Arabia,,120000,EUR,
1085115,Abdulaziz Noor,Neom SC,Saudi Arabia,,430000,EUR,2029-06-30
1115888,Nawaf Al Sadi,Al-Shabab,Saudi Arabia,,215000,EUR,2026-08-20
1472755,Sattam Al Tumbukti,Al-Fateh,Saudi Arabia,,145000,EUR,2028-06-30
1473386,Ammar Al-Khaibari,Al-Fayha,Saudi Arabia,,110000,EUR,2028-06-30
1548483,Saif Rashad Mohamed,Al-Taawoun,Saudi Arabia,,165000,EUR,2029-06-30
1653046,Hisham Al-Dubais,Al-Shabab,Saudi Arabia,,140000,EUR,2027-06-30
1914789,Faisal Al-Sobhi,Al-Riyadh,Saudi Arabia,,80000,EUR,
1914902,Osama Al-Boardi,Al-Riyadh,Saudi Arabia,,220000,EUR,2027-06-30
1968481,Abdulmalik Al Harbi,Al-Taawoun,Saudi Arabia,,48000,EUR,2029-06-30
2398148,Fawaz Al-Hamad,Al-Fateh,Saudi Arabia,,77000,EUR,
238974,Romell Quioto,Al Faisaly,Honduras,,460000,EUR,
818624,Riyadh Sharahili,Neom SC,Saudi Arabia,,155000,EUR,
983833,Faris Abdi,Neom SC,Saudi Arabia,,485000,EUR,2029-06-30
989766,Saleh Al Abbas,Al-Okhdood,Saudi Arabia,,140000,EUR,
1000119,Khaled Al-Lazam,Al-Okhdood,Saudi Arabia,,340000,EUR,2028-06-30
1101759,Abdullah Radif,No team,Saudi Arabia,,340000,EUR,
1118494,Saad Al-Nasser,Al-Nassr,Saudi Arabia,,535000,EUR,2028-06-30
1127117,Abdulaziz Al Harabi,Al-Najma SC,Saudi Arabia,,145000,EUR,
1134206,Ahmed Al-Shamrani,Al-Hazem,Saudi Arabia,,205000,EUR,2027-06-30
1201503,Nasser Al Bishi,Al-Riyadh,Saudi Arabia,,48000,EUR,
1459624,Arielson,Al-Dhafra,Brazil,,260000,EUR,
1926323,Majed Khalifah,No team,Saudi Arabia,,120000,EUR,
357740,Gon\u00e7alo Rodrigues,Pafos FC,Portugal,,2100000,EUR,2029-05-31
791417,Abdulaziz Al Bishi,No team,Saudi Arabia,,330000,EUR,
873363,Ahmed Abdu,Neom SC,Saudi Arabia,,270000,EUR,
954643,Mohammed Al-Thani,Al-Shabab,Saudi Arabia,,890000,EUR,2028-06-30
974517,Fahad Al-Rashidi,Al-Taawoun,Saudi Arabia,,220000,EUR,2028-06-30
1019289,Khalil Al-Absi,Al-Riyadh,Saudi Arabia,,190000,EUR,2028-06-30
1133883,Enes Sali,FC Dallas,Romania,,940000,EUR,2027-12-31
1147561,Matija Glu\u0161\u0107evi\u0107,Al-Ettifaq,Serbia,,630000,EUR,2028-06-30
1152916,Marin Prekodravac,Al-Najma SC,Croatia,,245000,EUR,
1483340,Ricardo Mathias,Al-Ahli,Brazil,,7100000,EUR,2030-06-30
1547401,Majed Dawran,Al-Ettifaq,Saudi Arabia,,190000,EUR,2029-06-30
1549076,Ammar Al Harfi,Al Ula,Saudi Arabia,,91000,EUR,2027-06-30
1797652,Jalal Adel Al-Salem,Al-Ettifaq,Saudi Arabia,,165000,EUR,
2058331,Talal Al-Shubili,Al-Riyadh,Saudi Arabia,,52000,EUR,
802975,Hamad Al-Jayzani,Al-Khaleej,Saudi Arabia,,130000,EUR,2027-06-30
879649,Mohanad Alqaydhi,No team,Saudi Arabia,,160000,EUR,
949218,Abdulbaset Hindi,Al-Ettifaq,Saudi Arabia,,475000,EUR,2027-06-30
952442,Abdulfattah Adam Mohammed,Al Ula,Saudi Arabia,,215000,EUR,2027-06-30
1115775,Mohammed Marran,Al-Nassr,Saudi Arabia,,160000,EUR,
1127133,Mohammed Al Aqal,Al-Taawoun,Saudi Arabia,,96000,EUR,
1214992,Jan-Carlo Simi\u0107,RSC Anderlecht,Serbia,,10900000,EUR,
1217924,Faisal Al-Sibyani,Al-Shabab,Saudi Arabia,,290000,EUR,2028-06-30
1383760,Mohammad Alsalkhadi,Damac FC,Syria,,260000,EUR,
1399144,Ali Makki,Al-Shabab,Saudi Arabia,,170000,EUR,2028-06-30
1445996,Muhammad Sahlouli,Al-Riyadh,Saudi Arabia,,115000,EUR,2027-06-30
1544937,Marzouq Tambakti,Al-Riyadh,Saudi Arabia,,205000,EUR,2027-06-30
1549073,Abdul Rahman Al Khaibari,Al Ula,Saudi Arabia,,155000,EUR,
1549093,Nasser Al Haleel,Al-Najma SC,Saudi Arabia,,135000,EUR,2028-06-30
1549138,Keshim Al-Qahtani,Al-Taawoun,Saudi Arabia,,115000,EUR,2029-06-30
1797647,Awad Abdu Dahal,Al-Ettifaq,Saudi Arabia,,165000,EUR,2028-06-30
2453998,Abdulrahman Nabza,No team,Saudi Arabia,,54000,EUR,
589306,Jes\u00fas Medina,Atl\u00e9tico San Luis,Paraguay,,2100000,EUR,2026-12-31
804405,Bla\u017e Kramer,Konyaspor,Slovenia,,875000,EUR,2027-06-30
818563,Saeed Al Hamsal,Al-Khaleej,Saudi Arabia,,220000,EUR,2027-06-30
892808,Ismaila Soro,No team,C\u00f4te d'Ivoire,,580000,EUR,
982351,Mansor Al-Beshe,Al-Fayha,Saudi Arabia,,205000,EUR,2027-06-30
984587,Yahya Naji,Damac FC,Saudi Arabia,,135000,EUR,2028-06-30
1017888,Malek Al Abdulmonam,Al-Fayha,Saudi Arabia,,54000,EUR,2027-06-30
1095802,Hazzaa Al-Ghamdi,Damac FC,Saudi Arabia,,115000,EUR,
1113791,Ahmed Bahusayn,No team,Saudi Arabia,,170000,EUR,
1143587,Ahmed Hassan,No team,Egypt,,565000,EUR,
1147366,Stylianos Vrontis,APOEL Nicosia,Cyprus,,185000,EUR,2029-05-31
1152012,Hussain Al-Sebyani,Al-Shabab,Saudi Arabia,,210000,EUR,2029-06-30
1216091,Abdulaziz Al-Harbi,Al-Hazem,Saudi Arabia,,160000,EUR,
1398850,Mohammed Abo Abd,Al-Okhdood,Saudi Arabia,,185000,EUR,2028-06-30
1519331,Mohammed Al Shwirekh,Al-Shabab,Saudi Arabia,,485000,EUR,2027-06-30
1521216,Fahad Al Abdulrazzaq,Al-Najma SC,Saudi Arabia,,155000,EUR,2027-06-30
1536875,Thamer Al Khaibri,Neom SC,Saudi Arabia,,260000,EUR,2030-06-30
1549104,Rayan Enad,Al-Fayha,Saudi Arabia,,160000,EUR,2028-06-30
1915858,Abdulaziz Al Fawaz,Al-Fateh,Saudi Arabia,,275000,EUR,
350060,Ahmad Asiri,Al-Khaleej,Saudi Arabia,,77000,EUR,2027-06-30
831259,Ziyad Al-Sahafi,Al-Fayha,Saudi Arabia,,260000,EUR,2027-06-30
873364,Mohammed Mazyad Alshammari,No team,Saudi Arabia,,73000,EUR,
921767,Mokher Al-Rashidi,Al-Fayha,Saudi Arabia,,260000,EUR,2028-06-30
948595,Hussain Qasim,Al-Fateh,Saudi Arabia,,155000,EUR,
1015199,Abdullah Hassoun Tarmin,Al-Riyadh,Saudi Arabia,,94000,EUR,
1048000,Nawaf Al-Hawsawi,Al-Riyadh,Saudi Arabia,,69000,EUR,
1391735,Hayder Abdulkareem,Al-Nassr,Iraq,,260000,EUR,2028-06-30
1394760,Naif Assery,Al-Okhdood,Saudi Arabia,,205000,EUR,
1410230,Adam Berry,Al-Kholood,England,,91000,EUR,2028-06-30
1457521,Muath Faqeehi,Al-Ittihad,Saudi Arabia,,360000,EUR,2028-06-30
1501473,Talal Haji,Al-Ittihad,Saudi Arabia,,930000,EUR,2028-06-30
1630170,Nawaf Al Ghulaimish,Neom SC,Saudi Arabia,,190000,EUR,
1847479,Majed Abdullah,Al-Shabab,Saudi Arabia,,145000,EUR,2027-07-24
1884430,Abdulaziz Al-Othman,Al-Qadsiah,Saudi Arabia,,215000,EUR,2028-06-30
1916420,Ali Al Hussain,No team,Saudi Arabia,,160000,EUR,
138813,Georgiy Bushchan,Polissya Zhytomyr,Ukraine,,1900000,EUR,2028-06-30
164645,Tokmac Chol Nguen,Tochigi City FC,Norway,,760000,EUR,
792331,Jamaan Al Dawsari,No team,Saudi Arabia,,230000,EUR,
842931,Karl Toko Ekambi,No team,Cameroon,,1300000,EUR,
869269,Ammar Al Najjar,Al-Najma SC,Saudi Arabia,,130000,EUR,
873049,Nabil Alioui,Damac FC,Morocco,,860000,EUR,2028-06-30
877103,Jawad El Yamiq,Ey\u00fcpspor,Morocco,,290000,EUR,
1118489,Haitham Asiri,Al-Qadsiah,Saudi Arabia,,190000,EUR,2028-06-30
1462434,George Ilenikhena,Al-Ittihad,Nigeria,,9200000,EUR,2029-06-30
1473258,Vitor Vargas,Al-Najma SC,Brazil,,155000,EUR,
1475444,Mohammed Barnawi,Al-Ittihad,Saudi Arabia,,205000,EUR,2028-06-30
2033144,Hussain Al Sultan,Al-Khaleej,Saudi Arabia,,78000,EUR,
2158886,Luca Ramirez,Al-Riyadh,Argentina,,52000,EUR,
2442170,Mansour Camara,Al-Kholood,Guinea,,310000,EUR,
338991,William Troost-Ekong,Al-Ahli Doha,Nigeria,,1100000,EUR,2028-06-30
818572,Fawaz Al-Sagour,Al-Ittihad,Saudi Arabia,,430000,EUR,2028-06-30
870365,Mohammed Al Saeed,Al-Riyadh,Saudi Arabia,,165000,EUR,
925459,Abdulquddus Atiah,Al-Taawoun,Saudi Arabia,,225000,EUR,
973568,Renn\u00e9 Rivas,Al-Wahda FC,Venezuela,,440000,EUR,
990189,Ali Al-Salem,Al Wehda,Saudi Arabia,,165000,EUR,
1392829,Amine Sbai,Angers,Morocco,,3700000,EUR,2027-06-30
1434209,Yaseen Al-Zubaidi,Al-Ahli,Saudi Arabia,,97000,EUR,2028-06-30
1521166,Ali Al Shaafi,Al-Khaleej,Saudi Arabia,,130000,EUR,2027-06-30
1542651,Khalid Al Rammah,No team,Saudi Arabia,,97000,EUR,
1548568,Mohammed Mansour Mile,Al-Najma SC,Saudi Arabia,,54000,EUR,2028-06-30
1579847,Abdulwahid Al-Nakhli,Al-Najma SC,Saudi Arabia,,165000,EUR,2027-06-30
1632979,Mohammed Al-Zaid,Al-Hilal U21,Saudi Arabia,,46000,EUR,
1857290,Hamed Al-Shanqity,Al-Ittihad,Saudi Arabia,,220000,EUR,2029-06-30
1943702,Saud Al-Tumbukti,No team,Saudi Arabia,,110000,EUR,
12994,Lionel Messi,Inter Miami CF,Argentina,,16300000,EUR,2028-12-31
249399,Rodrigo De Paul,Inter Miami CF,Argentina,,14500000,EUR,2029-12-31
790182,Earl Edwards Jr,San Jose Earthquakes,USA,,91000,EUR,2026-12-31
809280,Anders Dreyer,San Diego FC,Denmark,,13800000,EUR,2029-12-31
822515,Evander,FC Cincinnati,Brazil,,17000000,EUR,2027-12-31
833943,Matt Turner,New England Revolution,USA,,2600000,EUR,2026-12-31
836289,Hugo Cuypers,Chicago Fire,Belgium,,9300000,EUR,2026-12-31
844605,Guilherme,Houston Dynamo,Brazil,,2900000,EUR,2028-06-30
962411,Nicol\u00e1s Fern\u00e1ndez,New York City FC,Argentina,,9200000,EUR,2029-12-31
1003017,Rocco R\u00edos Novo,Inter Miami CF,Argentina,,515000,EUR,2029-06-30
1014845,Sebastian Berhalter,Vancouver Whitecaps,USA,,7400000,EUR,2026-12-31
1192667,Cabral Carter,Los Angeles FC 2,USA,,79000,EUR,2027-12-31
1916966,Jawad Alhassan,Damac FC,Saudi Arabia,,26000,EUR,
2063301,Ignacio G\u00f3mez,Orlando City B,Argentina,,26000,EUR,
49647,Ashley Westwood,Charlotte FC,England,,330000,EUR,2026-12-31
232306,Timo Werner,San Jose Earthquakes,Germany,,3300000,EUR,2028-06-30
254895,Carles Gil,New England Revolution,Spain,,1700000,EUR,2026-12-31
303602,Jeppe Tverskov,San Diego FC,Denmark,,645000,EUR,2027-12-31
328247,Philip Zinckernagel,Chicago Fire,Denmark,,3800000,EUR,2028-12-31
333373,Miguel Almir\u00f3n,Atlanta United,Paraguay,,6800000,EUR,2027-12-31
790645,Marcel Hartel,St.Louis City,Germany,,3700000,EUR,2028-06-30
797985,Kristijan Kahlina,Charlotte FC,Croatia,,1200000,EUR,2026-12-31
818920,Jeisson Palacios,Nashville SC,Colombia,,480000,EUR,2026-12-31
827668,Petar Musa,FC Dallas,Croatia,,13000000,EUR,2027-12-31
832213,Joaqu\u00edn Pereyra,Minnesota United,Argentina,,4500000,EUR,2028-12-31
850038,Daniel,FC Dallas,Brazil,,825000,EUR,2026-12-31
888812,Mart\u00edn Ojeda,Orlando City SC,Argentina,,9900000,EUR,2029-06-30
928432,James Pantemis,Portland Timbers,Canada,,910000,EUR,2026-12-31
945420,Cole Bassett,Portland Timbers,USA,,3400000,EUR,2027-12-31
1002266,Ralph Priso,Vancouver Whitecaps,Canada,,775000,EUR,2026-12-31
1025196,Jack McGlynn,Houston Dynamo,USA,,4800000,EUR,2028-12-31
1047171,Brian Schwake,Nashville SC,USA,,1100000,EUR,2026-12-31
1117904,Diego Luna,Real Salt Lake,USA,,7800000,EUR,2026-12-31
1578999,Zavier Gozo,Real Salt Lake,USA,,6400000,EUR,2027-12-31
35166,Thomas M\u00fcller,Vancouver Whitecaps,Germany,,3700000,EUR,2026-12-31
234890,Mark Delgado,Los Angeles FC,USA,,2400000,EUR,2028-12-31
314190,Brad Stuver,Austin FC,USA,,325000,EUR,2026-12-31
324353,Aleksey Miranchuk,Atlanta United,Russia,,7100000,EUR,2027-12-31
539882,Aaron Long,Los Angeles FC,USA,,550000,EUR,2027-12-31
760618,Denis Bouanga,Los Angeles FC,Gabon,,7700000,EUR,2028-12-31
790171,Cristian Rold\u00e1n,Seattle Sounders FC,USA,,3800000,EUR,2027-12-31
797162,Bryan Acosta,Nashville SC,Honduras,,575000,EUR,2026-12-31
817567,Sam Surridge,Nashville SC,England,,8199999,EUR,2028-06-30
882537,Alex Rold\u00e1n,Seattle Sounders FC,El Salvador,,3200000,EUR,2029-06-30
990743,Morgan Guilavogui,Real Salt Lake,Guinea,,4099999,EUR,2029-06-30
1019033,Juan Mosquera,Portland Timbers,Colombia,,2900000,EUR,2027-12-31
1022962,Jonathan Sirois,FC Dallas,Canada,,825000,EUR,2026-12-31
1046097,Justin Che,New York Red Bulls,USA,,865000,EUR,2028-12-31
1172585,Niko Tsakiris,San Jose Earthquakes,USA,,4700000,EUR,2029-06-30
1389979,Preston Judd,San Jose Earthquakes,USA,,2400000,EUR,2029-06-30
1482474,Giovanny Sequera,Philadelphia Union II,Venezuela,,79000,EUR,2026-12-31
1510914,Bruno Qui\u00f1onez,Vancouver Whitecaps,Ecuador,,1500000,EUR,2029-06-30
1546886,Santiago Morales,Inter Miami CF,USA,,130000,EUR,2027-12-31
1836013,Beau Leroux,San Jose Earthquakes,USA,,3100000,EUR,2028-06-30
107414,James Rodr\u00edguez,No team,Colombia,,1500000,EUR,
111505,Son Heung-min,Los Angeles FC,South Korea,,16399999,EUR,2027-12-31
111850,Wilfried Zaha,No team,C\u00f4te d'Ivoire,,3700000,EUR,
124980,Rafael Cabral,Real Salt Lake,Brazil,,185000,EUR,2027-12-31
221350,Hany Mukhtar,Nashville SC,Germany,,6200000,EUR,2026-12-31
280721,Marcus Ingvartsen,San Diego FC,Denmark,,4099999,EUR,2027-12-31
800332,Prince Owusu,CF Montr\u00e9al,Ghana,,4700000,EUR,2028-06-30
822372,Eduard L\u00f6wen,St.Louis City,Germany,,3800000,EUR,2026-12-31
822703,Mamadou Fofana,New England Revolution,Mali,,2200000,EUR,2027-12-31
862470,K\u00e9vin Denkey,FC Cincinnati,Togo,,11600000,EUR,2028-12-31
901285,Joseph Paintsil,LA Galaxy,Ghana,,6400000,EUR,2027-12-31
977874,DeJuan Jones,San Jose Earthquakes,USA,,2400000,EUR,2027-12-31
985427,Rafael Navarro,Colorado Rapids,Brazil,,6200000,EUR,2027-12-31
988802,Maxwell Woledzi,Nashville SC,Ghana,,2700000,EUR,2028-12-31
995072,Gabriel Pec,LA Galaxy,Brazil,,7300000,EUR,
1016898,Matheus Pereira,Toronto FC,Brazil,,1400000,EUR,2028-06-30
1133416,Jackson Ragen,Seattle Sounders FC,USA,,2900000,EUR,2027-12-31
1393279,Fallou Fall,St.Louis City,Senegal,,2600000,EUR,2028-12-31
1489304,Noel Caliskan,Real Salt Lake,Germany,,1600000,EUR,2029-06-30
1646783,Lucas Herrington,Colorado Rapids,Australia,,4900000,EUR,2029-12-31
16943,Luis Su\u00e1rez,Inter Miami CF,Uruguay,,1400000,EUR,2026-12-31
118178,Andy Najar,Nashville SC,Honduras,,435000,EUR,2026-12-31
546416,Andr\u00e9s Cubas,Vancouver Whitecaps,Paraguay,,4300000,EUR,2028-06-30
595576,Jonathan Bamba,Chicago Fire,C\u00f4te d'Ivoire,,3800000,EUR,2027-12-31
788977,Stijn Spierings,Real Salt Lake,Netherlands,,1700000,EUR,2028-06-30
874572,Facundo Torres,Austin FC,Uruguay,,9700000,EUR,2030-06-30
877391,Onni Valakari,San Diego FC,Finland,,5400000,EUR,2028-12-31
880766,JT Marcinkowski,LA Galaxy,USA,,370000,EUR,2026-12-31
880796,Josh Sargent,Toronto FC,USA,,14500000,EUR,2031-06-30
944437,Matti Peltola,DC United,Finland,,1400000,EUR,2027-12-31
945477,Lukas Engel,Real Salt Lake,Denmark,,3100000,EUR,2028-12-31
1000446,Wikelman Carmona,CF Montr\u00e9al,Venezuela,,3200000,EUR,2027-12-31
1024293,Chris Brady,Chicago Fire,USA,,2400000,EUR,2026-12-31
1035648,Daniel Edelman,St.Louis City,USA,,2100000,EUR,2029-06-30
1106270,Patrick Yazbek,Nashville SC,Australia,,3200000,EUR,2027-12-31
1126378,Jack Maher,Nashville SC,USA,,1800000,EUR,2027-12-31
1129429,Brayan Ceballos,New England Revolution,Colombia,,1700000,EUR,2027-12-31
1190389,Duran Ferree,San Diego FC,USA,,1600000,EUR,2027-12-31
1470478,Alonso Coello,Toronto FC,Spain,,1000000,EUR,2027-12-31
1807171,Luca Bombino,San Diego FC,USA,,2400000,EUR,2029-06-30
37378,Roman B\u00fcrki,St.Louis City,Switzerland,,970000,EUR,2027-12-31
279513,Anton Sal\u00e9tros,Chicago Fire,Sweden,,2400000,EUR,2028-12-31
841725,Christopher Durkin,St.Louis City,USA,,1800000,EUR,2028-06-30
874568,Juan Sanabria,Real Salt Lake,Uruguay,,3800000,EUR,2030-06-30
889776,Ryan Porteous,Los Angeles FC,Scotland,,3300000,EUR,2028-12-31
902084,Edvard Tagseth,Nashville SC,Norway,,2700000,EUR,2027-12-31
928439,Tristan Blackmon,Vancouver Whitecaps,USA,,3700000,EUR,2030-06-30
937110,Brian White,Vancouver Whitecaps,USA,,4900000,EUR,2027-12-31
973557,Leonardo Campana,New England Revolution,Ecuador,,2100000,EUR,2027-12-31
978014,Math\u00edas Laborda,Vancouver Whitecaps,Uruguay,,4200000,EUR,2026-12-31
988963,Matthew Longstaff,CF Montr\u00e9al,England,,1600000,EUR,2026-12-31
1012476,Yannick Bright,Inter Miami CF,Italy,,1800000,EUR,2028-12-31
1122223,Paul Rothrock,Seattle Sounders FC,USA,,3000000,EUR,2029-06-30
1167100,Finn Surman,Portland Timbers,New Zealand,,1900000,EUR,2026-12-31
1467403,Shakur Mohammed,Nashville SC,Ghana,,165000,EUR,2026-12-31
1471659,Maximilian Arfsten,Columbus Crew,USA,,5400000,EUR,2027-12-31
1472823,Daniel Munie,San Jose Earthquakes,USA,,2600000,EUR,2028-12-31
1823640,Adri Mehmeti,New York Red Bulls,USA,,5500000,EUR,2028-12-31
2058228,Mbekezeli Mbokazi,Chicago Fire,South Africa,,3800000,EUR,2029-12-31
2240577,Will Cleary,Charlotte FC,USA,,70000,EUR,2026-12-31
118179,Tim Ream,Charlotte FC,USA,,145000,EUR,2026-12-31
134903,Albert Rusn\u00e1k,Seattle Sounders FC,Slovakia,,2800000,EUR,2026-12-31
792317,Manu Garc\u00eda,Sporting Kansas City,Spain,,4300000,EUR,2027-12-31
844670,Timothy Tillman,Los Angeles FC,USA,,3100000,EUR,2028-12-31
867720,Stefan Cleveland,Sporting Kansas City,USA,,140000,EUR,2026-12-31
869211,\u0110or\u0111e Mihailovi\u0107,Toronto FC,USA,,5900000,EUR,2028-12-31
869853,Jes\u00fas Ferreira,Seattle Sounders FC,USA,,4200000,EUR,2027-12-31
877308,Jo\u00e3o Klauss,LA Galaxy,Brazil,,2300000,EUR,2026-12-31
976021,Edwin Cerrillo,LA Galaxy,USA,,3700000,EUR,2026-12-31
988775,Jos\u00e9 Caicedo,Portland Timbers,Colombia,,3300000,EUR,2030-06-30
993443,Nicholas Defreitas-Hansen,Colorado Rapids,Denmark,,275000,EUR,2028-12-31
1035515,Paxten Aaronson,Colorado Rapids,USA,,5600000,EUR,2030-12-31
1153541,Jorge Ruvalcaba,New York Red Bulls,Mexico,,5700000,EUR,2030-06-30
1188972,Kevin Kelsy,Portland Timbers,Venezuela,,4099999,EUR,2028-12-31
1199103,Tate Johnson,Vancouver Whitecaps,USA,,1800000,EUR,2027-12-31
1199278,Luca Langoni,New England Revolution,Argentina,,4700000,EUR,2027-12-31
1645789,Frankie Westfield,Philadelphia Union,USA,,1400000,EUR,2028-12-31
1647759,Logan Farrington,FC Dallas,USA,,1900000,EUR,2028-06-30
1893583,Mateo Silvetti,Inter Miami CF,Argentina,,5700000,EUR,2029-12-31
2032776,Reid Roberts,San Jose Earthquakes,USA,,1000000,EUR,2026-12-31
47278,Diego Char\u00e1,Portland Timbers,Colombia,,97000,EUR,2026-12-31
100203,Santiago Moreno,FC Dallas,Colombia,,3100000,EUR,2026-12-31
243967,Kim Kee-hee,Seattle Sounders FC,South Korea,,135000,EUR,2026-12-31
551568,Thiago Martins,New York City FC,Brazil,,2600000,EUR,2026-12-31
829207,Richie Laryea,Toronto FC,Canada,,950000,EUR,2026-12-31
857773,Tristan Muyumba,Atlanta United,France,,2000000,EUR,2026-12-31
869038,Nouhou Tolo,Seattle Sounders FC,Cameroon,,3400000,EUR,2029-06-30
891600,Dylan Chambost,Columbus Crew,France,,2400000,EUR,2029-06-30
914857,Pep Biel,Charlotte FC,Spain,,5900000,EUR,2027-12-31
943114,Alhassan Yusuf,New England Revolution,Nigeria,,3100000,EUR,2027-12-31
973436,Matthew Freese,New York City FC,USA,,2100000,EUR,2030-12-31
977825,Lasse Berg Johnsen,Sporting Kansas City,Norway,,3100000,EUR,2028-06-30
1020459,Nkosi Tafari,Los Angeles FC,USA,,1900000,EUR,2026-12-31
1102816,Nicol\u00e1s Romero,Minnesota United,Argentina,,2700000,EUR,2027-12-31
1172471,Anthony Markanich,Minnesota United,USA,,2800000,EUR,2028-12-31
1188861,David Mart\u00ednez Morales,Los Angeles FC,Venezuela,,4800000,EUR,2027-12-31
1468930,Taha Habroune,Columbus Crew,USA,,2600000,EUR,2027-12-31
1653162,Jamar Ricketts,San Jose Earthquakes,USA,,750000,EUR,2026-12-31
1653167,Tyrese Spicer,Orlando City SC,Trinidad and Tobago,,515000,EUR,2028-06-30
2456862,Sergi Solans,Real Salt Lake,Spain,,1800000,EUR,2027-06-30
48472,Maxi Moralez,New York City FC,Argentina,,110000,EUR,2026-12-31
150582,Jakob Glesnes,LA Galaxy,Norway,,2100000,EUR,2029-06-30
827994,Brendan Hines-Ike,Austin FC,USA,,915000,EUR,2026-12-31
846665,Jos\u00e9 Cifuentes,Rangers,Ecuador,,4300000,EUR,2027-06-30
847938,Aiden O'Neill,New York City FC,Australia,,2900000,EUR,2028-12-31
886223,Stephen Eustaquio,FC Porto,Canada,,6500000,EUR,2027-06-30
915129,Osaze Urhoghide,FC Dallas,England,,1900000,EUR,2028-12-31
937255,Mathieu Choini\u00e8re,Los Angeles FC,Canada,,845000,EUR,2028-12-31
991364,Kai Trewin,New York City FC,Australia,,1600000,EUR,2029-06-30
1013934,Drake Callender,Minnesota United,USA,,1300000,EUR,2026-12-31
1016811,Milan Iloski,Philadelphia Union,USA,,3100000,EUR,2027-12-31
1019782,Benjamin Kikanovi\u0107,San Jose Earthquakes,USA,,730000,EUR,2026-12-31
1047422,Raul Gustavo,New York City FC,Brazil,,1500000,EUR,2027-12-31
1117520,Matthew Corcoran,Nashville SC,USA,,1500000,EUR,2027-12-31
1119321,Cody Baker,New England Revolution,USA,,210000,EUR,2026-12-31
1144146,Nectarios Triantis,Minnesota United,Greece,,3700000,EUR,2029-12-31
1191921,Agustin Ojeda,New York City FC,Argentina,,5200000,EUR,2028-12-31
1818636,Morrison Agyemang,Charlotte FC,Ghana,,1300000,EUR,2029-06-30
1857031,Kenji Mboma Dem,FC Cincinnati,France,,450000,EUR,2026-12-31
2040230,Manu Duah,San Diego FC,Ghana,,3200000,EUR,2027-12-31
9048,Hugo Lloris,Los Angeles FC,France,,970000,EUR,2026-12-31
24248,Maya Yoshida,LA Galaxy,Japan,,92000,EUR,2026-12-31
273031,Jonathan Osorio,Toronto FC,Canada,,970000,EUR,2026-12-31
789680,Cristian Espinoza,Nashville SC,Argentina,,4800000,EUR,2028-12-31
794516,Yohei Takaoka,Vancouver Whitecaps,Japan,,3800000,EUR,2027-06-30
831809,Diego Rossi,CF Monterrey,Uruguay,,6800000,EUR,2029-06-30
877656,Kristoffer Velde,Portland Timbers,Norway,,5200000,EUR,2028-12-31
885663,Dejan Jovelji\u0107,Sporting Kansas City,Serbia,,7100000,EUR,2027-12-31
888735,Maren Haile-Selassie,Chicago Fire,Switzerland,,1700000,EUR,2026-12-31
910055,Jesus Bueno,Philadelphia Union,Venezuela,,735000,EUR,2026-12-31
911583,Pavel Bucha,FC Cincinnati,Czechia,,4300000,EUR,2026-12-31
951986,Iv\u00e1n Jaime,FC Porto,Spain,,3700000,EUR,2028-06-30
1002365,Tayvon Gray,New York City FC,Jamaica,,3200000,EUR,2026-12-31
1002725,Jeong Sang-bin,St.Louis City,South Korea,,1600000,EUR,2026-12-31
1102593,Warren Madrigal,Nashville SC,Costa Rica,,1500000,EUR,2029-06-30
1126470,Andrew Thomas,Seattle Sounders FC,USA,,740000,EUR,2027-12-31
1145681,Ilay Feingold,New England Revolution,Israel,,2800000,EUR,2027-12-31
1190740,Devin Padelford,Minnesota United,USA,,530000,EUR,2026-12-31
1218085,\u00c9dier Ocampo,Vancouver Whitecaps,Colombia,,3700000,EUR,2027-12-31
1468985,Jeevan Badwal,Vancouver Whitecaps,Canada,,775000,EUR,2027-12-31
37092,Marco Reus,LA Galaxy,Germany,,1400000,EUR,2027-12-31
156102,An\u00edbal Godoy,San Diego FC,Panama,,97000,EUR,2026-12-31
583670,Justen Glad,Real Salt Lake,USA,,3100000,EUR,2026-12-31
754136,Yeimar G\u00f3mez,Seattle Sounders FC,Colombia,,920000,EUR,2026-12-31
822606,Germ\u00e1n Berterame,Inter Miami CF,Mexico,,12400000,EUR,2029-06-30
839719,Wessam Abou Ali,Columbus Crew,Palestine,,5800000,EUR,2027-12-31
842345,Vitor Costa,San Jose Earthquakes,Brazil,,390000,EUR,2026-12-31
849138,Franco Negri,Houston Dynamo,Argentina,,385000,EUR,2026-12-31
873316,Jack Elliott,Chicago Fire,England,,2300000,EUR,2026-12-31
881592,Jimmy Maurer,Houston Dynamo,USA,,97000,EUR,2026-12-31
984593,Mohamed Farsi,Columbus Crew,Algeria,,2400000,EUR,2027-12-31
1034885,Antino Lopez,Seattle Sounders FC,USA,,315000,EUR,2026-12-31
1105341,Micael,Inter Miami CF,Brazil,,3900000,EUR,2026-12-31
1459658,Bryan Ramirez,FC Cincinnati,Ecuador,,2900000,EUR,2029-06-30
1469018,Pedro Soma,San Diego FC,USA,,775000,EUR,2027-12-31
1491651,Ronald Donkor,New York Red Bulls,Ghana,,2100000,EUR,2030-06-30
1647761,Michael Collodi,FC Dallas,USA,,425000,EUR,2026-12-31
1854324,Anisse Saidi,Monterey Bay FC,Tunisia,,290000,EUR,2026-11-30
2060299,Sam Sarver,FC Dallas,USA,,760000,EUR,2026-12-31
2474187,Bryan Zambl\u00e9,San Diego FC,C\u00f4te d'Ivoire,,825000,EUR,2026-12-31
290943,Robert Taylor,LA Galaxy,Finland,,1000000,EUR,2026-12-31
332995,Zack Steffen,Colorado Rapids,USA,,1400000,EUR,2026-12-31
358218,Harry Toffolo,Charlotte FC,England,,2100000,EUR,2028-12-31
823435,Kyle Duncan,Minnesota United,Jamaica,,1300000,EUR,2026-12-31
832411,Hannes Wolf,New York City FC,Austria,,4700000,EUR,2027-12-31
840513,Tai Baribo,DC United,Israel,,5700000,EUR,2030-06-30
895350,Tom\u00e1s Chancalay,Minnesota United,Argentina,,2400000,EUR,2028-06-30
895533,Myrto Uzuni,Austin FC,Albania,,4099999,EUR,2027-12-31
983282,Ousseni Bouda,San Jose Earthquakes,Burkina Faso,,1700000,EUR,2027-12-31
1017474,Juli\u00e1n Aude,LA Galaxy,Argentina,,1900000,EUR,2027-12-31
1023091,David Pereira Da Costa,Portland Timbers,Portugal,,5500000,EUR,2028-12-31
1118141,Bernard Kamungo,FC Dallas,USA,,1100000,EUR,2027-12-31
1125092,Ariel Lassiter,Portland Timbers,Costa Rica,,530000,EUR,2026-12-31
1131136,Kerwin Calder\u00f3n Vargas,Charlotte FC,Colombia,,3700000,EUR,2027-12-31
1172531,Luka Gavran,Toronto FC,Canada,,775000,EUR,2027-12-31
1173167,Danley Jean Jacques,Philadelphia Union,Haiti,,3200000,EUR,2026-12-31
1188926,Ender Echenique,FC Cincinnati,Venezuela,,1300000,EUR,2028-12-31
1435240,Nolan Norris,FC Dallas,USA,,515000,EUR,2029-06-30
1799195,Lucas Sanabria,LA Galaxy,Uruguay,,3600000,EUR,2029-12-31
1847481,Justin Ellis,Orlando City SC,USA,,485000,EUR,2027-06-30
94743,Jonathan Bond,Houston Dynamo,England,,470000,EUR,2026-12-31
235460,Andr\u00e9 Gomes,Columbus Crew,Portugal,,2900000,EUR,2027-06-30
254159,Erik Thommy,LA Galaxy,Germany,,1100000,EUR,2027-06-30
280025,Timo Baumgartl,St.Louis City,Germany,,875000,EUR,2026-12-31
335747,Stian Gregersen,Atlanta United,Norway,,1500000,EUR,2027-12-31
588630,Joao Ort\u00edz,Portland Timbers,Ecuador,,1600000,EUR,2027-12-31
798921,D\u00e1niel Sall\u00f3i,Toronto FC,Hungary,,2400000,EUR,2026-12-31
806978,Malte Amundsen,Columbus Crew,Denmark,,2600000,EUR,2027-12-31
881579,Paul Marie,San Jose Earthquakes,France,,370000,EUR,2026-12-31
944897,Jean-Claude Ngando,Vancouver Whitecaps,France,,620000,EUR,2026-12-31
946472,Miguel Navarro,Colorado Rapids,Venezuela,,2100000,EUR,2026-12-31
1002489,Jayden Nelson,Austin FC,Canada,,1900000,EUR,2028-12-31
1002530,Patrickson Delgado,FC Dallas,Ecuador,,2700000,EUR,2027-12-31
1108955,Calvin Harris,Sporting Kansas City,England,,870000,EUR,2027-06-30
1172439,Roman Celentano,FC Cincinnati,USA,,2300000,EUR,2027-12-31
1386727,Idan Toklomati,Charlotte FC,Israel,,4600000,EUR,2029-06-30
1467898,Jefferson D\u00edaz,Minnesota United,Colombia,,1500000,EUR,2026-12-31
1546887,Julian Hall,New York Red Bulls,USA,,8199999,EUR,2026-12-31
1647295,Ariath Piol,Real Salt Lake,Australia,,390000,EUR,2027-12-31
2038234,Max Floriani,San Jose Earthquakes,USA,,430000,EUR,2026-12-31
111108,Sean Johnson,DC United,USA,,310000,EUR,2027-06-30
135777,Rudy Camacho,Columbus Crew,France,,155000,EUR,2026-12-31
242209,Ant\u00f4nio Carlos,Houston Dynamo,Brazil,,450000,EUR,2026-12-31
540004,Nick Hagglund,FC Cincinnati,USA,,275000,EUR,2027-12-31
558698,Daniel Lovitz,Nashville SC,USA,,310000,EUR,2026-12-31
822572,Kye Rowles,DC United,Australia,,1600000,EUR,2026-12-31
864666,Teenage Hadebe,FC Cincinnati,Zimbabwe,,875000,EUR,2026-12-31
868843,Miles Robinson,FC Cincinnati,USA,,3200000,EUR,2027-12-31
869993,Eddie Segura,Los Angeles FC,Colombia,,2100000,EUR,2026-12-31
880765,Emmanuel Sabbi,Vancouver Whitecaps,USA,,2600000,EUR,2027-12-31
881876,Christopher McVey,San Diego FC,Sweden,,1800000,EUR,2027-12-31
983770,Andrew Gutman,Chicago Fire,USA,,1500000,EUR,2026-12-31
1005586,Dor Turgeman,New England Revolution,Israel,,4600000,EUR,2028-12-31
1035631,Ajani Fortune,Atlanta United,Trinidad and Tobago,,1200000,EUR,2026-12-31
1125090,Walker Zimmerman,Toronto FC,USA,,1600000,EUR,2028-06-30
1172487,Philip Quinton,Real Salt Lake,USA,,755000,EUR,2026-12-31
1176604,Sean Zawadzki,Columbus Crew,USA,,2600000,EUR,2030-12-31
1192579,Lawrence Ennali,Houston Dynamo,Germany,,1800000,EUR,2026-12-31
1476461,Ethan Kohler,New England Revolution,USA,,515000,EUR,2029-06-30
1631872,Kaick,FC Dallas,Brazil,,3300000,EUR,2028-12-31
106111,Lucas Hoyos,Atlanta United,Argentina,,155000,EUR,2026-12-31
286923,Saba Lobzhanidze,Real Salt Lake,Georgia,,3200000,EUR,2026-12-31
539390,Ryan Hollingshead,Los Angeles FC,USA,,415000,EUR,2027-12-31
861493,Iv\u00e1n Angulo,Orlando City SC,Colombia,,3300000,EUR,2026-12-31
867806,Henry Wingo,Toronto FC,USA,,275000,EUR,2026-12-31
928455,Mateusz Bogusz,Houston Dynamo,Poland,,6400000,EUR,2028-06-30
942834,Cheick Tidiane Sabaly,Samsunspor,Senegal,,2700000,EUR,2029-06-30
966834,Pablo Sisniega,San Diego FC,Mexico,,160000,EUR,2027-12-31
989122,Connor Ronan,Aberdeen,Ireland,,1100000,EUR,2028-06-30
991451,Louicius Don Deedson,FC Dallas,Haiti,,1300000,EUR,2028-12-31
1047550,Darren Yapi,Colorado Rapids,USA,,2400000,EUR,2029-06-30
1049028,Isaac Boehmer,Vancouver Whitecaps,Canada,,240000,EUR,2027-12-31
1049597,Josh Bauer,Nashville SC,USA,,370000,EUR,2026-12-31
1120366,Griffin Dillon,Real Salt Lake,USA,,620000,EUR,
1126587,Willy Kumado,San Diego FC,Ghana,,1000000,EUR,2026-12-31
1131122,Jackson Hopkins,DC United,USA,,1900000,EUR,2029-06-30
1154433,Owen Gene,Minnesota United,Guadeloupe,,1500000,EUR,2027-12-31
1154919,Tom\u00e1s Jacob,Atlanta United,Argentina,,4400000,EUR,2029-06-30
1809137,Owen Presthus,Columbus Crew,USA,,52000,EUR,2027-06-30
2255585,Charles-Emile Brunet,Nashville SC,Canada,,97000,EUR,2026-12-31
226958,Mikkel Desler,Austin FC,Denmark,,1100000,EUR,2027-12-31
590324,Benjamin Kuscevic,Toronto FC,Chile,,1900000,EUR,2026-12-31
793228,Rob Holding,Colorado Rapids,England,,2800000,EUR,2026-12-31
800377,Dave Romney,San Jose Earthquakes,USA,,540000,EUR,2026-12-31
800698,Shapi Suleymanov,Sporting Kansas City,Russia,,2600000,EUR,2026-12-31
845780,Keaton Parks,New York City FC,USA,,2800000,EUR,2026-12-31
887154,Andr\u00e9s Perea,New York City FC,USA,,2700000,EUR,2028-06-30
942252,Patrick Schulte,Columbus Crew,USA,,3400000,EUR,2027-12-31
974792,Cade Cowell,New York Red Bulls,USA,,3900000,EUR,2026-12-31
985148,Joseph Rosales,Austin FC,Honduras,,2600000,EUR,2029-06-30
1002150,Capita,Sporting Kansas City,Angola,,1900000,EUR,2029-06-30
1002523,Jo\u00e3o Peglow,DC United,Brazil,,1300000,EUR,2027-12-31
1014477,Jared Stroud,DC United,USA,,1200000,EUR,2026-12-31
1017957,Dylan Nealis,New York Red Bulls,USA,,1700000,EUR,2027-12-31
1025295,Jalen Neal,CF Montr\u00e9al,USA,,880000,EUR,2027-12-31
1117113,Thomas Gillier,CF Montr\u00e9al,Chile,,1900000,EUR,2026-12-31
1198239,Miguel Perez,St.Louis City,USA,,515000,EUR,2026-12-31
1390457,Samuel Gidi,FC Cincinnati,Slovakia,,2300000,EUR,2028-12-31
1495920,Gerardo Valenzuela,FC Cincinnati,USA,,1700000,EUR,2026-12-31
2048687,Ian Smith,Portland Timbers,USA,,515000,EUR,2026-12-31
155736,Maxime Cr\u00e9peau,Orlando City SC,Canada,,1900000,EUR,2028-06-30
204790,H\u00e9ctor Herrera,Houston Dynamo,Mexico,,580000,EUR,2026-12-31
326643,Cedric Teuchert,No team,Germany,,2200000,EUR,
330693,Ramiro,FC Dallas,Brazil,,515000,EUR,2026-12-31
331411,Andre Blake,Philadelphia Union,Jamaica,,290000,EUR,2026-12-31
794457,Christian Ramirez,Austin FC,USA,,190000,EUR,2026-12-31
829556,Keegan Rosenberry,Colorado Rapids,USA,,620000,EUR,2027-12-31
862550,Dagur Dan \u00de\u00f3rhallsson,CF Montr\u00e9al,Iceland,,1400000,EUR,2028-06-30
881222,Sergio C\u00f3rdova,BSC Young Boys,Venezuela,,1300000,EUR,2029-06-30
905450,Lucas Halter,Houston Dynamo,Brazil,,1500000,EUR,2030-06-30
940262,Kelvin Yeboah,Minnesota United,Italy,,7200000,EUR,2027-12-31
976378,Japhet Sery Larsen,Philadelphia Union,Denmark,,1600000,EUR,2029-06-30
1002447,Hamzat Ojediran,Colorado Rapids,Nigeria,,2800000,EUR,2029-06-30
1015307,Osaze De Rosario,Seattle Sounders FC,Guyana,,775000,EUR,2029-06-30
1020472,Joel Waterman,Chicago Fire,Canada,,1900000,EUR,2027-12-31
1105836,Mat\u00edas Galarza,River Plate,Paraguay,,2800000,EUR,2028-12-31
1116373,Daniel Pereira,CF Montr\u00e9al,Venezuela,,3100000,EUR,2028-12-31
1119332,Aziel Jackson,Jagiellonia Bia\u0142ystok,USA,,1500000,EUR,2028-06-30
1189295,Dante Polvara,St.Louis City,USA,,775000,EUR,2028-06-30
2476027,Agustin Resch,Houston Dynamo,Argentina,,455000,EUR,2026-12-31
128613,Ilie S\u00e1nchez,Austin FC,Spain,,220000,EUR,2026-12-31
155827,Samuel Piette,CF Montr\u00e9al,Canada,,645000,EUR,2027-12-31
796358,Diadi\u00e9 Samass\u00e9kou,Houston Dynamo,Mali,,970000,EUR,2026-12-31
829027,Fabian Herbers,CF Montr\u00e9al,Germany,,415000,EUR,2026-12-31
846468,Eduard Atuesta,Orlando City SC,Colombia,,3300000,EUR,2029-06-30
868677,Ian Harkes,San Jose Earthquakes,USA,,825000,EUR,2026-12-31
869283,Tomas Totland,St.Louis City,Norway,,1100000,EUR,2026-12-31
976223,Hassani Dotson,Seattle Sounders FC,USA,,2800000,EUR,2028-06-30
985860,Talles Magno,New York City FC,Brazil,,3700000,EUR,2027-12-31
1025348,Peter Kingston,Seattle Sounders FC,USA,,580000,EUR,2026-12-31
1086295,Kenji Cabrera,Vancouver Whitecaps,Peru,,1700000,EUR,2028-12-31
1099794,Herman Johansson,FC Dallas,Sweden,,1700000,EUR,2029-06-30
1106549,Telasco Segovia,Inter Miami CF,Venezuela,,6600000,EUR,2029-12-31
1106584,Gonzalo Luj\u00e1n,Inter Miami CF,Argentina,,1800000,EUR,2027-12-31
1121628,Nikola Petkovi\u0107,Seattle Sounders FC,Serbia,,1100000,EUR,2026-12-31
1139961,Carlos Garc\u00e9s,LA Galaxy,Colombia,,880000,EUR,2028-12-31
1492220,Stephen Afrifa,Sporting Kansas City,Canada,,485000,EUR,2026-12-31
1820716,Zakaria Taifi,Orlando City SC,Morocco,,380000,EUR,2026-12-31
2040224,Alex Harris,Colorado Rapids,USA,,160000,EUR,2027-12-31
2040225,Jesus Barea,Real Salt Lake,Spain,,140000,EUR,2026-12-31
51785,Emil Forsberg,New York Red Bulls,Sweden,,1900000,EUR,2026-12-31
793323,Sergi Palencia,Los Angeles FC,Spain,,2400000,EUR,2028-12-31
839818,Ronaldo Vieira,San Jose Earthquakes,Guinea-Bissau,,730000,EUR,2026-12-31
850828,Enea Mihaj,Atlanta United,Albania,,3200000,EUR,2028-12-31
873709,Brandt Bronico,Charlotte FC,USA,,1300000,EUR,2027-12-31
927038,Pedro Amador,Atlanta United,Portugal,,825000,EUR,2026-12-31
960307,Louis Munteanu,DC United,Romania,,5200000,EUR,2029-06-30
976342,Keisuke Kurokawa,DC United,Japan,,1300000,EUR,2029-06-30
982691,Ben Bender,Philadelphia Union,USA,,280000,EUR,2027-06-30
1000502,Alexander Aravena,Portland Timbers,Chile,,3600000,EUR,2026-12-31
1018135,Ryan Raposo,Los Angeles FC,Canada,,535000,EUR,2028-06-30
1069642,Noah Allen,Inter Miami CF,Greece,,2200000,EUR,2028-12-31
1172437,Lucas Bartlett,DC United,USA,,1400000,EUR,2027-12-31
1415014,Hugo Picard,Columbus Crew,France,,2800000,EUR,2028-12-31
1440380,Hennadii Synchuk,CF Montr\u00e9al,Ukraine,,3300000,EUR,2028-12-31
1492520,Georgi Minoungou,Colorado Rapids,Burkina Faso,,1600000,EUR,2028-12-31
1597261,Peyton Miller,New England Revolution,USA,,4600000,EUR,2029-06-30
1800522,Luca Moisa,Real Salt Lake,USA,,575000,EUR,2027-12-31
1847619,Jude Terry,Los Angeles FC,USA,,73000,EUR,2027-12-31
2053232,Nick Fernandez,San Jose Earthquakes,USA,,310000,EUR,2026-12-31
772421,Jordan Morris,Seattle Sounders FC,USA,,2800000,EUR,2027-12-31
796032,Emir Kari\u0107,Sporting Kansas City,Bosnia & Herzegovina,,1200000,EUR,2028-12-31
844594,Yevhen Cheberko,Los Angeles FC,Ukraine,,1300000,EUR,2026-12-31
848074,Emmanuel Latte Lath,Atlanta United,C\u00f4te d'Ivoire,,10400000,EUR,2028-12-31
906020,CJ Dos Santos,San Diego FC,Cape Verde,,935000,EUR,2027-12-31
934841,Kamal Miller,Portland Timbers,Canada,,2600000,EUR,2026-12-31
959627,Rafael Santos,St.Louis City,Brazil,,835000,EUR,2027-06-30
973286,Dayne St. Clair,Inter Miami CF,Canada,,3400000,EUR,2026-12-31
984486,Lukas MacNaughton,St.Louis City,Canada,,825000,EUR,2027-06-30
1025193,Nathan Harriel,Philadelphia Union,USA,,1600000,EUR,2026-12-31
1082817,Jaziel Orozco,St.Louis City,Mexico,,470000,EUR,2026-12-31
1171180,Alexis Manyoma,Colorado Rapids,Colombia,,1300000,EUR,2026-07-21
1392847,Ran Binyamin,FC Dallas,Israel,,1100000,EUR,2029-06-30
1444575,Dje Tah D'Avilla,Chicago Fire,C\u00f4te d'Ivoire,,4200000,EUR,2028-12-31
1820066,Harbor Miller,LA Galaxy,USA,,775000,EUR,2027-12-31
1859977,Ezequiel Abadia-Reda,Inter Miami CF,USA,,110000,EUR,2026-12-31
1880077,Aiden  Hezarkhani,Real Salt Lake,USA,,3200000,EUR,2028-12-31
2060263,Caleb Swann,FC Dallas,USA,,49000,EUR,2027-12-31
2061017,Kieran Chandler,Minnesota United,USA,,49000,EUR,2026-12-31
2475279,Kevin Pierre,New York City FC,USA,,80000,EUR,2026-12-31
159593,Robin Lod,Chicago Fire,Finland,,920000,EUR,2028-06-30
309290,Duane Holmes,Houston Dynamo,USA,,580000,EUR,2026-12-31
851226,Juan Berrocal,Getafe,Spain,,1500000,EUR,2027-06-30
962677,Djibril Diani,Charlotte FC,France,,1000000,EUR,2026-12-31
966456,Christian Cappis,FC Dallas,USA,,620000,EUR,2027-12-31
982986,Jeremy Rafanello,Philadelphia Union,USA,,220000,EUR,2026-12-31
983727,Tom Barlow,FC Cincinnati,USA,,290000,EUR,2026-12-31
1015222,Tanner Beason,New England Revolution,USA,,825000,EUR,2026-12-31
1025305,Alejandro Alvarado Jr,San Diego FC,USA,,195000,EUR,2026-12-31
1035473,Reed Baker-Whiting,Nashville SC,USA,,825000,EUR,2028-12-31
1035650,Efra\u00edn Morales,CF Montr\u00e9al,Bolivia,,650000,EUR,2028-12-31
1049223,Joaqu\u00edn Valiente,FC Dallas,Uruguay,,1700000,EUR,2028-06-30
1105971,Antony Alves,Portland Timbers,Brazil,,5200000,EUR,2026-12-31
1122222,Kosi Thompson,Colorado Rapids,Canada,,795000,EUR,2026-12-31
1150252,Brooklyn Raines,New England Revolution,USA,,2400000,EUR,2029-06-30
1192606,Nickseon Gomis,Toronto FC,France,,455000,EUR,2026-12-31
1473016,Celio Pompeu,St.Louis City,Brazil,,750000,EUR,2026-12-31
1544955,Andy Rojas,New York Red Bulls,Costa Rica,,1000000,EUR,2028-12-31
1887643,Kenny Nielsen,Los Angeles FC,USA,,77000,EUR,2026-12-31
2256841,Jackson Gilman,Toronto FC,USA,,79000,EUR,2026-12-31
38624,Michael Boxall,Minnesota United,New Zealand,,155000,EUR,2026-12-31
314104,Wil Trapp,Minnesota United,USA,,515000,EUR,2026-12-31
577012,Sebastien Ibeagha,FC Dallas,USA,,210000,EUR,2026-12-31
814214,Silvan Hefti,DC United,Switzerland,,775000,EUR,2027-06-30
842692,Raheem Edwards,Toronto FC,Jamaica,,750000,EUR,2026-12-31
882422,Sam Junqua,Real Salt Lake,USA,,870000,EUR,2028-06-30
883206,Braian Ojeda,Orlando City SC,Paraguay,,3700000,EUR,2029-06-30
965253,Liel Abada,Charlotte FC,Israel,,5300000,EUR,2026-12-31
984429,Victor Loturi,CF Montr\u00e9al,Canada,,1200000,EUR,2026-12-31
986393,Josh Atencio,Colorado Rapids,USA,,1800000,EUR,2027-12-31
1017171,Mauricio Pineda,Chicago Fire,USA,,1100000,EUR,2026-12-31
1047988,Ayoub Jabbari,FC Cincinnati,Morocco,,1400000,EUR,2028-12-31
1065353,Dante Sealy,Colorado Rapids,Trinidad and Tobago,,1600000,EUR,2026-12-31
1146156,Viktor Radojevi\u0107,Chicago Fire,Serbia,,1600000,EUR,2028-12-31
1194565,Morris Duggan,Minnesota United,Germany,,1900000,EUR,2026-12-31
1520842,Snyder Brunell,Seattle Sounders FC,USA,,1600000,EUR,2028-12-31
1653003,Kalani Kossa-Rienzi,Seattle Sounders FC,USA,,1100000,EUR,2026-12-31
1856143,Daniel Pinter,Inter Miami CF,USA,,190000,EUR,2028-06-30
2256849,Kwaku Agyabeng,Sporting Kansas City,Ghana,,270000,EUR,2028-06-30
2456861,Nikola Markovic,DC United,Canada,,275000,EUR,2029-06-30
149277,Diego Fag\u00fandez,New England Revolution,Uruguay,,1200000,EUR,2026-12-31
228336,Amahl Pellegrino,San Diego FC,Norway,,270000,EUR,2026-12-31
277437,Tyler Boyd,Los Angeles FC,USA,,515000,EUR,2026-12-31
343013,Ethan Horvath,New York Red Bulls,USA,,1100000,EUR,2027-06-30
547242,Adri\u00e1n Mar\u00edn,Orlando City SC,Spain,,1400000,EUR,2026-12-31
794968,Ondrej Lingr,Houston Dynamo,Czechia,,2900000,EUR,2028-06-30
840452,Artur,Houston Dynamo,Brazil,,2800000,EUR,2026-12-31
881501,Tah Anunga,FC Cincinnati,Cameroon,,740000,EUR,2026-12-31
978788,Thomas Hasal,Los Angeles FC,Canada,,215000,EUR,2026-12-31
1015224,Jack Skahan,San Jose Earthquakes,USA,,480000,EUR,2026-12-31
1034883,William Reilly,Atlanta United,USA,,380000,EUR,2026-12-31
1047683,Matheus Nascimento,Gr\u00eamio,Brazil,,1900000,EUR,2030-06-30
1083069,Kwadwo Opoku,GFS Panetolikos,Ghana,,390000,EUR,2026-12-31
1101887,Ahmed Qasem,Nashville SC,Iraq,,3600000,EUR,2027-12-31
1107911,Oliver Larraz,Vancouver Whitecaps,USA,,910000,EUR,2027-06-30
1185975,Nehuen Benedetti,New York Red Bulls,Argentina,,105000,EUR,2029-12-31
1517148,Emilio Aristiz\u00e1bal,Toronto FC,Colombia,,1200000,EUR,2026-12-31
1653176,Wayne Frederick,Colorado Rapids,Trinidad and Tobago,,580000,EUR,2026-12-31
1835768,Luis Ot\u00e1vio,Orlando City SC,Brazil,,3200000,EUR,2028-06-30
1939907,Andrei Chirila,FC Cincinnati,USA,,540000,EUR,2029-06-30
116130,Robin Jansson,Orlando City SC,Sweden,,370000,EUR,2027-12-31
314040,DeAndre Yedlin,Real Salt Lake,USA,,620000,EUR,2027-12-31
868675,Evan Louro,FC Cincinnati,USA,,140000,EUR,2026-12-31
871822,Steven Alzate,Atlanta United,Colombia,,2600000,EUR,2030-12-31
920608,Brandon Servania,DC United,USA,,740000,EUR,2026-12-31
980282,Amar Sejdic,Columbus Crew,USA,,325000,EUR,2026-12-31
1031209,Jovan Luki\u0107,Philadelphia Union,Serbia,,3200000,EUR,2026-12-31
1101444,Agustin Anello,Philadelphia Union,USA,,2000000,EUR,2029-06-30
1104136,Archie Goodwin,Charlotte FC,Australia,,730000,EUR,2028-12-31
1138450,Zach Booth,Real Salt Lake,USA,,375000,EUR,2026-12-31
1158264,Leonardo Barroso,Chicago Fire,Portugal,,965000,EUR,2028-12-31
1174184,William Sands,New England Revolution,USA,,645000,EUR,2030-06-30
1184242,Sekou Tidiany Bangoura,Columbus Crew,Guinea,,820000,EUR,2029-06-30
1415019,Olwethu Makhanya,Philadelphia Union,South Africa,,2100000,EUR,2027-12-31
1465091,Justin Reynolds,Sporting Kansas City,USA,,220000,EUR,2026-12-31
1468393,Jonathan Shore,New York City FC,USA,,1000000,EUR,2027-12-31
1469531,Tiago Souza,Orlando City SC,Brazil,,3800000,EUR,2028-06-30
1799676,Kieran Sargeant,San Diego FC,USA,,950000,EUR,2026-12-31
1807973,Dylan Borso,Chicago Fire FC II,USA,,210000,EUR,2027-12-31
1905863,Mauricio Gonz\u00e1lez,Minnesota United,Colombia,,930000,EUR,2030-06-30
287833,Steven Moreira,Columbus Crew,Cape Verde,,1500000,EUR,2026-12-31
329165,Oleksandr Svatok,Austin FC,Ukraine,,1100000,EUR,2027-12-31
787689,Faf\u00e0 Picault,Atlanta United,Haiti,,215000,EUR,2026-12-31
791508,Matt Polster,New England Revolution,USA,,480000,EUR,2027-12-31
813511,Shaq Moore,FC Dallas,USA,,1500000,EUR,2026-12-31
827449,Alexandros Katranis,Real Salt Lake,Greece,,1000000,EUR,2026-12-31
843079,Daniel Rios,CF Montr\u00e9al,Mexico,,485000,EUR,2026-12-31
888933,Jonathan Gonzalez,San Jose Earthquakes,Mexico,,580000,EUR,2026-12-31
906025,Indiana Vassilev,Philadelphia Union,USA,,2700000,EUR,2028-12-31
982466,Ibrahim Aliyu,Houston Dynamo,Nigeria,,1000000,EUR,2026-12-31
1025232,Jonathan Dean,Chicago Fire,USA,,830000,EUR,2027-12-31
1086321,Justin Haak,LA Galaxy,USA,,2600000,EUR,2026-12-31
1130071,Jules-Anthony Vilsaint,Toronto FC,Canada,,390000,EUR,2026-12-31
1137133,Dawid Bugaj,CF Montr\u00e9al,Poland,,620000,EUR,2026-12-31
1155347,Sergio Oregel,Chicago Fire,USA,,910000,EUR,2028-12-31
1190456,Gavin Turner,DC United,USA,,105000,EUR,2027-12-31
1199272,Juan Mina,New York Red Bulls,Colombia,,430000,EUR,2026-12-31
1469013,David Vazquez,San Diego FC,USA,,945000,EUR,2027-12-31
1508137,Puso Dithejane,Chicago Fire,South Africa,,1000000,EUR,2030-06-30
1513810,Mihail Gherasimencov,Vancouver Whitecaps,Moldova,,515000,EUR,2028-06-30
21626,Eric Maxim Choupo-Moting,New York Red Bulls,Cameroon,,1000000,EUR,2026-12-31
828012,Derrick Etienne,Toronto FC,Haiti,,770000,EUR,2026-12-31
858195,Sergio Reguil\u00f3n,Inter Miami CF,Spain,,3400000,EUR,2027-12-31
871701,Tom\u00e1\u0161 Ostr\u00e1k,St.Louis City,Czechia,,725000,EUR,2026-12-31
935827,Conner Antley,DC United,USA,,290000,EUR,2026-12-31
976224,Sean Nealis,DC United,USA,,1100000,EUR,2026-12-31
1035655,Matthew Edwards,Atlanta United,USA,,475000,EUR,2026-12-31
1131694,Marcus Caldeira,Minnesota United,Canada,,105000,EUR,2026-12-31
1172491,Ian Murphy,San Diego FC,USA,,945000,EUR,2026-12-31
1214396,Alex Bonetig,Portland Timbers,Australia,,1600000,EUR,2028-06-30
1485232,Juli\u00e1n Baz\u00e1n,New York Red Bulls,Colombia,,580000,EUR,2028-06-30
1586575,Felipe Andrade,Houston Dynamo,Brazil,,1900000,EUR,2027-12-31
1641243,Pedro Le\u00e3o,Orlando City B,Brazil,,110000,EUR,2026-12-31
1809122,Jordan Knight,Nashville SC,Canada,,97000,EUR,2026-12-31
1820249,Eric Klein,New England Revolution,USA,,105000,EUR,2026-12-31
1847696,Cavan Sullivan,Philadelphia Union,USA,,4300000,EUR,2028-12-31
1858922,Finn Sundstrom,Philadelphia Union II,USA,,185000,EUR,2028-12-31
2053193,Nico Cavallo,New York City FC,USA,,635000,EUR,2026-12-31
2187895,Alexander Shaw,Inter Miami CF,USA,,96000,EUR,2026-12-31
2244634,Harvey Sarajian,Orlando City SC,USA,,195000,EUR,2028-06-30
155953,Paul Arriola,Seattle Sounders FC,USA,,1900000,EUR,2027-12-31
326325,Sebastian Schonlau,Holstein Kiel,Germany,,520000,EUR,2027-06-30
333415,Felipe Mora,Portland Timbers,Chile,,1900000,EUR,2026-12-31
819026,Sergio Santos,Atlanta United,Brazil,,625000,EUR,2026-12-31
829568,Alex Muyl,Nashville SC,USA,,1900000,EUR,2026-12-31
831926,Miki Yamane,LA Galaxy,Japan,,825000,EUR,2026-12-31
864226,Reggie Cannon,Colorado Rapids,USA,,1600000,EUR,2027-12-31
880795,Aaron Herrera,No team,Guatemala,,1500000,EUR,2026-12-31
887836,Obinna Nwobodo,FC Cincinnati,Nigeria,,2700000,EUR,2027-12-31
926892,David Schnegg,Charlotte FC,Austria,,1600000,EUR,2026-12-31
976163,Zorhan Bassong,Sporting Kansas City,Canada,,1100000,EUR,2029-06-30
1025212,Theodore Ku-DiPietro,Colorado Rapids,USA,,1200000,EUR,2027-12-31
1025266,Caden Clark,DC United,USA,,1000000,EUR,2026-12-31
1025301,Mauricio Cuevas,Santos Laguna,USA,,555000,EUR,2029-06-30
1049502,Cameron Harper,New York Red Bulls,USA,,645000,EUR,2027-12-31
1088909,Zane Monlouis,Toronto FC,England,,550000,EUR,2026-12-31
1131700,David Ru\u00edz,Inter Miami CF,Honduras,,1400000,EUR,2028-12-31
1164099,Artem Smoliakov,Los Angeles FC,Ukraine,,1500000,EUR,2028-12-31
1394665,Amin Boudri,Los Angeles FC,Sweden,,3300000,EUR,2029-06-30
1653184,Hosei Kijima,DC United,Japan,,420000,EUR,2026-12-31
49855,Alejandro Bedoya,Philadelphia Union,USA,,105000,EUR,2026-12-31
284605,D\u00e1niel Gazdag,Columbus Crew,Hungary,,3100000,EUR,2027-12-31
805079,Maximiliano Falc\u00f3n,Inter Miami CF,Uruguay,,1700000,EUR,2028-12-31
830699,Agust\u00edn Bouzat,Houston Dynamo,Argentina,,620000,EUR,2028-06-30
846492,Luca De La Torre,Charlotte FC,USA,,2600000,EUR,2029-06-30
891539,Pablo Ru\u00edz,Real Salt Lake,Argentina,,1100000,EUR,2026-12-31
931823,Victor Olatunji,Real Salt Lake,Nigeria,,1800000,EUR,2028-06-30
976313,Jacob Shaffelburg,Los Angeles FC,Canada,,2600000,EUR,2026-12-31
992044,Alex Mighten,San Diego FC,England,,660000,EUR,2026-12-31
1002410,Deandre Kerr,Toronto FC,Canada,,1100000,EUR,2026-12-31
1019757,Luca Petrasso,CF Montr\u00e9al,Canada,,725000,EUR,2029-06-30
1035507,Brandan Craig,CF Montr\u00e9al,USA,,410000,EUR,2026-12-31
1035636,Roald Mitchell,New York Red Bulls,Trinidad and Tobago,,160000,EUR,2026-12-31
1066802,Marco Pa\u0161ali\u0107,Orlando City SC,Croatia,,7100000,EUR,2027-12-31
1107880,Ethan Bartlow,Sporting Kansas City,USA,,580000,EUR,2026-12-31
1122644,Noah Cobb,Colorado Rapids,USA,,1000000,EUR,2026-12-31
1384345,Rafael Mosquera,New York Red Bulls,Panama,,330000,EUR,2028-12-31
1613965,Nicolas Dubersarsky,Austin FC,Argentina,,1500000,EUR,2029-12-31
1856380,Jacob Bartlett,Sporting Kansas City,USA,,1100000,EUR,2027-12-31
2066022,Preston Plambeck,Inter Miami CF,USA,,155000,EUR,2026-12-31
147887,Nathan Byrne,Charlotte FC,England,,450000,EUR,2026-12-31
155727,Alvas Powell,FC Cincinnati,Jamaica,,320000,EUR,2026-12-31
245133,Julian Gressel,Minnesota United,USA,,1300000,EUR,2026-12-31
884308,Jonathan Bell,Austin FC,Jamaica,,290000,EUR,2028-06-30
973288,Griffin Dorsey,Orlando City SC,USA,,1600000,EUR,2028-06-30
974664,Facundo Mura,Inter Miami CF,Argentina,,2100000,EUR,2029-06-30
983805,Elijah Wynder,LA Galaxy,USA,,1100000,EUR,2027-12-31
983878,Jansen Miller,Sporting Kansas City,USA,,830000,EUR,2026-12-31
1014825,J\u00edmer Fory,Portland Timbers,Colombia,,1900000,EUR,2028-12-31
1047850,Guilherme Biro,Austin FC,Brazil,,1900000,EUR,2027-12-31
1090059,Dominik Marczuk,Real Salt Lake,Poland,,1300000,EUR,2027-12-31
1108925,Isaiah Parente,LA Galaxy,USA,,360000,EUR,2026-12-31
1121430,Theo Corbeanu,Toronto FC,Canada,,1400000,EUR,2027-12-31
1464681,M\u00e1ximo Carrizo,New York City FC,USA,,410000,EUR,2027-12-31
1494579,Noah Streit,CF Montr\u00e9al,Switzerland,,365000,EUR,2029-12-31
1823642,Taylor Calheira,Sporting Kansas City,USA,,310000,EUR,2028-06-30
2245459,Arnau  Farnos,New York City FC,Spain,,140000,EUR,2026-12-31
2255120,Ayoub Lajhar,FC Cincinnati,Libya,,160000,EUR,2026-12-31
2299982,Malik Jakupovic,Philadelphia Union II,USA,,290000,EUR,2030-06-30
316024,Jamal Thiar\u00e9,Columbus Crew,Senegal,,280000,EUR,2026-12-31
790144,Tim Parker,New York Red Bulls,USA,,310000,EUR,2026-12-31
867701,Jackson Yueill,New England Revolution,USA,,950000,EUR,2027-12-31
903632,Conrad Wallem,St.Louis City,Norway,,2600000,EUR,2029-06-30
925133,Brayan Vera,CF Montr\u00e9al,Colombia,,1500000,EUR,2028-06-30
979808,Griffin Yow,New England Revolution,USA,,2200000,EUR,2029-06-30
989830,David Ayala,Inter Miami CF,Argentina,,2600000,EUR,2026-12-31
1036290,Ian Fray,Inter Miami CF,Jamaica,,740000,EUR,2029-06-30
1047139,Owen Wolff,Austin FC,USA,,3800000,EUR,2030-06-30
1106585,Gilberto Flores,FC Cincinnati,Paraguay,,1200000,EUR,2027-12-31
1150256,Luke Brennan,Atlanta United 2,USA,,435000,EUR,2027-12-31
1213975,Nathan Ordaz,DC United,El Salvador,,1900000,EUR,2029-12-31
1469179,Duncan McGuire,Houston Dynamo,USA,,2200000,EUR,2027-12-31
1512461,Bruno Damiani,Philadelphia Union,Uruguay,,2200000,EUR,2028-12-31
1652363,Malachi Jones,New York City FC,Sierra Leone,,380000,EUR,2026-12-31
1653171,Jacob Murrell,DC United,USA,,360000,EUR,2026-12-31
1653180,Wyatt Meyer,Sporting Kansas City,USA,,580000,EUR,2026-12-31
1802297,Mohammed Sofo,New York Red Bulls,Ghana,,925000,EUR,2026-12-31
2049257,Seymour Garfield-Reid,New York City FC,Jamaica,,410000,EUR,2029-12-31
2298793,Mamadou  Dieng,Minnesota United,Senegal,,245000,EUR,2026-12-31
383550,Lewis Morgan,San Diego FC,Scotland,,1100000,EUR,2026-12-31
884211,Samuel Rogers,Chicago Fire,USA,,460000,EUR,2026-12-31
889142,Ranko Veselinovi\u0107,Vancouver Whitecaps,Serbia,,2900000,EUR,2026-12-31
932715,Olivier Mbaizo,No team,Cameroon,,325000,EUR,2026-12-31
954700,Andres Herrera,Columbus Crew,Argentina,,1600000,EUR,2029-06-30
990952,Darius Johnson,San Jose Earthquakes,Grenada,,170000,EUR,2026-12-31
1021385,John Pulskamp,Sporting Kansas City,USA,,540000,EUR,2026-12-31
1142239,Jorge Alastuey,Austin FC II,Spain,,105000,EUR,2026-12-31
1428991,Stiven Jimenez,FC Cincinnati 2,USA,,215000,EUR,2026-12-31
1469330,Chris Rindov,Ventura County FC,USA,,145000,EUR,2026-12-31
1470300,Andrew Privett,Charlotte FC,USA,,1200000,EUR,2028-12-31
1653170,Kimani Stewart-Baynes,Colorado Rapids,Canada,,220000,EUR,2026-12-31
1656806,Yutaro Tsukada,Orlando City SC,Japan,,180000,EUR,2026-12-31
1807970,Ervin Torres,Austin FC,USA,,97000,EUR,2028-12-31
1807988,Ruben Ramos,LA Galaxy,USA,,190000,EUR,2027-12-31
1834764,Christopher Cupps,Chicago Fire,USA,,110000,EUR,2028-12-31
1872950,Rayan Elloumi,Vancouver Whitecaps,Tunisia,,825000,EUR,2028-12-31
2054061,Gage Guerra,Portland Timbers,USA,,415000,EUR,2026-12-31
2060290,Nikola Djordjevic,Vancouver Whitecaps,USA,,145000,EUR,2026-12-31
378808,Wilder Cartagena,Orlando City SC,Peru,,1300000,EUR,2026-12-31
810536,Besard Sabovi\u0107,Austin FC,Sweden,,1500000,EUR,2027-12-31
867712,Jeremy Ebobisse,Los Angeles FC,Cameroon,,875000,EUR,2027-12-31
907214,Strahinja Tanasijevi\u0107,Yelimay Semey,Serbia,,430000,EUR,
928319,Brandon Bye,Portland Timbers,USA,,1900000,EUR,2027-12-31
981739,Bongokuhle Hlongwane,Minnesota United,South Africa,,1900000,EUR,2027-12-31
983306,Simon Becher,St.Louis City,USA,,860000,EUR,2028-06-30
1002260,Kobe Franklin,Toronto FC,Canada,,630000,EUR,2026-12-31
1017168,Jahkeele Marshall-Rutty,New York Red Bulls,Canada,,2200000,EUR,2027-12-31
1035510,Jack Jasinski,San Jose Earthquakes,USA,,285000,EUR,2026-12-31
1411695,Tom\u00e1s Avil\u00e9s,O'Higgins,Argentina,,2300000,EUR,2026-12-31
1468976,Olger Escobar,CF Montr\u00e9al,Guatemala,,525000,EUR,2026-12-31
1468987,Lazar Stefanovic,Toronto FC,Canada,,270000,EUR,2028-12-31
1515403,Andrew Baiera,New York City FC,USA,,180000,EUR,2027-12-31
1647585,Iago Silva,Orlando City SC,Brazil,,1400000,EUR,2029-06-30
1807984,Tanner Rosborough,New York Red Bulls,USA,,195000,EUR,2028-12-31
1840949,Tyger Smalls,Charlotte FC,England,,210000,EUR,2026-12-31
1847335,Brendan McSorley,St.Louis City,USA,,370000,EUR,2026-12-31
2039280,Ezekiel Alladoh,Philadelphia Union,Ghana,,3700000,EUR,2028-12-31
2118683,Stas Kornzeniowski,Philadelphia Union,USA,,310000,EUR,2026-12-31
330485,Matt Miazga,FC Cincinnati,USA,,1700000,EUR,2026-12-31
356444,Ezequiel Ponce,Houston Dynamo,Argentina,,3600000,EUR,2027-06-30
791953,Gustav Berggren,New York Red Bulls,Sweden,,2600000,EUR,2028-12-31
856583,David Brekalo,Orlando City SC,Slovenia,,3400000,EUR,2027-12-31
881590,Benjamin Lundt,St.Louis City,Germany,,215000,EUR,2027-12-31
883715,Chris Mueller,Chicago Fire,USA,,310000,EUR,2026-12-31
962317,Novak Mi\u0107ovi\u0107,LA Galaxy,Serbia,,530000,EUR,2026-12-31
1113626,Malcolm Fry,Lexington SC,USA,,69000,EUR,2026-12-31
1156696,Nariman Akhundzade,Columbus Crew,Azerbaijan,,2100000,EUR,2029-06-30
1393586,Mykhi Joyner,St.Louis City,USA,,190000,EUR,2028-12-31
1410465,Jackson Travis,Colorado Rapids,USA,,775000,EUR,2026-12-31
1485370,El\u00edas B\u00e1ez,Atlanta United,Argentina,,3300000,EUR,2028-12-31
1523670,Micah Chisholm,Toronto FC II,Canada,,49000,EUR,2026-12-31
1618626,Marcos Zambrano,New England Revolution,USA,,140000,EUR,2026-12-31
1846925,Cooper Sanchez,Atlanta United,USA,,1100000,EUR,2026-12-31
1887189,Eric Izoita,Portland Timbers II,USA,,190000,EUR,2026-12-31
1902649,Colin Guske,Orlando City SC,USA,,215000,EUR,2027-12-31
2043669,Ian Pilcher,San Diego FC,USA,,455000,EUR,2026-12-31
2064711,Malik Henry,Toronto FC,Canada,,515000,EUR,2026-12-31
2217480,Geiner Mart\u00ednez,Philadelphia Union,Colombia,,740000,EUR,2028-06-30
48050,Erik Sviatchenko,Houston Dynamo,Denmark,,535000,EUR,2026-12-31
814174,Cayman Togashi,Atlanta United,Japan,,145000,EUR,2026-12-31
818402,Brandon V\u00e1zquez,Austin FC,USA,,4900000,EUR,2028-12-31
832664,Anderson Julio,FC Dallas,Ecuador,,2400000,EUR,2026-12-31
894157,Sam Vines,Houston Dynamo,USA,,880000,EUR,2027-12-31
931740,Jon Gallagher,Austin FC,Ireland,,1900000,EUR,2028-06-30
1034907,Jacob Davis,Sporting Kansas City,USA,,1900000,EUR,2027-12-31
1108451,Tadeo Allende,Inter Miami CF,Argentina,,3900000,EUR,2030-06-30
1113518,Noel Buck,San Jose Earthquakes,England,,1100000,EUR,2026-12-31
1118577,Calvin Fodrey,Austin FC,USA,,340000,EUR,2027-12-31
1384342,Omar Valencia,New York Red Bulls,Panama,,1100000,EUR,2027-12-31
1469175,Nicholas Simmonds,FC Dallas,Jamaica,,68000,EUR,2026-12-31
1651662,Diego Borges,Sporting Kansas City,Brazil,,940000,EUR,2030-06-30
1807962,Jason Shokalook,Chicago Fire FC II,USA,,260000,EUR,2026-12-31
1820257,Cristiano Oliveira,New England Revolution,USA,,115000,EUR,2029-12-31
1892106,Wilson Eisner,San Diego FC,USA,,90000,EUR,2027-12-31
1992529,Owen Graham-Roache,CF Montr\u00e9al,Canada,,140000,EUR,2026-12-31
2067000,Mamadou Billo Diop,Colorado Rapids,Senegal,,94000,EUR,2028-06-30
2240573,Fletcher Bank,Toronto FC II,USA,,105000,EUR,2026-12-31
2248150,Ricky Louis,North Texas SC,USA,,77000,EUR,2026-12-31
818387,John Nelson,LA Galaxy,USA,,880000,EUR,2028-06-30
837084,Dominik Fitz,Minnesota United,Austria,,1500000,EUR,2029-12-31
881713,Daniel Musovski,Seattle Sounders FC,North Macedonia,,2400000,EUR,2028-06-30
886118,\u017dan Kolmani\u010d,Austin FC,Slovenia,,740000,EUR,2026-12-31
892128,D.J. Taylor,Minnesota United,USA,,330000,EUR,2026-12-31
983142,Kevin O'Toole,New York City FC,Ireland,,1200000,EUR,2026-12-31
985131,Carlos Harvey,Minnesota United,Panama,,630000,EUR,2028-12-31
997540,Robert Voloder,New York Red Bulls,Germany,,830000,EUR,2028-12-31
1046089,Javier Otero,Orlando City SC,Venezuela,,145000,EUR,2026-12-31
1124746,Mamadou Mbacke,St.Louis City,Senegal,,285000,EUR,2028-06-30
1133725,Woobens Pacius,Nashville SC,Haiti,,640000,EUR,2026-12-31
1457539,Jayden Reid,Sporting Kansas City,USA,,580000,EUR,2026-12-31
1468974,Matthew Evans,FC Wacker Innsbruck,Guatemala,,53000,EUR,2027-06-30
1469016,Micah Burton,Austin FC,USA,,92000,EUR,2027-12-31
1471543,Rodolfo Aloko,Charlotte FC,Benin,,1100000,EUR,2030-06-30
1819997,Sal Olivas,Philadelphia Union II,USA,,105000,EUR,2028-12-31
1824284,Ian James,Sporting Kansas City,USA,,830000,EUR,2027-12-31
1875828,Matthew Dos Santos,New York Red Bulls,USA,,2700000,EUR,2029-06-30
1952893,Troy  Putt,Minnesota United FC 2,New Zealand,,73000,EUR,2026-12-31
2065953,Nonso Adimabua,San Jose Earthquakes,Nigeria,,155000,EUR,2026-12-31
314152,Andrew Farrell,New England Revolution,USA,,115000,EUR,2026-12-31
881223,Ronald Hern\u00e1ndez,Atlanta United,Venezuela,,435000,EUR,2026-12-31
882384,Kyle Smith,FC Cincinnati,USA,,290000,EUR,2026-12-31
965249,Or Blorian,Sporting Kansas City,Israel,,1800000,EUR,2029-06-30
1017502,Bryce Duke,San Diego FC,USA,,1300000,EUR,2027-06-30
1065962,Gabriel Pirani,San Diego FC,Brazil,,1400000,EUR,2026-12-31
1124028,Mateja \u0110or\u0111evi\u0107,Austin FC,Serbia,,1000000,EUR,2028-12-31
1172532,Nick Markanich,Houston Dynamo,USA,,410000,EUR,2026-12-31
1410212,Bode Hidalgo,CF Montr\u00e9al,USA,,1600000,EUR,2027-12-31
1468931,Stuart Hawkins,Seattle Sounders FC,USA,,185000,EUR,2026-12-31
1469017,Oscar Verhoeven,San Diego FC,USA,,1000000,EUR,2026-12-31
1469755,Yuri Aleksandr Guboglo,CF Montr\u00e9al,Canada,,340000,EUR,2026-12-31
1470481,Markus Cimermancic,Toronto FC,Canada,,230000,EUR,2026-12-31
1597262,Tahir Reid-Brown,Orlando City SC,USA,,190000,EUR,2027-12-31
1648781,Osvald Soe,San Diego FC,Denmark,,540000,EUR,2028-06-30
1809121,Jayden Da,New England Revolution II,USA,,47000,EUR,2026-12-31
1809232,Sebastian Gomez,Seattle Sounders FC,USA,,70000,EUR,2029-12-31
2073978,Lineker Rodrigues,Real Monarchs SLC,Brazil,,110000,EUR,2026-12-31
2130305,Philippe Ndinga,Philadelphia Union,Congo Republic,,1200000,EUR,2029-06-30
2240370,Nolan Miller,Orlando City SC,USA,,515000,EUR,2026-12-31
56113,Keylor Navas,Pumas UNAM,Costa Rica,,805000,EUR,2027-06-30
123208,Jo\u00e3o Pedro Galv\u00e3o,Atl\u00e9tico San Luis,Italy,,1400000,EUR,2027-06-30
159865,Antonio Rodr\u00edguez,Club Tijuana,Mexico,,570000,EUR,2026-12-31
330001,Gibran Lajud,Atl\u00e9tico San Luis,Mexico,,325000,EUR,
851070,Juan Brunetta,Tigres UANL,Argentina,,8600000,EUR,2027-12-31
867751,Lalas Abubakar,FC Dallas,Ghana,,290000,EUR,2026-12-31
931736,Efrain Alvarez,CD Guadalajara,Mexico,,5900000,EUR,2029-06-30
932233,Brian Rodr\u00edguez,Club Am\u00e9rica,Uruguay,,8600000,EUR,2029-06-30
942708,Kevin Casta\u00f1eda,CD Guadalajara,Mexico,,6200000,EUR,2031-06-30
1100684,Jose Eulogio,CF Pachuca,Mexico,,215000,EUR,
1405444,Joyeux Masanka Bungi,RB Leipzig,Belgium,,430000,EUR,2027-06-30
1462845,Keegan Hughes,Birmingham Legion FC,USA,,120000,EUR,2026-11-30
1513808,Andrew Rick,Philadelphia Union II,USA,,310000,EUR,2028-12-31
1823700,Aron John,Charlotte FC,USA,,79000,EUR,2028-06-30
1824276,Macielo Tschantret,Sporting Kansas City,USA,,54000,EUR,2027-12-31
1847602,Chase Adams,Columbus Crew 2,USA,,220000,EUR,2029-06-30
1884545,Bernardo Rhein,Orlando City B,USA,,97000,EUR,2026-12-31
1888478,Shane Donovan,Sporting Kansas City II,USA,,110000,EUR,2026-12-31
2240047,Troy Elgersma,LA Galaxy,USA,,105000,EUR,2026-12-31
106382,Nahuel Guzm\u00e1n,Tigres UANL,Argentina,,180000,EUR,2027-06-30
231776,\u00d3liver Torres,CF Monterrey,Spain,,3200000,EUR,2027-06-30
313184,Luis Garc\u00eda,CD Toluca,Mexico,,330000,EUR,2027-12-31
350562,\u00d3scar Whalley,CD Guadalajara,Spain,,295000,EUR,2027-06-30
359080,Omar Govea,CD Guadalajara,Mexico,,1700000,EUR,2027-06-30
790108,Alex Zendejas,Club Am\u00e9rica,USA,,9200000,EUR,2027-06-30
795275,V\u00edctor Guzm\u00e1n,CD Toluca,Mexico,,1900000,EUR,
838629,\u00c1lvaro Fidalgo,Real Betis,Mexico,,6500000,EUR,2030-06-30
845849,Carlos Rodr\u00edguez,Cruz Azul,Mexico,,4600000,EUR,2029-12-31
865500,Roberto Alvarado,CD Guadalajara,Mexico,,7300000,EUR,2029-06-30
941541,Agust\u00edn Palavecino,Cruz Azul,Argentina,,4400000,EUR,2028-12-31
942167,Marcel Ru\u00edz,CD Toluca,Mexico,,10600000,EUR,2027-06-30
944637,Jordan Carrillo,CD Guadalajara,Mexico,,7600000,EUR,2030-06-30
965764,Luca Orellano,CF Monterrey,Argentina,,7300000,EUR,2030-12-31
982552,Federico Pereira,CD Toluca,Uruguay,,6300000,EUR,2028-06-30
989236,Israel Reyes,Club Am\u00e9rica,Mexico,,6700000,EUR,2028-12-31
1086987,Franco Romero,CD Toluca,Argentina,,5900000,EUR,2027-12-31
1184539,Hector Holguin,Santos Laguna,Mexico,,360000,EUR,2026-12-31
1218820,Dagoberto Espinoza,Club Am\u00e9rica,Mexico,,3300000,EUR,2026-12-31
1512540,Javier Ruiz,Club Necaxa,Argentina,,3700000,EUR,2030-12-31
84835,Jonathan Dos Santos,No team,Mexico,,280000,EUR,
316152,\u00c1ngel Correa,Tigres UANL,Argentina,,8800000,EUR,2030-06-30
322691,Luis C\u00e1rdenas,CF Monterrey,Mexico,,215000,EUR,2028-06-30
815637,Alexis Vega,CD Toluca,Mexico,,7700000,EUR,2028-06-30
823963,Oussama Idrissi,CF Pachuca,Morocco,,5800000,EUR,2028-06-30
828610,S\u00e9bastien Salles-Lamonge,Atl\u00e9tico San Luis,France,,1900000,EUR,2026-12-31
830240,Luis Malag\u00f3n,Club Am\u00e9rica,Mexico,,5100000,EUR,2027-06-30
833352,Yoel B\u00e1rcenas,Mazatl\u00e1n FC,Panama,,705000,EUR,
874535,Diego Lainez,Tigres UANL,Mexico,,6400000,EUR,2027-06-30
886780,Carlos Moreno,CF Pachuca,Mexico,,3200000,EUR,2028-06-30
940611,Manuel Capasso,Atlas FC,Argentina,,570000,EUR,2028-12-31
942710,Daniel Gutierrez,Club Puebla,Mexico,,920000,EUR,2028-12-31
960077,Ezequiel Bullaude,Santos Laguna,Argentina,,3900000,EUR,2026-12-31
981054,Danny Leyva,Club Necaxa,USA,,1400000,EUR,2028-12-31
1002524,Pedro Vite,Pumas UNAM,Ecuador,,5600000,EUR,2029-07-18
1086252,Santiago Homenchenko,Quer\u00e9taro FC,Uruguay,,2700000,EUR,2029-06-30
1087734,Robert Morales,Pumas UNAM,Paraguay,,5900000,EUR,2026-12-31
1119089,Daniel Aguirre,CD Guadalajara,USA,,3200000,EUR,2027-06-30
1183649,Oscar Garc\u00eda,Club Le\u00f3n,Mexico,,4400000,EUR,2029-06-30
1545648,Bayron Duarte,Quer\u00e9taro FC,Colombia,,390000,EUR,2028-12-31
155633,Arturo Gonz\u00e1lez,Atlas FC,Mexico,,1900000,EUR,2028-06-30
221148,Stefan Medina,CF Monterrey,Colombia,,920000,EUR,2027-12-31
269089,Rodrigo Dourado,Club Am\u00e9rica,Brazil,,2400000,EUR,2028-12-31
583332,Jorge Rodr\u00edguez,CF Monterrey,Argentina,,2900000,EUR,2027-06-30
606362,Antonio Brise\u00f1o,CD Toluca,Mexico,,765000,EUR,
770253,Jes\u00fas Gallardo,CD Toluca,Mexico,,2700000,EUR,2027-06-30
832662,Christian Rivera,CF Pachuca,Colombia,,1400000,EUR,2028-12-31
842253,Jos\u00e9 Luis Rodr\u00edguez,FC Ju\u00e1rez,Panama,,2600000,EUR,2028-06-30
845322,Erick S\u00e1nchez,Club Am\u00e9rica,Mexico,,5700000,EUR,2028-06-30
889214,Fernando Beltr\u00e1n,Club Le\u00f3n,Mexico,,2400000,EUR,2028-06-30
895591,Juli\u00e1n Carranza,Club Necaxa,Argentina,,4400000,EUR,
905194,Unai Bilbao,Club Tijuana,Spain,,1200000,EUR,2027-06-30
925741,Jhojan Julio,Atlante FC,Ecuador,,1100000,EUR,
974227,Iv\u00e1n Tona,Club Tijuana,Mexico,,2100000,EUR,2027-06-30
990576,Antonio S\u00e1nchez,Atlas FC,Mexico,,410000,EUR,
1002375,Victor Guzm\u00e1n,CF Monterrey,Mexico,,4900000,EUR,2028-06-30
1002384,Bryan Gonz\u00e1lez,CD Guadalajara,Mexico,,7800000,EUR,2029-06-30
1047740,Joaquim,Tigres UANL,Brazil,,6800000,EUR,2027-06-30
1089135,Alonso Aceves,CF Monterrey,Mexico,,1800000,EUR,2029-12-31
41560,Sergio Canales,Real Racing Club,Spain,,3200000,EUR,2028-06-30
125787,Camilo Vargas,Atlas FC,Colombia,,465000,EUR,2027-12-31
220705,Guillermo Allison,Quer\u00e9taro FC,Mexico,,135000,EUR,
794952,Fran Villalba,Santos Laguna,Spain,,1400000,EUR,2027-06-30
795282,Guillermo Mart\u00ednez,Pumas UNAM,Mexico,,1500000,EUR,2026-12-31
796330,Adalberto Carrasquilla,Pumas UNAM,Panama,,3800000,EUR,2027-12-31
801391,Kenedy,CF Pachuca,Brazil,,680000,EUR,
869277,Jes\u00fas Angulo,Tigres UANL,Mexico,,4200000,EUR,2028-06-30
884868,Carlos Rotondi,Cruz Azul,Argentina,,3100000,EUR,2028-06-30
906837,Helinho,CD Toluca,Brazil,,5900000,EUR,2028-06-30
931705,Willer Ditta,Cruz Azul,Colombia,,6000000,EUR,2028-06-30
940989,Kevin Velasco,Club Puebla,Colombia,,940000,EUR,2028-06-30
944623,Jos\u00e9 Paradela,Cruz Azul,Argentina,,8500000,EUR,2029-06-30
978518,Jackson Porozo,Club Tijuana,Ecuador,,2600000,EUR,2027-06-30
990408,Ra\u00fal Rangel,CD Guadalajara,Mexico,,6300000,EUR,2028-06-30
990808,C\u00e9sar Ara\u00fajo,Tigres UANL,Uruguay,,4200000,EUR,2029-06-30
1023088,Brian Guti\u00e9rrez,CD Guadalajara,Mexico,,8300000,EUR,2030-06-30
1082357,Ricardo Rodr\u00edguez,Mazatl\u00e1n FC,Mexico,,930000,EUR,
1106593,Diego Gonz\u00e1lez,Santos Laguna,Paraguay,,5800000,EUR,
47017,Rodolfo Cota,Club Am\u00e9rica,Mexico,,195000,EUR,2027-06-30
123906,Jes\u00fas Corona,CF Monterrey,Mexico,,1600000,EUR,2027-06-30
205790,Paulinho,CD Toluca,Portugal,,5000000,EUR,2027-06-30
817679,Alexis Pe\u00f1a,Club Necaxa,Mexico,,2600000,EUR,2028-06-30
840020,Raphael Veiga,Club Am\u00e9rica,Brazil,,6700000,EUR,2026-12-31
865783,Juan Pablo Vargas,Club Puebla,Costa Rica,,770000,EUR,2027-12-31
920826,Jorge D\u00edaz,CD Toluca,Mexico,,1400000,EUR,
972391,Jes\u00fas G\u00f3mez,Club Tijuana,Mexico,,2900000,EUR,2028-06-30
975536,Adonis Preciado,Club Tijuana,Ecuador,,1200000,EUR,2028-06-30
979180,Pablo Bennevendo,Pumas UNAM,Mexico,,2700000,EUR,
1035637,Antonio Leone,Pumas UNAM,Mexico,,370000,EUR,2026-12-31
1046074,David Rodriguez,Atl\u00e9tico San Luis,USA,,260000,EUR,
1046703,Jeremy M\u00e1rquez,Cruz Azul,Mexico,,7200000,EUR,2029-06-30
1172773,Luis Romo,CD Guadalajara,Mexico,,2900000,EUR,2028-12-31
1187957,Andres Monta\u00f1o,Cruz Azul,Mexico,,1400000,EUR,2027-06-30
1192342,Denzell Garcia,FC Ju\u00e1rez,Mexico,,6500000,EUR,2029-06-30
1386658,Gabriel Lopez,Mazatl\u00e1n FC,Mexico,,530000,EUR,
1503702,El\u00edas Montiel,CF Pachuca,Mexico,,5800000,EUR,2029-06-30
1507314,Jose Pachuca,Club Puebla,Mexico,,930000,EUR,2028-06-30
2198464,Santiago Sandoval,CD Guadalajara,Mexico,,3600000,EUR,2029-06-30
340537,Gonzalo Piovi,Cruz Azul,Argentina,,2200000,EUR,2028-12-31
358530,Eduardo Bauermann,CF Pachuca,Brazil,,1500000,EUR,
359070,\u00c9rick Aguirre,CF Monterrey,Mexico,,1800000,EUR,2026-12-31
790756,Ezequiel Unsa\u00edn,CA Talleres,Argentina,,1900000,EUR,2029-12-31
796328,Ismael D\u00edaz,Club Le\u00f3n,Panama,,1700000,EUR,2028-06-30
818657,Fernando Arce Ju\u00e1rez,CD Toluca,USA,,1200000,EUR,2027-06-30
828586,Jos\u00e9 Hern\u00e1ndez,Quer\u00e9taro FC,Mexico,,290000,EUR,
831038,Cristi\u00e1n Borja,Club Am\u00e9rica,Colombia,,1600000,EUR,2027-06-30
838303,Lucas Di Yorio,Santos Laguna,Argentina,,1800000,EUR,2028-12-31
841129,Nathan Silva,Pumas UNAM,Brazil,,3800000,EUR,2027-06-30
846773,Mateo Garc\u00eda,Atlas FC,Argentina,,1200000,EUR,2027-06-30
865755,Jos\u00e9 Rodr\u00edguez,Club Le\u00f3n,Mexico,,825000,EUR,2028-06-30
938566,Francisco Nevarez,FC Ju\u00e1rez,Mexico,,1100000,EUR,
990399,Diego Campillo,CD Guadalajara,Mexico,,5300000,EUR,2026-12-31
1097747,Omar Campos,Cruz Azul,Mexico,,4900000,EUR,
1126003,Josu\u00e9 Ovalle,Deportes Limache,Chile,,1400000,EUR,2026-12-31
1132927,Jes\u00fas Vega,Club Tijuana,Mexico,,910000,EUR,
1172770,Alan Medina,Pumas UNAM,Mexico,,1600000,EUR,2028-12-31
1516877,Victor Rios,Atlas FC,Mexico,,1900000,EUR,2028-12-31
1595162,Armando Gonz\u00e1lez,CD Guadalajara,Mexico,,16000000,EUR,2029-12-31
139421,Diego Reyes,Quer\u00e9taro FC,Mexico,,670000,EUR,
339265,Rodrigo Echeverr\u00eda,Club Le\u00f3n,Chile,,2300000,EUR,2027-12-31
817753,Ricardo Ch\u00e1vez,CF Monterrey,Mexico,,1800000,EUR,2027-12-31
885694,Fernando Gonz\u00e1lez,CD Guadalajara,Mexico,,910000,EUR,2028-06-30
909295,Carlos Baltazar,Club Puebla,Mexico,,970000,EUR,
915162,Sergio Barreto,CF Pachuca,Argentina,,2700000,EUR,2027-06-30
924228,Guilherme Castilho,FC Ju\u00e1rez,Brazil,,2700000,EUR,2028-06-30
924530,Nicol\u00e1s D\u00edaz,Club Tijuana,Chile,,1400000,EUR,2027-06-30
930555,Agust\u00edn Oliveros,Club Necaxa,Uruguay,,3600000,EUR,2027-06-30
944068,Erik Lira,Cruz Azul,Mexico,,13200000,EUR,2029-06-30
947337,Diber Cambindo,Club Le\u00f3n,Colombia,,4400000,EUR,2028-12-31
966187,Facundo Almada,Club Puebla,Argentina,,1700000,EUR,
1065365,Jos\u00e9 Castillo,CD Guadalajara,Mexico,,3900000,EUR,2027-12-31
1084295,Marcelo Flores,Tigres UANL,Canada,,4400000,EUR,2027-06-30
1113113,Lucas Abascia,Quer\u00e9taro FC,Argentina,,1400000,EUR,2028-12-31
1113526,Daniel Arcila,Club Le\u00f3n,Colombia,,1300000,EUR,
1131653,Kevin Palacios,Santos Laguna,Colombia,,860000,EUR,2029-06-30
1597174,Hugo Camberos,CD Guadalajara,Mexico,,2900000,EUR,2028-12-31
1638695,Carlos S\u00e1nchez,CF Pachuca,Mexico,,2900000,EUR,2028-12-31
1914576,Gilberto Mora,Club Tijuana,Mexico,,11000000,EUR,2029-06-30
127485,Hugo Gonzalez,CD Toluca,Mexico,,340000,EUR,
305732,Aldo Rocha,Atlas FC,Mexico,,825000,EUR,2027-06-30
339141,Fernando Gorriar\u00e1n,Tigres UANL,Uruguay,,3800000,EUR,2026-12-31
859664,Jairo Torres,FC Ju\u00e1rez,Mexico,,2900000,EUR,2026-12-31
874084,Rodrigo Schlegel,Atlas FC,Argentina,,2400000,EUR,2028-12-31
876190,Kevin Mier,Cruz Azul,Colombia,,5700000,EUR,2029-06-30
888937,Brian Rubio,Mazatl\u00e1n FC,Mexico,,770000,EUR,2027-06-30
962034,Ozziel Herrera,Tigres UANL,Mexico,,6700000,EUR,2027-06-30
963012,Gilberto Sep\u00falveda,FC Ju\u00e1rez,Mexico,,1800000,EUR,
1068525,Edgar Guerra,Club Le\u00f3n,Colombia,,2100000,EUR,2028-06-30
1097368,Luis Gabriel Rey,CD Guadalajara,Mexico,,1900000,EUR,
1141149,Alberto Herrera,Club Puebla,Mexico,,715000,EUR,
1150127,Diego Abreu,Club Tijuana,Mexico,,3600000,EUR,2030-12-31
1387298,Rodrigo Lopez,Pumas UNAM,Mexico,,3600000,EUR,2026-12-31
1470458,Diogo Bag\u00fc\u00ed,Atlante FC,Ecuador,,970000,EUR,
1507315,Karol Vel\u00e1zquez,Cruz Azul U23,Mexico,,48000,EUR,
1523678,Iker Fimbres,CF Monterrey,Mexico,,4400000,EUR,
1885982,Eduardo Navarro,Club Puebla,Mexico,,1500000,EUR,
2193603,Sebastian Aceves,CD Toluca,Mexico,,530000,EUR,
134449,\u00c1ngel Sep\u00falveda,CD Guadalajara,Mexico,,485000,EUR,2029-06-30
588782,V\u00edctor D\u00e1vila,Club Am\u00e9rica,Chile,,3200000,EUR,2027-06-30
824511,\u00c1lvaro Angulo,Pumas UNAM,Colombia,,3000000,EUR,2028-06-30
860641,Lucas Rodr\u00edguez,No team,Argentina,,2200000,EUR,
905247,Alexis Guti\u00e9rrez,Club Am\u00e9rica,Mexico,,3900000,EUR,2029-06-30
923000,Bruno M\u00e9ndez,CD Toluca,Uruguay,,4400000,EUR,2027-06-30
924889,Sebasti\u00e1n C\u00e1ceres,Club Am\u00e9rica,Uruguay,,4099999,EUR,2027-06-30
929848,Kevin \u00c1lvarez,Club Am\u00e9rica,Mexico,,1900000,EUR,2027-06-30
937555,Madson de Souza Silva,FC Ju\u00e1rez,Brazil,,1800000,EUR,2027-06-30
991427,Jesus Garza,Tigres UANL,Mexico,,5300000,EUR,2029-06-30
1032022,Luka Romero,Cruz Azul,Argentina,,3200000,EUR,2030-06-30
1091058,Santiago Sim\u00f3n,CD Toluca,Argentina,,4400000,EUR,2029-06-30
1110198,Salvador Mariscal,Santos Laguna,Mexico,,1200000,EUR,
1132973,Juan Dominguez,Club Le\u00f3n,Mexico,,2400000,EUR,
1153540,Jes\u00fas Hern\u00e1ndez,Tlaxcala FC,Mexico,,1100000,EUR,
1199256,Everardo L\u00f3pez,CD Toluca,Mexico,,3200000,EUR,2030-06-30
1383660,Emilio Rodriguez,Club Necaxa,Mexico,,950000,EUR,
1410206,Francisco M\u00e9ndez,Club Necaxa,Mexico,,485000,EUR,2026-12-31
1482052,Ramiro \u00c1rciga,Club Tijuana,Mexico,,3700000,EUR,2027-12-31
1587040,Cesar Garza,CF Monterrey,Mexico,,2700000,EUR,
106456,Enner Valencia,No team,Ecuador,,905000,EUR,
286231,Stiven Barreiro,No team,Colombia,,1900000,EUR,
833236,Juninho,Pumas UNAM,Brazil,,4099999,EUR,2028-12-31
845432,Daniel Parra,Quer\u00e9taro FC,Mexico,,775000,EUR,
900989,Ra\u00fal S\u00e1nchez,CD Castell\u00f3n,Spain,,1000000,EUR,2028-06-30
927212,Tom\u00e1s Badaloni,Rosario Central,Argentina,,4300000,EUR,2030-06-30
937743,Dudu,Sport Recife,Brazil,,1100000,EUR,
941181,Brian Garc\u00eda,CD Toluca,Mexico,,2400000,EUR,2028-06-30
985176,Richard Ledezma,CD Guadalajara,Mexico,,6300000,EUR,2029-06-30
989877,Nicol\u00e1s Castro,CD Toluca,Argentina,,5500000,EUR,2029-06-30
1022960,Aldo Lopez Vargas,Santos Laguna,Mexico,,2600000,EUR,
1130610,\u00c1ngel Estrada,Club Le\u00f3n,Mexico,,755000,EUR,
1132985,Miguel G\u00f3mez,CD Guadalajara,Mexico,,1300000,EUR,
1137870,Alan Bautista,CF Pachuca,Mexico,,3800000,EUR,2028-06-30
1199242,Nicol\u00e1s Vallejo,CF Pachuca,Argentina,,1500000,EUR,2027-06-30
1415940,Valentin Gauthier,Club Le\u00f3n,Uruguay,,1400000,EUR,2029-06-30
1510870,Alexei Dom\u00ednguez,CF Pachuca,Mexico,,5800000,EUR,2029-06-30
1654600,Diego S\u00e1nchez,Tigres UANL,Mexico,,920000,EUR,2027-12-31
1883956,Franco Rossano,Club Am\u00e9rica,Mexico,,1800000,EUR,
250009,Lorenzo Faravelli,Club Necaxa,Argentina,,1200000,EUR,2026-12-31
341939,Javier G\u00fcemez,Santos Laguna,Mexico,,435000,EUR,2026-12-31
359048,Osvaldo Rodr\u00edguez,Tigres UANL,Mexico,,1600000,EUR,2027-06-30
804345,Alan Cervantes,Club Am\u00e9rica,Mexico,,4700000,EUR,2028-12-31
822479,Osinachi Ebere,Cruz Azul,Nigeria,,1000000,EUR,2028-12-31
829624,Jes\u00fas Ricardo Angulo,CD Toluca,Mexico,,5200000,EUR,2027-06-30
829733,Gaddi Aguirre,Atlas FC,Mexico,,875000,EUR,2026-12-31
881846,Jordan Sierra,Mazatl\u00e1n FC,Ecuador,,1900000,EUR,2027-06-30
913142,Aldo Cruz,Atl\u00e9tico San Luis,Mexico,,1000000,EUR,2027-06-30
922896,Gabriel Fern\u00e1ndez,Cruz Azul,Uruguay,,1500000,EUR,
938577,Andr\u00e9s Gudi\u00f1o,Cruz Azul,Mexico,,2300000,EUR,2027-06-30
943254,Andr\u00e9s S\u00e1nchez,Atl\u00e9tico San Luis,Mexico,,1900000,EUR,2026-12-31
989384,R\u00f4mulo Zwarg,Tigres UANL,Brazil,,6300000,EUR,2027-12-31
1132986,Pavel P\u00e9rez,CD Toluca,Mexico,,2700000,EUR,
1188330,Alonso Ramirez,Club Puebla,Mexico,,320000,EUR,
1410211,Jonathan P\u00e9rez,Santos Laguna,Mexico,,385000,EUR,
1516924,Owen Gonz\u00e1lez,Club Puebla,Mexico,,1000000,EUR,
1845882,Thiago Espinosa,Club Am\u00e9rica,Uruguay,,1600000,EUR,2026-12-31
2079861,\u00c1ngel Ch\u00e1vez,CD Tapat\u00edo,Mexico,,285000,EUR,
155702,Lucas Ocampos,CF Monterrey,Argentina,,3900000,EUR,2027-06-30
253415,Rub\u00e9n Duarte,Pumas UNAM,Spain,,2400000,EUR,2027-06-30
285847,Luis Qui\u00f1ones,Am\u00e9rica de Cali,Colombia,,315000,EUR,2027-06-30
817756,Jos\u00e9 Garc\u00eda,FC Ju\u00e1rez,Mexico,,690000,EUR,
869210,Diego Barbosa,CD Toluca,Mexico,,2100000,EUR,2028-12-31
869894,Cristian Calder\u00f3n,Pumas UNAM,Mexico,,1500000,EUR,
888753,Benjam\u00edn Galindo,Atl\u00e9tico San Luis,Mexico,,765000,EUR,
898982,Mateo Coronel,Quer\u00e9taro FC,Argentina,,2900000,EUR,2026-12-31
908524,Oscar Mac\u00edas,Atl\u00e9tico San Luis,Mexico,,850000,EUR,2027-06-30
922440,Agust\u00edn Almendra,Cerro Porte\u00f1o,Argentina,,2300000,EUR,
990729,Amaury Garcia,Cruz Azul,Mexico,,1400000,EUR,
1021217,Carlo Adriano Garc\u00eda,Quer\u00e9taro FC,Spain,,925000,EUR,
1066212,Moises Mosquera,Sporting Kansas City,Colombia,,2300000,EUR,2031-06-30
1141150,Rafael Guerrero,Tigres UANL,Mexico,,925000,EUR,
1150065,Ra\u00fal Mart\u00ednez,Club Necaxa,Mexico,,970000,EUR,
1392153,Eduardo \u00c1guila,Atl\u00e9tico San Luis,Mexico,,3400000,EUR,2027-12-31
1491002,Bernardo Parra,Quer\u00e9taro FC,Mexico,,1600000,EUR,2029-12-31
1652362,Said God\u00ednez,FC Ju\u00e1rez,Mexico,,325000,EUR,
1828965,Henrique Simeone Koifman,Tigres UANL U23,Mexico,,24000,EUR,
255643,Carlos Villanueva,Quer\u00e9taro FC,Mexico,,240000,EUR,
314096,Carlos Salcedo,CF Monterrey,Mexico,,930000,EUR,2027-12-31
759494,David Ram\u00edrez,Club Le\u00f3n,Mexico,,830000,EUR,2027-12-31
780262,Gustavo Ferrareis,Atlas FC,Brazil,,1100000,EUR,2027-06-30
789308,Jos\u00e9 Rivero,Club Tijuana,Uruguay,,1200000,EUR,2028-06-30
807850,Lima,Club Am\u00e9rica,Brazil,,1900000,EUR,2026-12-31
809024,Alan Mozo,CF Pachuca,Mexico,,2600000,EUR,
822903,Ricardo Mar\u00edn,CD Guadalajara,Mexico,,2100000,EUR,2029-12-31
846432,Homer Martinez,FC Ju\u00e1rez,Colombia,,720000,EUR,2028-06-30
893426,Ivan L\u00f3pez,CD Toluca,Mexico,,2100000,EUR,
914145,Kevin Guti\u00e9rrez,Argentinos Juniors,Argentina,,2700000,EUR,2030-12-31
941187,Iv\u00e1n Moreno,Club Le\u00f3n,Mexico,,1900000,EUR,
943061,Raymundo Fulgencio,FC Ju\u00e1rez,Mexico,,2100000,EUR,2028-06-30
987031,Alejandro Organista,Club Puebla,Mexico,,915000,EUR,
990354,Ra\u00fal Z\u00fa\u00f1iga,Club Am\u00e9rica,Colombia,,1900000,EUR,2027-06-30
992118,Rafael Fern\u00e1ndez,Club Tijuana,Mexico,,2700000,EUR,2027-06-30
1407640,Fidel Barajas,Monterey Bay FC,Mexico,,1700000,EUR,2026-11-30
1409360,Yael Padilla,Club Tijuana,Mexico,,1700000,EUR,2029-06-30
1539850,Abraham Villegas Maciel,Club Le\u00f3n,Mexico,,91000,EUR,
35532,Salom\u00f3n Rond\u00f3n,CF Pachuca,Venezuela,,380000,EUR,2027-12-31
129861,Juanpe,Atl\u00e9tico San Luis,Spain,,415000,EUR,2027-05-31
156580,Uro\u0161 \u0110ur\u0111evi\u0107,CF Monterrey,Montenegro,,1000000,EUR,2028-06-30
191176,Anthony Martial,No team,France,,3400000,EUR,
250351,Luan,CD Toluca,Brazil,,1100000,EUR,
347010,Allan Saint-Maximin,Charlotte FC,France,,10700000,EUR,2029-06-30
843154,Luis Reyes,CF Monterrey,Mexico,,490000,EUR,2026-12-31
843198,Uriel Antuna,Pumas UNAM,Mexico,,2900000,EUR,2029-06-30
844089,Sebasti\u00e1n Jurado,CF Pachuca,Mexico,,1900000,EUR,2027-12-31
859774,Monchu,FC Ju\u00e1rez,Spain,,4600000,EUR,2026-12-31
881196,Alejandro Mayorga,FC Ju\u00e1rez,Mexico,,1200000,EUR,2028-12-31
897734,Juan Jos\u00e9 Purata,Tigres UANL,Mexico,,3400000,EUR,2029-06-30
925015,Emiliano G\u00f3mez,Club Puebla,Uruguay,,2300000,EUR,2028-12-31
932685,Vladimir Loro\u00f1a,Tigres UANL,Mexico,,1200000,EUR,
1005192,Fidel Ambr\u00edz,CF Monterrey,Mexico,,3400000,EUR,2029-06-30
1085410,Isa\u00edas Violante,Club Am\u00e9rica,Mexico,,6600000,EUR,2028-06-30
1512474,Patricio Salas,Club Am\u00e9rica,Mexico,,4099999,EUR,
1931484,Luis Gamboa,Atlas FC,Mexico,,485000,EUR,
51723,Julio C\u00e9sar Dom\u00ednguez,Atl\u00e9tico San Luis,Mexico,,240000,EUR,
359074,Ulises Rivas,Pumas UNAM,Mexico,,1600000,EUR,2026-12-31
787913,Jaime Gomez,No team,Mexico,,480000,EUR,
805484,Jefferson Intriago,Barcelona SC Guayaquil,Ecuador,,1300000,EUR,2026-12-31
818016,Brayan Garnica,Club Puebla,Mexico,,970000,EUR,2027-12-31
832868,Jorge S\u00e1nchez,Atlas FC,Mexico,,1800000,EUR,2030-06-30
833542,Lucas Merolla,Cerro Porte\u00f1o,Argentina,,1500000,EUR,
965320,Benjam\u00edn Galdames,Atl\u00e9tico San Luis,Mexico,,2400000,EUR,
1002349,Ali \u00c1vila,Quer\u00e9taro FC,Mexico,,2300000,EUR,2030-06-30
1002491,Santiago Mu\u00f1oz,Atl\u00e9tico San Luis,Mexico,,1900000,EUR,
1088274,Jes\u00fas Orozco,Cruz Azul,Mexico,,5800000,EUR,
1094810,Miguel Ram\u00edrez,Club America U23,Mexico,,97000,EUR,
1131947,Josu\u00e9 D\u00edaz,Cruz Azul U23,Mexico,,285000,EUR,
1410175,Gael \u00c1lvarez,CF Pachuca,Mexico,,110000,EUR,2027-06-30
1469041,Israel Tello,Club Necaxa,Mexico,,1000000,EUR,
1503703,Jorge Berlanga,CF Pachuca,Mexico,,1500000,EUR,2027-12-31
1885802,Eder Lopez,FC Ju\u00e1rez,Mexico,,1100000,EUR,2027-12-31
2283110,Erick Orta,Deportivo Toluca U23,Mexico,,24000,EUR,
105961,Rogelio Funes Mori,Club Le\u00f3n,Mexico,,375000,EUR,2026-07-31
819038,Cristi\u00e1n D\u00e1jome,Internacional de Bogot\u00e1,Colombia,,630000,EUR,2028-06-30
822089,\u00d3scar Estupi\u00f1\u00e1n,FC Ju\u00e1rez,Colombia,,2800000,EUR,2027-06-30
832413,Miguel Tapias,CD Guadalajara,Mexico,,1400000,EUR,2027-12-31
845329,Francisco Venegas,Quer\u00e9taro FC,Mexico,,1400000,EUR,
893089,Roberto de la Rosa,CF Monterrey,Mexico,,1900000,EUR,
909487,F\u00e1bio Gomes,Mazatl\u00e1n FC,Brazil,,765000,EUR,
922150,Sebasti\u00e1n C\u00f3rdova,Pumas UNAM,Mexico,,2900000,EUR,2027-12-31
993075,Emilio Lara,Club Am\u00e9rica,Mexico,,1700000,EUR,
1119334,Waldo Madrid,Quer\u00e9taro FC,Mexico,,155000,EUR,2026-12-31
1147014,Ettson Ay\u00f3n,FC Ju\u00e1rez,Mexico,,970000,EUR,2026-12-31
1171720,Sebasti\u00e1n P\u00e9rez Bouquet,Atl\u00e9tico San Luis,Mexico,,2000000,EUR,2028-12-31
1394715,Rogelio Cort\u00e9z Pineda,Club Necaxa,Mexico,,580000,EUR,
1412474,Ariel Gamarra,Argentinos Juniors,Paraguay,,630000,EUR,2029-12-31
1446616,Omar Moreno,Club Puebla,Mexico,,920000,EUR,
1467561,Jorge Rodarte Barragan,Cruz Azul,Mexico,,1600000,EUR,
1471253,Juan Eduardo Robles,Quer\u00e9taro FC,Mexico,,685000,EUR,
1514202,Amaury Morales,Cruz Azul,Mexico,,2700000,EUR,2029-06-30
2053607,Angel Azuaje,Pumas UNAM,Venezuela,,775000,EUR,2027-12-31
795283,Mauro La\u00ednez,Mazatl\u00e1n FC,Mexico,,585000,EUR,
804342,Jos\u00e9 Joaqu\u00edn Esquivel,Mineros de Zacatecas,Mexico,,940000,EUR,
819085,\u00c1ngelo Araos,No team,Chile,,530000,EUR,
819106,Kevin Balanta,Independiente Santa Fe,Colombia,,1500000,EUR,2027-06-30
837400,Jordi Cortizo,Club Le\u00f3n,Mexico,,1600000,EUR,2028-07-31
868746,Billy Arce,Bol\u00edvar,Ecuador,,390000,EUR,
869905,Edgar Zald\u00edvar,Atlas FC,Mexico,,745000,EUR,
870370,Efrain Orona,Santos Laguna,Mexico,,910000,EUR,2026-12-31
902154,Jes\u00fas Ocejo,CDS Tampico Madero,Mexico,,1200000,EUR,
941460,Gustavo del Prete,Atlas FC,Argentina,,815000,EUR,2026-12-31
996767,Kevin Rosero,Club Necaxa,Colombia,,1000000,EUR,2027-06-30
1001172,Jes\u00fas Rivas,Pumas UNAM,Mexico,,2100000,EUR,
1210593,Anderson Duarte,Atl\u00e9tico San Luis,Uruguay,,2100000,EUR,2026-12-31
1218825,Esteban Lozano,Club Am\u00e9rica,Mexico,,2200000,EUR,
1507502,Pablo Nicol\u00e1s Ort\u00edz,Club Tijuana,Mexico,,905000,EUR,
1824292,Sebastian Rodriguez,CF Monterrey,Mexico,,27000,EUR,2026-12-31
16424,Andr\u00e9-Pierre Gignac,Tigres UANL,France,,270000,EUR,
133990,Josef Mart\u00ednez,Club Tijuana,Venezuela,,1500000,EUR,
791140,Domingo Blanco,Defensa y Justicia,Argentina,,1100000,EUR,2027-06-30
799302,Bryan Colula,Club Le\u00f3n,Mexico,,955000,EUR,2027-12-31
846744,Salvador Reyes,Club Le\u00f3n,Mexico,,1400000,EUR,
848925,Nicol\u00e1s Ib\u00e1\u00f1ez,Cruz Azul,Argentina,,1900000,EUR,2028-12-31
923186,Robson Bambu,Atl\u00e9tico San Luis,Brazil,,2400000,EUR,
926417,Jos\u00e9 Alvarado,Club Le\u00f3n,Mexico,,1700000,EUR,
990579,Diego Medina,Santos Laguna,Mexico,,825000,EUR,
1018554,Michael Carcel\u00e9n,Aucas,Ecuador,,880000,EUR,
1087008,Ramiro Sordo,Santos Laguna,Argentina,,1900000,EUR,2027-12-31
1087100,Luca Mart\u00ednez Dupuy,FC Ju\u00e1rez,Mexico,,970000,EUR,
1108468,Agust\u00edn Rodr\u00edguez,Atlas FC,Uruguay,,920000,EUR,2026-12-31
1148632,C\u00e9sar Bustos,CF Monterrey,Mexico,,91000,EUR,
1150026,Santiago Trigos,Pumas UNAM,Mexico,,1300000,EUR,
1478317,Jordan Garc\u00eda,Club Le\u00f3n,Colombia,,2300000,EUR,2029-12-31
1876605,\u00c1ngel Rico,Pumas UNAM,Mexico,,620000,EUR,2027-06-30
1902031,Jean Unjanque,Quer\u00e9taro FC,Senegal,,875000,EUR,
122092,Javier Aquino,FC Ju\u00e1rez,Mexico,,380000,EUR,2026-12-31
155802,Carlos Gruezo,Santos Laguna,Ecuador,,955000,EUR,2027-12-31
285915,Juan Vig\u00f3n,Tigres UANL,Mexico,,465000,EUR,
355872,Jes\u00fas Murillo,FC Ju\u00e1rez,Colombia,,1700000,EUR,
804348,Eduardo Aguirre,Santos Laguna,Mexico,,2200000,EUR,
846421,Santiago Mele,CF Monterrey,Uruguay,,1800000,EUR,2029-06-30
856129,Gerardo Arteaga,CF Monterrey,Mexico,,1800000,EUR,2027-12-31
865796,Frank Boya,Club Tijuana,Cameroon,,720000,EUR,2027-06-30
889813,Ricardo Monreal,Club Necaxa,Mexico,,1500000,EUR,2028-12-31
1021719,Jonathan Perez,CD Guadalajara,Mexico,,860000,EUR,2029-12-31
1046410,\u00c1ngel Zapata,Club Tijuana,Mexico,,740000,EUR,
1094399,Ricardinho,FC Ju\u00e1rez,Portugal,,1100000,EUR,2028-06-30
1514207,Santiago L\u00f3pez,Pumas UNAM,Canada,,73000,EUR,
1818914,Luis G\u00f3mez,Santos Laguna,Mexico,,380000,EUR,
2045591,Sergio Armando Aguayo Castillo,CD Tapat\u00edo,Mexico,,645000,EUR,
363748,Sebasti\u00e1n Vegas,Club Le\u00f3n,Chile,,1000000,EUR,2026-12-31
380802,Rodolfo Pizarro,CF Pachuca,Mexico,,770000,EUR,2028-06-30
769031,Eduardo Perez,Quer\u00e9taro FC,Mexico,,81000,EUR,2026-12-31
789663,Alexis Canelo,No team,Argentina,,140000,EUR,
851166,Roberto Meraz,Atl\u00e9tico San Luis,Mexico,,2100000,EUR,2027-12-31
990050,Bruno Amione,Santos Laguna,Argentina,,2600000,EUR,2027-12-31
993076,Ram\u00f3n Ju\u00e1rez,Club Am\u00e9rica,Mexico,,4800000,EUR,2027-06-30
1010891,Mourad El Ghezouani,Club Tijuana,Morocco,,2400000,EUR,
1082839,Eduardo Mustre,Club Puebla,Mexico,,27000,EUR,
1089139,Ren\u00e9 L\u00f3pez,CF Pachuca,Mexico,,415000,EUR,
1096798,Ignacio Maestro Puch,Club Puebla,Argentina,,580000,EUR,2026-12-31
1111637,Francisco Reyes,Atlante FC,Mexico,,725000,EUR,
1112889,Franco Rossi,CD Toluca,Uruguay,,1600000,EUR,2028-12-31
1211937,Leonardo Flores,Atl\u00e9tico San Luis,Mexico,,1000000,EUR,
1218839,Rom\u00e1n Torres,Atl\u00e9tico San Luis,Mexico,,950000,EUR,
1464192,Sebasti\u00e1n Santos,Club Le\u00f3n,Mexico,,1500000,EUR,
1597177,Mateo Levy,Cruz Azul,Mexico,,950000,EUR,2026-12-31
1597178,Tahiel Jim\u00e9nez,Santos Laguna,Mexico,,970000,EUR,
155974,Rodrigo Aguirre,Tigres UANL,Uruguay,,2200000,EUR,2029-12-31
332257,Jhonder C\u00e1diz,Wuhan Three Towns,Venezuela,,2300000,EUR,
755408,Henry Mart\u00edn,Club Am\u00e9rica,Mexico,,1900000,EUR,2027-06-30
804344,Ulises Torres,No team,Mexico,,630000,EUR,
840519,Carlos Acevedo,Santos Laguna,Mexico,,2600000,EUR,2027-06-30
1049598,Alek \u00c1lvarez,CD Toluca,Mexico,,330000,EUR,2027-12-31
1132921,Aar\u00f3n Mej\u00eda,Club Am\u00e9rica,Mexico,,1900000,EUR,
1184018,Pedro Pedraza,Club Necaxa,Mexico,,2700000,EUR,
1218833,Miguel Vazquez,Club Am\u00e9rica,Mexico,,1400000,EUR,
1387272,Lucas Esteves,Atl\u00e9tico San Luis,Brazil,,1700000,EUR,2029-12-31
1387301,Mauricio Isais,CF Pachuca,Mexico,,1100000,EUR,2027-06-30
1444494,Kevin Picon,Santos Laguna,Mexico,,1100000,EUR,
1469040,Joaquin Moxica,Atlante FC,Mexico,,54000,EUR,2027-06-30
1488222,Gilberto Adame,Atlante FC,Mexico,,53000,EUR,
2159986,Lucca Joel Vuoso Ramos,Santos Laguna U20,Mexico,,27000,EUR,
127585,N\u00e9stor Araujo,No team,Mexico,,340000,EUR,
255167,Jos\u00e9 Abella,Santos Laguna,Mexico,,870000,EUR,2026-12-31
874813,Jair D\u00edaz,Mazatl\u00e1n FC,Mexico,,875000,EUR,
889794,Paul Bell\u00f3n,Club Le\u00f3n,Mexico,,1100000,EUR,
924200,Adri\u00e1n Mora,Atlas FC,Mexico,,510000,EUR,2026-12-31
973531,Haret Ortega,FC Ju\u00e1rez,Mexico,,1200000,EUR,2027-06-30
987038,Fernando Monarrez,Club Puebla,Mexico,,950000,EUR,
1215277,Oswaldo Virgen,CD Toluca,Mexico,,1100000,EUR,2026-12-31
1383654,Ari Contreras,CF Pachuca U23,Mexico,,110000,EUR,
1409352,Pablo Lara,Pumas UNAM,Mexico,,465000,EUR,
2033575,Angel Leyva,Club Puebla,Mexico,,92000,EUR,
2185268,Juan Carlos Echilvestre,Santos Laguna U23,Mexico,,24000,EUR,
2193631,Ivan Gonzalez,Mazatlan FC U23,Mexico,,105000,EUR,2027-12-31
72080,Rodrigo Moledo,Coritiba,Brazil,,97000,EUR,2026-12-31
82943,Rafael Tol\u00f3i,S\u00e3o Paulo,Italy,,835000,EUR,2026-12-31
124712,Neymar,Santos,Brazil,,8500000,EUR,2026-12-31
132874,Jorginho,Flamengo,Italy,,5400000,EUR,
243509,Tiago Volpi,Red Bull Bragantino,Brazil,,930000,EUR,2026-12-31
810715,David Duarte,Bahia,Brazil,,1400000,EUR,2027-12-31
840202,Marlon Freitas,Palmeiras,Brazil,,5800000,EUR,2028-12-31
874705,Samuel Lino,Flamengo,Brazil,,17500000,EUR,2029-12-31
922566,Nonato,Fluminense,Brazil,,1900000,EUR,2028-12-31
937552,Breno Lopes,Coritiba,Brazil,,2800000,EUR,2029-12-31
1064039,Danilo Santos,Botafogo,Brazil,,33000000,EUR,2029-06-30
1087079,Lucas Esquivel,Athletico,Argentina,,7200000,EUR,2029-06-30
1105781,Bruno Santos,Mirassol,Brazil,,220000,EUR,2028-12-31
1119887,L\u00e9o Linck,Botafogo,Brazil,,3100000,EUR,
1124220,Dudu,Vit\u00f3ria,Brazil,,620000,EUR,2026-12-31
1382923,Kau\u00ea,Corinthians,Brazil,,280000,EUR,2029-12-31
1411150,Jo\u00e3o Pedro Tchoca,Corinthians,Brazil,,3800000,EUR,2030-12-31
1465498,Gabriel Knesowitsch,Mirassol,Brazil,,720000,EUR,2027-06-30
2032806,Davi Gomes,Red Bull Bragantino,Brazil,,390000,EUR,2030-03-31
166279,L\u00e9o Vieira,Bahia,Brazil,,220000,EUR,2026-12-31
285949,Andreas Pereira,Palmeiras,Brazil,,13500000,EUR,2028-12-31
329303,Thiago Mendes,Vasco da Gama,Brazil,,1200000,EUR,2027-12-31
358548,L\u00e9o Pereira,Flamengo,Brazil,,9400000,EUR,2027-12-31
358554,Gabriel Barbosa,Santos,Brazil,,3100000,EUR,2026-12-31
548030,Luciano Acosta,Fluminense,Argentina,,4800000,EUR,2028-12-31
795029,Ivan,Remo,Brazil,,930000,EUR,2026-12-31
839981,Lucas Paquet\u00e1,Flamengo,Brazil,,36000000,EUR,
840106,Ronaldo,Bahia,Brazil,,1900000,EUR,2029-12-31
869643,L\u00e9o Ortiz,Flamengo,Brazil,,13600000,EUR,2028-12-31
870748,Everson,Atl\u00e9tico Mineiro,Brazil,,930000,EUR,2027-12-31
870787,Marlon,Gr\u00eamio,Brazil,,3900000,EUR,2028-12-31
925124,Kevin Viveros,Athletico,Colombia,,10300000,EUR,2028-06-30
925871,Willian Machado,Mirassol,Brazil,,1800000,EUR,2028-12-31
1020375,Erick Noriega,Gr\u00eamio,Peru,,5200000,EUR,2028-12-31
1128754,Diogenes,Santos,Brazil,,185000,EUR,2028-12-31
1150391,Vitor Roque,Palmeiras,Brazil,,39000000,EUR,2029-12-31
1507616,Pedro Morisco,Coritiba,Brazil,,4600000,EUR,2027-12-31
124997,Alan Patrick,Internacional,Brazil,,2200000,EUR,2027-12-31
145063,Everton Ribeiro,Bahia,Brazil,,1000000,EUR,2026-12-31
220833,Gustavo G\u00f3mez,Palmeiras,Paraguay,,3300000,EUR,2027-12-31
243529,Weverton,Gr\u00eamio,Brazil,,750000,EUR,2028-12-31
333587,Giorgian de Arrascaeta,Flamengo,Uruguay,,14500000,EUR,2028-12-31
356514,Danielzinho,S\u00e3o Paulo,Brazil,,920000,EUR,2027-12-31
358956,Cristian Pav\u00f3n,Gr\u00eamio,Argentina,,1800000,EUR,2026-12-31
377238,Matheus Pereira,Cruzeiro,Brazil,,13500000,EUR,2028-12-31
611876,Gerson,Cruzeiro,Brazil,,18500000,EUR,2030-12-31
844096,Jhon Arias,Palmeiras,Colombia,,16100000,EUR,2029-12-31
870556,Juninho Capixaba,Red Bull Bragantino,Brazil,,7400000,EUR,2028-12-31
895650,Erick,Vit\u00f3ria,Brazil,,2700000,EUR,2028-12-31
911195,Fernando,Red Bull Bragantino,Brazil,,1400000,EUR,2027-12-31
933955,Gabriel Taliari,Remo,Brazil,,1700000,EUR,2028-12-31
973737,Bruno Fuchs,Palmeiras,Brazil,,4099999,EUR,2029-12-31
989200,Alexandro Bernabei,Internacional,Argentina,,7400000,EUR,2028-12-31
994454,Rodrigo Garro,Corinthians,Argentina,,11600000,EUR,2028-12-31
1009030,Igor Formiga,Mirassol,Brazil,,1900000,EUR,2026-12-31
1160554,Cuiabano,Vasco da Gama,Brazil,,10300000,EUR,2026-12-31
124737,Gabriel Paulista,Corinthians,Brazil,,520000,EUR,2027-12-31
263477,Lucas Romero,Cruzeiro,Argentina,,2400000,EUR,2027-12-31
794927,Arthur,Juventus,Brazil,,4200000,EUR,2027-06-30
840219,Pedro,Flamengo,Brazil,,16500000,EUR,
841128,Artur,S\u00e3o Paulo,Brazil,,7700000,EUR,2026-12-31
869726,Agustin Sant Anna,Red Bull Bragantino,Uruguay,,3400000,EUR,2027-12-31
870902,Marcelo Rangel,Remo,Brazil,,52000,EUR,2026-12-31
874729,Murilo,Palmeiras,Brazil,,5400000,EUR,2027-12-31
881110,Joaqu\u00edn Piquerez,Palmeiras,Uruguay,,11300000,EUR,2030-12-31
885179,Paulinho,Palmeiras,Brazil,,8700000,EUR,2029-12-31
891920,Carlos Vin\u00edcius,Gr\u00eamio,Brazil,,6800000,EUR,2026-12-31
975118,Sabino,S\u00e3o Paulo,Brazil,,1100000,EUR,2028-12-31
982558,Lucas Arcanjo,Vit\u00f3ria,Brazil,,2700000,EUR,2028-12-31
1015935,\u00canio,Chapecoense,Brazil,,880000,EUR,2026-12-31
1017264,Luciano Juba,Bahia,Brazil,,13600000,EUR,2029-12-31
1067641,Lucas Barbosa,Red Bull Bragantino,Brazil,,6200000,EUR,2029-12-31
1067671,Martinelli,Fluminense,Brazil,,16500000,EUR,2030-12-31
1170680,Henry Mosquera,Red Bull Bragantino,Colombia,,3300000,EUR,2027-12-31
1170954,Victor Hugo,Atl\u00e9tico Mineiro,Brazil,,7200000,EUR,2030-12-31
2026380,Ryan Augusto,Red Bull Bragantino U20,Brazil,,1100000,EUR,
29735,Luiz Gustavo,Athletico,Brazil,,180000,EUR,2026-12-31
34141,Marcelo Lomba,Palmeiras,Brazil,,68000,EUR,2026-12-31
243113,Ren\u00ea,Fluminense,Brazil,,415000,EUR,2027-12-31
282557,Luciano,S\u00e3o Paulo,Brazil,,1400000,EUR,2028-12-31
338937,Robert Arboleda,S\u00e3o Paulo,Ecuador,,415000,EUR,2027-12-31
354510,Steven Mendoza,Athletico,Colombia,,625000,EUR,2027-12-31
797893,Lyanco,Atl\u00e9tico Mineiro,Brazil,,4800000,EUR,2029-12-31
840451,Luiz Ara\u00fajo,Flamengo,Brazil,,7200000,EUR,2027-12-31
844576,Cleiton,Red Bull Bragantino,Brazil,,4800000,EUR,2027-12-31
846413,Agust\u00edn Canobbio,Fluminense,Uruguay,,8199999,EUR,2028-12-31
870762,Arthur Cabral,Botafogo,Brazil,,8199999,EUR,2028-12-31
872007,Negueba,Mirassol,Brazil,,3300000,EUR,2027-12-31
962187,Juan Pablo Freytes,Fluminense,Argentina,,5200000,EUR,2028-12-31
998499,Ferreirinha,S\u00e3o Paulo,Brazil,,3800000,EUR,2027-12-31
1084963,Braian Aguirre,Internacional,Argentina,,2400000,EUR,2028-12-31
1092614,Pedro Rangel,Coritiba,Brazil,,1100000,EUR,2028-12-31
1094179,Jos\u00e9 Manuel L\u00f3pez,Palmeiras,Argentina,,26000000,EUR,2029-12-31
1602833,Jo\u00e3o Victor,Flamengo,Brazil,,775000,EUR,2029-12-31
77726,Josu\u00e9,Coritiba,Portugal,,365000,EUR,2026-12-31
115182,Andr\u00e9 Carrillo,Corinthians,Peru,,750000,EUR,2026-12-31
243109,Reinaldo,Mirassol,Brazil,,360000,EUR,2026-12-31
311462,Fabrizio Angileri,Corinthians,Argentina,,430000,EUR,2026-12-31
386212,Everaldo,Bahia,Brazil,,380000,EUR,2026-12-31
551774,Pedro Henrique,Red Bull Bragantino,Brazil,,3800000,EUR,2026-12-31
874739,Jefferson Savarino,Fluminense,Venezuela,,7400000,EUR,2029-12-31
881215,Nahuel Ferraresi,Botafogo,Venezuela,,4200000,EUR,2026-12-31
905453,Marcos Ant\u00f4nio,S\u00e3o Paulo,Brazil,,12400000,EUR,2030-12-31
959620,Nicol\u00e1s Acevedo,Bahia,Uruguay,,5600000,EUR,2031-12-31
973738,Carlos Miguel,Palmeiras,Brazil,,7700000,EUR,2030-07-31
981452,Gast\u00f3n Benav\u00eddez,Athletico,Argentina,,3400000,EUR,2028-12-31
1104068,H\u00e9rcules,Fluminense,Brazil,,15500000,EUR,2029-12-31
1106134,Anthoni,Internacional,Brazil,,2800000,EUR,2029-12-31
1199261,Breno Bidon,Corinthians,Brazil,,20000000,EUR,2029-12-31
1444694,Cauan Barros,Vasco da Gama,Brazil,,5300000,EUR,2027-12-31
1476894,Jos\u00e9 Guilherme,Bahia,Brazil,,380000,EUR,2029-12-31
1835889,Allan,Palmeiras,Brazil,,22000000,EUR,2029-12-31
1907760,Viery,Fiorentina,Brazil,,6600000,EUR,2031-06-30
2030103,Huguinho,Botafogo,Brazil,,325000,EUR,2030-03-31
148155,Andr\u00e9 Ramalho,Corinthians,Brazil,,770000,EUR,2026-12-31
590262,Erick Pulgar,Flamengo,Chile,,5400000,EUR,2027-12-31
797225,Lucas Ramon,S\u00e3o Paulo,Brazil,,730000,EUR,2027-12-31
867907,Lucas Oliveira,Mirassol,Brazil,,1100000,EUR,2026-12-31
871273,Tom\u00e1s Cuello,Atl\u00e9tico Mineiro,Argentina,,6600000,EUR,2028-12-31
876625,Vit\u00e3o,Flamengo,Brazil,,11600000,EUR,2029-12-31
877591,Puma Rodr\u00edguez,Vasco da Gama,Uruguay,,1500000,EUR,2027-12-31
880204,Jacy Maranh\u00e3o,Coritiba,Brazil,,2400000,EUR,2028-12-31
922575,Gabriel Baralhas,Vit\u00f3ria,Brazil,,2400000,EUR,2028-12-31
925125,Johan Carbonero,Internacional,Colombia,,6500000,EUR,2029-12-31
958382,Ign\u00e1cio,Fluminense,Brazil,,2100000,EUR,2028-06-30
981703,Matheus Bidu,Corinthians,Brazil,,7300000,EUR,2027-12-31
995071,Bruno Gomes,Internacional,Brazil,,6200000,EUR,2027-12-31
1105796,Gustavo Martins,Gr\u00eamio,Brazil,,4099999,EUR,2027-12-31
1459623,Japa,Mirassol,Brazil,,925000,EUR,2026-12-31
1498670,Jonathan Jesus,Cruzeiro,Brazil,,7600000,EUR,2029-06-30
1589358,Ot\u00e1vio Costa,Cruzeiro,Brazil,,525000,EUR,2028-12-31
2057367,Kau\u00e3 Moraes,Cruzeiro,Brazil,,1900000,EUR,2030-08-31
2063956,Arthur Dias,Athletico U20,Brazil,,620000,EUR,
17785,F\u00e1bio,Fluminense,Brazil,,79000,EUR,2027-12-31
242213,Willian Ar\u00e3o,Santos,Brazil,,720000,EUR,2026-12-31
354894,Rafael Thyere,Chapecoense,Brazil,,260000,EUR,2026-12-31
594428,Patrick,Remo,Brazil,,620000,EUR,2026-12-31
851150,Renan Lodi,Atl\u00e9tico Mineiro,Brazil,,11900000,EUR,2030-12-31
937937,Gonzalo Plata,Flamengo,Ecuador,,8600000,EUR,2029-06-30
975319,Camilo,Chapecoense,Brazil,,2100000,EUR,2026-12-31
981733,Christian,FC Krasnodar,Brazil,,12800000,EUR,2030-06-30
989715,Edu,Vit\u00f3ria,Brazil,,730000,EUR,2028-12-31
1068987,Cristian Olivera,Bahia,Uruguay,,5400000,EUR,2026-12-31
1087399,John Kennedy,Fluminense,Brazil,,8700000,EUR,2027-12-31
1104070,Erick Pulga,Bahia,Brazil,,11700000,EUR,2029-12-31
1106603,Agust\u00edn Giay,Palmeiras,Argentina,,10300000,EUR,2030-12-31
1107069,Mateusinho,Vit\u00f3ria,Brazil,,775000,EUR,2028-12-31
1117597,Alix Vinicius,Red Bull Bragantino,Brazil,,2700000,EUR,2028-12-31
1140986,Agust\u00edn Rossi,Flamengo,Argentina,,10300000,EUR,2027-12-31
1174764,Gustavo Marques,Red Bull Bragantino,Brazil,,4900000,EUR,2030-06-30
1587965,Vinicinho,Red Bull Bragantino,Brazil,,3600000,EUR,2029-03-31
1650085,Robert Santos,Chapecoense,Brazil,,970000,EUR,2026-12-31
27756,C\u00e1ssio,Cruzeiro,Brazil,,240000,EUR,2027-05-31
119159,Philippe Coutinho,No team,Brazil,,2700000,EUR,
221636,Edenilson,Botafogo,Brazil,,290000,EUR,2026-12-31
243181,Gustavo Henrique,Corinthians,Brazil,,635000,EUR,2027-12-31
794838,Vitor Hugo,Atl\u00e9tico Mineiro,Brazil,,460000,EUR,2028-12-31
795266,Matheuzinho,Vit\u00f3ria,Brazil,,3100000,EUR,2029-12-31
831778,Maycon,Atl\u00e9tico Mineiro,Brazil,,1900000,EUR,2028-12-31
905461,Rodrigo Nestor,Bahia,Brazil,,7400000,EUR,2030-12-31
914487,Ruan,Atl\u00e9tico Mineiro,Brazil,,4200000,EUR,2030-06-30
954719,Alef Manga,Remo,Brazil,,620000,EUR,2026-12-31
974556,Gabriel Menino,Santos,Brazil,,7300000,EUR,2026-12-31
978563,Rodrigo Villagra,Internacional,Argentina,,3600000,EUR,2026-12-31
988851,Jos\u00e9 Aldo,Mirassol,Brazil,,1600000,EUR,2027-12-31
1003010,Cristian Medina,Botafogo,Argentina,,9300000,EUR,2029-12-31
1008832,Caio Alexandre,Bahia,Brazil,,7200000,EUR,2028-12-31
1019157,Jo\u00e3o Paulo,Chapecoense,Brazil,,635000,EUR,2026-12-31
1069328,Caio Roque,Botafogo,Brazil,,415000,EUR,2026-12-31
1106779,Matheus Martins,Botafogo,Brazil,,5800000,EUR,2028-12-31
1122552,Alan Minda,Atl\u00e9tico Mineiro,Ecuador,,2900000,EUR,2030-12-31
1175760,Denilson,Mirassol,Brazil,,2100000,EUR,2028-12-31
124992,Danilo,Flamengo,Brazil,,2600000,EUR,2026-12-31
143593,Mar\u00e7al,Botafogo,Brazil,,240000,EUR,2026-12-31
242052,Gabriel Girotto,Red Bull Bragantino,Brazil,,865000,EUR,2026-12-31
581060,Sergio Rochet,Internacional,Uruguay,,1700000,EUR,2026-12-31
794312,Emmanuel Mart\u00ednez,Vit\u00f3ria,Argentina,,1300000,EUR,2027-12-31
801044,Alexander Barboza,Palmeiras,Argentina,,5300000,EUR,2028-12-31
840220,Fabr\u00edcio Bruno,Cruzeiro,Brazil,,13200000,EUR,2030-12-31
891792,Duplexe Tchamba,Remo,Cameroon,,770000,EUR,2026-12-31
931759,Camutanga,Vit\u00f3ria,Brazil,,260000,EUR,2026-12-31
973533,Emiliano Mart\u00ednez,Palmeiras,Uruguay,,6700000,EUR,2029-12-31
989843,Santiago Ramos Mingo,Bahia,Argentina,,12400000,EUR,2029-12-31
1117710,Gabriel Xavier,Shenzhen Peng City,Brazil,,4400000,EUR,2026-12-31
1159656,Miguelito,Santos,Bolivia,,5300000,EUR,2029-05-31
1172056,Lucas Ronier,Coritiba,Brazil,,6300000,EUR,2027-12-31
1191278,Robert Renan,Vasco da Gama,Brazil,,10600000,EUR,2026-12-31
1463904,Gustavo Neves,Red Bull Bragantino,Brazil,,3400000,EUR,2029-12-31
1482431,Keny Arroyo,Cruzeiro,Ecuador,,9700000,EUR,2029-12-31
1807816,Rom\u00e1n G\u00f3mez,Bahia,Argentina,,1400000,EUR,2030-12-31
1941312,Gilberto Junior,Athletico,Brazil,,1800000,EUR,2026-12-31
82680,Giovanni Augusto,Chapecoense,Brazil,,140000,EUR,2027-12-31
166491,Santos,Athletico,Brazil,,425000,EUR,2026-12-31
244591,Jo\u00e3o Schmidt,Santos,Brazil,,645000,EUR,2027-12-31
358166,Alex Santana,Corinthians,Brazil,,1000000,EUR,2027-12-31
551422,Z\u00e9 Welison,Remo,Brazil,,930000,EUR,2026-12-31
559034,Neto Moura,Mirassol,Brazil,,2200000,EUR,2026-12-31
595598,L\u00e9o Jardim,Vasco da Gama,Brazil,,6400000,EUR,2030-12-31
789395,Emanuel Br\u00edtez,Vit\u00f3ria,Argentina,,455000,EUR,2027-06-30
874778,Luiz Ot\u00e1vio,Cear\u00e1,Brazil,,500000,EUR,2026-12-31
922546,Ademir,Bahia,Brazil,,1200000,EUR,2026-12-31
1139775,Mathias Villasanti,Gr\u00eamio,Paraguay,,4099999,EUR,2029-12-31
1188028,Z\u00e9 Vitor,Vit\u00f3ria,Brazil,,460000,EUR,2026-12-31
1485294,Riquelme Fillipi,Palmeiras U20,Brazil,,910000,EUR,2029-12-31
1589354,Murilo Rhikman,Cruzeiro U20,Brazil,,520000,EUR,2029-01-31
1635831,Ramon Rique,Vasco da Gama,Brazil,,950000,EUR,
1641136,Lukas Zuccarello,Vasco da Gama U20,Brazil,,390000,EUR,2028-12-31
1650770,\u00c1lvaro Montoro,Botafogo,Argentina,,10500000,EUR,2029-12-31
84854,Alex Sandro,Flamengo,Brazil,,1500000,EUR,2026-12-31
152276,Felipe Anderson,Palmeiras,Brazil,,1500000,EUR,2027-12-31
311456,Guillermo Varela,Flamengo,Uruguay,,1300000,EUR,2027-12-31
329069,Z\u00e9 Rafael,Santos,Brazil,,1600000,EUR,2027-12-31
822729,Alan Franco,Atl\u00e9tico Mineiro,Ecuador,,4700000,EUR,2027-12-31
840291,David,Vasco da Gama,Brazil,,1600000,EUR,2027-12-31
850475,Jean Carlos,N\u00e1utico,Brazil,,335000,EUR,
928134,Guga,Fluminense,Brazil,,1900000,EUR,2029-12-31
950454,Hugo Souza,Corinthians,Brazil,,10700000,EUR,2030-12-31
979861,Isidro Pitta,Red Bull Bragantino,Paraguay,,7700000,EUR,2028-12-31
981350,Leonel Picco,Remo,Argentina,,3200000,EUR,2028-12-31
992025,Neto Pessoa,Chapecoense,Brazil,,325000,EUR,2027-04-30
1021721,Paulo Henrique,Vasco da Gama,Brazil,,5800000,EUR,2027-12-31
1046501,Mois\u00e9s,Santos,Brazil,,2100000,EUR,2028-12-31
1122737,Joaqu\u00edn Lavega,Coritiba,Uruguay,,4300000,EUR,2026-12-31
1145106,Evertton Araujo,Flamengo,Brazil,,5400000,EUR,2028-12-31
1160386,Andr\u00e9s G\u00f3mez,Vasco da Gama,Colombia,,10700000,EUR,2031-01-31
1173373,Johan Rojas,Vasco da Gama,Colombia,,3700000,EUR,2026-12-31
1200730,Rodriguinho,Red Bull Bragantino,Brazil,,6200000,EUR,2030-12-31
1464929,Iv\u00e1n Rom\u00e1n,Atl\u00e9tico Mineiro,Chile,,1600000,EUR,2029-12-31
33132,Rafael,S\u00e3o Paulo,Brazil,,370000,EUR,2027-12-31
331397,Lucas Evangelista,Palmeiras,Brazil,,4300000,EUR,2027-12-31
789960,Yeferson Soteldo,Fluminense,Venezuela,,3200000,EUR,2028-12-31
866736,Raul,Botafogo,Brazil,,390000,EUR,2027-12-31
871032,Caique Gon\u00e7alves,Vit\u00f3ria,Brazil,,485000,EUR,2027-12-31
875402,Alan Javier Franco,Tigres UANL,Argentina,,4200000,EUR,2027-06-30
881848,F\u00e9lix Torres,Internacional,Ecuador,,1100000,EUR,2026-12-31
901889,Francis Amuzu,Gr\u00eamio,Ghana,,8700000,EUR,2026-12-31
905459,Luan C\u00e2ndido,Vit\u00f3ria,Brazil,,3100000,EUR,2026-12-31
922454,Benjam\u00edn Rollheiser,Santos,Argentina,,8100000,EUR,2028-12-31
940699,Adonis Fr\u00edas,Santos,Argentina,,2800000,EUR,2028-12-31
954888,Kaio Jorge,Cruzeiro,Brazil,,24000000,EUR,2030-12-31
978638,Jo\u00e3o Marcelo,Cruzeiro,Brazil,,3100000,EUR,2028-12-31
1015261,Dami\u00e1n Bobadilla,S\u00e3o Paulo,Paraguay,,6400000,EUR,2027-12-31
1015291,Patrick de Paula,Botafogo,Brazil,,2400000,EUR,2026-12-31
1182233,Mateo Sanabria,Bahia,Argentina,,2100000,EUR,2030-12-31
1527129,Jemmes,Fluminense,Brazil,,2900000,EUR,2030-12-31
1633501,Arthur Gabriel,Palmeiras,Brazil,,2800000,EUR,2029-12-31
1650040,Diego Tarzia,Vit\u00f3ria,Argentina,,2200000,EUR,2026-12-31
2162243,Lucca,S\u00e3o Paulo,Brazil,,2900000,EUR,2028-04-30
44691,Maicon,Coritiba,Brazil,,97000,EUR,2026-12-31
149710,Lucas Moura,S\u00e3o Paulo,Brazil,,2100000,EUR,2026-12-31
255873,Cauly,S\u00e3o Paulo,Brazil,,3100000,EUR,2026-12-31
339447,Fabi\u00e1n Balbuena,Gr\u00eamio,Paraguay,,815000,EUR,2027-06-30
340519,Jonathan Calleri,S\u00e3o Paulo,Argentina,,1600000,EUR,2026-12-31
358550,Thiago Maia,Internacional,Brazil,,2400000,EUR,2026-12-31
378590,Thiago Santos,Coritiba,Brazil,,105000,EUR,2026-12-31
559036,Gustavo Scarpa,Atl\u00e9tico Mineiro,Brazil,,4300000,EUR,2027-12-31
856123,Emerson Royal,Flamengo,Brazil,,6600000,EUR,2028-12-31
866392,Raniele,Corinthians,Brazil,,4300000,EUR,2028-12-31
912786,Matheus Henrique,Cruzeiro,Brazil,,4099999,EUR,2029-06-30
923803,Christian Oliva,Santos,Uruguay,,1500000,EUR,2028-12-31
925173,Juan Felipe Aguirre,Athletico,Colombia,,1600000,EUR,2027-12-31
973293,Hugo Moura,Vasco da Gama,Brazil,,955000,EUR,2026-12-31
1122967,Eduardo Doma,Chapecoense,Brazil,,1300000,EUR,2027-12-31
1127439,Guilherme Arana,Fluminense,Brazil,,6400000,EUR,2029-12-31
1185617,Alexsander,Atl\u00e9tico Mineiro,Brazil,,5700000,EUR,2029-12-31
1485090,Tom\u00e1s P\u00e9rez,Atl\u00e9tico Mineiro,Argentina,,3100000,EUR,2026-12-31
1647579,Kaique Kenji,Cruzeiro,Brazil,,3300000,EUR,2028-12-31
25554,Fagner,Cruzeiro,Brazil,,195000,EUR,2026-12-31
31417,Willian,Gr\u00eamio,Brazil,,385000,EUR,2026-12-31
243651,J\u00e1dson,Athletico,Brazil,,1000000,EUR,2026-12-31
839095,Carlos Cuesta,Vasco da Gama,Colombia,,8400000,EUR,2026-12-31
846362,Walter Clar,Atlante FC,Paraguay,,515000,EUR,2028-12-31
851285,Nuno Moreira,Vasco da Gama,Portugal,,6400000,EUR,2027-12-31
870851,Bruno Melo,Coritiba,Brazil,,230000,EUR,2026-12-31
871015,Alesson,Mirassol,Brazil,,2700000,EUR,2028-12-31
879902,Paulinho Paula,Internacional,Brazil,,970000,EUR,2027-12-31
881844,\u00c1ngelo Preciado,Atl\u00e9tico Mineiro,Ecuador,,3600000,EUR,2029-12-31
927975,Jean Lucas,Bahia,Brazil,,12600000,EUR,2028-12-31
929200,Cac\u00e1,Vit\u00f3ria,Brazil,,1500000,EUR,2026-12-31
972373,Jamerson,Vit\u00f3ria,Brazil,,840000,EUR,2026-12-31
973845,Higor Merit\u00e3o,Vila Nova FC,Brazil,,775000,EUR,2027-11-30
975216,Santiago Rodr\u00edguez,Botafogo,Uruguay,,5800000,EUR,2028-12-31
986868,Marcelinho,Remo,Brazil,,555000,EUR,2026-12-31
1199277,Leonardo Derik,Athletico,Brazil,,2700000,EUR,2029-12-31
1465222,Jo\u00e3o Vitor,Londrina,Brazil,,850000,EUR,
1471214,Leonel P\u00e9rez,Gr\u00eamio,Argentina,,6500000,EUR,2029-12-31
1635772,Diogo Riquelme,Athletico U20,Brazil,,110000,EUR,
34705,Hulk,Fluminense,Brazil,,1100000,EUR,2027-12-31
249929,Joaqu\u00edn Correa,Botafogo,Argentina,,1900000,EUR,2027-12-31
333275,Junior Alonso,Atlanta United,Paraguay,,1400000,EUR,
818441,Braian Cufr\u00e9,Remo,Argentina,,1300000,EUR,2026-12-31
842098,Luan Peres,Santos,Brazil,,730000,EUR,2027-12-31
949687,\u00c1lvaro Barreal,Santos,Argentina,,7700000,EUR,2028-12-31
980327,Tet\u00ea,Gr\u00eamio,Brazil,,8199999,EUR,2029-12-31
981374,Kevin Serna,Fluminense,Colombia,,5200000,EUR,2028-12-31
1067640,Vanderlan,Red Bull Bragantino,Brazil,,2700000,EUR,2030-12-31
1116955,Nathan Mendes,Vit\u00f3ria,Brazil,,1500000,EUR,2026-12-31
1411152,Kayke Ferrari,Corinthians,Brazil,,1400000,EUR,2027-06-30
1459631,Rhuan Gabriel,Cruzeiro U20,Brazil,,320000,EUR,2029-12-31
1470928,Rubens Tadeu,Chapecoense,Brazil,,245000,EUR,2027-12-10
1485284,Luis Benedetti,Palmeiras,Brazil,,4400000,EUR,2029-12-31
1494695,Nathan Fernandes,Botafogo,Brazil,,3800000,EUR,
1546647,Leozinho,Athletico,Brazil,,775000,EUR,2028-12-31
1656036,Gabriel Bontempo,Santos,Brazil,,8700000,EUR,2030-12-31
2010540,Tiaguinho,Gr\u00eamio,Brazil,,515000,EUR,2027-07-13
922601,Wallisson Luiz,Coritiba,Brazil,,830000,EUR,2028-12-31
2155474,Mamady Ciss\u00e9,Atl\u00e9tico Mineiro,Guinea,,1000000,EUR,2030-12-31
76507,Eduardo,Mirassol,Brazil,,620000,EUR,2026-12-31
106142,Zakaria Labyad,Corinthians,Morocco,,375000,EUR,2026-12-31
221206,Marllon,Remo,Brazil,,340000,EUR,2026-12-31
241488,Bernard,Atl\u00e9tico Mineiro,Brazil,,620000,EUR,2027-12-31
363688,Yago Pikachu,Remo,Brazil,,620000,EUR,2026-12-31
808785,Vitor Bueno,Remo,Brazil,,970000,EUR,2027-12-31
818473,Ayrton Lucas,Flamengo,Brazil,,3700000,EUR,2027-12-31
824626,Tom\u00e1s Pochettino,Vit\u00f3ria,Argentina,,3400000,EUR,2026-12-31
872039,Thaciano,Santos,Brazil,,970000,EUR,2028-12-31
905448,Gabriel Braz\u00e3o,Santos,Brazil,,12800000,EUR,2028-12-31
974512,Carlos Ter\u00e1n,Athletico,Colombia,,1800000,EUR,2026-12-31
978562,Reinier,Atl\u00e9tico Mineiro,Brazil,,1800000,EUR,2029-12-31
982405,Vitinho,Internacional,Brazil,,4900000,EUR,2030-06-30
1105970,Adson,Vasco da Gama,Brazil,,2300000,EUR,2027-12-31
1112484,Kaiki,Como,Brazil,,14800000,EUR,2027-06-30
1112896,Ignacio Sosa,Red Bull Bragantino,Uruguay,,4700000,EUR,2030-12-31
1176815,Giovanni Pavani,Cear\u00e1,Brazil,,380000,EUR,2026-12-31
1177404,Facundo Bernal,Real Betis,Uruguay,,5800000,EUR,2031-06-30
1907757,Roger,Gr\u00eamio,Brazil,,375000,EUR,2028-12-31
1916131,Dieguinho,Corinthians U20,Brazil,,4099999,EUR,2029-12-31
123223,Willian Jos\u00e9,Bahia,Brazil,,1300000,EUR,2026-12-31
128376,Gabriel Mercado,Internacional,Argentina,,110000,EUR,2026-12-31
386198,Everton,Flamengo,Brazil,,6400000,EUR,2026-12-31
794874,Daniel Borges,Mirassol,Brazil,,280000,EUR,2026-12-31
840398,Tch\u00ea Tch\u00ea,Vasco da Gama,Brazil,,760000,EUR,2026-12-31
840500,Gonzalo Escobar,Santos,Argentina,,825000,EUR,2026-12-31
863292,Victor Caetano,Chapecoense,Brazil,,750000,EUR,2027-12-15
877513,Nicol\u00e1s de la Cruz,Flamengo,Uruguay,,8400000,EUR,2028-06-30
925142,Sebastian Gomez,Coritiba,Colombia,,1600000,EUR,2028-12-31
972587,Marino Hinestroza,Vasco da Gama,Colombia,,4900000,EUR,2029-12-31
986233,Mauricio,Palmeiras,Paraguay,,15800000,EUR,2028-12-31
989862,Juan Nardoni,Gr\u00eamio,Argentina,,8400000,EUR,2029-12-31
1018779,Jaj\u00e1,Remo,Brazil,,730000,EUR,2028-12-31
1109864,Lucas Villalba,Botafogo,Uruguay,,1600000,EUR,2029-12-31
1111139,Vini Paulista,Coritiba,Brazil,,940000,EUR,2027-12-31
1120738,Rafael Carvalheira,Chapecoense,Brazil,,2300000,EUR,2026-11-30
1485226,Jo\u00e3o Cruz,Athletico,Brazil,,2100000,EUR,2028-02-29
1587827,Gustavo Henrique Pereira,Santos,Brazil,,485000,EUR,2028-12-31
1647612,Andr\u00e9 Luiz,Corinthians,Brazil,,15500000,EUR,2029-12-31
1895377,Gabriel Mec,Gr\u00eamio,Brazil,,16500000,EUR,2027-06-30
44760,C\u00e9dric Soares,S\u00e3o Paulo,Portugal,,465000,EUR,2027-12-31
84844,Neto,Botafogo,Brazil,,940000,EUR,
90468,Osvaldo,Vit\u00f3ria,Brazil,,72000,EUR,
329055,Walter,Mirassol,Brazil,,140000,EUR,2026-12-31
345113,Bruno Henrique,Internacional,Brazil,,330000,EUR,2026-12-31
604274,William Furtado,Cruzeiro,Brazil,,2700000,EUR,2026-12-31
794930,Pedro Rocha,Coritiba,Brazil,,1500000,EUR,2026-12-31
795295,Carlos Eduardo,Mirassol,Brazil,,540000,EUR,2026-12-31
795773,Samuel Xavier,Fluminense,Brazil,,185000,EUR,2027-12-31
840119,Igor Vin\u00edcius,Santos,Brazil,,1900000,EUR,2028-06-30
840150,Matheus Fernandes,Red Bull Bragantino,Brazil,,945000,EUR,2027-12-31
870691,Bruno Pacheco,Chapecoense,Brazil,,260000,EUR,2026-12-31
871705,Kanu,Bahia,Brazil,,2800000,EUR,2027-12-31
943044,Z\u00e9 Ricardo,Remo,Brazil,,480000,EUR,2026-12-31
950545,Eric Ramires,Red Bull Bragantino,Brazil,,3600000,EUR,2026-12-31
1047204,Matheus Bahia,Internacional,Brazil,,3100000,EUR,2027-12-31
1106487,Victor Gabriel,Internacional,Brazil,,4700000,EUR,2029-12-31
1116665,Jeft\u00e9,Palmeiras,Brazil,,4400000,EUR,2030-07-31
1167536,Julimar,Al-Sharjah,Brazil,,2100000,EUR,
1631268,Gabriel Justino,Botafogo,Brazil,,310000,EUR,
116955,Sa\u00fal \u00d1\u00edguez,Flamengo,Spain,,1900000,EUR,2028-12-31
138833,Memphis Depay,Corinthians,Netherlands,,7200000,EUR,2026-07-31
261687,Gilberto,Athletico,Brazil,,2300000,EUR,2027-12-31
335033,Wendell,S\u00e3o Paulo,Brazil,,1600000,EUR,2027-12-31
552686,Ot\u00e1vio,Fluminense,Brazil,,1200000,EUR,2027-12-31
560116,Rafael Borr\u00e9,River Plate,Colombia,,3300000,EUR,2029-12-31
817650,Bruno Rodrigues,Cruzeiro,Brazil,,1300000,EUR,2026-12-31
832708,Mateo Cassierra,Atl\u00e9tico Mineiro,Colombia,,8500000,EUR,2029-12-31
839085,Juli\u00e1n Mill\u00e1n,Fluminense,Colombia,,3800000,EUR,2029-12-31
931574,Felipe Jonatan,Coritiba,Brazil,,1900000,EUR,2027-12-31
974558,Jos\u00e9 Enamorado,Gr\u00eamio,Colombia,,3200000,EUR,2028-12-31
980761,Ramon,Vit\u00f3ria,Brazil,,2200000,EUR,2026-12-31
1048612,Edson Carioca,Mirassol,Brazil,,1500000,EUR,2028-12-31
1179171,Jos\u00e9 Herrera,Red Bull Bragantino,Argentina,,2600000,EUR,2029-12-31
1459788,Chiqueti,Athletico U20,Brazil,,450000,EUR,
1470709,David Braga,Remo,Brazil,,610000,EUR,2027-12-31
1482361,Jo\u00e3o Pedro Chermont,Coritiba,Brazil,,4300000,EUR,2026-12-31
1907755,Pedro Gabriel,Gr\u00eamio,Brazil,,1900000,EUR,2028-12-31
2282985,Kadir Barr\u00eda,Botafogo,Panama,,955000,EUR,
116853,Ganso,Fluminense,Brazil,,290000,EUR,2026-12-31
295167,Willian Oliveira,Coritiba,Brazil,,290000,EUR,2026-12-31
590392,Jorge Carrascal,Flamengo,Colombia,,10200000,EUR,2029-06-30
826343,Lucas Ver\u00edssimo,Santos,Brazil,,4700000,EUR,2028-12-31
836070,Luis Sinisterra,Cruzeiro,Colombia,,10700000,EUR,2028-12-31
840076,Perotti,Sport Recife,Brazil,,930000,EUR,2026-11-30
975351,Fabr\u00edcio Santos,Vit\u00f3ria,Brazil,,930000,EUR,2026-12-31
987589,Jos\u00e9 Andr\u00e9s Hurtado,Red Bull Bragantino,Ecuador,,3200000,EUR,2027-12-31
1065976,Vinicius Balieiro,Chapecoense,Brazil,,440000,EUR,2026-12-31
1120721,Pablo Maia,S\u00e3o Paulo,Brazil,,4900000,EUR,2029-12-31
1174196,Marcos Victor,Bahia,Brazil,,470000,EUR,2029-12-31
1887796,Kau\u00e3 Prates,Cruzeiro,Brazil,,10300000,EUR,2027-12-31
1899902,Jordan Barrera,Botafogo,Colombia,,1900000,EUR,2029-12-31
205508,Jesse Lingard,Corinthians,England,,2200000,EUR,2026-12-31
247483,Wanderson,Cruzeiro,Brazil,,2900000,EUR,2027-12-31
312110,Alex Telles,Botafogo,Brazil,,2900000,EUR,
789931,Kevin Ram\u00edrez,Chapecoense,Uruguay,,375000,EUR,2026-12-31
798127,Marinho,Vit\u00f3ria,Brazil,,195000,EUR,2026-12-31
845433,Bruno Tabata,Internacional,Brazil,,1600000,EUR,2027-12-31
870329,Marcinho,Chapecoense,Brazil,,695000,EUR,2026-11-30
874723,Shaylon,Mirassol,Brazil,,1000000,EUR,2026-12-31
925189,Eduardo Santos,Red Bull Bragantino,Brazil,,730000,EUR,2028-12-29
942061,Anderson,Chapecoense,Brazil,,420000,EUR,2027-12-31
980580,Juan Portilla,Athletico,Colombia,,4600000,EUR,2028-12-31
981019,Jo\u00e3o Lucas,Remo,Brazil,,1600000,EUR,2026-12-31
1015733,Ram\u00f3n Sosa,Palmeiras,Paraguay,,10300000,EUR,2030-06-30
1105835,Matheus Cunha,Internacional,Brazil,,2900000,EUR,2028-12-31
1463909,Newton,Botafogo,Brazil,,3200000,EUR,2027-12-31
1539599,N\u00e9iser Villarreal,Cruzeiro,Colombia,,3900000,EUR,2030-12-31
2441013,Anderson Pato,Vit\u00f3ria,Brazil,,240000,EUR,2027-12-31
330057,Tinga,Coritiba,Brazil,,480000,EUR,2026-12-31
814723,Renato Kayzer,Vit\u00f3ria,Brazil,,915000,EUR,2027-03-31
835260,Rony,Santos,Brazil,,4800000,EUR,2029-12-31
869639,J\u00e1derson,Remo,Brazil,,815000,EUR,2027-12-31
884980,Brenner,Vasco da Gama,Brazil,,3900000,EUR,2029-12-31
904297,Andr\u00e9 Luis,Mirassol,Brazil,,1100000,EUR,2026-12-31
913598,Igor Gomes,Atl\u00e9tico Mineiro,Brazil,,2300000,EUR,2026-12-31
931479,Fernando Sobral,Coritiba,Brazil,,1500000,EUR,2026-12-31
934638,Nathan Foga\u00e7a,Fortaleza,Brazil,,1600000,EUR,2027-12-31
984896,Khellven,Palmeiras,Brazil,,6200000,EUR,2030-06-30
1050353,Maur\u00edcio Garcez,Chapecoense,Brazil,,775000,EUR,2028-12-31
1099163,Mateo Ponte,Botafogo,Uruguay,,1900000,EUR,2028-06-30
1182504,Rodrigo Castillo,Fluminense,Argentina,,6400000,EUR,2030-12-31
1485191,Allex,Internacional U20,Brazil,,1100000,EUR,2027-12-31
1546812,Italo,Chapecoense,Brazil,,950000,EUR,2027-11-30
1597267,Luighi Hanri,Palmeiras,Brazil,,4099999,EUR,2029-12-31
1634619,Riquelme Freitas,Gr\u00eamio,Brazil,,2100000,EUR,2027-12-31
2035326,Maik,S\u00e3o Paulo,Brazil,,1500000,EUR,2028-05-31
178407,Gabriel Pires,Mirassol,Brazil,,430000,EUR,2026-12-15
245159,Lucas Silva,Cruzeiro,Brazil,,405000,EUR,2027-12-31
799947,Jose Juninho,Internacional,Brazil,,720000,EUR,2027-12-31
809536,Yuri,Jubilo Iwata,Brazil,,515000,EUR,
844602,Z\u00e9 Ivaldo,Santos,Brazil,,1900000,EUR,2028-12-31
845178,Charles,Corinthians,Brazil,,875000,EUR,2028-12-31
903027,L\u00e9o,Remo,Brazil,,360000,EUR,2026-12-31
922559,J\u00fanior Santos,Botafogo,Brazil,,2700000,EUR,2026-12-31
931521,Ronald,Crici\u00fama,Brazil,,675000,EUR,2026-11-30
931591,Caio Paulista,Gr\u00eamio,Brazil,,1900000,EUR,2026-12-31
942426,Luan Santos,S\u00e3o Paulo,Brazil,,970000,EUR,2026-12-31
976235,Wagner Leonardo,Gr\u00eamio,Brazil,,3300000,EUR,2028-12-31
992093,Lautaro D\u00edaz,Santos,Argentina,,1500000,EUR,2026-12-31
1066620,Miguel Monsalve,Gr\u00eamio,Colombia,,3400000,EUR,2028-12-31
1092354,Bruno Zapelli,Athletico,Argentina,,4700000,EUR,2028-07-01
1106151,Kayky,Internacional,Brazil,,4700000,EUR,2026-12-31
1107060,Felipinho,Athletico,Brazil,,970000,EUR,2027-12-31
1464528,Kayky Almeida,Sport Recife,Brazil,,775000,EUR,
1922597,Gui Neg\u00e3o,Corinthians U20,Brazil,,6600000,EUR,2030-06-30
2057364,Larson,Palmeiras,Brazil,,420000,EUR,2030-12-31
82576,Marcos Rocha,Gr\u00eamio,Brazil,,185000,EUR,2026-12-31
338839,Dod\u00f4,Vila Nova FC,Brazil,,82000,EUR,2026-12-31
787607,Keno,Coritiba,Brazil,,290000,EUR,2026-12-31
823831,Aitor Cantalapiedra,Vit\u00f3ria,Spain,,1700000,EUR,2027-06-30
905463,Yuri Alberto,Corinthians,Brazil,,24000000,EUR,2030-06-30
923948,Alerrandro,Internacional,Brazil,,3100000,EUR,2026-12-31
924857,Michel Ara\u00fajo,Bahia,Uruguay,,2600000,EUR,2028-12-31
932937,Enzo D\u00edaz,S\u00e3o Paulo,Argentina,,2900000,EUR,2028-12-31
944459,Mayk,Remo,Brazil,,475000,EUR,2027-12-31
976188,Rodrigues,PS Kalamata,Brazil,,745000,EUR,2027-06-30
982174,Lucas Piton,Vasco da Gama,Italy,,5700000,EUR,2028-12-31
1018777,Eduardo Melo,Remo,Brazil,,77000,EUR,2026-12-31
1466084,Wallace Yan,Flamengo,Brazil,,6200000,EUR,2027-12-31
1829022,Kau\u00e3 Pascini,Atl\u00e9tico Mineiro,Brazil,,515000,EUR,2030-12-31
1884605,Mateus Xavier,Santos U20,Brazil,,375000,EUR,2028-12-31
1884803,Riquelme Felipe,Fluminense,Brazil,,5600000,EUR,2030-08-31
33238,Germ\u00e1n Cano,Fluminense,Argentina,,515000,EUR,2026-12-31
66471,Martin Braithwaite,Gr\u00eamio,Denmark,,970000,EUR,2027-12-31
840280,Bruno Leonardo,Chapecoense,Brazil,,385000,EUR,2027-12-31
850955,Jo\u00e3o Basso,Cuiab\u00e1,Brazil,,640000,EUR,2026-11-30
866911,Pedro Raul,Corinthians,Brazil,,2400000,EUR,2028-12-31
870804,Dodi,Gr\u00eamio,Brazil,,720000,EUR,2026-12-31
871162,Everton Galdino,Mirassol,Brazil,,1000000,EUR,2026-12-31
880132,Chico,Mirassol,South Korea,,160000,EUR,2026-12-31
937806,Gabriel Poveda,Remo,Brazil,,530000,EUR,2026-12-31
985809,Pedro Milans,Corinthians,Uruguay,,1400000,EUR,2029-12-31
1002947,Gonzalo Tapia,S\u00e3o Paulo,Chile,,3200000,EUR,2029-12-31
1086482,Diego Hern\u00e1ndez,Botafogo,Uruguay,,1500000,EUR,
1099747,Gustavo,Coritiba,Brazil,,465000,EUR,2028-12-31
1112908,Alan Saldivia,Vasco da Gama,Uruguay,,1100000,EUR,2028-12-31
1124329,Tiago C\u00f3ser,Coritiba,Brazil,,1600000,EUR,2027-12-31
1190330,Nicol\u00e1s Ferreira,Montevideo Wanderers,Uruguay,,555000,EUR,2027-06-30
2191860,Robinho J\u00fanior,Santos,Brazil,,5500000,EUR,2027-04-30
2436885,Renan Peixoto Nepomuceno,Athletico,Brazil,,1400000,EUR,2028-02-29
46620,Yannick Bolasie,Chapecoense,DR Congo,,155000,EUR,2026-12-31
46798,Tom\u00e1s Rinc\u00f3n,No team,Venezuela,,105000,EUR,
143846,Eduardo Sasha,Red Bull Bragantino,Brazil,,880000,EUR,2027-12-31
243155,D\u00f3ria,Batman Petrolspor,Brazil,,1100000,EUR,
291723,Alisson,Fluminense,Brazil,,750000,EUR,2026-12-31
605528,Jo\u00e3o Pedro,Gr\u00eamio,Brazil,,1400000,EUR,2027-12-31
866847,Chico da Costa,Cruzeiro,Brazil,,1000000,EUR,2027-12-31
874143,Luiz Fernando,Fortaleza,Brazil,,1900000,EUR,2027-12-31
883207,Antonio Galeano,Mirassol,Paraguay,,3400000,EUR,2028-12-31
914819,Chris Ramos,Botafogo,Spain,,2400000,EUR,
926513,Renzo L\u00f3pez,Cear\u00e1,Uruguay,,585000,EUR,2027-12-31
953736,Matheus Alexandre,Remo,Brazil,,930000,EUR,2026-12-31
995294,Fabinho,Coritiba,Brazil,,1000000,EUR,2027-12-31
1194689,Renato Marques,Coritiba,Brazil,,915000,EUR,2026-12-31
1485603,Marcelinho Braz,Red Bull Bragantino,Brazil,,430000,EUR,2028-05-31
1632360,Cau\u00ea Nascimento Santos,Red Bull Bragantino U20,Brazil,,485000,EUR,2029-02-27
1641124,JP,Vasco da Gama,Brazil,,2200000,EUR,2027-12-31
2083032,David Antunes,Chapecoense U20,Brazil,,210000,EUR,
215956,Bastos,Botafogo,Angola,,630000,EUR,2026-12-31
252781,Victor Luis,Mirassol,Brazil,,285000,EUR,2026-12-10
362966,Jo\u00e3o Pedro Silva,No team,Guinea-Bissau,,770000,EUR,
861297,Claudio Spinelli,Vasco da Gama,Argentina,,2800000,EUR,2028-12-31
866369,S\u00e1vio,Cear\u00e1,Brazil,,375000,EUR,
871219,Fernandinho,Mirassol,Brazil,,635000,EUR,
874576,Alan Rodr\u00edguez,Internacional,Uruguay,,2200000,EUR,2029-12-31
925072,Andr\u00e9 Silva,S\u00e3o Paulo,Brazil,,3100000,EUR,2027-12-31
927166,Riccieli,Vit\u00f3ria,Brazil,,1700000,EUR,2026-12-31
942054,Marcos Vin\u00edcius,Chapecoense,Brazil,,380000,EUR,2026-12-31
1046805,Natanael,Atl\u00e9tico Mineiro,Brazil,,4099999,EUR,2028-12-31
1116593,Matheus Fran\u00e7a,Crystal Palace,Brazil,,6200000,EUR,2028-06-30
1444693,Gabriel Souza,Fortaleza,Brazil,,2100000,EUR,2026-12-31
1464519,Isaac,Athletico,Brazil,,1200000,EUR,2027-12-31
1512551,Ythallo,Botafogo,Brazil,,285000,EUR,2027-12-31
1587979,Lawan,Botafogo-PB,Brazil,,140000,EUR,
2024892,Rafael Monti,Remo,Argentina,,620000,EUR,2026-12-31
108480,Rafael Santos,Chapecoense,Brazil,,73000,EUR,2026-12-31
249647,Walter Kannemann,Gr\u00eamio,Argentina,,380000,EUR,2027-12-31
273329,Mayke,Santos,Brazil,,1600000,EUR,2027-12-31
789100,Tiquinho Soares,No team,Brazil,,825000,EUR,
840247,Neris,Fortaleza,Brazil,,215000,EUR,2027-06-30
869644,Iago Borduchi,Bahia,Brazil,,3700000,EUR,2028-12-31
901700,Z\u00e9 Marcos,Vit\u00f3ria,Brazil,,1100000,EUR,2027-12-31
988656,Gustavo Caballero,Santos,Paraguay,,955000,EUR,2028-12-31
1069729,Lucas Freitas,Vasco da Gama,Brazil,,1000000,EUR,2027-12-31
1089140,Franco Catarozzi,Remo,Uruguay,,365000,EUR,2026-12-31
1463912,Andr\u00e9 Henrique,G\u00f6ztepe,Brazil,,3200000,EUR,2030-06-30
1482359,Jhoan Hernandez,Botafogo,Colombia,,145000,EUR,2026-12-31
1485598,Felipe Negrucci,S\u00e3o Paulo,Brazil,,1000000,EUR,2029-12-31
1884601,Djhordney Ferreira,S\u00e3o Paulo,Brazil,,520000,EUR,2030-01-31
1907762,Zort\u00e9a,Gr\u00eamio U20,Brazil,,485000,EUR,2028-06-30
2039241,Vinicius Rodrigues Lira,Santos,Brazil,,4300000,EUR,2027-03-31
2050427,Dell,Bahia U20,Brazil,,3800000,EUR,2028-12-31
147467,Gabriel,Vit\u00f3ria,Brazil,,465000,EUR,2028-12-31
789379,Fabi\u00e1n Sambueza,Atl\u00e9tico Bucaramanga,Argentina,,92000,EUR,2026-12-31
794087,William Tesillo,Atl\u00e9tico Nacional,Colombia,,210000,EUR,2027-06-30
818936,Rafael Carrascal,Am\u00e9rica de Cali,Colombia,,325000,EUR,2027-12-31
820057,Larry V\u00e1squez,Internacional de Bogot\u00e1,Colombia,,145000,EUR,2026-12-31
870359,Yeison Guzm\u00e1n,Am\u00e9rica de Cali,Colombia,,2400000,EUR,2026-12-31
874195,Igor Cari\u00fas,Vila Nova FC,Brazil,,195000,EUR,2026-11-30
883205,Alexis Duarte,Santos,Paraguay,,1700000,EUR,
924131,Bruno Matias,Chapecoense,Brazil,,480000,EUR,2026-12-31
924567,Sebasti\u00e1n Guzm\u00e1n,Deportes Tolima,Colombia,,515000,EUR,2028-06-30
934421,Rafael Bustamante,Jaguares de C\u00f3rdoba,Colombia,,210000,EUR,
944462,Andrey Estupi\u00f1\u00e1n,Millonarios,Colombia,,450000,EUR,2028-06-30
1098301,Alejandro Rodr\u00edguez,Deportivo Cali,Colombia,,720000,EUR,2027-12-31
1106565,Leider Berdugo,C\u00facuta Deportivo,Colombia,,960000,EUR,2026-12-31
1526736,Josen Escobar,Am\u00e9rica de Cali,Colombia,,1800000,EUR,2028-06-30
1588318,Jo\u00e3o Almeida,Coritiba,Brazil,,360000,EUR,2029-12-31
33596,David Ospina,No team,Colombia,,110000,EUR,
153793,Edwin Cardona,Atl\u00e9tico Nacional,Colombia,,480000,EUR,2027-06-30
220465,Rodrigo Ure\u00f1a,Millonarios,Chile,,570000,EUR,2027-12-31
247741,Frank Fabra,Independiente Medell\u00edn,Colombia,,96000,EUR,2027-06-30
312338,Eder Chaux,Independiente Medell\u00edn,Colombia,,190000,EUR,2026-12-31
579384,Mat\u00edas Pisano,Deportivo Pasto,Argentina,,145000,EUR,2026-12-31
796095,Iv\u00e1n Arboleda,Sarmiento,Colombia,,320000,EUR,2027-12-31
805265,Omar Fern\u00e1ndez,Independiente Santa Fe,Colombia,,525000,EUR,2027-12-31
823233,Geovanni Banguera,Deportivo Pasto,Colombia,,275000,EUR,
848048,Luis Sandoval,Deportes Tolima,Colombia,,860000,EUR,2027-12-31
907464,Ian Poveda,Internacional de Bogot\u00e1,Colombia,,1200000,EUR,
924420,Jorman Campuzano,Atl\u00e9tico Nacional,Colombia,,1700000,EUR,2028-06-30
925127,Anderson Angulo,Deportes Tolima,Colombia,,525000,EUR,
963525,Luis S\u00e1nchez,Deportes Tolima,Colombia,,750000,EUR,
978706,Andr\u00e9s Arroyo,Everton de Vi\u00f1a del Mar,Colombia,,1300000,EUR,2026-12-31
980492,C\u00e9sar Haydar,Atl\u00e9tico Nacional,Colombia,,525000,EUR,2029-06-30
1022945,Emerson Batalla,Atl\u00e9tico Bucaramanga,Colombia,,1900000,EUR,2028-12-31
1185984,Juan Torres,Club Necaxa,Colombia,,1600000,EUR,2029-06-30
1197055,Yairo Moreno,CD Marathon,Colombia,,270000,EUR,2027-06-30
1388216,Franklin Mosquera,Jaguares de C\u00f3rdoba,Colombia,,92000,EUR,
31715,Dayro Moreno,Once Caldas,Colombia,,48000,EUR,2026-12-31
122710,Milton Casco,Atl\u00e9tico Nacional,Argentina,,69000,EUR,2026-12-31
231950,Andr\u00e9s Renter\u00eda,Jaguares de C\u00f3rdoba,Colombia,,275000,EUR,
247773,Matheus Uribe,Atl\u00e9tico Nacional,Colombia,,390000,EUR,2027-12-31
285527,Andr\u00e9s Ricaurte,Rionegro \u00c1guilas Doradas,Colombia,,165000,EUR,
329583,Guillermo Celis,Junior Barranquilla,Colombia,,420000,EUR,2028-06-30
844584,Aldair Quintana,Independiente del Valle,Colombia,,930000,EUR,2028-12-31
846694,Mauro Silveira,Junior Barranquilla,Uruguay,,930000,EUR,2028-06-30
855919,Miguel Ortega,Deportes Tolima,Mexico,,385000,EUR,
863329,Juan David Ram\u00edrez,C\u00facuta Deportivo,Colombia,,155000,EUR,
982821,Andr\u00e9s Llin\u00e1s,Millonarios,Colombia,,1400000,EUR,2029-06-30
1017365,Felipe Parra,Once Caldas,Colombia,,730000,EUR,2028-12-31
1020193,Robert Mej\u00eda,Orenburg,Colombia,,720000,EUR,2030-06-30
1174928,Aldair Z\u00e1rate,Atl\u00e9tico Bucaramanga,Colombia,,515000,EUR,2029-12-31
1210135,Santiago Mera,Boyac\u00e1 Chic\u00f3 FC,Colombia,,97000,EUR,2027-12-31
1388937,Juan Manuel Rengifo,Atl\u00e9tico Nacional,Colombia,,4800000,EUR,2028-12-31
1904862,Mateo Castillo M\u00e1rquez,Am\u00e9rica de Cali,Colombia,,1500000,EUR,2027-12-31
1904868,Johan Mart\u00ednez,Deportivo Cali,Colombia,,1500000,EUR,2029-06-30
15668,Hugo Rodallega,Independiente Santa Fe,Colombia,,48000,EUR,2026-12-31
119242,Luis Muriel,Junior Barranquilla,Colombia,,750000,EUR,2027-12-31
129500,Emanuel Olivera,Independiente Santa Fe,Argentina,,210000,EUR,2026-12-31
293341,Rodrigo Contreras,Millonarios,Argentina,,1300000,EUR,2026-12-31
355842,Jorge Arias,Millonarios,Colombia,,325000,EUR,2027-06-30
819101,Richard Renter\u00eda,Deportivo Pereira,Colombia,,54000,EUR,
820043,Leonardo Pico,Fortaleza FC,Colombia,,155000,EUR,
831085,Alfredo Morelos,Atl\u00e9tico Nacional,Colombia,,1900000,EUR,2028-12-31
942347,Rogerio Caicedo,Boyac\u00e1 Chic\u00f3 FC,Colombia,,49000,EUR,
972579,Alexis Serna,Independiente Medell\u00edn,Colombia,,415000,EUR,2027-12-31
975619,Weibmar Asprilla,Independiente Santa Fe,Colombia,,185000,EUR,2028-06-30
977812,Francisco Chaverra,Millonarios,Colombia,,940000,EUR,2027-06-30
995299,Jermein Pe\u00f1a,S.K. Victoria Wanderers,Colombia,,675000,EUR,
1085945,Italo Monta\u00f1o Cortes,Fortaleza FC,Colombia,,330000,EUR,2027-12-31
1108718,Luifer Hern\u00e1ndez,Club Puebla,Venezuela,,515000,EUR,
1116629,Franco Fag\u00fandez,Independiente Santa Fe,Uruguay,,820000,EUR,2026-12-31
1414727,Neider Ospina,Llaneros FC,Colombia,,325000,EUR,
1478221,Jefry Zapata,Once Caldas,Colombia,,1000000,EUR,2027-06-30
1562681,Juan Ramirez,Llaneros FC,Colombia,,435000,EUR,2026-12-31
1602863,Simon Garcia,Atl\u00e9tico Nacional,Colombia,,1300000,EUR,2026-12-31
34006,Pedro Gallese,Deportivo Cali,Peru,,340000,EUR,2027-12-31
47099,Te\u00f3filo Guti\u00e9rrez,Junior Barranquilla,Colombia,,52000,EUR,2026-12-31
158585,Didier Moreno,Independiente Medell\u00edn,Colombia,,360000,EUR,2027-12-31
248983,Diego Novoa,Atl\u00e9tico Bucaramanga,Colombia,,93000,EUR,
312330,Dany Rosero,Am\u00e9rica de Cali,Colombia,,290000,EUR,2026-12-31
350174,Jimmy Medranda,Llaneros FC,Colombia,,220000,EUR,
805288,Jhon V\u00e1squez,Llaneros FC,Colombia,,195000,EUR,
818941,Brayan Rovira,Deportes Tolima,Colombia,,855000,EUR,2026-12-31
827806,Leonardo Castro,Millonarios,Colombia,,600000,EUR,2028-12-31
830004,Jhonier Viveros,Deportes Quind\u00edo,Colombia,,105000,EUR,
875914,Omar Bertel,Am\u00e9rica de Cali,Colombia,,470000,EUR,2027-12-31
878536,Fabi\u00e1n \u00c1ngel,Junior Barranquilla,Colombia,,340000,EUR,2027-12-31
910158,Cristian Barrios,Junior Barranquilla,Colombia,,1200000,EUR,2028-12-31
933214,Yeiler G\u00f3ez,Deportivo Pasto,Colombia,,620000,EUR,
940264,Luciano Pons,Atl\u00e9tico Bucaramanga,Argentina,,210000,EUR,2028-12-31
972825,Felix Charrup\u00ed,Atl\u00e9tico Bucaramanga,Colombia,,540000,EUR,
1100500,Yhormar Hurtado,Club Always Ready,Colombia,,535000,EUR,
1185972,Kevin Parra,Atl\u00e9tico Nacional,Colombia,,930000,EUR,2027-12-31
1628441,Jorge Rivaldo,Athletico,Colombia,,2100000,EUR,2030-06-30
1904872,Sebasti\u00e1n Valencia,Millonarios,Colombia,,740000,EUR,2028-12-31
250235,Cristian Alvarez,Jaguares de C\u00f3rdoba,Argentina,,185000,EUR,
353296,Alexis Zapata,Independiente Santa Fe,Colombia,,415000,EUR,2026-12-31
829884,Daniel Cata\u00f1o,Independiente Medell\u00edn,Colombia,,255000,EUR,2027-12-31
856109,Emanuel Reynoso,Deportivo Cali,Argentina,,875000,EUR,2026-12-31
857498,Aldair Guti\u00e9rrez,Atl\u00e9tico Bucaramanga,Colombia,,490000,EUR,2026-12-31
905614,Jos\u00e9 Ortiz,Atl\u00e9tico Bucaramanga,Colombia,,970000,EUR,2029-06-30
927547,Royscer Colpa,Jaguares de C\u00f3rdoba,Colombia,,270000,EUR,
931704,Carlos Esparragoza,Alianza Valledupar FC,Colombia,,475000,EUR,
947332,L\u00e9yser Chaverra,Deportivo Cali,Colombia,,875000,EUR,
974309,Yesid D\u00edaz,Fortaleza FC,Colombia,,515000,EUR,
1021384,Ivan Scarpeta,Independiente Santa Fe,Colombia,,235000,EUR,2027-06-30
1067475,Juan Diaz,Boyac\u00e1 Chic\u00f3 FC,Colombia,,340000,EUR,
1612104,Yeiner Londo\u00f1o,Alianza Valledupar FC,Colombia,,270000,EUR,
1653821,Fabricio Sanguinetti,Internacional de Bogot\u00e1,Uruguay,,840000,EUR,2027-12-31
1835659,Sebasti\u00e1n del Castillo,Millonarios,Colombia,,530000,EUR,2029-06-30
1908241,Dereck Moncada,FC Lugano,Honduras,,2400000,EUR,2031-06-30
2175311,Matias Orozco,Deportivo Cali,Colombia,,1500000,EUR,2029-06-30
2205975,Neider Parra,Atl\u00e9tico Nacional,Colombia,,320000,EUR,2028-06-30
125813,Daniel Torres,Independiente Santa Fe,Colombia,,105000,EUR,2026-12-31
125910,Juli\u00e1n Qui\u00f1ones,Deportivo Pasto,Colombia,,53000,EUR,
162493,Francisco Meza,Llaneros FC,Colombia,,105000,EUR,
221552,Avil\u00e9s Hurtado,Deportivo Cali,Colombia,,53000,EUR,2026-12-31
248069,Yimmi Char\u00e1,Junior Barranquilla,Colombia,,275000,EUR,2026-12-31
796506,Daniel Londo\u00f1o,Once Caldas,Colombia,,435000,EUR,2027-06-30
796930,Wuilker Far\u00ed\u00f1ez,Internacional de Bogot\u00e1,Venezuela,,825000,EUR,2026-12-31
807769,Jean Fernandes,Am\u00e9rica de Cali,Brazil,,595000,EUR,2026-12-31
822108,David Macalister Silva,Millonarios,Colombia,,54000,EUR,2026-12-31
830014,Bryan Urue\u00f1a,No team,Colombia,,215000,EUR,
830255,Adri\u00e1n Parra,Deportes Tolima,Colombia,,580000,EUR,
857464,Juan Bauza,FCU 1948 Craiova,Argentina,,380000,EUR,2027-06-30
958592,Pipe G\u00f3mez,Once Caldas,Colombia,,710000,EUR,
974308,Steven Rodr\u00edguez,Deportivo Cali,Colombia,,740000,EUR,2026-12-31
1015686,Frank Lozano,Rionegro \u00c1guilas Doradas,Colombia,,340000,EUR,
1018517,Sebasti\u00e1n Navarro,Fortaleza FC,Colombia,,650000,EUR,
1108725,Miguel Silva,Carabobo FC,Venezuela,,440000,EUR,2027-12-31
1388633,Juan Loaiza,Llaneros FC,Colombia,,49000,EUR,
1388934,Fabi\u00e1n Su\u00e1rez,Rionegro \u00c1guilas Doradas,Colombia,,330000,EUR,
1562435,Joel Canchimbo,Junior Barranquilla,Colombia,,2100000,EUR,2028-12-31
72857,Johan Wallens,Alianza Valledupar FC,Colombia,,48000,EUR,2026-12-31
158581,Pedro Franco,Alianza Valledupar FC,Colombia,,110000,EUR,
588548,Fabi\u00e1n Vi\u00e1fara,Deportivo Cali,Colombia,,270000,EUR,2026-12-31
805213,Joaquin Varela,Independiente Medell\u00edn,Uruguay,,460000,EUR,2029-06-30
819139,Diego Moreno,Independiente Medell\u00edn,Colombia,,465000,EUR,2028-12-31
819169,Walmer Pacheco,Deportivo Pereira,Colombia,,375000,EUR,2027-06-30
874451,Leonardo Flores,Atl\u00e9tico Bucaramanga,Venezuela,,340000,EUR,2027-12-31
888100,Yimy G\u00f3mez,Deportivo Pereira,Colombia,,140000,EUR,2026-12-31
924907,Harlen Castillo,Gimnasia y Esgrima,Colombia,,330000,EUR,2027-12-31
927105,Sebastian Herrera,Fortaleza FC,Colombia,,170000,EUR,
980391,Diego Hern\u00e1ndez,Al-Shorta,Colombia,,740000,EUR,2027-06-30
994142,John Altamiranda,No team,Colombia,,270000,EUR,
1000298,Yani Quintero,Am\u00e9rica de Cali,Colombia,,480000,EUR,2027-12-31
1100037,Kevin Londo\u00f1o,C\u00facuta Deportivo,Colombia,,390000,EUR,2026-12-31
1170682,L\u00e9ider Berr\u00edo,Independiente Medell\u00edn,Colombia,,650000,EUR,2027-12-31
1173560,Beckham Castro,FC Lugano,Colombia,,975000,EUR,2029-06-30
1189991,Jes\u00fas Mu\u00f1oz,Alianza Valledupar FC,Colombia,,280000,EUR,
1388938,Kelvin Florez,Deportes Tolima,Colombia,,680000,EUR,
1478247,Keimer Sandoval,Deportivo Cali,Colombia,,310000,EUR,2027-12-31
1612110,Jhoiner Salas,Fortaleza FC,Colombia,,52000,EUR,
38172,Adri\u00e1n Ramos,Am\u00e9rica de Cali,Colombia,,45000,EUR,
106572,Carlos Bacca,Junior Barranquilla,Colombia,,48000,EUR,2026-12-31
818472,Yan Mosquera,Jaguares de C\u00f3rdoba,Colombia,,180000,EUR,
829864,Juan David R\u00edos,Junior Barranquilla,Colombia,,340000,EUR,2026-12-31
830016,Yesus Cabrera,Boyac\u00e1 Chic\u00f3 FC,Colombia,,110000,EUR,2026-12-31
873180,Cristian Tovar,Am\u00e9rica de Cali,Colombia,,235000,EUR,2026-12-31
876723,Andr\u00e9s Amaya,Fortaleza FC,Colombia,,290000,EUR,
882616,Jes\u00fas Rivas,Junior Barranquilla,Colombia,,820000,EUR,2028-06-30
890057,Marlon Sierra,Llaneros FC,Colombia,,49000,EUR,
931707,Cristian Trujillo,Deportes Tolima,Colombia,,420000,EUR,
988773,Alejandro Moralez,Llaneros FC,Colombia,,370000,EUR,2026-12-31
1093944,Mayer Gil,Deportivo Pasto,El Salvador,,380000,EUR,2026-12-31
1096223,Santiago C\u00f3rdoba,Deportivo Pasto,Colombia,,340000,EUR,
1106564,Luis Marquinez,Deportes Tolima,Colombia,,330000,EUR,2026-12-31
1116611,Juan Mera,Deportes Tolima,Colombia,,570000,EUR,2027-06-30
1170681,Johan Caicedo,Deportivo Pasto,Colombia,,910000,EUR,2027-12-31
1173828,Nicol\u00e1s Lara,Rionegro \u00c1guilas Doradas,Colombia,,53000,EUR,
1174986,Daniel Rivera,Junior Barranquilla,Colombia,,410000,EUR,2027-12-31
1441809,Jhonier Guerrero,Millonarios,Colombia,,860000,EUR,2029-06-30
285611,Baldomero Perlaza,Independiente Medell\u00edn,Colombia,,280000,EUR,2026-12-31
329577,Felipe Aguilar,Central C\u00f3rdoba,Colombia,,205000,EUR,2027-12-31
842663,Andr\u00e9s Sarmiento,Atl\u00e9tico Nacional,Colombia,,825000,EUR,2027-12-31
846431,Enrique Serje,Deportivo Pasto,Colombia,,280000,EUR,
960094,Jorge Cardona,Once Caldas,Colombia,,515000,EUR,
1014816,Carlos Cort\u00e9s,Internacional de Palmira,Colombia,,290000,EUR,
1017423,Duvan Rodr\u00edguez,Jaguares de C\u00f3rdoba,Colombia,,180000,EUR,
1169585,Diego Ch\u00e1vez,Deportivo Pasto,Argentina,,370000,EUR,2026-12-31
1175016,Ronaldo P\u00e1jaro,Deportivo Cali,Colombia,,855000,EUR,2028-12-31
1175030,Roameth Roma\u00f1a,Llaneros FC,Colombia,,27000,EUR,
1478324,Juan Viveros,Alianza Valledupar FC,Colombia,,380000,EUR,
1478329,Kevin Cata\u00f1o,Internacional de Bogot\u00e1,Colombia,,470000,EUR,2028-12-31
1482355,John Edwin Monta\u00f1o,Independiente Medell\u00edn,Colombia,,930000,EUR,2026-12-31
1562680,Cristian Caicedo Castillo,Rionegro \u00c1guilas Doradas,Colombia,,97000,EUR,
818942,Marlos Moreno,Atl\u00e9tico Nacional,Colombia,,485000,EUR,2026-12-31
830070,Santiago Jim\u00e9nez,Deportivo Pasto,Colombia,,290000,EUR,
869990,Marlon Torres,Am\u00e9rica de Cali,Colombia,,485000,EUR,
878534,Mateo Garavito,Deportivo Pasto,Colombia,,470000,EUR,2026-12-31
891115,Luis Miranda,Llaneros FC,Colombia,,290000,EUR,
891851,Guillermo Paiva,Junior Barranquilla,Paraguay,,740000,EUR,2028-12-31
935690,Jaen Pineda,Rionegro \u00c1guilas Doradas,Colombia,,465000,EUR,
1015661,Delio Ram\u00edrez,Boyac\u00e1 Chic\u00f3 FC,Colombia,,370000,EUR,
1016202,Jorge Berm\u00fadez,Deportivo Pereira,Colombia,,410000,EUR,2026-12-31
1016205,Santiago Orozco,Deportes Quind\u00edo,Colombia,,220000,EUR,
1099610,Dannovi Qui\u00f1onez,Internacional de Bogot\u00e1,Colombia,,630000,EUR,2027-06-30
1111115,Yuber Qui\u00f1ones,Deportivo Pereira,Colombia,,435000,EUR,2028-06-30
1174882,Daniel Pedrozo,Deportes Tolima,Colombia,,310000,EUR,2028-12-31
1174885,Jhojan Escobar,Rionegro \u00c1guilas Doradas,Colombia,,140000,EUR,2027-06-30
1394757,Jhojan Torres,Independiente Santa Fe,Colombia,,855000,EUR,2027-06-30
1466270,Jannenson Sarmiento,Junior Barranquilla,Colombia,,745000,EUR,2028-12-31
1470059,Luis Escorcia,Independiente Medell\u00edn,Colombia,,205000,EUR,2027-06-30
1542092,Brayan Correa,Am\u00e9rica de Cali,Colombia,,105000,EUR,
351382,Fainer Torijano,Deportivo Pasto,Colombia,,54000,EUR,2026-12-31
355878,Victor Mejia,C\u00facuta Deportivo,Colombia,,240000,EUR,2026-12-31
590354,Stiven Vega,Millonarios,Colombia,,535000,EUR,2026-12-31
787564,Darwin Quintero,Millonarios,Colombia,,45000,EUR,2026-12-31
819127,Jorge Soto,No team,Colombia,,360000,EUR,
819133,Cristian Arrieta,Deportes Tolima,Colombia,,495000,EUR,
820358,Dar\u00edo Denis,No team,Uruguay,,52000,EUR,
822092,Fredy Salazar,Atl\u00e9tico Bucaramanga,Colombia,,375000,EUR,2026-12-31
822106,Israel Alba,Alianza Valledupar FC,Colombia,,96000,EUR,
940700,Federico Abad\u00eda,C\u00facuta Deportivo,Argentina,,280000,EUR,
1014497,Jair Castillo,Alianza Valledupar FC,Colombia,,310000,EUR,
1089286,Enzo Larrosa,Independiente Medell\u00edn,Uruguay,,470000,EUR,2026-12-31
1104114,Agust\u00edn Irazoque,Internacional de Bogot\u00e1,Argentina,,485000,EUR,2027-12-31
1127886,Jos\u00e9 Caldera,Deportivo Cali,Colombia,,415000,EUR,2027-12-31
1129437,Jader Quinones,Once Caldas,Colombia,,580000,EUR,2026-12-31
1174858,Howell Mena,Junior Barranquilla,Colombia,,110000,EUR,
1478209,Eduar Ar\u00edzalas,C\u00facuta Deportivo,Colombia,,470000,EUR,
1478219,Jan \u00c1ngulo,Deportes Tolima,Colombia,,835000,EUR,
2147451,Halam Loboa,Independiente Medell\u00edn,Colombia,,1700000,EUR,2029-06-30
146410,Danilo Ortiz,Deportivo Pereira,Paraguay,,110000,EUR,
180059,Gustavo Cu\u00e9llar,Deportivo Cali,Colombia,,675000,EUR,2028-06-30
355888,Darwin Lopez,Jaguares de C\u00f3rdoba,Colombia,,105000,EUR,2026-12-31
796929,Jhon Murillo,Am\u00e9rica de Cali,Venezuela,,535000,EUR,2027-06-30
819152,Ever Valencia,Deportes Tolima,Colombia,,310000,EUR,
829878,Andr\u00e9s Mosquera,Independiente Santa Fe,Colombia,,385000,EUR,2026-12-31
914202,Jaime Alvarado,Once Caldas,Colombia,,655000,EUR,2026-12-31
924738,Facundo Bon\u00e9,Internacional de Bogot\u00e1,Uruguay,,465000,EUR,2027-12-31
925373,Jonathan Marulanda,Fortaleza FC,Colombia,,190000,EUR,2026-12-31
931581,Wiston Fern\u00e1ndez,Alianza Valledupar FC,Uruguay,,365000,EUR,2026-12-31
950544,Mateo Garc\u00eda,Millonarios,Colombia,,1100000,EUR,2028-12-30
954761,Bryan Castrill\u00f3n,Junior Barranquilla,Colombia,,580000,EUR,2027-06-30
983231,Juan Zapata,Atl\u00e9tico Nacional,Colombia,,960000,EUR,2028-06-30
1017921,Carlos Vivas,Internacional de Bogot\u00e1,Venezuela,,1300000,EUR,2028-12-31
1100346,Victor Moreno,Independiente Santa Fe,Colombia,,485000,EUR,
1174969,Ever Meza,Alianza Valledupar FC,Colombia,,245000,EUR,
1185985,Kilian Toscano,Independiente Santa Fe,Colombia,,380000,EUR,2026-12-31
1185987,Samuel Vel\u00e1squez,Atl\u00e9tico Nacional,Colombia,,715000,EUR,2026-12-31
1551137,Jaime Peralta,C\u00facuta Deportivo,Colombia,,335000,EUR,
1651712,Mateo Zuleta,Once Caldas,Colombia,,720000,EUR,2028-12-31
243507,Neto Volpi,Deportes Tolima,Brazil,,230000,EUR,2027-12-31
819008,Juan Camilo Roa,Rionegro \u00c1guilas Doradas,Colombia,,235000,EUR,
832707,Andr\u00e9s Roa,Once Caldas,Colombia,,180000,EUR,
839582,Maximiliano Lovera,Independiente Santa Fe,Argentina,,480000,EUR,2026-12-31
859961,Nahuel Bustos,Independiente Santa Fe,Argentina,,1000000,EUR,2026-12-31
924950,Edwar L\u00f3pez,Deportes Tolima,Colombia,,290000,EUR,2026-12-31
1015662,Jherson Mosquera,Deportes Tolima,Colombia,,410000,EUR,2027-12-31
1098198,Marcos Mina,Am\u00e9rica de Cali,Colombia,,390000,EUR,2027-06-30
1106547,Yeicar Perlaza,Independiente Santa Fe,Colombia,,290000,EUR,2026-12-31
1129436,Jhon Balanta,Fortaleza FC,Colombia,,490000,EUR,
1466673,Royner Benitez,Rionegro \u00c1guilas Doradas,Colombia,,210000,EUR,
1499044,Jose Bernal,Deportivo Pasto,Panama,,105000,EUR,
1938902,Sergio Aponz\u00e1,Alianza Valledupar FC,Colombia,,105000,EUR,
329597,Helibelton Palacios,Independiente Santa Fe,Colombia,,410000,EUR,2028-12-31
338861,Juan Pablo Nieto,No team,Colombia,,280000,EUR,
805047,Eduard Bello,Atl\u00e9tico Nacional,Venezuela,,630000,EUR,2027-12-31
818997,Kelvin Osorio,Llaneros FC,Colombia,,260000,EUR,
846799,D\u00e9inner Qui\u00f1ones,No team,Colombia,,205000,EUR,
869952,Harrinson Mancilla,Deportivo Pasto,Colombia,,49000,EUR,2026-12-31
875765,Esneyder Mena,Independiente Medell\u00edn,Colombia,,705000,EUR,2028-06-30
895805,Carlos Sierra,Am\u00e9rica de Cali,Colombia,,47000,EUR,
904350,Andres Colorado,Club Necaxa,Colombia,,410000,EUR,
933442,Carlos Roma\u00f1a,Atl\u00e9tico Bucaramanga,Colombia,,320000,EUR,2026-12-31
981027,Brandon Caicedo,Atl\u00e9tico Bucaramanga,Colombia,,270000,EUR,2027-12-31
1014824,Jersson Gonz\u00e1lez,Orenburg,Colombia,,850000,EUR,2027-06-30
1067105,Kevin Cuesta,No team,Colombia,,360000,EUR,
1156248,Alex Moreno,Millonarios,Colombia,,47000,EUR,
1478306,Jeison Mena,Boyac\u00e1 Chic\u00f3 FC,Colombia,,245000,EUR,
1653077,Juan Casta\u00f1o,Once Caldas,Colombia,,375000,EUR,2028-12-31
2268817,Nicol\u00e1s Valencia,Boyac\u00e1 Chic\u00f3 FC,Colombia,,275000,EUR,
47244,Marco P\u00e9rez,Deportivo Pereira,Colombia,,48000,EUR,
107603,Felipe Pardo,Alianza Valledupar FC,Colombia,,105000,EUR,
329607,Andres Correa,Once Caldas,Colombia,,285000,EUR,2027-06-30
355850,Jefferson Mena,Boyac\u00e1 Chic\u00f3 FC,Colombia,,48000,EUR,2027-06-30
590374,Anderson Plata,Deportivo Pereira,Colombia,,47000,EUR,
790161,Dairon Asprilla,Bol\u00edvar,Colombia,,205000,EUR,
819104,Luis Orejuela,No team,Colombia,,280000,EUR,
870084,Fabi\u00e1n Mosquera,No team,Colombia,,190000,EUR,
874565,Edgar Elizalde,Millonarios,Uruguay,,310000,EUR,2026-12-31
924615,Jeider Riquett,Once Caldas,Colombia,,110000,EUR,2026-12-31
947323,Jes\u00fas Figueroa,Alianza Valledupar FC,Colombia,,140000,EUR,2027-12-31
980933,Dylan Borrero,Am\u00e9rica de Cali,Colombia,,940000,EUR,2028-06-30
1084476,Santiago Cubides,Jaguares de C\u00f3rdoba,Colombia,,48000,EUR,
1173951,Felipe Mosquera,Deportivo Pereira,Colombia,,96000,EUR,2026-12-31
1188964,Juan David Cuesta,Once Caldas,Colombia,,680000,EUR,2027-06-30
1478896,Javier Andres Mena,Deportivo Cali,Colombia,,155000,EUR,2026-12-31
1804956,Javier Mena,Rionegro \u00c1guilas Doradas,Colombia,,1100000,EUR,2028-12-31
2037820,Joel Romero,Torreense,Colombia,,450000,EUR,2027-06-30
594430,Francisco Fydriszewski,Junior Barranquilla,Argentina,,490000,EUR,2029-06-30
819028,John Garc\u00eda,Rionegro \u00c1guilas Doradas,Colombia,,46000,EUR,
819096,Yeison Su\u00e1rez,Junior Barranquilla,Colombia,,730000,EUR,2029-06-30
887155,Nicol\u00e1s Hern\u00e1ndez,Am\u00e9rica de Cali,Colombia,,440000,EUR,2028-12-31
925250,Efra\u00edn Navarro,Once Caldas,Colombia,,105000,EUR,
925284,Nicolas Gil Uribe,Deportivo Pasto,Colombia,,515000,EUR,
941638,Yilson Rosales,Alianza Valledupar FC,Colombia,,420000,EUR,2026-12-31
1084156,Leider Riascos,Llaneros FC,Colombia,,245000,EUR,
1088687,Ewil Murillo Renteria,Independiente Santa Fe,Colombia,,650000,EUR,2027-12-31
1100613,Edwin Laszo,No team,Colombia,,97000,EUR,
1174008,Juan Mosquera,Atl\u00e9tico Bucaramanga,Colombia,,540000,EUR,2029-12-31
1175012,Nicol\u00e1s Rodr\u00edguez,Atl\u00e9tico Nacional,Colombia,,945000,EUR,2026-12-31
1175035,Julian Angulo,Millonarios,Colombia,,530000,EUR,2026-12-31
1175766,Jos\u00e9 Garc\u00eda,Atl\u00e9tico Bucaramanga,Colombia,,635000,EUR,2029-12-31
1493760,M\u00e1lcom Palacios,Independiente Medell\u00edn,Colombia,,240000,EUR,
1494091,Jhon Qui\u00f1\u00f3nes,C\u00facuta Deportivo,Colombia,,380000,EUR,2026-12-31
1839958,Sebasti\u00e1n Ram\u00edrez,Fortaleza FC,Colombia,,220000,EUR,
1845285,Juan Quiceno,Boyac\u00e1 Chic\u00f3 FC,Colombia,,330000,EUR,
1902420,Shean Barbosa,Deportes Tolima,Colombia,,320000,EUR,2029-12-31
2034583,Jos\u00e9 Cavadia,Am\u00e9rica de Cali,Colombia,,515000,EUR,2027-12-31
162563,Harold Rivera,Junior Barranquilla,Colombia,,95000,EUR,2026-12-31
340757,Christian Mafla,Independiente Santa Fe,Colombia,,240000,EUR,2027-06-30
824164,Jhon Vel\u00e1squez,Fortaleza FC,Colombia,,105000,EUR,
882658,Jean Carlos Pesta\u00f1a,Junior Barranquilla,Colombia,,930000,EUR,2027-12-31
923112,Frank Casta\u00f1eda,C\u00facuta Deportivo,Colombia,,375000,EUR,2026-12-31
927835,Jader Obrian,Independiente Santa Fe,Colombia,,990000,EUR,2027-12-31
930464,Hayen Palacios,Athletico,Colombia,,520000,EUR,2026-12-31
931354,Edwin Herrera,Junior Barranquilla,Colombia,,680000,EUR,2026-12-31
974035,Fabi\u00e1n Cantillo,Alianza Valledupar FC,Colombia,,340000,EUR,2026-12-31
974306,Edwin Mosquera,Independiente Santa Fe,Colombia,,370000,EUR,2029-12-31
1018512,Agust\u00edn Cano,C\u00facuta Deportivo,Colombia,,52000,EUR,
1099609,Johan Beltr\u00e1n,Jaguares de C\u00f3rdoba,Colombia,,215000,EUR,
1102284,Daniel Valencia,Am\u00e9rica de Cali,Ecuador,,750000,EUR,2028-12-31
1106571,Johan Hinestroza,Jaguares de C\u00f3rdoba,Colombia,,410000,EUR,
1174945,Josy P\u00e9rez,Alianza Valledupar FC,Colombia,,55000,EUR,
1478346,Santiago Aguilar,Deportivo Pereira,Colombia,,265000,EUR,2026-12-31
1514218,Gustavo Charrupi,Atl\u00e9tico Bucaramanga,Colombia,,530000,EUR,2028-06-30
2207478,Tilman Palacios,Am\u00e9rica de Cali,Colombia,,1300000,EUR,2028-12-31
589390,Jeison Angulo,Independiente Santa Fe,Colombia,,52000,EUR,
831377,Faber Andr\u00e9s Gil,Jaguares de C\u00f3rdoba,Colombia,,190000,EUR,
834989,Iv\u00e1n Rojas,Rionegro \u00c1guilas Doradas,Colombia,,465000,EUR,
928246,Sebasti\u00e1n Palma,Boyac\u00e1 Chic\u00f3 FC,Colombia,,315000,EUR,
946178,Brian Benitez,Llaneros FC,Argentina,,160000,EUR,
1020530,Franco Pulicastro,Fortaleza FC,Argentina,,49000,EUR,2026-12-31
1136107,Daniel Giraldo,Deportivo Cali,Colombia,,325000,EUR,2026-12-31
1174900,Jorge Hurtado,Deportes Tolima,Colombia,,390000,EUR,2027-06-30
1174973,Juan Ceballos,C\u00facuta Deportivo,Colombia,,210000,EUR,2026-12-31
1179173,Kalazan Su\u00e1rez,Deportivo Cali,Colombia,,290000,EUR,2027-06-30
1441816,Alberto Higgins,Rionegro \u00c1guilas Doradas,Colombia,,140000,EUR,2026-12-31
1920726,Luther Rueda,No team,Colombia,,27000,EUR,
155975,Guillermo De Amores,No team,Uruguay,,145000,EUR,
247931,Jairo Molina,Alianza Atl\u00e9tico de Sullana,Colombia,,49000,EUR,
249075,Freddy Hinestroza,Atl\u00e9tico Bucaramanga,Colombia,,155000,EUR,
351426,Sergio Mosquera,Millonarios,Colombia,,225000,EUR,
358144,Edwin Velasco,Deportivo Cali,Colombia,,105000,EUR,2027-06-30
791545,Michael Barrios,Once Caldas,Colombia,,260000,EUR,2026-12-31
874792,Hern\u00e1n L\u00f3pes,No team,Argentina,,105000,EUR,
931630,Mart\u00edn Rea,Atl\u00e9tico Bucaramanga,Uruguay,,475000,EUR,
933213,Brayan C\u00f3rdoba,Am\u00e9rica de Cali,Colombia,,290000,EUR,2029-06-30
974224,Lucas R\u00edos,C\u00facuta Deportivo,Argentina,,310000,EUR,2027-06-30
1106572,Jhon Valencia,Real Cartagena,Colombia,,105000,EUR,
1173952,Joider Micolta,Deportivo Pasto,Colombia,,190000,EUR,2026-12-31
1174610,Jaime Diaz,Boyac\u00e1 Chic\u00f3 FC,Colombia,,94000,EUR,
1174860,Diego Mendoza,Deportivo Pereira,Colombia,,110000,EUR,2026-12-31
1478321,Juan Pertuz,Llaneros FC,Colombia,,235000,EUR,2029-12-31
1478323,Juan Valencia,Club Necaxa,Colombia,,285000,EUR,
1478332,Kevin Tamayo,Leones FC,Colombia,,440000,EUR,
1888931,Carlos Sarabia,Millonarios,Colombia,,630000,EUR,
2035889,Arlen Banguero,Boyac\u00e1 Chic\u00f3 FC,Colombia,,230000,EUR,
25682,Radamel Falcao,Millonarios,Colombia,,52000,EUR,
34090,Danovis Banguero,Millonarios,Colombia,,105000,EUR,2026-12-31
789958,Yordan Osorio,Deportes Tolima,Venezuela,,570000,EUR,
819196,Diego Mart\u00ednez,Jaguares de C\u00f3rdoba,Colombia,,52000,EUR,
822085,Carlos Henao,Jaguares de C\u00f3rdoba,Colombia,,52000,EUR,
823379,Jordy Monroy,Deportivo Pereira,Armenia,,320000,EUR,
869998,Mateo Rodas,Internacional de Bogot\u00e1,Colombia,,235000,EUR,
924552,Daniel Mantilla,Llaneros FC,Colombia,,185000,EUR,2026-12-31
941675,Ederson Moreno,Deportivo Pereira,Colombia,,46000,EUR,
1087401,Andr\u00e9s Salazar,No team,Colombia,,71000,EUR,
1098315,Ruben Manjarres,Internacional de Bogot\u00e1,Colombia,,270000,EUR,2027-06-30
1098316,Tom\u00e1s \u00c1ngel,Am\u00e9rica de Cali,Colombia,,980000,EUR,2026-12-31
1173947,Juan \u00c1valo,Rionegro \u00c1guilas Doradas,Colombia,,225000,EUR,
1414732,Bladimir Angulo,No team,Colombia,,105000,EUR,
1612102,Kevin Balanta,Fortaleza FC,Colombia,,370000,EUR,
1628440,Jader Mart\u00ednez,Fortaleza FC,Colombia,,52000,EUR,
2183865,Geronimo Mancilla,Independiente Medell\u00edn,Colombia,,205000,EUR,2029-12-31
2433321,Kevin Caicedo,Llaneros FC,Colombia,,290000,EUR,
350082,Juan Dinenno,Deportivo Cali,Argentina,,675000,EUR,2026-12-31
589394,Juan Quintero,Independiente Santa Fe,Colombia,,190000,EUR,2026-12-31
789917,Dennys Quintero,Llaneros FC,Ecuador,,210000,EUR,
805029,Wilfrido De la Rosa,Jaguares de C\u00f3rdoba,Colombia,,165000,EUR,2026-12-31
824165,Jorge Obreg\u00f3n,Deportivo Pasto,Colombia,,380000,EUR,
886720,Gustavo Torres,No team,Colombia,,185000,EUR,
925252,Johan Caballero,Internacional de Bogot\u00e1,Colombia,,340000,EUR,2027-12-31
942898,Andr\u00e9s \u00c1lvarez,Rionegro \u00c1guilas Doradas,Colombia,,195000,EUR,
972583,Johar Mej\u00eda,Bogot\u00e1 FC,Colombia,,105000,EUR,
978052,J\u00e1der Maza,Jaguares de C\u00f3rdoba,Colombia,,210000,EUR,
998425,Misael Mart\u00ednez,Alianza Valledupar FC,Colombia,,135000,EUR,
1014821,Eyder Restrepo,Llaneros FC,Colombia,,160000,EUR,2027-12-31
1128891,Jhon Navia,Junior Barranquilla,Colombia,,49000,EUR,
1130300,Luis Angel Palacios,Independiente Santa Fe,Colombia,,510000,EUR,2026-12-31
1173283,Jonathan Perlaza,Deportivo Pasto,Colombia,,190000,EUR,
1175135,Jan Lucum\u00ed,Am\u00e9rica de Cali,Colombia,,575000,EUR,2028-12-31
1478224,Jhildrey Lasso,Alianza Valledupar FC,Colombia,,285000,EUR,2026-12-31
1478347,Santiago Cuero,Fortaleza FC,Colombia,,390000,EUR,
247903,Cristian Arango,Atl\u00e9tico Nacional,Colombia,,2300000,EUR,2026-12-31
818930,Alex Castro,No team,Colombia,,245000,EUR,
841081,Mateo Puerta,Independiente Santa Fe,Colombia,,260000,EUR,2026-12-31
870013,Andr\u00e9s Rom\u00e1n,Atl\u00e9tico Nacional,Colombia,,860000,EUR,2029-06-30
924596,Yeison Tolosa,Deportivo Pasto,Colombia,,52000,EUR,
973722,Juan Pati\u00f1o,Once Caldas,Colombia,,465000,EUR,2026-12-31
1003376,Brayan Monta\u00f1o,C\u00facuta Deportivo,Colombia,,245000,EUR,2026-12-31
1100065,Sebasti\u00e1n Acosta,Deportivo Pereira,Colombia,,105000,EUR,
1117012,David Ram\u00edrez,Fortaleza FC,Colombia,,135000,EUR,2026-12-31
1117066,Kevin Mantilla,CA Talleres,Colombia,,1100000,EUR,2027-12-31
1131092,Fernando \u00c1lvarez,Deportivo Cali,Colombia,,1000000,EUR,2028-12-31
1164480,Dewar Victoria,Millonarios,Colombia,,97000,EUR,2028-06-30
1476921,Samir Mayo,Internacional de Bogot\u00e1,Colombia,,380000,EUR,2028-06-30
2168373,Hervin Goyes,Deportivo Pasto,Colombia,,275000,EUR,
925992,Daniel Castro,Deportes Limache,Chile,,740000,EUR,2026-12-31
158605,Salvador Ichazo,Independiente Medell\u00edn,Uruguay,,205000,EUR,2027-12-31
789908,Sebastian Salazar,Boyac\u00e1 Chic\u00f3 FC,Colombia,,110000,EUR,
805030,Omar Albornoz,Atl\u00e9tico Bucaramanga,Colombia,,235000,EUR,2027-12-31
825757,Sebasti\u00e1n Tamara,C\u00facuta Deportivo,Colombia,,185000,EUR,
886565,Jader Valencia,Deportes Tolima,Colombia,,260000,EUR,2026-12-31
1086957,Diego Calcaterra,C\u00facuta Deportivo,Argentina,,390000,EUR,2026-12-31
1478310,Jhon Largacha,Deportivo Pereira,Colombia,,325000,EUR,2026-12-31
1478314,Joan Cajares,Fortaleza FC,Colombia,,335000,EUR,
1478354,Sebasti\u00e1n Urrea,Deportivo Pereira,Colombia,,210000,EUR,2026-12-31
1482368,Andy Duvan Batioja,Fortaleza FC,Colombia,,49000,EUR,2026-12-31
1618699,Yojan Garc\u00e9s,Internacional de Bogot\u00e1,Colombia,,240000,EUR,2027-06-30
1655801,Jhonny Jord\u00e1n,Deportivo Pereira,Colombia,,95000,EUR,
1904875,Anyelo Salda\u00f1a Mar\u00edn,Boyac\u00e1 Chic\u00f3 FC,Colombia,,270000,EUR,
2077590,Francesco Fiorelli,Alianza Valledupar FC,Uruguay,,110000,EUR,
2168374,Patrick Preciado,Deportivo Pasto,Colombia,,92000,EUR,
796510,Luis V\u00e1squez,Atl\u00e9tico Bucaramanga,Colombia,,105000,EUR,2026-12-31
870000,Fabio Delgado,Deportivo Pereira,Colombia,,260000,EUR,2026-12-31
878553,Carlos de las Salas,Real Cartagena,Colombia,,96000,EUR,2027-06-30
887031,Luis Jim\u00e9nez,Jaguares de C\u00f3rdoba,Colombia,,145000,EUR,
1048247,Lucas Monz\u00f3n,Racing de Montevideo,Uruguay,,535000,EUR,2027-12-31
1100338,Jhonier Blanco,Fortaleza FC,Colombia,,140000,EUR,2028-06-30
1130157,Carlos Ord\u00f3\u00f1ez,No team,Colombia,,145000,EUR,
1218793,Cristian Santander,Barranquilla FC,Colombia,,165000,EUR,
1484204,Marlon Balanta,Orsomarso SC,Colombia,,220000,EUR,
1892420,Luis Mina,Am\u00e9rica de Cali,Colombia,,290000,EUR,
1940903,Elkin Rivero,Atl\u00e9tico Nacional,Colombia,,420000,EUR,2028-06-30
2187959,Jhon Michael Aponza Mina,Boca Juniors de Cali,Colombia,,190000,EUR,
2205966,Bayron Caicedo,Internacional de Bogot\u00e1,Colombia,,145000,EUR,2027-12-31
2216096,Samuel Mart\u00edn,Millonarios,Colombia,,230000,EUR,2028-12-31
247715,Jefersson Mart\u00ednez,Junior Barranquilla,Colombia,,260000,EUR,2026-12-31
252863,Darwin Mach\u00eds,Am\u00e9rica de Cali,Venezuela,,370000,EUR,2027-12-31
819186,Joan Castro,Internacional de Bogot\u00e1,Colombia,,440000,EUR,2026-12-31
870005,Juan Camilo Chaverra,Alianza Valledupar FC,Colombia,,140000,EUR,
891452,Yuli\u00e1n G\u00f3mez,Internacional de Bogot\u00e1,Colombia,,340000,EUR,2027-06-30
927807,Mauricio Duarte,C\u00facuta Deportivo,Colombia,,94000,EUR,
975633,Yilmar Vel\u00e1zquez,Independiente Santa Fe,Colombia,,825000,EUR,2027-12-31
991859,Kevin P\u00e9rez,Junior Barranquilla,Colombia,,420000,EUR,2028-12-31
1188980,Miguel Pernia,Internacional de Bogot\u00e1,Venezuela,,195000,EUR,2027-06-30
1427849,Andres Aedo,Boyac\u00e1 Chic\u00f3 FC,Colombia,,335000,EUR,
1835656,Luis Marim\u00f3n,Llaneros FC,Colombia,,180000,EUR,2026-12-31
2237997,Gleyfer Medina,No team,Colombia,,160000,EUR,
139931,Iago Herrer\u00edn,Deportivo Pasto,Spain,,46000,EUR,2026-12-31
351432,Yony Gonz\u00e1lez,Independiente Medell\u00edn,Colombia,,435000,EUR,2027-12-31
355788,Jhonatan Agudelo,C\u00facuta Deportivo,Colombia,,91000,EUR,
963284,Eduard Banguero,Alianza Valledupar FC,Colombia,,205000,EUR,
973723,Junior Hern\u00e1ndez,Deportes Tolima,Colombia,,630000,EUR,2027-12-30
1116583,Yaliston Mart\u00ednez,Boyac\u00e1 Chic\u00f3 FC,Colombia,,52000,EUR,2026-12-31
1139988,Dylan Lozano,Rionegro \u00c1guilas Doradas,Colombia,,430000,EUR,
1145123,Cristian Ca\u00f1ozales,No team,Colombia,,210000,EUR,
1173350,Eber Moreno,Deportivo Pereira,Colombia,,385000,EUR,2026-12-31
1388631,Elan Ricardo,Be\u015fikta\u015f JK,Colombia,,1100000,EUR,2029-12-31
1464537,Tobias Bovone,Deportivo Pereira,Argentina,,93000,EUR,
1471254,Kahiser Lenis,Jaguares de C\u00f3rdoba,Panama,,220000,EUR,
1478198,Armando Ballesteros,C\u00facuta Deportivo,Colombia,,52000,EUR,
924505,Eryin Sanhueza,Deportes La Serena,Chile,,155000,EUR,2026-12-31
931697,Sebasti\u00e1n Rodr\u00edguez,C\u00facuta Deportivo,Colombia,,195000,EUR,2026-12-31
940994,Kevin Moreno,Alianza Valledupar FC,Colombia,,105000,EUR,2026-12-31
974032,Diego Ruiz,Abu Muslim,Colombia,,205000,EUR,
1017237,Jacobo Pimentel,Boyac\u00e1 Chic\u00f3 FC,Colombia,,46000,EUR,
1098313,Mauricio Casta\u00f1o,Deportes Quind\u00edo,Colombia,,105000,EUR,
1145167,Teun Wilke,CD Guadalajara,Mexico,,625000,EUR,
1175080,Yair Joao Abonia Vasquez,C\u00facuta Deportivo,Colombia,,360000,EUR,2026-12-31
1385794,Maximiliano Guti\u00e9rrez,CA Independiente,Chile,,2900000,EUR,2026-12-31
1475072,Bianneider Tamayo,Universidad de Chile,Venezuela,,405000,EUR,2027-12-31
2164874,Simon Zapata,Internacional de Bogot\u00e1,Colombia,,48000,EUR,
18342,Arturo Vidal,Colo-Colo,Chile,,170000,EUR,2026-12-31
247055,Nicol\u00e1s Vargas,Huachipato,Chile,,185000,EUR,2026-12-31
312376,Lorenzo Reyes,\u00d1ublense,Chile,,185000,EUR,2026-12-31
787710,Kevin M\u00e9ndez,Uni\u00f3n La Calera,Uruguay,,535000,EUR,
789979,Mat\u00edas Zaldivia,Universidad de Chile,Chile,,380000,EUR,2027-12-31
805095,Jeisson Vargas,Deportes La Serena,Chile,,700000,EUR,2026-12-31
805183,Gabriel Castell\u00f3n,Universidad de Chile,Chile,,515000,EUR,2027-12-31
818816,Jean Meneses,Deportes Limache,Chile,,1200000,EUR,2026-12-31
819072,Jorge Henr\u00edquez,Deportes Concepci\u00f3n,Chile,,260000,EUR,2026-12-31
828952,Fernando Zampedri,Universidad Cat\u00f3lica,Chile,,235000,EUR,2027-12-31
870020,V\u00edctor Felipe M\u00e9ndez,Colo-Colo,Chile,,1400000,EUR,2027-12-31
951270,Joaqu\u00edn Moya,Everton de Vi\u00f1a del Mar,Chile,,320000,EUR,2026-12-31
973560,Mat\u00edas Palavecino,Universidad Cat\u00f3lica,Argentina,,940000,EUR,2028-12-31
975053,Alan Medina,Everton de Vi\u00f1a del Mar,Uruguay,,1200000,EUR,2026-12-31
983528,Francisco Gonz\u00e1lez,O'Higgins,Argentina,,1900000,EUR,2028-12-31
995284,Luis Rojas,Universidad de Concepci\u00f3n,Chile,,310000,EUR,2026-12-31
1096236,Renzo Malanca,Huachipato,Argentina,,610000,EUR,2026-12-31
1096735,Juan Cornejo,Coquimbo Unido,Chile,,97000,EUR,2026-12-31
18304,Charles Ar\u00e1nguiz,Universidad de Chile,Chile,,275000,EUR,2027-12-31
22975,Gary Medel,Universidad Cat\u00f3lica,Chile,,23000,EUR,2026-12-31
33829,Alfonso Parot,Deportes Limache,Chile,,105000,EUR,2026-12-31
316170,Gonzalo Escalante,Deportes La Serena,Argentina,,410000,EUR,2026-12-31
324937,Cristi\u00e1n Cuevas,Universidad Cat\u00f3lica,Chile,,730000,EUR,2026-12-31
340455,Claudio Aquino,Colo-Colo,Argentina,,455000,EUR,2026-12-31
386218,Diego S\u00e1nchez,Coquimbo Unido,Chile,,55000,EUR,2026-12-31
581780,Javier Correa,Colo-Colo,Argentina,,725000,EUR,2027-12-31
790000,Bryan Carvallo,Cobresal,Chile,,410000,EUR,
831012,Nicol\u00e1s Ram\u00edrez,Universidad de Chile,Chile,,855000,EUR,2026-12-31
844224,Tom\u00e1s Alarc\u00f3n,Colo-Colo,Chile,,680000,EUR,2026-12-31
925598,Jorge Pinos,No team,Ecuador,,69000,EUR,
932866,Justo Giani,Universidad Cat\u00f3lica,Argentina,,3300000,EUR,2026-12-31
965967,Juan Manuel Requena,Universitario de Deportes,Argentina,,465000,EUR,2026-12-31
978979,Jos\u00e9 Sanhueza,Universidad de Concepci\u00f3n,Chile,,230000,EUR,2026-12-31
981010,Enzo Ferrario,Audax Italiano,Chile,,775000,EUR,2026-12-31
981341,Franco Calder\u00f3n,Universidad de Chile,Argentina,,1200000,EUR,2027-12-31
995285,Alejandro Santander,Cobresal,Chile,,105000,EUR,
1177211,Felipe Ogaz,O'Higgins,Chile,,660000,EUR,
1182260,Esteban Kirkman,Everton de Vi\u00f1a del Mar,Chile,,120000,EUR,
249373,Claudio Sep\u00falveda,Huachipato,Chile,,170000,EUR,2028-12-31
589548,Nelson Sep\u00falveda,Club Deportes Antofagasta,Chile,,140000,EUR,2027-12-31
790001,Ignacio Gonz\u00e1lez,Everton de Vi\u00f1a del Mar,Chile,,105000,EUR,2026-12-31
800239,Dieter Villalpando,No team,Mexico,,375000,EUR,
805408,Alejandro Camargo,Coquimbo Unido,Argentina,,72000,EUR,2026-12-31
831242,Omar Carabal\u00ed,O'Higgins,Ecuador,,1000000,EUR,2027-12-31
896624,Juan Ignacio D\u00edaz,Universidad Cat\u00f3lica,Argentina,,595000,EUR,
906100,Lucas Alarc\u00f3n,Deportes La Serena,Chile,,330000,EUR,
939997,Cristhofer Mes\u00edas,Universidad de Concepci\u00f3n,Chile,,515000,EUR,2027-12-31
974009,Sebasti\u00e1n Galani,Coquimbo Unido,Chile,,1300000,EUR,2026-12-31
980882,Yerko Gonz\u00e1lez,Deportes Limache,Chile,,480000,EUR,2026-12-31
986647,Lukas Soza,Coquimbo Unido,Chile,,145000,EUR,2026-12-31
986676,Mat\u00edas Plaza,\u00d1ublense,Chile,,610000,EUR,2027-12-31
1002740,Santiago Silva Azambuja,Universidad de Concepci\u00f3n,Uruguay,,330000,EUR,2026-12-31
1014795,Jonathan Villagra,Colo-Colo,Chile,,1100000,EUR,2028-12-31
1015274,Joaqu\u00edn Sosa,Colo-Colo,Uruguay,,875000,EUR,2027-06-30
1119679,Lucas Soto,Everton de Vi\u00f1a del Mar,Chile,,615000,EUR,2026-12-31
1864232,Nicol\u00e1s Montiel,Everton de Vi\u00f1a del Mar,Argentina,,185000,EUR,2026-12-31
1980388,Gabriel Maureira,Colo-Colo,Chile,,360000,EUR,
116096,Sebasti\u00e1n Gallegos,Palestino,Uruguay,,160000,EUR,2026-12-31
284729,Fernando Zuqui,Universidad Cat\u00f3lica,Argentina,,285000,EUR,
334027,Juli\u00e1n Fern\u00e1ndez,Atl\u00e9tico Tucum\u00e1n,Argentina,,380000,EUR,2026-12-31
339891,Diego Oyarz\u00fan,Everton de Vi\u00f1a del Mar,Chile,,240000,EUR,2026-12-31
819115,Jhojan Valencia,Universidad Cat\u00f3lica,Colombia,,1200000,EUR,2026-12-31
863129,Sebasti\u00e1n Valencia,\u00d1ublense,Chile,,250000,EUR,
973993,Erick Wiemberg,Colo-Colo,Chile,,340000,EUR,2027-12-31
986462,Bryan Ogaz,Universidad de Concepci\u00f3n,Chile,,380000,EUR,2027-12-31
986532,Federico Mateos,Audax Italiano,Argentina,,325000,EUR,
986548,Francisco Salinas,Coquimbo Unido,Chile,,1600000,EUR,
991004,Mario Sandoval,Deportes Concepci\u00f3n,Chile,,95000,EUR,
1087387,Marcelo Morales,Universidad de Chile,Chile,,1500000,EUR,2026-12-31
1108027,Alejandro Az\u00f3car,Coquimbo Unido,Chile,,775000,EUR,2027-12-31
1117091,Nelson Guillermo Guaiquil,Huachipato,Chile,,140000,EUR,2027-12-31
1199243,Lautaro Pastr\u00e1n,Colo-Colo,Chile,,580000,EUR,2026-12-31
1388813,Agust\u00edn Arce,Universidad de Chile,Chile,,1000000,EUR,2027-12-31
1981780,Nicol\u00e1s L'Huiller,Universidad Cat\u00f3lica,Chile,,195000,EUR,
2456839,Vicente Zenteno,Audax Italiano,Chile,,220000,EUR,
33943,Fernando Meza,Palestino,Argentina,,52000,EUR,2026-12-31
47441,Nicola P\u00e9rez,\u00d1ublense,Uruguay,,195000,EUR,
105971,Enzo Roco,Palestino,Chile,,315000,EUR,2026-12-31
386220,Tom\u00e1s Asta-Buruaga,Universidad Cat\u00f3lica,Chile,,390000,EUR,2026-12-31
789677,Mart\u00edn Sarrafiore,O'Higgins,Argentina,,1300000,EUR,2026-12-31
874853,Ram\u00f3n Mart\u00ednez,Deportes Limache,Paraguay,,320000,EUR,2026-12-31
886912,Benjam\u00edn Berr\u00edos,Everton de Vi\u00f1a del Mar,Chile,,655000,EUR,2028-12-31
931341,C\u00e9sar Munder,Palestino,Chile,,840000,EUR,2026-12-31
974736,Juli\u00e1n Brea,Cobresal,Argentina,,435000,EUR,2026-12-31
976168,Hugo Magallanes,Everton de Vi\u00f1a del Mar,Uruguay,,420000,EUR,2028-12-31
986451,Benjam\u00edn Gazzolo,Coquimbo Unido,Chile,,680000,EUR,2026-12-31
986599,Joaqu\u00edn Montecinos,Deportes Concepci\u00f3n,Chile,,330000,EUR,2026-12-31
1016653,Vicente Bernedo,Universidad Cat\u00f3lica,Chile,,825000,EUR,2027-12-31
1017320,Jason Le\u00f3n,Palestino,Chile,,580000,EUR,2027-12-31
1177235,Daniel Pi\u00f1a,Audax Italiano,Chile,,490000,EUR,2026-12-31
1482408,Felipe Fa\u00fandez,O'Higgins,Chile,,870000,EUR,2027-12-31
1797934,Ian Garguez,Palestino,Chile,,1200000,EUR,2028-12-31
2284219,Esteban P\u00e1ez,Universidad de Concepci\u00f3n,Chile,,97000,EUR,
126376,Bryan Rabello,O'Higgins,Chile,,495000,EUR,2026-12-31
147570,Diego Rubio,Deportes La Serena,Chile,,605000,EUR,2026-12-31
323439,Lionel Altamirano,Huachipato,Argentina,,465000,EUR,2026-12-31
799653,Rafael Delgado,Deportes La Serena,Argentina,,92000,EUR,2026-12-31
818897,Fabi\u00e1n Hormaz\u00e1bal,Universidad de Chile,Chile,,1900000,EUR,2028-12-31
819088,Branco Ampuero,Universidad Cat\u00f3lica,Chile,,520000,EUR,2026-12-31
830940,Nicol\u00e1s Araya,Deportes Concepci\u00f3n,Chile,,180000,EUR,
842274,Sebasti\u00e1n P\u00e9rez,Palestino,Chile,,245000,EUR,2026-12-31
845174,Mario Brice\u00f1o,Huachipato,Chile,,535000,EUR,2027-12-31
862702,Nicol\u00e1s Baeza,Everton de Vi\u00f1a del Mar,Chile,,260000,EUR,2026-12-31
873620,Agustin Nadruz,Cobresal,Uruguay,,515000,EUR,
874123,Mat\u00edas B\u00f3rquez,Deportes Limache,Chile,,410000,EUR,2026-12-31
883928,Nelson Da Silva,Palestino,Argentina,,620000,EUR,2028-12-31
889502,\u00c1lvaro Madrid,Colo-Colo,Chile,,580000,EUR,2026-12-31
912067,Michael Vadulli,Audax Italiano,Chile,,725000,EUR,2028-12-31
937101,Steffan Pino,Cobresal,Chile,,385000,EUR,2026-12-31
973986,Cristi\u00e1n Zavala,Coquimbo Unido,Chile,,1300000,EUR,2026-12-31
986529,Ethan Espinoza,Deportes Concepci\u00f3n,Chile,,430000,EUR,
990283,Miguel Brizuela,O'Higgins,Argentina,,720000,EUR,2027-12-31
333405,Felipe Campos,\u00d1ublense,Chile,,240000,EUR,2026-12-31
582220,Nicol\u00e1s Stefanelli,Deportes La Serena,Argentina,,270000,EUR,2026-12-31
589542,Israel Poblete,Universidad de Chile,Chile,,795000,EUR,2028-12-31
804983,Raimundo Rebolledo,Audax Italiano,Chile,,205000,EUR,
844271,Sebasti\u00e1n D\u00edaz,Deportes La Serena,Chile,,360000,EUR,2026-12-31
965775,Agust\u00edn Urzi,APO Levadiakos,Argentina,,750000,EUR,2027-06-30
973567,Pablo Parra,Universidad de Concepci\u00f3n,Chile,,230000,EUR,2026-12-31
973992,Diego C\u00e9spedes,\u00d1ublense,Chile,,525000,EUR,2027-12-31
986496,Daniel Gonz\u00e1lez,Universidad Cat\u00f3lica,Chile,,1400000,EUR,2026-12-31
1022259,Jeyson Rojas,Colo-Colo,Chile,,515000,EUR,2027-12-31
1064150,Nicol\u00e1s Meza,Palestino,Chile,,215000,EUR,2026-12-31
1089454,Francis Mac Allister,Deportes La Serena,Argentina,,370000,EUR,
1108449,Rodrigo Caseres,Uni\u00f3n La Calera,Argentina,,440000,EUR,2026-12-31
1125923,Gonzalo Tapia,Palestino,Chile,,435000,EUR,2027-12-31
1176822,Diego Ulloa,Colo-Colo,Chile,,775000,EUR,2026-12-31
1177236,Esteban Matus,Audax Italiano,Chile,,960000,EUR,2027-12-31
1197415,Alex Vald\u00e9s,\u00d1ublense,Chile,,205000,EUR,
1381958,Santiago Silva,Huachipato,Uruguay,,825000,EUR,2027-12-31
1482395,Christian Bravo,Huachipato,Chile,,370000,EUR,
1601711,Leandro Hern\u00e1ndez,Colo-Colo,Chile,,540000,EUR,2026-12-31
36995,Rafael Caroca,Huachipato,Chile,,71000,EUR,2026-12-31
158269,C\u00e9sar Dutra,Deportes Concepci\u00f3n,Brazil,,80000,EUR,
159931,Cecilio Waterman,Universidad de Concepci\u00f3n,Panama,,240000,EUR,
247073,C\u00e9sar Fuentes,Deportes Limache,Chile,,190000,EUR,
584418,Gabriel Graciani,\u00d1ublense,Argentina,,485000,EUR,
588796,Jimmy Mart\u00ednez,Universidad Cat\u00f3lica,Chile,,760000,EUR,2026-12-31
790010,Leonardo Valencia,Deportes Limache,Chile,,260000,EUR,2026-12-31
818874,Fernando de Paul,Colo-Colo,Chile,,240000,EUR,2026-12-31
863124,Misael Llant\u00e9n,Deportes Limache,Chile,,425000,EUR,
868786,Joe Abrigo,Palestino,Chile,,700000,EUR,2026-12-31
906105,Maximiliano Guerrero,Universidad de Chile,Chile,,970000,EUR,2028-12-31
974008,Sebasti\u00e1n Cabrera,Coquimbo Unido,Chile,,705000,EUR,2026-12-31
975882,Tom\u00e1s Ahumada,Audax Italiano,Chile,,1000000,EUR,2027-12-31
1002945,Nicol\u00e1s Garrido,O'Higgins,Chile,,410000,EUR,2026-12-31
1021117,C\u00e9sar Yanis,Cobresal,Panama,,425000,EUR,
1063335,Felipe Chamorro,Deportes La Serena,Chile,,680000,EUR,2027-12-31
1197454,Yonathan Rodr\u00edguez,Deportes Concepci\u00f3n,Uruguay,,185000,EUR,2026-12-31
37006,Eduardo Vargas,Universidad de Chile,Chile,,185000,EUR,2026-12-31
792585,Maximiliano Romero,Colo-Colo,Argentina,,2700000,EUR,2026-12-31
818693,Bernardo Cerezo,Universidad Cat\u00f3lica,Chile,,430000,EUR,2026-12-31
818974,C\u00e9sar Pinares,Audax Italiano,Chile,,230000,EUR,2026-12-31
872138,Andr\u00e9s Zanini,Deportes La Serena,Argentina,,360000,EUR,2026-12-31
889498,Manuel Fern\u00e1ndez,Coquimbo Unido,Uruguay,,49000,EUR,2026-12-31
896753,Facundo Mater,Universidad de Concepci\u00f3n,Syria,,680000,EUR,2026-12-31
951278,Manuel Rivera,\u00d1ublense,Chile,,550000,EUR,
985004,Benjam\u00edn Rojas,O'Higgins,Chile,,310000,EUR,2026-12-31
995388,Clemente Montes,Universidad Cat\u00f3lica,Chile,,1400000,EUR,2027-12-31
1002939,Lucas Assadi,Universidad de Chile,Chile,,2600000,EUR,2028-12-31
1022801,Mauricio Vera,Nacional,Argentina,,440000,EUR,2026-12-31
1083863,Nicol\u00e1s Aedo,Audax Italiano,Chile,,270000,EUR,2026-12-31
1086986,Franco Fr\u00edas,Cobresal,Argentina,,370000,EUR,2026-12-31
1106828,Jeison Fuentealba,Universidad de Concepci\u00f3n,Chile,,655000,EUR,2026-12-31
1116992,Antonio Ceza,Palestino,Chile,,540000,EUR,2026-12-31
1125514,Carlos Morales,Deportes Limache,Chile,,265000,EUR,
2058867,Sebasti\u00e1n Arancibia,Universidad Cat\u00f3lica,Chile,,1100000,EUR,2028-12-31
26480,Marcelo D\u00edaz,Universidad de Chile,Chile,,23000,EUR,2026-12-31
230054,Bryan Carrasco,Palestino,Chile,,145000,EUR,2026-12-31
339711,Dilan Z\u00fa\u00f1iga,Palestino,Chile,,725000,EUR,2028-12-31
805305,Jos\u00e9 Bizama,Palestino,Chile,,210000,EUR,2027-12-31
859990,Franco Troyansky,Audax Italiano,Argentina,,235000,EUR,2027-12-31
920957,Rodrigo Odriozola,Huachipato,Uruguay,,47000,EUR,2026-12-31
942156,Marco Collao,Audax Italiano,Chile,,665000,EUR,2026-12-31
986622,Jos\u00e9 Tiznado,Cobresal,Chile,,340000,EUR,2026-12-31
1002931,Bruno Guti\u00e9rrez,Deportes La Serena,Chile,,375000,EUR,2026-12-31
1017455,Ezequiel Ca\u00f1ete,Huachipato,Argentina,,405000,EUR,2026-12-31
1106831,Jos\u00e9 Ignacio Castro,Huachipato,Chile,,195000,EUR,2027-12-31
1108721,Maicol Le\u00f3n,Huachipato U20,Chile,,330000,EUR,
1118269,Ignacio Tapia,\u00d1ublense,Argentina,,315000,EUR,2026-12-31
1125257,Nicol\u00e1s Palma,Uni\u00f3n La Calera,Chile,,315000,EUR,
1411683,Renato Huerta,Cobresal,Chile,,190000,EUR,2026-12-31
1473023,Diego Corral,Universidad Cat\u00f3lica U20,Chile,,70000,EUR,
1643443,Nicol\u00e1s Johansen,Coquimbo Unido,Argentina,,825000,EUR,2027-12-31
1834686,Mart\u00edn Mundaca,Coquimbo Unido,Chile,,700000,EUR,
2199269,Benjam\u00edn S\u00e1ez,Universidad de Concepci\u00f3n,Chile,,52000,EUR,2027-12-31
333465,Nicol\u00e1s Avellaneda,Uni\u00f3n La Calera,Argentina,,235000,EUR,2026-12-31
376740,Guido Vadal\u00e1,Coquimbo Unido,Argentina,,620000,EUR,
553508,Fausto Grillo,Deportes Concepci\u00f3n,Argentina,,170000,EUR,2026-12-31
844183,Juan Leiva,O'Higgins,Chile,,420000,EUR,2026-12-31
852143,Luis Riveros,Coquimbo Unido,Paraguay,,430000,EUR,
886915,Ramiro Gonz\u00e1lez,Everton de Vi\u00f1a del Mar,Argentina,,96000,EUR,2026-12-31
889500,Nicol\u00e1s Fern\u00e1ndez,Universidad de Chile,Chile,,410000,EUR,2027-12-31
906102,Yerco Oyanedel,No team,Chile,,440000,EUR,
923802,Thiago Vecino,O'Higgins,Uruguay,,655000,EUR,2026-12-31
924468,Mat\u00edas Cavalleri,Deportes Concepci\u00f3n,Chile,,145000,EUR,2026-12-31
947963,Vicente Fern\u00e1ndez,Everton de Vi\u00f1a del Mar,Chile,,375000,EUR,2026-12-31
975291,Leandro D\u00edaz,O'Higgins,Chile,,480000,EUR,
986626,Jovany Campusano,\u00d1ublense,Chile,,290000,EUR,2026-12-31
988084,Gonzalo Sosa,Deportes Limache,Argentina,,94000,EUR,2026-12-31
988146,Cristian Toro,Huachipato,Chile,,330000,EUR,2027-12-31
1020255,Braian Mart\u00ednez,Everton de Vi\u00f1a del Mar,Argentina,,470000,EUR,2026-12-31
1216169,Vicente Vega,Everton de Vi\u00f1a del Mar,Chile,,120000,EUR,2026-12-31
1385673,Valent\u00edn Vidal,Everton de Vi\u00f1a del Mar,Chile,,430000,EUR,2026-12-31
1801194,Vicente \u00c1lvarez,Deportes Limache,Chile,,620000,EUR,2026-12-31
761426,Ignacio Jeraldino,\u00d1ublense,Chile,,450000,EUR,2026-12-31
789923,Federico Lanzillotta,Deportes La Serena,Argentina,,210000,EUR,2026-12-31
805175,\u00d3scar Opazo,Everton de Vi\u00f1a del Mar,Chile,,69000,EUR,2026-12-31
818865,Guillermo Pacheco,Cobresal,Chile,,80000,EUR,2026-12-31
871813,Marcos Arturia,Deportes Limache,Argentina,,160000,EUR,2026-12-31
875564,Augusto Aguirre,Deportes Limache,Argentina,,620000,EUR,2027-12-31
924180,Claudio Gonz\u00e1lez,Deportes Limache,Chile,,49000,EUR,
925337,Javier Altamirano,Universidad de Chile,Chile,,2100000,EUR,2028-12-31
942415,Basti\u00e1n Y\u00e1\u00f1ez,O'Higgins,Chile,,430000,EUR,2027-12-31
962130,Fernando Ovelar,\u00d1ublense,Paraguay,,410000,EUR,2026-12-31
981333,Dylan Glaby,Coquimbo Unido,Argentina,,420000,EUR,2027-12-31
988078,Harold Anti\u00f1irre,Huachipato,Chile,,220000,EUR,
997539,Rodrigo Cabral,Audax Italiano,Argentina,,465000,EUR,2026-12-31
1016643,Aaron Astudillo,Cobresal,Venezuela,,325000,EUR,2026-12-31
1017169,Javier Sald\u00edas,Uni\u00f3n La Calera,Chile,,195000,EUR,2027-12-31
1125913,Diego Sanhueza,\u00d1ublense,Chile,,515000,EUR,2027-12-31
1190022,Joaqu\u00edn Soto,Uni\u00f3n La Calera,Chile,,365000,EUR,2029-12-31
1197239,Marcelo Flores,Deportes Limache,Chile,,375000,EUR,
1411686,Mart\u00edn Maturana,O'Higgins,Chile,,365000,EUR,2027-12-31
117430,Eugenio Mena,Universidad Cat\u00f3lica,Chile,,120000,EUR,2026-12-31
177813,Misael D\u00e1vila,Deportes Concepci\u00f3n,Chile,,180000,EUR,2026-12-31
339699,Luis Pavez Mu\u00f1oz,O'Higgins,Chile,,430000,EUR,2026-12-31
365990,Leonel Gonz\u00e1lez,Melgar,Argentina,,210000,EUR,2027-12-31
385990,Juan Fuentes,Cobresal,Chile,,310000,EUR,2026-12-31
581774,Agust\u00edn Far\u00edas,Universidad Cat\u00f3lica,Argentina,,52000,EUR,2026-12-31
819075,Osvaldo Bosso,\u00d1ublense,Chile,,320000,EUR,2026-12-31
829288,Salvador Cordero,Coquimbo Unido,Chile,,335000,EUR,2026-12-31
875274,Diego Coelho,Audax Italiano,Uruguay,,620000,EUR,2027-12-31
987924,Antonio Castillo,Cobresal,Chile,,265000,EUR,
988763,Norman Rodr\u00edguez,Deportes Concepci\u00f3n,Uruguay,,425000,EUR,2026-12-31
1201172,Lucas Romero,FC Ju\u00e1rez,Paraguay,,360000,EUR,2029-06-30
1464931,Vicente Espinoza,Palestino,Chile,,440000,EUR,
1482396,Cristian Morales,O'Higgins,Chile,,130000,EUR,
1906000,Diego Antonio Sabando Sanhueza,Universidad de Concepci\u00f3n,Chile,,24000,EUR,
2121648,Mart\u00edn G\u00f3mez,Universidad Cat\u00f3lica,Argentina,,52000,EUR,2026-12-31
39244,Lucas Pratto,Coquimbo Unido,Argentina,,77000,EUR,2026-12-31
165511,\u00c1ngelo Henr\u00edquez,Deportes La Serena,Chile,,275000,EUR,2026-12-31
849177,Arnaldo Castillo,O'Higgins,Paraguay,,440000,EUR,2026-12-31
895340,Marcelo Ort\u00edz,Audax Italiano,Argentina,,205000,EUR,2026-12-31
906110,Diego Valencia,Universidad Cat\u00f3lica,Chile,,520000,EUR,2026-12-31
924858,Javier M\u00e9ndez,Colo-Colo,Uruguay,,330000,EUR,2027-12-31
939938,Ariel C\u00e1ceres,Deportes Concepci\u00f3n,Chile,,205000,EUR,
940483,Maximiliano Rodr\u00edguez,Huachipato,Chile,,540000,EUR,2027-12-31
962847,Esteban Valencia,Cobresal,Chile,,280000,EUR,2026-12-31
1002941,Joan Cruz,Uni\u00f3n La Calera,Chile,,285000,EUR,2026-12-31
1019924,Elvis Hern\u00e1ndez,Coquimbo Unido,Argentina,,390000,EUR,2026-12-31
1199394,Axel Alfonzo,Deportes Limache,Paraguay,,720000,EUR,2026-12-31
1440662,Favian Loyola,Audax Italiano,Chile,,210000,EUR,
1482287,David Retamal,Universidad de Concepci\u00f3n,Chile,,370000,EUR,2026-12-31
1482412,Ignacio V\u00e1squez,Universidad de Chile,Chile,,745000,EUR,2027-12-31
1484208,Juan Figueroa,Huachipato,Chile,,410000,EUR,2027-12-31
1518443,Franco Rami,\u00d1ublense,Argentina,,355000,EUR,2026-12-31
2116602,Facundo Mar\u00edn,Ferrocarril Midland,Argentina,,26000,EUR,
333403,Dar\u00edo Melo,Universidad Cat\u00f3lica,Chile,,110000,EUR,2026-12-31
805150,Ronnie Fern\u00e1ndez,Palestino,Chile,,190000,EUR,2026-12-31
805170,Mat\u00edas Fern\u00e1ndez,Colo-Colo,Chile,,310000,EUR,2026-12-31
851968,Cris Mart\u00ednez,Huachipato,Paraguay,,365000,EUR,2026-12-31
889511,Christopher D\u00edaz,Uni\u00f3n La Calera,Chile,,440000,EUR,2026-12-31
906108,Antonio D\u00edaz,Universidad de Concepci\u00f3n,Chile,,420000,EUR,2026-12-31
906112,Oliver Rojas,Audax Italiano,Chile,,545000,EUR,2026-12-31
986422,Aldrix Jara,Deportes Concepci\u00f3n,Chile,,365000,EUR,2028-12-31
1002936,Cristian Riquelme,Deportes Concepci\u00f3n,Chile,,240000,EUR,2026-12-31
1015675,Pablo Calder\u00f3n,\u00d1ublense,Argentina,,275000,EUR,2026-12-31
1016766,Alfred Canales,Universidad Cat\u00f3lica,Chile,,640000,EUR,2026-12-31
1108549,Claudio Torres,Huachipato U20,Chile,,330000,EUR,
1111544,Daniel Guti\u00e9rrez,Uni\u00f3n La Calera,Chile,,455000,EUR,2026-12-31
1177673,Kevin Altez,Defensor Sporting,Uruguay,,240000,EUR,
1485083,Benjamin Schamine,Godoy Cruz,Argentina,,290000,EUR,2027-12-31
1485094,Giovani Chiaverano,Audax Italiano,Argentina,,580000,EUR,2026-12-31
1798259,Gabriel Pinto,O'Higgins,Chile,,155000,EUR,
2163290,Cristobal Zambrano,Universidad de Concepci\u00f3n,Chile,,26000,EUR,
129209,Cristian Palacios,Everton de Vi\u00f1a del Mar,Uruguay,,91000,EUR,2026-12-31
247079,Carlos Escobar,Deportes Concepci\u00f3n,Chile,,52000,EUR,2026-12-31
312318,Brayan V\u00e9jar,Deportes Concepci\u00f3n,Chile,,280000,EUR,2026-12-31
359024,Juan Mart\u00edn Lucero,Universidad de Chile,Argentina,,485000,EUR,2027-12-31
819005,Cristi\u00e1n Guti\u00e9rrez,Uni\u00f3n La Calera,Canada,,245000,EUR,2026-12-31
822444,Yerko Leiva,Uni\u00f3n La Calera,Chile,,345000,EUR,
832663,Christian Moreno,Cobresal,Argentina,,240000,EUR,2026-12-31
861299,Carlo Villanueva,Uni\u00f3n La Calera,Chile,,390000,EUR,2026-12-31
874589,Mat\u00edas Mar\u00edn,Deportes La Serena,Chile,,365000,EUR,2026-12-31
906106,Ignacio Mes\u00edas,Rangers de Talca,Chile,,485000,EUR,2026-12-31
951277,Bayron Oyarzo,Uni\u00f3n La Calera,Chile,,415000,EUR,
1106822,Basti\u00e1n Ubal,Universidad de Concepci\u00f3n,Chile,,375000,EUR,2026-12-31
1114520,Paolo Guajardo,Audax Italiano,Chile,,390000,EUR,2027-12-31
1125898,\u00c1ngel Gillard,FC Corvinul Hunedoara,Argentina,,270000,EUR,2028-06-30
1155908,Mat\u00edas Pinto,Deportes La Serena,Chile,,190000,EUR,2026-12-31
1464930,Mart\u00edn Araya,Palestino,Chile,,310000,EUR,
1473443,Diego Monreal,Audax Italiano,Chile,,71000,EUR,2026-12-31
2048673,Pablo Rodr\u00edguez,Coquimbo Unido,Chile,,245000,EUR,2026-12-31
822449,Camilo Moya,Uni\u00f3n La Calera,Chile,,410000,EUR,2026-12-31
942703,Carlos Herrera,Huachipato,Chile,,190000,EUR,2027-12-31
1022946,Esteban Moreira,O'Higgins,Chile,,140000,EUR,2026-12-31
1125880,Benjam\u00edn Chand\u00eda,Coquimbo Unido,Chile,,1400000,EUR,2027-12-31
1199239,Emiliano Ramos,Everton de Vi\u00f1a del Mar,Chile,,465000,EUR,2026-12-31
1396682,Lucas Molina,\u00d1ublense,Chile,,285000,EUR,
1409361,Juan Francisco Rossel,Universidad Cat\u00f3lica U20,Chile,,140000,EUR,
1482455,Leenhan Romero,Deportes Concepci\u00f3n,Venezuela,,48000,EUR,2026-12-31
1508614,Santiago Londo\u00f1o,Everton de Vi\u00f1a del Mar,Colombia,,740000,EUR,2026-12-31
1656140,Javier Nicol\u00e1s C\u00e1rcamo,Huachipato U20,Chile,,55000,EUR,
1798260,Joaqu\u00edn Tapia,O'Higgins,Chile,,265000,EUR,
1836149,Dixon Pereira,Coquimbo Unido,Chile,,26000,EUR,
1973053,Benjam\u00edn Valenzuela,Cobresal,Chile,,165000,EUR,
1981750,Daniel Saavedra,\u00d1ublense,Chile,,155000,EUR,
1985127,Ian Alegr\u00eda,Palestino,Chile,,53000,EUR,
2036609,Fabricio Diaz,Deportes La Serena,Argentina,,82000,EUR,2027-12-31
819017,Jonathan Ben\u00edtez,Palestino,Argentina,,230000,EUR,2026-12-31
877098,Danilo Catal\u00e1n,San Luis de Quillota,Chile,,195000,EUR,
889519,Franco Bechtholdt,Cobresal,Argentina,,190000,EUR,2026-12-31
956838,Juli\u00e1n Alfaro,Everton de Vi\u00f1a del Mar,Chile,,360000,EUR,2026-12-31
986464,Bryan Soto,Audax Italiano,Chile,,185000,EUR,
1014802,Rodrigo Sandoval,Cobresal,Chile,,220000,EUR,
1119737,Gonzalo Flores,Coquimbo Unido,Chile,,240000,EUR,2026-12-31
1125882,Harol Salgado,Universidad de Concepci\u00f3n,Chile,,265000,EUR,2026-12-31
1183778,Daniel Barrea,Universidad de Concepci\u00f3n,Argentina,,535000,EUR,2026-12-31
1384618,Byron Navarro,Everton de Vi\u00f1a del Mar,Chile,,70000,EUR,
1384819,Yahir Salazar,Deportes La Serena,Chile,,210000,EUR,2026-12-31
1386875,Dilan Salgado,Palestino,Chile,,195000,EUR,
1523685,Francisco Jose Pozzo,Uni\u00f3n La Calera,Argentina,,315000,EUR,2026-12-31
1644853,Flavio Moya,Deportes Limache,Chile,,440000,EUR,2026-12-31
1980392,Javier Rojas,Deportes Limache,Chile,,180000,EUR,2026-12-31
2038473,Joaqu\u00edn Gonz\u00e1lez,\u00d1ublense,Chile,,110000,EUR,2027-12-31
2059827,Amaro Leon,Everton de Vi\u00f1a del Mar,Chile,,24000,EUR,
790149,Octavio Rivero,Universidad de Chile,Uruguay,,325000,EUR,2027-12-31
846140,Felipe Villagr\u00e1n,Everton de Vi\u00f1a del Mar,Chile,,215000,EUR,2026-12-31
892450,Alan Robledo,O'Higgins,Argentina,,695000,EUR,2026-12-31
924528,Mat\u00edas Campos L\u00f3pez,Uni\u00f3n La Calera,Chile,,120000,EUR,
949422,Carlos Salom\u00f3n,\u00d1ublense,Chile,,145000,EUR,2027-12-31
986609,Jorge Espejo,Universidad de Concepci\u00f3n,Chile,,580000,EUR,
1014798,Luciano Arriagada,Huachipato,Chile,,135000,EUR,2026-12-31
1403421,Axel Encinas,Uni\u00f3n La Calera,Argentina,,275000,EUR,
1409341,Esteban Calder\u00f3n,O'Higgins,Chile,,365000,EUR,
1482371,Basti\u00e1n Escobar,Deportes Concepci\u00f3n,Chile,,105000,EUR,
1650043,Mart\u00edn Hiriart,Uni\u00f3n La Calera,Chile,,81000,EUR,2026-12-31
1836929,Luca Kmet,Universidad de Concepci\u00f3n,Paraguay,,24000,EUR,2026-12-31
1872533,Sergio Carrasco,Cobresal,Chile,,73000,EUR,2026-12-31
883483,Mois\u00e9s Gonz\u00e1lez,Universidad de Concepci\u00f3n,Chile,,385000,EUR,
925099,Yonathan And\u00eda,Uni\u00f3n La Calera,Chile,,68000,EUR,
965719,Ariel Uribe,Audax Italiano,Chile,,580000,EUR,2026-12-31
973523,Diego Carrasco,Deportes Concepci\u00f3n,Chile,,230000,EUR,
986513,Dylan Escobar,Coquimbo Unido,Chile,,480000,EUR,2026-12-31
986598,Joaqu\u00edn Guti\u00e9rrez,Deportes La Serena,Chile,,530000,EUR,
988143,Cristopher Barrera,Everton de Vi\u00f1a del Mar,Chile,,210000,EUR,
1177430,Ignacio Fuenzalida,Audax Italiano,Chile,,170000,EUR,
1186931,Jos\u00e9 Tapia,Deportes La Serena,Chile,,48000,EUR,2026-12-31
1469553,Mart\u00edn C\u00e1rcamo,CD Conc\u00f3n National,Chile,,130000,EUR,2026-12-31
1807687,Michael Maturana,Uni\u00f3n La Calera,Chile,,52000,EUR,
1807803,Joan Orellana,Deportes La Serena,Chile,,79000,EUR,
1835775,Anibal Gajardo,Cobresal U20,Chile,,54000,EUR,
1875021,Basti\u00e1n Contreras,Deportes La Serena,Chile,,73000,EUR,
2038202,Rodrigo Godoy,O'Higgins,Chile,,315000,EUR,
2039913,Mart\u00edn Guzm\u00e1n,Everton de Vi\u00f1a del Mar,Chile,,130000,EUR,2027-12-31
33567,Alexander Dom\u00ednguez,LDU,Ecuador,,110000,EUR,2026-12-31
312130,Mart\u00edn Rodr\u00edguez,Erzurumspor FK,Chile,,415000,EUR,
805464,Leonel Nazareno,Leones del Norte,Ecuador,,210000,EUR,2026-12-31
877436,Richard Schunke,Independiente del Valle,Argentina,,230000,EUR,
889043,Rodrigo Holgado,Coquimbo Unido,Malaysia,,245000,EUR,2026-12-31
895318,Facundo Ferrero,Deportivo Cuenca,Argentina,,455000,EUR,2026-12-31
903650,Emiliano Clavijo,Universidad Cat\u00f3lica del Ecuador,Ecuador,,1500000,EUR,
927110,Alexander Pastene,Uni\u00f3n La Calera,Chile,,48000,EUR,2026-12-31
931633,Jos\u00e9 Luis Angulo,Barcelona SC Guayaquil,Ecuador,,325000,EUR,2028-12-31
975222,Hugo Quintana,Independiente del Valle,Paraguay,,2300000,EUR,2030-06-30
975502,Jorge Pe\u00f1a,O'Higgins,Chile,,435000,EUR,2026-12-31
1133763,Steven Qui\u00f1\u00f3nez,Orense SC,Ecuador,,310000,EUR,
1138070,Felipe Salomoni,Guaran\u00ed,Argentina,,485000,EUR,2026-12-31
1201013,Jordy Ortiz,Orense SC,Ecuador,,47000,EUR,
1483014,Piero Guzm\u00e1n,Aucas,Ecuador,,560000,EUR,2026-12-31
1502658,Fernando Dinamarca,Deportes La Serena,Chile,,325000,EUR,2027-12-31
2046426,Crist\u00f3bal Sep\u00falveda,Deportes La Serena,Chile,,23000,EUR,
42573,Mauro D\u00edaz,Universidad Cat\u00f3lica del Ecuador,Argentina,,205000,EUR,
136758,Javier B\u00e1ez,Barcelona SC Guayaquil,Paraguay,,240000,EUR,2026-12-31
155776,Luis Cang\u00e1,Universidad Cat\u00f3lica del Ecuador,Ecuador,,835000,EUR,2026-12-31
155786,Junior Sornoza,Independiente del Valle,Ecuador,,855000,EUR,2026-12-31
158395,Renato Ibarra,Mushuc Runa SC,Ecuador,,250000,EUR,2026-12-31
339967,Luis Fernando Le\u00f3n,Emelec,Ecuador,,380000,EUR,2027-12-31
789668,Luca Sosa,Am\u00e9rica Mineiro,Argentina,,635000,EUR,2027-11-30
789993,Jos\u00e9 Contreras,Barcelona SC Guayaquil,Venezuela,,960000,EUR,2026-12-31
896623,Mateo Carabajal,Independiente del Valle,Argentina,,815000,EUR,2027-12-31
925417,Mateo Castano,T\u00e9cnico Universitario,Colombia,,490000,EUR,2026-12-31
988849,Juan Viacava,Independiente del Valle,Uruguay,,485000,EUR,2029-12-31
989402,John Ontaneda,Rionegro \u00c1guilas Doradas,Ecuador,,1500000,EUR,2029-12-31
1109883,Alex Rangel,Barcelona SC Guayaquil,Ecuador,,1500000,EUR,2028-12-31
1184983,Layan Loor,Independiente del Valle,Ecuador,,1500000,EUR,
1185054,Kevin Velasco,LDU,Ecuador,,280000,EUR,
1485501,Ronald Perlaza,Barcelona SC Guayaquil,Ecuador,,27000,EUR,2029-12-31
1630786,Federico Paz,Macar\u00e1,Argentina,,720000,EUR,2026-12-31
33308,Facundo Martinez,Universidad Cat\u00f3lica del Ecuador,Argentina,,47000,EUR,2026-12-31
42454,Dami\u00e1n D\u00edaz,Guayaquil City,Ecuador,,70000,EUR,2026-12-31
155764,Walter Ch\u00e1vez,Manta FC,Ecuador,,145000,EUR,2026-12-31
158407,Dixon Arroyo,Guayaquil City,Ecuador,,165000,EUR,2026-12-31
827141,Luis Segovia,LDU,Ecuador,,1000000,EUR,2026-12-31
836165,Bruno Miranda,Bol\u00edvar,Bolivia,,950000,EUR,2026-12-31
846486,Segundo Portocarrero,Leones del Norte,Ecuador,,515000,EUR,2026-12-31
877442,Brian Heras,Delf\u00edn,Ecuador,,290000,EUR,2027-12-31
896857,Juan Ruiz G\u00f3mez,Emelec,Argentina,,245000,EUR,
898990,An\u00edbal Leguizam\u00f3n,Emelec,Argentina,,97000,EUR,2026-12-31
922853,Leonel Qui\u00f1\u00f3nez,LDU,Ecuador,,410000,EUR,
1066571,Mauro Luque,Leones del Norte,Argentina,,145000,EUR,2026-12-31
1117084,Mat\u00edas Perello,Independiente del Valle,Argentina,,2100000,EUR,2029-12-31
1130044,Jean Arroyo,Independiente del Valle,Ecuador,,550000,EUR,
1197704,Rodrigo Morinigo,Libertad,Argentina,,165000,EUR,2026-12-31
1201005,Emerson Pata,Independiente del Valle,Ecuador,,1500000,EUR,
1217929,Azarias Londo\u00f1o,Universidad Cat\u00f3lica del Ecuador,Panama,,970000,EUR,2026-12-31
2039601,Ederson Qui\u00f1\u00f3nez,Aucas,Ecuador,,660000,EUR,2027-12-31
2039602,Eli\u00e1n Pepin\u00f3s,Leones del Norte,Ecuador,,310000,EUR,2026-12-31
218458,Rodrigo Perea,Guayaquil City,Ecuador,,53000,EUR,2026-12-31
249251,Jhon Chancellor,Universidad Cat\u00f3lica del Ecuador,Venezuela,,285000,EUR,
877439,Bryan Carabal\u00ed,Barcelona SC Guayaquil,Ecuador,,740000,EUR,2027-06-30
886492,David Cabezas,Libertad,Ecuador,,550000,EUR,2026-12-31
905632,Pedro Ortiz,Emelec,Ecuador,,330000,EUR,2026-12-31
922458,Jer\u00f3nimo Cacciabue,Universidad Cat\u00f3lica del Ecuador,Argentina,,1500000,EUR,2026-12-31
932246,Freddy Mina,Mushuc Runa SC,Ecuador,,325000,EUR,2026-12-31
1002442,Gilmar Napa,Guayaquil City,Ecuador,,330000,EUR,2026-12-31
1066555,Daykol Romero,Independiente del Valle,Ecuador,,1300000,EUR,
1084966,Gian Nardelli,Deportivo Cuenca,Argentina,,250000,EUR,2026-12-31
1087050,Mateo Maccari,Deportivo Cuenca,Argentina,,360000,EUR,2026-12-31
1090134,Gabriel Cortez,Libertad,Ecuador,,650000,EUR,2026-12-31
1108984,Nicol\u00e1s Monserrat,Leones del Norte,Argentina,,310000,EUR,2026-12-31
1112870,Santiago Morales,Aucas,Argentina,,410000,EUR,2026-12-31
1172494,Stiwar Mena,T\u00e9cnico Universitario,Colombia,,160000,EUR,2026-12-31
1190168,Pablo Gonz\u00e1lez,Guayaquil City,Uruguay,,660000,EUR,2026-12-31
1473215,Yardely Rodriguez,Guayaquil City,Ecuador,,320000,EUR,2026-12-31
1495929,\u00d3scar Qui\u00f1\u00f3nez,Orense SC,Ecuador,,515000,EUR,2026-12-31
257475,Francisco Pizzini,Emelec,Argentina,,1300000,EUR,2027-12-31
275789,Milton Celiz,Deportivo Riestra,Argentina,,210000,EUR,
590150,Jhegson M\u00e9ndez,Independiente del Valle,Ecuador,,970000,EUR,2026-12-31
822784,Sergio D\u00edaz,Barcelona SC Guayaquil,Paraguay,,205000,EUR,2028-06-30
839638,Ricardo Ad\u00e9,LDU,Haiti,,310000,EUR,2027-12-31
858239,Romario Caicedo,Emelec,Ecuador,,145000,EUR,2026-12-30
905565,Jean Carlos Monta\u00f1o,Cusco FC,Ecuador,,315000,EUR,2028-12-31
922092,Eddy Mej\u00eda,Universidad Cat\u00f3lica del Ecuador,Ecuador,,1100000,EUR,
925740,Jordy Alcivar,Independiente del Valle,Ecuador,,1800000,EUR,2029-12-31
977091,Dar\u00edo Pazmi\u00f1o,Leones del Norte,Ecuador,,280000,EUR,2026-12-31
1009586,Gian Franco Allala,LDU,Uruguay,,390000,EUR,2027-06-30
1015290,Nixon Molina,Orense SC,Ecuador,,325000,EUR,2026-12-31
1066553,Edilson Cabeza,Delf\u00edn,Ecuador,,210000,EUR,2026-12-31
1100246,Ignacio Guerrico,Emelec,Argentina,,550000,EUR,2026-12-31
1103068,Agostino Spina,Hurac\u00e1n,Argentina,,545000,EUR,2027-12-31
1103512,Junior Ayovi,Guayaquil City,Ecuador,,530000,EUR,2026-12-31
1174942,Julian Anaya,T\u00e9cnico Universitario,Colombia,,340000,EUR,2026-12-31
1185827,Darwin Nazareno,Universidad Cat\u00f3lica del Ecuador,Ecuador,,270000,EUR,
1211955,Andy Velasco,Independiente del Valle,Ecuador,,535000,EUR,
1805536,Jandry Gomez,Barcelona SC Guayaquil,Ecuador,,440000,EUR,2027-12-31
122630,Dar\u00edo Benedetto,Barcelona SC Guayaquil,Argentina,,105000,EUR,2026-12-31
246705,Rodrigo Rodr\u00edguez,Macar\u00e1,Uruguay,,410000,EUR,2026-12-31
270287,Deyverson,LDU,Brazil,,340000,EUR,2026-12-31
873891,Ronie Carrillo,Mushuc Runa SC,Ecuador,,740000,EUR,2026-12-31
881847,Jhonny Qui\u00f1\u00f3nez,Barcelona SC Guayaquil,Ecuador,,755000,EUR,2026-12-31
896790,Alan Lorenzo,Orense SC,Argentina,,215000,EUR,2026-12-31
901024,St\u00e9fano Callegari,Orense SC,Argentina,,330000,EUR,2026-12-31
909664,Carlos Arboleda,Deportivo Cuenca,Ecuador,,190000,EUR,2026-12-31
984019,Denilson Bola\u00f1os,Macar\u00e1,Ecuador,,535000,EUR,2026-12-31
985163,Manuel Gamboa,G\u00e9nesis PN,Panama,,110000,EUR,2027-06-30
1011412,Ar\u00f3n Rodr\u00edguez,Independiente del Valle,Ecuador,,1000000,EUR,
1018571,Estalin Segura,Emelec,Ecuador,,1200000,EUR,2026-12-31
1092329,Patricio Boolsen,Deportivo Cuenca,Argentina,,245000,EUR,2026-12-31
1095708,Stalin Valencia,Emelec,Ecuador,,435000,EUR,
1142359,Josu\u00e9 Cuero,LDU,Ecuador,,375000,EUR,2026-12-31
1175756,Carlos Gonz\u00e1lez,Independiente del Valle,Paraguay,,930000,EUR,2027-12-31
1382065,Matias Lugo,Barcelona SC Guayaquil,Argentina,,870000,EUR,2026-12-31
1404583,Tommy Chamba,Macar\u00e1,Ecuador,,145000,EUR,2026-12-31
1475156,Patrick Ortiz,LDU,Ecuador,,23000,EUR,
1495656,Luis Gustavino,Aucas,Ecuador,,875000,EUR,2026-12-31
47658,Miller Bola\u00f1os,Guayaquil City,Ecuador,,130000,EUR,2026-12-31
588654,Mario Valero,Emelec,Ecuador,,310000,EUR,
924509,Fernando Cornejo,LDU,Chile,,1100000,EUR,
924782,Jes\u00fas Pretell,LDU,Peru,,485000,EUR,2026-12-31
925611,Charles V\u00e9lez,Leones del Norte,Ecuador,,320000,EUR,2026-12-31
931228,Rodney Redes,LDU,Paraguay,,1100000,EUR,2026-12-31
931382,Gregori Anangon\u00f3,Universidad Cat\u00f3lica del Ecuador,Ecuador,,1400000,EUR,
962419,Andres Mena,Aucas,Ecuador,,750000,EUR,2026-12-31
1002519,Jordan Mor\u00e1n,Leones del Norte,Ecuador,,460000,EUR,2026-12-31
1020037,Marlon Medranda,Macar\u00e1,Ecuador,,190000,EUR,2026-12-31
1103526,Roger Arias,Guayaquil City,Ecuador,,370000,EUR,2026-12-31
1111534,Agustin Campana,Macar\u00e1,Argentina,,220000,EUR,2026-12-31
1119730,Jonathan Majao,CD Olmedo,Ecuador,,53000,EUR,
1190245,Daniel De la Cruz,CD Nacional,Ecuador,,485000,EUR,2027-06-30
1190984,Vilington Branda,Libertad,Ecuador,,420000,EUR,2026-12-31
1381953,Orlando Herrera,Emelec,Ecuador,,97000,EUR,2026-12-31
1473028,Luis Castro,Delf\u00edn,Ecuador,,340000,EUR,2026-12-31
1653886,Alex Zova,Aucas,Ecuador,,580000,EUR,
1836843,Justin Lerma,Borussia Dortmund,Ecuador,,3100000,EUR,
33703,Jos\u00e9 Cevallos,Emelec,Ecuador,,415000,EUR,2027-12-31
125076,Juan Anangon\u00f3,Leones del Norte,Ecuador,,96000,EUR,2026-12-31
588628,Elvis Patta,Libertad,Ecuador,,190000,EUR,2026-12-31
824158,Jose Cazares,Macar\u00e1,Ecuador,,145000,EUR,2026-12-31
873890,Djorkaeff Reasco,Independiente del Valle,Ecuador,,875000,EUR,
928507,Kevin Sambonino,Guayaquil City,Ecuador,,245000,EUR,2026-12-31
961894,Byron Palacios,Universidad Cat\u00f3lica del Ecuador,Ecuador,,925000,EUR,
975090,Luis Estupi\u00f1an,T\u00e9cnico Universitario,Ecuador,,465000,EUR,2026-12-31
998283,Mat\u00edas Miranda,Macar\u00e1,Argentina,,270000,EUR,2026-12-31
1048187,Lucas Lemos,Mushuc Runa SC,Uruguay,,325000,EUR,2026-12-31
1103071,Jonathan Arroyo,Leones del Norte,Ecuador,,485000,EUR,2026-12-31
1105365,Cristhian Valencia,Libertad,Ecuador,,210000,EUR,2026-12-31
1108656,Agustin Herrera,Orense SC,Argentina,,1200000,EUR,2028-12-31
1201028,Youri Ochoa,Independiente del Valle,Ecuador,,470000,EUR,
1390864,Mateo Burdisso,Delf\u00edn,Argentina,,580000,EUR,2026-12-31
1517847,Erick Zambrano,Orense SC,Ecuador,,775000,EUR,
1803834,Mateo Viera,Macar\u00e1,Ecuador,,1100000,EUR,2027-12-31
2460927,Enzo Rubio,Delf\u00edn,Argentina,,195000,EUR,2026-12-31
359108,Jos\u00e9 Luis Marrufo,Macar\u00e1,Venezuela,,870000,EUR,2026-12-15
846823,Joao Rojas,Barcelona SC Guayaquil,Ecuador,,545000,EUR,2027-12-31
869786,Jorge Ord\u00f3\u00f1ez,Deportivo Cuenca,Ecuador,,555000,EUR,
895335,Exequiel Beltramone,Manta FC,Argentina,,23000,EUR,2026-12-31
922739,Orlin Quinonez,Libertad,Ecuador,,270000,EUR,
937460,Jonathan Perlaza,Barcelona SC Guayaquil,Ecuador,,745000,EUR,2028-12-31
975528,Jefferson Valverde,Delf\u00edn,Ecuador,,375000,EUR,2026-12-31
975826,Kevin Ushi\u00f1a,Delf\u00edn,Ecuador,,380000,EUR,2026-12-31
1049140,Carlos Orejuela,Libertad,Ecuador,,220000,EUR,2026-12-31
1185465,Edwin Mesa,T\u00e9cnico Universitario,Ecuador,,290000,EUR,2026-12-31
1194272,Cristopher Angulo,Mushuc Runa SC,Ecuador,,275000,EUR,2026-12-31
1416329,Yerlin Quinonez,LDU,Ecuador,,710000,EUR,2028-12-31
1523448,David Gonz\u00e1lez,Deportivo Cuenca,Argentina,,475000,EUR,2026-12-31
1630792,Martin Tello,Macar\u00e1,Ecuador,,685000,EUR,2027-12-31
1819316,Bryan Corozo,Mushuc Runa SC,Ecuador,,280000,EUR,2026-12-31
2040156,Eric Valencia,Universidad Cat\u00f3lica del Ecuador,Ecuador,,930000,EUR,
2489798,Ibrain Cuero,Emelec,Ecuador,,265000,EUR,2028-06-30
52061,\u00c1ngel Mena,Orense SC,Ecuador,,185000,EUR,2026-12-31
823983,Ivan Molinas,Delf\u00edn,Argentina,,230000,EUR,2026-12-31
846662,Gustavo Cortez,Independiente del Valle,Ecuador,,930000,EUR,2027-12-31
873887,Hancel Batalla,Libertad,Ecuador,,195000,EUR,2026-12-31
873889,Nicol\u00e1s D\u00e1vila,Mushuc Runa SC,Ecuador,,315000,EUR,2026-12-31
896840,Mauricio Alonso,Universidad Cat\u00f3lica del Ecuador,Uruguay,,465000,EUR,
922466,Valent\u00edn Burgoa,Godoy Cruz,Argentina,,640000,EUR,
925484,Gonzalo Valle,LDU,Ecuador,,1600000,EUR,2028-12-31
975813,Bagner Delgado,T\u00e9cnico Universitario,Ecuador,,230000,EUR,2026-12-31
985159,V\u00edctor Griffith,Emelec,Panama,,380000,EUR,2026-12-31
1017480,Jos\u00e9 Carabal\u00ed,LDU,Ecuador,,825000,EUR,2029-12-31
1018405,Franco Ayunta,Delf\u00edn,Argentina,,370000,EUR,2026-12-31
1065584,Bryan Garc\u00eda,Deportivo Cuenca,Ecuador,,325000,EUR,2026-12-31
1201014,Jose Klinger,Macar\u00e1,Ecuador,,550000,EUR,2026-12-31
1438529,Yeltzin Erique,Deportivo Cuenca,Ecuador,,340000,EUR,2026-12-31
1901916,Rafael Chila,T\u00e9cnico Universitario,Ecuador,,45000,EUR,2026-12-31
1923383,Mat\u00edas Klimowicz,Deportivo Cuenca,Ecuador,,565000,EUR,2026-12-31
2024894,Cristopher Arteaga,T\u00e9cnico Universitario,Ecuador,,110000,EUR,2026-12-31
2460692,Jackson Gonz\u00e1lez,Mushuc Runa SC,Ecuador,,185000,EUR,2026-12-31
158417,Danny Luna,Delf\u00edn,Ecuador,,155000,EUR,2026-12-31
339961,Luis Ayala,Macar\u00e1,Ecuador,,195000,EUR,2026-12-31
343119,Ayrton Preciado,Aucas,Ecuador,,240000,EUR,2026-12-31
805166,Anderson Naula,Guayaquil City,Ecuador,,310000,EUR,2026-12-31
822718,Kevin Minda,Melgar,Ecuador,,635000,EUR,2027-06-30
832468,Edison Vega,Deportivo Cuenca,Ecuador,,185000,EUR,2026-12-31
885589,Jos\u00e9 Hern\u00e1ndez,Mushuc Runa SC,Ecuador,,205000,EUR,2026-12-31
924763,Santiago Etchebarne,Macar\u00e1,Uruguay,,300000,EUR,2026-12-31
925615,Diego Palacios,Universidad Cat\u00f3lica del Ecuador,Ecuador,,1000000,EUR,2026-12-31
980477,Bryan Caicedo,Libertad,Ecuador,,320000,EUR,2027-12-31
1017436,Xavier Pineda,Libertad,Ecuador,,52000,EUR,2026-12-31
1020039,Rolando Silva,Orense SC,Ecuador,,1000000,EUR,2026-12-31
1092309,Gaston Blanc,Macar\u00e1,Argentina,,465000,EUR,2026-12-31
1108522,Ronald Briones,Independiente del Valle,Ecuador,,860000,EUR,2028-12-31
1592848,Luca Klimowicz,Emelec,Argentina,,775000,EUR,2026-12-31
1649356,Edison Alexander Medina Caicedo,Manta FC,Ecuador,,245000,EUR,2026-12-31
1798790,Santiago Postel,Deportivo Cuenca,Argentina,,290000,EUR,2026-12-31
1913695,Ederson Castillo,LDU,Ecuador,,515000,EUR,
2372354,\u00c1lex Rodr\u00edguez,Universidad Cat\u00f3lica del Ecuador,Ecuador,,540000,EUR,
108832,Rafael Romo,Universidad Cat\u00f3lica del Ecuador,Venezuela,,290000,EUR,2026-11-30
340535,Danny Cabezas,Manta FC,Ecuador,,97000,EUR,
588640,Renny Jaramillo,Orense SC,Ecuador,,930000,EUR,2026-12-31
805485,Jos\u00e9 Quintero,LDU,Ecuador,,220000,EUR,
875822,Beder Caicedo,Orense SC,Ecuador,,245000,EUR,2026-12-31
932247,Jean Carlos Estacio,Macar\u00e1,Ecuador,,330000,EUR,2026-12-31
964296,Gabriel Villamil,LDU,Bolivia,,1200000,EUR,2027-12-31
965310,Alexander Bola\u00f1os,Aucas,Ecuador,,105000,EUR,2026-12-31
985144,Johan Lara,Universidad Cat\u00f3lica del Ecuador,Ecuador,,520000,EUR,
1002950,Joshue Quinonez,Guayaquil City,Ecuador,,310000,EUR,2026-12-31
1018404,Feyiseitan Asagidigbi,Manta FC,Nigeria,,45000,EUR,2027-12-31
1105564,Maikel Reyes,Delf\u00edn,Ecuador,,245000,EUR,2026-12-31
1128763,Carlos Gruezo,Libertad,Ecuador,,265000,EUR,2026-12-31
1185461,Stalin Morocho,Deportivo Cuenca,Ecuador,,240000,EUR,2026-12-31
1201021,Mauricio Cagua,T\u00e9cnico Universitario,Ecuador,,360000,EUR,2026-12-31
1804614,Jeremy Chacon,Deportivo Cuenca,Ecuador,,485000,EUR,2026-12-31
1892676,Snayder Porozo,Aucas,Ecuador,,1000000,EUR,
2083364,Santiago Laurino,Guayaquil City,Uruguay,,630000,EUR,2029-12-31
2219071,Josue Caicedo,Barcelona Atl\u00e8tic,Ecuador,,280000,EUR,2027-06-30
2465150,Yorlin Arce,T\u00e9cnico Universitario,Ecuador,,330000,EUR,2026-12-31
249301,Juan Cavallaro,Delf\u00edn,Argentina,,120000,EUR,2026-12-31
826826,Alexander Alvarado,LDU,Ecuador,,1100000,EUR,2027-12-31
883162,Franklin Carabali,Mushuc Runa SC,Ecuador,,275000,EUR,2026-12-31
922048,Juan Jimenez,Manta FC,Colombia,,145000,EUR,2026-12-31
925605,Diego Armas,Orense SC,Ecuador,,135000,EUR,
925612,Ivan Zambrano,LDU,Ecuador,,820000,EUR,
965873,Ronny Biojo,Mushuc Runa SC,Ecuador,,590000,EUR,2026-12-31
975702,Kevin Mina,Olimpia del Chaco Petrolero,Ecuador,,92000,EUR,
985161,Tom\u00e1s Rodr\u00edguez,Barcelona SC Guayaquil,Panama,,1000000,EUR,2029-06-30
989211,Tob\u00edas Coppo,Leones del Norte,Argentina,,290000,EUR,2026-12-31
1084425,Mateo Ort\u00edz,Manta FC,Ecuador,,390000,EUR,2026-12-31
1188927,Everardo Rose,CD Plaza Amador,Panama,,325000,EUR,
1495658,Maikel Valencia,Manta FC,Ecuador,,280000,EUR,
1525502,Ronny Borja,Leones del Norte,Ecuador,,160000,EUR,2026-12-31
1804300,Thiago Ozaeta,Delf\u00edn,Ecuador,,245000,EUR,
1805534,Johan Garc\u00eda,Barcelona SC Guayaquil,Ecuador,,140000,EUR,
1878184,Luis Moreno,Universidad Cat\u00f3lica del Ecuador,Ecuador,,550000,EUR,
1892376,Jefferson Wila,Barcelona SC Guayaquil,Ecuador,,360000,EUR,
2460697,Jorge Cabeza,Leones del Norte,Ecuador,,97000,EUR,2026-12-31
590164,Anthony Bedoya,Delf\u00edn,Ecuador,,185000,EUR,2026-12-31
794921,Hamilton Piedra,Aucas,Ecuador,,385000,EUR,2026-12-31
822719,Juan Nazareno,Manta FC,Ecuador,,155000,EUR,2026-12-31
925254,Johan Bocanegra,T\u00e9cnico Universitario,Colombia,,330000,EUR,2026-12-31
936184,Jos\u00e9 Fajardo,Universidad Cat\u00f3lica del Ecuador,Panama,,525000,EUR,
976092,Bryan Hern\u00e1ndez,Delf\u00edn,Ecuador,,105000,EUR,2026-12-31
989217,Angelo Mina,Emelec,Ecuador,,1000000,EUR,2028-12-31
1019932,Jonnathan Mina,Barcelona SC Guayaquil,Ecuador,,870000,EUR,2026-12-31
1020186,Stiven Tapiero,Aucas,Colombia,,120000,EUR,2026-12-31
1104133,Felix Zambrano,Manta FC,Ecuador,,650000,EUR,2026-12-31
1119725,Cristhian Solano,Leones del Norte,Ecuador,,380000,EUR,2026-12-31
1414721,Brian Kreiman,Leones del Norte,Argentina,,195000,EUR,2026-12-31
1464817,Alejandro Tobar,LDU,Ecuador,,1300000,EUR,2028-12-31
1475155,Michael Berm\u00fadez,Orense SC,Ecuador,,775000,EUR,2026-12-31
1630791,Leonar Espinoza,Macar\u00e1,Ecuador,,235000,EUR,
1901343,Jeremy Mejia,Deportivo Cuenca,Ecuador,,450000,EUR,2026-12-31
2035970,Jostin Bravo,Libertad,Ecuador,,375000,EUR,2026-12-31
146300,Pedro Velasco,Orense SC,Ecuador,,410000,EUR,2026-12-31
174935,Lucas Mancinelli,Deportivo Cuenca,Argentina,,135000,EUR,2026-12-31
255471,H\u00e9ctor Villalba,Barcelona SC Guayaquil,Paraguay,,620000,EUR,2026-12-31
340243,Jeison Chal\u00e1,Macar\u00e1,Ecuador,,135000,EUR,2026-12-31
822731,Jos\u00e9 Flor,Mushuc Runa SC,Ecuador,,280000,EUR,2026-12-31
830879,Nicol\u00e1s Leguizam\u00f3n,CD Juan Pablo II,Argentina,,115000,EUR,
878908,Mart\u00edn Ch\u00e1ves,T\u00e9cnico Universitario,Uruguay,,235000,EUR,2026-12-31
895229,Facundo Castelli,Deportivo Garcilaso,Argentina,,245000,EUR,2026-12-31
975548,Luis Cano,Barcelona SC Guayaquil,Ecuador,,730000,EUR,2029-12-31
985109,Luis Castillo,Delf\u00edn,Ecuador,,360000,EUR,2026-12-31
985111,Sergio Quintero,Emelec,Ecuador,,680000,EUR,2026-12-31
1102458,Esnaider Cabezas,Guayaquil City,Ecuador,,240000,EUR,2026-12-31
1109882,Jord\u00e1n Mohor,Macar\u00e1,Ecuador,,140000,EUR,2026-12-31
1131942,Jamilton Carcelen,Sociedad Deportivo Quito,Ecuador,,105000,EUR,2026-12-31
1474796,Jose Caicedo,T\u00e9cnico Universitario,Ecuador,,140000,EUR,2026-12-31
1605145,Mart\u00edn Caramuto,Leones del Norte,Argentina,,260000,EUR,2026-12-31
1892386,Darwin Guagua,Independiente del Valle,Ecuador,,2100000,EUR,
2037809,Luis Fragozo,Emelec,Ecuador,,485000,EUR,
2085931,Frixon Joel  Vargas Manzaba,Leones del Norte,Ecuador,,23000,EUR,2026-12-31
338969,Kener Arce,T\u00e9cnico Universitario,Ecuador,,52000,EUR,2026-12-31
790854,Ayrton Morales,CD Olmedo,Ecuador,,105000,EUR,
827127,Eddie Guevara,Deportivo Cuenca,Ecuador,,160000,EUR,
846293,Nicol\u00e1s Dibble,CD Olimpia,Uruguay,,160000,EUR,2027-06-30
868275,Janner Corozo,LDU,Ecuador,,1100000,EUR,2028-12-31
877584,Gustavo Vallecilla,Barcelona SC Guayaquil,Ecuador,,1000000,EUR,2026-12-31
925013,Germ\u00e1n Rivero,Deportivo Cuenca,Argentina,,82000,EUR,2026-12-31
927888,Pablo Mancilla,Guayaquil City,Ecuador,,130000,EUR,2026-12-31
929098,Jhon Espinoza,Independiente del Valle,Ecuador,,565000,EUR,
937863,Richard Mina,LDU,Ecuador,,725000,EUR,2026-12-31
938611,Jean Humanante,Atl\u00e9tico Rojiblanco,Ecuador,,280000,EUR,2026-12-31
998401,Arnaldo Zambrano,Mushuc Runa SC,Ecuador,,140000,EUR,
1084965,Franco Perinciolo,Delf\u00edn,Argentina,,160000,EUR,2026-12-31
1116588,Maiky De La Cruz,Leones del Norte,Ecuador,,160000,EUR,2026-12-31
1184987,Erick Ladines,Guayaquil City,Ecuador,,93000,EUR,2026-12-31
1407878,Ariel Mina,Emelec,Ecuador,,455000,EUR,2026-12-31
1568259,Andres Copete,Fortaleza FC,Colombia,,240000,EUR,
2059492,Luca Ferro,Macar\u00e1,Argentina,,52000,EUR,2026-12-31
330867,Tom\u00e1s Mart\u00ednez,Barcelona SC Guayaquil,Argentina,,475000,EUR,2026-12-31
871807,Guido Villar,Independiente del Valle,Argentina,,1100000,EUR,2026-12-31
931646,Rodrigo Formento,Mushuc Runa SC,Uruguay,,360000,EUR,2026-12-31
933309,Dagner Quintero,Manta FC,Ecuador,,315000,EUR,2026-12-31
989991,Brian Negro,Almagro,Argentina,,190000,EUR,2027-12-31
1004135,Thiago Serpa,Aucas,Brazil,,145000,EUR,2026-12-31
1004188,Stick Castro,Libertad,Ecuador,,52000,EUR,2026-12-31
1018545,Tomson Minda,Mushuc Runa SC,Ecuador,,155000,EUR,2026-12-31
1020198,Liberman Torres,T\u00e9cnico Universitario,Ecuador,,105000,EUR,2027-12-31
1048959,Sergio N\u00fa\u00f1ez,Barcelona SC Guayaquil,Uruguay,,410000,EUR,2026-12-31
1116579,Sebasti\u00e1n Gonz\u00e1lez,LDU,Ecuador,,260000,EUR,
1169579,Braian Ram\u00edrez,Manta FC,Argentina,,335000,EUR,2026-12-31
1473025,Jefferson Nazareno,Manta FC,Ecuador,,105000,EUR,2026-12-31
1482436,Rooney Troya,Universidad Cat\u00f3lica del Ecuador,Ecuador,,105000,EUR,
1518445,Ger\u00f3nimo Heredia,Delf\u00edn,Argentina,,490000,EUR,2026-12-31
1847764,Steven Gongora,Independiente del Valle,Ecuador,,210000,EUR,
2111135,Jackson Mina,San Antonio FC,Ecuador,,71000,EUR,
846671,Marcos Andr\u00e9s L\u00f3pez,Deportivo Cuenca,Ecuador,,285000,EUR,2026-12-31
873731,Manuel Lucas,Libertad,Ecuador,,91000,EUR,2026-12-31
964923,Bryan Vi\u00f1\u00e1n,Orense SC,Ecuador,,515000,EUR,2026-12-31
975709,Adrian Cela,Mushuc Runa SC,Ecuador,,270000,EUR,2026-12-31
1069637,Melvin Diaz,Deportivo Cuenca,Ecuador,,245000,EUR,2026-12-31
1095686,Jefferson Troya,Manta FC,Ecuador,,110000,EUR,2026-12-31
1099315,Erick Japa,CSD Municipal,Dominican Republic,,120000,EUR,2027-06-30
1104157,Ignacio Mosquera,Deportivo Cuenca,Ecuador,,360000,EUR,2026-12-31
1119699,Santiago Razzeto,T\u00e9cnico Universitario,Argentina,,380000,EUR,2026-12-31
1169590,Edinson Mero,Guayaquil City,Ecuador,,485000,EUR,2027-12-31
1197046,Romario Ibarra,Deportivo Cuenca,Ecuador,,230000,EUR,2026-12-31
1461225,Jhonnier Chal\u00e1,Barcelona SC Guayaquil,Ecuador,,265000,EUR,2027-12-31
1473024,Erick Z\u00fa\u00f1iga,Delf\u00edn,Ecuador,,145000,EUR,
1650446,Franco Posse,Macar\u00e1,Uruguay,,620000,EUR,2026-12-31
1799598,Antony Ch\u00e9re,Libertad,Ecuador,,290000,EUR,2026-12-31
1804299,Ober Medina,Delf\u00edn,Ecuador,,47000,EUR,
1806862,Carlos Caicedo,Macar\u00e1,Ecuador,,52000,EUR,
1968271,Franco Ratotti,Uni\u00f3n Espa\u00f1ola,Argentina,,140000,EUR,2026-12-31
2476566,Juan Espinoza,Macar\u00e1,Ecuador,,53000,EUR,
155766,Darwin Cuero,Macar\u00e1,Ecuador,,110000,EUR,
339557,Robert Burbano,Manta FC,Ecuador,,360000,EUR,2026-12-31
860561,Michael Estrada,LDU,Ecuador,,555000,EUR,2026-12-31
874569,Gonzalo N\u00e1poli,Emelec,Uruguay,,1300000,EUR,2026-12-31
964878,Glendys Mina,Manta FC,Ecuador,,210000,EUR,2026-12-31
985108,Jefferson Arce,Delf\u00edn,Ecuador,,110000,EUR,2026-12-31
988255,Mateo Piedra,Deportivo Cuenca,Ecuador,,335000,EUR,2026-12-31
1004138,Miguel Perea,Mushuc Runa SC,Ecuador,,280000,EUR,
1018168,Jackson Rodr\u00edguez,Libertad,Ecuador,,245000,EUR,2026-12-31
1018584,Jonathan Morocho,Delf\u00edn,Ecuador,,190000,EUR,2026-12-31
1117831,Rody Zambrano,Libertad,Ecuador,,97000,EUR,2026-12-31
1125445,Lucas Fernandez,No team,Uruguay,,140000,EUR,
1134650,Erick Pl\u00faas,Orense SC,Ecuador,,415000,EUR,
1199361,Jean Carlos Blanco,Manta FC,Colombia,,210000,EUR,2026-12-31
1630784,Erick Mendoza,Barcelona SC Guayaquil,Ecuador,,485000,EUR,2029-06-30
106458,Jaime Ayov\u00ed,Emelec,Ecuador,,48000,EUR,2026-12-31
226216,Eber Caicedo,Delf\u00edn,Ecuador,,145000,EUR,2026-12-31
590176,Jos\u00e9 Angulo,Manta FC,Ecuador,,235000,EUR,2026-12-31
789939,Joaqu\u00edn Verg\u00e9s,Manta FC,Uruguay,,70000,EUR,2026-12-31
826819,Madison Julio,Guayaquil City,Ecuador,,210000,EUR,2026-12-31
925478,Jostin Alman,Manta FC,Ecuador,,315000,EUR,2026-12-31
975707,Sixto Mina,Orense SC,Ecuador,,280000,EUR,2028-12-31
976964,Marcos Mej\u00eda,Barcelona SC Guayaquil,Ecuador,,340000,EUR,2026-12-31
1086926,Alexander Sosa,No team,Argentina,,205000,EUR,
1215084,Patrik Mercado,Independiente del Valle,Ecuador,,5000000,EUR,
1464255,Byron Carabal\u00ed,Aucas,Ecuador,,120000,EUR,
1473027,Jordano Zambrano,Macar\u00e1,Ecuador,,140000,EUR,2026-12-31
2236661,Maverick Vera,Aucas,Ecuador,,165000,EUR,
2460698,Osman Pico,9 de Octubre,Ecuador,,27000,EUR,2026-12-31
340247,Miguel Parrales,Orense SC,Ecuador,,825000,EUR,2027-06-30
822722,Janus Vivar,Guayaquil City,Ecuador,,105000,EUR,2026-12-31
822727,Byron Castillo,Barcelona SC Guayaquil,Ecuador,,650000,EUR,2026-12-31
846663,Jhon Cifuente,Libertad,Ecuador,,97000,EUR,2026-12-31
874567,Jos\u00e9 Neris,Emelec,Uruguay,,680000,EUR,2028-12-31
925147,Jeison Medina,Independiente Medell\u00edn,Colombia,,515000,EUR,2027-06-30
928506,Willian Vargas,Barcelona SC Guayaquil,Ecuador,,325000,EUR,
966583,Marco Carrasco,T\u00e9cnico Universitario,Ecuador,,49000,EUR,2026-12-31
981412,Luis Arroyo,Aucas,Ecuador,,270000,EUR,2026-12-31
1116363,Jeremy Mina,Manta FC,Ecuador,,195000,EUR,2026-12-31
1392132,Ariel Borja,Leones del Norte,Ecuador,,26000,EUR,2026-12-31
1475219,Dany Coronel,Libertad,Ecuador,,260000,EUR,2026-12-31
1517144,Richard Borja,Barcelona SC Guayaquil,Ecuador,,46000,EUR,
1597201,Yandri Vasquez,Independiente del Valle,Ecuador,,260000,EUR,
1804592,Elian Caicedo,Mushuc Runa SC,Ecuador,,380000,EUR,2027-12-31
2077587,Jordan Medina,Barcelona SC Guayaquil,Ecuador,,97000,EUR,2028-12-31
2085050,Erik Yepez,Delf\u00edn,Ecuador,,53000,EUR,2026-12-31
2118719,Matias Cabeza,Macar\u00e1,Ecuador,,26000,EUR,
2125712,Jairo Mairongo,Atl\u00e9tico Rojiblanco,Ecuador,,115000,EUR,2026-12-31
822715,Jose Gabriel Cevallos,Barcelona SC Guayaquil,Ecuador,,545000,EUR,2027-12-31
869729,Jos\u00e9 C\u00e1rdenas,Delf\u00edn,Ecuador,,205000,EUR,2026-12-31
869788,Kevin Peralta,Mushuc Runa SC,Ecuador,,230000,EUR,2026-12-31
893536,Diego Dorregaray,Guayaquil City,Argentina,,48000,EUR,2026-12-31
914818,Manuel Palma,Guayaquil City,Paraguay,,46000,EUR,2026-12-31
927271,Jefferson Caicedo,LDU Portoviejo,Ecuador,,27000,EUR,2026-12-31
974669,Paul Charpentier,Recoleta FC,Argentina,,260000,EUR,
1092608,Agustin Mansilla,Leones del Norte,Argentina,,110000,EUR,2026-12-31
1194015,Bryan Quinonez,Orense SC,Ecuador,,97000,EUR,
1394870,Johan Montes,No team,Colombia,,260000,EUR,
1479175,Jos\u00e9 Luis Qui\u00f1ones,Mushuc Runa SC,Ecuador,,45000,EUR,
1804593,Jeremy Cusme,Mushuc Runa SC,Ecuador,,54000,EUR,
1807743,Josu\u00e9 Chal\u00e1,Manta FC,Ecuador,,215000,EUR,2026-12-31
1896707,Heuyin Guardia,T\u00e9cnico Universitario,Panama,,320000,EUR,2026-12-31
1901668,Jheremy Gonzaga,Emelec,Ecuador,,26000,EUR,2027-12-31
2051364,Leao Tenorio,Delf\u00edn,Ecuador,,26000,EUR,
2179456,Saenddy Y\u00e1nez,Universidad Cat\u00f3lica del Ecuador,Ecuador,,270000,EUR,
2559748,Klever Caicedo,Barcelona SC Guayaquil,Ecuador,,52000,EUR,2026-12-31
826830,Carlos Cuero,Aucas,Ecuador,,195000,EUR,
883301,Jos\u00e9 Andrade,Aucas,Ecuador,,105000,EUR,
1591567,Luis Mario C\u00f3rdova Mina,No team,Ecuador,,260000,EUR,
1630797,Patricio Ramos,Macar\u00e1,Ecuador,,49000,EUR,
2077583,Marcos Sevillano,Universidad Cat\u00f3lica del Ecuador,Ecuador,,320000,EUR,
2077593,Cristopher Benalcazar,San Antonio FC,Ecuador,,140000,EUR,
2082106,Virgilio Olaya,Aucas,Ecuador,,1300000,EUR,
2460699,Santiago Arrieta,Leones del Norte,Argentina,,54000,EUR,2026-12-31
117777,Granit Xhaka,Sunderland,Switzerland,,8500000,EUR,2028-06-30
122951,Casemiro,No team,Brazil,,5500000,EUR,
151545,Virgil van Dijk,Liverpool FC,Netherlands,,15500000,EUR,2027-06-30
189061,Jack Grealish,Manchester City,England,,21000000,EUR,2027-06-30
288205,Bruno Fernandes,Manchester United,Portugal,,32000000,EUR,2027-06-30
331737,Youri Tielemans,Manchester United,Belgium,,33000000,EUR,2031-06-30
827606,Rodri,Manchester City,Spain,,45000000,EUR,2027-06-30
830659,Marcos Senesi,Tottenham Hotspur,Argentina,,23000000,EUR,2030-06-30
839956,Erling Haaland,Manchester City,Norway,,218000000,EUR,2034-06-30
856714,Declan Rice,Arsenal,England,,114000000,EUR,2028-06-30
866469,Bruno Guimar\u00e3es,Newcastle United,Brazil,,72000000,EUR,2028-06-30
869792,Gabriel Magalh\u00e3es,Arsenal,Brazil,,70000000,EUR,2029-06-30
877994,Marc Gu\u00e9hi,Manchester City,England,,66000000,EUR,2031-06-30
927361,James Garner,Everton,England,,48000000,EUR,2030-06-30
934235,Bukayo Saka,Arsenal,England,,115000000,EUR,2030-06-30
934386,J\u00e9r\u00e9my Doku,Manchester City,Belgium,,70000000,EUR,2028-06-30
962012,Jan Paul van Hecke,Tottenham Hotspur,Netherlands,,49000000,EUR,
979128,Rayan Cherki,Manchester City,France,,98000000,EUR,2030-06-30
994546,Elliot Anderson,Manchester City,England,,68000000,EUR,
1128801,Max Weiss,Burnley,Germany,,4300000,EUR,2029-06-30
101367,Daniel Bentley,Wolverhampton,England,,730000,EUR,2027-06-30
101882,Fabian Sch\u00e4r,Newcastle United,Switzerland,,3900000,EUR,2027-06-30
125274,Stefan Ortega,No team,Germany,,3800000,EUR,
145188,James Tarkowski,Everton,England,,5200000,EUR,2028-06-30
249859,Walter Ben\u00edtez,Crystal Palace,Argentina,,3700000,EUR,2028-06-30
318941,R\u00faben Dias,Manchester City,Portugal,,60000000,EUR,2029-06-30
355528,Harry Wilson,Leeds United,Wales,,27000000,EUR,2030-06-30
826204,Boubacar Kamara,Aston Villa,France,,39000000,EUR,2030-06-30
829932,Cristian Romero,Tottenham Hotspur,Argentina,,42000000,EUR,2029-06-30
847097,Ethan Ampadu,Leeds United,Wales,,28000000,EUR,2030-06-30
861970,Kiernan Dewsbury-Hall,Everton,England,,38000000,EUR,2030-06-30
869856,Dominik Szoboszlai,Liverpool FC,Hungary,,91000000,EUR,2028-06-30
885908,Reece James,Chelsea,England,,63000000,EUR,2032-06-30
889861,Anton Stach,Leeds United,Germany,,27000000,EUR,2029-06-30
974505,Enzo Fern\u00e1ndez,Chelsea,Argentina,,87000000,EUR,2032-06-30
980643,James Trafford,Manchester City,England,,27000000,EUR,2030-06-30
987650,Mois\u00e9s Caicedo,Chelsea,Ecuador,,104000000,EUR,2033-06-30
1142562,Mateus Fernandes,Tottenham Hotspur,Portugal,,49000000,EUR,
1168513,Max Alleyne,Manchester City,England,,7800000,EUR,2030-06-30
1445189,Tom Edozie,Wolverhampton U21,England,,195000,EUR,
48480,Pascal Gro\u00df,Brighton & Hove Albion,Germany,,2300000,EUR,2027-06-30
123689,Karl Darlow,Manchester United,Wales,,210000,EUR,2028-06-30
352770,Alex Iwobi,Fulham,Nigeria,,21000000,EUR,2028-06-30
364612,Jo\u00e3o Palhinha,FC Bayern M\u00fcnchen,Portugal,,13800000,EUR,2028-06-30
826215,Ibrahima Konat\u00e9,Real Madrid,France,,46000000,EUR,2030-06-30
827362,Caoimhin Kelleher,Brentford,Ireland,,25000000,EUR,2030-06-30
829022,Konstantinos Mavropanos,West Ham United,Greece,,19500000,EUR,2028-06-30
859999,Lisandro Mart\u00ednez,Manchester United,Argentina,,42000000,EUR,2027-06-30
886363,Matheus Cunha,Manchester United,Brazil,,79000000,EUR,2030-06-30
904897,Ryan Gravenberch,Liverpool FC,Netherlands,,87000000,EUR,2032-06-30
914902,Anthony Gordon,FC Barcelona,England,,67000000,EUR,2031-06-30
917005,Crysencio Summerville,West Ham United,Netherlands,,38000000,EUR,2029-06-30
923973,Amadou Onana,Aston Villa,Belgium,,41000000,EUR,2029-06-30
966837,Mart\u00edn Zubimendi,Arsenal,Spain,,77000000,EUR,2030-06-30
975079,Jo\u00e3o Pedro,Chelsea,Brazil,,74000000,EUR,2033-06-30
982780,Cole Palmer,Chelsea,England,,92000000,EUR,2033-06-30
994363,Bart Verbruggen,Brighton & Hove Albion,Netherlands,,37000000,EUR,2028-06-30
1104986,Alex Scott,Bournemouth,England,,53000000,EUR,2028-06-30
1109771,Adam Wharton,Crystal Palace,England,,74000000,EUR,2029-06-30
1464966,Rayan,Bournemouth,Brazil,,58000000,EUR,2031-06-30
42209,Martin D\u00fabravka,Tottenham Hotspur,Slovakia,,485000,EUR,2027-06-30
138530,Jordan Pickford,Everton,England,,13900000,EUR,2029-06-30
232422,Kepa Arrizabalaga,Arsenal,Spain,,5300000,EUR,2028-06-30
362682,Joachim Andersen,Fulham,Denmark,,21000000,EUR,2029-06-30
547410,Martin \u00d8degaard,Arsenal,Norway,,71000000,EUR,2028-06-30
552884,Jarrod Bowen,West Ham United,England,,29000000,EUR,2030-06-30
824509,Gianluigi Donnarumma,Manchester City,Italy,,46000000,EUR,2030-06-30
827679,Ezri Konsa,Aston Villa,England,,42000000,EUR,2028-06-30
859765,Phil Foden,Manchester City,England,,66000000,EUR,2027-06-30
907072,Mikkel Damsgaard,Brentford,Denmark,,29000000,EUR,2030-06-30
910046,Sven Botman,Newcastle United,Netherlands,,33000000,EUR,2030-06-30
934354,Antoine Semenyo,Manchester City,Ghana,,85000000,EUR,2031-06-30
941168,William Saliba,Arsenal,France,,94000000,EUR,2030-06-30
964753,Senne Lammens,Manchester United,Belgium,,38000000,EUR,2030-06-30
964994,Jo\u0161ko Gvardiol,Manchester City,Croatia,,64000000,EUR,2028-06-30
979563,Jarrad Branthwaite,Everton,England,,41000000,EUR,2030-06-30
1014286,Malick Thiaw,Newcastle United,Germany,,41000000,EUR,2029-06-30
1099795,Melker Ellborg,Sunderland,Sweden,,2800000,EUR,2030-06-30
1156586,James Hill,Bournemouth,England,,24000000,EUR,2029-06-30
1881902,Rio Ngumoha,Liverpool FC,England,,29000000,EUR,2028-06-30
115365,Lewis Dunk,Brighton & Hove Albion,England,,3600000,EUR,2027-06-30
135666,Leandro Trossard,Be\u015fikta\u015f JK,Belgium,,19300000,EUR,
158263,Emiliano Mart\u00ednez,Aston Villa,Argentina,,11500000,EUR,2029-06-30
780014,Nordi Mukiele,Sunderland,France,,15200000,EUR,2029-06-30
788784,Olivier Boscagli,Brighton & Hove Albion,France,,13900000,EUR,2030-06-30
799251,Mathias Jensen,Brentford,Denmark,,10400000,EUR,2027-06-30
803031,Matthijs de Ligt,Manchester United,Netherlands,,32000000,EUR,2029-06-30
814873,Vitaly Janelt,Brentford,Germany,,16600000,EUR,2030-06-30
826134,Trevoh Chalobah,Chelsea,England,,43000000,EUR,2028-06-30
827681,James Justin,Leeds United,England,,12400000,EUR,2029-06-30
843754,Ibrahim Sangar\u00e9,Nottingham Forest,C\u00f4te d'Ivoire,,21000000,EUR,2028-06-30
864921,Eberechi Eze,Arsenal,England,,69000000,EUR,2029-06-30
879349,Pedro Neto,Chelsea,Portugal,,58000000,EUR,2031-06-30
945122,Matheus Nunes,Manchester City,Portugal,,48000000,EUR,2028-06-30
954056,Nico Gonz\u00e1lez,Manchester City,Spain,,43000000,EUR,2029-06-30
985086,Morato,Nottingham Forest,Brazil,,13600000,EUR,2029-06-30
1012928,Robin Roefs,Sunderland,Netherlands,,29000000,EUR,2030-06-30
1088897,Jenson Seelt,Sunderland,Netherlands,,5200000,EUR,2028-06-30
1194333,Abdukodir Khusanov,Manchester City,Uzbekistan,,47000000,EUR,2029-06-30
1199282,Murillo,Nottingham Forest,Brazil,,49000000,EUR,2030-06-30
103335,Bernd Leno,Fulham,Germany,,5500000,EUR,2027-06-30
159665,Mohamed Salah,No team,Egypt,,21000000,EUR,
190877,Kenny Tete,Fulham,Netherlands,,8700000,EUR,2028-06-30
250223,John McGinn,Aston Villa,Scotland,,12600000,EUR,2028-06-30
284417,Freddie Woodman,Liverpool FC,England,,3100000,EUR,2027-06-30
352668,Tosin Adarabioyo,Chelsea,England,,16500000,EUR,2028-06-30
788134,Dean Henderson,Crystal Palace,England,,29000000,EUR,2028-06-30
792122,Josh Cullen,Burnley,Ireland,,4099999,EUR,2027-06-30
865523,Noah Okafor,Leeds United,Switzerland,,27000000,EUR,2029-06-30
865912,Morgan Gibbs-White,Nottingham Forest,England,,67000000,EUR,2028-06-30
870360,Daniel Mu\u00f1oz,Crystal Palace,Colombia,,23000000,EUR,2028-06-30
892673,Sandro Tonali,Tottenham Hotspur,Italy,,74000000,EUR,2032-06-30
920546,Robert S\u00e1nchez,Chelsea,Spain,,19900000,EUR,2030-06-30
958959,Jurri\u00ebn Timber,Arsenal,Netherlands,,73000000,EUR,2028-06-30
984014,Enzo Le F\u00e9e,Sunderland,France,,26000000,EUR,2029-06-30
1016907,Igor Thiago,Brentford,Brazil,,68000000,EUR,2031-06-30
1048422,Hugo Ekitik\u00e9,Liverpool FC,France,,77000000,EUR,2031-06-30
1397168,Patrick Dorgu,Manchester United,Denmark,,33000000,EUR,2030-06-30
1400650,Lewis Miley,Newcastle United,England,,27000000,EUR,2032-06-30
1445799,Ayden Heaven,Manchester United,England,,32000000,EUR,2029-06-30
94758,Ben Davies,Tottenham Hotspur,Wales,,2800000,EUR,2027-06-30
98427,Sam Johnstone,Wolverhampton,England,,2100000,EUR,2028-06-30
110846,Michael Keane,Everton,England,,2800000,EUR,2027-06-30
149380,Harry Maguire,Manchester United,England,,8600000,EUR,2027-06-30
162653,Nick Pope,Newcastle United,England,,4800000,EUR,2027-06-30
581310,David Raya,Arsenal,Spain,,33000000,EUR,2028-06-30
800417,Ola Aina,Nottingham Forest,Nigeria,,16399999,EUR,2028-06-30
847030,Noussair Mazraoui,Manchester United,Morocco,,17500000,EUR,2028-06-30
862967,Cody Gakpo,Liverpool FC,Netherlands,,58000000,EUR,2030-06-30
879674,Maxence Lacroix,Crystal Palace,France,,54000000,EUR,2029-06-30
886930,Jaka Bijol,Leeds United,Slovenia,,18500000,EUR,2030-06-30
913654,Pedro Porro,Tottenham Hotspur,Spain,,32000000,EUR,2031-06-30
927356,Neco Williams,Nottingham Forest,Wales,,26000000,EUR,2029-06-30
931278,Rayan A\u00eft-Nouri,Manchester City,Algeria,,39000000,EUR,2030-06-30
971037,Amad Diallo,Manchester United,C\u00f4te d'Ivoire,,44000000,EUR,2030-06-30
997183,Xavi Simons,Tottenham Hotspur,Netherlands,,43000000,EUR,2030-06-30
1002837,Piero Hincapi\u00e9,Arsenal,Ecuador,,46000000,EUR,2031-06-30
1020141,Nathan Patterson,Everton U21,Scotland,,16300000,EUR,2027-06-30
1144630,Cristhian Mosquera,Arsenal,Spain,,38000000,EUR,2030-06-30
1899647,Mateus Man\u00e9,Wolverhampton,Portugal,,18500000,EUR,2029-06-30
555386,Ollie Watkins,Aston Villa,England,,26000000,EUR,2028-06-30
793167,Sander Berge,Fulham,Norway,,26000000,EUR,2029-06-30
822470,Samuel Chukwueze,AC Milan,Nigeria,,18500000,EUR,2028-06-30
836694,Mason Mount,Manchester United,England,,23000000,EUR,2028-06-30
864169,Pau Torres,Aston Villa,Spain,,21000000,EUR,2028-06-30
866191,Sean Longstaff,Leeds United,England,,14400000,EUR,2029-06-30
867442,Callum Hudson Odoi,Nottingham Forest,England,,32000000,EUR,2028-06-30
868715,Jorge Cuenca,Fulham,Spain,,8600000,EUR,2028-06-30
882604,\u0110or\u0111e Petrovi\u0107,Bournemouth,Serbia,,29000000,EUR,2030-06-30
905163,Mohammed Kudus,Tottenham Hotspur,Ghana,,54000000,EUR,2031-06-30
914309,Iliman Ndiaye,Everton,Senegal,,53000000,EUR,2029-06-30
931844,Chris Richards,Crystal Palace,USA,,25000000,EUR,2027-06-30
957602,Riccardo Calafiori,Arsenal,Italy,,53000000,EUR,2029-06-30
996911,Levi Colwill,Chelsea,England,,55000000,EUR,2029-06-30
997152,Maxim De Cuyper,Brighton & Hove Albion,Belgium,,21000000,EUR,2030-06-30
1031251,Anton\u00edn Kinsk\u00fd,Tottenham Hotspur,Czechia,,15700000,EUR,2031-06-30
1106451,Dango Ouattara,Brentford,Burkina Faso,,36000000,EUR,2030-06-30
1137431,Michael Kayode,Brentford,Italy,,39000000,EUR,2030-06-30
1142175,Kobbie Mainoo,Manchester United,England,,72000000,EUR,2031-06-30
1142703,Nico O'Reilly,Manchester City,England,,76000000,EUR,2030-06-30
98435,Ross Barkley,Aston Villa,England,,3600000,EUR,2027-06-30
331209,Bernardo Silva,Real Madrid,Portugal,,21000000,EUR,2028-06-30
548188,Lewis Cook,Bournemouth,England,,11600000,EUR,2028-06-30
553606,Guglielmo Vicario,Tottenham Hotspur,Italy,,17300000,EUR,2028-06-30
783126,Emiliano Buend\u00eda,Aston Villa,Argentina,,14600000,EUR,2027-06-30
794338,Daichi Kamada,Crystal Palace,Japan,,10300000,EUR,2027-06-30
803174,Antonee Robinson,Fulham,USA,,24000000,EUR,2028-06-30
840217,Richarlison,Tottenham Hotspur,Brazil,,24000000,EUR,2027-06-30
843200,Diogo Dalot,Manchester United,Portugal,,28000000,EUR,2028-06-30
924378,Sepp van den Berg,Brentford,Netherlands,,33000000,EUR,2029-06-30
927353,Curtis Jones,Liverpool FC,England,,33000000,EUR,2027-06-30
948261,Morgan Rogers,Aston Villa,England,,86000000,EUR,2031-06-30
958878,Daniel Ballard,Sunderland,Northern Ireland,,22000000,EUR,2029-06-30
966547,Noni Madueke,Arsenal,England,,54000000,EUR,2030-06-30
984624,Y\u00e9remy Pino,Crystal Palace,Spain,,27000000,EUR,2030-06-30
996910,Bashir Humphreys,Burnley,England,,13100000,EUR,2029-06-30
1013842,Emmanuel Agbadou,Be\u015fikta\u015f JK,C\u00f4te d'Ivoire,,16500000,EUR,2030-06-30
1019322,Florian Wirtz,Liverpool FC,Germany,,95000000,EUR,2030-06-30
1105779,Andrey Santos,Manchester United,Brazil,,39000000,EUR,2031-06-30
1400106,Yankuba Minteh,Brighton & Hove Albion,Gambia,,42000000,EUR,2029-06-30
82566,Tom Cairney,Fulham,Scotland,,530000,EUR,2027-06-30
219572,Jo\u00ebl Veltman,No team,Netherlands,,1500000,EUR,
252669,Jos\u00e9 S\u00e1,Wolverhampton,Portugal,,3300000,EUR,2027-06-30
361420,Dominic Solanke,Tottenham Hotspur,England,,31000000,EUR,2030-06-30
592010,Mikel Merino,Arsenal,Spain,,26000000,EUR,2028-06-30
794953,Kevin Danso,Tottenham Hotspur,Austria,,19400000,EUR,2030-06-30
800419,Tyler Adams,Bournemouth,USA,,26000000,EUR,2028-06-30
805137,Omar Alderete,Sunderland,Paraguay,,13800000,EUR,2029-06-30
833956,Matty Cash,Aston Villa,Poland,,19800000,EUR,2029-06-30
845286,Isma\u00efla Sarr,Crystal Palace,Senegal,,38000000,EUR,2029-06-30
846036,Ben White,Arsenal,England,,27000000,EUR,2028-06-30
867887,Douglas Luiz,Juventus,Brazil,,19200000,EUR,2029-06-30
871765,Nicol\u00e1s Dom\u00ednguez,Nottingham Forest,Argentina,,13800000,EUR,2028-06-30
893549,Tijjani Reijnders,Manchester City,Netherlands,,48000000,EUR,2030-06-30
923894,Wesley Fofana,Chelsea,France,,29000000,EUR,2029-06-30
927083,Bryan Mbeumo,Manchester United,Cameroon,,73000000,EUR,2030-06-30
1035996,Andr\u00e9,Wolverhampton,Brazil,,26000000,EUR,2030-06-30
1136730,Lewis Hall,Newcastle United,England,,38000000,EUR,2029-06-30
1184308,\u00c1lex Jim\u00e9nez,Fiorentina,Spain,,19900000,EUR,2027-06-30
1471671,Jaydee Canvot,Crystal Palace,France,,25000000,EUR,2029-06-30
42694,Jordan Henderson,Brentford,England,,1300000,EUR,2027-06-30
96531,Alphonse Ar\u00e9ola,West Ham United,France,,3700000,EUR,2027-06-30
106337,Idrissa Gana Gueye,No team,Senegal,,485000,EUR,
136710,Mateo Kova\u010di\u0107,Manchester City,Croatia,,9700000,EUR,2027-06-30
161717,James Ward-Prowse,West Ham United,England,,4500000,EUR,2027-06-30
243609,Alisson,Liverpool FC,Brazil,,16500000,EUR,2027-06-30
365802,Harrison Reed,Fulham,England,,2100000,EUR,2027-06-30
825844,Ferdi Kad\u0131o\u011flu,Brighton & Hove Albion,T\u00fcrkiye,,36000000,EUR,2028-06-30
836168,Nikola Milenkovi\u0107,Nottingham Forest,Serbia,,26000000,EUR,2029-06-30
856739,Lutsharel Geertruida,RB Leipzig,Netherlands,,22000000,EUR,2029-06-30
861972,Calvin Bassey,Fulham,Nigeria,,29000000,EUR,2027-06-30
875137,Zian Flemming,Burnley,Netherlands,,12600000,EUR,2029-06-30
895576,Marcus Tavernier,Bournemouth,England,,23000000,EUR,2029-06-30
936849,Kaoru Mitoma,Brighton & Hove Albion,Japan,,20000000,EUR,2027-06-30
988275,Tyrick Mitchell,Crystal Palace,England,,23000000,EUR,2027-06-30
1089582,Freddie Potts,West Ham United,England,,10400000,EUR,2029-06-30
1110006,D\u00e1rio Essugo,Chelsea,Portugal,,13900000,EUR,2033-06-30
1122603,William Osula,Newcastle United,Denmark,,26000000,EUR,2029-06-30
1426228,Eli Junior Kroupi,Bournemouth,France,,72000000,EUR,2030-06-30
78152,Matz Sels,Nottingham Forest,Belgium,,3700000,EUR,2028-06-30
149663,Nathan Ak\u00e9,Fenerbah\u00e7e,Netherlands,,10900000,EUR,
193554,Will Hughes,Crystal Palace,England,,4600000,EUR,2027-06-30
560128,Joelinton,Newcastle United,Brazil,,27000000,EUR,2028-06-30
836675,Pascal Struijk,Brighton & Hove Albion,Netherlands,,23000000,EUR,2031-06-30
845273,Jean-Ricner Bellegarde,Wolverhampton,Haiti,,17600000,EUR,2028-06-30
856640,Mads Hermansen,West Ham United,Denmark,,15500000,EUR,2030-06-30
980634,Tino Livramento,Newcastle United,England,,44000000,EUR,2028-06-30
999028,Adrien Truffert,Bournemouth,France,,28000000,EUR,2030-06-30
1002711,Pape Matar Sarr,Tottenham Hotspur,Senegal,,28000000,EUR,2030-06-30
1015267,Jo\u00e3o Gomes,Wolverhampton,Brazil,,36000000,EUR,2030-06-30
1020680,Jaidon Anthony,Brentford,England,,19400000,EUR,2030-06-30
1036269,Yasin Ayari,Brighton & Hove Albion,Sweden,,32000000,EUR,2027-06-30
1065216,Oscar Bobb,Fulham,Norway,,27000000,EUR,2031-06-30
1112879,Kevin,Fulham,Brazil,,26000000,EUR,2030-06-30
1135873,Alejandro Garnacho,Chelsea,Argentina,,26000000,EUR,2032-06-30
1171539,Noah Sadiki,Sunderland,DR Congo,,37000000,EUR,2030-06-30
1406130,Veljko Milosavljevi\u0107,Bournemouth,Serbia,,18600000,EUR,2030-06-30
1469007,Rio Cardines,Crystal Palace,Trinidad and Tobago,,290000,EUR,2028-06-30
1917626,Max Dowman,Arsenal,England,,31000000,EUR,
96538,Lucas Digne,Aston Villa,France,,5500000,EUR,2028-06-30
218160,Bertrand Traor\u00e9,No team,Burkina Faso,,3800000,EUR,
799041,Tom\u00e1\u0161 Sou\u010dek,West Ham United,Czechia,,9700000,EUR,2027-06-30
826167,Sebastiaan Bornauw,Leeds United,Belgium,,7800000,EUR,2029-06-30
827243,Axel Disasi,Chelsea,France,,15500000,EUR,2029-06-30
846308,Santiago Bueno,Wolverhampton,Uruguay,,9200000,EUR,2028-06-30
848276,Jean-Philippe Mateta,Crystal Palace,France,,29000000,EUR,2027-06-30
855647,Harvey Barnes,Newcastle United,England,,35000000,EUR,2028-06-30
958916,Nathan Collins,Brentford,Ireland,,29000000,EUR,2029-06-30
962053,Filip J\u00f8rgensen,Chelsea,Denmark,,14600000,EUR,2031-06-30
986397,Benjamin \u0160e\u0161ko,Manchester United,Slovenia,,78000000,EUR,2030-06-30
989034,Trai Hume,Sunderland,Northern Ireland,,20000000,EUR,2030-06-30
991478,Amine Adli,Bournemouth,Morocco,,18100000,EUR,2030-06-30
1006387,Kevin Schade,Brentford,Germany,,36000000,EUR,2028-06-30
1031258,Yehor Yarmoliuk,Brentford,Ukraine,,30000000,EUR,2031-06-30
1046795,Savinho,Manchester City,Brazil,,37000000,EUR,2031-06-30
1065588,Diego G\u00f3mez,Brighton & Hove Albion,Paraguay,,27000000,EUR,2030-06-30
1085950,Tim Iroegbunam,Everton,England,,18500000,EUR,2027-06-30
1090963,Omari Hutchinson,Nottingham Forest,England,,28000000,EUR,2030-06-30
1597265,Est\u00eav\u00e3o,Chelsea,Brazil,,82000000,EUR,2033-06-30
287643,Oleksandr Zinchenko,No team,Ukraine,,8199999,EUR,
322391,Ryan Christie,Bournemouth,Scotland,,8600000,EUR,2029-06-30
329417,Timothy Castagne,Fulham,Belgium,,7600000,EUR,2027-06-30
355796,Jefferson Lerma,Crystal Palace,Colombia,,5500000,EUR,2027-06-30
372336,Jacob Murphy,Newcastle United,England,,11000000,EUR,2027-06-30
791190,Rodrigo Bentancur,Tottenham Hotspur,Uruguay,,19300000,EUR,2029-06-30
836705,Kai Havertz,Arsenal,Germany,,53000000,EUR,2028-06-30
855864,Ethan Pinnock,Brentford,Jamaica,,2800000,EUR,2027-06-30
871886,Ao Tanaka,Leeds United,Japan,,14000000,EUR,2028-06-30
873554,Omar Marmoush,Manchester City,Egypt,,55000000,EUR,2029-06-30
877013,Valent\u00edn Castellanos,West Ham United,Argentina,,29000000,EUR,2030-06-30
891829,Matt O'Riley,Brighton & Hove Albion,Denmark,,16500000,EUR,2029-06-30
959628,Mats Wieffer,Brighton & Hove Albion,Netherlands,,24000000,EUR,2029-06-30
973431,Brenden Aaronson,Leeds United,USA,,23000000,EUR,2027-06-30
998247,Micky van de Ven,Tottenham Hotspur,Netherlands,,49000000,EUR,2029-06-30
1009386,Hannibal Mejbri,Burnley,Tunisia,,15700000,EUR,2028-06-30
1069488,Rom\u00e9o Lavia,Chelsea,Belgium,,21000000,EUR,2030-06-30
1170560,Soungoutou Magassa,West Ham United,France,,18400000,EUR,2031-06-30
1401702,Ethan Nwaneri,Arsenal,England,,34000000,EUR,2030-06-30
1471764,El Hadji Malick Diouf,West Ham United,Senegal,,29000000,EUR,2030-06-30
69256,Kieran Trippier,Wolverhampton,England,,1400000,EUR,2028-06-30
143040,Wataru Endo,Liverpool FC,Japan,,3700000,EUR,2027-06-30
190839,Luke Shaw,Manchester United,England,,7500000,EUR,2027-06-30
262911,Andy Robertson,Tottenham Hotspur,Scotland,,7500000,EUR,2030-06-30
356398,James Maddison,Tottenham Hotspur,England,,19400000,EUR,2028-06-30
846252,Ryan Yates,Nottingham Forest,England,,7200000,EUR,2028-06-30
856250,Ladislav Krej\u010d\u00ed,Wolverhampton,Czechia,,21000000,EUR,2030-06-30
867441,Angel Gomes,Olympique de Marseille,England,,10800000,EUR,2028-06-30
895324,Alexis Mac Allister,Liverpool FC,Argentina,,77000000,EUR,2028-06-30
911679,Ilia Gruev,Leeds United,Bulgaria,,11000000,EUR,2027-06-30
930997,Giorgi Mamardashvili,Liverpool FC,Georgia,,29000000,EUR,2031-06-30
970361,Jeremie Frimpong,Liverpool FC,Netherlands,,36000000,EUR,2030-06-30
1048888,Mathys Tel,Tottenham Hotspur,France,,23000000,EUR,2031-06-30
1048916,Lesley Ugochukwu,Galatasaray,France,,21000000,EUR,2027-06-30
1050692,Diego Coppola,Paris FC,Italy,,19700000,EUR,2031-06-30
1125214,Alex Murphy,Newcastle United,Ireland,,1600000,EUR,2028-06-30
1126692,Antoni Milambo,Brentford,Netherlands,,15500000,EUR,2030-06-30
1416535,Charalampos Kostoulas,Brighton & Hove Albion,Greece,,27000000,EUR,2030-06-30
1913038,Jun'ai Byfield,Tottenham U21,England,,3200000,EUR,2027-06-30
2138729,Jocelin Ta Bi,Sunderland,C\u00f4te d'Ivoire,,2600000,EUR,2030-06-30
33902,Danny Welbeck,Brighton & Hove Albion,England,,3100000,EUR,2027-06-30
192442,Ra\u00fal Jim\u00e9nez,Wolverhampton,Mexico,,3200000,EUR,2028-06-30
372344,Dominic Calvert-Lewin,Leeds United,England,,24000000,EUR,2028-06-30
795066,Marcus Edwards,Burnley,England,,6600000,EUR,2029-06-30
803185,Lukas Nmecha,Leeds United,Germany,,9100000,EUR,2027-06-30
828640,Joe Rodon,Leeds United,Wales,,18800000,EUR,2028-06-30
846425,Manuel Ugarte,Manchester United,Uruguay,,24000000,EUR,2029-06-30
851100,Jadon Sancho,No team,England,,17500000,EUR,
855845,Florentino Lu\u00eds,Burnley,Portugal,,15500000,EUR,
876643,Vitaliy Mykolenko,Everton,Ukraine,,26000000,EUR,2029-06-30
904970,Conor Gallagher,Tottenham Hotspur,England,,31000000,EUR,2031-06-30
975937,Jacob Ramsey,Newcastle United,England,,36000000,EUR,2030-06-30
979144,Luca Netz,Nottingham Forest,Germany,,7700000,EUR,2030-06-30
980623,Nick Woltemade,Newcastle United,Germany,,59000000,EUR,2031-06-30
998253,Jake O'Brien,Everton,Ireland,,16500000,EUR,2028-06-30
1008456,Oliver Sonne,Burnley,Peru,,4099999,EUR,2029-06-30
1013928,Hugo Bueno,Wolverhampton,Spain,,13000000,EUR,2028-06-30
1128532,Habib Diarra,Sunderland,Senegal,,37000000,EUR,2030-06-30
1550775,Jesse Derry,Sporting CP,England,,1900000,EUR,2027-06-30
113956,Callum Wilson,Brentford,England,,4300000,EUR,2027-06-30
143334,Victor Lindel\u00f6f,Aston Villa,Sweden,,4800000,EUR,2027-06-30
303638,Tyrone Mings,Aston Villa,England,,3200000,EUR,2027-06-30
371222,Sa\u0161a Luki\u0107,Fulham,Serbia,,9400000,EUR,2027-06-30
794939,Marc Cucurella,Real Madrid,Spain,,52000000,EUR,2032-06-30
803039,Donyell Malen,AS Roma,Netherlands,,48000000,EUR,2030-06-30
823085,Kyle Walker-Peters,West Ham United,England,,11200000,EUR,2028-06-30
831424,Reinildo Mandava,Sunderland,Mozambique,,4099999,EUR,2027-06-30
839410,Aaron Ramsdale,Southampton,England,,12600000,EUR,2028-06-30
855731,David Brooks,Bournemouth,Wales,,11000000,EUR,2029-06-30
867445,Emile Smith Rowe,Fulham,England,,18300000,EUR,2029-06-30
875360,Hjalmar Ekdal,Burnley,Sweden,,4700000,EUR,2027-06-30
904827,Beno\u00eet Badiashile,Chelsea,France,,14500000,EUR,2030-06-30
962364,Lorenzo Lucca,SSC Napoli,Italy,,22000000,EUR,2030-06-30
972421,Keane Lewis-Potter,Brentford,England,,24000000,EUR,2031-06-30
991604,Fabio Carvalho,Brentford,Portugal,,7800000,EUR,2029-06-30
1136731,Rico Lewis,Manchester City,England,,26000000,EUR,2030-06-30
1142315,Jack Hinshelwood,Brighton & Hove Albion,England,,27000000,EUR,2029-06-30
1153315,Leny Yoro,Manchester United,France,,46000000,EUR,2029-06-30
1423711,Myles Lewis-Skelly,Arsenal,England,,48000000,EUR,2030-06-30
174975,Arthur Masuaku,Sunderland,DR Congo,,1900000,EUR,2027-06-30
834308,Gabriel Gudmundsson,Leeds United,Sweden,,21000000,EUR,2029-06-30
877980,Wilson Isidor,Sunderland,Haiti,,18500000,EUR,2028-06-30
885864,Frank Onyeka,Coventry City,Nigeria,,7700000,EUR,2030-06-30
894733,Marshall Munetsi,Wolverhampton,Zimbabwe,,15500000,EUR,2028-06-30
944327,Dan Ndoye,Nottingham Forest,Switzerland,,31000000,EUR,2030-06-30
946695,Georginio Rutter,Brighton & Hove Albion,France,,31000000,EUR,2028-06-30
954044,Ki-Jana Hoever,Wolverhampton,Netherlands,,3300000,EUR,2027-06-30
996958,Malo Gusto,Chelsea,France,,36000000,EUR,2030-06-30
1008402,Conor Bradley,Liverpool FC,Northern Ireland,,27000000,EUR,2029-06-30
1014835,Yerson Mosquera,Wolverhampton,Colombia,,13000000,EUR,2030-06-30
1014987,Dennis Cirkin,No team,Latvia,,5600000,EUR,
1117223,Maxime Est\u00e8ve,RB Leipzig,France,,26000000,EUR,2031-06-30
1140599,Jamie Gittens,Chelsea,England,,29000000,EUR,2032-06-30
1170722,Jair,Nottingham Forest,Brazil,,15500000,EUR,2030-06-30
1198075,Brajan Gruda,RB Leipzig,Germany,,29000000,EUR,2027-06-30
1199043,Carlos Baleba,Brighton & Hove Albion,Cameroon,,53000000,EUR,2028-06-30
1394089,Chris Rigg,Sunderland,England,,24000000,EUR,2030-06-30
1465865,Shea Lacey,Manchester United,England,,5200000,EUR,2029-06-30
1627560,Harrison Armstrong,Everton,England,,12400000,EUR,2028-06-30
359664,Taiwo Awoniyi,Nottingham Forest,Nigeria,,7600000,EUR,2027-06-30
365812,Luke O'Nien,Sunderland,England,,660000,EUR,2027-06-30
576384,Kristoffer Ajer,Brentford,Norway,,19500000,EUR,2030-06-30
609752,Guido Rodr\u00edguez,Valencia,Argentina,,4200000,EUR,2028-06-30
804508,Viktor Gy\u00f6keres,Arsenal,Sweden,,61000000,EUR,2030-06-30
858194,Eddie Nketiah,Crystal Palace,England,,10300000,EUR,2029-06-30
910048,Brian Brobbey,Sunderland,Netherlands,,32000000,EUR,2029-06-30
922573,Gabriel Martinelli,Arsenal,Brazil,,42000000,EUR,2027-06-30
929132,Jayden Bogle,Leeds United,England,,16000000,EUR,2028-06-30
935543,Dwight McNeil,Everton,England,,18800000,EUR,2027-06-30
962408,Bafod\u00e9 Diakit\u00e9,Bournemouth,France,,23000000,EUR,2030-06-30
987489,Beto,Everton,Guinea-Bissau,,19300000,EUR,2027-06-30
998490,Evanilson,Bournemouth,Brazil,,33000000,EUR,2029-06-30
998951,Wilfried Gnonto,Leeds United,Italy,,17300000,EUR,2028-06-30
1006073,Rodrigo Gomes,Wolverhampton,Portugal,,14600000,EUR,2029-06-30
1085180,Brennan Johnson,Crystal Palace,Wales,,32000000,EUR,2030-06-30
1142675,Chemsdine Talbi,Sunderland,Morocco,,23000000,EUR,2030-06-30
1155321,Stefanos Tzimas,Brighton & Hove Albion,Greece,,18500000,EUR,2030-06-30
1523623,Mohamadou Kant\u00e9,West Ham United,France,,905000,EUR,2031-06-30
1546231,Joshua King,Fulham,England,,26000000,EUR,2029-06-30
44614,Kyle Walker,Burnley,England,,1400000,EUR,2027-06-30
361352,Adam Armstrong,Wolverhampton,England,,6500000,EUR,2029-06-30
610766,Tammy Abraham,Aston Villa,England,,16500000,EUR,2030-06-30
795228,Odsonne \u00c9douard,RC Lens,France,,11300000,EUR,2028-06-30
825719,Issa Diop,Fulham,Morocco,,8199999,EUR,2027-06-30
825839,Tyrell Malacia,No team,Netherlands,,4200000,EUR,
828639,Daniel James,Leeds United,Wales,,10600000,EUR,2029-06-30
863653,Aaron Wan-Bissaka,West Ham United,DR Congo,,14100000,EUR,2031-06-30
966869,Aaron Hickey,Brentford,Scotland,,16500000,EUR,2028-06-30
1005725,Tawanda Chirewa,Wolverhampton,Zimbabwe,,440000,EUR,2027-06-30
1010220,Nicol\u00f2 Savona,Nottingham Forest,Italy,,14600000,EUR,2030-06-30
1011895,Jota Silva,Olympiacos FC,Portugal,,10700000,EUR,2027-06-30
1031283,David M\u00f8ller Wolfe,Wolverhampton,Norway,,7300000,EUR,2030-06-30
1097425,Milo\u0161 Kerkez,Liverpool FC,Hungary,,36000000,EUR,2030-06-30
1142182,Tyler Fredricson,Manchester United,England,,2800000,EUR,2028-06-30
1142679,Wilson Odobert,Tottenham Hotspur,France,,18500000,EUR,2029-06-30
1391251,Lucas Bergvall,Tottenham Hotspur,Sweden,,36000000,EUR,2031-06-30
1402850,Tyler Fletcher,Manchester United,Scotland,,1600000,EUR,2027-06-30
1403190,Callum Olusesi,Tottenham U21,England,,4800000,EUR,2028-06-30
1410178,Jamaldeen Jimoh,Aston Villa U21,England,,545000,EUR,
50480,Chris Wood,Nottingham Forest,New Zealand,,5200000,EUR,2027-06-30
301288,Solly March,No team,England,,1000000,EUR,
794839,Gabriel Jesus,Arsenal,Brazil,,17600000,EUR,2027-06-30
808590,Leon Bailey,Aston Villa,Jamaica,,13100000,EUR,2027-06-30
815890,Altay Bay\u0131nd\u0131r,Manchester United,T\u00fcrkiye,,4900000,EUR,2027-06-30
844842,Yves Bissouma,No team,Mali,,9200000,EUR,
845386,Federico Chiesa,Liverpool FC,Italy,,11900000,EUR,2028-06-30
845464,Andy Irving,AC Sparta Praha,Scotland,,4800000,EUR,2029-06-30
871290,Lucas Perri,Leeds United,Brazil,,9200000,EUR,2029-06-30
945798,Djed Spence,Tottenham Hotspur,England,,31000000,EUR,2029-06-30
964106,Dan Neil,Rangers,England,,4800000,EUR,2029-05-31
979232,Anthony Elanga,Newcastle United,Sweden,,31000000,EUR,2030-06-30
981619,Igor Jesus,Nottingham Forest,Brazil,,26000000,EUR,2029-06-30
1089388,Lamare Bogarde,Aston Villa,Netherlands,,17500000,EUR,2028-06-30
1142335,Archie Gray,Tottenham Hotspur,England,,34000000,EUR,2030-06-30
1398204,George Hemmings,Aston Villa U21,England,,860000,EUR,
1403050,Josh Acheampong,Chelsea,England,,24000000,EUR,2029-06-30
1403061,Tyrique George,Everton,England,,21000000,EUR,2030-06-30
1586020,Romelle Donovan,Sheffield United,England,,3700000,EUR,2027-05-31
1631879,Alysson,Aston Villa,Brazil,,10800000,EUR,2031-06-30
43215,Nathaniel Clyne,Crystal Palace,England,,280000,EUR,
99090,Dan Burn,Newcastle United,England,,4099999,EUR,2027-06-30
135256,Christian N\u00f8rgaard,Arsenal,Denmark,,4800000,EUR,2027-06-30
152077,John Stones,No team,England,,10900000,EUR,
786186,Hwang Hee-chan,Wolverhampton,South Korea,,5500000,EUR,2028-06-30
823941,Alexander Isak,Liverpool FC,Sweden,,88000000,EUR,2031-06-30
826139,Reiss Nelson,Arsenal,England,,8800000,EUR,2027-06-30
829570,Jack Harrison,Leeds United,England,,7000000,EUR,2028-06-30
836698,Ryan Sessegnon,Fulham,England,,21000000,EUR,2027-06-30
838399,Joe Worrall,Burnley,England,,1900000,EUR,2028-06-30
976263,Ian Maatsen,Aston Villa,Netherlands,,28000000,EUR,2030-06-30
987734,Tolu Arokodare,Wolverhampton,Nigeria,,18200000,EUR,2029-06-30
1004505,Loum Tchaouna,Coventry City,France,,13800000,EUR,2031-06-30
1064218,Chadi Riad,Crystal Palace,Morocco,,14600000,EUR,2029-06-30
1150952,Oliver Scarles,West Ham United,England,,9100000,EUR,2028-06-30
1174472,Tyler Dibling,Everton,England,,15700000,EUR,2029-06-30
1402726,Jack Fletcher,Manchester United,England,,1600000,EUR,2027-06-30
1438837,Romain Esse,Crystal Palace,England,,10900000,EUR,2030-06-30
1597270,Pedro Lima,Wolverhampton,Brazil,,3900000,EUR,2029-06-30
1652590,Ezra Mayers,West Ham United,England,,1800000,EUR,2028-06-30
76632,S\u00e9amus Coleman,No team,Ireland,,220000,EUR,
100390,Marco Bizot,Aston Villa,Netherlands,,1400000,EUR,2027-06-30
143047,Matt Doherty,No team,Ireland,,1000000,EUR,
817979,Axel Tuanzebe,No team,DR Congo,,4600000,EUR,
851596,Justin Kluivert,Bournemouth,Netherlands,,24000000,EUR,2028-06-30
856260,Josh Dasilva,Brentford,England,,1500000,EUR,2027-06-30
888550,Joe Willock,Newcastle United,England,,14500000,EUR,2027-06-30
894474,Max Kilman,West Ham United,England,,12600000,EUR,2031-06-30
930245,Evann Guessand,Aston Villa,C\u00f4te d'Ivoire,,24000000,EUR,2030-06-30
945217,Jean-Clair Todibo,West Ham United,France,,24000000,EUR,2029-06-30
963298,Dilane Bakwa,Nottingham Forest,France,,26000000,EUR,2030-06-30
983572,Destiny Udogie,Tottenham Hotspur,Italy,,28000000,EUR,2030-06-30
1003334,James McAtee,Nottingham Forest,England,,16200000,EUR,2030-06-30
1015256,Rodrigo Muniz,Fulham,Brazil,,22000000,EUR,2030-06-30
1064082,Merlin R\u00f6hl,Everton,Germany,,14700000,EUR,2029-06-30
1096210,Jackson Tchatchoua,Wolverhampton,Cameroon,,13200000,EUR,2030-06-30
1117025,Facundo Buonanotte,Brighton & Hove Albion,Argentina,,10900000,EUR,2028-06-30
1136896,Lucas Pires,Burnley,Brazil,,4300000,EUR,2028-06-30
1153079,Jorrel Hato,Chelsea,Netherlands,,41000000,EUR,2032-06-30
1395746,Thierno Barry,Everton,France,,31000000,EUR,2029-06-30
44566,Adam Smith,Bournemouth,England,,310000,EUR,2027-06-30
227946,Angus Gunn,San Jose Earthquakes,Scotland,,1100000,EUR,2030-06-30
286165,Adama Traor\u00e9,No team,Spain,,5700000,EUR,
318927,Joe Gomez,Liverpool FC,England,,12600000,EUR,2027-06-30
809276,Jacob Bruun Larsen,Burnley,Denmark,,4400000,EUR,2029-06-30
892924,Hamed Junior Traor\u00e8,Genoa,C\u00f4te d'Ivoire,,14100000,EUR,2027-06-30
917007,Joshua Zirkzee,Manchester United,Netherlands,,21000000,EUR,2029-06-30
955245,Harvey Elliott,Liverpool FC,England,,21000000,EUR,2027-06-30
973418,Toti Gomes,Wolverhampton,Portugal,,18700000,EUR,2029-06-30
997103,Radu Dr\u0103gu\u015fin,Fiorentina,Romania,,14800000,EUR,2027-06-30
1017392,Carlos Alcaraz,Everton,Argentina,,14600000,EUR,2027-06-30
1084311,Justin Devenny,Crystal Palace,Northern Ireland,,11500000,EUR,2027-06-30
1094440,Romaine Mundle,Sunderland,England,,6800000,EUR,2028-06-30
1110842,Simon Adingra,Sunderland,C\u00f4te d'Ivoire,,23000000,EUR,2030-06-30
1116571,Nilson Angulo,Sunderland,Ecuador,,16500000,EUR,2030-06-30
1168588,Eliezer Mayenda,Stade Rennais,Spain,,16600000,EUR,2031-06-30
1457536,Andr\u00e9s Garc\u00eda,Getafe,Spain,,6500000,EUR,2027-06-30
1467990,Divine Mukasa,Manchester City U21,England,,4900000,EUR,2030-06-30
1526628,Fer L\u00f3pez,Wolverhampton,Spain,,17500000,EUR,2030-06-30
1545190,Bendito Mantato,Manchester United U21,England,,360000,EUR,
254713,Sam Byram,Leeds United,England,,390000,EUR,
336655,Enes \u00dcnal,Bournemouth,T\u00fcrkiye,,6800000,EUR,2028-06-30
552036,Josh Laurent,Burnley,England,,1500000,EUR,2027-06-30
805123,Yoane Wissa,Newcastle United,DR Congo,,23000000,EUR,2029-06-30
826183,Mike Tr\u00e9sor,Burnley,Belgium,,2100000,EUR,2028-06-30
871706,Randal Kolo Muani,Paris Saint-Germain,France,,18200000,EUR,2028-06-30
901907,Lyle Foster,Burnley,South Africa,,8300000,EUR,2028-06-30
990550,Zeki Amdouni,Burnley,Switzerland,,7600000,EUR,2028-06-30
997087,Liam Delap,Chelsea,England,,26000000,EUR,2031-06-30
998772,Dane Scarlett,Tottenham Hotspur,England,,1400000,EUR,2027-06-30
1016893,Lu\u00eds Guilherme,Sporting CP,Brazil,,12500000,EUR,2030-06-30
1101174,Pablo Felipe,West Ham United,Brazil,,18500000,EUR,2030-06-30
1154861,Ben Gannon-Doak,Bournemouth,Scotland,,14600000,EUR,2030-06-30
1167066,Tom Watson,Brighton & Hove Albion,England,,7500000,EUR,2029-06-30
1392044,Quilindschy Hartman,Espanyol,Netherlands,,15500000,EUR,2027-06-30
1445945,Trey Nyoni,Liverpool FC,England,,8500000,EUR,2030-06-30
1476524,Alex T\u00f3th,Bournemouth,Hungary,,13100000,EUR,2031-06-30
1503757,Jonah Kusi-Asare,Fulham,Sweden,,3300000,EUR,2031-06-30
1884145,Christantus Uche,Getafe,Nigeria,,13200000,EUR,2028-06-30
2007717,Joel Drakes-Thomas,Crystal Palace,England,,1400000,EUR,
27028,Ashley Barnes,No team,England,,145000,EUR,
153444,Jamaal Lascelles,No team,England,,760000,EUR,
357584,Borna Sosa,Crystal Palace,Croatia,,2700000,EUR,2028-06-30
361326,Patrick Roberts,Birmingham City,England,,4099999,EUR,2028-06-30
599128,Rico Henry,Brentford,Jamaica,,13800000,EUR,2027-06-30
842513,Igor J\u00falio,Brighton & Hove Albion,Brazil,,9700000,EUR,2027-06-30
850823,Jo\u00ebl Piroe,Leeds United,Suriname,,9100000,EUR,2027-06-30
876599,J\u00f8rgen Strand Larsen,Crystal Palace,Norway,,41000000,EUR,2030-06-30
954061,Arnaud Kalimuendo,Nottingham Forest,France,,24000000,EUR,2030-06-30
996985,Armando Broja,Burnley,Albania,,4500000,EUR,2030-06-30
1142573,Jaydon Banel,Burnley,Netherlands,,950000,EUR,2029-06-30
1185603,Kaden Rodney,No team,England,,195000,EUR,
1212165,George Earthy,West Ham United,England,,1900000,EUR,2027-06-30
1390490,Zach Abbott,Nottingham Forest,England,,3900000,EUR,2029-06-30
1394099,Callum Marshall,West Ham United,Northern Ireland,,2100000,EUR,2027-06-30
1402787,Shumaira Mheuka,Chelsea U21,England,,2900000,EUR,2027-06-30
1403098,Kaye Furo,Brentford,Belgium,,7600000,EUR,2031-06-30
1627806,Harry Howell,Brighton & Hove Albion U21,England,,7300000,EUR,
1899712,Bradley Burrowes,Aston Villa U18,England,,1800000,EUR,
132645,Niclas F\u00fcllkrug,West Ham United,Germany,,3700000,EUR,2028-06-30
150396,Emil Krafth,No team,Sweden,,810000,EUR,
840103,John Victor,Nottingham Forest,Brazil,,4900000,EUR,2028-06-30
870038,Sa\u0161a Kalajd\u017ei\u0107,Wolverhampton,Austria,,3700000,EUR,2027-06-30
877102,Nayef Aguerd,Olympique de Marseille,Morocco,,15900000,EUR,2030-06-30
965832,Dani C\u00e1rdenas,Rayo Vallecano,Spain,,1700000,EUR,2027-06-30
980649,Myles Peart-Harris,Middlesbrough,England,,875000,EUR,2030-06-30
1005959,H\u00e1kon Rafn Valdimarsson,Brentford,Iceland,,2600000,EUR,2030-06-30
1082734,Angel Fortuno,Espanyol,Spain,,290000,EUR,2030-06-30
1154657,Mamadou Sarr,Chelsea,Senegal,,24000000,EUR,2033-06-30
1201520,Julio Soler,Bournemouth,Argentina,,8300000,EUR,2029-06-30
1402912,Lamine Yamal,FC Barcelona,Spain,,215000000,EUR,2031-06-30
1403130,James Rowswell,Tottenham U21,England,,1000000,EUR,
1414933,Marc Guiu,Chelsea,Spain,,11200000,EUR,2029-06-30
1482340,Souza,Tottenham Hotspur,Brazil,,12400000,EUR,2031-06-30
1565348,Joe Knight,Stevenage,England,,105000,EUR,
1899611,Nehemiah Oriola,Brighton & Hove Albion U21,England,,195000,EUR,2029-06-30
2007889,Ben Winterburn,Bournemouth,England,,320000,EUR,2027-06-30
99516,Aitor Fern\u00e1ndez,Osasuna,Spain,,465000,EUR,2027-06-30
134029,Mathew Ryan,No team,Australia,,1700000,EUR,
368922,Aar\u00f3n Escandell,Real Oviedo,Spain,,2900000,EUR,2027-06-30
556884,Mat\u00edas Dituro,Elche,Argentina,,105000,EUR,2027-06-30
593526,Nicolas P\u00e9p\u00e9,Villarreal,C\u00f4te d'Ivoire,,6600000,EUR,2028-06-30
795222,Frenkie de Jong,FC Barcelona,Netherlands,,32000000,EUR,2029-06-30
822519,\u00c9der Milit\u00e3o,Real Madrid,Brazil,,21000000,EUR,2028-06-30
826643,Kylian Mbapp\u00e9,Real Madrid,France,,191000000,EUR,2029-06-30
831005,Raphinha,FC Barcelona,Brazil,,63000000,EUR,2028-06-30
831808,Federico Valverde,Real Madrid,Uruguay,,87000000,EUR,2029-06-30
868812,Vin\u00edcius J\u00fanior,Real Madrid,Brazil,,146000000,EUR,2027-06-30
930267,Joan Garc\u00eda,FC Barcelona,Spain,,46000000,EUR,2031-06-30
991011,Jude Bellingham,Real Madrid,England,,123000000,EUR,2029-06-30
991421,Azzedine Ounahi,Girona FC,Morocco,,10300000,EUR,2030-06-30
992587,Pedri,FC Barcelona,Spain,,164000000,EUR,2030-06-30
1011375,Abdessamad Ezzalzouli,Real Betis,Morocco,,43000000,EUR,2029-06-30
1094782,Unai Marrero,Real Sociedad,Spain,,1100000,EUR,2030-06-30
1176744,Dean Huijsen,Real Madrid,Spain,,66000000,EUR,2030-06-30
1464652,\u00c1lvaro Cort\u00e9s,FC Barcelona,Spain,,3600000,EUR,2028-06-30
1544428,Iker Luque,Atl\u00e9tico Madrile\u00f1o,Spain,,2200000,EUR,2028-06-30
69768,Jan Oblak,Atl\u00e9tico Madrid,Slovenia,,16000000,EUR,2028-06-30
84539,Koke,Atl\u00e9tico Madrid,Spain,,4600000,EUR,2027-06-30
94527,Marko Dmitrovi\u0107,Espanyol,Serbia,,650000,EUR,2028-06-30
146866,Gerard Moreno,Villarreal,Spain,,2400000,EUR,2027-06-30
286167,Aleix Febas,Celta Vigo,Spain,,5200000,EUR,2029-06-30
310874,Vedat Muriqi,Fenerbah\u00e7e,Kosovo,,4400000,EUR,2029-06-30
604258,David Soria,Getafe,Spain,,2700000,EUR,2030-06-30
794949,I\u00f1aki Pe\u00f1a,Panathinaikos FC,Spain,,3600000,EUR,2029-06-30
816763,Pablo Fornals,Real Betis,Spain,,8400000,EUR,2029-06-30
823631,Dodi Lukebakio,Benfica,Belgium,,14100000,EUR,2030-06-30
859025,Aur\u00e9lien Tchouam\u00e9ni,Real Madrid,France,,73000000,EUR,2028-06-30
873189,Juan Foyth,Villarreal,Argentina,,8600000,EUR,2029-06-30
876214,Eric Garc\u00eda,FC Barcelona,Spain,,39000000,EUR,2031-06-30
879694,Pape Gueye,Villarreal,Senegal,,39000000,EUR,2028-06-30
958380,Antony,Real Betis,Brazil,,37000000,EUR,2030-06-30
1091116,Arda G\u00fcler,Real Madrid,T\u00fcrkiye,,87000000,EUR,2029-06-30
1094106,Marc Pubill,Atl\u00e9tico Madrid,Spain,,33000000,EUR,2030-06-30
1402913,Pau Cubars\u00ed,FC Barcelona,Spain,,75000000,EUR,2029-06-30
1521733,Vladyslav Krapyvtsov,Girona FC,Ukraine,,330000,EUR,2029-06-30
1893907,Alassane Diatta,Villarreal B U23,Senegal,,660000,EUR,2030-06-30
69408,Marcos Alonso,Celta Vigo,Spain,,1300000,EUR,2028-06-30
88528,Florian Lejeune,Rayo Vallecano,France,,1700000,EUR,2028-06-30
97951,Stole Dimitrievski,Valencia,North Macedonia,,2100000,EUR,2028-06-30
164343,Paulo Gazzaniga,Girona FC,Argentina,,1900000,EUR,2027-06-30
305278,Diego Llorente,Real Betis,Spain,,2600000,EUR,2028-06-30
353250,\u00c1lvaro Odriozola,Real Sociedad,Spain,,825000,EUR,2029-06-30
548848,Pau L\u00f3pez,FC Andorra,Spain,,2700000,EUR,
811629,Luis Milla,Como,Spain,,3200000,EUR,2029-06-30
823622,Mikel Oyarzabal,Real Sociedad,Spain,,27000000,EUR,2028-06-30
857574,Andriy Lunin,Real Madrid,Ukraine,,11300000,EUR,2030-06-30
877262,Edu Exp\u00f3sito,Espanyol,Spain,,4500000,EUR,2027-06-30
880218,Takefusa Kubo,Real Sociedad,Japan,,21000000,EUR,2029-06-30
913679,Path\u00e9 Isma\u00ebl Ciss,Rayo Vallecano,Senegal,,1600000,EUR,2027-06-30
973887,Eduardo Camavinga,Real Madrid,France,,48000000,EUR,2029-06-30
984623,Rafa Mar\u00edn,SSC Napoli,Spain,,11600000,EUR,2029-06-30
996903,Lucas Bergstr\u00f6m,Mallorca,Finland,,1500000,EUR,2027-06-30
1094827,Gerard Mart\u00edn,FC Barcelona,Spain,,32000000,EUR,2028-06-30
1131909,Leo Rom\u00e1n,Deportivo de A Coru\u00f1a,Spain,,5800000,EUR,2031-06-30
1153270,Ferm\u00edn L\u00f3pez,FC Barcelona,Spain,,103000000,EUR,2031-06-30
1396048,Carlos Romero,Villarreal,Spain,,24000000,EUR,2031-06-30
84531,Yuri Berchiche,Athletic Club,Spain,,910000,EUR,2027-06-30
96365,I\u00f1igo Ruiz de Galarreta,Athletic Club,Spain,,1800000,EUR,2027-06-30
294377,Sergio Herrera,Osasuna,Spain,,2600000,EUR,2028-06-30
358910,Augusto Batalla,Rayo Vallecano,Argentina,,5800000,EUR,2030-06-30
560756,Dani Calvo,Real Oviedo,Spain,,850000,EUR,2027-06-30
789071,Dani Olmo,FC Barcelona,Spain,,58000000,EUR,2030-06-30
798835,Giovani Lo Celso,Real Betis,Argentina,,7800000,EUR,2028-06-30
815202,Ionu\u021b Radu,Celta Vigo,Romania,,8700000,EUR,2029-06-30
826948,Pepelu,Valencia,Spain,,7300000,EUR,2028-06-30
831253,Toni Mart\u00ednez,Deportivo Alav\u00e9s,Spain,,7300000,EUR,2028-06-30
980732,Adri\u00e0 Altimira,Deportivo de A Coru\u00f1a,Spain,,1700000,EUR,2029-06-30
997244,Adri\u00e1n de la Fuente,Levante UD,Spain,,4099999,EUR,2027-06-30
1066603,Luiz J\u00fanior,Villarreal,Brazil,,12400000,EUR,2030-06-30
1085081,\u00c1lvaro Carreras,Real Madrid,Spain,,53000000,EUR,2031-06-30
1085400,Nico Williams,Athletic Club,Spain,,44000000,EUR,2035-06-30
1097719,Kike Salas,Sevilla,Spain,,15400000,EUR,2029-06-30
1108450,Zaid Romero,Getafe,Argentina,,2400000,EUR,2030-06-30
1142588,Pablo Barrios,Atl\u00e9tico Madrid,Spain,,60000000,EUR,2030-06-30
1428699,Andres Castrin,Sevilla,Spain,,6500000,EUR,2027-06-30
1468046,Santiago Mouri\u00f1o,Villarreal,Uruguay,,19400000,EUR,2030-06-30
44864,Daley Blind,AFC Ajax,Netherlands,,1200000,EUR,2027-06-30
50490,Wojciech Szcz\u0119sny,FC Barcelona,Poland,,730000,EUR,2027-06-30
70988,Thibaut Courtois,Real Madrid,Belgium,,14500000,EUR,2027-06-30
99519,Marc Bartra,Real Betis,Spain,,930000,EUR,2027-06-30
138149,Odysseas Vlachodimos,Sevilla,Greece,,3200000,EUR,2027-06-30
359272,Sofyan Amrabat,Fenerbah\u00e7e,Morocco,,9700000,EUR,2028-06-30
369004,Antonio Sivera,Deportivo Alav\u00e9s,Spain,,5600000,EUR,2027-06-30
606346,Eric Bailly,Columbus Crew,C\u00f4te d'Ivoire,,1200000,EUR,
832427,Carlos Soler,Real Sociedad,Spain,,6600000,EUR,2029-06-30
910031,Alex Baena,Atl\u00e9tico Madrid,Spain,,43000000,EUR,2030-06-30
914765,Gonzalo Villar,Elche,Spain,,1700000,EUR,2029-06-30
944656,Juli\u00e1n Alvarez,Atl\u00e9tico Madrid,Argentina,,97000000,EUR,2030-06-30
962710,Germ\u00e1n Valera,Elche,Spain,,6200000,EUR,2027-06-30
964983,\u00c1lvaro Valles,Real Betis,Spain,,6500000,EUR,2030-06-30
988351,Sam\u00fa Costa,Mallorca,Portugal,,14600000,EUR,2028-06-30
1009372,Georges Mikautadze,Villarreal,Georgia,,32000000,EUR,2031-06-30
1120669,Hugo Sotelo,Celta Vigo,Spain,,4800000,EUR,2028-06-30
1137814,Sergi Altimira,Sporting CP,Spain,,19300000,EUR,2031-06-30
2238907,Miguel Cubo,Atl\u00e9tico Madrile\u00f1o,Spain,,2200000,EUR,2029-06-30
110783,Sergi Darder,Mallorca,Spain,,2800000,EUR,2028-06-30
325355,Jos\u00e9 Mar\u00eda Gim\u00e9nez,Atl\u00e9tico Madrid,Uruguay,,8600000,EUR,2028-06-30
353138,Marcos Llorente,Atl\u00e9tico Madrid,Spain,,21000000,EUR,2027-06-30
788216,Pablo Maffeo,Olympiacos FC,Argentina,,2900000,EUR,2029-06-30
791773,\u00c1lex Remiro,Real Sociedad,Spain,,9600000,EUR,2027-06-30
807116,Antonio Ra\u00edllo,Mallorca,Spain,,1100000,EUR,2027-06-30
845693,Andr\u00e9 Almeida,Valencia,Portugal,,6200000,EUR,2029-06-30
859773,\u00d3scar Mingueza,Crystal Palace,Spain,,18700000,EUR,2030-06-30
900003,Jorge de Frutos,Rayo Vallecano,Spain,,10900000,EUR,2028-06-30
900792,Alejandro Catena,Osasuna,Spain,,2700000,EUR,2028-06-30
910536,Rodrygo,Real Madrid,Brazil,,48000000,EUR,2028-06-30
925097,Ronald Ara\u00fajo,FC Barcelona,Uruguay,,22000000,EUR,2031-06-30
965031,Andrei Ra\u021biu,Rayo Vallecano,Romania,,16700000,EUR,2030-06-30
976104,Federico Vi\u00f1as,Club Le\u00f3n,Uruguay,,3600000,EUR,2027-12-31
988672,David Affengruber,Elche,Austria,,18100000,EUR,2027-06-30
1083832,Kervin Arriaga,Levante UD,Honduras,,2100000,EUR,2028-06-30
1084399,Carlos Vicente,Birmingham City,Spain,,7400000,EUR,2029-06-30
1086346,Iker Benito,Osasuna,Spain,,1500000,EUR,2027-06-30
1156645,Ra\u00fal Asencio,Real Madrid,Spain,,18100000,EUR,2031-06-30
1398526,Miguel Rom\u00e1n,Celta Vigo,Spain,,14400000,EUR,2028-06-30
39182,Dani Parejo,No team,Spain,,970000,EUR,
141832,Pedro Bigas,Elche,Spain,,310000,EUR,2027-06-30
142622,Antonio R\u00fcdiger,Real Madrid,Germany,,6200000,EUR,2027-06-30
149370,Moi G\u00f3mez,Osasuna,Spain,,1600000,EUR,2027-06-30
280979,Gon\u00e7alo Guedes,Real Sociedad,Portugal,,5700000,EUR,2028-06-30
319735,Viktor Tsygankov,Girona FC,Ukraine,,15700000,EUR,2027-06-30
547838,Dani Ceballos,No team,Spain,,7400000,EUR,
827212,Jules Kound\u00e9,FC Barcelona,France,,64000000,EUR,2030-06-30
845385,Brais M\u00e9ndez,Columbus Crew,Spain,,7800000,EUR,2029-06-30
901325,Nicol\u00e1s Gonz\u00e1lez,Juventus,Argentina,,23000000,EUR,2029-06-30
949962,Ferran Jutgl\u00e0,Celta Vigo,Spain,,10700000,EUR,2029-06-30
1002347,Alejandro Franc\u00e9s,Girona FC,Spain,,2800000,EUR,2029-06-30
1012410,Alvaro N\u00fa\u00f1ez,Celta Vigo,Spain,,3900000,EUR,2030-06-30
1014042,Iv\u00e1n Romero,Levante UD,Spain,,7400000,EUR,2028-06-30
1014412,Julen Agirrezabala,Athletic Club,Spain,,9800000,EUR,2027-06-30
1026015,Orri \u00d3skarsson,Real Sociedad,Iceland,,21000000,EUR,2030-06-30
1099352,Giuliano Simeone,Atl\u00e9tico Madrid,Argentina,,44000000,EUR,2030-06-30
1119345,Obed Vargas,Atl\u00e9tico Madrid,Mexico,,9300000,EUR,2030-06-30
1154587,\u00c1lvaro Rodriguez,Bournemouth,Uruguay,,9100000,EUR,
1526618,Marc Bernal,FC Barcelona,Spain,,29000000,EUR,2029-06-30
85859,Antoine Griezmann,Orlando City SC,France,,7600000,EUR,2028-06-30
149734,Aymeric Laporte,Athletic Club,Spain,,8400000,EUR,2028-06-30
263651,Juan Musso,Atl\u00e9tico Madrid,Argentina,,3200000,EUR,2028-06-30
360718,Carl Starfelt,Celta Vigo,Sweden,,4099999,EUR,2027-06-30
795064,Trent Alexander-Arnold,Real Madrid,England,,62000000,EUR,2031-06-30
797291,Unai Sim\u00f3n,Athletic Club,Spain,,21000000,EUR,2029-06-30
855831,V\u00edctor Chust,Elche,Spain,,3700000,EUR,2029-06-30
855832,Antonio Blanco,Deportivo Alav\u00e9s,Spain,,9700000,EUR,2027-06-30
887055,Cucho Hern\u00e1ndez,Real Betis,Colombia,,16500000,EUR,2030-06-30
900008,\u00d3scar Valent\u00edn,Rayo Vallecano,Spain,,1900000,EUR,2027-06-30
908714,Arnau Tenas,Villarreal,Spain,,4400000,EUR,2029-06-30
927066,Pablo Mart\u00ednez,No team,Spain,,3100000,EUR,
949707,Juan Iglesias,Sevilla,Spain,,4800000,EUR,2030-06-30
999178,Ville Koski,Deportivo Alav\u00e9s,Finland,,1600000,EUR,2031-06-30
1012444,Alberto Moleiro,Villarreal,Spain,,54000000,EUR,2030-06-30
1084730,Bryan Zaragoza,FC Bayern M\u00fcnchen,Spain,,7500000,EUR,2029-06-30
1485300,Vitor Reis,Manchester City,Brazil,,31000000,EUR,2029-06-30
1518971,Adam Boayar,Elche,Morocco,,825000,EUR,2027-06-30
1649918,Carlos Esp\u00ed,Levante UD,Spain,,22000000,EUR,2028-06-30
19356,Iago Aspas,Celta Vigo,Spain,,1500000,EUR,2027-06-30
35612,Axel Witsel,No team,Belgium,,1300000,EUR,
37318,Ante Budimir,Osasuna,Croatia,,2600000,EUR,2027-06-30
255999,Omar Mascarell,Mallorca,Equatorial Guinea,,730000,EUR,
344751,Baptiste Santamaria,PAOK,France,,2600000,EUR,2027-06-30
787751,Robin Le Normand,Atl\u00e9tico Madrid,Spain,,19100000,EUR,2029-06-30
814590,Marcus Rashford,Manchester United,England,,38000000,EUR,2028-06-30
825133,Javi Gal\u00e1n,Celta Vigo,Spain,,1700000,EUR,2028-06-30
843678,Santi Comesa\u00f1a,Villarreal,Spain,,8400000,EUR,2028-06-30
855833,Ferran Torres,FC Barcelona,Spain,,54000000,EUR,2027-06-30
855835,Sergio G\u00f3mez,Real Sociedad,Spain,,14600000,EUR,2030-06-30
857205,Fernando Calero,M\u00e1laga CF,Spain,,2100000,EUR,2027-06-30
893062,Aitor Ruibal,Real Betis,Spain,,3900000,EUR,2028-06-30
942836,Haissem Hassan,Real Oviedo,Egypt,,3600000,EUR,2027-06-30
966862,Ander Barrenetxea,Real Sociedad,Spain,,17200000,EUR,2030-06-30
973699,Iv\u00e1n Mart\u00edn,Girona FC,Spain,,4600000,EUR,2028-06-30
976141,Jon Moncayola,Osasuna,Spain,,7300000,EUR,2031-06-30
990169,Johnny Cardoso,Atl\u00e9tico Madrid,USA,,18700000,EUR,2030-06-30
1145642,V\u00edctor Mu\u00f1oz,Liverpool FC,Spain,,29000000,EUR,
1170694,Ugo Raghouber,Lille,France,,2800000,EUR,2027-06-30
103417,Isco,Real Betis,Spain,,3600000,EUR,2028-06-30
257091,Duje \u0106aleta-Car,Olympique Lyonnais,Croatia,,2900000,EUR,2027-06-30
542634,Pacha,Racing Club,Uruguay,,840000,EUR,2028-06-30
797306,Mouctar Diakhaby,Valencia,Guinea,,1500000,EUR,2027-06-30
807771,D\u00e1vid Hancko,Atl\u00e9tico Madrid,Slovakia,,36000000,EUR,2030-06-30
826004,Manu Morlanes,Mallorca,Spain,,2200000,EUR,2028-06-30
835484,Fran Beltr\u00e1n,Girona FC,Spain,,4200000,EUR,2030-06-30
847128,Marc Roca,Real Betis,Spain,,4200000,EUR,2029-06-30
862223,Manor Solomon,Tottenham Hotspur,Israel,,7800000,EUR,2028-06-30
875890,Chidera Ejuke,Sevilla,Nigeria,,3700000,EUR,2027-06-30
900433,Luis Rioja,Valencia,Spain,,1900000,EUR,2027-06-30
1010383,Jon Ander Olasagasti,Levante UD,Spain,,2700000,EUR,2028-06-30
1010656,Carlos \u00c1lvarez,Levante UD,Spain,,15500000,EUR,2027-06-30
1014595,Marc Aguado,Elche,Spain,,3700000,EUR,2027-06-30
1084081,Arnau Mart\u00ednez,Girona FC,Spain,,10800000,EUR,2027-06-30
1103693,Pablo Gavi,FC Barcelona,Spain,,31000000,EUR,2030-06-30
1122610,Javier Guerra,Valencia,Spain,,26000000,EUR,2029-06-30
1126447,Lucas Cepeda,Elche,Chile,,2600000,EUR,2030-06-30
1184541,Alexander Freeman,Villarreal,USA,,3200000,EUR,2032-06-30
1466116,Jon Martin,Real Sociedad,Spain,,24000000,EUR,2031-06-30
260031,Rub\u00e9n Garc\u00eda,Osasuna,Spain,,1700000,EUR,2027-06-30
309078,Alexander S\u00f8rloth,Atl\u00e9tico Madrid,Norway,,18600000,EUR,2028-06-30
808955,Josan,No team,Spain,,105000,EUR,
814023,Eray C\u00f6mert,No team,Switzerland,,2700000,EUR,
857482,Filip Ugrini\u0107,Valencia,Switzerland,,5700000,EUR,2029-06-30
896073,Nahuel Tenaglia,Deportivo Alav\u00e9s,Argentina,,3200000,EUR,2029-06-30
909966,Largie Ramazani,Leeds United,Belgium,,7500000,EUR,2028-06-30
911853,Logan Costa,Villarreal,Cape Verde,,14600000,EUR,2030-06-30
944660,Thiago Almada,Atl\u00e9tico Madrid,Argentina,,16000000,EUR,2030-06-30
960006,Lucien Agoum\u00e9,Sevilla,France,,15500000,EUR,2028-06-30
973290,Tajon Buchanan,Villarreal,Canada,,13000000,EUR,2030-06-30
973536,Mart\u00edn Satriano,Getafe,Uruguay,,10600000,EUR,2030-06-30
985329,Aimar Oroz,Osasuna,Spain,,6900000,EUR,2029-06-30
997033,Peque Fern\u00e1ndez,Sevilla,Spain,,3300000,EUR,2028-06-30
1008259,Javier Rueda,Celta Vigo,Spain,,6200000,EUR,2029-06-30
1010421,Pep Chavarr\u00eda,Rayo Vallecano,Spain,,9700000,EUR,2030-06-30
1082981,Pablo Torre,Mallorca,Spain,,4900000,EUR,2029-06-30
1100646,Martim Neto,Elche,Portugal,,3800000,EUR,2028-06-30
1496360,Matias Moreno,Fiorentina,Argentina,,5800000,EUR,2029-06-30
1546404,Daniel Y\u00e1\u00f1ez,Real Madrid Castilla U21,Spain,,4300000,EUR,2029-06-30
66492,David Alaba,No team,Austria,,2700000,EUR,
81992,Leandro Cabrera,Espanyol,Uruguay,,930000,EUR,2027-06-30
138572,Dani Carvajal,No team,Spain,,3900000,EUR,
190159,Andr\u00e9 Silva,FC Porto,Portugal,,2800000,EUR,2027-06-30
345195,Ayoze P\u00e9rez,Villarreal,Spain,,5400000,EUR,2028-06-30
345333,David Costas,Real Oviedo,Spain,,1300000,EUR,2028-06-30
588566,Unai L\u00f3pez,Rayo Vallecano,Spain,,2600000,EUR,2029-06-30
799054,Djibril Sow,Sevilla,Switzerland,,7100000,EUR,2029-06-30
824200,Ademola Lookman,Atl\u00e9tico Madrid,Nigeria,,44000000,EUR,2030-06-30
827064,Arnaut Danjuma,Valencia,Netherlands,,2800000,EUR,2028-06-30
910024,Sergio Camello,Rayo Vallecano,Spain,,3300000,EUR,2027-06-30
952222,V\u00edctor Garc\u00eda,Levante UD,Spain,,1500000,EUR,2027-06-30
980410,Be\u00f1at Turrientes,Real Sociedad,Spain,,10600000,EUR,2030-06-30
1002764,Sergio Carreira,Celta Vigo,Spain,,11500000,EUR,2029-06-30
1087359,Renato Veiga,Villarreal,Portugal,,24000000,EUR,2032-06-30
1129360,Clemens Riedel,Espanyol,Germany,,3900000,EUR,2029-06-30
1129401,Nelson Deossa,Real Betis,Colombia,,9800000,EUR,2030-06-30
1154935,Hugo \u00c1lvarez,Celta Vigo,Spain,,7800000,EUR,2028-06-30
1534422,Oso,Sevilla,Spain,,10500000,EUR,2027-06-30
41789,Robert Lewandowski,Chicago Fire,Poland,,6500000,EUR,2028-06-30
190405,Leander Dendoncker,No team,Belgium,,1700000,EUR,
345111,\u00c1lvaro Garc\u00eda,Rayo Vallecano,Spain,,1500000,EUR,2028-06-30
580550,Cl\u00e9ment Lenglet,Benfica,France,,4200000,EUR,2027-06-30
785989,Borja Iglesias,Celta Vigo,Spain,,2900000,EUR,2027-06-30
814385,Lucas Boy\u00e9,Deportivo Alav\u00e9s,Argentina,,5300000,EUR,2029-06-30
822379,Santiago Colombatto,Club Le\u00f3n,Argentina,,2600000,EUR,2027-06-30
831799,Nahuel Molina,Atl\u00e9tico Madrid,Argentina,,14600000,EUR,2027-06-30
934351,Miguel Rubio,Espanyol,Spain,,1400000,EUR,2028-06-30
934383,Jon Pacheco,Real Sociedad,Spain,,5200000,EUR,2030-06-30
944629,Nicolas Fonseca,Club Le\u00f3n,Uruguay,,2900000,EUR,2028-12-31
949156,Luka Su\u010di\u0107,Real Sociedad,Croatia,,10900000,EUR,2029-06-30
962890,Ilaix Moriba,Celta Vigo,Guinea,,13700000,EUR,2029-06-30
965011,Matteo Ruggeri,Atl\u00e9tico Madrid,Italy,,27000000,EUR,2030-06-30
1067582,Enzo Boyomo,Osasuna,Cameroon,,14600000,EUR,2029-06-30
1142591,Javier Bo\u00f1ar,Atl\u00e9tico Madrile\u00f1o,Spain,,1500000,EUR,2028-06-30
1495844,Mikel Jauregizar,Athletic Club,Spain,,31000000,EUR,2031-06-30
1526627,Javi Rodr\u00edguez,Celta Vigo,Spain,,17500000,EUR,2028-06-30
1905699,Jan Salas,Mallorca,Spain,,485000,EUR,2028-06-30
152446,Iv\u00e1n Balliu,Rayo Vallecano,Albania,,1100000,EUR,2027-06-30
175185,Pere Milla,Espanyol,Spain,,965000,EUR,2027-06-30
187313,Lucas Torr\u00f3,Osasuna,Spain,,2700000,EUR,2027-06-30
188365,H\u00e9ctor Beller\u00edn,Real Betis,Spain,,2500000,EUR,2028-06-30
191182,Thomas Lemar,Atl\u00e9tico Madrid,France,,1900000,EUR,2027-06-30
385888,Mauro Arambarri,River Plate,Uruguay,,8300000,EUR,2028-12-31
797290,Alfonso Pedraza,Lazio,Spain,,2400000,EUR,2029-06-30
818986,Gabriel Suazo,Sevilla,Chile,,6600000,EUR,2028-06-30
872919,Rub\u00e9n Vargas,Sevilla,Switzerland,,11100000,EUR,2029-06-30
892235,David Carmo,Olympiacos FC,Angola,,4600000,EUR,2029-06-30
959872,Aitor Paredes,Athletic Club,Spain,,7100000,EUR,2029-06-30
986245,Sergi Cardona,Villarreal,Spain,,8600000,EUR,2027-06-30
997280,Ra\u00fal Garc\u00eda de Haro,Osasuna,Spain,,3100000,EUR,2031-06-30
1063015,Tyrhys Dolan,Espanyol,England,,10800000,EUR,2028-06-30
1126779,Williot Swedberg,Celta Vigo,Sweden,,18700000,EUR,2029-06-30
1145100,Yoel Lago,Celta Vigo,Spain,,3700000,EUR,2029-06-30
1152139,Angel Ortiz,Real Betis,Spain,,4400000,EUR,2029-06-30
1216309,Jon Gorrotxategi,Real Sociedad,Spain,,27000000,EUR,2030-06-30
1391616,Joel Roca,Olympiacos FC,Spain,,6300000,EUR,
1525863,Pau Navarro,Villarreal,Spain,,14600000,EUR,2031-06-30
186795,Andreas Christensen,FC Barcelona,Denmark,,7700000,EUR,2028-06-30
835485,Brahim D\u00edaz,Real Madrid,Morocco,,37000000,EUR,2027-06-30
882475,Alberto Reina,Real Oviedo,Spain,,1800000,EUR,2027-06-30
899982,Isi Palaz\u00f3n,Rayo Vallecano,Spain,,3000000,EUR,2028-06-30
932764,Randy Nteka,Rayo Vallecano,Angola,,1000000,EUR,2028-06-30
946381,Akor Adams,Sevilla,Nigeria,,14600000,EUR,2029-06-30
998950,Diego L\u00f3pez,Valencia,Spain,,9600000,EUR,2029-06-30
1000150,Zito Luvumbo,Mallorca,Angola,,3100000,EUR,2027-06-30
1010165,Abel Bretones,Osasuna,Spain,,3400000,EUR,2029-06-30
1021165,Rub\u00e9n S\u00e1nchez,Espanyol,Spain,,1700000,EUR,2027-06-30
1064026,Omar El Hilali,Espanyol,Morocco,,15900000,EUR,2027-06-30
1082968,Abderrahman Rebbach,Deportivo Alav\u00e9s,Algeria,,2400000,EUR,2028-06-30
1084381,Pablo Ib\u00e1\u00f1ez,Deportivo Alav\u00e9s,Spain,,4099999,EUR,2030-06-30
1092769,Y\u00e1ser Asprilla,Girona FC,Colombia,,15000000,EUR,2030-06-30
1101232,Abdel Abqar,Getafe,Morocco,,3300000,EUR,2028-06-30
1186010,Valent\u00edn G\u00f3mez,Real Betis,Argentina,,11200000,EUR,2030-06-30
1458073,Nobel Mendy,Rayo Vallecano,Senegal,,7700000,EUR,2030-06-30
1482424,Claudio Echeverri,Manchester City,Argentina,,14300000,EUR,2028-06-30
1513222,\u00c1ngel P\u00e9rez,Deportivo Alav\u00e9s,Spain,,2800000,EUR,2030-06-30
1632454,Hugo Rinc\u00f3n,Athletic Club,Spain,,3400000,EUR,2028-06-30
88625,Marc-Andr\u00e9 Ter Stegen,FC Barcelona,Germany,,3100000,EUR,2028-06-30
158615,Mat\u00edas Vecino,Celta Vigo,Uruguay,,1100000,EUR,2027-06-30
328145,Adnan Januzaj,No team,Belgium,,1100000,EUR,
344129,Jos\u00e9 Luis Morales,No team,Spain,,210000,EUR,
859769,Oriol Rey,Levante UD,Spain,,1700000,EUR,2027-06-30
910267,Jes\u00fas Areso,Athletic Club,Spain,,5500000,EUR,2031-06-30
941464,Federico Gattoni,Sevilla,Argentina,,720000,EUR,2027-06-30
966802,Unai Vencedor,Athletic Club,Spain,,1500000,EUR,2027-06-30
997035,Alejandro Balde,FC Barcelona,Spain,,55000000,EUR,2028-06-30
1000483,Marc Casad\u00f3,FC Barcelona,Spain,,17400000,EUR,2028-06-30
1119586,Iker Mu\u00f1oz,Osasuna,Spain,,1800000,EUR,2030-06-30
1142689,David Jim\u00e9nez,Real Madrid Castilla U21,Spain,,5200000,EUR,2027-06-30
1162107,Roony Bardghji,FC Barcelona,Sweden,,15500000,EUR,2029-06-30
1167704,Rub\u00e9n Iranzo,Valencia Mestalla U21,Spain,,580000,EUR,2027-06-30
1174937,Endrick,Real Madrid,Brazil,,42000000,EUR,2030-06-30
1858279,Hugo Burcio,Celta Fortuna,Spain,,480000,EUR,2027-06-30
1901143,V\u00edctor Valdepe\u00f1as,Real Madrid Castilla U21,Spain,,4500000,EUR,2029-06-30
2110897,Alejandro Rego Mora,Athletic Club,Spain,,5500000,EUR,2030-06-30
2115056,Omar Falah,Real Oviedo Vetusta,Spain,,145000,EUR,2027-06-30
2198232,Samu Becerra,Rayo Vallecano B,Spain,,310000,EUR,2027-06-30
84972,Kike Garc\u00eda,Espanyol,Spain,,725000,EUR,2027-06-30
128637,Allan Nyom,No team,Cameroon,,110000,EUR,
138383,Denis Su\u00e1rez,Deportivo Alav\u00e9s,Spain,,1100000,EUR,2027-06-30
235648,Jonny Otto,Deportivo Alav\u00e9s,Spain,,2100000,EUR,2027-06-30
300522,Martin Valjent,Mallorca,Slovakia,,3200000,EUR,2029-06-30
344847,Johan Mojica,Mallorca,Colombia,,1400000,EUR,2027-06-30
591132,Kike Barja,Osasuna,Spain,,1500000,EUR,2028-06-30
813574,Unai Elgezabal,Levante UD,Spain,,485000,EUR,2027-06-30
839585,Yangel Herrera,Real Sociedad,Venezuela,,5600000,EUR,2030-06-30
850035,Luiz Felipe,Rayo Vallecano,Italy,,2100000,EUR,2027-06-30
859021,Batista Mendy,Trabzonspor,France,,6800000,EUR,2027-06-30
892521,Unai N\u00fa\u00f1ez,Celta Vigo,Spain,,3300000,EUR,2029-06-30
944225,Jorge Herrando,Osasuna,Spain,,3200000,EUR,2030-06-30
1046796,Calebe Gon\u00e7alves,Fortaleza,Brazil,,1700000,EUR,2026-12-31
1064009,Urko Gonz\u00e1lez,Espanyol,Spain,,11600000,EUR,2030-06-30
1069703,Carlos Dom\u00ednguez,Celta Vigo,Spain,,1900000,EUR,2028-06-30
1392054,Coba Da Costa,Getafe,Guinea-Bissau,,1500000,EUR,2029-06-30
1392092,Sebasti\u00e1n Boselli,Getafe,Uruguay,,1500000,EUR,2030-06-30
1402908,Hector Fort,FC Barcelona,Spain,,11600000,EUR,2029-06-30
1403559,Franco Mastantuono,Real Madrid,Argentina,,44000000,EUR,2031-06-30
32048,Cristhian Stuani,No team,Uruguay,,650000,EUR,
67769,Ricardo Rodr\u00edguez,No team,Switzerland,,1500000,EUR,
68332,Nemanja Gudelj,No team,Serbia,,1900000,EUR,
268903,Neal Maupay,Olympique de Marseille,France,,4099999,EUR,2028-06-30
294593,\u00c1lex Moreno,Girona FC,Spain,,3100000,EUR,2027-06-30
597876,Lucas Ahijado,No team,Spain,,640000,EUR,
825754,Rafa Mir,Sevilla,Spain,,4099999,EUR,2027-06-30
826010,Pol Lozano,Espanyol,Spain,,5800000,EUR,2027-06-30
827504,L\u00e9o P\u00e9trot,RSC Anderlecht,France,,1400000,EUR,2028-06-30
842419,Valentin Rosier,Osasuna,France,,3100000,EUR,2028-06-30
845025,Ovie Ejaria,No team,England,,430000,EUR,
944165,Robert Navarro,Athletic Club,Spain,,6500000,EUR,2030-06-30
992331,Iker Losada,Real Betis,Spain,,2000000,EUR,2029-06-30
1010655,Juanlu S\u00e1nchez,Sevilla,Spain,,9700000,EUR,2029-06-30
1015240,Jos\u00e9 \u00c1ngel Carmona,Sevilla,Spain,,11100000,EUR,2028-06-30
1015287,Natan,Real Betis,Brazil,,26000000,EUR,2030-06-30
1170693,Mateo Joseph,Leeds United,Spain,,3700000,EUR,2028-06-30
1393673,Etta Eyong,Levante UD,Cameroon,,15600000,EUR,2029-06-30
1402716,Gonzalo Garc\u00eda,Real Madrid,Spain,,31000000,EUR,2030-06-30
1513896,David L\u00f3pez,Mallorca,Spain,,1300000,EUR,2027-06-30
326471,Gerard Gumbau,Granada,Spain,,1200000,EUR,2027-06-30
363774,Mihailo Risti\u0107,No team,Serbia,,775000,EUR,
576276,Domingos Duarte,No team,Portugal,,870000,EUR,
604954,Borja Mayoral,Getafe,Spain,,6300000,EUR,2027-06-30
605374,Tete Morente,Elche,Spain,,1600000,EUR,2028-06-30
840951,Marc\u00e3o,Sevilla,Brazil,,2600000,EUR,2028-06-30
857065,Hora\u021biu Moldovan,Ey\u00fcpspor,Romania,,1900000,EUR,2027-06-30
910978,Dani Vivian,Athletic Club,Spain,,18200000,EUR,2032-06-30
974713,Luis V\u00e1zquez,RSC Anderlecht,Argentina,,2600000,EUR,2028-06-30
976374,Vladyslav Vanat,Girona FC,Ukraine,,13900000,EUR,2030-06-30
980383,Ra\u00fal Moro,Osasuna,Spain,,3300000,EUR,2031-06-30
996928,C\u00e9sar T\u00e1rrega,Valencia,Spain,,9300000,EUR,2030-06-30
996929,Jes\u00fas V\u00e1zquez,Valencia,Spain,,4200000,EUR,2028-06-30
1019318,Nico Serrano,Athletic Club,Spain,,1600000,EUR,2028-06-30
1089108,Ilias Akhomach,Villarreal,Morocco,,11100000,EUR,2028-06-30
1116388,Jon Aramburu,Real Sociedad,Venezuela,,13900000,EUR,2030-06-30
1201412,Thiago Fern\u00e1ndez,Villarreal,Argentina,,4700000,EUR,2031-06-30
1403364,Youssef Enriquez,Deportivo Alav\u00e9s,Morocco,,4300000,EUR,2029-06-30
1630975,Manu Fern\u00e1ndez,Celta Vigo,Spain,,1400000,EUR,2028-06-30
2049311,Nacho P\u00e9rez,Levante UD,Spain,,310000,EUR,2028-06-30
115665,C\u00e9dric Bakambu,No team,DR Congo,,1200000,EUR,
227922,Jos\u00e9 Luis Gay\u00e0,Valencia,Spain,,4300000,EUR,2027-06-30
252815,F\u00e1bio Cardoso,Sevilla,Portugal,,1400000,EUR,2028-06-30
316148,Thomas Partey,No team,Ghana,,1900000,EUR,
350560,Diego Rico,No team,Spain,,1000000,EUR,
754710,Umar Sadiq,Valencia,Nigeria,,3900000,EUR,2028-06-30
814360,Juan Cruz,No team,Spain,,1000000,EUR,
838159,Igor Zubeldia,Real Sociedad,Spain,,6300000,EUR,2029-06-30
851271,Fran Garc\u00eda,Real Betis,Spain,,9200000,EUR,2030-06-30
877037,Cyril Ngonge,SSC Napoli,Belgium,,6800000,EUR,2028-06-30
879875,Facundo Garc\u00e9s,Deportivo Alav\u00e9s,Argentina,,1300000,EUR,2028-06-30
891931,Ander Guevara,Deportivo Alav\u00e9s,Spain,,2700000,EUR,2027-06-30
893642,Marash Kumbulla,AS Roma,Albania,,2800000,EUR,2028-06-30
909119,Hugo Duro,Valencia,Spain,,11600000,EUR,2028-06-30
913695,Jos\u00e9 Copete,Valencia,Spain,,4500000,EUR,2029-06-30
1120504,Abdel Rahim,Real Oviedo,Niger,,1400000,EUR,2028-06-30
1173575,Jones El-Abdellaoui,Celta Vigo,Morocco,,8400000,EUR,2029-06-30
1518564,Miguel Sierra,Sevilla Atl\u00e9tico,Spain,,330000,EUR,2029-06-30
1895964,Ismael Bekhoucha,Getafe,Morocco,,290000,EUR,2028-06-30
1939173,Jan Virgili,Mallorca,Spain,,13800000,EUR,2030-06-30
34120,Alexis S\u00e1nchez,No team,Chile,,1300000,EUR,
357598,Josip Brekalo,Hertha BSC,Croatia,,2100000,EUR,2027-06-30
361790,Donny van de Beek,Girona FC,Netherlands,,1900000,EUR,2028-06-30
592012,\u00c1lex Berenguer,Athletic Club,Spain,,4099999,EUR,2027-06-30
602164,Jairo Izquierdo,AEK Larnaca,Spain,,390000,EUR,2027-05-31
758666,Borja S\u00e1nchez,Gimn\u00e0stic de Tarragona,Spain,,180000,EUR,2027-06-30
783374,I\u00f1aki Williams,Athletic Club,Ghana,,7300000,EUR,2028-06-30
828239,Toni Lato,Mallorca,Spain,,1300000,EUR,2027-06-30
844752,Nacho Vidal,Real Oviedo,Spain,,1300000,EUR,2027-06-30
873717,Carlos Benav\u00eddez,Deportivo Alav\u00e9s,Uruguay,,960000,EUR,2028-06-30
966836,\u00c1lex Sola,Almer\u00eda,Spain,,1600000,EUR,2030-06-30
989113,Rodrigo Riquelme,Real Betis,Spain,,4300000,EUR,2030-06-30
1008037,Ilyas Chaira,Real Oviedo,Morocco,,3800000,EUR,2028-06-30
1088565,Ram\u00f3n Terrats,Getafe,Spain,,3200000,EUR,2029-06-30
1117026,Federico Redondo,Elche,Argentina,,2400000,EUR,2030-06-30
1392592,Roberto Fern\u00e1ndez,Espanyol,Spain,,10300000,EUR,2031-06-30
1590121,Jorge Cestero,Real Madrid Castilla U21,Spain,,8000000,EUR,2028-06-30
1832076,Javi Morcillo,Atl\u00e9tico Madrile\u00f1o,Spain,,515000,EUR,2028-06-30
1869106,Paco Cort\u00e9s,Levante UD,Spain,,1400000,EUR,2028-06-30
2216007,Alex Sanchez,Elche Ilicitano,Spain,,49000,EUR,2027-06-30
96369,Juanmi,Getafe,Spain,,910000,EUR,2027-06-30
307702,Djen\u00e9,Getafe,Togo,,1500000,EUR,2027-06-30
359742,Mikel Vesga,Athletic Club,Spain,,1200000,EUR,2027-06-30
789381,Chimy \u00c1vila,No team,Argentina,,1200000,EUR,
866810,Andoni Gorosabel,Athletic Club,Spain,,2900000,EUR,2028-06-30
873947,Dani Raba,Valencia,Spain,,1200000,EUR,2027-06-30
891511,Javi Puado,Espanyol,Spain,,7000000,EUR,2030-06-30
905639,Kwasi Sibo,No team,Ghana,,1500000,EUR,
962029,Lucas Beltr\u00e1n,River Plate,Argentina,,8400000,EUR,2027-06-30
966801,Oihan Sancet,Athletic Club,Spain,,24000000,EUR,2032-06-30
1019236,Jofre Carreras,Espanyol,Spain,,2800000,EUR,2029-06-30
1142094,Manu Bueno,Sevilla,Spain,,1500000,EUR,2027-06-30
1142683,Manuel \u00c1ngel Mor\u00e1n,Real Madrid Castilla U21,Spain,,4600000,EUR,2027-06-30
1216282,Luca Koleosho,Burnley,Italy,,5800000,EUR,2029-06-30
1398524,Pablo Dur\u00e1n,Celta Vigo,Spain,,4099999,EUR,2028-06-30
1402990,Julio D\u00edaz,Atl\u00e9tico Madrile\u00f1o,Spain,,1400000,EUR,2028-06-30
1832286,Jano Monserrate,Jong Ajax,Spain,,515000,EUR,2030-06-30
1914318,Marc Domenech,Mallorca,Spain,,1100000,EUR,2029-06-30
2238900,Carlos Maci\u00e1,Villarreal B U23,Spain,,2900000,EUR,2029-06-30
22209,\u00d8rjan Nyland,No team,Norway,,825000,EUR,
53739,Kiko Femen\u00eda,Getafe,Spain,,740000,EUR,2027-06-30
352544,Sheraldo Becker,1. FSV Mainz 05,Suriname,,1500000,EUR,
605672,Gorka Guruzeta,Athletic Club,Spain,,4600000,EUR,2028-06-30
792073,Ferland Mendy,Real Madrid,France,,4200000,EUR,2028-06-30
794937,Carles Ale\u00f1\u00e1,Deportivo Alav\u00e9s,Spain,,2800000,EUR,2029-06-30
807648,Yeray \u00c1lvarez,Athletic Club,Spain,,930000,EUR,2028-06-30
851282,Thierry Correia,Venezia,Portugal,,2600000,EUR,2027-06-30
891505,Goduine Koyalipou,KV Kortrijk,Central African Republic,,2400000,EUR,2027-06-30
966637,Fran P\u00e9rez,Rayo Vallecano,Spain,,2300000,EUR,2029-06-30
984789,Manuel S\u00e1nchez,Celta Vigo,Spain,,6400000,EUR,2028-06-30
1094758,John Donald,Elche,Spain,,1000000,EUR,2028-06-30
1111081,Job Ochieng,Real Sociedad B,Kenya,,2200000,EUR,2028-06-30
1391752,Rodrigo Mendoza,Atl\u00e9tico Madrid,Spain,,21000000,EUR,2031-06-30
1398521,Dami\u00e1n C\u00e1ceres,C\u00f3rdoba,Spain,,195000,EUR,2028-06-30
1399702,Asier Osambela,Osasuna,Spain,,1000000,EUR,2029-06-30
1468090,Alfon Gonz\u00e1lez,Sevilla,Spain,,3300000,EUR,2028-06-30
1520814,Alejandro Mestanza,Atl\u00e9tico Madrile\u00f1o,Spain,,260000,EUR,2027-06-30
1926085,Dro Ferna\u0301ndez,Paris Saint-Germain,Spain,,9700000,EUR,2030-06-30
149606,Jeremy Toljan,Levante UD,Germany,,1900000,EUR,2027-06-30
309546,Takuma Asano,Sanfrecce Hiroshima,Japan,,1400000,EUR,
353154,Javier Mu\u00f1oz,Getafe,Spain,,1100000,EUR,2028-06-30
758664,Charles Pickel,Al-Sharjah,DR Congo,,2700000,EUR,2028-06-30
846147,Abdul Mumin,No team,Ghana,,3200000,EUR,
848512,Grady Diangana,Elche,DR Congo,,2100000,EUR,2027-06-30
900669,Pedro D\u00edaz,Rayo Vallecano,Spain,,2900000,EUR,2028-06-30
910026,Bryan Gil,Girona FC,Spain,,8199999,EUR,2030-06-30
914835,Junior Firpo,Real Betis,Dominican Republic,,3400000,EUR,2028-06-30
928672,Adri\u00e0 Pedrosa,Sevilla,Spain,,2700000,EUR,2028-06-30
945404,Javi L\u00f3pez,Real Sociedad,Spain,,5400000,EUR,2030-06-30
981604,Alem\u00e3o,Rayo Vallecano,Brazil,,4400000,EUR,2030-06-30
1012409,Be\u00f1at Prados,Athletic Club,Spain,,15500000,EUR,2031-06-30
1066045,Arsen Zakharyan,Real Sociedad,Russia,,8700000,EUR,2029-06-30
1084043,Ibrahim Diabat\u00e9,GAIS,C\u00f4te d'Ivoire,,1400000,EUR,2028-12-31
1177401,Alan Matturro,Genoa,Uruguay,,4099999,EUR,2028-06-30
1402688,C\u00e9sar Palacios,Real Madrid,Spain,,6800000,EUR,2027-06-30
1430667,Urko Izeta,C\u00e1diz,Spain,,1500000,EUR,2031-06-30
1515554,Adrian Liso,Real Zaragoza,Spain,,3100000,EUR,2029-06-30
1542721,Buba Sangar\u00e9,Elche,Spain,,4400000,EUR,2031-06-30
218616,Portu,Girona FC,Spain,,1300000,EUR,2027-06-30
349526,Dani Rodr\u00edguez,Legan\u00e9s,Spain,,105000,EUR,2027-06-30
879543,Mateu Morey,Mallorca,Spain,,1400000,EUR,2027-06-30
966441,Aihen Mu\u00f1oz,Real Sociedad,Spain,,2600000,EUR,2027-06-30
985726,Victor Parada,FC Spartak Moscow,Spain,,3900000,EUR,2030-06-30
996931,Hugo Gonz\u00e1lez,Celta Fortuna,Spain,,720000,EUR,2028-06-30
1136721,Willy Kambwala,Villarreal,DR Congo,,3100000,EUR,2029-06-30
1162309,Javi Llabr\u00e9s,Burgos Club de F\u00fatbol,Spain,,845000,EUR,2029-06-30
1172477,Tani Oluwaseyi,Villarreal,Canada,,7500000,EUR,2030-06-30
1216080,Dami\u00e1n Rodr\u00edguez,Celta Vigo,Spain,,1900000,EUR,2028-06-30
1391375,Unai G\u00f3mez,Udinese,Spain,,5200000,EUR,2031-06-30
1429059,Hugo Soloz\u00e1bal,FC Andorra,Spain,,195000,EUR,2028-06-30
1491660,Jos\u00e9 Luis P\u00e9rez,Getafe B,Spain,,190000,EUR,2027-06-30
1542759,Ivan Corralejo,Betis Deportivo,Spain,,53000,EUR,2028-06-30
1545061,Ibai Aguirre,Real Sociedad B,Spain,,915000,EUR,2031-06-30
1548439,Marco Esteban,Real Oviedo Vetusta,Spain,,515000,EUR,2028-06-30
1614687,Diego Aguado,Real Madrid Castilla U21,Spain,,5500000,EUR,2029-06-30
1649919,Kareem Tunde,Levante UD,Spain,,2100000,EUR,2029-06-30
1939137,Tom\u00e1s Marqu\u00e9s,FC Barcelona,Spain,,3100000,EUR,2028-06-30
2237795,Thiago Pitarch,Real Madrid,Spain,,18200000,EUR,2027-06-30
785468,Aritz Elustondo,PAOK,Spain,,1600000,EUR,2028-06-30
788141,Jon Guridi,Sevilla,Spain,,1700000,EUR,2028-06-30
865651,Giacomo Raspadori,Atalanta,Italy,,23000000,EUR,2030-06-30
1003007,Tanguy Nianzou,Lille,France,,1200000,EUR,2028-06-30
1018190,Isaac Romero,Sevilla,Spain,,5200000,EUR,2028-06-30
1018547,Thiago Borbas,Red Bull Bragantino,Uruguay,,3300000,EUR,2027-12-31
1086128,\u00c1lex For\u00e9s,Villarreal,Spain,,630000,EUR,2027-06-30
1092515,Yago Santiago,Elche,Spain,,1100000,EUR,2027-06-30
1099344,Antoniu Roca,Espanyol,Spain,,1600000,EUR,2028-06-30
1106573,Jhon Sol\u00eds,Birmingham City,Colombia,,4900000,EUR,2030-06-30
1120947,Jozhua Vertrouwd,Rayo Vallecano,Netherlands,,2100000,EUR,
1139409,Pablo Mar\u00edn,Real Sociedad,Spain,,7400000,EUR,2029-06-30
1154549,Mario Mart\u00edn,Getafe,Spain,,10700000,EUR,2030-06-30
1160250,Tai Abed,Levante UD,Israel,,955000,EUR,2029-06-30
1398518,\u00c1lex Sancris,Getafe,Spain,,1400000,EUR,2028-06-30
1484974,Justin-Noel Kalumba,Mallorca,France,,775000,EUR,2029-06-30
1520799,Maroan Sannadi,Athletic Club,Morocco,,2800000,EUR,2029-06-30
1639543,Aitor Ma\u00f1as,Deportivo Alav\u00e9s,Spain,,570000,EUR,2030-06-30
1893910,Pablo Garc\u00eda,Real Betis,Spain,,8199999,EUR,2029-06-30
1953923,Selton Sanchez,Athletic Club,Spain,,2900000,EUR,2029-06-30
146852,Abd\u00f3n Prats,Mallorca,Spain,,860000,EUR,2028-06-30
315916,Renzo Saravia,No team,Argentina,,1300000,EUR,
826013,Abel Ru\u00edz,Girona FC,Spain,,1900000,EUR,2029-06-30
831510,Veljko Birman\u010devi\u0107,AC Sparta Praha,Serbia,,3400000,EUR,2027-06-30
857229,Oier Luengo,Burgos Club de F\u00fatbol,Spain,,640000,EUR,2029-06-30
885664,Luka Ili\u0107,Real Oviedo,Serbia,,1500000,EUR,2028-06-30
909554,Roger Brugu\u00e9,Levante UD,Spain,,1900000,EUR,2028-06-30
914749,Sergio Lozano,Jagiellonia Bia\u0142ystok,Spain,,1400000,EUR,2027-06-30
945768,Bojan Miovski,Rangers,North Macedonia,,2400000,EUR,2029-06-30
1087476,Abu Kamara,Hull City,England,,2400000,EUR,2028-06-30
1099175,Jon Karrikaburu,Real Sociedad,Spain,,1600000,EUR,2027-06-30
1398511,Adama Boiro,Athletic Club,Spain,,2300000,EUR,2029-06-30
1414932,Dani Martinez,Atl\u00e9tico Madrile\u00f1o,Spain,,550000,EUR,2027-06-30
1425060,Eder Garcia,C\u00f3rdoba,Spain,,1000000,EUR,2027-06-30
1466128,Dani D\u00edaz,Real Sociedad B,Spain,,1900000,EUR,2029-06-30
1482463,Juan Arango,Girona B,Venezuela,,91000,EUR,2028-06-30
1495856,I\u00f1igo Arguibide,Osasuna,Spain,,850000,EUR,2027-06-30
1539149,Luken Beitia,Real Sociedad B,Spain,,1100000,EUR,2029-06-30
1590761,Toni Fern\u00e1ndez,FC Barcelona,Spain,,3100000,EUR,2027-06-30
1863206,Pau Cabanes,Villarreal B U23,Spain,,775000,EUR,2028-06-30
151138,Dimitri Foulquier,Valencia,Guadeloupe,,980000,EUR,2027-06-30
175753,Mariano D\u00edaz,Deportivo Alav\u00e9s,Dominican Republic,,285000,EUR,2027-06-30
591750,Joan Jord\u00e1n,Sevilla,Spain,,970000,EUR,2027-06-30
985262,Moussa Diarra,Deportivo Alav\u00e9s,Mali,,1800000,EUR,2028-06-30
1068891,Jose Salinas,Espanyol,Spain,,1800000,EUR,2028-06-30
1090681,Ram\u00f3n Mart\u00ednez,Real Valladolid,Spain,,1000000,EUR,2029-06-30
1131581,Carlos Mart\u00edn,Atl\u00e9tico Madrid,Spain,,1500000,EUR,2029-06-30
1139724,Pelayo Fern\u00e1ndez,Rayo Vallecano,Spain,,520000,EUR,2028-06-30
1149152,Stanis Idumbo Muzambo,AS Monaco,Belgium,,3800000,EUR,2030-06-30
1151851,Dawda Camara,Girona FC,Mauritania,,1100000,EUR,2027-06-30
1466117,Lluc Castell,Burnley,Spain,,205000,EUR,2029-06-30
1546073,Xavi Espart,FC Barcelona,Spain,,5300000,EUR,2028-06-30
1550822,Asier Hierro,Athletic Club B U21,Spain,,910000,EUR,2028-06-30
1587196,Jofre Torrents\u00a0,Barcelona Atl\u00e8tic,Spain,,970000,EUR,2028-06-30
1587199,Pablo Agud\u00edn,Real Oviedo Vetusta,Spain,,915000,EUR,2029-06-30
1807070,Jorge Cabello,Levante UD,Spain,,930000,EUR,2028-06-30
1860172,Lass Kourouma,Girona B,Guinea,,520000,EUR,2028-06-30
1895197,Jorge Montes,Getafe B,Spain,,45000,EUR,2027-06-30
1918369,Davinchi,Getafe,Spain,,910000,EUR,2028-06-30
1985103,Gorka Carrera Zarranz,Real Sociedad B,Spain,,3900000,EUR,2030-06-30
796320,Joseph Aidoo,No team,Ghana,,930000,EUR,
849731,Bambo Diaby,Elche,Senegal,,850000,EUR,2027-06-30
855837,Diego Pamp\u00edn,No team,Spain,,1100000,EUR,
1100964,Aleksa Puri\u0107,Atl\u00e9tico Madrile\u00f1o,Serbia,,1000000,EUR,2029-06-30
1110138,Alvaro Leiva,Real Madrid Castilla U21,Spain,,525000,EUR,2027-06-30
1136702,Mikel Goti,Real Sociedad,Spain,,955000,EUR,2028-06-30
1145644,Manuel Serrano Salazar,Real Madrid Castilla U21,Spain,,570000,EUR,2027-06-30
1155116,Alex Padilla,Athletic Club,Mexico,,3100000,EUR,2029-06-30
1171626,Dani P\u00e9rez,Real Valladolid,Spain,,320000,EUR,2029-06-30
1179148,Rayane Belaid,Atl\u00e9tico Madrile\u00f1o,Spain,,565000,EUR,2029-06-30
1402936,Carlos Ballestero,Deportivo Alav\u00e9s B,Spain,,97000,EUR,2027-06-30
1430809,Diego Morcillo,Real Ja\u00e9n,Spain,,185000,EUR,2027-06-30
1516812,Ali Houary,Elche,Morocco,,310000,EUR,2028-06-30
1526575,Arkaitz Mariezkurrena,Real Sociedad B,Spain,,1100000,EUR,2029-06-30
1657024,I\u00f1aki Rup\u00e9rez,Real Sociedad,Spain,,205000,EUR,2029-06-30
1916256,Andr\u00e9s Anta\u00f1\u00f3n,Celta Fortuna,Spain,,535000,EUR,2027-06-30
1966890,Hugo L\u00f3pez,Villarreal B U23,Spain,,970000,EUR,2027-06-30
15466,Luka Modri\u0107,No team,Croatia,,3800000,EUR,
135700,Hakan \u00c7alhano\u011flu,Inter,T\u00fcrkiye,,16700000,EUR,2027-06-30
191210,Mike Maignan,AC Milan,France,,22000000,EUR,2031-06-30
250737,Adrien Rabiot,AC Milan,France,,17300000,EUR,2028-06-30
284361,Federico Dimarco,Inter,Italy,,48000000,EUR,2027-06-30
332155,Amir Rrahmani,SSC Napoli,Kosovo,,10600000,EUR,2027-06-30
363860,Manuel Locatelli,Juventus,Italy,,24000000,EUR,2030-06-30
787505,Benjamin Pavard,Inter,France,,12700000,EUR,2028-06-30
826188,Alessandro Bastoni,Inter,Italy,,61000000,EUR,2028-06-30
860306,Oliver Christensen,Fiorentina,Denmark,,1400000,EUR,2028-06-30
865646,Marco Carnesecchi,Atalanta,Italy,,31000000,EUR,2028-06-30
901850,Nicol\u00f2 Fagioli,Fiorentina,Italy,,14700000,EUR,2028-06-30
960441,Charles De Ketelaere,Atalanta,Belgium,,27000000,EUR,2028-06-30
1002428,Filippo Rinaldi,Parma,Italy,,620000,EUR,2029-06-30
1122588,Lander Pinillos,Deportivo Alav\u00e9s B,Spain,,210000,EUR,2027-06-30
1122835,Alisson Santos,SSC Napoli,Brazil,,29000000,EUR,2030-06-30
1142149,Medon Berisha,Lecce,Albania,,4900000,EUR,2028-06-30
1149011,Kenan Y\u0131ld\u0131z,Juventus,T\u00fcrkiye,,72000000,EUR,2030-06-30
1171451,Nico Paz,Como,Argentina,,86000000,EUR,2028-06-30
1535581,Lander Astiazaran,Real Sociedad B,Spain,,2600000,EUR,2027-06-30
138605,Piotr Zieli\u0144ski,Inter,Poland,,10300000,EUR,2028-06-30
308182,Ivan Provedel,Inter,Italy,,2800000,EUR,2029-06-30
363856,Nicol\u00f2 Barella,Inter,Italy,,54000000,EUR,2029-06-30
383560,Manuel Akanji,Inter,Switzerland,,15500000,EUR,2028-06-30
599114,Jean Butez,Como,France,,7700000,EUR,2030-06-30
814882,Nikola Moro,Bologna,Croatia,,7200000,EUR,2027-06-30
823984,Lautaro Mart\u00ednez,Inter,Argentina,,80000000,EUR,2029-06-30
850952,Federico Ravaglia,Bologna,Italy,,1600000,EUR,2028-06-30
879746,Leo \u00d8stig\u00e5rd,Genoa,Norway,,14300000,EUR,2030-06-30
885197,Bremer,Juventus,Brazil,,33000000,EUR,2029-06-30
888971,Arijanet Muri\u0107,Sassuolo,Kosovo,,6900000,EUR,
892979,Oumar Solet,Udinese,France,,22000000,EUR,2027-06-30
901891,Alexis Saelemaekers,AC Milan,Belgium,,21000000,EUR,2031-06-30
906275,Yann Bisseck,Inter,Germany,,47000000,EUR,2029-06-30
911848,Lucas Da Cunha,Como,France,,18300000,EUR,2029-06-30
965828,Mario Gila,AC Milan,Spain,,31000000,EUR,2031-06-30
1012176,Giorgio Scalvini,Atalanta,Italy,,37000000,EUR,2028-06-30
1090019,Martin Baturina,Como,Croatia,,28000000,EUR,2030-06-30
1403348,Jacobo Ram\u00f3n,Como,Spain,,32000000,EUR,2030-06-30
1643836,Filippo Carbone,Genoa U20,Italy,,410000,EUR,
91046,Stefan de Vrij,Panathinaikos FC,Netherlands,,2800000,EUR,2027-06-30
100389,Marten de Roon,Atalanta,Netherlands,,3100000,EUR,2027-06-30
136856,Pietro Terracciano,AC Milan,Italy,,960000,EUR,2027-06-30
186855,Bryan Cristante,AS Roma,Italy,,7700000,EUR,2027-06-30
259281,Alberto Paleari,Torino,Italy,,1300000,EUR,2027-06-30
284349,Simone Scuffet,Pisa,Italy,,815000,EUR,2028-06-30
318603,Emil Audero,Como,Indonesia,,2700000,EUR,2028-06-30
367056,J\u00e9r\u00e9mie Boga,Juventus,C\u00f4te d'Ivoire,,7700000,EUR,2029-06-30
791702,Marcus Thuram,Inter,France,,52000000,EUR,2028-06-30
793986,Mile Svilar,AS Roma,Serbia,,33000000,EUR,2030-06-30
879346,Scott McTominay,SSC Napoli,Scotland,,38000000,EUR,2028-06-30
905351,Zion Suzuki,Parma,Japan,,21000000,EUR,2029-06-30
907668,Billy Gilmour,SSC Napoli,Scotland,,18800000,EUR,2029-06-30
934384,Adri\u00e1n Bernab\u00e9,Parma,Spain,,14100000,EUR,2027-06-30
937324,Nicol\u00f2 Rovella,Lazio,Italy,,25000000,EUR,2028-06-30
965008,Sebastiano Esposito,Cagliari,Italy,,13700000,EUR,2030-06-30
965893,Strahinja Pavlovi\u0107,AC Milan,Serbia,,38000000,EUR,2028-06-30
1082406,Mat\u00edas Soul\u00e9,AS Roma,Argentina,,36000000,EUR,2029-06-30
1134200,Wesley,AS Roma,Brazil,,43000000,EUR,2030-06-30
1397736,Marco Palestra,Chelsea,Italy,,36000000,EUR,2033-06-30
70996,Kevin De Bruyne,SSC Napoli,Belgium,,8300000,EUR,2027-06-30
226974,Marc Kempf,Como,Germany,,3400000,EUR,2027-06-30
253367,Domenico Berardi,Sassuolo,Italy,,7600000,EUR,2029-06-30
256667,Wladimiro Falcone,Lecce,Italy,,3600000,EUR,2028-06-30
284363,Federico Bonazzoli,Cremonese,Italy,,2600000,EUR,2028-06-30
295133,Edoardo Goldaniga,Como,Italy,,1900000,EUR,2028-06-30
548178,Rolando Mandragora,Fiorentina,Italy,,8600000,EUR,2028-06-30
611210,Gianluca Mancini,AS Roma,Italy,,14600000,EUR,2027-06-30
817957,Christian Puli\u0161i\u0107,AC Milan,USA,,43000000,EUR,2027-06-30
822518,Dod\u00f4,Fiorentina,Brazil,,17400000,EUR,2027-06-30
830858,Keinan Davis,Udinese,England,,10300000,EUR,2031-06-30
850993,David Neres,SSC Napoli,Brazil,,22000000,EUR,2028-06-30
852404,Matt\u00e9o Guendouzi,Fenerbah\u00e7e,France,,26000000,EUR,2030-06-30
865167,Lloyd Kelly,Juventus,England,,24000000,EUR,2029-06-30
888219,Junior Messias,Genoa,Brazil,,1100000,EUR,2027-06-30
946888,\u00c9derson,Atalanta,Brazil,,43000000,EUR,2027-06-30
947954,Elia Caprile,Cagliari,Italy,,14100000,EUR,2029-06-30
974087,Manu Kon\u00e9,AS Roma,France,,47000000,EUR,2029-06-30
979222,Francisco Concei\u00e7\u00e3o,Juventus,Portugal,,28000000,EUR,2030-06-30
1801193,Mat\u00edas P\u00e9rez,Lecce,Chile,,470000,EUR,2028-06-30
44241,Nemanja Mati\u0107,Sassuolo,Serbia,,1500000,EUR,2027-06-30
69378,David De Gea,Fiorentina,Spain,,3300000,EUR,2028-06-30
126816,Francesco Acerbi,No team,Italy,,1900000,EUR,
148899,Leonardo Spinazzola,SSC Napoli,Italy,,3400000,EUR,2028-06-30
227864,Alessio Romagnoli,Lazio,Italy,,6200000,EUR,2027-06-30
287057,Roberto Gagliardini,No team,Italy,,1200000,EUR,
293581,Mattia Zaccagni,Lazio,Italy,,6800000,EUR,2029-06-30
814876,Adrian \u0160emper,Pisa,Croatia,,1700000,EUR,2027-06-30
818481,Jhon Lucum\u00ed,Bologna,Colombia,,23000000,EUR,2027-06-30
855829,Juan Miranda,Bologna,Spain,,15700000,EUR,2028-06-30
891656,Maduka Okoye,Udinese,Nigeria,,10800000,EUR,2028-06-30
904832,Kh\u00e9phren Thuram,Juventus,France,,36000000,EUR,2029-06-30
932643,Armand Laurient\u00e9,Sassuolo,France,,19900000,EUR,2029-06-30
984095,Alessio Furlanetto,Lazio,Italy,,365000,EUR,2028-06-30
984184,Nicola Zalewski,Atalanta,Poland,,18400000,EUR,2029-06-30
990411,Edoardo Corvi,Parma,Italy,,1500000,EUR,2029-06-30
1012177,Lorenzo Bernasconi,Atalanta,Italy,,21000000,EUR,2028-06-30
1086286,M\u00e1ximo Perrone,Como,Argentina,,34000000,EUR,2029-06-30
1134351,Ismael Kon\u00e9,Sassuolo,Canada,,26000000,EUR,2030-06-30
1155423,Alessandro Circati,Parma,Australia,,13000000,EUR,2029-06-30
16206,Yann Sommer,Club Brugge KV,Switzerland,,1800000,EUR,2029-06-30
37151,Henrikh Mkhitaryan,Inter,Armenia,,2900000,EUR,2027-06-30
235672,Matteo Politano,SSC Napoli,Italy,,5300000,EUR,2028-06-30
353130,Mario Hermoso,AS Roma,Spain,,6600000,EUR,2027-06-30
357596,Nikola Vla\u0161i\u0107,Torino,Croatia,,10300000,EUR,2027-06-30
360396,Yerry Mina,Cagliari,Colombia,,2300000,EUR,2028-06-30
556696,Justin Bijlow,Genoa,Netherlands,,4099999,EUR,2029-06-30
787941,Frank Anguissa,SSC Napoli,Cameroon,,14600000,EUR,2027-06-30
797286,Aar\u00f3n Mart\u00edn,Genoa,Spain,,4900000,EUR,2027-06-30
826195,Matteo Gabbia,AC Milan,Italy,,17500000,EUR,2029-06-30
848287,Evan Ndicka,AS Roma,C\u00f4te d'Ivoire,,34000000,EUR,2028-06-30
851284,Rafael Le\u00e3o,AC Milan,Portugal,,48000000,EUR,2028-06-30
877201,Gabriel Strefezza,Olympiacos FC,Brazil,,7100000,EUR,2029-06-30
893752,Stefano Turati,Sassuolo,Italy,,3100000,EUR,2028-06-30
965330,Pierre Kalulu,Juventus,France,,31000000,EUR,2029-06-30
971005,Nicol\u00f2 Cambiaghi,Bologna,Italy,,12600000,EUR,2029-06-30
972886,Fabiano Parisi,Fiorentina,Italy,,5500000,EUR,2029-06-30
1063373,Thomas Kristensen,Udinese,Denmark,,11600000,EUR,2028-06-30
1110136,Mandela Keita,Parma,Belgium,,18100000,EUR,2029-06-30
1516324,Mariano Troilo,Parma,Argentina,,9100000,EUR,2030-06-30
126588,Filip Kosti\u0107,No team,Serbia,,1800000,EUR,
150383,Stanislav Lobotka,SSC Napoli,Slovakia,,10300000,EUR,2027-06-30
151003,Berat Djimsiti,Atalanta,Albania,,4300000,EUR,2027-06-30
153257,Giovanni Di Lorenzo,SSC Napoli,Italy,,6800000,EUR,2028-06-30
195850,Ruslan Malinovskyi,Trabzonspor,Ukraine,,2600000,EUR,2029-06-30
256219,Paulo Dybala,AS Roma,Argentina,,5200000,EUR,2027-06-30
294597,Federico Bernardeschi,Bologna,Italy,,3600000,EUR,2027-06-30
339909,Guillermo Marip\u00e1n,Internacional,Chile,,1900000,EUR,2028-06-30
604232,Diego Carlos,Fenerbah\u00e7e,Brazil,,5300000,EUR,2028-06-30
840414,Ardian Ismajli,Torino,Albania,,4700000,EUR,2027-06-30
841977,Ylber Ramadani,\u00c7orum FK,Albania,,2000000,EUR,2028-06-30
844609,Michele Di Gregorio,Juventus,Italy,,9600000,EUR,2029-06-30
875136,Noa Lang,SSC Napoli,Netherlands,,24000000,EUR,2030-06-30
918440,Morten Frendrup,Genoa,Denmark,,14400000,EUR,2028-06-30
924973,Kristian Thorstvedt,Sassuolo,Norway,,12400000,EUR,2027-06-30
982778,Devyne Rensch,AS Roma,Netherlands,,7900000,EUR,2029-06-30
1160559,Oliver Provstgaard,Lazio,Denmark,,16500000,EUR,2029-06-30
1390489,Davide Bartesaghi,AC Milan,Italy,,20000000,EUR,2030-06-30
1444690,Arthur Atta,Fiorentina,France,,27000000,EUR,2031-06-30
1961644,Abdoulaye Camara,Udinese,France,,1500000,EUR,2029-06-30
98059,Nicola Leali,Hellas Verona,Italy,,920000,EUR,2028-06-30
115516,Remo Freuler,No team,Switzerland,,3100000,EUR,
190437,Mario Pa\u0161ali\u0107,Atalanta,Croatia,,6200000,EUR,2028-06-30
317301,Danilo Cataldi,Lazio,Italy,,3700000,EUR,2027-06-30
377118,Robin Gosens,FC Schalke 04,Germany,,4099999,EUR,2027-06-30
788255,Fikayo Tomori,AC Milan,England,,15700000,EUR,2027-06-30
850891,Michel Aebischer,Pisa,Switzerland,,4200000,EUR,2029-06-30
881931,Weston McKennie,Juventus,USA,,31000000,EUR,2030-06-30
891346,Emanuele Valeri,Parma,Italy,,2900000,EUR,2028-06-30
906963,Andrias Edmundsson,Hellas Verona,Faroe Islands,,3100000,EUR,2029-06-30
917048,Andrea Cambiaso,Juventus,Italy,,21000000,EUR,2029-06-30
929199,Carlos Augusto,Inter,Brazil,,22000000,EUR,2028-06-30
974581,Ivan Smol\u010di\u0107,Como,Croatia,,3800000,EUR,2031-06-30
1001828,Koni De Winter,AC Milan,Belgium,,22000000,EUR,2030-06-30
1017649,Matteo Cancellieri,Lazio,Italy,,7200000,EUR,2027-06-30
1091303,Petar Su\u010di\u0107,Inter,Croatia,,44000000,EUR,2030-06-30
1174457,Samuele Angori,Pisa,Italy,,4300000,EUR,2027-06-30
1177723,Jayden Addai,Como,Netherlands,,21000000,EUR,2030-06-30
1518983,Edoardo Motta,Lazio,Italy,,8300000,EUR,2030-06-30
1651825,Tiago Gabriel,Lecce,Portugal,,14600000,EUR,2027-06-30
2899,Daniele Padelli,Udinese,Italy,,165000,EUR,2027-06-30
132318,Davide Zappacosta,Atalanta,Italy,,3800000,EUR,2028-06-30
229740,Alberto Moreno,No team,Spain,,955000,EUR,
318645,Jari Vandeputte,Cremonese,Belgium,,3200000,EUR,2028-06-30
369866,Luca Mazzitelli,Como,Italy,,1300000,EUR,2027-06-30
558320,Ulisses Garcia,Olympique de Marseille,Switzerland,,2900000,EUR,2028-06-30
793645,Riccardo Orsolini,Bologna,Italy,,15800000,EUR,2027-06-30
851222,Mehdi L\u00e9ris,Pisa,Algeria,,1900000,EUR,2028-06-30
893998,Luca Ranieri,Fiorentina,Italy,,6200000,EUR,2028-06-30
902019,Gianluca Gaetano,Atalanta,Italy,,6300000,EUR,2031-06-30
930189,Samuele Ricci,AC Milan,Italy,,20000000,EUR,2029-06-30
941179,Niels Nkounkou,Eintracht Frankfurt,France,,2800000,EUR,2028-06-30
958517,Lautaro Valenti,Parma,Argentina,,2200000,EUR,2027-06-30
977679,Lu\u00eds Henrique,Inter,Brazil,,24000000,EUR,2030-06-30
996820,Kristjan Asllani,Inter,Albania,,12400000,EUR,2028-06-30
1069560,Antonio Vergara,SSC Napoli,Italy,,13600000,EUR,2030-06-30
1089453,Sa\u00fal Coco,Torino,Equatorial Guinea,,7700000,EUR,2029-06-30
1118177,Tarik Muharemovi\u0107,Leeds United,Bosnia & Herzegovina,,27000000,EUR,2031-06-30
1157713,Isak Hien,Atalanta,Sweden,,21000000,EUR,2028-06-30
1800245,Jes\u00fas Rodriguez,Como,Spain,,32000000,EUR,2030-06-30
47743,Juan Cuadrado,No team,Colombia,,760000,EUR,
356160,Vanja Milinkovi\u0107-Savi\u0107,SSC Napoli,Serbia,,18600000,EUR,2030-06-30
555540,Lorenzo Pellegrini,No team,Italy,,8400000,EUR,
798002,Toma Ba\u0161i\u0107,Venezia,Croatia,,3100000,EUR,2029-06-30
848355,Angeli\u00f1o,AS Roma,Spain,,4200000,EUR,2028-06-30
859027,Maxence Caqueret,Como,France,,13400000,EUR,2029-06-30
894863,Anastasios Douvikas,Como,Greece,,24000000,EUR,2029-06-30
898815,Sam Beukema,SSC Napoli,Netherlands,,24000000,EUR,2030-06-30
904887,J\u00fcrgen Ekkelenkamp,Udinese,Netherlands,,10300000,EUR,2029-06-30
908716,Miguel Guti\u00e9rrez,SSC Napoli,Spain,,24000000,EUR,2030-06-30
922928,Alessandro Zanoli,Udinese,Italy,,4900000,EUR,2029-06-30
944973,Nuno Tavares,Lazio,Portugal,,12600000,EUR,2029-06-30
959806,Kenneth Taylor,Lazio,Netherlands,,26000000,EUR,2030-06-30
964153,Adam Obert,Cagliari,Slovakia,,6400000,EUR,2030-06-30
1014287,Jamil Siebert,Lecce,Germany,,4300000,EUR,2028-06-30
1087514,Brooke Norton-Cuffy,Genoa,England,,15500000,EUR,2029-06-30
1392819,Gaby Jean,Lecce,France,,1400000,EUR,2027-06-30
1486729,Nesta Elphege,Parma,France,,3700000,EUR,2030-06-30
1486808,Eivind Helland,Bologna,Norway,,7400000,EUR,2030-06-30
1831525,Branimir Mla\u010di\u0107,Udinese,Croatia,,5400000,EUR,2031-06-30
35428,Pedro,No team,Spain,,1000000,EUR,
43970,Marco Silvestri,Fatih Karag\u00fcmr\u00fck,Italy,,525000,EUR,
220223,Andrea Belotti,No team,Italy,,1400000,EUR,
786175,Federico Baschirotto,Cremonese,Italy,,3400000,EUR,2028-06-30
807400,Abdelhamid Sabiri,No team,Morocco,,925000,EUR,
864898,Nicol\u00f2 Zaniolo,Udinese,Italy,,14200000,EUR,2029-06-30
870211,Alberto Dossena,Como,Italy,,5600000,EUR,2028-06-30
893008,Zeki \u00c7elik,Juventus,T\u00fcrkiye,,14500000,EUR,
902031,Jo\u00e3o M\u00e1rio,Juventus,Portugal,,8600000,EUR,2030-06-30
965264,Emil Holm,Bologna,Sweden,,9000000,EUR,2028-06-30
976381,Gustav Isaksen,Lazio,Denmark,,16399999,EUR,2028-06-30
980624,Lazar Samard\u017ei\u0107,Atalanta,Serbia,,15500000,EUR,2029-06-30
1016788,Cesare Casadei,Torino,Italy,,15600000,EUR,2029-06-30
1065261,Jonathan Rowe,Bologna,England,,29000000,EUR,2029-06-30
1090374,Kialonda Gaspar,Lecce,Angola,,2900000,EUR,2027-06-30
1211005,Yellu Santiago,Hellas Verona,Spain,,630000,EUR,2028-06-30
1384847,Daniele Ghilardi,AS Roma,Italy,,19700000,EUR,2030-06-30
1416579,Matteo Cocchi,Inter U23,Italy,,2600000,EUR,2030-06-30
1499991,Jan Zi\u00f3\u0142kowski,AS Roma,Poland,,11600000,EUR,2030-06-30
1525367,Ebenezer Akinsanmiro,Inter,Nigeria,,6700000,EUR,2029-06-30
44906,\u0141ukasz Skorupski,Bologna,Poland,,1900000,EUR,2027-06-30
58351,Christian Kabasele,Udinese,Belgium,,805000,EUR,2027-06-30
217784,Patric,Lazio,Spain,,1400000,EUR,2027-06-30
233826,Valentino Lazaro,Al-Ain,Austria,,2400000,EUR,
346948,Stefano Moreo,Pisa,Italy,,1200000,EUR,2027-06-30
351434,Hassane Kamara,Udinese,C\u00f4te d'Ivoire,,3200000,EUR,2027-06-30
870263,Alessandro Buongiorno,SSC Napoli,Italy,,32000000,EUR,2029-06-30
887275,Matteo Tramoni,Pisa,France,,4600000,EUR,2030-06-30
889785,Johan V\u00e1squez,Genoa,Mexico,,11300000,EUR,2028-06-30
945616,Antonino Gallo,Lecce,Italy,,3200000,EUR,2027-06-30
979479,Gennaro Borrelli,Cagliari,Italy,,2900000,EUR,2029-06-30
983601,Kieron Bowie,Hellas Verona,Scotland,,7500000,EUR,2030-06-30
989186,Ignace Van der Brempt,Como,Belgium,,2700000,EUR,2028-06-30
1069244,Tijjani Noslin,Lazio,Netherlands,,7200000,EUR,2029-06-30
1085913,Martin Vit\u00edk,Bologna,Czechia,,13400000,EUR,2029-06-30
1128063,Federico Gatti,Juventus,Italy,,13200000,EUR,2030-06-30
1133236,Tobias Slotsager,Hellas Verona,Denmark,,3100000,EUR,2028-06-30
1142612,Emirhan \u0130lkhan,Torino,T\u00fcrkiye,,6300000,EUR,2027-06-30
1493689,Assane Diao,Como,Senegal,,31000000,EUR,2029-06-30
1499054,Lu\u00eds Balbo,Fiorentina,Venezuela,,3100000,EUR,2028-06-30
108484,Juan Jesus,No team,Brazil,,1500000,EUR,
158037,Matteo Bianchetti,Cremonese,Italy,,880000,EUR,2027-06-30
227894,Jesper Karlstr\u00f6m,Udinese,Sweden,,4099999,EUR,2028-06-30
341143,Giovanni Simeone,Torino,Argentina,,7200000,EUR,2028-06-30
805078,Math\u00edas Olivera,SSC Napoli,Uruguay,,14500000,EUR,2030-06-30
826326,Idrissa Tour\u00e9,Pisa,Germany,,4900000,EUR,2027-06-30
845291,Josep Mart\u00ednez,Inter,Spain,,10500000,EUR,2029-06-30
874812,Martin Frese,Hellas Verona,Denmark,,2700000,EUR,2027-06-30
893640,Riccardo Sottil,Fiorentina,Italy,,3100000,EUR,2027-06-30
895868,Nahuel Est\u00e9vez,Palermo,Argentina,,1300000,EUR,2028-06-30
911350,Lameck Banda,Lecce,Zambia,,3400000,EUR,2027-06-30
970998,Patrizio Masini,Genoa,Italy,,4400000,EUR,2028-06-30
983815,Yunus Musah,AC Milan,USA,,14500000,EUR,2028-06-30
1002564,Mikayil Faye,Stade Rennais,Senegal,,4200000,EUR,2028-06-30
1034082,Ardon Jashari,AC Milan,Switzerland,,24000000,EUR,2030-06-30
1068286,Rui Modesto,Udinese,Angola,,1700000,EUR,2029-06-30
1093695,Vitinha,Genoa,Portugal,,8400000,EUR,2028-06-30
1511706,Alexsandro Amorim,Genoa,Brazil,,8800000,EUR,2030-06-30
1526933,Eddy Kouadio,Monza,Italy,,2700000,EUR,2027-06-30
1823916,Darryl Bakola,Sassuolo,France,,8400000,EUR,2030-06-30
45925,Stephan El Shaarawy,No team,Italy,,2200000,EUR,
76132,Milan \u0110uri\u0107,Cremonese,Bosnia & Herzegovina,,1100000,EUR,2027-06-30
98212,Charalampos Lykogiannis,No team,Greece,,1200000,EUR,
215246,Franco V\u00e1zquez,Club Atl\u00e9tico Belgrano,Argentina,,640000,EUR,2027-12-31
356032,Filippo Romagna,No team,Italy,,775000,EUR,
803033,Teun Koopmeiners,Juventus,Netherlands,,13200000,EUR,2029-06-30
804621,Lassana Coulibaly,Lecce,Mali,,2300000,EUR,2027-06-30
847467,Marin Pongra\u010di\u0107,Fiorentina,Croatia,,5900000,EUR,2029-06-30
876259,Hans Nicolussi Caviglia,Parma,Italy,,6200000,EUR,2030-06-30
914691,Tariq Lamptey,No team,Ghana,,2700000,EUR,
928103,Enrico Delprato,Parma,Italy,,6600000,EUR,2027-06-30
976025,Armel Bella-Kotchap,Venezia,Germany,,6700000,EUR,2030-06-30
988037,Juan Cabal,Juventus,Colombia,,7200000,EUR,2029-06-30
1002045,Danilo Veiga,Lecce,Portugal,,2400000,EUR,2027-06-30
1030829,Gvidas Gineitis,Torino,Lithuania,,5000000,EUR,2029-06-30
1086223,Ange-Yoan Bonny,Inter,C\u00f4te d'Ivoire,,34000000,EUR,2030-06-30
1142238,\u00c1lex Valle,Como,Spain,,12900000,EUR,2029-06-30
1155625,Cristian Volpato,Sassuolo,Australia,,9700000,EUR,2028-06-30
1409700,Zachary Athekame,AC Milan,Switzerland,,15500000,EUR,2030-06-30
2246841,Wedtoin Latif Ouedraogo,Genoa U20,Burkina Faso,,1000000,EUR,2029-06-30
592794,Alex Meret,SSC Napoli,Italy,,7200000,EUR,2027-06-30
769333,Christopher Nkunku,AC Milan,France,,26000000,EUR,2030-06-30
773409,Che Adams,Torino,Scotland,,4800000,EUR,2027-06-30
800408,Suat Serdar,Hellas Verona,Germany,,2600000,EUR,2028-06-30
804909,Albert Gu\u00f0mundsson,Fiorentina,Iceland,,10900000,EUR,2029-06-30
805465,Pervis Estupi\u00f1\u00e1n,AC Milan,Ecuador,,11100000,EUR,2030-06-30
832208,Du\u0161an Vlahovi\u0107,No team,Serbia,,34000000,EUR,
838232,Eljif Elmas,RB Leipzig,North Macedonia,,12600000,EUR,2028-06-30
846148,Victor Nelsson,Galatasaray,Denmark,,6400000,EUR,2027-06-30
886243,Sebastian Walukiewicz,Sassuolo,Poland,,4700000,EUR,
907152,Lewis Ferguson,Bologna,Scotland,,13000000,EUR,2028-06-30
975811,Mattia Felici,Cagliari,Italy,,2600000,EUR,2027-06-30
983816,Jeremy Sarmiento,Middlesbrough,Ecuador,,4600000,EUR,2030-06-30
993389,Tommaso Barbieri,Cremonese,Italy,,3700000,EUR,2028-06-30
1019442,Kamaldeen Sulemana,Atalanta,Ghana,,16500000,EUR,2029-06-30
1099296,Mateo Pellegrino,Parma,Argentina,,14600000,EUR,2030-06-30
1116577,Santiago Castro,Bologna,Argentina,,29000000,EUR,2030-06-30
1128530,Neil El Aynaoui,AS Roma,Morocco,,22000000,EUR,2030-06-30
1154894,Lennon Miller,Udinese,Scotland,,9300000,EUR,2030-06-30
1530540,Massimo Pessina,Bologna,Italy,,3800000,EUR,2029-06-30
164511,Jean Daniel Akpa-Akpro,No team,C\u00f4te d'Ivoire,,515000,EUR,
173827,Jamie Vardy,No team,England,,970000,EUR,
176301,Marco Sportiello,Atalanta,Italy,,730000,EUR,2028-06-30
186845,Alberto Grassi,Cremonese,Italy,,1300000,EUR,2027-06-30
253391,Lorenzo Montip\u00f2,Hellas Verona,Italy,,1200000,EUR,2028-06-30
352736,Sebastiano Luperto,Cremonese,Italy,,3900000,EUR,2030-06-30
355486,Stefan Posch,Como,Austria,,6200000,EUR,2029-06-30
575852,Sandi Lovri\u0107,Udinese,Slovenia,,3400000,EUR,2027-06-30
798147,M\u00ebrgim Vojvoda,Udinese,Kosovo,,2700000,EUR,2028-06-30
856638,Mitchel Bakker,Atalanta,Netherlands,,2700000,EUR,2027-06-30
970928,Daniel Maldini,Atalanta,Italy,,9600000,EUR,2029-06-30
1012172,Tommaso Baldanzi,Genoa,Italy,,8000000,EUR,2027-06-30
1034303,Filippo Terracciano,AC Milan,Italy,,4600000,EUR,2028-06-30
1048889,Andy Diouf,Inter,France,,22000000,EUR,2030-06-30
1103488,Rafik Belghali,Hellas Verona,Algeria,,7200000,EUR,2029-06-30
1138856,Adam Buksa,Udinese,Poland,,3400000,EUR,2029-06-30
1153083,Valent\u00edn Carboni,Racing Club,Argentina,,8100000,EUR,2026-12-31
1175821,Niccol\u00f2 Pisilli,AS Roma,Italy,,31000000,EUR,2029-06-30
1215062,Luka Topalovi\u0107,Inter U23,Slovenia,,3100000,EUR,2029-06-30
1397739,Dominic Vavassori,Atalanta U23,Italy,,3300000,EUR,2029-06-30
14718,Lorenzo De Silvestri,Bologna,Italy,,540000,EUR,2027-06-30
79645,Mattia Perin,Juventus,Italy,,1900000,EUR,2027-06-30
595572,Daniele Sommariva,No team,Italy,,110000,EUR,
797596,Marius Marin,Al-Nasr Dubai,Romania,,2600000,EUR,2028-06-30
825271,Jakub Piotrowski,Udinese,Poland,,4400000,EUR,2029-06-30
856065,Pontus Almqvist,Parma,Sweden,,1700000,EUR,2027-06-30
928800,Marco Brescianini,Fiorentina,Italy,,8300000,EUR,2030-06-30
928879,Andrea Ghion,Sassuolo,Italy,,830000,EUR,2029-06-30
933264,Torbj\u00f8rn Heggem,Bologna,Norway,,12200000,EUR,2029-06-30
1114422,Cher Ndour,Fiorentina,Italy,,18900000,EUR,2029-06-30
1136399,Nicol\u00f2 Bertola,Udinese,Italy,,7500000,EUR,2030-06-30
1155571,Iker Bravo,Udinese,Spain,,3300000,EUR,2028-06-30
1210995,Isak Vural,Pisa,T\u00fcrkiye,,5200000,EUR,2028-06-30
1389689,Reda Belahyane,Lazio,Morocco,,6600000,EUR,2029-06-30
1424191,David Odogu,AC Milan,Germany,,4600000,EUR,2029-06-30
1424353,Francesco Folino,Cremonese,Italy,,870000,EUR,2028-06-30
1526308,Mamedi Doucoure,Genoa,France,,390000,EUR,
1526934,Niccol\u00f2 Fortini,Fiorentina,Italy,,10900000,EUR,2027-06-30
1618563,Lorenzo Venturino,Genoa,Italy,,4600000,EUR,2029-06-30
2284001,Brando Bettazzi,Pisa U19,Italy,,160000,EUR,
3041,Ra\u00fal Albiol,No team,Spain,,665000,EUR,
184421,Stefano Sabelli,Genoa,Italy,,1300000,EUR,2028-06-30
267619,Adam Maru\u0161i\u0107,Lazio,Montenegro,,2700000,EUR,2028-06-30
280991,Morten Thorsby,Cremonese,Norway,,3100000,EUR,2028-06-30
807301,Gianluca Scamacca,Atalanta,Italy,,27000000,EUR,2028-06-30
826186,Luca Pellegrini,Lazio,Italy,,4400000,EUR,2027-06-30
835601,Moise Kean,Fiorentina,Italy,,33000000,EUR,2029-06-30
877371,Ivan Ili\u0107,Torino,Serbia,,6800000,EUR,2027-06-30
887766,Edon Zhegrova,Juventus,Kosovo,,9500000,EUR,2030-06-30
933641,Jay Idzes,Sassuolo,Indonesia,,14600000,EUR,2029-06-30
1000263,Albert Gr\u00f8nb\u00e6k,Hamburger SV,Denmark,,5300000,EUR,2030-06-30
1001997,R\u0103zvan Sava,Universitatea Craiova,Romania,,2700000,EUR,2030-06-30
1012179,Jacopo Fazzini,Cagliari,Italy,,8199999,EUR,2027-06-30
1031548,Alieu Fadera,Como,Gambia,,4600000,EUR,2028-06-30
1084846,Franco Israel,Torino,Uruguay,,2400000,EUR,2028-06-30
1116570,Nicol\u00e1s Valentini,Fiorentina,Argentina,,3100000,EUR,2029-06-30
1165371,Luca Marianucci,SSC Napoli,Italy,,7500000,EUR,2030-06-30
1476922,Juan Arizala,Udinese,Colombia,,3800000,EUR,2030-06-30
1485391,Juan Rodr\u00edguez,Cagliari,Uruguay,,9400000,EUR,2030-06-30
1615784,Yael Trepy,Cagliari,France,,1900000,EUR,2030-06-30
142148,Sead Kola\u0161inac,Atalanta,Bosnia & Herzegovina,,4200000,EUR,2027-06-30
609206,Kingsley Ehizibue,No team,Nigeria,,2200000,EUR,
814589,Giuseppe Pezzella,Cremonese,Italy,,2100000,EUR,2028-06-30
826064,Jens Odgaard,Bologna,Denmark,,11400000,EUR,2029-06-30
826185,Raoul Bellanova,Atalanta,Italy,,14600000,EUR,2029-06-30
831290,David Okereke,No team,Nigeria,,1500000,EUR,
837080,Antoine Bernede,Hellas Verona,France,,3400000,EUR,2028-06-30
839156,Nikola Krstovi\u0107,Atalanta,Montenegro,,29000000,EUR,2030-06-30
850971,Manuel De Luca,Cremonese,Italy,,1300000,EUR,2028-06-30
862697,Nicol\u00f2 Casale,Bologna,Italy,,4099999,EUR,2028-06-30
917485,Walid Cheddira,SSC Napoli,Morocco,,1900000,EUR,2028-06-30
928104,Nadir Zortea,Bologna,Italy,,6600000,EUR,2029-06-30
928796,Tommaso Pobega,Bologna,Italy,,8199999,EUR,2028-06-30
964119,Jordan Zemura,Udinese,Zimbabwe,,4500000,EUR,2027-06-30
973437,Odilon Kossounou,Atalanta,C\u00f4te d'Ivoire,,15500000,EUR,2029-06-30
1010223,Fabio Miretti,Juventus,Italy,,14600000,EUR,2028-06-30
1014651,Balthazar Pierret,Red Star FC,France,,1500000,EUR,
1068885,Alessandro Marcandalli,Genoa,Italy,,14800000,EUR,2029-06-30
1156616,Francesco Pio Esposito,Inter,Italy,,47000000,EUR,2030-06-30
1404639,Sebastian Otoa,Genoa,Denmark,,2700000,EUR,2028-06-30
38162,Duv\u00e1n Zapata,Torino,Colombia,,2600000,EUR,2028-06-30
122848,Cristiano Biraghi,Torino,Italy,,860000,EUR,2027-06-30
123976,Sergi Roberto,No team,Spain,,1400000,EUR,
156019,Hernani,Palermo,Brazil,,1300000,EUR,2028-06-30
284441,Ruben Loftus-Cheek,AC Milan,England,,9000000,EUR,2027-06-30
328109,Alessandro Deiola,Cagliari,Italy,,1400000,EUR,2029-06-30
759520,Denzel Dumfries,Real Madrid,Netherlands,,26000000,EUR,2030-06-30
791566,Grigoris Kastanos,Hellas Verona,Cyprus,,1400000,EUR,2027-06-30
848279,Enzo Ebosse,Udinese,Cameroon,,2700000,EUR,2027-06-30
869275,Dennis Johnsen,Palermo,Norway,,2600000,EUR,2029-06-30
897594,Domagoj Bradari\u0107,Hellas Verona,Croatia,,1600000,EUR,2028-06-30
928295,Adrian Benedyczak,Parma,Poland,,4900000,EUR,2028-06-30
945062,Youssouf Fofana,AC Milan,France,,25000000,EUR,2028-06-30
989894,Woyo Coulibaly,Leicester City,Mali,,2200000,EUR,2029-06-30
998830,Daniel Oyegoke,Hellas Verona,England,,925000,EUR,2028-06-30
1123175,Riyad Idrissi,Cagliari,Italy,,4099999,EUR,2030-06-30
1127590,Mohamed Kaba,Lecce,Guinea,,2400000,EUR,2027-06-30
1210848,Pietro Comuzzo,Fiorentina,Italy,,18500000,EUR,2029-06-30
1634980,Honest Ahanor,Atalanta,Italy,,31000000,EUR,2028-06-30
2049928,Paul Mendy,Cagliari,Senegal,,6700000,EUR,2031-06-30
14990,Edin D\u017eeko,No team,Bosnia & Herzegovina,,905000,EUR,
105905,Sulemana,Atalanta,Ghana,,5800000,EUR,2028-06-30
273405,Manuel Lazzari,Lazio,Italy,,2200000,EUR,2027-06-30
309156,Caleb Ekuban,No team,Ghana,,1100000,EUR,
786259,Kostas Tsimikas,Liverpool FC,Greece,,4400000,EUR,2027-06-30
856737,Zakaria Aboukhlal,Torino,Morocco,,6500000,EUR,2029-06-30
868958,Moatasem Al-Musrati,Be\u015fikta\u015f JK,Libya,,4200000,EUR,2027-06-30
877835,Nicolas-Gerrit K\u00fchn,Como,Germany,,9400000,EUR,2029-06-30
909991,Simon Sohm,Fiorentina,Switzerland,,7800000,EUR,2030-06-30
911355,Simone Canestrelli,Pisa,Italy,,4700000,EUR,2028-06-30
928777,Michel Adopo,Cagliari,France,,6800000,EUR,2029-06-30
945448,Z\u00e9 Pedro,Cagliari,Portugal,,3200000,EUR,2028-06-30
965009,Gaetano Oristanio,Torino,Italy,,4500000,EUR,2027-06-30
1067204,Giovanni Fabbian,Fiorentina,Italy,,9300000,EUR,2030-06-30
1111640,Matteo Prati,Cagliari,Italy,,5000000,EUR,2028-06-30
1126175,Saba Goglichidze,Udinese,Georgia,,3400000,EUR,2030-06-30
1142692,Rafael Obrador,Benfica,Spain,,5200000,EUR,2030-06-30
1154898,Luca Lipani,Sassuolo,Italy,,7700000,EUR,2028-06-30
1175854,Oumar Ngom,Lecce,Mauritania,,2700000,EUR,2029-06-30
1493157,Alieu Njie,Torino,Sweden,,2900000,EUR,2029-06-30
253369,Simone Perilli,Hellas Verona,Italy,,375000,EUR,
352728,Nikita Contini,SSC Napoli,Italy,,390000,EUR,2031-06-30
788061,M'bala Nzola,Fiorentina,Angola,,3900000,EUR,2027-06-30
886628,\u00de\u00f3rir J\u00f3hann Helgason,Venezia,Iceland,,1700000,EUR,2029-06-30
907667,Tino Anjorin,Torino,England,,4099999,EUR,2028-06-30
933203,Mikael Ellertsson,Genoa,Iceland,,5600000,EUR,2029-06-30
978327,N'Dri Konan,Lecce,Niger,,1500000,EUR,2027-06-30
989276,Josh Doig,Sassuolo,Scotland,,4400000,EUR,2028-06-30
1000366,Warren Bondo,AC Milan,France,,5700000,EUR,2029-06-30
1012165,Gioele Zacchi,Sassuolo,Italy,,650000,EUR,
1013041,Nicol\u00f2 Cavuoti,Cagliari,Italy,,360000,EUR,2030-06-30
1086417,Rasmus H\u00f8jlund,SSC Napoli,Denmark,,66000000,EUR,2030-06-30
1149288,Vasilije Ad\u017ei\u0107,Juventus,Montenegro,,8800000,EUR,2029-06-30
1403088,Olaf Gorter,Lecce,Netherlands,,190000,EUR,2029-06-30
1403204,Gael Lafont,Genoa U20,France,,485000,EUR,
1466806,Adrian Przyborek,Lazio,Poland,,6200000,EUR,2030-06-30
1469998,Othni\u00ebl Raterink,Cagliari,Netherlands,,1000000,EUR,2030-06-30
1495719,Matteo Palma,Udinese,Germany,,6800000,EUR,2028-06-30
1618552,Simone Lottici Tessadri,Cremonese,Italy,,220000,EUR,2029-06-30
1643838,Jacopo Grossi,Genoa,Italy,,520000,EUR,
78893,Romelu Lukaku,SSC Napoli,Belgium,,5800000,EUR,2027-06-30
108673,Nicolae Stanciu,Dalian Yingbo FC,Romania,,2000000,EUR,2027-06-30
116666,Antonio Caracciolo,Pisa,Italy,,755000,EUR,2027-06-30
125407,\u00c1lvaro Morata,Como,Spain,,6200000,EUR,2029-06-30
139273,Daniele Rugani,Juventus,Italy,,2100000,EUR,2028-06-30
139410,Federico Ceccherini,No team,Italy,,415000,EUR,
377512,Pasquale Mazzocchi,SSC Napoli,Italy,,1400000,EUR,2027-06-30
798820,Artem Dovbyk,AS Roma,Ukraine,,13900000,EUR,2029-06-30
849274,Youssef Maleh,Lecce,Morocco,,1600000,EUR,2027-06-30
892430,Fali Cand\u00e9,Sassuolo,Guinea-Bissau,,2800000,EUR,2029-06-30
895592,Mart\u00edn Payero,Udinese,Argentina,,4800000,EUR,2027-06-30
910121,Fisayo Dele-Bashiru,Lazio,Nigeria,,6500000,EUR,2028-06-30
927304,Gabriele Zappa,Cagliari,Italy,,2900000,EUR,2030-06-30
972523,Cheikh Niasse,Hellas Verona,Senegal,,1800000,EUR,2029-06-30
1009661,Oier Zarraga,Udinese,Spain,,1400000,EUR,2027-06-30
1142606,Semih K\u0131l\u0131\u00e7soy,Be\u015fikta\u015f JK,T\u00fcrkiye,,11700000,EUR,2028-06-30
1459764,Lorran,Flamengo,Brazil,,4200000,EUR,
1525361,Mateus Lusuardi,Pisa,Brazil,,640000,EUR,2029-06-30
1613917,Jeff Ekhator,Juventus,Italy,,19200000,EUR,2031-06-30
1945133,Fallou Cham,Hellas Verona,Gambia,,920000,EUR,
19352,Matteo Darmian,No team,Italy,,1300000,EUR,
284367,Arturo Calabresi,Pisa,Italy,,825000,EUR,2027-06-30
826198,Andrea Pinamonti,Sassuolo,Italy,,15500000,EUR,2027-06-30
930191,Lorenzo Colombo,Genoa,Italy,,10900000,EUR,2029-06-30
934409,Marcus Pedersen,Torino,Norway,,3300000,EUR,2027-06-30
957921,Oliver S\u00f8rensen,Parma,Denmark,,6700000,EUR,2030-06-30
970778,Gabriele Piccinini,Pisa,Italy,,3100000,EUR,2028-06-30
981470,Corrie Ndaba,Lecce,Ireland,,955000,EUR,2028-06-30
989371,Aster Vranckx,VfL Wolfsburg,Belgium,,5200000,EUR,2029-06-30
1013239,Edoardo Iannoni,Sassuolo,Italy,,720000,EUR,2028-06-30
1100354,Romano Floriani Mussolini,Lazio,Italy,,2600000,EUR,2028-06-30
1121333,Amir Richardson,Le Havre,Morocco,,3900000,EUR,2027-06-30
1157382,Alex Sala,Lecce,Spain,,1000000,EUR,2028-06-30
1163083,Giuseppe Ambrosino,SSC Napoli,Italy,,2100000,EUR,2030-06-30
1397347,Ali Demb\u00e9l\u00e9,Torino,France,,1300000,EUR,2028-06-30
1459459,Benjamin Cremaschi,Parma,USA,,4300000,EUR,2031-06-30
1464187,Agust\u00edn Albarrac\u00edn,Cagliari,Uruguay,,2400000,EUR,2030-06-30
1471239,Isaac,Hellas Verona,Brazil,,765000,EUR,2029-06-30
1514800,Robinio Vaz,AS Roma,France,,18700000,EUR,2030-06-30
1923599,Antonio Arena,Roma U20,Italy,,4200000,EUR,2028-06-30
139235,Adrien Tameze,No team,France,,1100000,EUR,
333261,Antonio Sanabria,Cremonese,Paraguay,,1600000,EUR,2028-06-30
835480,Lo\u00efs Openda,Juventus,Belgium,,27000000,EUR,2030-06-30
835600,Davide Frattesi,Inter,Italy,,20000000,EUR,2028-06-30
869795,Michael Folorunsho,SSC Napoli,Italy,,4600000,EUR,2029-06-30
869888,Alessio Zerbin,SSC Napoli,Italy,,2200000,EUR,2028-06-30
905381,Thijs Dallinga,Bologna,Netherlands,,9800000,EUR,2028-06-30
915812,Abdou Harroui,Hellas Verona,Morocco,,1600000,EUR,2028-06-30
958982,Roberto Piccoli,Fiorentina,Italy,,13300000,EUR,2030-06-30
978301,Jean Onana,Be\u015fikta\u015f JK,Cameroon,,1100000,EUR,2027-06-30
984527,Abdoulaye Ndiaye,Parma,Senegal,,5800000,EUR,2029-06-30
999231,Evan Ferguson,Brighton & Hove Albion,Ireland,,21000000,EUR,2029-06-30
1004790,Jacob Ondrejka,Parma,Sweden,,5800000,EUR,2029-06-30
1019125,Omri Gandelman,Lecce,Israel,,2800000,EUR,2029-06-30
1022204,Amin Sarr,Hellas Verona,Sweden,,2600000,EUR,2029-06-30
1101942,Petar Ratkov,Lazio,Serbia,,8400000,EUR,2030-06-30
1152477,Ioan Vermesan,Hellas Verona U20,Romania,,970000,EUR,2027-06-30
1170773,Giovane,SSC Napoli,Brazil,,12600000,EUR,2030-06-30
1201388,Christian Ordo\u00f1ez,Parma,Argentina,,7100000,EUR,2030-06-30
1536811,Idrissa Gueye,Udinese,Senegal,,8800000,EUR,2030-06-30
132704,Leonardo Pavoletti,No team,Italy,,550000,EUR,
150611,N\u00edcolas,No team,Brazil,,110000,EUR,
829581,Nicholas Pierini,Sassuolo,Italy,,1700000,EUR,2027-06-30
839925,Michele Collocolo,Cremonese,Italy,,2300000,EUR,2029-06-30
857480,Calvin Stengs,Feyenoord,Netherlands,,4800000,EUR,2027-06-30
949780,Luca Moro,Sassuolo,Italy,,1900000,EUR,2027-06-30
984998,Santiago Pierotti,Lecce,Argentina,,4200000,EUR,2027-06-30
996919,Samuel Iling Junior,Aston Villa,England,,6300000,EUR,2029-06-30
1029748,Nikola \u0160tuli\u0107,Lecce,Serbia,,3200000,EUR,2029-06-30
1034241,Laurs Skjellerup,Sassuolo,Denmark,,1200000,EUR,2029-06-30
1086199,Franco Carboni,Parma,Argentina,,945000,EUR,2030-06-30
1133715,Mathias L\u00f8vik,Molde FK,Norway,,4099999,EUR,2030-12-31
1153193,Dachi Lordkipanidze,Cremonese,Georgia,,490000,EUR,2027-06-30
1217613,Gift Orban,TSG Hoffenheim,Nigeria,,7300000,EUR,2029-06-30
1417034,Alessandro Romano,Cagliari,Switzerland,,1900000,EUR,2027-06-30
1423452,Daniel Miko\u0142ajewski,Parma,Poland,,1900000,EUR,2030-06-30
1485292,Pedro Felipe,Juventus Next Gen U23,Brazil,,1500000,EUR,2029-06-30
1922473,Daniel Denoon,Pisa,Switzerland,,455000,EUR,2029-06-30
1963449,Sascha Britschgi,Parma,Switzerland,,9300000,EUR,2030-06-30
2205650,Cheveyo Mul-Balentien,Milan Futuro U23,Suriname,,970000,EUR,2030-06-30
136322,Elseid Hysaj,No team,Albania,,1200000,EUR,
795044,Patrick Cutrone,Monza,Italy,,3800000,EUR,2029-06-30
812946,Christian Kouam\u00e9,Aris Thessaloniki,C\u00f4te d'Ivoire,,1700000,EUR,2027-06-30
826026,Sandro Kulenovi\u0107,Torino,Croatia,,3400000,EUR,2029-06-30
844480,Pol Lirola,No team,Spain,,1400000,EUR,
882592,Daniel Boloca,Sassuolo,Italy,,3700000,EUR,2028-06-30
892141,Santiago Gim\u00e9nez,AC Milan,Mexico,,18600000,EUR,2029-06-30
935564,Jonathan David,Juventus,Canada,,29000000,EUR,2030-06-30
959003,Filip Stojilkovi\u0107,Pisa,Switzerland,,2700000,EUR,2029-06-30
960080,Boulaye Dia,Lazio,Senegal,,4900000,EUR,2028-06-30
964154,Tom\u00e1\u0161 Suslov,Hellas Verona,Slovakia,,3900000,EUR,2028-06-30
997583,Malthe H\u00f8jholt,Pisa,Denmark,,1200000,EUR,2027-06-30
1009268,Mattia Viti,Nice,Italy,,4200000,EUR,2027-06-30
1162611,Benjam\u00edn Dom\u00ednguez,Bologna,Argentina,,9400000,EUR,2029-06-30
1183625,Giovanni Bonfanti,Atalanta,Italy,,3900000,EUR,2028-06-30
1184248,Henrik Wendel Meister,Pisa,Denmark,,3500000,EUR,2028-06-30
1435226,Nils Z\u00e4tterstr\u00f6m,Sheffield United,Sweden,,3400000,EUR,2029-06-30
1520771,Francesco Camarda,AC Milan,Italy,,15500000,EUR,2028-06-30
1910527,Joseph Liteta,Cagliari,Zambia,,3800000,EUR,2030-06-30
1910643,Christ-Owen Kouassi,Lecce,C\u00f4te d'Ivoire,,1200000,EUR,2029-06-30
45923,Ciro Immobile,Paris FC,Italy,,1700000,EUR,2027-06-30
161325,Arkadiusz Milik,Juventus,Poland,,1600000,EUR,2027-06-30
280439,Maxwel Cornet,West Ham United,C\u00f4te d'Ivoire,,1800000,EUR,2027-06-30
301162,Raffaele Di Gennaro,Inter,Italy,,325000,EUR,
796455,Vakoun Issouf Bayo,Udinese,C\u00f4te d'Ivoire,,2600000,EUR,2028-06-30
928814,Alessandro Di Pardo,Sampdoria,Italy,,1000000,EUR,2029-06-30
979210,Tom\u00e1s Esteves,Pisa,Portugal,,1600000,EUR,
1018179,Daniel Mosquera,Hellas Verona,Colombia,,1700000,EUR,2028-06-30
1029456,Faris Moumbagna,Olympique de Marseille,Cameroon,,3600000,EUR,2028-06-30
1125917,Felipe Loyola,Pisa,Chile,,6800000,EUR,2030-06-30
1130662,Sadik Fofana,Lecce,Togo,,760000,EUR,2029-06-30
1152386,Rafiu Durosinmi,Pisa,Nigeria,,6700000,EUR,2030-06-30
1164381,Seydou Fini,Frosinone,Italy,,2400000,EUR,2027-06-30
1494096,Francesco Coppola,Pisa,Italy,,3400000,EUR,2029-06-30
1526932,Riccardo Braschi,Fiorentina,Italy,,2100000,EUR,2027-06-30
1530727,Mattia Mosconi,Inter U23,Italy,,1400000,EUR,2028-06-30
1819178,Louis Buffon,Pisa,Czechia,,770000,EUR,
1822931,Matteo Lavelli,Inter U23,Italy,,680000,EUR,2029-06-30
1838644,Christian Frangella,Sassuolo U20,Italy,,290000,EUR,2028-06-30
2158647,Alessandro Cardinali,Spezia,Italy,,520000,EUR,2027-06-30
26768,Sven Ulreich,FC Bayern M\u00fcnchen,Germany,,515000,EUR,2027-06-30
108579,Harry Kane,FC Bayern M\u00fcnchen,England,,65000000,EUR,2027-06-30
139272,Luca Lezzerini,Fiorentina,Italy,,365000,EUR,2028-06-30
259117,Joshua Kimmich,FC Bayern M\u00fcnchen,Germany,,38000000,EUR,2029-06-30
259995,Adam Masina,No team,Morocco,,945000,EUR,
826205,Dan Zagadou,VfB Stuttgart,France,,1900000,EUR,2027-06-30
842718,Matheo Raab,1. FC Union Berlin,Germany,,560000,EUR,
940871,Nico Schlotterbeck,Borussia Dortmund,Germany,,57000000,EUR,2031-06-30
978838,Michael Olise,FC Bayern M\u00fcnchen,France,,144000000,EUR,2029-06-30
991591,Karl Hein,SV Werder Bremen,Estonia,,2900000,EUR,
991677,Cas Odenthal,Sassuolo,Netherlands,,1200000,EUR,2027-06-30
1030200,Tja\u0161 Begi\u0107,Sampdoria,Slovenia,,1500000,EUR,2030-06-30
1030355,Sander Tangvik,Hamburger SV,Norway,,2700000,EUR,2030-06-30
1083359,Frank Feller,1. FC Heidenheim,Germany,,720000,EUR,2029-06-30
1152943,Rosen Bozhinov,Pisa,Bulgaria,,3700000,EUR,2030-06-30
1474846,Junior Ajayi,Casertana,C\u00f4te d'Ivoire,,310000,EUR,2027-06-30
1605324,Joi Xheto Nuredini,Genoa,Albania,,1100000,EUR,2029-06-30
1910444,Tommaso Macchioni,Sassuolo,Italy,,140000,EUR,2029-06-30
2087085,Yan Diomande,RB Leipzig,C\u00f4te d'Ivoire,,99000000,EUR,2030-06-30
2199322,Andrea Le Borgne,Como,France,,2300000,EUR,2028-06-30
94312,Daniel Batz,Borussia M'gladbach,Germany,,370000,EUR,2029-06-30
96832,Janis Blaswich,Bayer 04 Leverkusen,Germany,,650000,EUR,2027-06-30
138156,Emre Can,Borussia Dortmund,Germany,,3200000,EUR,2027-06-30
148167,Carl Klaus,1. FC Union Berlin,Germany,,335000,EUR,
177177,Alejandro Grimaldo,Atl\u00e9tico Madrid,Spain,,19400000,EUR,2030-06-30
227672,Jonathan Tah,FC Bayern M\u00fcnchen,Germany,,26000000,EUR,2029-06-30
327755,Nadiem Amiri,1. FSV Mainz 05,Germany,,15500000,EUR,2028-06-30
577726,Ramy Bensebaini,Borussia Dortmund,Algeria,,7400000,EUR,2027-06-30
578166,Moritz Nicolas,Borussia M'gladbach,Germany,,7700000,EUR,2029-06-30
794962,Maximilian W\u00f6ber,Leeds United,Austria,,2700000,EUR,2027-06-30
796047,Aleix Garc\u00eda,Bayer 04 Leverkusen,Spain,,21000000,EUR,2029-06-30
799046,Waldemar Anton,Borussia Dortmund,Germany,,19700000,EUR,2028-06-30
856076,David Raum,RB Leipzig,Germany,,27000000,EUR,2027-06-30
883537,Luis D\u00edaz,FC Bayern M\u00fcnchen,Colombia,,76000000,EUR,2029-06-30
896569,Kim Min-jae,FC Bayern M\u00fcnchen,South Korea,,21000000,EUR,2028-06-30
901882,Angelo Stiller,VfB Stuttgart,Germany,,46000000,EUR,2028-06-30
1386651,Leo Scienza,Southampton,Brazil,,11500000,EUR,2029-06-30
1405212,Luka Vu\u0161kovi\u0107,Brighton & Hove Albion,Croatia,,64000000,EUR,2031-06-30
1500263,Aar\u00f3n Anselmino,Chelsea,Argentina,,10600000,EUR,2031-06-30
1568521,Mick Schmetgens,SV Werder Bremen,Germany,,770000,EUR,2029-06-30
113442,Daniel Fernandes,Hamburger SV,Portugal,,1300000,EUR,2028-06-30
136924,Willi Orb\u00e1n,RB Leipzig,Hungary,,5500000,EUR,2027-06-30
138024,Vladim\u00edr Coufal,TSG Hoffenheim,Czechia,,2400000,EUR,2028-06-30
184661,Leon Goretzka,No team,Germany,,10900000,EUR,
187185,Marvin Schw\u00e4be,1. FC K\u00f6ln,Germany,,3200000,EUR,2027-06-30
556866,Gregor Kobel,Borussia Dortmund,Switzerland,,41000000,EUR,2028-06-30
584722,Alexander N\u00fcbel,Be\u015fikta\u015f JK,Germany,,10900000,EUR,2029-06-30
788949,Maximilian Mittelst\u00e4dt,VfB Stuttgart,Germany,,19800000,EUR,2028-06-30
794298,Deniz Undav,VfB Stuttgart,Germany,,20000000,EUR,2029-06-30
798583,Dayot Upamecano,FC Bayern M\u00fcnchen,France,,65000000,EUR,2030-06-30
883262,Edmond Tapsoba,Bayer 04 Leverkusen,Burkina Faso,,37000000,EUR,2031-06-30
891510,Chris F\u00fchrich,VfB Stuttgart,Germany,,11600000,EUR,2028-06-30
902080,Kamil Grabara,VfL Wolfsburg,Poland,,11600000,EUR,2028-06-30
904835,F\u00e1bio Vieira,Arsenal,Portugal,,16600000,EUR,2027-06-30
1006489,Lo\u00efc Bad\u00e9,Bayer 04 Leverkusen,France,,19400000,EUR,2030-06-30
1083390,Mio Backhaus,SC Freiburg,Germany,,14400000,EUR,
1130647,Jonas Urbig,FC Bayern M\u00fcnchen,Germany,,19600000,EUR,2029-06-30
1142251,Aleksandar Pavlovi\u0107,FC Bayern M\u00fcnchen,Germany,,96000000,EUR,2029-06-30
1440948,Can Uzun,Eintracht Frankfurt,T\u00fcrkiye,,44000000,EUR,2029-06-30
1518931,Johan Manzambi,Aston Villa,Switzerland,,54000000,EUR,2030-06-30
48557,Christopher Trimmel,1. FC Union Berlin,Austria,,555000,EUR,2027-06-30
67647,Andrej Kramari\u0107,TSG Hoffenheim,Croatia,,2700000,EUR,2028-06-30
147289,Maximilian Arnold,VfL Wolfsburg,Germany,,2800000,EUR,2028-06-30
187433,Serge Gnabry,FC Bayern M\u00fcnchen,Germany,,18900000,EUR,2028-06-30
325061,Nikola Vasilj,No team,Bosnia & Herzegovina,,4099999,EUR,
789192,Jean-Luc Domp\u00e9,Hamburger SV,France,,2400000,EUR,2027-06-30
800951,Julian Ryerson,Borussia Dortmund,Norway,,24000000,EUR,2028-06-30
801263,Jakub Kami\u0144ski,Benfica,Poland,,15400000,EUR,2031-06-30
822600,Exequiel Palacios,Bayer 04 Leverkusen,Argentina,,26000000,EUR,2030-06-30
851254,Amos Pieper,SV Werder Bremen,Germany,,3900000,EUR,
863271,Jeff Chabot,VfB Stuttgart,Germany,,15500000,EUR,2028-06-30
916946,Wouter Burger,TSG Hoffenheim,Netherlands,,21000000,EUR,2030-06-30
920379,Nathan Tella,Bayer 04 Leverkusen,Nigeria,,15800000,EUR,2031-06-30
934385,Maarten Vandevoordt,RB Leipzig,Belgium,,16399999,EUR,2030-06-30
976421,Castello Lukeba,RB Leipzig,France,,49000000,EUR,2029-06-30
980626,Noah Atubolu,SC Freiburg,Germany,,24000000,EUR,2027-06-30
990201,Jamie Leweling,VfB Stuttgart,Germany,,37000000,EUR,2029-06-30
1121923,Antonio Nusa,RB Leipzig,Norway,,31000000,EUR,2029-06-30
1407524,Ibrahim Maza,Bayer 04 Leverkusen,Algeria,,41000000,EUR,2030-06-30
1493305,Leon Avdullahu,TSG Hoffenheim,Kosovo,,33000000,EUR,2031-06-30
40239,Timothy Chandler,Eintracht Frankfurt,USA,,375000,EUR,2027-06-30
142259,Matthias Ginter,SC Freiburg,Germany,,4800000,EUR,2027-06-30
190161,Michael Zetterer,Eintracht Frankfurt,Germany,,4099999,EUR,2029-06-30
226978,Julian Brandt,No team,Germany,,15500000,EUR,
282229,Nico Elvedi,Borussia M'gladbach,Switzerland,,7300000,EUR,2027-06-30
387220,Timo H\u00fcbers,1. FC K\u00f6ln,Germany,,1400000,EUR,2027-06-30
581302,Robin Koch,Eintracht Frankfurt,Germany,,10800000,EUR,2030-06-30
583806,Kevin Diks,Borussia M'gladbach,Indonesia,,4800000,EUR,2030-06-30
791642,Josip Juranovi\u0107,1. FC Union Berlin,Croatia,,2200000,EUR,
822564,Finn Dahmen,FC Augsburg,Germany,,12500000,EUR,2027-06-30
830142,Jens Stage,SV Werder Bremen,Denmark,,14400000,EUR,2028-06-30
891651,Keven Schlotterbeck,FC Augsburg,Germany,,5700000,EUR,2027-06-30
901892,Albert Sambi Lokonga,Hamburger SV,Belgium,,12400000,EUR,2028-06-30
921789,Rasmus Kristensen,FC Midtjylland,Denmark,,10700000,EUR,2031-06-30
939880,Philipp Sander,Borussia M'gladbach,Germany,,4200000,EUR,2028-06-30
1000269,Albian Hajdari,TSG Hoffenheim,Kosovo,,24000000,EUR,2031-06-30
1028307,Kaishu Sano,1. FSV Mainz 05,Japan,,42000000,EUR,2028-06-30
1126569,Bilal El Khannouss,VfB Stuttgart,Morocco,,32000000,EUR,2030-06-30
1146148,Jean-Matt\u00e9o Bahoya,Eintracht Frankfurt,France,,24000000,EUR,2029-06-30
1800475,Said El Mala,1. FC K\u00f6ln,Germany,,46000000,EUR,2030-06-30
171961,Vincenzo Grifo,SC Freiburg,Italy,,3700000,EUR,2027-06-30
174345,Robin Zentner,1. FSV Mainz 05,Germany,,2400000,EUR,2028-06-30
255239,Lucas V\u00e1zquez,Bayer 04 Leverkusen,Spain,,1600000,EUR,2027-06-30
280551,Manolis Saliakas,FC St. Pauli,Greece,,2200000,EUR,
280609,Patrik Schick,Bayer 04 Leverkusen,Czechia,,16600000,EUR,2030-06-30
319853,Lukas Klostermann,RB Leipzig,Germany,,3400000,EUR,2028-06-30
354878,Dimitrios Giannoulis,FC Augsburg,Greece,,3100000,EUR,2028-06-30
576266,Philipp Lienhart,SC Freiburg,Austria,,9600000,EUR,
791079,Xaver Schlager,No team,Austria,,9500000,EUR,
798303,Miro Muheim,Hamburger SV,Switzerland,,5300000,EUR,2027-06-30
825956,Christoph Baumgartner,RB Leipzig,Austria,,42000000,EUR,2028-06-30
861981,Nikolas Nartey,VfB Stuttgart,Denmark,,10300000,EUR,2028-06-30
878081,Ermedin Demirovi\u0107,VfB Stuttgart,Bosnia & Herzegovina,,20000000,EUR,2028-06-30
907463,Felix Nmecha,Borussia Dortmund,Germany,,48000000,EUR,2030-06-30
939830,Jonathan Burkardt,Eintracht Frankfurt,Germany,,29000000,EUR,2030-06-30
975798,Malik Tillman,Bayer 04 Leverkusen,USA,,27000000,EUR,2030-06-30
981562,Diant Ramaj,Borussia Dortmund,Germany,,6300000,EUR,2029-06-30
1064305,Nicolai Remberg,Hamburger SV,Germany,,8400000,EUR,2028-06-30
1090010,Marin Ljubi\u010di\u0107,1. FC Union Berlin,Croatia,,1800000,EUR,
1464641,Chema Andr\u00e9s,VfB Stuttgart,Spain,,19400000,EUR,2030-06-30
8959,Manuel Neuer,FC Bayern M\u00fcnchen,Germany,,4099999,EUR,2027-06-30
37096,P\u00e9ter Gul\u00e1csi,RB Leipzig,Hungary,,970000,EUR,2027-06-30
105734,Christian Eriksen,VfL Wolfsburg,Denmark,,2400000,EUR,2027-06-30
133908,Marcel Sabitzer,Borussia Dortmund,Austria,,6200000,EUR,2027-06-30
171919,Mark Flekken,Bayer 04 Leverkusen,Netherlands,,6400000,EUR,2028-06-30
794995,Niklas Dorsch,1. FC Heidenheim,Germany,,2300000,EUR,2028-06-30
825771,Marco Friedl,SV Werder Bremen,Austria,,10600000,EUR,2028-06-30
830127,Romano Schmid,SV Werder Bremen,Austria,,16500000,EUR,2027-06-30
846471,Anthony Caci,1. FSV Mainz 05,France,,6800000,EUR,2028-06-30
877544,Ragnar Ache,1. FC K\u00f6ln,Germany,,9400000,EUR,2029-06-30
927407,Josip Stani\u0161i\u0107,FC Bayern M\u00fcnchen,Croatia,,39000000,EUR,2029-06-30
929620,Fabian Rieder,FC Augsburg,Switzerland,,11100000,EUR,2030-06-30
930272,Tom Krau\u00df,1. FC K\u00f6ln,Germany,,4700000,EUR,2029-06-30
976575,Nicolas Seiwald,RB Leipzig,Austria,,24000000,EUR,2028-06-30
1003339,Jarell Quansah,Bayer 04 Leverkusen,England,,48000000,EUR,2030-06-30
1129935,Tom Bischof,FC Bayern M\u00fcnchen,Germany,,39000000,EUR,2029-06-30
1418623,Assan Ou\u00e9draogo,RB Leipzig,Germany,,26000000,EUR,2029-06-30
1568123,Bazoumana Tour\u00e9,Newcastle United,C\u00f4te d'Ivoire,,39000000,EUR,
1597260,Noahkai Banks,FC Augsburg,USA,,19400000,EUR,2029-06-30
1861666,Samuele Inacio,Borussia Dortmund,Italy,,15900000,EUR,2029-06-30
253993,Grischa Pr\u00f6mel,VfB Stuttgart,Germany,,3600000,EUR,2029-06-30
254429,Patrick Mainka,1. FC Heidenheim,Germany,,2600000,EUR,2029-06-30
280453,Franck Honorat,Borussia M'gladbach,France,,6500000,EUR,2029-06-30
542038,Eric Smith,FC St. Pauli,Sweden,,5300000,EUR,2027-06-30
569784,Maximilian Eggestein,SC Freiburg,Germany,,10500000,EUR,
790965,Ritsu Doan,Eintracht Frankfurt,Japan,,15600000,EUR,2030-06-30
822877,Alexis Claude-Maurice,FC Augsburg,France,,16200000,EUR,2027-06-30
828571,Bernardo,TSG Hoffenheim,Brazil,,3700000,EUR,2027-06-30
856553,Ridle Baku,RB Leipzig,Germany,,12800000,EUR,2027-06-30
857740,Ozan Kabak,TSG Hoffenheim,T\u00fcrkiye,,14600000,EUR,2030-06-30
940054,Karim Adeyemi,Borussia Dortmund,Germany,,41000000,EUR,2027-06-30
944899,Valentin Gendrey,TSG Hoffenheim,France,,6300000,EUR,2028-06-30
960114,Olivier Deman,SV Werder Bremen,Belgium,,3400000,EUR,2028-06-30
979290,Vin\u00edcius Souza,VfL Wolfsburg,Brazil,,6600000,EUR,2030-06-30
987504,Patrick Wimmer,TSG Hoffenheim,Austria,,11100000,EUR,2031-06-30
1048009,El Chadaille Bitshiabu,RB Leipzig,France,,17500000,EUR,2029-06-30
1048650,Rocco Reitz,RB Leipzig,Germany,,22000000,EUR,2031-06-30
1086547,Leopold Querfeld,1. FC Union Berlin,Austria,,18900000,EUR,
1864760,Hennes Behrens,FC Augsburg,Germany,,5200000,EUR,2031-06-30
97926,Danny da Costa,1. FSV Mainz 05,Germany,,1100000,EUR,2027-06-30
136922,Dominique Heintz,Fortuna D\u00fcsseldorf,Germany,,575000,EUR,2028-06-30
138126,Phillipp Mwene,1. FSV Mainz 05,Austria,,1600000,EUR,
157377,Silvan Widmer,1. FSV Mainz 05,Switzerland,,730000,EUR,
168903,Robert Andrich,Bayer 04 Leverkusen,Germany,,6200000,EUR,2028-06-30
328027,Serhou Guirassy,Borussia Dortmund,Guinea,,34000000,EUR,2028-06-30
378340,Marius B\u00fclter,1. FC K\u00f6ln,Germany,,1900000,EUR,2027-06-30
843665,Alphonso Davies,FC Bayern M\u00fcnchen,Canada,,39000000,EUR,2030-06-30
846445,Martin Terrier,Bayer 04 Leverkusen,France,,7400000,EUR,2029-06-30
873106,Hiroki It\u014d,FC Bayern M\u00fcnchen,Japan,,19800000,EUR,2028-06-30
888537,Andreas Skov Olsen,VfL Wolfsburg,Denmark,,6600000,EUR,2029-06-30
978062,Alexander Prass,TSG Hoffenheim,Austria,,8700000,EUR,2028-06-30
988639,Eric Martel,1. FSV Mainz 05,Germany,,8199999,EUR,
1002813,Yan Couto,Borussia Dortmund,Brazil,,17500000,EUR,2030-06-30
1100836,Samuel Mbangula,SV Werder Bremen,Belgium,,7300000,EUR,2030-06-30
1119502,Ernest Poku,Bayer 04 Leverkusen,Netherlands,,24000000,EUR,2030-06-30
1127823,Luca Jaquez,VfB Stuttgart,Switzerland,,10700000,EUR,2029-06-30
1129365,Anton Kade,FC Augsburg,Germany,,10300000,EUR,2029-06-30
1192318,Far\u00e8s Cha\u00efbi,Eintracht Frankfurt,Algeria,,14500000,EUR,2028-06-30
1861975,Lennart Karl,FC Bayern M\u00fcnchen,Germany,,63000000,EUR,2029-06-30
152206,Dominik Kohr,1. FSV Mainz 05,Germany,,1900000,EUR,2028-06-30
355492,Konrad Laimer,FC Bayern M\u00fcnchen,Austria,,31000000,EUR,2027-06-30
796206,Kristijan Jaki\u0107,FC Augsburg,Croatia,,5600000,EUR,2028-06-30
801030,Atakan Karazor,VfB Stuttgart,T\u00fcrkiye,,8800000,EUR,2028-06-30
826171,Senne Lynen,SV Werder Bremen,Belgium,,7300000,EUR,
836711,Jan-Niklas Beste,SC Freiburg,Germany,,10800000,EUR,2030-06-30
839898,Alessio Castro-Montes,1. FC K\u00f6ln,Belgium,,2700000,EUR,2028-06-30
860461,Robin Fellhauer,FC Augsburg,Germany,,3700000,EUR,2029-06-30
927340,Han-Noah Massengo,FC Augsburg,France,,8199999,EUR,2030-06-30
963198,Chrislain Matsima,FC Augsburg,France,,21000000,EUR,2030-06-30
980628,Maximilian Beier,Borussia Dortmund,Germany,,43000000,EUR,2029-06-30
1003012,Ezequiel Fern\u00e1ndez,Bayer 04 Leverkusen,Argentina,,21000000,EUR,2030-06-30
1019321,Igor Matanovi\u0107,SC Freiburg,Croatia,,21000000,EUR,
1122806,Arthur Chaves,TSG Hoffenheim,Brazil,,4900000,EUR,2029-06-30
1142248,Arijon Ibrahimovi\u0107,FC Bayern M\u00fcnchen,Germany,,10500000,EUR,2027-06-30
1159759,Nathaniel Brown,FC Bayern M\u00fcnchen,Germany,,37000000,EUR,2031-06-30
1418620,Almugera Kabar,Borussia Dortmund,Germany,,3100000,EUR,2028-06-30
1470008,Charles Herrmann,Cercle Brugge,Germany,,830000,EUR,2029-06-30
1568522,Montrell Culbreath,Bayer 04 Leverkusen,Germany,,15600000,EUR,2031-06-30
1937833,Luca Reggiani,Borussia Dortmund,Italy,,9700000,EUR,
40244,Oliver Baumann,TSG Hoffenheim,Germany,,2700000,EUR,2028-06-30
95381,Kevin St\u00f6ger,Borussia M'gladbach,Austria,,1900000,EUR,2027-06-30
111483,Michael Gregoritsch,FC Augsburg,Austria,,1600000,EUR,2027-06-30
142390,Jonas Hofmann,Bayer 04 Leverkusen,Germany,,1600000,EUR,2027-06-30
168861,Marnon Busch,1. FC Heidenheim,Germany,,1100000,EUR,2027-06-30
246999,Rapha\u00ebl Guerreiro,No team,Portugal,,5300000,EUR,
253469,Hauke Wahl,VfL Wolfsburg,Germany,,1500000,EUR,2029-06-30
319861,Luca Waldschmidt,1. FC K\u00f6ln,Germany,,1800000,EUR,2027-06-30
801003,Jordan Torunarigha,Hamburger SV,Nigeria,,4099999,EUR,2028-06-30
815612,Marco Gr\u00fcll,SV Werder Bremen,Austria,,4300000,EUR,
845742,Adrian Beck,1. FC Heidenheim,Germany,,1500000,EUR,2028-06-30
855663,Diogo Leite,No team,Portugal,,11600000,EUR,
965778,Arthur Theate,Eintracht Frankfurt,Belgium,,16500000,EUR,2029-06-30
1020422,Yuito Suzuki,SC Freiburg,Japan,,25000000,EUR,
1021272,Daniel Svensson,Borussia Dortmund,Sweden,,20000000,EUR,2029-06-30
1067120,Eren Dink\u00e7i,SC Freiburg,T\u00fcrkiye,,5400000,EUR,
1142211,Hugo Larsson,Eintracht Frankfurt,Sweden,,30000000,EUR,2029-06-30
1394353,Eliesse Ben Seghir,Bayer 04 Leverkusen,Morocco,,21000000,EUR,2030-06-30
1548910,Kacper Potulski,1. FSV Mainz 05,Poland,,16600000,EUR,2028-06-30
137692,Frederik R\u00f8nnow,1. FC Union Berlin,Denmark,,2100000,EUR,
252343,Adam D\u017awiga\u0142a,FC St. Pauli,Poland,,775000,EUR,2027-06-30
608362,Oliver Burke,1. FC Union Berlin,Scotland,,2900000,EUR,2029-06-30
830803,Danilho Doekhi,Lazio,Netherlands,,13900000,EUR,2029-06-30
885892,James Sands,New York City FC,USA,,5200000,EUR,2030-06-30
916943,Ramon Hendriks,VfB Stuttgart,Netherlands,,24000000,EUR,2028-06-30
927405,Woo-Yeong Jeong,1. FC Union Berlin,South Korea,,3700000,EUR,
973564,Nicol\u00e1s Capaldo,Hamburger SV,Argentina,,8400000,EUR,2028-06-30
983540,Tiago Tom\u00e1s,VfB Stuttgart,Portugal,,14600000,EUR,2029-06-30
989056,Giovanni Reyna,Borussia M'gladbach,USA,,4300000,EUR,2028-06-30
990209,Yannick Engelhardt,SC Freiburg,Germany,,6500000,EUR,
1010726,Jan Uwe Thielmann,1. FC K\u00f6ln,Germany,,4500000,EUR,2028-06-30
1066042,Julian Niehues,1. FC Heidenheim,Germany,,1600000,EUR,2027-06-30
1085381,Nicolas Jackson,Chelsea,Senegal,,39000000,EUR,2033-06-30
1107591,Mohamed Amoura,VfL Wolfsburg,Algeria,,22000000,EUR,2029-06-30
1112327,\u00cdsak Bergmann J\u00f3hannesson,1. FC K\u00f6ln,Iceland,,8400000,EUR,2030-06-30
1134083,Jobe Bellingham,Borussia Dortmund,England,,38000000,EUR,2030-06-30
1165722,Skelly Alvero,SV Werder Bremen,France,,1900000,EUR,2028-06-30
1198074,Aljoscha Kemlein,1. FC Union Berlin,Germany,,11000000,EUR,2029-06-30
1418649,Finn Jeltsch,VfB Stuttgart,Germany,,32000000,EUR,2030-06-30
149479,Rani Khedira,1. FC Union Berlin,Tunisia,,2100000,EUR,
181581,Jackson Irvine,FC St. Pauli,Australia,,1100000,EUR,2027-06-30
537552,Jae-sung Lee,1. FSV Mainz 05,South Korea,,2100000,EUR,
826069,Jonas Wind,Sporting Braga,Denmark,,4200000,EUR,2029-06-30
848458,Arnaud Nordin,Stade Rennais,France,,4099999,EUR,
876858,Robin Hack,Borussia M'gladbach,Germany,,6500000,EUR,2029-06-30
886737,Derrick K\u00f6hn,1. FC Union Berlin,Ghana,,4200000,EUR,2029-06-30
887500,Danel Sinani,Sampdoria,Luxembourg,,2900000,EUR,2028-06-30
909485,Marvin Pieringer,1. FC Heidenheim,Germany,,2700000,EUR,2027-06-30
921033,Linton Maina,1. FC K\u00f6ln,Germany,,3300000,EUR,
957615,Robin Hran\u00e1\u010d,TSG Hoffenheim,Czechia,,10900000,EUR,2028-06-30
1008245,Oscar Fraulo,Derby County,Denmark,,2700000,EUR,2029-06-30
1010117,Fisnik Asllani,TSG Hoffenheim,Kosovo,,36000000,EUR,2029-06-30
1010231,Jamal Musiala,FC Bayern M\u00fcnchen,Germany,,97000000,EUR,2030-06-30
1016810,Kevin Paredes,FC Utrecht,USA,,1900000,EUR,2027-06-30
1088896,Johan Bakayoko,RB Leipzig,Belgium,,18600000,EUR,2030-06-30
1180758,Adam Daghim,Red Bull Salzburg,Denmark,,8100000,EUR,2028-06-30
1184855,Konstantinos Koulierakis,VfL Wolfsburg,Greece,,24000000,EUR,2029-06-30
1513469,Livan Burcu,1. FC Union Berlin,T\u00fcrkiye,,4200000,EUR,
2029648,Christian Kofane,Bayer 04 Leverkusen,Cameroon,,41000000,EUR,2029-06-30
259803,Haris Tabakovi\u0107,Red Bull Salzburg,Bosnia & Herzegovina,,3600000,EUR,2029-06-30
280631,V\u00e1clav \u010cern\u00fd,Be\u015fikta\u015f JK,Czechia,,7200000,EUR,2028-06-30
293127,Denis Vavro,VfL Wolfsburg,Slovakia,,4700000,EUR,2027-06-30
798926,Cedric Zesiger,BSC Young Boys,Switzerland,,4900000,EUR,2031-06-30
834244,Mathias Rasmussen,FC St. Pauli,Norway,,2100000,EUR,2029-06-30
836706,Arne Maier,\u00dajpest,Germany,,1400000,EUR,
837205,Florian Neuhaus,Borussia M'gladbach,Germany,,2700000,EUR,2027-06-30
953767,Andrej Ili\u0107,1. FC Union Berlin,Serbia,,8300000,EUR,2027-06-30
1002461,Joel Chima Fujita,FC St. Pauli,Japan,,9700000,EUR,
1019312,Jens Castrop,Borussia M'gladbach,South Korea,,9300000,EUR,2029-06-30
1064630,Fin Stevens,Leyton Orient,Wales,,550000,EUR,2029-06-30
1125024,Tomoya Ando,FC St. Pauli,Japan,,2800000,EUR,
1131002,Derry Scherhant,SC Freiburg,Germany,,7300000,EUR,
1134525,Ben Bobzien,SG Dynamo Dresden,Germany,,2200000,EUR,
1142210,Hugo Bolin,Borussia M'gladbach,Sweden,,6200000,EUR,
1418624,Bence D\u00e1rdai,VfL Wolfsburg,Hungary,,4800000,EUR,2029-06-30
1898148,Ayoube Amaimouni Echghouyab,Eintracht Frankfurt,Morocco,,10900000,EUR,2031-06-30
1995809,Wael Mohya,Borussia M'gladbach,Germany,,18700000,EUR,
2216257,Luka Duric,SC Paderborn 07,Bosnia & Herzegovina,,855000,EUR,
2427970,Bara Sapoko Ndiaye,Gambinos Stars,Senegal,,3700000,EUR,
106662,Stefan Bell,1. FSV Mainz 05,Germany,,620000,EUR,2027-06-30
168985,Janik Haberer,1. FC Union Berlin,Germany,,2100000,EUR,2027-06-30
168987,Robert Glatzel,VfL Wolfsburg,Germany,,1400000,EUR,2028-06-30
254119,Marius Wolf,FC Augsburg,Germany,,2300000,EUR,2027-06-30
280009,Lucas H\u00f6ler,SC Freiburg,Germany,,2900000,EUR,
591706,Ellyes Skhiri,Eintracht Frankfurt,Tunisia,,5200000,EUR,2027-06-30
842364,Joakim M\u00e6hle,VfL Wolfsburg,Denmark,,7400000,EUR,2027-06-30
842869,Maxim Leitsch,No team,Germany,,765000,EUR,
877302,Andr\u00e1s Sch\u00e4fer,1. FC Union Berlin,Hungary,,4099999,EUR,2027-06-30
925910,Shuto Machino,Borussia M'gladbach,Japan,,3900000,EUR,2029-06-30
949062,Silas,1. FSV Mainz 05,DR Congo,,2100000,EUR,
978521,Victor Okoh Boniface,Bayer 04 Leverkusen,Nigeria,,5500000,EUR,2028-06-30
994529,Ricky-Jade Jones,FC St. Pauli,England,,1100000,EUR,
994556,Carney Chukwuemeka,Borussia Dortmund,Austria,,18100000,EUR,2030-06-30
999276,Aur\u00e8le Amenda,Coventry City,Switzerland,,10300000,EUR,
1005343,Justin Njinmah,SV Werder Bremen,Germany,,5300000,EUR,
1028306,Sota Kawasaki,1. FSV Mainz 05,Japan,,1800000,EUR,
1048569,Nnamdi Collins,Eintracht Frankfurt,Germany,,18500000,EUR,2030-06-30
1064842,Denis Huseinba\u0161i\u0107,Sporting Braga,Bosnia & Herzegovina,,2100000,EUR,2031-06-30
1482457,Felipe Ch\u00e1vez,Bayern M\u00fcnchen II,Peru,,3700000,EUR,2027-06-30
142525,Lukas K\u00fcbler,SC Freiburg,Germany,,1500000,EUR,
148256,Jonas Meffert,Holstein Kiel,Germany,,655000,EUR,2028-06-30
794294,Andreas Hanche Olsen,1. FSV Mainz 05,Norway,,3300000,EUR,2028-06-30
914755,Patrick Osterhage,SC Freiburg,Germany,,11600000,EUR,
916176,Cameron Puertas,Al-Qadsiah,Spain,,6800000,EUR,2027-06-30
933398,Felix Agu,SV Werder Bremen,Nigeria,,4700000,EUR,2027-06-30
963043,Kristoffer Lund,Palermo,USA,,4300000,EUR,2028-06-30
971481,Arkadiusz Pyrka,FC St. Pauli,Poland,,3400000,EUR,
979820,Philipp Treu,SC Freiburg,Germany,,15900000,EUR,
988476,Philip Otele,Basel,Nigeria,,4200000,EUR,2028-06-30
999030,Warmed Omari,Hamburger SV,Comoros,,3900000,EUR,2030-06-30
1035752,Giorgi Gocholeishvili,Shakhtar Donetsk,Georgia,,2200000,EUR,2029-12-31
1127790,D\u017eenan Pej\u010dinovi\u0107,VfL Wolfsburg,Germany,,16399999,EUR,2029-06-30
1130946,Elias Saad,Nashville SC,Tunisia,,2100000,EUR,2027-06-30
1133743,R\u00f4mulo,RB Leipzig,Brazil,,32000000,EUR,2030-06-30
1146250,Max Finkgr\u00e4fe,RB Leipzig,Germany,,5400000,EUR,2030-06-30
1154491,Jovan Milo\u0161evi\u0107,VfB Stuttgart,Serbia,,7200000,EUR,2029-06-30
1174761,Arthur,Bayer 04 Leverkusen,Brazil,,7400000,EUR,2031-06-30
1508537,Cyriaque Iri\u00e9,SC Freiburg,Burkina Faso,,8199999,EUR,
1546267,Fabio Bald\u00e9,Hamburger SV,Portugal,,4600000,EUR,2029-06-30
111969,Leonardo Bittencourt,Energie Cottbus,Germany,,975000,EUR,
149728,Budu Zivzivadze,1. FC Heidenheim,Georgia,,1300000,EUR,2029-06-30
169255,Yannick Gerhardt,VfL Wolfsburg,Germany,,1700000,EUR,
795005,Salih \u00d6zcan,Be\u015fikta\u015f JK,T\u00fcrkiye,,3400000,EUR,2029-06-30
796987,Mattias Svanberg,VfL Wolfsburg,Sweden,,8300000,EUR,2027-06-30
800400,Sirlord Conteh,1. FC Heidenheim,Germany,,1300000,EUR,2027-06-30
809219,Mads Pedersen,FC Augsburg,Denmark,,875000,EUR,2027-06-30
841947,Lovro Majer,VfL Wolfsburg,Croatia,,8600000,EUR,2028-06-30
842188,Elvis Rexhbe\u00e7aj,VfL Wolfsburg,Kosovo,,3800000,EUR,2030-06-30
842526,Bakery Jatta,Hamburger SV,Gambia,,1000000,EUR,2029-06-30
933833,Christian Conteh,1. FC Heidenheim,Germany,,1400000,EUR,2029-06-30
1002920,Joe Scally,Borussia M'gladbach,USA,,6600000,EUR,2027-06-30
1012235,Ransford Yeboah K\u00f6nigsd\u00f6rffer,1. FSV Mainz 05,Ghana,,4700000,EUR,
1015164,Isaac Schmidt,BSC Young Boys,Switzerland,,2100000,EUR,2030-06-30
1021075,William B\u00f8ving,1. FSV Mainz 05,Denmark,,3200000,EUR,2029-06-30
1155383,Ezechiel Banzuzi,RB Leipzig,Netherlands,,16800000,EUR,2030-06-30
1390682,Mert K\u00f6m\u00fcr,FC Augsburg,Germany,,11600000,EUR,2029-06-30
1462742,Ilyas Ansah,1. FC Union Berlin,Germany,,12900000,EUR,
1596573,Bruno Ogbus,SC Freiburg,Switzerland,,14000000,EUR,
2189165,Yannik Wagner,1. FC Heidenheim,Germany,,825000,EUR,2029-06-30
135264,Yussuf Poulsen,Hamburger SV,Denmark,,935000,EUR,2027-06-30
341589,Mahmoud Dahoud,No team,Syria,,2200000,EUR,
842922,Stefan Schimmer,1. FC Heidenheim,Germany,,270000,EUR,2027-06-30
877842,Yannik Keitel,FC Augsburg,Germany,,1900000,EUR,2027-06-30
902381,Junior Adamu,FC Schalke 04,Austria,,2800000,EUR,2029-06-30
920525,Moritz Jenz,VfL Wolfsburg,Germany,,4700000,EUR,2027-06-30
933707,Jan Sch\u00f6ppner,1. FC Heidenheim,Germany,,3200000,EUR,2028-06-30
953097,Cenk \u00d6zka\u00e7ar,Trabzonspor,T\u00fcrkiye,,4099999,EUR,2028-06-30
962898,Leonidas Stergiou,VfB Stuttgart,Switzerland,,2700000,EUR,2028-06-30
980621,Paul Nebel,1. FSV Mainz 05,Germany,,17200000,EUR,2027-06-30
1014493,Rav van den Berg,1. FC K\u00f6ln,Netherlands,,7300000,EUR,2030-06-30
1097453,Luca Kerber,1. FC Heidenheim,Germany,,1900000,EUR,2027-06-30
1134203,Kau\u00e3 Santos,Eintracht Frankfurt,Brazil,,6500000,EUR,2030-06-30
1138150,Nikolas Veratschnig,Red Bull Salzburg,Austria,,2300000,EUR,2030-06-30
1173172,Jeanu\u00ebl Belocian,Bayer 04 Leverkusen,France,,12900000,EUR,2029-06-30
1403018,Elias Baum,Eintracht Frankfurt,Germany,,3900000,EUR,2028-06-30
1494826,Conrad Harder,RB Leipzig,Denmark,,18600000,EUR,2030-06-30
1596105,Patrice \u010covi\u0107,SV Werder Bremen,Croatia,,3900000,EUR,
1864786,Salim Musah,SV Werder Bremen,Germany,,2100000,EUR,
1888501,Abdoulie Ceesay,FC St. Pauli,Gambia,,910000,EUR,
57627,Karol Mets,VfL Bochum 1848,Estonia,,620000,EUR,2028-06-30
103442,Anthony Jung,SC Freiburg,Germany,,580000,EUR,2027-06-30
311676,Jonas F\u00f6hrenbach,1. FC Heidenheim,Germany,,1000000,EUR,2027-06-30
319857,Benjamin Henrichs,RB Leipzig,Germany,,7600000,EUR,2028-06-30
800252,Tim Skarke,1. FC Union Berlin,Germany,,1500000,EUR,
825740,Alex Kr\u00e1l,FC K\u00f8benhavn,Czechia,,2300000,EUR,
873347,Lars Ritzka,FC St. Pauli,Germany,,1100000,EUR,
904991,Stanley Nsoki,1. FC Union Berlin,France,,1800000,EUR,
940236,Thomas Keller,SG Dynamo Dresden,Germany,,1300000,EUR,
954076,F\u00e1bio Silva,Borussia Dortmund,Portugal,,21000000,EUR,2030-06-30
991824,Rayan Philippe,Hamburger SV,France,,4099999,EUR,2029-06-30
997012,Ansgar Knauff,Eintracht Frankfurt,Germany,,15500000,EUR,2028-06-30
1069252,Lasse Riess,Fortuna D\u00fcsseldorf,Germany,,535000,EUR,2027-06-30
1127788,Aaron Zehnter,VfL Wolfsburg,Germany,,5300000,EUR,2030-06-30
1128638,Muhammed Damar,TSG Hoffenheim,Germany,,4600000,EUR,2029-06-30
1131339,Jordy Makengo,SC Freiburg,France,,5800000,EUR,2028-06-30
1406171,Andrija Maksimovi\u0107,RB Leipzig,Serbia,,8600000,EUR,2030-06-30
1489220,David Daiber,Bayern M\u00fcnchen II,Portugal,,2800000,EUR,2030-06-30
1979970,Ameen Al-Dakhil,VfB Stuttgart,Belgium,,3100000,EUR,2028-06-30
2245371,Fynn Schenten,1. FC K\u00f6ln,Germany,,935000,EUR,2030-06-30
49639,Nicolas H\u00f6fler,SC Freiburg II U23,Germany,,475000,EUR,
142231,Christian G\u00fcnter,SC Freiburg,Germany,,1900000,EUR,
146853,Jeffrey Gouweleeuw,FC Augsburg,Netherlands,,1000000,EUR,2027-06-30
228981,Tim Kleindienst,Borussia M'gladbach,Germany,,7700000,EUR,2029-06-30
327863,Robert Skov,1. FC Union Berlin,Denmark,,1900000,EUR,
575952,Mathias Honsak,1. FC Heidenheim,Austria,,1600000,EUR,2027-06-30
831400,Mathias Pereira Lage,FC St. Pauli,Portugal,,2300000,EUR,2028-06-30
888854,Connor Metcalfe,FC St. Pauli,Australia,,1400000,EUR,2027-06-30
918437,Mikkel Kaufmann,1. FC Heidenheim,Denmark,,1500000,EUR,2028-06-30
945532,Daniel Elfadli,Hamburger SV,Libya,,3300000,EUR,2028-06-30
988252,Tim Siersleben,1. FC Heidenheim,Germany,,1900000,EUR,2028-06-30
1009334,Lorenz Assignon,VfB Stuttgart,France,,8700000,EUR,2029-06-30
1014290,Tim Lemperle,TSG Hoffenheim,Germany,,15300000,EUR,2031-06-30
1102528,William Mikelbrencis,No team,France,,2900000,EUR,
1130067,Fabio Chiarodia,Borussia M'gladbach,Italy,,2900000,EUR,2028-06-30
1130950,Grant-Leon Ranos,CD Tenerife,Armenia,,620000,EUR,2028-06-30
1137900,Louis Oppie,FC St. Pauli,Germany,,2400000,EUR,
1153265,Badredine Bouanani,VfB Stuttgart,Algeria,,10500000,EUR,2030-06-30
1402924,Jahmai Simpson-Pusey,1. FC K\u00f6ln,England,,9300000,EUR,2030-06-30
1568535,Otto Stange,Hamburger SV,Germany,,4300000,EUR,2028-06-30
66518,Mario G\u00f6tze,Eintracht Frankfurt,Germany,,3100000,EUR,2028-06-30
229544,Niklas Stark,SV Werder Bremen,Germany,,2300000,EUR,
254449,Marvin Friedrich,1. FC Union Berlin,Germany,,1900000,EUR,
827192,Guilherme Ramos,Beijing Guoan,Portugal,,775000,EUR,
893962,Lennard Maloney,1. FSV Mainz 05,USA,,2600000,EUR,2028-06-30
905347,Yukinari Sugawara,Southampton,Japan,,5000000,EUR,2028-06-30
975800,Benedict Hollerbach,1. FSV Mainz 05,Germany,,7500000,EUR,2029-06-30
1083410,Umut Tohumcu,TSG Hoffenheim,Germany,,3200000,EUR,2028-06-30
1131337,Maximilian Rosenfelder,SC Freiburg,Germany,,6300000,EUR,
1144143,Kota Takai,Tottenham Hotspur,Japan,,4600000,EUR,2030-06-30
1149113,Oscar H\u00f8jlund,Eintracht Frankfurt,Denmark,,14600000,EUR,2029-06-30
1210666,Tom Alexander Rothe,1. FC Union Berlin,Germany,,10300000,EUR,
1215904,Rodrigo Ribeiro,FC Augsburg,Portugal,,3900000,EUR,2031-06-30
1418703,Max Moerstedt,TSG Hoffenheim,Germany,,7600000,EUR,2030-06-30
1426577,Tidiam Gomis,RB Leipzig,France,,5300000,EUR,2029-06-30
1427148,Lazar Jovanovi\u0107,VfB Stuttgart,Serbia,,3800000,EUR,2029-06-30
1464642,Jeremy Arevalo,VfB Stuttgart,Ecuador,,7200000,EUR,2031-06-30
1862226,Alexander R\u00f8ssing-Lelesiit,Hamburger SV,Norway,,4700000,EUR,2030-06-30
1977245,Love Arrhov,Eintracht Frankfurt,Sweden,,5200000,EUR,2028-06-30
2114948,Pharell Hensel,VfL Wolfsburg,Germany,,3200000,EUR,2029-06-30
254297,Ihlas Bebou,No team,Togo,,650000,EUR,
822340,Phillip Tietz,1. FSV Mainz 05,Germany,,3800000,EUR,2028-06-30
855808,Samuel Essende,BSC Young Boys,DR Congo,,2600000,EUR,2029-06-30
861850,Martijn Kaars,FC St. Pauli,Netherlands,,3100000,EUR,
871621,Oladapo Afolayan,Blackburn Rovers,England,,1300000,EUR,2027-06-30
980418,Sacha Boey,FC Bayern M\u00fcnchen,France,,9200000,EUR,2028-06-30
1005834,Armindo Sieb,FC Bayern M\u00fcnchen,Germany,,2600000,EUR,2027-06-30
1083382,Lukas Ullrich,Borussia M'gladbach,Germany,,6200000,EUR,2029-06-30
1113488,Ismael Gharbi,Sporting Braga,Tunisia,,4800000,EUR,2029-06-30
1152505,Nelson Weiper,SK Sturm Graz,Germany,,7400000,EUR,2029-06-30
1155226,Sa\u00ebl Kumbedi,VfL Wolfsburg,France,,12400000,EUR,2029-06-30
1499696,Kento Shiogai,VfL Wolfsburg,Japan,,8199999,EUR,2030-06-30
1521250,Jan Urbich,Eintracht Braunschweig,Germany,,315000,EUR,2027-06-30
1568511,Jan B\u00fcrger,VfL Wolfsburg,Germany,,2900000,EUR,2027-06-30
1797852,Karim Coulibaly,SV Werder Bremen,Germany,,26000000,EUR,2029-06-30
1861987,Tim Schnitzer,FC Augsburg U19,Germany,,525000,EUR,2029-06-30
2197599,Youssoupha Niang,1. FC K\u00f6ln,Germany,,1900000,EUR,2027-06-30
2217897,Rouven Tarnutzer,SC Freiburg,Switzerland,,380000,EUR,2027-06-30
2236502,Maycon Cardozo,Bayern M\u00fcnchen II,Brazil,,2900000,EUR,
2269705,Samba Konat\u00e9,RB Leipzig U19,France,,970000,EUR,2028-06-30
147745,Michy Batshuayi,Eintracht Frankfurt,Belgium,,2200000,EUR,2027-06-30
352562,Pascal Stenzel,No team,Germany,,1100000,EUR,
798936,Benedikt Gimber,1. FC Heidenheim,Germany,,1600000,EUR,2028-06-30
841985,Emir Sahiti,Hamburger SV,Kosovo,,1500000,EUR,2027-06-30
906276,Jessic Ngankam,Eintracht Frankfurt,Germany,,720000,EUR,2028-06-30
906278,Josha Vagnoman,VfB Stuttgart,Germany,,10300000,EUR,2028-06-30
907530,Jusuf Gazibegovi\u0107,1. FC K\u00f6ln,Bosnia & Herzegovina,,2200000,EUR,2028-06-30
920022,Omar Haktab Traore,Watford,Germany,,1900000,EUR,2029-06-30
947929,Jesper Lindstr\u00f8m,SSC Napoli,Denmark,,4300000,EUR,2028-06-30
979315,Elye Wahi,Eintracht Frankfurt,C\u00f4te d'Ivoire,,19400000,EUR,2030-06-30
1020206,Sebastian Sebulonsen,1. FC K\u00f6ln,Norway,,5100000,EUR,2028-06-30
1087043,Juli\u00e1n Malatini,SV Werder Bremen,Argentina,,2100000,EUR,
1112796,Andreas Hountondji,Burnley,Benin,,3300000,EUR,2028-06-30
1134578,Cole Campbell,SV 07 Elversberg,USA,,4800000,EUR,2030-06-30
1146091,Damion Downs,Southampton,USA,,3900000,EUR,2029-06-30
1166832,Keke Topp,SV Werder Bremen,Germany,,3100000,EUR,2028-06-30
1474296,Younes Ebnoutalib,Eintracht Frankfurt,Germany,,8800000,EUR,2031-06-30
1482433,Alejo Sarco,Bayer 04 Leverkusen,Argentina,,1800000,EUR,2029-06-30
1976732,Wisdom Mike,Bayern M\u00fcnchen II,Germany,,4800000,EUR,2027-06-30
1996846,Uchenna Ogundu,FC Augsburg,Nigeria,,4200000,EUR,2031-06-30
171927,Maximilian Philipp,No team,Germany,,485000,EUR,
357752,Aur\u00e9lio Buta,No team,Portugal,,1900000,EUR,
790977,Koki Machida,TSG Hoffenheim,Japan,,5800000,EUR,2029-06-30
925790,Taichi Hara,FC St. Pauli,Japan,,965000,EUR,
963801,Adam Hlo\u017eek,TSG Hoffenheim,Czechia,,10300000,EUR,2029-06-30
965950,Joel Schmied,1. FC K\u00f6ln,Switzerland,,3100000,EUR,2029-06-30
989203,Immanuel Pherai,Hamburger SV,Suriname,,1600000,EUR,2027-06-30
995316,Kilian Fischer,VfL Wolfsburg,Germany,,4400000,EUR,2027-06-30
1065051,Fabio Moreno Fell,1. FSV Mainz 05 II U23,Germany,,320000,EUR,2028-06-30
1138778,Tim Oermann,Bayer 04 Leverkusen,Germany,,4099999,EUR,2029-06-30
1152923,Kosta Nedeljkovi\u0107,Aston Villa,Serbia,,6600000,EUR,2029-06-30
1218056,Jonas Adjei Adjetey,VfL Wolfsburg,Ghana,,6400000,EUR,2030-06-30
1481370,Aiman Dardari,Rot-Weiss Essen,Luxembourg,,770000,EUR,2027-06-30
1584884,Deniz Ofli,Karlsruher SC,T\u00fcrkiye,,1800000,EUR,2027-06-30
1605225,Aboubaka Soumahoro,Mallorca,France,,1300000,EUR,2027-06-30
1823913,Cenny Neumann,1. FC K\u00f6ln II U23,Germany,,110000,EUR,2027-06-30
1937795,Axel Tape,Bayer 04 Leverkusen,France,,8700000,EUR,2030-06-30
2192753,Adam K\u00f6lle,1. FC Heidenheim,Germany,,1100000,EUR,2029-06-30
2204961,Shafiq Nandja,Hamburger SV,Germany,,530000,EUR,
2311163,Linus Guther,1. FC Union Berlin,Germany,,1000000,EUR,2028-06-30
123226,Mathieu Gorgelin,RC Lens,France,,210000,EUR,2027-06-30
151581,Leart Paqarada,1. FC Heidenheim,Kosovo,,740000,EUR,2027-06-30
187423,Kevin Akpoguma,No team,Nigeria,,1400000,EUR,
599192,Lionel Mpasi Nzau,Le Havre,DR Congo,,370000,EUR,2027-06-30
788180,R\u00e9my Descamps,Olympique Lyonnais,France,,1500000,EUR,2029-06-30
818244,Ousmane Demb\u00e9l\u00e9,Paris Saint-Germain,France,,97000000,EUR,2028-06-30
902029,Vitinha,Paris Saint-Germain,Portugal,,130000000,EUR,2029-06-30
942116,Mason Greenwood,Fenerbah\u00e7e,England,,53000000,EUR,2030-06-30
1019011,Isak Hansen Aar\u00f8en,NEC Nijmegen,Norway,,575000,EUR,2027-06-30
1049442,Ilan Kebbal,Paris FC,Algeria,,11200000,EUR,2028-06-30
1137131,Filippo Man\u00e9,Borussia Dortmund,Italy,,2400000,EUR,2028-06-30
1440627,Yannick Eduardo,TSG Hoffenheim,Czechia,,2600000,EUR,
1568506,Dmytro Bogdanov,1. FC Union Berlin,Ukraine,,770000,EUR,2029-06-30
1937835,Mathis Albert,Borussia Dortmund,USA,,310000,EUR,2027-06-30
1994978,Cassiano Kiala,Bayern M\u00fcnchen II,Germany,,1800000,EUR,2027-06-30
1994983,Erblin Osmani,FC Bayern M\u00fcnchen U19,Germany,,2100000,EUR,2027-06-30
1995000,Louis Lemke,Hamburger SV II U23,Germany,,320000,EUR,2028-06-30
2165037,Mezian Mesloub,No team,Portugal,,520000,EUR,
2255188,Tobias Weigel,Eintracht Frankfurt II,Germany,,315000,EUR,
40973,Karl-Johan Johnsson,No team,Sweden,,180000,EUR,
122810,A\u00efssa Mandi,Levante UD,Algeria,,1100000,EUR,
148824,Florian Thauvin,RC Lens,France,,5200000,EUR,2028-06-30
149593,Pierre-Emile H\u00f8jbjerg,Olympique de Marseille,Denmark,,13600000,EUR,2028-06-30
155995,Marquinhos,Paris Saint-Germain,Brazil,,27000000,EUR,2028-06-30
156236,Patrik Carlgren,No team,Sweden,,390000,EUR,
581314,Valentin Rongier,Stade Rennais,France,,7700000,EUR,2028-06-30
758168,Moussa Niakhat\u00e9,Olympique Lyonnais,Senegal,,14600000,EUR,2028-06-30
800749,Matvey Safonov,Paris Saint-Germain,Russia,,32000000,EUR,2029-06-30
826203,Malang Sarr,No team,France,,21000000,EUR,
847494,Berke \u00d6zer,Lille,T\u00fcrkiye,,10500000,EUR,2029-06-30
863133,Aron D\u00f8nnum,Toulouse,Norway,,5400000,EUR,2027-06-30
867299,Herv\u00e9 Koffi,RC Lens,Burkina Faso,,5600000,EUR,2028-06-30
889259,Khvicha Kvaratskhelia,Paris Saint-Germain,Georgia,,144000000,EUR,2029-06-30
979118,Tyler Morton,Olympique Lyonnais,England,,31000000,EUR,2030-06-30
989768,Nuno Mendes,Paris Saint-Germain,Portugal,,77000000,EUR,2029-06-30
996952,Bradley Barcola,Paris Saint-Germain,France,,68000000,EUR,2028-06-30
1099117,Samson Baidoo,RC Lens,Austria,,26000000,EUR,2030-06-30
1108441,Lucas Beraldo,Paris Saint-Germain,Brazil,,20000000,EUR,2028-06-30
1389846,Lamine Camara,AS Monaco,Senegal,,41000000,EUR,2029-06-30
48535,Anthony Lopes,Angers,Portugal,,930000,EUR,2028-06-30
51665,Benjamin Andr\u00e9,Lille,France,,3100000,EUR,2028-06-30
128383,Ger\u00f3nimo Rulli,Olympique de Marseille,Argentina,,5800000,EUR,2027-06-30
227862,Wesley Sa\u00efd,Al Shamal SC,France,,5300000,EUR,
873534,Kr\u00e9pin Diatta,No team,Senegal,,5800000,EUR,
343067,Corentin Tolisso,Olympique Lyonnais,France,,11000000,EUR,2029-06-30
784655,Fabi\u00e1n Ruiz,Paris Saint-Germain,Spain,,29000000,EUR,2027-06-30
878938,Cristian C\u00e1sseres Jr.,Toulouse,Venezuela,,8199999,EUR,2027-06-30
891508,Gr\u00e9goire Coudert,Stade Brestois,France,,3600000,EUR,2027-06-30
911851,Yann Gboho,Toulouse,France,,16600000,EUR,2027-06-30
973556,Julio Enciso,RC Strasbourg,Paraguay,,24000000,EUR,2029-06-30
987491,Bryan Okoh,Auxerre,Switzerland,,4099999,EUR,2029-06-30
1001458,Issa Soumar\u00e9,Stade Rennais,Senegal,,8400000,EUR,2030-06-30
1023567,Ilya Zabarnyi,Paris Saint-Germain,Ukraine,,37000000,EUR,2030-06-30
1064697,Mamadou Sangare,RC Lens,Mali,,39000000,EUR,2030-06-30
1127057,Valent\u00edn Barco,RC Strasbourg,Argentina,,44000000,EUR,2029-06-30
1154605,D\u00e9sir\u00e9 Dou\u00e9,Paris Saint-Germain,France,,124000000,EUR,2029-06-30
1174462,Pablo Pagis,Paris FC,France,,13800000,EUR,2031-06-30
1190933,Jo\u00e3o Neves,Paris Saint-Germain,Portugal,,148000000,EUR,2029-06-30
1408080,Ismaelo Ganiou,RC Lens,France,,19400000,EUR,2028-06-30
1524396,Renato Marin,CD Nacional,Italy,,965000,EUR,2027-06-30
159837,Donovan L\u00e9on,Auxerre,French Guiana,,720000,EUR,2027-06-30
190883,Branco Van den Boomen,Angers,Netherlands,,2400000,EUR,2029-06-30
287887,Gautier Lloris,No team,France,,3100000,EUR,
352370,Lucas Hern\u00e1ndez,Paris Saint-Germain,France,,18600000,EUR,2028-06-30
372430,Fr\u00e9d\u00e9ric Guilbert,Nantes,France,,875000,EUR,2028-06-30
580226,Mory Diaw,Le Havre,Senegal,,950000,EUR,2027-06-30
787827,Matthieu Udol,RC Lens,France,,7700000,EUR,2028-06-30
845183,Yehvann Diouf,Nice,Senegal,,6600000,EUR,2030-06-30
917087,Kang-in Lee,Paris Saint-Germain,South Korea,,30000000,EUR,2028-06-30
946158,Mohammed Salisu,AS Monaco,Ghana,,9200000,EUR,2028-06-30
966621,Esteban Lepaul,Stade Rennais,France,,32000000,EUR,2030-06-30
991479,Anthony Rouault,Stade Rennais,France,,13000000,EUR,2029-06-30
992026,Rassoul Ndiaye,Le Havre,Senegal,,8700000,EUR,2028-06-30
1130939,Maghnes Akliouche,AS Monaco,France,,49000000,EUR,2028-06-30
1149144,Mat\u00edas Fern\u00e1ndez-Pardo,Lille,Belgium,,38000000,EUR,2029-06-30
1151803,K\u00e9vin Danois,Auxerre,France,,21000000,EUR,2029-06-30
1195784,Malick Fofana,Olympique Lyonnais,Belgium,,29000000,EUR,2028-06-30
1215906,Afonso Moreira,Bayer 04 Leverkusen,Portugal,,18400000,EUR,2031-06-30
1387161,Robin Risser,RC Lens,France,,31000000,EUR,2030-06-30
1465307,Arthur Avom Ebong,Lorient,Cameroon,,19400000,EUR,2027-06-30
72998,R\u00e9my Cabella,Olympiacos FC,France,,1200000,EUR,2027-06-30
146101,Eric Dier,AS Monaco,England,,3600000,EUR,2028-06-30
149656,Yvon Mvogo,Lorient,Switzerland,,2600000,EUR,2027-06-30
286909,Przemys\u0142aw Frankowski,Stade Rennais,Poland,,6500000,EUR,2027-06-30
368120,Nabil Bentaleb,No team,Algeria,,4900000,EUR,
791046,Dominik Greif,Olympique Lyonnais,Slovakia,,8600000,EUR,2029-06-30
842391,Gauthier Hein,Metz,France,,5200000,EUR,2028-06-30
927005,Lassine Sinayoko,Auxerre,Mali,,10500000,EUR,2027-06-30
979480,Willian Pacho,Paris Saint-Germain,Ecuador,,76000000,EUR,2029-06-30
999070,Matthis Abline,Nantes,France,,21000000,EUR,2028-06-30
1004550,Jonathan Fischer,Metz,Denmark,,2100000,EUR,2029-06-30
1020744,Charlie Cresswell,Toulouse,England,,24000000,EUR,2028-06-30
1129751,Julien Le Cardinal,Saint-\u00c9tienne,France,,1700000,EUR,2028-06-30
1142233,Diego Moreira,RC Strasbourg,Belgium,,24000000,EUR,2029-06-30
1142672,Warren Za\u00efre-Emery,Paris Saint-Germain,France,,78000000,EUR,2029-06-30
1445625,J\u00e9r\u00e9my Jacquet,Liverpool FC,France,,57000000,EUR,2031-06-30
1463509,Pape Sy,Metz,Senegal,,635000,EUR,2027-06-30
1546405,Kyllian Antonio,RC Lens,France,,2800000,EUR,2028-06-30
1605921,Samir El Mourabet,RC Strasbourg,Morocco,,21000000,EUR,2030-06-30
2168291,Brad-Hamilton Mantsounga,Nice U19,Congo Republic,,160000,EUR,2027-06-30
38440,Kevin Trapp,Paris FC,Germany,,1900000,EUR,2028-06-30
96544,Geoffrey Kondogbia,Olympique de Marseille,Central African Republic,,2900000,EUR,2027-06-30
164055,Brice Samba,Stade Rennais,France,,6500000,EUR,2029-06-30
296434,Laurent Abergel,Nice,France,,1900000,EUR,2029-06-30
328035,Brendan Chardonnet,Stade Brestois,France,,4099999,EUR,2027-06-30
579576,Ruben Aguilar,RC Lens,France,,2700000,EUR,2028-06-30
801306,Pierre Lees Melou,Paris FC,France,,4200000,EUR,2027-06-30
804764,Chidozie Awaziem,Nantes,Nigeria,,2600000,EUR,2028-06-30
821728,Jonathan Clauss,Nice,France,,3600000,EUR,2028-06-30
825846,Jordan Teze,AS Monaco,Netherlands,,16399999,EUR,2029-06-30
859026,Amine Gouiri,Olympique de Marseille,Algeria,,30000000,EUR,2029-06-30
868964,Philipp K\u00f6hn,AS Monaco,Switzerland,,3600000,EUR,2028-06-30
966849,Saud Abdulhamid,RC Lens,Saudi Arabia,,8400000,EUR,2029-06-30
996953,Lucas Chevalier,Paris Saint-Germain,France,,26000000,EUR,2030-06-30
1095836,Th\u00e9o De Percin,Auxerre,Martinique,,410000,EUR,2029-06-30
1138804,Hakon Arnar Haraldsson,Lille,Iceland,,26000000,EUR,2030-06-30
1140859,Hamza Igamane,Lille,Morocco,,16600000,EUR,2030-06-30
1400993,Michel Diaz,Troyes,C\u00f4te d'Ivoire,,5800000,EUR,2029-06-30
1410217,Pape Diop,RC Strasbourg,Senegal,,8199999,EUR,2030-06-30
1471683,Sadibou San\u00e9,AS Monaco,Senegal,,6800000,EUR,2031-06-30
51498,Pierre-Emerick Aubameyang,Deportivo de A Coru\u00f1a,Gabon,,2400000,EUR,2028-06-30
152813,Clinton Mata,Olympique Lyonnais,Angola,,2600000,EUR,2028-06-30
155997,Emerson,Olympique de Marseille,Italy,,8199999,EUR,2027-06-30
231946,Adrien Thomasson,Stade Rennais,France,,4300000,EUR,2029-06-30
343971,Ludovic Ajorque,Stade Brestois,France,,3200000,EUR,2027-06-30
879618,Montassar Talbi,Lorient,Tunisia,,7600000,EUR,2027-06-30
963201,Melvin Zinga,Angers,Congo Republic,,290000,EUR,
976396,Joris Chotard,Stade Brestois,France,,6700000,EUR,2029-06-30
981815,Igor Paix\u00e3o,Olympique de Marseille,Brazil,,33000000,EUR,2030-06-30
982316,Formose Mendy,Lorient,Senegal,,1600000,EUR,2028-06-30
993952,Noah Cadiou,Lorient,Guadeloupe,,3100000,EUR,2029-06-30
1048333,Emmanuel Emegha,Chelsea,Netherlands,,26000000,EUR,2033-06-30
1069159,Ot\u00e1vio,Paris FC,Brazil,,9600000,EUR,2030-06-30
1102502,Quentin Merlin,Stade Rennais,France,,14600000,EUR,2029-06-30
1149148,Mike Penders,Chelsea,Belgium,,24000000,EUR,2032-06-30
1190938,Martial Godo,RC Strasbourg,C\u00f4te d'Ivoire,,23000000,EUR,2030-06-30
1855502,Ars\u00e8ne Kouassi,Lorient,Burkina Faso,,16399999,EUR,2029-06-30
128587,Thomas Meunier,Sunderland,Belgium,,1400000,EUR,2028-06-30
149732,Abdoulaye Tour\u00e9,No team,Guinea,,2400000,EUR,
191188,Seko Fofana,Stade Rennais,C\u00f4te d'Ivoire,,8800000,EUR,2029-06-30
281277,Thilo Kehrer,AS Monaco,Germany,,12400000,EUR,2028-06-30
822708,Amadou Haidara,RC Lens,Mali,,4900000,EUR,2029-06-30
827519,Romain Perraud,Lille,France,,6800000,EUR,2028-06-30
876600,Mousa Tamari,Stade Rennais,Jordan,,10800000,EUR,2028-06-30
928236,Leonardo Balerdi,Olympique de Marseille,Argentina,,16399999,EUR,2028-06-30
934498,F\u00e9lix Correia,Lille,Portugal,,9700000,EUR,2029-06-30
944164,Sofiane Diop,Nice,Morocco,,13900000,EUR,2027-06-30
957604,Pavel \u0160ulc,Olympique Lyonnais,Czechia,,21000000,EUR,2029-06-30
962068,Sebastian Nanasi,RC Strasbourg,Sweden,,15500000,EUR,2029-06-30
962883,Ansu Fati,AS Monaco,Spain,,15600000,EUR,2030-06-30
982319,Moustapha Mbow,Paris FC,Senegal,,9800000,EUR,2028-06-30
996951,Sinaly Diomand\u00e9,Auxerre,C\u00f4te d'Ivoire,,6600000,EUR,2027-06-30
1002033,Gu\u00e9la Dou\u00e9,RC Strasbourg,C\u00f4te d'Ivoire,,21000000,EUR,2029-06-30
1119487,Nathan Ngoy,Lille,Belgium,,24000000,EUR,2029-06-30
1127191,Oussama El Azzouzi,Bologna,Morocco,,1900000,EUR,2027-06-30
1410925,Joaquin Panichelli,RC Strasbourg,Argentina,,32000000,EUR,2030-06-30
1597145,Abdelhamid Ait Boudlal,Stade Rennais,Morocco,,12900000,EUR,2028-06-30
257205,Sofiane Boufal,No team,Morocco,,1600000,EUR,
318963,Aleksandr Golovin,AS Monaco,Russia,,17500000,EUR,2029-06-30
352802,Maxime L\u00f3pez,Paris FC,France,,5200000,EUR,2027-06-30
770677,Denis Zakaria,AS Monaco,Switzerland,,26000000,EUR,2028-06-30
802138,Jean Victor Makengo,Lorient,France,,5600000,EUR,2027-06-30
806076,Ludovic Blas,Stade Rennais,France,,9300000,EUR,2027-06-30
867575,Koffi Kouao,No team,C\u00f4te d'Ivoire,,2700000,EUR,
890329,Ignatius Ganago,Nantes,Cameroon,,1900000,EUR,2027-06-30
945830,Himad Abdelli,Olympique de Marseille,Algeria,,4600000,EUR,2030-06-30
963299,Johann Lepenant,Nantes,France,,6600000,EUR,2029-06-30
980406,\u00c9tienne Youte Kinkoue,No team,France,,2400000,EUR,
988907,Lilian Brassier,Stade Rennais,France,,10800000,EUR,2029-06-30
1035695,Fod\u00e9 Doucour\u00e9,Le Havre,Mali,,1900000,EUR,2027-06-30
1049515,Alidu Seidu,Stade Rennais,Ghana,,6300000,EUR,2029-06-30
1049538,Ousmane Camara,Angers,Mali,,8199999,EUR,2029-06-30
1131540,Th\u00e9o Le Bris,Lorient,France,,5300000,EUR,2027-06-30
1402698,Ethan Mbapp\u00e9,Lille,France,,7800000,EUR,2027-06-30
1426222,Fode Sylla,FC Sion,France,,960000,EUR,2031-06-30
1638338,Gessime Yassine,RC Strasbourg,Morocco,,13100000,EUR,2030-06-30
1868591,Aladji Bamba,AS Monaco,France,,16700000,EUR,2030-06-30
363042,Jordan Lefort,Angers,Mauritania,,1000000,EUR,2029-06-30
802034,Fabien Centonze,Nantes,France,,950000,EUR,2027-06-30
802142,Jonathan Ikon\u00e9,Paris FC,France,,3800000,EUR,2027-06-30
825681,Romain Del Castillo,Stade Brestois,France,,6400000,EUR,2027-06-30
844942,Gideon Mensah,1. FC K\u00f6ln,Ghana,,3700000,EUR,2028-06-30
847983,Sebastian Szyma\u0144ski,Stade Rennais,Poland,,12600000,EUR,2029-06-30
860307,Facundo Medina,Olympique de Marseille,Argentina,,16300000,EUR,2030-06-30
861324,Hugo Magnetti,Stade Brestois,France,,5500000,EUR,2027-06-30
973838,Abner Vin\u00edcius,Olympique Lyonnais,Brazil,,9200000,EUR,2029-06-30
983066,Andrew Omobamidele,RC Strasbourg,Ireland,,8800000,EUR,2029-06-30
985923,Hicham Boudaoui,Nice,Algeria,,11300000,EUR,2027-06-30
1012657,Lucas Gourna-Douath,Red Bull Salzburg,France,,5600000,EUR,2027-06-30
1022084,Tanner Tessmann,Olympique Lyonnais,USA,,9500000,EUR,2029-06-30
1035988,Arouna Sangante,Sevilla,Senegal,,7700000,EUR,2031-06-30
1087805,Marvin Senaya,Auxerre,Ghana,,3100000,EUR,2029-06-30
1120615,Antoine Mendy,Nice,Senegal,,9700000,EUR,2028-06-30
1156353,Kamory Doumbia,Stade Brestois,Mali,,9800000,EUR,2029-06-30
1402217,Panos Katseris,Lorient,Greece,,2200000,EUR,2028-06-30
1462778,Lilian Raolisoa,Angers,France,,4099999,EUR,2028-06-30
1895833,Noam Obougou,Le Havre,France,,1100000,EUR,
15219,Luk\u00e1\u0161 Hr\u00e1deck\u00fd,AS Monaco,Finland,,1600000,EUR,2027-06-30
105951,Benjamin Stambouli,No team,France,,260000,EUR,
361696,Wout Faes,Leicester City,Belgium,,10600000,EUR,2027-06-30
801411,Derek Cornelius,Olympique de Marseille,Canada,,2300000,EUR,2028-06-30
804472,Pablo Rosario,FC Porto,Dominican Republic,,7800000,EUR,2029-06-30
805096,Francisco Sierralta,Auxerre,Chile,,1100000,EUR,2029-06-30
873221,Ayumu Seko,Le Havre,Japan,,4700000,EUR,2028-06-30
922759,Mark McKenzie,Toulouse,USA,,7300000,EUR,2027-06-30
928033,Charles Vanhoutte,Feyenoord,Belgium,,6800000,EUR,2030-06-30
1012650,Isaak Tour\u00e9,Lorient,France,,1300000,EUR,2028-06-30
1102503,Ahmadou Bamba Dieng,No team,Senegal,,15500000,EUR,
1127313,Tom Louchet,Nice,France,,7200000,EUR,2027-06-30
1195782,Noah Nartey,Olympique Lyonnais,Denmark,,14000000,EUR,2030-06-30
1198264,Rafik Messali,Toulouse,Algeria,,1500000,EUR,2028-06-30
1423504,Andrija Bulatovic,RC Lens,Montenegro,,7300000,EUR,2030-06-30
1473092,Kojo Peprah Oppong,Nice,Ghana,,9700000,EUR,2029-06-30
1473491,Senny Mayulu,Paris Saint-Germain,France,,38000000,EUR,2027-06-30
1590918,Ibrahim Mbaye,Paris Saint-Germain,Senegal,,29000000,EUR,2028-06-30
54308,Loic N\u00e9go,Omonia Nicosia,Hungary,,545000,EUR,2028-05-31
141080,Kenny Lala,Stade Brestois,France,,1400000,EUR,2027-06-30
238612,Chancel Mbemba,No team,DR Congo,,1800000,EUR,
330051,Moses Simon,Paris FC,Nigeria,,7700000,EUR,2028-06-30
580642,Haris Belkebla,Angers,Algeria,,1900000,EUR,2028-06-30
814594,Achraf Hakimi,Paris Saint-Germain,Morocco,,82000000,EUR,2029-06-30
829296,Roman Yaremchuk,Olympiacos FC,Ukraine,,3200000,EUR,2028-06-30
904424,Elisha Owusu,Auxerre,Ghana,,4300000,EUR,2027-06-30
988632,Jim Allevinah,Angers,Gabon,,905000,EUR,2027-06-30
997104,Naouirou Ahamada,Auxerre,France,,2900000,EUR,2027-06-30
1025895,Hyeok-kyu Kwon,Karlsruher SC,South Korea,,960000,EUR,
1063235,Mohamed Ali Cho,Nice,France,,14500000,EUR,2028-06-30
1090694,Vanderson,AS Monaco,Brazil,,17100000,EUR,2028-06-30
1154630,Guillaume Restes,Toulouse,France,,16200000,EUR,2028-06-30
1397934,Urie-Michel Mboula,Metz,Gabon,,930000,EUR,2028-06-30
1407484,Samuel Amo-Ameyaw,RC Strasbourg,England,,8500000,EUR,2029-06-30
1426597,Lucas H\u00f8gsberg,RC Strasbourg,Denmark,,17400000,EUR,2030-06-30
1606792,Abdulay Juma Bah,Manchester City,Sierra Leone,,10400000,EUR,2031-06-30
111802,Paul Pogba,AS Monaco,France,,2600000,EUR,2027-06-30
123388,Djibril Sidib\u00e9,No team,France,,1100000,EUR,
300412,Giorgi Kvilitaia,Holstein Kiel,Georgia,,870000,EUR,2027-06-30
352768,Ainsley Maitland-Niles,Olympique Lyonnais,England,,10900000,EUR,2027-06-30
831246,Igor Silva,No team,Brazil,,1300000,EUR,
845170,Caio Henrique,AFC Ajax,Brazil,,11500000,EUR,2030-06-30
855810,Timothy Weah,Olympique de Marseille,USA,,18200000,EUR,2030-06-30
875677,Giorgi Tsitaishvili,No team,Georgia,,2700000,EUR,
934237,Folarin Balogun,AS Monaco,USA,,36000000,EUR,2028-06-30
1107439,Ali Youssef,Nantes,Libya,,2600000,EUR,2028-06-30
1153355,Maxi Oyedele,RC Strasbourg,Poland,,5200000,EUR,2030-06-30
1195241,Yassin Belkhdim,Angers,Morocco,,6800000,EUR,2028-06-30
1410148,Mamadou Coulibaly,AS Monaco,France,,14100000,EUR,2028-06-30
1507384,Adama Camara,Paris FC,France,,3100000,EUR,2027-06-30
1545376,Rayan Fofana,RC Lens,France,,8300000,EUR,2029-06-30
1564180,Ayyoub Bouaddi,Lille,Morocco,,54000000,EUR,2029-06-30
2073555,Stephan Zagadou,Le Havre 2,France,,97000,EUR,
153218,Thomas Delaine,No team,France,,330000,EUR,
557166,Mama Bald\u00e9,Stade Brestois,Guinea-Bissau,,2900000,EUR,2027-06-30
798124,Rasmus Nicolaisen,Toulouse,Denmark,,5200000,EUR,2029-06-30
802159,Habibou Diallo,Metz,Senegal,,4400000,EUR,2028-06-30
827506,Ga\u00ebtan Perrin,Lille,France,,5200000,EUR,2028-06-30
839493,Amir Murillo,Be\u015fikta\u015f JK,Panama,,6600000,EUR,2028-06-30
845486,Tanguy Ndomb\u00e9l\u00e9,No team,France,,2700000,EUR,
875548,Aiyegun Tosin,Lorient,Benin,,1700000,EUR,2027-06-30
878898,Arnaud Bodart,Lille,Belgium,,1400000,EUR,2027-06-30
965357,Osame Sahraoui,Lille,Morocco,,8700000,EUR,2029-06-30
995671,Reda Khadra,Stade de Reims,Germany,,1200000,EUR,2027-06-30
1000175,Adam Karabec,AC Sparta Praha,Czechia,,6700000,EUR,
1130307,Karim Dermane,Lommel SK,Togo,,2600000,EUR,2028-06-30
1169436,Frank Magri,No team,Cameroon,,3200000,EUR,
1197153,Junior Mwanga,RC Strasbourg,France,,6400000,EUR,2027-06-30
1401005,Remy Labeau Lascary,RC Lens,Guadeloupe,,3900000,EUR,2028-06-30
1470032,Ibou Sane,Metz,Senegal,,865000,EUR,2028-06-30
1657108,Julian Vignolo,Toulouse,Argentina,,1600000,EUR,2029-06-30
1893993,Gabin Bernardeau,Lorient,France,,1300000,EUR,2030-06-30
158243,Nicol\u00e1s Tagliafico,Olympique Lyonnais,Argentina,,3800000,EUR,2027-06-30
361780,Calvin Verdonk,Lille,Indonesia,,2600000,EUR,2028-06-30
369650,Jonathan Gradit,RC Lens,France,,2400000,EUR,2028-06-30
794373,Carlens Arcus,Angers,Haiti,,1900000,EUR,2027-06-30
902657,Jessy Deminguet,Metz,France,,2200000,EUR,2028-06-30
948250,Billal Brahimi,Le Mans,Algeria,,970000,EUR,2028-06-30
975300,Godson Kyeremeh,Le Havre,France,,515000,EUR,2027-06-30
982613,Boubacar Traor\u00e9,Wolverhampton,Mali,,3900000,EUR,2027-06-30
988801,Abu Francis,Toulouse,Ghana,,2100000,EUR,2029-06-30
1049775,Alexsandro Ribeiro,Lille,Brazil,,15500000,EUR,2028-06-30
1129382,Bradley Locko,Stade Brestois,France,,6200000,EUR,2027-06-30
1199247,Santiago Hidalgo,Toulouse,Argentina,,5800000,EUR,2029-06-30
1387156,Clement Akpa,Auxerre,C\u00f4te d'Ivoire,,8700000,EUR,2028-06-30
1407848,Christian Mawissa,AS Monaco,France,,13700000,EUR,2029-06-30
1426218,Paul Argney,Le Havre,France,,220000,EUR,2027-06-30
1842137,Erawan Garnier,RC Lens,Thailand,,210000,EUR,2027-06-30
1937040,Maxima Goffi,Lille 2,France,,970000,EUR,2028-06-30
2509490,Jahyann Pandore,Metz 2,France,,190000,EUR,
40672,Francis Coquelin,Stade Lavallois,France,,740000,EUR,2027-06-30
170129,Florent Hanin,Nea Salamina Famagusta,France,,210000,EUR,
204286,Nouha Dicko,US Cr\u00e9teil Football,Mali,,230000,EUR,
352296,Breel Embolo,Stade Rennais,Switzerland,,13600000,EUR,2029-06-30
787889,Lucas Tousart,Stade Brestois,France,,2100000,EUR,2027-06-30
795508,Vincent Marchetti,Paris FC,France,,1600000,EUR,2027-06-30
842399,Alimami Gory,Paris FC,France,,1500000,EUR,2027-06-30
867440,Danny Namaso,Auxerre,Cameroon,,5700000,EUR,2029-06-30
906075,Melvin Bard,Nice,France,,10300000,EUR,2028-06-30
1029018,Abdallah Sima,RC Lens,Senegal,,4900000,EUR,2029-06-30
1047484,S\u00e9kou Mara,RC Strasbourg,France,,3600000,EUR,2029-06-30
1048366,Waren Kamanzi,Malm\u00f6 FF,Norway,,1300000,EUR,
1087364,Tiago Santos,Lille,Portugal,,10600000,EUR,2029-06-30
1131448,Conrad Jaden Egan-Riley,Olympique de Marseille,England,,9400000,EUR,2029-06-30
1131541,Bamo Me\u00eft\u00e9,Olympique de Marseille,C\u00f4te d'Ivoire,,6800000,EUR,2028-06-30
1397882,Yanis Zouaoui,Le Havre,France,,2300000,EUR,2027-06-30
1445628,Djaoui Ciss\u00e9,Stade Rennais,France,,9300000,EUR,2030-06-30
1545297,Anthony Bermont,Angers,France,,1100000,EUR,2027-06-30
1961626,Rudy Matondo,Paris FC,France,,19100000,EUR,2028-06-30
39070,Olivier Giroud,Lille,France,,930000,EUR,2027-06-30
782240,Assane Diouss\u00e9,Auxerre,Senegal,,530000,EUR,2027-06-30
793988,Orel Mangala,Olympique Lyonnais,Belgium,,8600000,EUR,2028-06-30
849114,Rados\u0142aw Majecki,Pafos FC,Poland,,2700000,EUR,2027-05-31
873551,Mostafa Mohamed,Nantes,Egypt,,3700000,EUR,2027-06-30
916041,Mahdi Camara,Stade Rennais,France,,12900000,EUR,2029-06-30
920680,Gabriel Osho,Cardiff City,Nigeria,,1300000,EUR,2029-06-30
930813,Tuomas Ollila,Paris FC,Finland,,420000,EUR,2027-06-30
959805,Quinten Timber,Olympique de Marseille,Netherlands,,24000000,EUR,2030-06-30
985199,Giorgi Abuashvili,Metz,Georgia,,960000,EUR,2027-06-30
1126588,Lasso Coulibaly,Auxerre,C\u00f4te d'Ivoire,,825000,EUR,2028-06-30
1177351,Lamine Sy,Auxerre,France,,2700000,EUR,2029-06-30
1394735,Morgan Bokele Mputu,Metz,Cameroon,,930000,EUR,2028-06-30
1426224,Mathis Amougou,RC Strasbourg,France,,9500000,EUR,2030-06-30
1545409,Mahamadou Nagida,Stade Rennais 2,Cameroon,,145000,EUR,2028-06-30
1597197,Hamidou Makalou,Stade Brestois,Mali,,1100000,EUR,2029-06-30
1824137,Timothee Pembele,Le Havre,France,,1700000,EUR,2029-06-30
1930811,Abdoul Ouattara,RC Strasbourg,C\u00f4te d'Ivoire,,13800000,EUR,2029-06-30
155818,Takumi Minamino,AS Monaco,Japan,,9700000,EUR,2027-06-30
362014,Hamari Traor\u00e9,Paris FC,Mali,,1500000,EUR,2027-06-30
802143,Kelvin Amian,Nantes,France,,2100000,EUR,2028-06-30
802695,Ben Chilwell,RC Strasbourg,England,,9200000,EUR,2027-06-30
803034,Jeffrey De Lange,Olympique de Marseille,Netherlands,,2700000,EUR,2027-06-30
886286,Nicolas Cozza,No team,France,,2700000,EUR,
919027,Ali Abdi,Nice,Tunisia,,1900000,EUR,2027-06-30
1049528,Yassine Benhattab,Nantes,France,,1900000,EUR,2028-06-30
1153333,Rafael Luis,SL Benfica B U21,Portugal,,5300000,EUR,2028-06-30
1391541,Ngal'ayel Mukau,Lille,DR Congo,,14200000,EUR,2028-06-30
1399503,Nidal \u010celik,RC Lens,Bosnia & Herzegovina,,6400000,EUR,2029-06-30
1405912,Dehmaine Tabibou,Nantes,France,,5400000,EUR,2030-06-30
1405998,Louis Leroux,Nantes,France,,10300000,EUR,2030-06-30
1406007,Bahereba Guirassy,Nantes,France,,7600000,EUR,2028-06-30
1469180,Moise Bombito,Nice,Canada,,6800000,EUR,2028-06-30
1490783,Simon Ebonog,Le Havre,France,,4200000,EUR,2029-06-30
1895829,Daren Mosengo,Le Havre,France,,310000,EUR,2027-06-30
2077075,Seny Koumbassa,Toulouse,France,,4700000,EUR,2030-06-30
235538,Younes Namli,PEC Zwolle,Denmark,,1000000,EUR,2028-06-30
292665,Glen Kamara,Stade Rennais,Finland,,1900000,EUR,2028-06-30
326343,Jean-Philippe Gbamin,CSKA Sofia,C\u00f4te d'Ivoire,,2100000,EUR,2028-06-30
822110,Deiver Machado,No team,Colombia,,1900000,EUR,
829093,Ibrahima Sissoko,Nantes,Mali,,1900000,EUR,2028-06-30
904994,Eric Ebimbe,Eintracht Frankfurt,Cameroon,,6500000,EUR,2027-06-30
940328,Jean-Philippe Krasso,Paris FC,C\u00f4te d'Ivoire,,3300000,EUR,2027-06-30
942937,Hong Hyun-seok,1. FSV Mainz 05,South Korea,,2400000,EUR,2028-06-30
1103079,Nathaniel Adjei,Lorient,Ghana,,1600000,EUR,2028-06-30
1130942,F\u00e9lix Lemar\u00e9chal,Club Brugge KV,France,,6500000,EUR,2029-06-30
1386065,Mario Sauer,Toulouse,Slovakia,,1400000,EUR,2028-06-30
1386639,Ibrahim Salah,Basel,Morocco,,1700000,EUR,2029-06-30
1426221,Nhoa Sangui,Paris FC,France,,10400000,EUR,2030-06-30
1463503,Malick Mbaye,SV Zulte Waregem,Senegal,,390000,EUR,2029-06-30
1506932,Marius Courcoul,Angers II,France,,53000,EUR,
1514916,Sidiki Cherif,Fenerbah\u00e7e,Guinea,,16900000,EUR,2030-06-30
1606641,Pape Cabral,AS Monaco U21,France,,1200000,EUR,
2020789,Djibril Coulibaly,Nice,France,,970000,EUR,2028-06-30
45512,Youssef El Arabi,No team,Morocco,,92000,EUR,
158233,Bouna Sarr,Metz,Senegal,,360000,EUR,2028-06-30
250133,Morgan Sanson,Nice,France,,3700000,EUR,2027-06-30
816810,Mathieu Cafaro,Paris FC,France,,1500000,EUR,2027-06-30
934510,Gon\u00e7alo Ramos,AC Milan,Portugal,,28000000,EUR,2031-06-30
1000442,Yassine Kechta,Legan\u00e9s,Morocco,,3900000,EUR,2030-06-30
1001858,Soumaila Coulibaly,RC Strasbourg,France,,6400000,EUR,2029-06-30
1027091,Joel Mugisha Mvuka,Lorient,Norway,,1500000,EUR,2027-06-30
1035986,Josu\u00e9 Casimir,Auxerre,Haiti,,2800000,EUR,2028-06-30
1046028,Mayckel Lahdo,AZ Alkmaar,Sweden,,2600000,EUR,2027-06-30
1129527,Bilal Nadir,No team,Morocco,,8300000,EUR,
1130111,Marius Broholm,Lille,Norway,,4600000,EUR,2030-06-30
1170523,Lohann Doucet,Vit\u00f3ria SC,Burkina Faso,,515000,EUR,2029-06-30
1202024,Ernest Nuamah,Olympique Lyonnais,Ghana,,9500000,EUR,2028-06-30
1397558,Kassoum Ouattara,Be\u015fikta\u015f JK,France,,11600000,EUR,2030-06-30
1471095,Ibrahim Osman,Brighton & Hove Albion,Ghana,,7400000,EUR,2029-06-30
2011326,Nouhoum Kamissoko,Olympique de Marseille 2,Mali,,70000,EUR,
2070311,Brian Madjo,Aston Villa U21,England,,12600000,EUR,2032-06-30
151900,Uro\u0161 Radakovi\u0107,Nantes,Serbia,,440000,EUR,2027-06-30
788921,Florian Sotoca,RC Lens,France,,1300000,EUR,2027-06-30
877979,Willem Geubbels,Paris FC,France,,5500000,EUR,2030-06-30
936848,Theo Bair,Auxerre,Canada,,1600000,EUR,2028-06-30
962064,Isak Jansson,Nice,Sweden,,4300000,EUR,
998241,Darlin Yongwa,No team,Cameroon,,4700000,EUR,
1005648,Fredrik Oppeg\u00e5rd,Auxerre,Norway,,1600000,EUR,2028-06-30
1049517,Ismael Doukour\u00e9,RC Strasbourg,France,,19400000,EUR,2028-06-30
1103141,Sambou Soumano,Stade de Reims,Senegal,,3700000,EUR,2030-06-30
1128844,Emersonn,Ipswich Town,Brazil,,7700000,EUR,2031-06-30
1170532,Jacques Ekomi\u00e9,Angers,Gabon,,8400000,EUR,2027-06-30
1172936,Louis Mouton,Angers,France,,4099999,EUR,2028-06-30
1512354,Noah Edjouma,Lille,France,,4800000,EUR,2030-06-30
1529051,Abdoulaye Faye,Bayer 04 Leverkusen,Senegal,,4200000,EUR,2030-06-30
1651830,Oumar Pona,Angers,France,,195000,EUR,2027-06-30
1861665,Quentin Ndjantou,Paris Saint-Germain U19,France,,7400000,EUR,2028-06-30
1894003,Dayann Methalie,Toulouse,France,,19700000,EUR,2030-06-30
1922996,Serigne Diop,AB,Senegal,,53000,EUR,2029-06-30
128285,Maxime Colin,Metz,France,,260000,EUR,2027-06-30
825088,Ally Samatta,Le Havre,Tanzania,,770000,EUR,2027-06-30
894396,Terem Moffi,Nice,Nigeria,,8199999,EUR,2027-06-30
1014540,Ruben Kluivert,Olympique Lyonnais,Netherlands,,7500000,EUR,2030-06-30
1083007,Mika Biereth,AS Monaco,Denmark,,15900000,EUR,2030-06-30
1149127,Arthur Vermeeren,RB Leipzig,Belgium,,19400000,EUR,2029-06-30
1464025,Kendry P\u00e1ez,River Plate,Ecuador,,8300000,EUR,2027-06-30
1499870,Luc Zogb\u00e9,Stade Brestois,C\u00f4te d'Ivoire,,1300000,EUR,2029-06-30
1516047,Amady Camara,SK Sturm Graz,Mali,,875000,EUR,
1597191,Alpha Tour\u00e9,Metz,Senegal,,4600000,EUR,2028-06-30
1884150,Mathis Saka,Toulouse,France,,535000,EUR,2029-06-30
1935903,Amadou Ciss\u00e9,Amed Sportif Faaliyetler,Guinea,,185000,EUR,2029-06-30
1937806,Noah Nsoki,Paris Saint-Germain U19,France,,1000000,EUR,2027-06-30
1937851,Mathis Jangeal,Paris Saint-Germain U19,France,,270000,EUR,
2017474,Bernard Nguene,Standard Li\u00e8ge,Cameroon,,905000,EUR,2028-06-30
2076689,Believe Munongo,Metz,France,,9100000,EUR,2027-06-30
2369898,Adil Hamdani,Olympique Lyon U19,France,,970000,EUR,
41605,Timoth\u00e9e Kolodziejczak,No team,France,,155000,EUR,
96542,Maxime Dup\u00e9,Nantes,France,,765000,EUR,2028-06-30
123228,Rachid Ghezzal,No team,Algeria,,630000,EUR,
788170,Fod\u00e9 Ballo-Tour\u00e9,No team,Senegal,,970000,EUR,
826492,Julien L\u00f3pez,AS Cannes,Algeria,,145000,EUR,
910076,Felix Mambimbi,Le Havre,Switzerland,,470000,EUR,2027-06-30
976410,Tiago Gouveia,Benfica,Portugal,,3600000,EUR,2028-06-30
981168,Samir Chergui,Paris FC,Algeria,,2800000,EUR,
993455,Salis Abdul Samed,Nice,Ghana,,4300000,EUR,2028-06-30
1135887,Daouda Guindo,Stade de Reims,Mali,,4700000,EUR,2031-06-30
1191892,Tochukwu Nnadi,Olympique de Marseille,Nigeria,,4800000,EUR,2030-06-30
1214843,Zoumana Diallo,OGC Nice U21,France,,765000,EUR,
1405239,Mohamed Bamba,Lorient,C\u00f4te d'Ivoire,,1800000,EUR,2028-06-30
1410231,Path\u00e9 Mboup,Stade Brestois,Senegal,,2600000,EUR,2030-06-30
1606013,Yassir Zabiri,Stade Rennais,Morocco,,9800000,EUR,2029-06-30
2193194,Alexis Vossah,Toulouse,France,,13900000,EUR,2028-06-30
844744,Thibault De Smet,Paris FC,Belgium,,1700000,EUR,2027-06-30
1002267,Jacen Russell Rowe,Toulouse,Canada,,2900000,EUR,2029-06-30
1015872,Obed Nkambadio,Paris FC,France,,4700000,EUR,2027-06-30
1035619,Kevin Carlos Omoruyi,Nice,Spain,,4200000,EUR,2030-06-30
1090458,David Datro Fofana,Chelsea,C\u00f4te d'Ivoire,,4099999,EUR,2029-06-30
1135605,Axel Camblan,Stade Brestois,France,,650000,EUR,2027-06-30
1177565,Dami\u00e1n Pizarro,Racing Club,Chile,,2100000,EUR,2026-12-31
1200442,Terry Yegbe,Lech Pozna\u0144,Ghana,,2800000,EUR,2030-06-30
1392812,Joseph N'Duquidi,SC Farense,France,,375000,EUR,
1403216,Paris Brunner,AS Monaco,Germany,,1600000,EUR,2028-06-30
1405926,Mathieu Acapandi\u00e9,HNK Hajduk Split,Madagascar,,680000,EUR,2030-06-30
2111258,Elias Legendre Qui\u00f1onez Zae,Stade Rennais 2,Ecuador,,105000,EUR,2029-06-30
2193204,Tylel Tati,Nantes,France,,26000000,EUR,2030-06-30
2430329,Daniel Semedo,FC Lorient B,Portugal,,97000,EUR,2029-06-30
356352,Hans Hateboer,No team,Netherlands,,1700000,EUR,
583312,Bingourou Kamara,Lorient,Senegal,,625000,EUR,2027-06-30
792318,Kjetil Haug,Go Ahead Eagles,Norway,,385000,EUR,2029-06-30
825901,Joel Asoro,Djurg\u00e5rdens IF,Sweden,,825000,EUR,2026-08-15
857471,Pierre-Yves Hamel,No team,France,,290000,EUR,
985934,Youssouf Ndayishimiye,Nice,Burundi,,7300000,EUR,2027-06-30
1149293,Vincent Burlet,KS Cracovia,Belgium,,825000,EUR,2030-06-30
1154647,Lucas Michal,AS Monaco,France,,3700000,EUR,2029-06-30
1170197,Abakar Sylla,RC Strasbourg,C\u00f4te d'Ivoire,,2400000,EUR,2028-06-30
1442036,Emmanuel Biumla,Angers,France,,2700000,EUR,2028-06-30
1492676,Rabby Nzingoula,RC Strasbourg,France,,2100000,EUR,2027-06-30
1513466,Ousmane Tour\u00e9,Lille 2,France,,520000,EUR,
1551242,Everton Pereira,Nice U19,France,,205000,EUR,
1861678,Enzo Molebe,Olympique Lyonnais,France,,730000,EUR,2029-06-30
1891025,Justin Bourgault,Stade Brestois,France,,1100000,EUR,2029-06-30
1925480,Ilane Tour\u00e9,AS Monaco U21,France,,280000,EUR,2028-06-30
1937750,Noham Kamara,Olympique Lyonnais,France,,2900000,EUR,2030-06-30
118085,Hans Vanaken,Club Brugge KV,Belgium,,4800000,EUR,2028-06-30
792624,Nikita Haikin,Bod\u00f8/Glimt,Norway,,2800000,EUR,2027-07-31
838805,Jens Petter Hauge,Bod\u00f8/Glimt,Norway,,12500000,EUR,2028-12-31
907172,Jakub Markovi\u010d,SK Slavia Praha,Czechia,,3600000,EUR,2029-06-30
930231,Christopher Wooh,FC Spartak Moscow,Cameroon,,4800000,EUR,2029-06-30
1005884,Temirlan Anarbekov,Kairat Almaty,Kazakhstan,,845000,EUR,2028-12-31
1049432,Dani van den Heuvel,Oud-Heverlee Leuven,Netherlands,,775000,EUR,2029-06-30
1212550,Ruben van Bommel,PSV Eindhoven,Netherlands,,10500000,EUR,2030-06-30
1382235,Bertu\u011f Y\u0131ld\u0131r\u0131m,Ba\u015fak\u015fehir FK,T\u00fcrkiye,,6700000,EUR,2029-06-30
1403362,Anan Khalaili,Royale Union Saint-Gilloise,Israel,,24000000,EUR,2028-06-30
1566349,Samuel Nibombe,AS Monaco U21,Belgium,,965000,EUR,2027-06-30
1597141,Hamza Koutoune,Nice,Morocco,,155000,EUR,2028-06-30
21300,David Luiz,Pafos FC,Brazil,,190000,EUR,2027-05-31
244039,Rodinei,Olympiacos FC,Brazil,,875000,EUR,2027-06-30
355174,Patrick Berg,Bod\u00f8/Glimt,Norway,,7500000,EUR,2028-07-31
754330,U\u011furcan \u00c7ak\u0131r,Galatasaray,T\u00fcrkiye,,14500000,EUR,2030-06-30
801918,Neofytos Michail,FC Universitatea Cluj,Cyprus,,355000,EUR,2028-06-30
822471,Victor Osimhen,Galatasaray,Nigeria,,73000000,EUR,2029-06-30
830431,Francisco Trinc\u00e3o,Al-Ahli,Portugal,,42000000,EUR,2030-06-30
846122,Luk\u00e1\u0161 Provod,SK Slavia Praha,Czechia,,7500000,EUR,2031-06-30
850816,Joey Veerman,PSV Eindhoven,Netherlands,,26000000,EUR,2028-06-30
966616,Anatoliy Trubin,Benfica,Ukraine,,26000000,EUR,2028-06-30
1001196,Gon\u00e7alo In\u00e1cio,Sporting CP,Portugal,,42000000,EUR,2030-06-30
1047395,Couhaib Driouech,PSV Eindhoven,Morocco,,7100000,EUR,2029-06-30
1069486,Carlos Forbs,Club Brugge KV,Portugal,,21000000,EUR,2029-06-30
1087316,Enzo Barrenechea,Benfica,Argentina,,11100000,EUR,
1100952,Andreas Schjelderup,Benfica,Norway,,31000000,EUR,2028-06-30
1104897,Jorne Spileers,Club Brugge KV,Belgium,,3100000,EUR,2028-06-30
1153957,Aleksandar Stankovi\u0107,Inter,Serbia,,31000000,EUR,2031-06-30
1155158,Oscar Gloukh,AFC Ajax,Israel,,13400000,EUR,2030-06-30
1180769,Daniel Bassi,Bod\u00f8/Glimt,Norway,,925000,EUR,2027-12-31
1403165,Geovany Quenda,Chelsea,Portugal,,45000000,EUR,2034-06-30
41073,Alexandros Paschalakis,No team,Greece,,310000,EUR,
56544,Aleksandr Martynovich,Kairat Almaty,Belarus,,230000,EUR,2026-12-31
88645,Mislav Or\u0161i\u0107,GNK Dinamo Zagreb,Croatia,,870000,EUR,
183483,Andreas Cornelius,FC K\u00f8benhavn,Denmark,,260000,EUR,2027-06-30
280601,Jind\u0159ich Stan\u011bk,SK Slavia Praha,Czechia,,1800000,EUR,2029-06-30
840780,Ofri Arad,FCSB,Israel,,930000,EUR,2028-06-30
859917,Morten Hjulmand,Atl\u00e9tico Madrid,Denmark,,48000000,EUR,2031-06-30
878599,Oliver Valaker Edvardsen,AFC Ajax,Norway,,3100000,EUR,2028-06-30
893499,Mauro J\u00fanior,PSV Eindhoven,Brazil,,18600000,EUR,2029-06-30
896354,P\u00eap\u00ea,Pafos FC,Portugal,,2300000,EUR,2028-05-31
914213,Luis Javier Su\u00e1rez,Sporting CP,Colombia,,27000000,EUR,2030-06-30
929193,Maximiliano Ara\u00fajo,Sporting CP,Uruguay,,32000000,EUR,2029-06-30
964764,Anouar Ait El Hadj,Royale Union Saint-Gilloise,Belgium,,4500000,EUR,2028-06-30
981603,Jay Gorter,Pafos FC,Netherlands,,720000,EUR,2028-05-31
1031259,Christos Tzolis,Club Brugge KV,Greece,,42000000,EUR,2029-06-30
1063767,Ismael Saibari,FC Bayern M\u00fcnchen,Morocco,,44000000,EUR,2031-06-30
1129862,Raphael Onyedika,Club Brugge KV,Nigeria,,24000000,EUR,2027-06-30
1500254,Robert,FC K\u00f8benhavn,Brazil,,2600000,EUR,2029-12-31
1510135,Viktor Bjarki Dadason,FC K\u00f8benhavn,Iceland,,3900000,EUR,2028-06-30
1521132,Camilo Dur\u00e1n,Celtic,Colombia,,1900000,EUR,2031-06-30
253809,Rui Silva,Sporting CP,Portugal,,6700000,EUR,2028-06-30
307284,Mario Lemina,No team,Gabon,,4099999,EUR,
363782,Derrick Luckassen,No team,Ghana,,1000000,EUR,
548692,Jostein Gundersen,Bod\u00f8/Glimt,Norway,,1400000,EUR,2028-07-31
566102,Davinson S\u00e1nchez,Galatasaray,Colombia,,16500000,EUR,2029-06-30
828971,Panagiotis Retsos,Olympiacos FC,Greece,,7600000,EUR,2028-06-30
845558,Ross Sykes,Royale Union Saint-Gilloise,England,,4900000,EUR,2027-06-30
891442,David Doud\u011bra,SK Slavia Praha,Czechia,,3600000,EUR,2028-06-30
892943,H\u00e5kon Evjen,Bod\u00f8/Glimt,Norway,,4800000,EUR,2028-12-31
913593,Gabriel Sara,Galatasaray,Brazil,,25000000,EUR,2029-06-30
929978,Odin Luras Bj\u00f8rtuft,Bod\u00f8/Glimt,Norway,,4099999,EUR,2028-12-31
932108,Kasper H\u00f8gh,Bod\u00f8/Glimt,Denmark,,11600000,EUR,2029-12-31
983542,Tom\u00e1s Ara\u00fajo,Benfica,Portugal,,33000000,EUR,2029-06-30
988333,Costinha,Brighton & Hove Albion,Portugal,,6400000,EUR,2031-06-30
1015292,Richard R\u00edos,Benfica,Colombia,,27000000,EUR,2030-06-30
1159611,Olzhas Baibek,Kairat Almaty,Kazakhstan,,260000,EUR,2028-12-31
1394342,Ousmane Diomande,Sporting CP,C\u00f4te d'Ivoire,,44000000,EUR,2030-06-30
1495876,Mamadou Diakhon,Club Brugge KV,Senegal,,7600000,EUR,2029-06-30
1584932,Sherkhan Kalmurza,Kairat Almaty,Kazakhstan,,230000,EUR,2028-11-30
1820381,Guilherme Smith,Royale Union Saint-Gilloise,Brazil,,4200000,EUR,2030-06-30
74915,Nicol\u00e1s Otamendi,River Plate,Argentina,,1100000,EUR,2027-12-31
119151,Mohamed Elyounoussi,FC K\u00f8benhavn,Norway,,4099999,EUR,2029-06-30
178963,Abd\u00fclkerim Bardakc\u0131,Galatasaray,T\u00fcrkiye,,7100000,EUR,2027-06-30
293519,Leroy San\u00e9,Galatasaray,Germany,,22000000,EUR,2028-06-30
364618,Gelson Martins,Olympiacos FC,Portugal,,2600000,EUR,2028-06-30
754794,Lucas Torreira,Galatasaray,Uruguay,,10300000,EUR,2028-06-30
906800,Leandro Barreiro,Benfica,Luxembourg,,17400000,EUR,2029-06-30
986395,Ricardo Pepi,PSV Eindhoven,USA,,31000000,EUR,2030-06-30
1001945,Kian Fitz-Jim,AFC Ajax,Netherlands,,2800000,EUR,2027-06-30
1000472,Adem Zorgane,Royale Union Saint-Gilloise,Algeria,,12500000,EUR,2029-06-30
1001140,Geny Catamo,Sporting CP,Mozambique,,27000000,EUR,2028-06-30
1007769,Ole Didrik Blomberg,Bod\u00f8/Glimt,Norway,,3800000,EUR,2028-12-31
1083413,William Clem,FC K\u00f8benhavn,Denmark,,3400000,EUR,2027-06-30
1117723,Sidny Lopes Cabral,Trabzonspor,Cape Verde,,4099999,EUR,2031-06-30
1120315,Anton Gaaei,AFC Ajax,Denmark,,4800000,EUR,2028-06-30
1123925,Georgiy Sudakov,Benfica,Ukraine,,26000000,EUR,2029-06-30
1126512,Zeno Debast,Sporting CP,Belgium,,29000000,EUR,2029-06-30
1144329,\u0160t\u011bp\u00e1n Chaloupek,SK Slavia Praha,Czechia,,9700000,EUR,2030-06-30
1398529,Emmanuel Addai,No team,Ghana,,1200000,EUR,
1859920,Sean Steur,Newcastle United,Netherlands,,6800000,EUR,2031-06-30
151440,Tom\u00e1\u0161 Hole\u0161,SK Slavia Praha,Czechia,,1000000,EUR,2028-06-30
319847,Ken Sema,Pafos FC,Sweden,,840000,EUR,2027-05-31
352882,Nuno Santos,Sporting CP,Portugal,,3100000,EUR,2027-06-30
361722,Nordin Jackers,Club Brugge KV,Belgium,,1200000,EUR,2029-06-30
567236,Sondre Fet,Bod\u00f8/Glimt,Norway,,1900000,EUR,2028-06-30
578380,Jordan Larsson,FC K\u00f8benhavn,Sweden,,3800000,EUR,2027-06-30
812145,Dennis Man,PSV Eindhoven,Romania,,15700000,EUR,2029-06-30
851249,Mateusz Kochalski,Qaraba\u011f FK,Poland,,2600000,EUR,2027-06-30
904096,Bar\u0131\u015f Alper Y\u0131lmaz,Galatasaray,T\u00fcrkiye,,32000000,EUR,2028-06-30
926560,Hidemasa Morita,No team,Japan,,7400000,EUR,
927366,Mat\u011bj Kov\u00e1\u0159,PSV Eindhoven,Czechia,,8300000,EUR,2030-06-30
965331,Giulian Biancone,RSC Anderlecht,France,,2300000,EUR,2029-06-30
978285,Wilfried Singo,Galatasaray,C\u00f4te d'Ivoire,,21000000,EUR,2030-06-30
989841,Eduardo Quaresma,Sporting CP,Portugal,,18100000,EUR,2028-06-30
1201395,Gianluca Prestianni,Benfica,Argentina,,19400000,EUR,2029-06-30
1403090,Rayane Bounida,AFC Ajax,Morocco,,4900000,EUR,2028-06-30
1464415,Rafael Nel,Sporting CP,Portugal,,4400000,EUR,2029-06-30
1506781,Villads Nielsen,Bod\u00f8/Glimt,Denmark,,2000000,EUR,2028-07-31
1562119,Stavros Pnevmonidis,APS Atromitos Athinon,Greece,,970000,EUR,2027-06-30
2186126,Youssoupha Mbodji,SK Slavia Praha,Senegal,,1200000,EUR,2030-06-30
228364,Fredrik Aursnes,Benfica,Norway,,14000000,EUR,2029-06-30
584124,Chiquinho,Olympiacos FC,Portugal,,4600000,EUR,2029-06-30
795761,Kasper Dolberg,AFC Ajax,Denmark,,7600000,EUR,2029-06-30
812533,Mehdi Taremi,Olympiacos FC,Iran,,2100000,EUR,2027-06-30
845798,Guus Til,PSV Eindhoven,Netherlands,,15500000,EUR,2028-06-30
847818,Giorgi Zaria,FK Aktobe,Georgia,,630000,EUR,2026-12-31
852394,Kjell Scherpen,Royale Union Saint-Gilloise,Netherlands,,7700000,EUR,2028-06-30
953414,Konstantinos Tzolakis,Olympiacos FC,Greece,,17200000,EUR,2027-06-30
958901,Muhammed-Cham Sara\u010devi\u0107,FK Crvena zvezda,Austria,,3700000,EUR,2027-06-30
965014,Lorenzo Pirola,Olympiacos FC,Italy,,11500000,EUR,2028-06-30
966133,Pedro Bicalho,Qaraba\u011f FK,Brazil,,2100000,EUR,2029-06-30
997006,Youssoufa Moukoko,FC K\u00f8benhavn,Germany,,4900000,EUR,2030-06-30
1046960,Ryan Flamingo,PSV Eindhoven,Netherlands,,14800000,EUR,2029-06-30
1128502,Adilet Sadybekov,Kairat Almaty,Kazakhstan,,390000,EUR,2027-12-31
1146316,Kamiel Van de Perre,Royale Union Saint-Gilloise,Belgium,,7500000,EUR,2029-06-30
1171902,Junnosuke Suzuki,FC K\u00f8benhavn,Japan,,3600000,EUR,2030-06-30
1177167,Nicol\u00f2 Tresoldi,Club Brugge KV,Germany,,27000000,EUR,2029-06-30
1189773,Munashe Garananga,FC K\u00f8benhavn,Zimbabwe,,1400000,EUR,2028-06-30
1194442,Kady Borges,Qaraba\u011f FK,Brazil,,2200000,EUR,2028-12-31
1416540,Christos Mouzakitis,Olympiacos FC,Greece,,26000000,EUR,2029-06-30
214080,Abdellah Zoubir,Qaraba\u011f FK,France,,360000,EUR,2027-06-30
248331,Brandon Mechele,Club Brugge KV,Belgium,,2700000,EUR,2028-06-30
844234,Jerdy Schouten,PSV Eindhoven,Netherlands,,18400000,EUR,2030-06-30
857738,Yunus Akg\u00fcn,Galatasaray,T\u00fcrkiye,,16700000,EUR,2029-06-30
861979,Daniel Bragan\u00e7a,Sporting CP,Portugal,,10900000,EUR,2027-06-30
895764,Pedro Gon\u00e7alves,Sporting CP,Portugal,,27000000,EUR,2030-06-30
939724,Kevin Medina,Johor Darul Ta'zim,Colombia,,390000,EUR,2028-06-30
989886,Santiago Hezze,Olympiacos FC,Argentina,,14400000,EUR,2028-06-30
996940,Youri Regeer,AFC Ajax,Netherlands,,4700000,EUR,2029-06-30
1006069,Ant\u00f3nio Silva,Benfica,Portugal,,27000000,EUR,2027-06-30
1020057,Jaj\u00e1,Pafos FC,Brazil,,1400000,EUR,2028-05-31
1101258,Kyriani Sabbe,Club Brugge KV,Belgium,,7700000,EUR,2028-06-30
1120290,Magnus Riisn\u00e6s,Bod\u00f8/Glimt,Norway,,1900000,EUR,2029-07-31
1133282,Andr\u00e9 Luiz,Olympiacos FC,Brazil,,6300000,EUR,2030-06-30
1149146,Mika Godts,AFC Ajax,Belgium,,32000000,EUR,2029-06-30
1184364,Damir Kasabulat,Kairat Almaty,Kazakhstan,,515000,EUR,2027-12-31
1435367,David Moses,SK Slavia Praha,Nigeria,,10600000,EUR,2029-06-30
1466129,Daniel Budesca,Villarreal B U23,Spain,,1100000,EUR,2027-06-30
1550811,Amara Nallo,Liverpool U21,England,,1100000,EUR,2028-06-30
1912995,Marli Salmon,Arsenal U21,England,,4800000,EUR,2027-06-30
151470,Lukas Lerager,Widzew \u0141\u00f3d\u017a,Denmark,,850000,EUR,2028-06-30
308764,Daniel Podence,Al-Shabab,Portugal,,4099999,EUR,
546180,David Goldar,Pafos FC,Spain,,680000,EUR,2027-05-31
603944,Egor Sorokin,Chengdu Rongcheng,Russia,,1200000,EUR,2026-12-31
825731,Michal Sad\u00edlek,SK Slavia Praha,Czechia,,8500000,EUR,2028-06-30
845721,Oscar Dorley,SK Slavia Praha,Liberia,,6200000,EUR,2027-06-30
880229,Olexiy Kashchuk,Qaraba\u011f FK,Ukraine,,1500000,EUR,2027-06-30
983041,Hugo Siquet,Club Brugge KV,Belgium,,4099999,EUR,2028-06-30
1000228,Youri Baas,AFC Ajax,Netherlands,,19400000,EUR,2028-06-30
1029163,Sondre Auklend,Bod\u00f8/Glimt,Norway,,2800000,EUR,2028-07-31
1102791,Amar Dedi\u0107,Benfica,Bosnia & Herzegovina,,15500000,EUR,2030-06-30
1103333,Franjo Ivanovi\u0107,Benfica,Croatia,,14600000,EUR,2030-06-30
1119328,Promise David,Royale Union Saint-Gilloise,Canada,,18100000,EUR,2029-06-30
1136110,Esmir Bajraktarevi\u0107,PSV Eindhoven,Bosnia & Herzegovina,,8199999,EUR,2029-06-30
1144351,Lev Kurgin,Kairat Almaty,Kazakhstan,,155000,EUR,2026-12-31
1172777,Fredrik Sj\u00f8vold,Bod\u00f8/Glimt,Norway,,10800000,EUR,2028-12-31
1518101,Shandre Campbell,Club Brugge KV,South Africa,,960000,EUR,2027-06-30
1584939,Dastan Satpaev,Kairat Almaty,Kazakhstan,,3400000,EUR,2026-12-31
1923332,Youssoupha Sanyang,SK Slavia Praha,Gambia,,2600000,EUR,2030-06-30
45853,\u0130lkay G\u00fcndo\u011fan,Galatasaray,Germany,,1900000,EUR,2027-06-30
103457,G\u00fcnay G\u00fcven\u00e7,Galatasaray,T\u00fcrkiye,,210000,EUR,2028-06-30
252577,Rafa Silva,Benfica,Portugal,,4200000,EUR,2028-06-30
559058,Vlad Dragomir,Pafos FC,Romania,,2100000,EUR,2028-05-31
842582,Domingos Quina,Pafos FC,Portugal,,1100000,EUR,2028-06-30
883745,Marcos L\u00f3pez,FC K\u00f8benhavn,Peru,,3900000,EUR,2029-06-30
886402,Giorgi Kochorashvili,Sporting CP,Georgia,,3800000,EUR,2030-06-30
892272,Anderson Silva,Pafos FC,Brazil,,1000000,EUR,2028-05-31
895327,Kevin Mac Allister,Royale Union Saint-Gilloise,Argentina,,12400000,EUR,2027-06-30
930666,Jo\u00e3o Virg\u00ednia,Sporting CP,Portugal,,730000,EUR,2028-06-30
981483,Eren Elmal\u0131,Galatasaray,T\u00fcrkiye,,5400000,EUR,2028-06-30
992237,Musa Qurbanl\u0131,Qaraba\u011f FK,Azerbaijan,,690000,EUR,2027-06-30
1022491,Raul Florucz,Royale Union Saint-Gilloise,Austria,,3800000,EUR,2029-06-30
1026524,Christos Zafeiris,PAOK,Greece,,11700000,EUR,2029-12-31
1033346,Ferslev Anders Klynge,Bod\u00f8/Glimt,Denmark,,970000,EUR,2028-06-30
1048905,Leandro Andrade,Polissya Zhytomyr,Cape Verde,,3200000,EUR,2029-06-30
1138428,James McConnell,Liverpool U21,England,,1600000,EUR,2030-06-30
1158353,Jo\u00e3o R\u00eago,Benfica,Portugal,,3100000,EUR,2030-06-30
1899736,Andre Harriman-Annous,Arsenal U21,England,,1100000,EUR,
2077094,Marvin Dills,Eintracht Frankfurt II,USA,,825000,EUR,
38710,Ivan Peri\u0161i\u0107,PSV Eindhoven,Croatia,,1200000,EUR,2027-06-30
133164,Rob Schoofs,Royale Union Saint-Gilloise,Belgium,,1900000,EUR,2028-06-30
138152,Kaan Ayhan,Galatasaray,T\u00fcrkiye,,1400000,EUR,2028-06-30
298920,Dani Garc\u00eda,Olympiacos FC,Spain,,645000,EUR,2027-06-30
578198,Samy Mmaee,Pafos FC,Morocco,,435000,EUR,2027-05-31
793524,Andreas Helmersen,Bod\u00f8/Glimt,Norway,,1300000,EUR,2028-12-31
797648,Matheus Reis,CSKA Moscow,Brazil,,2700000,EUR,2029-06-30
801381,Dan Glazer,Maccabi Tel Aviv,Israel,,630000,EUR,2028-06-30
835678,Dominik Kotarski,FC K\u00f8benhavn,Croatia,,4800000,EUR,2030-06-30
913111,Jorginho,Kairat Almaty,Portugal,,1100000,EUR,2026-12-31
927359,V\u00edt\u011bzslav Jaro\u0161,Liverpool FC,Czechia,,5300000,EUR,2028-06-30
961684,Anass Salah-Eddine,AS Roma,Morocco,,11100000,EUR,2028-06-30
987490,Bruno Langa,Qaraba\u011f FK,Mozambique,,1000000,EUR,2029-06-30
993101,Samuel Dahl,Benfica,Sweden,,13600000,EUR,2029-06-30
1105992,Ricardinho,Asteras Aktor,Brazil,,470000,EUR,
1166952,Georgios Vagiannidis,Sporting CP,Greece,,7300000,EUR,2030-06-30
1167818,Iv\u00e1n Fresneda,Sporting CP,Spain,,15600000,EUR,2028-06-30
1184317,Yarek Gasiorowski,PSV Eindhoven,Spain,,16500000,EUR,2030-06-30
1395881,Joaquin Seys,Club Brugge KV,Belgium,,18200000,EUR,2029-06-30
1410209,Jo\u00e3o Sim\u00f5es,Sporting CP,Portugal,,15900000,EUR,2030-06-30
189009,Marko Jankovi\u0107,Qaraba\u011f FK,Montenegro,,775000,EUR,2027-06-30
283833,Ivan \u0160unji\u0107,Pafos FC,Bosnia & Herzegovina,,1800000,EUR,2027-05-31
303634,Christian Burgess,KAA Gent,England,,1900000,EUR,2028-06-30
355088,Roland Sallai,Galatasaray,Hungary,,14500000,EUR,2028-06-30
795154,Fredrik Andr\u00e9 Bj\u00f8rkan,Bod\u00f8/Glimt,Norway,,3700000,EUR,2029-07-31
797646,Valeriy Gromyko,ML Vitebsk,Belarus,,1600000,EUR,2028-12-31
825838,Armando Obispo,PSV Eindhoven,Curacao,,3700000,EUR,2027-06-30
848034,Mads Emil Madsen,FC K\u00f8benhavn,Denmark,,2400000,EUR,2028-06-30
897291,Ismail Jakobs,Galatasaray,Senegal,,8700000,EUR,2027-06-30
945204,Elias Achouri,FC K\u00f8benhavn,Tunisia,,3200000,EUR,2028-06-30
980915,Isak Dybvik M\u00e4\u00e4tt\u00e4,Bod\u00f8/Glimt,Norway,,1600000,EUR,2028-12-31
981246,Toral Bayramov,Bursaspor,Azerbaijan,,2100000,EUR,
1017996,Elvin Cafarquliyev,Qaraba\u011f FK,Azerbaijan,,2100000,EUR,2027-06-30
1047509,Bjorn Meijer,Club Brugge KV,Netherlands,,2800000,EUR,2027-06-30
1067539,Lynnt Audoor,Club Brugge KV,Belgium,,1500000,EUR,2029-06-30
1069336,Romeo Vermant,Club Brugge KV,Belgium,,9300000,EUR,2028-06-30
1146018,Paul Wanner,PSV Eindhoven,Austria,,23000000,EUR,2030-06-30
1211019,Lorenzo Scipioni,Olympiacos FC,Argentina,,3700000,EUR,2029-06-30
1406947,Marc Giger,Royale Union Saint-Gilloise,Switzerland,,775000,EUR,2029-06-30
1431770,Kevin Rodriguez,Royale Union Saint-Gilloise,Ecuador,,5800000,EUR,2027-06-30
123179,Ivan Schranz,SK Slavia Praha,Slovakia,,620000,EUR,2027-12-31
149045,B\u0259davi H\u00fcseynov,Qaraba\u011f FK,Azerbaijan,,105000,EUR,2027-06-30
572286,Gustaf Nilsson,Club Brugge KV,Sweden,,2000000,EUR,2028-06-30
795236,Vangelis Pavlidis,Benfica,Greece,,30000000,EUR,2029-06-30
822163,Pantelis Hatzidiakos,PAOK,Greece,,3100000,EUR,2028-06-30
826944,Nany Dimata,Chongqing Tonglianglong FC,Belgium,,2600000,EUR,2026-12-31
876947,Vasil Ku\u0161ej,FC Slovan Liberec,Czechia,,2900000,EUR,2027-06-30
877236,Hugo Vetlesen,Club Brugge KV,Norway,,5400000,EUR,2029-06-30
903679,Fotis Ioannidis,Sporting CP,Greece,,15400000,EUR,2030-06-30
906021,Sergi\u00f1o Dest,PSV Eindhoven,USA,,17200000,EUR,2028-06-30
923972,Louis Patris,Royale Union Saint-Gilloise,Belgium,,2400000,EUR,2029-06-30
930961,Mathias J\u00f8rgensen,Blackburn Rovers,Denmark,,3400000,EUR,2029-06-30
942831,Mons Bassouamina,Pafos FC,Congo Republic,,305000,EUR,2027-05-31
1000277,Aleksandr Shirobokov,Kairat Almaty,Kazakhstan,,320000,EUR,2027-12-31
1113368,Rodrigo Huescas,FC K\u00f8benhavn,Mexico,,6300000,EUR,2029-06-30
1403073,Don-Angelo Konadu,AFC Ajax,Netherlands,,860000,EUR,2028-06-30
1417710,Edmilson,Kairat Almaty,Brazil,,415000,EUR,2027-06-30
1563462,Jorthy Mokio,AFC Ajax,DR Congo,,7800000,EUR,2031-06-30
1861974,Jeremiah Mensah,Bayer Leverkusen U19,Germany,,1800000,EUR,2031-06-30
151700,Ulrik Saltnes,Bod\u00f8/Glimt,Norway,,580000,EUR,2026-12-31
233114,Mauro Icardi,No team,Argentina,,4200000,EUR,
606530,Birger Meling,FC K\u00f8benhavn,Norway,,990000,EUR,2027-06-30
836673,Owen Wijndal,AFC Ajax,Netherlands,,3200000,EUR,2027-06-30
865434,Bahlul Mustafazada,Qaraba\u011f FK,Azerbaijan,,950000,EUR,2027-06-30
889002,Kostas Pileas,AEK Larnaca,Cyprus,,520000,EUR,2028-05-31
889106,Jug Stanojev,FC Universitatea Cluj,Serbia,,775000,EUR,2028-06-30
890314,Erkin Tapalov,Kairat Almaty,Kazakhstan,,225000,EUR,2026-12-31
913647,Francisco Ortega,Olympiacos FC,Argentina,,6600000,EUR,2028-06-30
919793,Ayoub El Kaabi,Olympiacos FC,Morocco,,4900000,EUR,2028-06-30
963084,David Zima,SK Slavia Praha,Czechia,,6400000,EUR,2028-06-30
1002343,Souleymane Faye,Sporting CP,Senegal,,3200000,EUR,2030-06-30
1004449,Cisse Sandra,Club Brugge KV,Belgium,,2100000,EUR,2027-06-30
1017697,Dani Bolt,Qaraba\u011f FK,Brazil,,965000,EUR,2028-06-30
1101824,Aleksandr Mrynskiy,Kairat Almaty,Kazakhstan,,640000,EUR,2028-11-30
1134441,Onyemaechi Bruno,Olympiacos FC,Nigeria,,2600000,EUR,2028-06-30
1187275,Joel Ord\u00f3\u00f1ez,Club Brugge KV,Ecuador,,36000000,EUR,2029-06-30
1212237,Mohammed Fuseini,Royale Union Saint-Gilloise,Ghana,,2400000,EUR,2028-06-30
1877556,Azamat Tuyakbayev,Kairat Almaty,Kazakhstan,,380000,EUR,2028-12-31
1913033,Reggie Walsh,Chelsea U21,England,,485000,EUR,2028-06-30
2622,Remko Pasveer,FC Twente,Netherlands,,97000,EUR,2027-06-30
66477,Thomas Delaney,FC K\u00f8benhavn,Denmark,,455000,EUR,2027-06-30
97410,Davy Klaassen,AFC Ajax,Netherlands,,2100000,EUR,2027-06-30
188307,Tom\u00e1\u0161 Chor\u00fd,SK Slavia Praha,Czechia,,2800000,EUR,2027-06-30
250319,Haitam Aleesami,Bod\u00f8/Glimt,Norway,,205000,EUR,2027-12-31
318947,Lu\u00eds Mata,Kairat Almaty,Portugal,,630000,EUR,2026-12-31
827491,Joni Montiel,Qaraba\u011f FK,Spain,,775000,EUR,2027-06-30
897334,Daiki Hashioka,SK Slavia Praha,Japan,,1500000,EUR,2029-06-30
931496,Matheus Silva,Qaraba\u011f FK,Brazil,,1100000,EUR,2027-06-30
954836,Josip \u0160utalo,AFC Ajax,Croatia,,13100000,EUR,2028-06-30
1088899,Fedde Leysen,Royale Union Saint-Gilloise,Belgium,,3800000,EUR,2029-06-30
1403087,Alexander Staff,Eintracht Frankfurt U19,Germany,,340000,EUR,
1474201,Dani Meso,Real Madrid Castilla U21,Spain,,410000,EUR,2028-06-30
1566315,Ramazan Bagdat,FC Kaysar,Kazakhstan,,210000,EUR,2026-12-31
1586649,Aaron Bouwman,AFC Ajax,Netherlands,,3700000,EUR,2030-06-30
1929397,Mukhamedali Abish,Kairat-Zhastar,Kazakhstan,,155000,EUR,2027-12-31
1939199,Salvador Blopa,Sporting CP B U21,Portugal,,2700000,EUR,2030-06-30
1960323,Pharrel Nash,AFC Ajax,Netherlands,,515000,EUR,2027-06-30
2518029,Filip Pavi\u0107,Bayern M\u00fcnchen II,Croatia,,940000,EUR,2029-06-30
137661,Viktor Claesson,IFK V\u00e4rnamo,Sweden,,970000,EUR,2029-12-31
252215,Wout Weghorst,FC Twente,Netherlands,,2100000,EUR,2028-06-30
790989,Ko Itakura,AFC Ajax,Japan,,8400000,EUR,2029-06-30
800106,Bruno,Pafos FC,Brazil,,810000,EUR,2027-05-31
826049,Mojm\u00edr Chytil,SK Slavia Praha,Czechia,,4099999,EUR,2029-06-30
856744,Myron Boadu,No team,Netherlands,,3800000,EUR,
878496,Ricardo Mangas,Sporting CP,Portugal,,1900000,EUR,2029-06-30
880780,Ousseynou Niang,Royale Union Saint-Gilloise,Senegal,,5800000,EUR,2028-06-30
906049,Ahmed Kutucu,Galatasaray,T\u00fcrkiye,,2800000,EUR,2028-06-30
907174,Tom\u00e1\u0161 Vl\u010dek,SK Slavia Praha,Czechia,,3700000,EUR,2027-06-30
970860,Lucas Rosa,AFC Ajax,Brazil,,5300000,EUR,2029-06-30
992652,Gabriel Pereira,FC K\u00f8benhavn,Brazil,,6200000,EUR,2029-06-30
997022,Diogo Nascimento,Rio Ave,Portugal,,4400000,EUR,2027-06-30
998870,Henrique Ara\u00fajo,Benfica,Portugal,,930000,EUR,2027-06-30
1426255,Oliver H\u00f8jer,Lyngby,Denmark,,71000,EUR,2027-06-30
1464636,Arda \u00dcnyay,Galatasaray,T\u00fcrkiye,,970000,EUR,2028-06-30
1484945,Ibon S\u00e1nchez,C\u00e1diz,Spain,,655000,EUR,2030-06-30
1584951,Mansur Birkurmanov,Kairat-Zhastar,Kazakhstan,,92000,EUR,2026-12-31
1886213,Noah Fernandez,PSV Eindhoven,Belgium,,3900000,EUR,2030-06-30
92745,Jan Bo\u0159il,FC Slovan Liberec,Czechia,,94000,EUR,2027-06-30
100386,Steven Berghuis,AFC Ajax,Netherlands,,2100000,EUR,2027-06-30
804272,Jo\u00e3o Correia,Pafos FC,Cape Verde,,1400000,EUR,2028-05-31
843208,Erik Prekop,G\u00f3rnik Zabrze,Slovakia,,640000,EUR,2029-06-30
879183,El\u00edas \u00d3lafsson,FC Midtjylland,Iceland,,2900000,EUR,2029-06-30
927493,Igoh Ogbu,SK Slavia Praha,Nigeria,,7300000,EUR,2027-12-31
967228,Chris Kouakou,Ironi Dorot Tiberias,C\u00f4te d'Ivoire,,370000,EUR,
992912,Berkan Kutlu,No team,T\u00fcrkiye,,2300000,EUR,
995654,Viljami Sinisalo,Celtic,Finland,,960000,EUR,2029-06-30
1014222,Kiliann Sildillia,PSV Eindhoven,France,,6800000,EUR,2030-06-30
1017023,Clayton,Olympiacos FC,Brazil,,6500000,EUR,2029-06-30
1085740,Manu Silva,Benfica,Portugal,,7600000,EUR,2030-06-30
1184329,Rodrigo Rego,CD Castell\u00f3n,Portugal,,1600000,EUR,2027-06-30
1403075,Gerald Alders,SC Telstar,Netherlands,,680000,EUR,2027-06-30
1403218,Yoram Zague,Paris Saint-Germain,France,,1700000,EUR,2028-06-30
1410243,Tiago Freitas,SL Benfica B U21,Portugal,,570000,EUR,2029-06-30
1961117,Jos\u00e9 Neto,SL Benfica B U21,Portugal,,2700000,EUR,2031-06-30
65953,Xherdan Shaqiri,Basel,Switzerland,,1500000,EUR,2027-06-30
187205,Milan \u0160kriniar,Fenerbah\u00e7e,Slovakia,,11000000,EUR,2029-06-30
242497,Mathias Dyngeland,SK Brann,Norway,,825000,EUR,2029-12-31
329245,Talisca,Fenerbah\u00e7e,Brazil,,7700000,EUR,2028-06-30
548660,Philip Billing,FC Midtjylland,Denmark,,6200000,EUR,2030-06-30
795155,Martin Jedli\u010dka,Ban\u00edk Ostrava,Czechia,,1900000,EUR,2029-06-30
801025,Bryan Heynen,KRC Genk,Belgium,,8700000,EUR,2029-06-30
827424,Idan Nachmias,Ludogorets,Israel,,735000,EUR,2028-06-30
852434,Barnab\u00e1s Varga,AEK Athens,Hungary,,4099999,EUR,2029-06-30
869476,Florian Wiegele,FC Viktoria Plze\u0148,Austria,,2100000,EUR,2029-06-30
877036,Anass Zaroury,Panathinaikos FC,Morocco,,7200000,EUR,2029-06-30
903324,Kerem Akt\u00fcrko\u011flu,Fenerbah\u00e7e,T\u00fcrkiye,,21000000,EUR,2029-06-30
944458,Paulinho,No team,Brazil,,410000,EUR,
947842,Mike Eerdhuijzen,FC Utrecht,Netherlands,,1400000,EUR,2029-06-30
1101753,Daniil Khudyakov,SK Sturm Graz,Russia,,1700000,EUR,2028-06-30
1125779,Sampson Dweh,FC Viktoria Plze\u0148,Liberia,,4800000,EUR,2029-06-30
1128120,Petar Stani\u0107,Ludogorets,Serbia,,3300000,EUR,2028-06-30
1134470,Zakaria El Ouahdi,KRC Genk,Morocco,,18500000,EUR,2028-06-30
1165457,Andreas Tetteh,Panathinaikos FC,Greece,,4200000,EUR,2029-06-30
69295,Vlad Chiriche\u015f,No team,Romania,,180000,EUR,
243713,Josip Mi\u0161i\u0107,GNK Dinamo Zagreb,Croatia,,1100000,EUR,2029-06-30
254461,Hendrik Bonmann,Ludogorets,Germany,,790000,EUR,2027-06-30
282073,Alexander Schlager,SV Werder Bremen,Austria,,1900000,EUR,2029-06-30
314380,Ricardo Horta,Sporting Braga,Portugal,,9600000,EUR,2028-06-30
603946,Matheus,FK Crvena zvezda,Brazil,,1800000,EUR,2028-06-30
797994,Otar Kiteishvili,SK Sturm Graz,Georgia,,5000000,EUR,2027-06-30
826201,Alban Lafont,Nantes,C\u00f4te d'Ivoire,,2700000,EUR,2027-06-30
867608,Rodrig\u00e3o,FK Crvena zvezda,Brazil,,2400000,EUR,2027-06-30
901885,Flavius Daniliuc,Basel,Austria,,5300000,EUR,2028-06-30
913985,Tar\u0131k \u00c7etin,Fenerbah\u00e7e,T\u00fcrkiye,,550000,EUR,2029-06-30
952600,\u0130smail Y\u00fcksek,Fenerbah\u00e7e,T\u00fcrkiye,,14000000,EUR,2028-06-30
976037,Jakub Kiwior,FC Porto,Poland,,36000000,EUR,2030-06-30
999186,Aral \u015eim\u015fir,Trabzonspor,T\u00fcrkiye,,9200000,EUR,2030-06-30
1002007,Giannis Konstantelias,PAOK,Greece,,20000000,EUR,2029-06-30
1006409,Mads Bech S\u00f8rensen,FC Midtjylland,Denmark,,5600000,EUR,2027-06-30
1146009,Franculino Dj\u00fa,FC Midtjylland,Guinea-Bissau,,24000000,EUR,2029-12-31
1146549,Mikel Gogorza,FC Midtjylland,Denmark,,2900000,EUR,2029-12-31
1425366,Kerim Alajbegovi\u0107,Bayer 04 Leverkusen,Bosnia & Herzegovina,,20000000,EUR,2031-06-30
1468744,Konstantinos Karetsas,KRC Genk,Greece,,34000000,EUR,2029-06-30
94815,Daniel Graovac,FC Rapid Bucure\u0219ti,Bosnia & Herzegovina,,380000,EUR,2027-06-30
138515,Roi Mishpati,Maccabi Tel Aviv,Israel,,170000,EUR,2028-06-30
139229,Soualiho Me\u00eft\u00e9,PAOK,France,,1700000,EUR,2027-06-30
154040,Ji\u0159\u00ed Pavlenka,PAOK,Czechia,,680000,EUR,2027-06-30
188133,Andrija \u017divkovi\u0107,PAOK,Serbia,,8600000,EUR,2027-06-30
287563,John Souttar,Rangers,Scotland,,2100000,EUR,2027-05-31
309892,Alexander Jeremejeff,PAOK,Sweden,,825000,EUR,2027-06-30
822459,Auston Trusty,Celtic,USA,,6300000,EUR,2029-06-30
827531,Kwadwo Duah,Ludogorets,Switzerland,,1900000,EUR,2028-06-30
836849,Mohammad Abu Fani,FK Crvena zvezda,Israel,,2900000,EUR,2029-06-30
837072,Jari De Busser,AZ Alkmaar,Belgium,,4300000,EUR,2031-06-30
845344,Daan Heymans,KRC Genk,Belgium,,6500000,EUR,2029-06-30
863589,S\u00e6var Atli Magn\u00fasson,SK Brann,Iceland,,1900000,EUR,2029-12-31
940827,Strahinja Erakovi\u0107,FK Crvena zvezda,Serbia,,6800000,EUR,2026-08-31
1017135,Niklas Geyrhofer,SK Sturm Graz,Austria,,680000,EUR,
1134430,Gabriel Mart\u00ednez,Sporting Braga,Spain,,7200000,EUR,2029-06-30
1142674,Djeidi Gassama,Rangers,Mauritania,,6300000,EUR,2029-06-30
1218066,Anis Hadj Moussa,Feyenoord,Algeria,,24000000,EUR,2030-06-30
1410240,Rodrigo Mora,FC Porto,Portugal,,40000000,EUR,2030-06-30
1513182,Karel Sp\u00e1\u010dil,FC Viktoria Plze\u0148,Czechia,,3700000,EUR,2028-06-30
21267,D\u00e1vid Gr\u00f3f,No team,Hungary,,105000,EUR,
110777,Hendrik Van Crombrugge,KRC Genk,Belgium,,955000,EUR,2027-06-30
152414,Mike Van der Hoorn,AEK Larnaca,Netherlands,,790000,EUR,2028-05-31
155449,Rade Kruni\u0107,FK Crvena zvezda,Bosnia & Herzegovina,,3300000,EUR,2027-06-30
190419,Dominik Livakovi\u0107,Fenerbah\u00e7e,Croatia,,4099999,EUR,2028-06-30
198282,Patrik Hro\u0161ovsk\u00fd,FC Viktoria Plze\u0148,Slovakia,,1400000,EUR,2027-06-30
254491,Ederson,Fenerbah\u00e7e,Brazil,,9200000,EUR,2028-06-30
330099,Edimilson Fernandes,BSC Young Boys,Switzerland,,2400000,EUR,2029-06-30
540112,Erik Palmer Brown,Panathinaikos FC,USA,,1600000,EUR,2027-06-30
563908,Joachim Soltvedt,SK Brann,Norway,,655000,EUR,2027-12-31
803671,Stefan Gartenmann,Sampdoria,Switzerland,,1400000,EUR,2028-06-30
850769,Antonis Tsiftsis,PAOK,Greece,,1300000,EUR,2028-06-30
963744,Luk\u00e1\u0161 Horn\u00ed\u010dek,Sporting Braga,Czechia,,16900000,EUR,2028-06-30
995773,Dion Drena Beljo,GNK Dinamo Zagreb,Croatia,,10800000,EUR,2030-06-30
1010126,Lenny Joseph,Ferencv\u00e1ros TC,Haiti,,2100000,EUR,2028-06-30
1022820,Taha Abdi Ali,PAOK,Sweden,,1400000,EUR,2029-06-30
1099462,Jarne Steuckers,KRC Genk,Belgium,,5500000,EUR,2028-06-30
1117475,Dane Murray,Celtic,Scotland,,340000,EUR,2028-05-31
1388535,Givairo Read,Feyenoord,Netherlands,,24000000,EUR,2029-06-30
26025,Robin Olsen,Malm\u00f6 FF,Sweden,,535000,EUR,2029-12-31
186719,Florian Grillitsch,No team,Austria,,2600000,EUR,
331465,Gregory W\u00fcthrich,BSC Young Boys,Switzerland,,1500000,EUR,2028-06-30
779064,Fredrik Pallesen Knudsen,SK Brann,Norway,,680000,EUR,2027-12-31
789234,Martin Erli\u0107,FC Midtjylland,Croatia,,3800000,EUR,2030-06-30
793742,Joris Kramer,Go Ahead Eagles,Netherlands,,1900000,EUR,2028-06-30
843115,Diogo Costa,FC Porto,Portugal,,42000000,EUR,2030-06-30
906062,Aguibou Camara,Ludogorets,Guinea,,1700000,EUR,2027-06-30
918517,Benjamin Nygren,Celtic,Sweden,,13600000,EUR,2030-06-30
952114,Luk\u00e1\u0161 \u010cerv,FC Viktoria Plze\u0148,Czechia,,5500000,EUR,2029-06-30
1010505,Gabri Veiga,FC Porto,Spain,,29000000,EUR,2030-06-30
1029724,Jakob Breum,Saint-\u00c9tienne,Denmark,,5500000,EUR,2030-06-30
1032956,Cadu,Ferencv\u00e1ros TC,Brazil,,1300000,EUR,
1104255,Denzel De Roeve,SK Brann,Belgium,,1900000,EUR,2028-12-31
1146484,Dominik Prpi\u0107,FC Porto,Croatia,,4400000,EUR,2030-06-30
1156339,Dion Kacuri,SC Austria Lustenau,Switzerland,,650000,EUR,2027-06-30
1167065,Kadan Young,Annecy FC,England,,185000,EUR,2027-06-30
1403491,Alexandr Sojka,FC Viktoria Plze\u0148,Czechia,,2200000,EUR,2029-06-30
1446612,Mihai Toma,FCSB,Romania,,520000,EUR,2027-06-30
1470002,Shaqueel van Persie,Feyenoord,Netherlands,,1500000,EUR,2028-06-30
67308,Loris Benito,BSC Young Boys,Switzerland,,260000,EUR,2027-06-30
252027,Michael Brouwer,FC Utrecht,Netherlands,,270000,EUR,2028-06-30
811562,Dinis Almeida,No team,Portugal,,745000,EUR,
865636,Felix Horn Myhre,SK Brann,Norway,,3600000,EUR,2027-12-31
868235,Sikou Niakat\u00e9,Sporting Braga,Mali,,5800000,EUR,2028-06-30
877918,Victor G\u00f3mez,Sporting Braga,Spain,,9700000,EUR,2028-06-30
890663,Arber Hoxha,GNK Dinamo Zagreb,Albania,,3100000,EUR,2029-06-30
891795,Melle Meulensteen,Go Ahead Eagles,Netherlands,,2400000,EUR,2029-06-30
941881,Mat\u011bj Valenta,FC Viktoria Plze\u0148,Czechia,,1500000,EUR,2029-06-30
966575,Rodrigo Zalazar,Sporting CP,Uruguay,,32000000,EUR,2031-06-30
1006483,Toon Raemaekers,Ferencv\u00e1ros TC,Belgium,,2400000,EUR,2028-06-30
1018785,Mohammed Diomande,Rangers,C\u00f4te d'Ivoire,,7200000,EUR,2028-06-30
1065154,Jo\u00ebl Monteiro,BSC Young Boys,Switzerland,,3400000,EUR,2027-06-30
1067629,Caio Vidal,Ludogorets,Brazil,,3100000,EUR,2029-06-30
1133882,Franklin Tebo,FK Crvena zvezda,Nigeria,,3300000,EUR,2028-06-30
1142249,Frans Kr\u00e4tzig,Red Bull Salzburg,Germany,,2600000,EUR,2029-06-30
1142613,Demir Ege T\u0131knaz,Sporting Braga,T\u00fcrkiye,,8199999,EUR,2031-06-30
1465159,Ousmane Diao,FC Midtjylland,Senegal,,7300000,EUR,2029-06-30
1474199,Christian Zawieschitzky,Red Bull Salzburg,Austria,,1000000,EUR,2030-06-30
1614474,Alejandro Gomes Rodriguez,Olympique Lyonnais,England,,745000,EUR,2028-06-30
33541,Thiago Silva,Fluminense,Brazil,,465000,EUR,2026-12-31
120970,Sverrir Ingason,Panathinaikos FC,Iceland,,1900000,EUR,2028-06-30
135602,Luk\u00e1\u0161 Zima,FC Petrolul Ploie\u0219ti,Czechia,,435000,EUR,2027-06-30
138595,Tomasz K\u0119dziora,Dynamo Kyiv,Poland,,2100000,EUR,2028-06-30
243623,Fred,Fenerbah\u00e7e,Brazil,,4900000,EUR,2027-06-30
827371,Timi Max El\u0161nik,FK Crvena zvezda,Slovenia,,6500000,EUR,2028-06-30
837846,Jacob Lungi S\u00f8rensen,SK Brann,Denmark,,1600000,EUR,2028-12-31
840227,Tony Ralston,Celtic,Scotland,,1500000,EUR,2027-05-31
842148,Giannis Kotsiras,Asteras Aktor,Greece,,465000,EUR,2028-06-30
876860,Aleksa Terzi\u0107,Red Bull Salzburg,Serbia,,2600000,EUR,2028-06-30
914414,\u0218tefan T\u00e2rnovanu,FCSB,Romania,,3100000,EUR,2028-06-30
947156,Giannis Michailidis,PAOK,Greece,,3600000,EUR,2027-06-30
959592,Adrian Leon Bari\u0161i\u0107,Sporting Braga,Bosnia & Herzegovina,,3900000,EUR,2030-06-30
981899,Edvin Kurtulus,Ludogorets,Sweden,,2600000,EUR,2027-06-30
1019333,Young-woo Seol,FK Crvena zvezda,South Korea,,6700000,EUR,2027-06-30
1066560,Alan Varela,FC Porto,Argentina,,35000000,EUR,2030-06-30
1121400,Luciano Valente,Feyenoord,Netherlands,,19200000,EUR,2030-06-30
1131037,Vicente Taborda,Panathinaikos FC,Argentina,,3900000,EUR,2029-06-30
1381224,Merchas Doski,FC Viktoria Plze\u0148,Iraq,,1800000,EUR,2029-06-30
1392905,Matte Smets,KRC Genk,Belgium,,11000000,EUR,2030-06-30
41069,Aleksandar Pe\u0161i\u0107,Fatih Karag\u00fcmr\u00fck,Serbia,,470000,EUR,
98448,Jack Butland,Hull City,England,,1500000,EUR,2028-06-30
151076,Juri Cisotti,FCSB,Italy,,745000,EUR,2027-06-30
347726,Vasilis Barkas,FC Utrecht,Greece,,3100000,EUR,2028-06-30
795972,Cameron Carter-Vickers,Celtic,USA,,9600000,EUR,2029-05-31
847990,Liam Scales,Celtic,Ireland,,5400000,EUR,2030-05-31
862449,J\u00f3n Dagur \u00de\u00f3rsteinsson,Hertha BSC,Iceland,,760000,EUR,2027-06-30
928624,Barnab\u00e1s Nagy,Ferencv\u00e1ros TC,Hungary,,650000,EUR,
957937,Casper Tengstedt,Feyenoord,Denmark,,3400000,EUR,2029-06-30
965263,Gustaf Lagerbielke,Sporting Braga,Sweden,,10400000,EUR,2030-06-30
985138,Francisco Moura,FC Porto,Portugal,,8500000,EUR,2029-06-30
1001867,Arne Engels,Celtic,Belgium,,21000000,EUR,2028-06-30
1049534,Jaouen Hadjam,BSC Young Boys,Algeria,,6600000,EUR,2028-06-30
1104948,Issouf Sissokho,Maccabi Tel Aviv,Mali,,1600000,EUR,2027-06-30
1129032,Emmanuel Fernandez,Rangers,Nigeria,,16300000,EUR,2029-06-30
1199214,Milan Smit,Stoke City,Netherlands,,1800000,EUR,2030-06-30
1468564,Souma\u00efla Diabat\u00e9,Red Bull Salzburg,Mali,,7500000,EUR,2027-06-30
1484975,Malcolm Jeng,Stade de Reims,Sweden,,1800000,EUR,2029-06-30
1639250,William Gomes,FC Porto,Brazil,,23000000,EUR,2029-06-30
2035260,Bjorn Menzo,Jong FC Utrecht,Netherlands,,235000,EUR,2029-06-30
114076,Tasos Bakasetas,Panathinaikos FC,Greece,,3300000,EUR,2027-06-30
280565,Jon Gorenc Stankovi\u0107,SK Sturm Graz,Slovenia,,2300000,EUR,2027-06-30
358108,Scott McKenna,GNK Dinamo Zagreb,Scotland,,3700000,EUR,2029-06-30
548312,Kristoffer Zachariassen,Ferencv\u00e1ros TC,Norway,,2300000,EUR,2027-06-30
757742,Rayan Raveloson,Amed Sportif Faaliyetler,Madagascar,,905000,EUR,2028-06-30
796444,Marcelo Saracchi,Boca Juniors,Uruguay,,1900000,EUR,2027-12-31
842176,Jacob Rasmussen,1. FC Kaiserslautern,Denmark,,1100000,EUR,
856216,Ahmed Touba,Panathinaikos FC,Algeria,,2600000,EUR,2028-06-30
856417,Gabi Kanichowsky,Ferencv\u00e1ros TC,Israel,,4099999,EUR,2028-06-30
872390,Pedro Naressi,Servette FC,Brazil,,1200000,EUR,2028-06-30
889689,Hwang In-beom,Feyenoord,South Korea,,6400000,EUR,2028-06-30
891153,Reo Hatate,Celtic,Japan,,10300000,EUR,2028-05-31
906698,Tomi Horvat,Bristol City,Slovenia,,3700000,EUR,2030-06-30
976001,Leo Leroy,Basel,France,,2600000,EUR,2028-06-30
979221,Gon\u00e7alo Borges,Feyenoord,Portugal,,3100000,EUR,2029-06-30
1014118,Miguel Rodr\u00edguez,FC Utrecht,Spain,,4099999,EUR,2028-06-30
1102829,Luka Stojkovi\u0107,GNK Dinamo Zagreb,Croatia,,6400000,EUR,2028-06-19
1489210,Findlay Curtis,Rangers,Scotland,,2100000,EUR,
1614360,Colby Donovan,Celtic,Scotland,,1400000,EUR,
1825955,Vasilije Kostov,FK Crvena zvezda,Serbia,,26000000,EUR,2028-06-30
134252,Mirko Salvi,Basel,Switzerland,,105000,EUR,2027-06-30
227224,Milo\u0161 Veljkovi\u0107,FK Crvena zvezda,Serbia,,2300000,EUR,2028-06-30
329519,Bart\u0142omiej Dr\u0105gowski,Widzew \u0141\u00f3d\u017a,Poland,,2100000,EUR,2029-06-30
354046,Joris Kayembe,KRC Genk,DR Congo,,1900000,EUR,2027-06-30
799216,Pedro Chirivella,Panathinaikos FC,Spain,,5400000,EUR,2027-06-30
812808,Darius Olaru,Royale Union Saint-Gilloise,Romania,,4600000,EUR,2030-06-30
836683,Mert M\u00fcld\u00fcr,Fenerbah\u00e7e,T\u00fcrkiye,,7400000,EUR,2027-06-30
887754,V\u00edtor Carvalho,Sporting Braga,Brazil,,3900000,EUR,2028-06-30
905096,David Miculescu,FCSB,Romania,,2400000,EUR,2027-06-30
926363,Luke McCowan,Celtic,Scotland,,1600000,EUR,2028-05-31
944208,Noah Jean Holm,SK Brann,Norway,,1500000,EUR,2029-12-31
994591,Kristijan Beli\u0107,Maccabi Tel Aviv,Serbia,,3100000,EUR,2029-06-30
1031476,Niko Gale\u0161i\u0107,GNK Dinamo Zagreb,Croatia,,3200000,EUR,2029-06-30
1031567,Pau V\u00edctor,Sporting Braga,Spain,,14300000,EUR,2030-06-30
1046473,Cheick Souar\u00e9,FC Viktoria Plze\u0148,France,,3600000,EUR,2027-06-30
1084944,Calvin Twigt,Go Ahead Eagles,Netherlands,,690000,EUR,2028-06-30
1103531,Yang Hyun-Jun,Celtic,South Korea,,5300000,EUR,2030-06-30
1106824,Dar\u00edo Osorio,FC Midtjylland,Chile,,14600000,EUR,2030-06-30
1144319,Fran Topi\u0107,GNK Dinamo Zagreb,Croatia,,930000,EUR,2029-06-30
1489154,Ji\u0159\u00ed Pano\u0161,FC Viktoria Plze\u0148,Czechia,,1700000,EUR,2029-06-30
6562,Jo\u00e3o Moutinho,Sporting Braga,Portugal,,525000,EUR,2027-06-30
39661,Taison,PAOK,Brazil,,240000,EUR,2027-06-30
55123,Pontus Jansson,Malm\u00f6 FF,Sweden,,690000,EUR,2027-12-31
75425,D\u00e9nes Dibusz,Ferencv\u00e1ros TC,Hungary,,1600000,EUR,2027-06-30
97046,Callum McGregor,Celtic,Scotland,,1800000,EUR,2028-05-31
557008,Franco Cervi,Rosario Central,Argentina,,580000,EUR,
576438,Karol \u015awiderski,Widzew \u0141\u00f3d\u017a,Poland,,4200000,EUR,2029-06-30
801072,Sandro Lauper,BSC Young Boys,Switzerland,,825000,EUR,2027-06-30
802317,V\u00e1clav Jemelka,FC Viktoria Plze\u0148,Czechia,,1200000,EUR,2028-06-30
858203,Jonathan Levi,Ferencv\u00e1ros TC,Sweden,,1200000,EUR,
869883,Dejan Ljubi\u010di\u0107,FC Schalke 04,Austria,,3300000,EUR,2028-06-30
907041,Mariano G\u00f3mez,Ferencv\u00e1ros TC,Argentina,,1500000,EUR,
942213,Tsuyoshi Watanabe,Feyenoord,Japan,,9300000,EUR,2029-06-30
988277,Darian Male\u0161,BSC Young Boys,Switzerland,,1300000,EUR,2027-06-30
1095731,Oussama Targhalline,Feyenoord,Morocco,,14400000,EUR,2028-06-30
1101992,Alessandro Bianco,Fiorentina,Italy,,3600000,EUR,2027-06-30
1144138,Jordan Bos,Feyenoord,Australia,,11200000,EUR,2029-06-30
1146404,Valdemar Byskov,FC Midtjylland,Denmark,,2400000,EUR,2030-06-30
1211982,Miliano Jonathans,FC Utrecht,Indonesia,,775000,EUR,2028-06-30
1426367,Saied Abu Farchi,Maccabi Tel Aviv,Israel,,1900000,EUR,2028-06-30
226972,Kiril Despodov,PAOK,Bulgaria,,4700000,EUR,2027-06-30
277365,Giorgos Giakoumakis,Al-Ain,Greece,,5400000,EUR,2028-06-30
278763,Mirko Ivani\u0107,FK Crvena zvezda,Montenegro,,3200000,EUR,2027-06-30
305230,Callum O'Dowda,Ferencv\u00e1ros TC,Ireland,,870000,EUR,
361004,Marco Asensio,Fenerbah\u00e7e,Spain,,15500000,EUR,2028-06-30
783278,Junya Ito,KRC Genk,Japan,,3100000,EUR,2028-06-30
918429,Mads Bidstrup,Olympique Lyonnais,Denmark,,12600000,EUR,2031-06-30
924690,Emanuel Aiwu,Apollon Limassol,Austria,,775000,EUR,
935309,Mujaid Sadick,KRC Genk,Spain,,4700000,EUR,2028-06-30
991679,Souffian El Karouani,Al-Qadsiah,Morocco,,14000000,EUR,2029-06-30
996992,Matisse Didden,FC Utrecht,Belgium,,2800000,EUR,2028-06-30
997173,Bright Arrey-Mbi,Sporting Braga,Germany,,9300000,EUR,2029-06-30
1005744,Marvin Keller,BSC Young Boys,Switzerland,,5800000,EUR,2028-06-30
1106148,Metinho,Basel,DR Congo,,8700000,EUR,2030-06-30
1119473,Giovanni van Zwam,Go Ahead Eagles,Netherlands,,280000,EUR,2027-06-30
1133200,Yi\u011fit Efe Demir,Fenerbah\u00e7e,T\u00fcrkiye,,6300000,EUR,2029-06-30
1139245,Moussa Ciss\u00e9,Basel,France,,520000,EUR,2028-06-30
1386182,Robbin Weijenberg,Go Ahead Eagles,Netherlands,,210000,EUR,2027-06-30
1503836,Samu Aghehowa,FC Porto,Spain,,46000000,EUR,2029-06-30
1831170,Luca Weinhandl,SK Sturm Graz,Austria,,5200000,EUR,
133168,Gerrit Nauber,Go Ahead Eagles,Germany,,325000,EUR,2027-06-30
325905,Thore Pedersen,SK Brann,Norway,,370000,EUR,2026-12-31
597716,Son,Ludogorets,Spain,,1300000,EUR,2027-06-30
822462,Luka Ivanu\u0161ec,Feyenoord,Croatia,,3300000,EUR,2028-06-30
825899,Anel Ahmedhod\u017ei\u0107,Feyenoord,Bosnia & Herzegovina,,9700000,EUR,2029-06-30
847151,Edson \u00c1lvarez,West Ham United,Mexico,,14600000,EUR,2028-06-30
878830,Bruno Duarte,FK Crvena zvezda,Brazil,,3800000,EUR,2027-06-30
882664,Pep\u00ea,FC Porto,Brazil,,16000000,EUR,2028-06-30
883466,Dominik Schmid,Red Bull Salzburg,Switzerland,,2900000,EUR,2030-06-30
890913,Svetozar Markovi\u0107,\u0160K Slovan Bratislava,Serbia,,2300000,EUR,2030-06-30
904400,Nair Tiknizyan,FK Crvena zvezda,Armenia,,6400000,EUR,2028-06-30
1048324,Jayden Oosterwolde,Fenerbah\u00e7e,Netherlands,,21000000,EUR,2028-06-30
1085938,Levent Mercan,Fenerbah\u00e7e,T\u00fcrkiye,,4600000,EUR,2028-06-30
1099285,Jeyland Mitchell,SK Sturm Graz,Costa Rica,,2900000,EUR,
1106662,Otto Rosengren,Malm\u00f6 FF,Sweden,,2900000,EUR,2027-12-31
1131048,Tom\u00e1s H\u00e4ndel,FK Crvena zvezda,Portugal,,5500000,EUR,2029-06-30
1150938,Leo Sauer,Feyenoord,Slovakia,,6500000,EUR,2028-06-30
1160957,Alberto Costa,FC Porto,Portugal,,16800000,EUR,2030-06-30
1214695,Adrian Blake,FC Utrecht,England,,2200000,EUR,2027-06-30
1403575,Jeremy Agbonifo,RC Lens,Sweden,,4099999,EUR,2028-06-30
126074,James Tavernier,No team,England,,470000,EUR,
149731,S\u00e9bastien Haller,Sanfrecce Hiroshima,C\u00f4te d'Ivoire,,950000,EUR,2027-06-30
226986,\u0130rfan Can Kahveci,Fenerbah\u00e7e,T\u00fcrkiye,,3100000,EUR,2028-06-30
227900,Kevin Mbabu,No team,Switzerland,,2300000,EUR,
318607,Davide Calabria,Panathinaikos FC,Italy,,4800000,EUR,2028-06-30
827568,Tom\u00e1\u0161 Ladra,FC Viktoria Plze\u0148,Czechia,,1200000,EUR,2028-06-30
848980,Iv\u00e1n Villar,Celta Vigo,Spain,,960000,EUR,2027-06-30
914694,Malcom Edjouma,Qingdao Hainiu,Morocco,,1100000,EUR,
921089,Deroy Duarte,Ludogorets,Cape Verde,,1700000,EUR,2028-06-30
990025,Tobias Lawal,KRC Genk,Austria,,1900000,EUR,2029-06-30
992567,Borja Sainz,FC Porto,Spain,,21000000,EUR,2030-06-30
996685,Emil Kornvig,Widzew \u0141\u00f3d\u017a,Denmark,,3100000,EUR,2029-06-30
1002448,Han-Beom Lee,FC Midtjylland,South Korea,,2800000,EUR,2027-06-30
1009738,Archie Brown,Fenerbah\u00e7e,England,,11600000,EUR,2028-06-30
1014225,Zidane Iqbal,FC Utrecht,Iraq,,1000000,EUR,2027-06-30
1086358,Moris Valin\u010di\u0107,GNK Dinamo Zagreb,Croatia,,2400000,EUR,2029-06-30
1127169,Nasser Djiga,Wolverhampton,Burkina Faso,,6500000,EUR,2030-06-30
1479467,Aymen Sliti,Feyenoord,Netherlands,,2200000,EUR,2029-06-30
1587231,Anestis Mythou,PAOK,Greece,,1500000,EUR,2028-06-30
1890014,Nana Kwame Boakye,SK Brann,Ghana,,1400000,EUR,2029-12-31
42894,Sergio Padt,Ludogorets,Netherlands,,210000,EUR,2027-06-30
44417,Denis Alibec,FCV Farul Constan\u021ba,Romania,,230000,EUR,2027-06-30
44478,Valentin Cre\u021bu,FCSB,Romania,,105000,EUR,2026-12-31
139304,Dimitrios Pelkas,PAOK,Greece,,1100000,EUR,2027-06-30
239632,Rahman Baba,PAOK,Ghana,,2200000,EUR,2027-06-30
794013,Mats Deijl,Feyenoord,Netherlands,,1900000,EUR,2028-06-30
889680,Olivier Verdon,Ludogorets,Benin,,1100000,EUR,2027-06-30
940647,Danilo,Rangers,Brazil,,1400000,EUR,2028-05-31
981624,J\u00falio Rom\u00e3o,Akhmat Grozny,Brazil,,775000,EUR,2029-06-30
985162,Yira Collins Sor,KRC Genk,Nigeria,,2400000,EUR,2027-06-30
1002057,Victor Bak Jensen,FC Midtjylland,Denmark,,3800000,EUR,2030-06-30
1030308,Ben Lederman,Wieczysta Krak\u00f3w,Poland,,410000,EUR,2028-06-30
1034543,Mateo Lisica,GNK Dinamo Zagreb,Croatia,,1400000,EUR,2029-06-30
1085422,Baba Alhassan,No team,Uganda,,810000,EUR,
1106546,Yaimar Medina,KRC Genk,Ecuador,,4300000,EUR,2029-06-30
1120039,Jean-Baptiste Gorby,Sporting Braga,France,,9600000,EUR,2028-06-30
1185273,Sota Kitano,Red Bull Salzburg,Japan,,6200000,EUR,2029-06-30
1433802,Gjivai Zechi\u00ebl,Feyenoord,Netherlands,,10500000,EUR,2028-06-30
1481921,Yves Erick Bile,Ludogorets,C\u00f4te d'Ivoire,,870000,EUR,2028-06-30
1805062,Edmund Baidoo,Red Bull Salzburg,Ghana,,7700000,EUR,2029-06-30
117128,Risto Radunovi\u0107,FCSB,Montenegro,,575000,EUR,2027-06-30
190853,Joe Rothwell,Sheffield United,England,,580000,EUR,2027-06-30
289181,Peter Olayinka,No team,Nigeria,,2600000,EUR,
357582,Ivan Nevisti\u0107,GNK Dinamo Zagreb,Croatia,,535000,EUR,2028-06-30
361310,Jonjoe Kenny,PAOK,England,,2400000,EUR,2028-06-30
541464,Cyriel Dessers,Panathinaikos FC,Nigeria,,3200000,EUR,2028-06-30
886242,Jakub Moder,Feyenoord,Poland,,10900000,EUR,2028-06-30
987212,Ivan Yordanov,Ludogorets,Bulgaria,,545000,EUR,2028-06-30
987818,Maurits Kjaergaard,Red Bull Salzburg,Denmark,,7400000,EUR,2028-06-30
1006865,Leonardo Lelo,Sporting Braga,Portugal,,6200000,EUR,2029-06-30
1086072,Nikolas Sattlberger,KRC Genk,Austria,,2100000,EUR,2029-06-30
1095410,Andrej \u0110uri\u0107,Malm\u00f6 FF,Montenegro,,515000,EUR,2029-12-31
1102788,Dorgeles Nene,Fenerbah\u00e7e,Mali,,21000000,EUR,2030-06-30
1139103,Karim Konat\u00e9,Red Bull Salzburg,C\u00f4te d'Ivoire,,10900000,EUR,2028-06-30
1153335,Sergi Dom\u00ednguez,GNK Dinamo Zagreb,Spain,,8600000,EUR,2029-06-30
1384486,Thijs Kraaijeveld,Feyenoord,Netherlands,,5200000,EUR,2028-06-30
1403439,Erick Marcus,Ludogorets,Brazil,,3700000,EUR,2028-06-30
1500291,Arjan Mali\u0107,SK Sturm Graz,Bosnia & Herzegovina,,1900000,EUR,
2059250,T\u00e9o Bari\u0161i\u0107,HNK Rijeka,Croatia,,730000,EUR,2030-06-30
2325510,Kamil Efe \u00dcregen,Fenerbah\u00e7e U19,T\u00fcrkiye,,110000,EUR,2028-06-30
789193,Mamadou Thiam,No team,Senegal,,670000,EUR,
791978,Sead Hak\u0161abanovi\u0107,Malm\u00f6 FF,Montenegro,,2700000,EUR,2028-06-30
839577,Adrian \u0218ut,Al-Ain,Romania,,3700000,EUR,2028-06-30
857458,Dimitri Laval\u0117e,Standard Li\u00e8ge,Belgium,,1500000,EUR,2028-06-30
905541,Siyabonga Ngezana,FCSB,South Africa,,1900000,EUR,2027-06-30
929163,Tom\u00e1\u0161 \u010cvan\u010dara,Borussia M'gladbach,Czechia,,1900000,EUR,2028-06-30
932555,Evert Linthorst,Go Ahead Eagles,Netherlands,,1100000,EUR,2028-06-30
943645,Max Aarons,Bournemouth,England,,2400000,EUR,2029-06-30
957143,Sebastian Tounekti,Celtic,Tunisia,,5400000,EUR,2030-05-31
991090,Cebrail Makreckis,Qaraba\u011f FK,Latvia,,1000000,EUR,2029-06-30
1025990,Eggert Aron Gu\u00f0mundsson,SK Brann,Iceland,,1600000,EUR,2028-12-31
1107592,Monsef Bakrar,GNK Dinamo Zagreb,Algeria,,3100000,EUR,2028-06-30
1116573,Pedro Bravo,FC Midtjylland,Colombia,,3400000,EUR,2030-12-31
1147932,G\u00e1bor Szalai,Ferencv\u00e1ros TC,Hungary,,915000,EUR,
1184326,Diego Rodrigues,Sporting Braga,Portugal,,5200000,EUR,2030-06-30
1461597,Ryan Andrews,BSC Young Boys,England,,1900000,EUR,2029-06-30
1472288,Prince Kwabena Adu,FC Viktoria Plze\u0148,Ghana,,3200000,EUR,2027-06-30
1485309,Gabriel Moscardo,Espanyol,Brazil,,7500000,EUR,2027-06-30
1937592,Santino Andino,Panathinaikos FC,Argentina,,6500000,EUR,2030-06-30
21927,Marko Arnautovi\u0107,FK Crvena zvezda,Austria,,2100000,EUR,2027-06-30
318967,Renato Sanches,Paris Saint-Germain,Portugal,,2100000,EUR,2027-06-30
359642,Kelechi Iheanacho,Bursaspor,Nigeria,,3100000,EUR,
365772,Naby Ke\u00efta,Ferencv\u00e1ros TC,Guinea,,1500000,EUR,
366592,Kieran Tierney,Celtic,Scotland,,7700000,EUR,2030-06-30
807295,Alessandro Vogliacco,Genoa,Italy,,2400000,EUR,2027-06-30
855854,Dani De Wit,FC Utrecht,Netherlands,,3800000,EUR,2028-06-30
889378,Nicolas Raskin,Rangers,Belgium,,10900000,EUR,2028-05-31
930233,Koba Koindredi,Sporting CP,New Caledonia,,2700000,EUR,2028-06-30
939721,Milson,Al-Jazira,Angola,,3100000,EUR,2029-06-30
970969,Daniel B\u00eerligea,FCSB,Romania,,4200000,EUR,2029-06-30
1048014,Alan Virginius,BSC Young Boys,France,,2900000,EUR,2029-06-30
1065545,Christophe Kabongo,FC Viktoria Plze\u0148,Czechia,,705000,EUR,2028-06-30
1088231,Adrian Zeljkovi\u0107,FC Viktoria Plze\u0148,Slovenia,,1900000,EUR,2029-06-30
1094395,H\u00e9lio Varela,Maccabi Tel Aviv,Cape Verde,,2600000,EUR,2028-06-30
1105700,Yoann Cathline,FC Utrecht,France,,5800000,EUR,2029-06-30
1129610,Amar Memi\u0107,FC Viktoria Plze\u0148,Bosnia & Herzegovina,,4400000,EUR,2029-06-30
1145126,Denil Castillo,FC Midtjylland,Ecuador,,7200000,EUR,2031-06-30
1153261,\u00c1ngel Alarc\u00f3n,FC Utrecht,Spain,,5800000,EUR,2029-06-30
1493918,Adem Avdi\u0107,FK Crvena zvezda,Serbia,,10300000,EUR,2030-06-30
69367,Filip \u0110uri\u010di\u0107,No team,Serbia,,855000,EUR,
94681,Ivajlo Chochev,Ludogorets,Bulgaria,,1600000,EUR,2028-06-30
126680,Filip Mladenovi\u0107,No team,Serbia,,270000,EUR,
253875,Timon Wellenreuther,VfL Wolfsburg,Germany,,5200000,EUR,2029-06-30
348362,Saidy Janko,BSC Young Boys,Gambia,,870000,EUR,2027-06-30
360006,Finn Stokkers,No team,Netherlands,,280000,EUR,
377302,Georgios Kyriakopoulos,Panathinaikos FC,Greece,,1800000,EUR,2029-06-30
758608,\u00c7a\u011flar S\u00f6y\u00fcnc\u00fc,Fenerbah\u00e7e,T\u00fcrkiye,,3600000,EUR,2027-06-30
790179,Cyle Larin,Southampton,Canada,,2600000,EUR,2028-06-30
791954,Joel Andersson,Ludogorets,Sweden,,1100000,EUR,2028-06-30
852564,Bence \u00d6tv\u00f6s,Ferencv\u00e1ros TC,Hungary,,1000000,EUR,
909958,Yorbe Vertessen,Red Bull Salzburg,Belgium,,4500000,EUR,2029-06-30
997419,Connor Barron,Rangers,Scotland,,2700000,EUR,2028-06-30
1065989,Thelo Aasgaard,Rangers,Norway,,2500000,EUR,2029-06-30
1126486,Markus Haaland,SK Brann,Norway,,850000,EUR,2029-12-31
1163364,Marin \u0160oti\u010dek,Basel,Croatia,,1500000,EUR,2028-06-30
1385795,Tim Trummer,Grazer AK 1902,Austria,,1400000,EUR,2027-06-30
1471049,Joane Gadou,Borussia Dortmund,France,,18500000,EUR,2031-06-30
1512197,Noah Adedeji-Sternberg,KRC Genk,Belgium,,3900000,EUR,2028-06-30
1545079,Jan Plug,Excelsior,Netherlands,,720000,EUR,2027-06-30
39480,Dejan Lovren,No team,Croatia,,365000,EUR,
286085,Jan Bednarek,FC Porto,Poland,,10600000,EUR,2029-06-30
798307,David Kiki,FC Voluntari,Benin,,290000,EUR,
831399,Bernard Tekpetey,Ludogorets,Ghana,,2300000,EUR,2028-06-30
833643,Stanislav Ivanov,Ludogorets,Bulgaria,,1100000,EUR,2028-06-30
843251,Adam Gnezda \u010cerin,Panathinaikos FC,Slovenia,,4900000,EUR,2028-06-30
860160,Gijs Smal,Feyenoord,Netherlands,,5800000,EUR,2028-06-30
888376,J\u00fanior Brumado,FC Midtjylland,Brazil,,740000,EUR,2026-12-31
909960,Mathis Suray,Go Ahead Eagles,Belgium,,3200000,EUR,2027-06-30
987510,Zaidu Sanusi,FC Porto,Nigeria,,2900000,EUR,2027-06-30
1000548,Alonzo Engwanda,FC Utrecht,Belgium,,7300000,EUR,2028-06-30
1001943,Julius Dirksen,Go Ahead Eagles,Netherlands,,745000,EUR,2029-06-30
1010634,Hyeon-gyu Oh,Be\u015fikta\u015f JK,South Korea,,16000000,EUR,2029-06-30
1014281,Gue-sung Cho,FC Midtjylland,South Korea,,2400000,EUR,2028-06-30
1020116,Yusuf Bamidele,Ferencv\u00e1ros TC,Nigeria,,2700000,EUR,
1067660,Octavian Popescu,FCSB,Romania,,575000,EUR,
1129940,Gabriel Vidovi\u0107,GNK Dinamo Zagreb,Croatia,,3100000,EUR,2029-06-30
1405666,Rhodri Smith,BSC Young Boys,Switzerland,,580000,EUR,2030-06-30
1586654,Cardoso Varela,GNK Dinamo Zagreb,Portugal,,970000,EUR,2028-06-30
1605339,Lars Remmem,Haugesund,Norway,,515000,EUR,2026-12-31
91744,James Forrest,Celtic,Scotland,,320000,EUR,2027-05-31
110701,Aleksandar Katai,FK Crvena zvezda,Serbia,,725000,EUR,2027-06-30
113920,Stefan Lainer,Red Bull Salzburg,Austria,,825000,EUR,2027-06-30
318045,Milan Havel,Bohemians Praha 1905,Czechia,,290000,EUR,2028-06-30
603740,Ibrahim Ciss\u00e9,No team,France,,2400000,EUR,
841399,Arn\u00f3r Sigur\u00f0sson,PS Kalamata,Iceland,,1900000,EUR,2027-12-31
923969,Michel Ange Balikwisha,Celtic,DR Congo,,3300000,EUR,2030-06-30
934249,Can Bozdo\u011fan,No team,Germany,,2100000,EUR,
941394,Filip Kalo\u010d,Ludogorets,Czechia,,1600000,EUR,2028-06-30
985823,Ayase Ueda,Feyenoord,Japan,,16500000,EUR,2028-06-30
989803,Facundo Pellistri,Panathinaikos FC,Uruguay,,4900000,EUR,2028-06-30
1085914,Adam Gabriel,FC Midtjylland,Czechia,,670000,EUR,2029-06-30
1088727,Denis Vi\u0161insk\u00fd,FC Viktoria Plze\u0148,Czechia,,2900000,EUR,2028-06-30
1158018,Callum Osmand,Celtic,Wales,,470000,EUR,2029-06-30
1488043,Jacob H\u00f6dl,SK Sturm Graz,Austria,,5400000,EUR,2028-06-30
1516318,Mahmudu Bajo,FK Crvena zvezda,Gambia,,1800000,EUR,2029-06-30
1916326,Douglas Owusu,FK Crvena zvezda,Ghana,,4700000,EUR,2028-12-31
1937553,Jay Enem,FK Crvena zvezda,Netherlands,,4800000,EUR,2029-06-30
136675,Manolis Siopis,Panathinaikos FC,Greece,,1300000,EUR,2027-06-30
181893,B\u00e5rd Finne,SK Brann,Norway,,725000,EUR,2026-12-31
252821,N\u00e9lson Semedo,Fenerbah\u00e7e,Portugal,,5500000,EUR,2027-06-30
537032,Florin T\u0103nase,FCSB,Romania,,1700000,EUR,2027-06-30
839097,Greg Taylor,PAOK,Scotland,,4400000,EUR,2028-06-30
891210,Ion Nicolaescu,Maccabi Tel Aviv,Moldova,,970000,EUR,2028-06-30
914772,Fran Navarro,Sporting Braga,Spain,,3900000,EUR,2029-06-30
944467,Sem Steijn,Feyenoord,Netherlands,,11900000,EUR,2029-06-30
973716,Richonell Margaret,Go Ahead Eagles,Suriname,,620000,EUR,2029-06-30
983554,Paulo Bernardo,Celtic,Portugal,,3600000,EUR,2029-06-30
1100641,Nikola Stankovi\u0107,FK Crvena zvezda,Serbia,,1300000,EUR,2029-06-30
1133184,Marko Soldo,SK Sigma Olomouc,Croatia,,1500000,EUR,
1133233,Aske Adelgaard,FC Twente,Denmark,,940000,EUR,2030-06-30
1142585,Martim Fernandes,FC Porto,Portugal,,11500000,EUR,2030-06-30
1396027,Ibrahima Sory Bangoura,KRC Genk,Guinea,,5800000,EUR,2028-06-30
1397180,Moussa Kounfolo Yeo,Swansea City,Mali,,4900000,EUR,2030-06-30
1405446,Robin Mirisola,KRC Genk,Belgium,,3600000,EUR,2030-06-30
1406639,Victor Froholdt,FC Porto,Denmark,,46000000,EUR,2030-06-30
1417890,Salifou Soumah,Malm\u00f6 FF,Guinea,,850000,EUR,2029-12-31
1584962,Andrej Ba\u010danin,Basel,Serbia,,3300000,EUR,2030-06-30
40878,Luuk de Jong,No team,Netherlands,,460000,EUR,
548640,Vetle Dragsnes,SK Brann,Norway,,540000,EUR,2026-12-31
825906,Oscar Pettersson,GAIS,Sweden,,360000,EUR,2029-12-31
844292,Erik Botheim,Malm\u00f6 FF,Norway,,3300000,EUR,2027-12-31
855850,Kevin R\u00fcegg,Basel,Switzerland,,870000,EUR,2027-06-30
855908,Bruno Goda,GNK Dinamo Zagreb,Croatia,,1400000,EUR,2027-06-30
916947,Kenzo Goudmijn,Derby County,Netherlands,,640000,EUR,2028-06-30
946561,Derry Murkin,Derby County,England,,1400000,EUR,2029-06-30
962999,Dennis Politic,FCSB,Romania,,610000,EUR,2029-06-30
1098541,Julius Beck,IF Elfsborg,Denmark,,545000,EUR,2026-12-31
1116315,Johnny Kenny,Celtic,Ireland,,1200000,EUR,2029-05-31
1129974,Mihai Lixandru,FCSB,Romania,,865000,EUR,2029-06-30
1149234,Jan Paluska,FC Viktoria Plze\u0148,Czechia,,2700000,EUR,2029-06-30
1191898,Rasmus Holten,Sandefjord Fotball,Norway,,515000,EUR,2030-12-31
1406066,Georgios Katris,Panathinaikos FC,Greece,,485000,EUR,2030-06-30
1407720,Deniz G\u00fcl,FC Porto,T\u00fcrkiye,,5200000,EUR,2029-06-30
1410201,Jayden Meghoma,Brentford,England,,1900000,EUR,2028-06-30
1423454,Filip R\u00f3zga,SK Sturm Graz,Poland,,3000000,EUR,2029-06-30
1471065,Kenan Busulad\u017ei\u0107,Malm\u00f6 FF,Sweden,,905000,EUR,2028-12-31
1513792,Sagiv Jehezkel,Maccabi Tel Aviv,Israel,,350000,EUR,2027-06-30
106751,Paulo Oliveira,Sporting Braga,Portugal,,370000,EUR,
165413,Karim Onisiwo,No team,Austria,,420000,EUR,
867546,Mady Camara,PAOK,Guinea,,5200000,EUR,2027-06-30
881038,Mohamed Camara,Maccabi Tel Aviv,Guinea,,1300000,EUR,2028-06-30
921826,Yonas Malede,Maccabi Tel Aviv,Israel,,230000,EUR,2027-06-30
976386,Mads Hansen,IF Brommapojkarna,Denmark,,825000,EUR,2028-12-31
1014048,Amine El Ouazzani,Sporting Braga,Morocco,,2400000,EUR,2029-06-30
1150766,Matteo Bignetti,1. FC Saarbr\u00fccken,Austria,,620000,EUR,2028-06-30
1403192,Mikey Moore,Tottenham Hotspur,England,,18500000,EUR,2030-06-30
1432425,Kristjan Bendra,NK Olimpija Ljubljana,Slovenia,,280000,EUR,2029-06-30
1463077,Vinicius Nogueira,Ludogorets,Brazil,,1400000,EUR,2028-12-31
1481672,Clement Bischoff,Red Bull Salzburg,Denmark,,2900000,EUR,2029-06-30
1503622,Adrian Skogmar,Malm\u00f6 FF,Sweden,,945000,EUR,2028-12-31
1591099,Mousslim Youssouf,OGC Nice U21,Comoros,,105000,EUR,
1881197,James Bello,MFK Karvin\u00e1,Nigeria,,205000,EUR,2027-06-30
1957736,Jaygo van Ommeren,Jong FC Utrecht,Netherlands,,465000,EUR,2028-06-30
1961884,Tiago Goncalves,Olympique Lyonnais 2,France,,47000,EUR,2027-06-30
1974511,Luka Zari\u0107,FK Crvena zvezda,Serbia,,2100000,EUR,2028-06-30
1976037,Ilay Ben Simon,Maccabi Tel Aviv,Israel,,235000,EUR,2028-06-30
46900,Nick Viergever,PEC Zwolle,Netherlands,,325000,EUR,2027-06-30
121185,Magomed Ozdoev,FC Krasnodar,Russia,,1200000,EUR,2028-06-30
186953,Dor Peretz,Maccabi Tel Aviv,Israel,,1500000,EUR,2029-06-30
787422,Christian Fassnacht,BSC Young Boys,Switzerland,,2100000,EUR,2027-06-30
798298,Mihai Popescu,FCSB,Romania,,685000,EUR,2028-06-30
802665,Nemanja Radonji\u0107,No team,Serbia,,1100000,EUR,
861825,Raz Shlomo,Maccabi Tel Aviv,Israel,,760000,EUR,2027-06-30
907462,Colin R\u00f6sler,Malm\u00f6 FF,Norway,,1900000,EUR,2027-12-31
936340,Ulrik Mathisen,SK Brann,Norway,,720000,EUR,2027-12-31
966429,David Min,FC Utrecht,Netherlands,,1600000,EUR,2028-06-30
975743,Oliver Antman,Rangers,Finland,,3900000,EUR,2029-06-30
994007,Tochi Chukwuani,Rangers,Denmark,,5400000,EUR,2029-06-30
999396,O\u011fuz Ayd\u0131n,Fenerbah\u00e7e,T\u00fcrkiye,,6500000,EUR,2028-06-30
1021937,Johan Karlsson,Malm\u00f6 FF,Sweden,,440000,EUR,2028-12-31
1029788,Vladimir Lu\u010di\u0107,FK Crvena zvezda,Serbia,,2000000,EUR,2029-06-30
1190941,Rafik El Arguioui,FC Utrecht,Morocco,,485000,EUR,2029-06-30
1387712,Leon Grgi\u0107,SK Sturm Graz,Croatia,,2700000,EUR,
2180363,Yassir Rahmouni,Go Ahead Eagles,Netherlands,,440000,EUR,2029-06-30
139256,Miha Zajc,GNK Dinamo Zagreb,Slovenia,,1200000,EUR,2027-06-30
152463,Fabian Bredlow,VfB Stuttgart,Germany,,725000,EUR,2027-06-30
282247,Albian Ajeti,Basel,Switzerland,,730000,EUR,2028-06-30
286915,Ivan Filipovi\u0107,GNK Dinamo Zagreb,Croatia,,360000,EUR,2027-06-30
886339,Franko Kova\u010devi\u0107,Ferencv\u00e1ros TC,Croatia,,1800000,EUR,2029-06-30
965668,Nicolas Vouilloz,Basel,Switzerland,,1600000,EUR,2028-06-30
974577,Jhon Dur\u00e1n,Al-Nassr,Colombia,,16500000,EUR,2030-06-30
1001468,Davy van den Berg,FC Utrecht,Netherlands,,1300000,EUR,2028-06-30
1065159,Alvyn Sanches,BSC Young Boys,Switzerland,,9700000,EUR,2029-06-30
1108206,Zsombor Gruber,Ferencv\u00e1ros TC,Hungary,,1500000,EUR,2028-06-30
1117065,Kervin Andrade,Maccabi Tel Aviv,Venezuela,,1400000,EUR,2029-06-30
1142085,Roy Revivo,Maccabi Tel Aviv,Israel,,4600000,EUR,2027-06-30
1396015,Mario Dorgeles,Sporting Braga,C\u00f4te d'Ivoire,,10800000,EUR,2030-06-30
1396029,Josue Ndenge Kongolo,KRC Genk,Belgium,,3300000,EUR,2028-06-30
1418636,Dominik Pech,BSC Young Boys,Czechia,,2900000,EUR,2030-06-30
1474198,Jannik Schuster,Brentford,Austria,,16500000,EUR,2031-06-30
1489408,Matheus Machado,Al-Fateh,Brazil,,330000,EUR,2028-06-30
1566307,Yanik Spalt,VfB Stuttgart II U21,Austria,,730000,EUR,2028-06-30
1960011,Dimitrios Chatsidis,PAOK,Greece,,1200000,EUR,2028-06-30
44848,Jens Stryger Larsen,Malm\u00f6 FF,Denmark,,400000,EUR,2026-12-31
81859,Anders Christiansen,Malm\u00f6 FF,Denmark,,260000,EUR,2026-12-31
356388,Stefano Vecchia,Malm\u00f6 FF,Sweden,,860000,EUR,2026-12-31
793170,Oliver Berg,IF Brommapojkarna,Norway,,280000,EUR,
794990,Siebe Horemans,FC Utrecht,Belgium,,2900000,EUR,2028-06-30
796279,Jordan Lotomba,Feyenoord,Switzerland,,3600000,EUR,2027-06-30
797279,Bart Nieuwkoop,Feyenoord,Netherlands,,1400000,EUR,2027-06-30
837010,Niklas Vesterlund,FC Utrecht,Denmark,,1500000,EUR,2027-06-30
841420,Victor Edvardsen,Go Ahead Eagles,Sweden,,880000,EUR,2028-06-30
1002078,Itamar Noy,Maccabi Tel Aviv,Israel,,540000,EUR,2027-06-30
1004222,Osher Davida,Maccabi Tel Aviv,Israel,,1600000,EUR,2027-06-30
1033266,Alexandru Grigoras Pantea,APO Levadiakos,Romania,,650000,EUR,2027-06-30
1099792,B\u00e9nie Traor\u00e9,New York City FC,C\u00f4te d'Ivoire,,7500000,EUR,2030-06-30
1135854,Mamady Diambou,Red Bull Salzburg,Mali,,1400000,EUR,2028-06-30
1145627,Youssef Chermiti,Rangers,Portugal,,15500000,EUR,2029-06-30
1149080,Matteo P\u00e9rez Vinl\u00f6f,GNK Dinamo Zagreb,Sweden,,2300000,EUR,2029-06-30
1212322,Belmin Beganovi\u0107,SK Sturm Graz,Austria,,910000,EUR,2028-06-30
1423477,Oliver Luki\u0107,Red Bull Salzburg,Croatia,,1000000,EUR,2029-06-30
1566219,Enrique Aguilar,Red Bull Salzburg,Switzerland,,1600000,EUR,2027-06-30
1633802,Kaio Eduardo,Basel,Brazil,,320000,EUR,2029-06-30
44225,K\u00e9vin Th\u00e9ophile-Catherine,No team,Martinique,,93000,EUR,
58488,Mat\u011bj Vydra,FC Viktoria Plze\u0148,Czechia,,650000,EUR,2027-06-30
72127,Cenk Tosun,Fatih Karag\u00fcmr\u00fck,T\u00fcrkiye,,270000,EUR,
173521,Anton Nedyalkov,Ludogorets,Bulgaria,,1200000,EUR,2027-06-30
359236,Chris Bedia,Al-Nasr Dubai,C\u00f4te d'Ivoire,,3200000,EUR,2027-06-30
796821,Mads Sande,Kongsvinger,Norway,,440000,EUR,2026-12-31
832979,Keigo Tsunemoto,Basel,Japan,,2600000,EUR,2028-06-30
880179,Busanello,Malm\u00f6 FF,Brazil,,3100000,EUR,2029-12-31
928106,Ebrima Colley,Konyaspor,Gambia,,755000,EUR,2027-06-30
984419,Alistair Johnston,Celtic,Canada,,7600000,EUR,2029-06-30
1000015,Emmanuel Ekong,Malm\u00f6 FF,Sweden,,490000,EUR,2029-12-31
1067635,Heitor,\u00dajpest,Brazil,,500000,EUR,
1133520,Tanguy Zoukrou,Kocaelispor,France,,1100000,EUR,2027-06-30
1153194,Dan\u00edel Tristan Gu\u00f0johnsen,Malm\u00f6 FF,Iceland,,580000,EUR,2028-12-31
1180918,Rwan Cruz,Ludogorets,Brazil,,3200000,EUR,2026-12-31
1493501,Salim Fago Lawal,FC Viktoria Plze\u0148,Nigeria,,1700000,EUR,2029-06-30
1502620,Aaron Bibout,KRC Genk,Cameroon,,3600000,EUR,2029-06-30
1918931,Gaoussou Diarra,Feyenoord,Mali,,1800000,EUR,2029-06-30
1976070,Felix Tsimba,BSC Young Boys,Switzerland,,580000,EUR,2029-06-30
320423,Mikael Uhre,FC Midtjylland,Denmark,,2400000,EUR,2029-06-30
814599,Fedor Chalov,PAOK,Russia,,3700000,EUR,2027-06-30
823726,Niklas Castro,SK Brann,Chile,,745000,EUR,2027-12-31
832420,Daizen Maeda,Celtic,Japan,,12600000,EUR,2027-06-30
877845,Maurice Malone,SK Sturm Graz,Germany,,960000,EUR,
881135,Edward Chilufya,FC Midtjylland,Zambia,,680000,EUR,2028-12-31
885172,Kristall M\u00e1ni Ingason,SK Brann,Iceland,,1900000,EUR,2029-12-31
924205,Moritz Broschinski,Karlsruher SC,Germany,,580000,EUR,2027-06-30
961902,Ken Nkuba,KRC Genk,Belgium,,1500000,EUR,2028-06-30
997191,Milo\u0161 Pantovi\u0107,Panathinaikos FC,Serbia,,2400000,EUR,2029-06-30
1022552,Oskar Siira Sivertsen,Go Ahead Eagles,Norway,,490000,EUR,2028-06-30
1024876,Seedy Jatta,SK Sturm Graz,Norway,,1100000,EUR,2027-06-30
1046722,Dean James,Go Ahead Eagles,Indonesia,,1600000,EUR,2028-06-30
1048267,Ido Shahar,Maccabi Tel Aviv,Israel,,1400000,EUR,2027-06-30
1106649,Jusef Erabi,Preston North End,Sweden,,2100000,EUR,2027-06-30
1434753,Elad Madmon,Maccabi Tel Aviv,Israel,,1200000,EUR,2028-06-30
1439201,Yanis da Rocha,Sporting Braga,Portugal,,195000,EUR,2030-06-30
1494612,Noam Ben Harosh,Maccabi Tel Aviv,Israel,,1100000,EUR,2029-06-30
1513332,Axel Kayombo,SK Sturm Graz,DR Congo,,1400000,EUR,2029-06-30
1931534,Julian L\u00e6greid,Moss FK,Norway,,555000,EUR,2026-12-31
139310,Willy Boly,No team,C\u00f4te d'Ivoire,,290000,EUR,
329175,Pierluigi Gollini,AS Roma,Italy,,830000,EUR,2027-06-30
794100,Dujon Sterling,Rangers,England,,2700000,EUR,2027-05-31
813738,Joan Sastre,APOEL Nicosia,Spain,,830000,EUR,
928336,Joyskim Dawa,FCSB,Cameroon,,2000000,EUR,2027-06-30
978150,Juli\u00e1n Araujo,Bournemouth,Mexico,,8199999,EUR,2029-06-30
988893,Armin Gigovi\u0107,BSC Young Boys,Bosnia & Herzegovina,,2600000,EUR,2029-06-30
1010130,Itai Ben Hamo,Maccabi Tel Aviv,Israel,,330000,EUR,2028-06-30
1031658,Javier Hern\u00e1ndez,Legan\u00e9s,Spain,,1900000,EUR,2027-06-30
1130884,Tyrese Asante,Maccabi Tel Aviv,Netherlands,,3000000,EUR,2027-06-30
1214872,Ofek Melika,Maccabi Tel Aviv,Israel,,1100000,EUR,2029-06-30
1393681,Adrian Palacios,KRC Genk,Venezuela,,825000,EUR,2028-06-30
1417033,Junior Z\u00e9,Eintracht Braunschweig,Switzerland,,1400000,EUR,2029-06-30
1479508,Noa Miki\u0107,GNK Dinamo Zagreb,Croatia,,420000,EUR,2028-06-30
1584953,Sven \u0160unta,GNK Dinamo Zagreb,Slovenia,,415000,EUR,2029-06-30
1626584,Mattia Della Rocca,No team,Italy,,205000,EUR,
1832051,Angel Arcos,Celta Fortuna,Spain,,485000,EUR,2027-06-30
2006447,Jos\u00e9 Morante,Betis Deportivo,Spain,,965000,EUR,2030-06-30
2421366,Alaettin Ekici,Fenerbah\u00e7e U19,T\u00fcrkiye,,310000,EUR,2028-06-30
54429,Artur J\u0119drzejczyk,No team,Poland,,45000,EUR,
94234,Simon Sluga,NK Celje,Croatia,,190000,EUR,2027-06-30
120387,Hrvoje Mili\u010devi\u0107,AEK Larnaca,Bosnia & Herzegovina,,530000,EUR,2027-05-31
184679,Andreas Linde,BK H\u00e4cken,Sweden,,215000,EUR,2026-12-31
280637,Luk\u00e1\u0161 Sad\u00edlek,G\u00f3rnik Zabrze,Czechia,,1500000,EUR,2029-06-30
578086,Johannes Kreidl,Kuopion Palloseura,Austria,,550000,EUR,2028-12-31
974863,Dani Silva,FC Midtjylland,Portugal,,2100000,EUR,2029-06-30
976364,Ruslan Neshcheret,Dynamo Kyiv,Ukraine,,3200000,EUR,2027-12-31
978326,\u017dan-Luk Leban,NK Celje,Slovenia,,775000,EUR,2027-06-30
988190,Ibrahim Ciss\u00e9,AIK,C\u00f4te d'Ivoire,,570000,EUR,2028-12-31
1009362,Oliwier Zych,Vit\u00f3ria SC,Poland,,2100000,EUR,2027-06-30
1014536,Wessel Speel,Shelbourne,Netherlands,,170000,EUR,2026-12-31
1145989,Ro-Zangelo Daal,AZ Alkmaar,Netherlands,,3100000,EUR,2030-06-30
1390323,Mi\u0142osz Piekutowski,RC Strasbourg,Poland,,620000,EUR,2031-06-30
1481192,Marko Zebi\u0107,GNK Dinamo Zagreb,Croatia,,530000,EUR,2028-06-30
1961097,Jo\u00e3o Arag\u00e3o,SC Braga B,Portugal,,485000,EUR,2027-06-30
2056009,Ofosu Boakye,Go Ahead Eagles,Netherlands,,81000,EUR,2029-06-30
41021,Valentin Roberge,No team,Cyprus,,55000,EUR,2027-05-31
41735,Henry Bonello,Sliema Wanderers,Malta,,79000,EUR,2027-06-30
95666,Ante Majstorovi\u0107,HNK Rijeka,Croatia,,465000,EUR,2027-06-30
187231,\u013dubom\u00edr \u0160atka,No team,Slovakia,,1400000,EUR,
209082,Marcus Rohd\u00e9n,IF Elfsborg,Sweden,,320000,EUR,
325121,Luk\u00e1\u0161 Harasl\u00edn,AC Sparta Praha,Slovakia,,6200000,EUR,
338475,Rafa\u0142 Augustyniak,Legia Warszawa,Poland,,340000,EUR,2027-06-30
345972,Damian Szyma\u0144ski,Legia Warszawa,Poland,,660000,EUR,2029-06-30
793267,Stratos Svarnas,Rak\u00f3w Cz\u0119stochowa,Greece,,3200000,EUR,2027-06-30
809489,Joel Pereira,Lech Pozna\u0144,Portugal,,1900000,EUR,2027-06-30
843746,Stjepan Radelji\u0107,GNK Dinamo Zagreb,Bosnia & Herzegovina,,2900000,EUR,2030-06-30
876680,Tjay De Barr,OFK Beograd Mozzart Bet,Gibraltar,,215000,EUR,2029-06-30
886365,Dominik Tak\u00e1\u010d,\u0160K Slovan Bratislava,Slovakia,,2500000,EUR,2027-06-30
890110,Aboubakary Koita,AEK Athens,Mauritania,,5500000,EUR,2029-06-30
909506,Jaakko Oksanen,Kairat Almaty,Finland,,550000,EUR,2027-12-31
916183,Toni Fruk,HNK Rijeka,Croatia,,9600000,EUR,2027-06-15
1005998,Fotios Kitsos,Omonia Nicosia,Greece,,465000,EUR,2029-05-31
1089580,Matthew Healy,Shamrock Rovers,Ireland,,535000,EUR,2027-11-30
1127855,Abdou Karim Sow,FC Lausanne-Sport,Switzerland,,5200000,EUR,2028-06-30
1514452,Jaures Assoumou,Samsunspor,C\u00f4te d'Ivoire,,1900000,EUR,2030-06-30
43136,Guram Kashia,No team,Georgia,,145000,EUR,
50826,Adam Matthews,Shamrock Rovers,Wales,,170000,EUR,
102982,Zlatan Alomerovi\u0107,Zag\u0142\u0119bie Lubin,Serbia,,210000,EUR,2028-06-30
137677,Vitaliy Buyalskiy,Dynamo Kyiv,Ukraine,,2400000,EUR,2027-06-30
137983,Gus Ledes,AEK Larnaca,Portugal,,435000,EUR,2028-05-31
280729,Asger S\u00f8rensen,AC Sparta Praha,Denmark,,2100000,EUR,
578364,Taras Romanczuk,Jagiellonia Bia\u0142ystok,Poland,,195000,EUR,2027-06-30
604174,Bernardo Lopes,Lincoln Red Imps,Gibraltar,,115000,EUR,2027-06-30
793995,Danylo Ignatenko,\u0160K Slovan Bratislava,Ukraine,,970000,EUR,2027-06-30
885719,Martin Zlomisli\u0107,Qaraba\u011f FK,Bosnia & Herzegovina,,1900000,EUR,2029-06-30
896421,\u017dan Karni\u010dnik,NK Maribor,Slovenia,,720000,EUR,2028-06-30
904850,Valerii Bondar,Shakhtar Donetsk,Ukraine,,8500000,EUR,2027-12-31
922018,Peer Koopmeiners,AZ Alkmaar,Netherlands,,12500000,EUR,2028-06-30
930660,Doni Arifi,SpVgg Greuther F\u00fcrth,Finland,,540000,EUR,2027-06-30
941338,Lazaros Rota,AEK Athens,Greece,,4099999,EUR,2030-06-30
1021938,Jamie Roche,FC Lausanne-Sport,Sweden,,3600000,EUR,2027-06-30
1471221,Alisson Santana,Shakhtar Donetsk,Brazil,,8700000,EUR,2029-12-31
1544436,Omar Janneh,FC Lausanne-Sport,Spain,,3800000,EUR,2030-06-30
1652719,Gaoussou Diakite,Red Bull Salzburg,Mali,,3100000,EUR,2028-06-30
51225,Domagoj Vida,AEK Athens,Croatia,,485000,EUR,2027-06-30
175177,Jes\u00fas Imaz,Jagiellonia Bia\u0142ystok,Spain,,340000,EUR,2027-06-30
253303,Enric Saborit,AEK Larnaca,Spain,,215000,EUR,2027-05-31
359670,Francis Uzoho,Omonia Nicosia,Nigeria,,320000,EUR,2027-05-31
826043,Jan Kr\u00e1l,SK Sigma Olomouc,Czechia,,710000,EUR,2028-06-30
827372,Karlo Letica,No team,Croatia,,1600000,EUR,
827540,Alexandru Cic\u00e2ld\u0103u,Universitatea Craiova,Romania,,2700000,EUR,2028-06-30
850404,Orbel\u00edn Pineda,CF Monterrey,Mexico,,6300000,EUR,2027-06-30
885709,Klisman Cake,Akhmat Grozny,Albania,,1400000,EUR,2029-06-30
946291,Svit Se\u0161lar,NK Celje,Slovenia,,2100000,EUR,2030-06-30
962404,Kevin Mouanga,FC Lausanne-Sport,Congo Republic,,1600000,EUR,2027-06-30
979665,Irakli Azarovi,Shakhtar Donetsk,Georgia,,2400000,EUR,2028-06-30
1001765,Vincenzo Polito,\u0126amrun Spartans FC,Italy,,360000,EUR,2027-06-30
1008111,Denso Kasius,AZ Alkmaar,Netherlands,,5800000,EUR,2029-06-30
1014718,Arb Manaj,FC Drita,Kosovo,,775000,EUR,2029-06-30
1087931,Isak Steiner Jensen,AZ Alkmaar,Denmark,,4900000,EUR,2030-06-30
1119294,Maxim Dekker,AZ Alkmaar,Netherlands,,670000,EUR,2029-06-30
1145982,Wouter Goes,AZ Alkmaar,Netherlands,,16500000,EUR,2028-06-30
1405756,Kees Smit,AZ Alkmaar,Netherlands,,24000000,EUR,2028-06-30
1562120,Wojciech Mo\u0144ka,Lech Pozna\u0144,Poland,,9700000,EUR,2029-06-30
134910,Tom\u00e1\u0161 Huk,SK Sigma Olomouc,Slovakia,,315000,EUR,2027-06-30
140735,Zeki Yavru,No team,T\u00fcrkiye,,195000,EUR,
175139,Jorge Miram\u00f3n,AEK Larnaca,Spain,,210000,EUR,2027-05-31
204272,Graham Burke,Shamrock Rovers,Ireland,,275000,EUR,
353272,Mykola Matvienko,Shakhtar Donetsk,Ukraine,,11300000,EUR,2027-12-31
833562,Yehor Nazaryna,Shakhtar Donetsk,Ukraine,,2600000,EUR,2027-06-30
856203,Martin Trnovsk\u00fd,FK \u017deleziarne Podbrezov\u00e1,Slovakia,,155000,EUR,
868329,Juanjo Nieto,CD Castell\u00f3n,Spain,,410000,EUR,2029-06-30
877558,Daniel Mandroiu,Shamrock Rovers,Ireland,,270000,EUR,2026-11-30
905345,Yuki Kobayashi,Jagiellonia Bia\u0142ystok,Japan,,735000,EUR,2028-06-30
905421,Luis Palma,Lech Pozna\u0144,Honduras,,4099999,EUR,2029-06-30
921157,Faton Maloku,FC Drita,Kosovo,,97000,EUR,2029-06-30
942335,Kamil Pi\u0105tkowski,Legia Warszawa,Poland,,2400000,EUR,2029-06-30
943593,Marius Mouandilmadji,Samsunspor,Chad,,7600000,EUR,2028-06-30
980671,Sven Mijnans,PSV Eindhoven,Netherlands,,16399999,EUR,2031-06-30
985403,Taofeek Ismaheel,G\u00f3rnik Zabrze,Nigeria,,1500000,EUR,2027-06-30
1149030,Sven Xerri,\u0126amrun Spartans FC,Malta,,245000,EUR,
1153198,Gabriel Sigua,Basel,Georgia,,2300000,EUR,2028-06-30
1413197,Taras Mykhavko,Dynamo Kyiv,Ukraine,,10900000,EUR,2030-12-31
35656,Etrit Berisha,BK H\u00e4cken,Albania,,170000,EUR,2027-12-31
151131,Muamer Tankovi\u0107,Omonia Nicosia,Sweden,,1500000,EUR,2028-05-31
279563,R\u0103zvan Marin,AEK Athens,Romania,,4200000,EUR,2028-06-30
316196,Niclas Eliasson,AEK Athens,Sweden,,2900000,EUR,2028-06-30
550192,Vladyslav Kabaiev,Dynamo Kyiv,Ukraine,,2300000,EUR,2028-06-30
792296,Oleksandr Pikhalyonok,Dynamo Kyiv,Ukraine,,2800000,EUR,2029-06-30
806972,Celil Y\u00fcksel,Samsunspor,T\u00fcrkiye,,865000,EUR,2027-06-30
850895,Morgan Poaty,FC Lausanne-Sport,Congo Republic,,760000,EUR,2028-06-30
862933,Christian Rutjens,Lincoln Red Imps,Spain,,190000,EUR,2027-06-30
874030,Pedrinho,Shakhtar Donetsk,Brazil,,9700000,EUR,2029-06-30
887806,Nardin Mulahusejnovi\u0107,FK Vojvodina,Bosnia & Herzegovina,,935000,EUR,2029-06-30
949605,Nikolas Panagiotou,Omonia Nicosia,Cyprus,,970000,EUR,2027-05-31
979473,Anthony Musaba,Fenerbah\u00e7e,Netherlands,,7500000,EUR,2030-06-30
982146,Sandro Cruz,\u0160K Slovan Bratislava,Angola,,1100000,EUR,2029-06-30
1093686,Mat\u011bj Ryne\u0161,AC Sparta Praha,Czechia,,3800000,EUR,2027-06-30
1131931,Filipe Relvas,AEK Athens,Portugal,,4200000,EUR,2029-06-30
1160858,Ermal Krasniqi,Amed Sportif Faaliyetler,Kosovo,,970000,EUR,2028-06-30
1510503,Sekou Fofana,Auxerre,C\u00f4te d'Ivoire,,850000,EUR,2030-06-30
1548899,Bartosz Mazurek,Red Bull Salzburg,Poland,,4300000,EUR,2031-06-30
1633781,Luca Meirelles,Shakhtar Donetsk,Brazil,,10400000,EUR,2030-06-30
63896,Nemanja Bilbija,H\u0160K Zrinjski Mostar,Bosnia & Herzegovina,,160000,EUR,2027-05-31
118204,Jaroslav Zelen\u00fd,AC Sparta Praha,Czechia,,640000,EUR,2027-06-30
190179,Okan Kocuk,Samsunspor,T\u00fcrkiye,,1900000,EUR,2028-06-30
283217,Johan Hammar,BK H\u00e4cken,Sweden,,320000,EUR,2026-12-31
352676,Olivier Ntcham,No team,Cameroon,,1900000,EUR,
789984,Dereck Kutesa,AEK Athens,Switzerland,,3400000,EUR,2028-06-30
795934,Slobodan Jakovljevi\u0107,H\u0160K Zrinjski Mostar,Serbia,,52000,EUR,
803023,Rick Van Drongelen,Samsunspor,Netherlands,,5400000,EUR,2028-06-30
841793,C\u00e9sar Blackman,\u0160K Slovan Bratislava,Panama,,2600000,EUR,2028-06-30
858501,Mateo Mari\u0107,Omonia Nicosia,Bosnia & Herzegovina,,1200000,EUR,2029-05-31
893559,Mees De Wit,AZ Alkmaar,Netherlands,,5800000,EUR,2029-06-30
911850,Mohamed Lamine Diaby,Rak\u00f3w Cz\u0119stochowa,Guinea,,2900000,EUR,2028-06-30
919680,Saad Agouzoul,No team,Morocco,,290000,EUR,
925880,Du\u0161an Stojinovi\u0107,Jagiellonia Bia\u0142ystok,Slovenia,,775000,EUR,2027-06-30
935308,Robert Ljubi\u010di\u0107,AEK Athens,Croatia,,2900000,EUR,2029-06-30
940867,Oskar Repka,Rak\u00f3w Cz\u0119stochowa,Poland,,1900000,EUR,2030-06-30
945097,Tiago Dantas,HNK Rijeka,Portugal,,3600000,EUR,2029-06-30
957138,\u00d3li Valur \u00d3marsson,Breidablik K\u00f3pavogur,Iceland,,245000,EUR,2028-12-31
976375,Mykola Mykhailenko,Dynamo Kyiv,Ukraine,,1900000,EUR,2027-06-30
1596425,Matvii Ponomarenko,Dynamo Kyiv,Ukraine,,11000000,EUR,2028-12-31
80465,Petros Mantalos,AEK Athens,Greece,,775000,EUR,2027-06-30
110942,Antonio Mili\u0107,Wieczysta Krak\u00f3w,Croatia,,470000,EUR,2028-06-30
232082,Damjan Vukli\u0161evi\u0107,NK Celje,Slovenia,,290000,EUR,2027-06-30
796432,Jean Carlos Silva,Rak\u00f3w Cz\u0119stochowa,Spain,,1100000,EUR,2027-12-31
807349,Baboucarr Gaye,KF Shk\u00ebndija,Gambia,,390000,EUR,2027-06-30
837012,Carlo Holse,Samsunspor,Denmark,,6500000,EUR,2027-06-30
841413,Anton\u00edn R\u016fsek,FK Jablonec,Czechia,,530000,EUR,2029-06-30
929618,Mat\u00fa\u0161 Mal\u00fd,SK Sigma Olomouc,Slovakia,,720000,EUR,2028-06-30
981527,Mateusz Skrzypczak,Lech Pozna\u0144,Poland,,630000,EUR,2029-06-30
988473,\u0218tefan Baiaram,Universitatea Craiova,Romania,,4900000,EUR,2028-06-30
1048958,Ante Ore\u010d,HNK Rijeka,Croatia,,1900000,EUR,2028-06-30
1065442,Bernardo Vital,Jagiellonia Bia\u0142ystok,Portugal,,3100000,EUR,2027-06-30
1105833,Marlon Gomes,Shakhtar Donetsk,Brazil,,12400000,EUR,2028-12-31
1124209,Artemijus Tuty\u0161kinas,NK Celje,Lithuania,,870000,EUR,2028-06-30
1213381,Billy van Duijl,AZ Alkmaar,Netherlands,,1500000,EUR,2031-06-30
1397756,Tommaso Martinelli,US Avellino 1912,Italy,,4800000,EUR,2027-06-30
1446172,Daniel Adu-Adjei,HNK Rijeka,England,,2600000,EUR,2029-06-30
1510499,Papa Souleymane N'Diaye,FC Lausanne-Sport,Switzerland,,290000,EUR,2027-06-30
1526569,Jeremie Gnali,Qaraba\u011f FK,France,,420000,EUR,2028-06-30
57291,Hovhannes Hambardzumyan,FC Noah,Armenia,,160000,EUR,
138146,Louis Schaub,SK Rapid Wien,Austria,,380000,EUR,2028-06-30
139248,Rudi Po\u017eeg Vanca\u0161,NK Celje,Slovenia,,270000,EUR,2027-06-30
194204,Hrvoje Bari\u0161i\u0107,H\u0160K Zrinjski Mostar,Bosnia & Herzegovina,,48000,EUR,2027-05-31
227212,Thomas Strakosha,AEK Athens,Albania,,2700000,EUR,2029-06-30
228348,Marius Lode,Sarpsborg 08,Norway,,315000,EUR,2027-07-31
547862,Kaan Kairinen,AEK Athens,Finland,,6400000,EUR,2030-06-30
792659,Fran Tudor,Rak\u00f3w Cz\u0119stochowa,Croatia,,1500000,EUR,2027-06-30
793749,Mykola Shaparenko,Dynamo Kyiv,Ukraine,,7400000,EUR,2030-12-31
801073,Mikkel Rygaard,BK H\u00e4cken,Denmark,,320000,EUR,2026-12-31
886909,Bartosz Mrozek,Lech Pozna\u0144,Poland,,2800000,EUR,2028-06-30
997198,Andrija Radulovi\u0107,SK Rapid Wien,Montenegro,,825000,EUR,2029-06-30
1011994,Alaa Ghram,Shakhtar Donetsk,Tunisia,,1600000,EUR,2029-06-30
1020545,Norbert Wojtuszek,Jagiellonia Bia\u0142ystok,Poland,,2800000,EUR,2027-06-30
1046461,Nikita Iosifov,Sporting Gij\u00f3n,Russia,,1600000,EUR,2027-06-30
1101198,Antoni Kozubal,Lech Pozna\u0144,Poland,,5800000,EUR,2028-06-30
1102501,Abdoulaye Sylla,SK Sigma Olomouc,Guinea,,1400000,EUR,
1152849,S\u0142awomir Abramowicz,Jagiellonia Bia\u0142ystok,Poland,,5200000,EUR,2028-06-30
1398500,Ronaldo Webster,Universitatea Craiova,Jamaica,,580000,EUR,2029-06-30
1416941,Jan Koutn\u00fd,SK Sigma Olomouc,Czechia,,3700000,EUR,2028-06-30
114062,Mikael Ishak,Lech Pozna\u0144,Sweden,,580000,EUR,2027-06-30
123875,Piotr Parzyszek,Kuopion Palloseura,Poland,,335000,EUR,2027-06-30
244611,Matej Poplatnik,NK Celje,Slovenia,,145000,EUR,2027-06-30
309648,Bartosz Kapustka,Legia Warszawa,Poland,,760000,EUR,2028-06-30
842944,Vahan Bichakhchyan,Legia Warszawa,Armenia,,655000,EUR,2027-12-31
845906,Lee Grace,Shamrock Rovers,Ireland,,91000,EUR,
887011,Adrian Rus,Universitatea Craiova,Romania,,1300000,EUR,2027-06-30
937188,Oleksandr Romanchuk,Universitatea Craiova,Ukraine,,2700000,EUR,2028-06-30
941669,Dmytro Riznyk,Shakhtar Donetsk,Ukraine,,8600000,EUR,2027-12-31
942921,Almir Ajzeraj,Dinamo City,Kosovo,,465000,EUR,
954060,Tanguy Coulibaly,Samsunspor,France,,1300000,EUR,2028-06-30
1002514,John Mercado,AC Sparta Praha,Ecuador,,4099999,EUR,2029-06-30
1083407,Silas Andersen,Sporting CP,Denmark,,7200000,EUR,2031-06-30
1090061,Maty\u00e1\u0161 Vojta,AC Sparta Praha,Czechia,,2900000,EUR,
1141593,N'Dri Koffi,Catanzaro,C\u00f4te d'Ivoire,,420000,EUR,2027-06-30
1169719,Beyatt Lekoueiry,FC Lausanne-Sport,Mauritania,,1600000,EUR,2028-06-30
1173222,Romeo Amane,SK Rapid Wien,C\u00f4te d'Ivoire,,4800000,EUR,2029-06-30
1175899,Samuli Miettinen,NK Istra 1961,Finland,,435000,EUR,2030-06-30
1391308,Furkan Demir,SK Rapid Wien,T\u00fcrkiye,,735000,EUR,2028-06-30
1397914,Kouadio Ange Ahoussou,SK Rapid Wien,C\u00f4te d'Ivoire,,2400000,EUR,2029-06-30
73624,Damir Muminovi\u0107,UMF Grindav\u00edk\u00a0,Iceland,,48000,EUR,2027-12-31
156416,H\u00f6skuldur Gunnlaugsson,Breidablik K\u00f3pavogur,Iceland,,280000,EUR,2028-12-31
230932,Kenan Bajri\u0107,\u0160K Slovan Bratislava,Slovenia,,1500000,EUR,2028-06-30
814180,Peter Vindahl,AC Sparta Praha,Denmark,,1900000,EUR,2027-06-30
825070,Danijel \u0160turm,SK Slavia Praha,Slovenia,,2300000,EUR,2030-06-30
920391,Antoine Makoumbou,Samsunspor,Congo Republic,,4200000,EUR,2029-06-30
958923,Artem Bondarenko,Shakhtar Donetsk,Ukraine,,8600000,EUR,2028-12-31
985279,Pavlo Isenko,Universitatea Craiova,Ukraine,,1100000,EUR,2029-06-30
1032178,Taneli H\u00e4m\u00e4l\u00e4inen,Kuopion Palloseura,Finland,,245000,EUR,2026-07-31
1032918,Drilon Islami,KF Shk\u00ebndija,Kosovo,,320000,EUR,2027-06-30
1067639,Vin\u00edcius Tobias,Shakhtar Donetsk,Brazil,,6200000,EUR,2029-06-30
1103106,Takuto Oshima,FC Noah,Japan,,775000,EUR,2028-06-30
1117232,Yerson Chac\u00f3n,AEK Larnaca,Venezuela,,670000,EUR,2027-05-31
1118181,Lequincio Zeefuik,Fortuna Sittard,Netherlands,,825000,EUR,2027-06-30
1119364,Samuele Vignato,HNK Rijeka,Italy,,1800000,EUR,2029-06-30
1155252,Angelos Neophytou,Omonia Nicosia,Cyprus,,315000,EUR,2029-05-31
1177610,Alfie Dorrington,Tottenham U21,England,,620000,EUR,2029-06-30
1500650,\u00c1sgeir Orrason,Breidablik K\u00f3pavogur,Iceland,,105000,EUR,2027-12-31
1562510,Wassim Bouziane,AZ Alkmaar,Netherlands,,440000,EUR,2030-06-30
41116,Andriy Yarmolenko,Dynamo Kyiv,Ukraine,,945000,EUR,2027-06-30
95494,Tigran Barseghyan,\u0160K Slovan Bratislava,Armenia,,915000,EUR,2027-06-30
319129,Luka Jovi\u0107,AEK Athens,Serbia,,9300000,EUR,2027-06-30
331853,Marlon,Shakhtar Donetsk,Brazil,,2600000,EUR,2028-06-30
551468,Ewandro Costa,Omonia Nicosia,Brazil,,1100000,EUR,2028-05-31
792027,Samuel Leach Holm,Fredrikstad FK,Sweden,,655000,EUR,2028-12-31
797032,Anton Ari Einarsson,Breidablik K\u00f3pavogur,Iceland,,180000,EUR,2028-12-31
826033,Mario \u0106u\u017ee,H\u0160K Zrinjski Mostar,Croatia,,410000,EUR,2027-06-30
877978,Andy Pelmard,Clermont Foot,Madagascar,,2100000,EUR,2027-06-30
936874,Bart\u0142omiej Wdowik,Sporting Braga,Poland,,1600000,EUR,2028-06-30
949819,Juergen Elitim,Bursaspor,Colombia,,2600000,EUR,
963211,Brandon Soppy,FC Lausanne-Sport,France,,1600000,EUR,2028-06-30
1002780,Kiril Fesyun,Shakhtar Donetsk,Ukraine,,1600000,EUR,2029-06-30
1004278,Alexandre Penetra,AZ Alkmaar,Portugal,,10300000,EUR,2028-06-30
1014682,Pablo Rodr\u00edguez,Lech Pozna\u0144,Spain,,2100000,EUR,2029-06-30
1048102,Bogdan Racovi\u021ban,Rak\u00f3w Cz\u0119stochowa,Romania,,2300000,EUR,2028-06-30
1122497,Duje Dujmovi\u0107,Wieczysta Krak\u00f3w,Croatia,,640000,EUR,2028-06-30
1133258,Josafat Mendes,Samsunspor,Sweden,,2400000,EUR,2030-06-30
1135583,Polat Yald\u0131r,Batman Petrolspor,T\u00fcrkiye,,140000,EUR,2027-06-30
2203670,\u00c1g\u00fast Orri Thorsteinsson,Breidablik K\u00f3pavogur,Iceland,,160000,EUR,2028-12-31
153829,Sean Gannon,Shelbourne,Ireland,,69000,EUR,2026-11-30
188335,Stefan Simic,Omonia Nicosia,Czechia,,195000,EUR,2028-05-31
793239,Liridon Latifi,FC Kyzylzhar,Albania,,310000,EUR,2026-12-31
795522,Dylan Watts,Shamrock Rovers,Ireland,,275000,EUR,
797966,Goran Kara\u010di\u0107,H\u0160K Zrinjski Mostar,Bosnia & Herzegovina,,385000,EUR,2028-05-31
882446,Monday Etim,Universitatea Craiova,Nigeria,,655000,EUR,2028-06-30
887247,Denys Popov,Dynamo Kyiv,Ukraine,,2900000,EUR,2030-12-31
889491,Amine Khammas,Raja Club Athletic,Morocco,,465000,EUR,2030-06-30
940864,Clinton Antwi,Kuopion Palloseura,Ghana,,310000,EUR,2026-12-31
971393,Michael Ameyaw,Rak\u00f3w Cz\u0119stochowa,Poland,,1500000,EUR,2029-06-30
979393,Patryk Makuch,Rak\u00f3w Cz\u0119stochowa,Poland,,620000,EUR,2028-06-30
986992,Nathana\u00ebl Saintini,FC Noah,Guadeloupe,,525000,EUR,2027-06-30
998962,Imran Fetai,KF Shk\u00ebndija,North Macedonia,,760000,EUR,2028-06-30
1000408,Volodymyr Brazhko,Dynamo Kyiv,Ukraine,,9700000,EUR,2029-06-30
1019038,Gustavo Sangar\u00e9,FC Noah,Burkina Faso,,725000,EUR,2027-06-30
1028330,Seiya Maikuma,AZ Alkmaar,Japan,,2100000,EUR,2028-06-30
1063977,Leon Flach,Jagiellonia Bia\u0142ystok,USA,,1300000,EUR,2027-06-30
1145999,Rome Jayden Owusu-Oduro,AZ Alkmaar,Netherlands,,5700000,EUR,2030-06-30
1175494,Adriano,Rak\u00f3w Cz\u0119stochowa,Brazil,,1600000,EUR,2028-06-30
1482841,Kau\u00e3 Elias,Shakhtar Donetsk,Brazil,,14100000,EUR,2029-12-31
169729,Gon\u00e7alo Silva,SC Farense,Portugal,,190000,EUR,2027-06-30
357602,Ante \u0106ori\u0107,\u0126amrun Spartans FC,Croatia,,220000,EUR,2027-06-30
551338,Kyriakos Savvidis,Wis\u0142a P\u0142ock,Greece,,365000,EUR,2027-05-31
576008,Paulo Ricardo,No team,Brazil,,270000,EUR,
858273,Kristofer Kristinsson,Breidablik K\u00f3pavogur,Iceland,,205000,EUR,2026-12-31
900111,Sivert Mannsverk,AC Sparta Praha,Norway,,3200000,EUR,
905109,Ognjen Bjeli\u010di\u0107,\u0126amrun Spartans FC,Serbia,,370000,EUR,2027-06-30
921550,Toni Kolega,NK Rude\u0161,Croatia,,160000,EUR,
984163,Arttu Heinonen,Kuopion Palloseura,Finland,,105000,EUR,2026-12-31
986321,Albert Dabiqaj,FC Drita,Kosovo,,620000,EUR,2028-06-30
992951,Mileta Rajovi\u0107,Legia Warszawa,Denmark,,1000000,EUR,2029-06-30
1048820,Noah Wei\u00dfhaupt,Darmstadt 98,Germany,,1500000,EUR,2030-06-30
1126979,Tomasz Pie\u0144ko,Rak\u00f3w Cz\u0119stochowa,Poland,,1900000,EUR,2030-06-30
1146002,Dave Kwakman,AZ Alkmaar,Netherlands,,1400000,EUR,2029-06-30
1216491,Theo Bergvall,FC Lausanne-Sport,Sweden,,825000,EUR,2029-06-30
1388767,Gisli Thordarson,Lech Pozna\u0144,Iceland,,740000,EUR,2029-06-30
1476713,Cian Barrett,Shamrock Rovers,Ireland,,105000,EUR,
1548919,Harry Hilvenius,BK H\u00e4cken,Sweden,,970000,EUR,2030-12-31
1590944,Rio Robbemond,Jong AZ Alkmaar,Netherlands,,375000,EUR,2030-06-30
2055327,Bendeg\u00faz Kov\u00e1cs,Jong AZ Alkmaar,Hungary,,1600000,EUR,2028-06-30
189897,Paddy Barrett,Shelbourne,Ireland,,190000,EUR,2026-11-30
352616,Godswill Ekpolo,AEK Larnaca,Nigeria,,955000,EUR,2027-05-31
369940,Giannis Masouras,1. FC N\u00fcrnberg,Greece,,600000,EUR,
829190,James Penrice,AEK Athens,Scotland,,2700000,EUR,2028-06-30
840521,Jonatan Braut Brunes,Rak\u00f3w Cz\u0119stochowa,Norway,,8400000,EUR,2028-06-30
843039,Ercan Kara,SK Rapid Wien,Austria,,875000,EUR,2027-06-30
848080,Pozo,Almer\u00eda,Spain,,1600000,EUR,2027-06-30
848082,Yan Eteki,FC Noah,Cameroon,,670000,EUR,
876677,Jaylan Hankins,Lincoln Red Imps,Gibraltar,,130000,EUR,2027-06-30
927169,Ji\u0159\u00ed Sl\u00e1ma,FK Jablonec,Czechia,,620000,EUR,
966651,\u0141ukasz Bejger,NK Celje,Poland,,420000,EUR,2027-06-30
981031,Igor Savi\u0107,CFR 1907 Cluj,Bosnia & Herzegovina,,630000,EUR,
990140,Karol Struski,Rak\u00f3w Cz\u0119stochowa,Poland,,1600000,EUR,2029-06-30
1003419,Ivan \u0106alu\u0161i\u0107,NK Celje,Croatia,,310000,EUR,2028-06-30
1110078,Jack Henry-Francis,Shelbourne,Ireland,,245000,EUR,2027-11-30
1122387,Anel Husi\u0107,HNK Rijeka,Switzerland,,875000,EUR,2029-06-30
1146463,Reshat Ramadani,Dynamo Kyiv,North Macedonia,,540000,EUR,2028-06-30
1808088,Bogdan Redushko,Dynamo Kyiv,Ukraine,,2100000,EUR,2030-12-31
1865871,Uchenna Aririerisim,AC Sparta Praha,Nigeria,,4099999,EUR,
1906267,Amin Gr\u00f6ller,SK Rapid Wien,Tunisia,,365000,EUR,2027-06-30
139578,Emerson,\u0126amrun Spartans FC,Brazil,,77000,EUR,2027-06-30
199092,Nicu\u0219or Bancu,Universitatea Craiova,Romania,,940000,EUR,2028-06-30
369708,Ioannis Kousoulos,Omonia Nicosia,Cyprus,,365000,EUR,2027-05-31
785464,Ali Coote,Shelbourne,Scotland,,185000,EUR,2027-11-30
849826,Jonathan Lunney,Shelbourne,Ireland,,120000,EUR,2027-11-30
882074,Mladen Devetak,HNK Rijeka,Serbia,,1200000,EUR,2027-06-30
885049,Rron Broja,FC Drita,Kosovo,,450000,EUR,2028-06-30
951985,Jimmy Su\u00e1rez,Huesca,Spain,,320000,EUR,2028-06-30
962877,Adil Aouchiche,FC Schalke 04,Algeria,,3800000,EUR,2027-06-30
1002334,Zini,AEK Athens,Angola,,2400000,EUR,2029-06-30
1005916,Veton Tusha,NK Celje,Kosovo,,420000,EUR,2029-06-30
1012383,Kacper Urba\u0144ski,G\u00f3rnik Zabrze,Poland,,2100000,EUR,2028-06-30
1029004,Arn\u00f3r Gauti J\u00f3nsson,Breidablik K\u00f3pavogur,Iceland,,92000,EUR,2026-12-31
1030309,Abubakar Ghali,SK Sigma Olomouc,Nigeria,,1200000,EUR,2028-06-30
1124208,Armandas Ku\u010dys,NK Celje,Lithuania,,730000,EUR,2028-06-30
1198066,Mouad El Fanis,No team,Belgium,,310000,EUR,
1394149,Mat\u011bj Hada\u0161,SK Sigma Olomouc,Czechia,,820000,EUR,2030-06-30
1406539,Panagiotis Andreou,Omonia Nicosia,Cyprus,,565000,EUR,2029-05-31
1631907,Lucas Ferreira,Shakhtar Donetsk,Brazil,,7200000,EUR,2030-06-30
1638822,Jakub \u017bew\u0142akow,Legia Warszawa,Poland,,485000,EUR,2030-06-30
22801,Sivert Heltne Nilsen,Haugesund,Norway,,120000,EUR,2029-06-30
137095,Mario Kvesi\u0107,NK Celje,Bosnia & Herzegovina,,210000,EUR,2029-06-30
202032,Emre K\u0131l\u0131n\u00e7,Samsunspor,T\u00fcrkiye,,1000000,EUR,2028-06-30
327419,Saku Savolainen,Kuopion Palloseura,Finland,,240000,EUR,2026-12-31
355478,Paul Gartler,SK Rapid Wien,Austria,,485000,EUR,2027-06-30
557336,Radovan Pankov,Persija Jakarta,Serbia,,475000,EUR,2028-06-30
795128,Harold Moukoudi,AEK Athens,Cameroon,,6600000,EUR,2029-06-30
822170,Viktor Karl Einarsson,Breidablik K\u00f3pavogur,Iceland,,325000,EUR,
868268,Cherif Ndiaye,Samsunspor,Senegal,,5400000,EUR,2029-06-30
905374,Petros Ioannou,AEK Larnaca,Cyprus,,335000,EUR,2027-05-31
910378,Darko Hrka,NK Celje,Slovenia,,310000,EUR,2027-06-30
974076,Stavros Pilios,AEK Athens,Albania,,2200000,EUR,2027-06-30
1030954,Besnik Krasniqi,FC Drita,Kosovo,,97000,EUR,2028-06-30
1033264,Apostolos Konstantopoulos,Jagiellonia Bia\u0142ystok,Greece,,770000,EUR,2027-06-30
1036147,Kacper Trelowski,Rak\u00f3w Cz\u0119stochowa,Poland,,2400000,EUR,2029-06-30
1047268,Arttu L\u00f6tj\u00f6nen,Kuopion Palloseura,Finland,,140000,EUR,2026-12-31
1423459,Michal Gurgul,Lech Pozna\u0144,Poland,,4300000,EUR,2028-06-30
1425402,Vladyslav Zakharchenko,Dynamo Kyiv,Ukraine,,640000,EUR,2029-06-30
1471391,John Paul Dembe,SK Sigma Olomouc,Uganda,,350000,EUR,
1860094,Dominik Thaqi,HNK Rijeka,Croatia,,330000,EUR,2028-06-30
34317,Fabiano,Omonia Nicosia,Cyprus,,46000,EUR,2027-05-31
141203,Kevin Wimmer,\u0160K Slovan Bratislava,Austria,,235000,EUR,2027-06-30
179149,Jerry Voutilainen,Kuopion Palloseura,Finland,,155000,EUR,2026-12-31
280835,Marko Gruji\u0107,No team,Serbia,,1900000,EUR,
297324,Karol Angielski,Pogo\u0144 Szczecin,Poland,,390000,EUR,2027-06-30
796721,Viktor Orn Margeirsson,Breidablik K\u00f3pavogur,Iceland,,205000,EUR,2027-12-31
867727,Soner G\u00f6n\u00fcl,I\u011fd\u0131r FK,T\u00fcrkiye,,455000,EUR,2027-06-30
869413,Waldo Rubio Mar\u00edn,AEK Larnaca,Spain,,465000,EUR,2027-05-31
876681,Graeme Torrilla,Lincoln Red Imps,Gibraltar,,80000,EUR,2027-06-30
886854,Antonio Ivan\u010di\u0107,H\u0160K Zrinjski Mostar,Croatia,,245000,EUR,2027-05-31
927799,Alen Mustafi\u0107,\u0160K Slovan Bratislava,Bosnia & Herzegovina,,210000,EUR,2027-06-30
942690,Ji\u0159\u00ed Sp\u00e1\u010dil,SK Sigma Olomouc,Czechia,,440000,EUR,2028-06-30
978405,Jonas Auer,SK Rapid Wien,Austria,,430000,EUR,2027-06-30
995665,Kameron Ledwidge,Shelbourne,Ireland,,190000,EUR,2026-11-30
998835,Nathan Butler-Oyedeji,FC Lausanne-Sport,England,,835000,EUR,2028-06-30
1002518,P\u00e9ter Bar\u00e1th,SK Sigma Olomouc,Hungary,,2400000,EUR,
1111213,Raddy Ovouka,FC Drita,Congo Republic,,600000,EUR,2027-06-30
1119307,Milot Avdyli,NK Celje,Kosovo,,545000,EUR,2028-06-30
1138819,Filip Slav\u00ed\u010dek,SK Sigma Olomouc,Czechia,,815000,EUR,
1916304,Borna Filipovi\u0107,H\u0160K Posu\u0161je,Bosnia & Herzegovina,,220000,EUR,2028-05-31
109296,Pavel Kade\u0159\u00e1bek,AC Sparta Praha,Czechia,,900000,EUR,2027-06-30
117083,Stuart Armstrong,Aberdeen,Scotland,,185000,EUR,2027-05-31
190917,Mijat Ga\u0107inovi\u0107,AEK Athens,Serbia,,1400000,EUR,2028-06-30
227082,Petar Stojanovi\u0107,Legia Warszawa,Slovenia,,320000,EUR,2028-06-30
326791,Blerim Krasniqi,FC Drita,Albania,,310000,EUR,2028-06-30
331751,Riad Baji\u0107,AEK Larnaca,Bosnia & Herzegovina,,385000,EUR,2027-05-31
802844,Tihomir Kostadinov,SK Sigma Olomouc,North Macedonia,,355000,EUR,
834986,Robert Gumny,Lech Pozna\u0144,Poland,,765000,EUR,2027-06-30
886843,Toni Borevkovi\u0107,Samsunspor,Croatia,,2100000,EUR,2028-06-30
922371,Santiago Eneme,AC Sparta Praha,Equatorial Guinea,,2200000,EUR,
937741,Senou Coulibaly,Omonia Nicosia,Mali,,680000,EUR,2028-05-31
966555,Troy Parrott,AZ Alkmaar,Ireland,,23000000,EUR,2029-06-30
1005646,John McGovern,Shamrock Rovers,Northern Ireland,,355000,EUR,
1100817,Pedro Henrique,Shakhtar Donetsk,Brazil,,7800000,EUR,2030-12-31
1134410,Ivica Vidovi\u0107,H\u0160K Zrinjski Mostar,Croatia,,210000,EUR,2027-06-30
1146039,Adam \u0160evinsk\u00fd,AC Sparta Praha,Czechia,,4800000,EUR,
1149352,Nicholas Pozo,Boston United,Gibraltar,,105000,EUR,
1408999,Sergey Muradyan,FC Noah,Armenia,,540000,EUR,2027-06-30
1523556,Bob Nii Armah,Kuopion Palloseura,Ghana,,270000,EUR,2027-12-31
1524000,Gabriel Snaer,Breidablik K\u00f3pavogur,Iceland,,24000,EUR,2028-11-16
263505,Pere Pons,CE Sabadell,Spain,,580000,EUR,2027-06-30
335887,Filip Jagie\u0142\u0142o,Lech Pozna\u0144,Poland,,1100000,EUR,2027-06-30
547280,Ivi L\u00f3pez,No team,Spain,,560000,EUR,
580842,Filip Pan\u00e1k,Sparta Praha B U21,Czechia,,940000,EUR,
784673,Marko Toli\u0107,Zhejiang,Croatia,,1900000,EUR,
796161,David Sualehe,FC Noah,Portugal,,360000,EUR,
814820,Kamil J\u00f3\u017awiak,Jagiellonia Bia\u0142ystok,Poland,,420000,EUR,2027-06-30
834232,Trevor Clarke,Dundalk FC,Ireland,,115000,EUR,2027-11-30
883223,John Martin,Shelbourne,Ireland,,240000,EUR,2027-11-30
954090,\u00c1ngel Torres,Dynamo Kyiv,Colombia,,260000,EUR,2028-06-30
988276,Marco Burch,Servette FC,Switzerland,,1100000,EUR,2028-06-30
1029969,Mykola Kukharevych,\u0160K Slovan Bratislava,Ukraine,,1400000,EUR,2029-06-30
1099220,Youssuf Sylla,Jagiellonia Bia\u0142ystok,Belgium,,310000,EUR,2028-06-30
1188125,Niilo Kujasalo,Kuopion Palloseura,Finland,,210000,EUR,2027-12-31
1523953,\u0160imun Buti\u0107,N\u0160 Mura,Croatia,,370000,EUR,2027-06-30
1566213,Eaden Roka,SK Rapid Wien,Austria,,290000,EUR,2028-06-30
1863763,Rasmus Tikkanen,Kuopion Palloseura,Finland,,24000,EUR,2026-12-31
2048930,Victor Ozhianvuna,Shamrock Rovers,Ireland,,320000,EUR,
2237105,Tahsin B\u00fclb\u00fcl\u00a0,Samsunspor,T\u00fcrkiye,,220000,EUR,2030-06-30
68819,Radim Breite,SK Artis Brno,Czechia,,46000,EUR,
167541,Egzon Bejtulai,No team,North Macedonia,,480000,EUR,
319307,Simon Gustafson,MKS Korona Kielce,Sweden,,640000,EUR,2027-06-30
580638,Arkadiusz Reca,Legia Warszawa,Poland,,380000,EUR,2028-06-30
808992,\u00c1ngel Garc\u00eda,APOEL Nicosia,Spain,,205000,EUR,2027-05-31
851818,Mark Coyle,Coleraine FC,Ireland,,69000,EUR,2028-05-31
859393,Vladyslav Dubinchak,Dynamo Kyiv,Ukraine,,2600000,EUR,2028-06-30
889052,Willy Semedo,No team,Cape Verde,,1000000,EUR,
899902,Matheus Ai\u00e1s,Jeju SK,Brazil,,420000,EUR,
948251,Connor Malley,Shamrock Rovers,England,,155000,EUR,2027-11-30
970524,Marko Vranjkovi\u0107,H\u0160K Zrinjski Mostar,Croatia,,380000,EUR,
987805,Michal Beran,SK Sigma Olomouc,Czechia,,2300000,EUR,2030-06-30
997886,Karlo Abramovi\u0107,H\u0160K Zrinjski Mostar,Croatia,,410000,EUR,2027-07-31
1065117,Blerton Sheji,FC Drita,North Macedonia,,390000,EUR,2027-06-30
1190951,Saliou Thioune,\u0126amrun Spartans FC,Italy,,180000,EUR,2027-06-30
1199192,Petter Nosakhare Dahl,SK Rapid Wien,Norway,,2400000,EUR,2029-06-30
1382153,Bogdan Mir\u010deti\u0107,Rak\u00f3w Cz\u0119stochowa,Serbia,,1100000,EUR,2030-06-30
1390545,Eguinaldo,Shakhtar Donetsk,Brazil,,4800000,EUR,2028-06-30
1835892,Isaque,Shakhtar Donetsk,Brazil,,10000000,EUR,2030-06-30
1928472,Papa Daniel,NK Celje,Nigeria,,270000,EUR,2028-06-30
142395,Antonio \u010colak,Legia Warszawa,Croatia,,290000,EUR,2027-06-30
791831,Justas Lasickas,HNK Rijeka,Lithuania,,530000,EUR,2028-06-30
796014,Dejan Petrovi\u010d,Johor Darul Ta'zim,Slovenia,,955000,EUR,2030-06-30
834597,Jesper Karlsson,Bologna,Sweden,,2800000,EUR,2028-06-30
850770,Tasos Chatzigiovanis,Omonia Nicosia,Greece,,720000,EUR,2027-05-31
885730,Semir Smajlagi\u0107,No team,Bosnia & Herzegovina,,205000,EUR,
886062,Stefano Surdanovi\u0107,FC Koper,Austria,,380000,EUR,2028-05-31
905063,Marko Bulat,Rak\u00f3w Cz\u0119stochowa,Croatia,,2600000,EUR,2030-06-30
963802,J\u00e1chym \u0160\u00edp,SK Sigma Olomouc,Czechia,,730000,EUR,2030-06-30
975958,Alfonso Barco,HNK Rijeka,Peru,,900000,EUR,2028-06-30
978286,Oleksandr Tymchyk,Dynamo Kyiv,Ukraine,,3200000,EUR,2028-06-30
994105,Adamu Alhassan,No team,Nigeria,,360000,EUR,
1021083,Julius Lindberg,BK H\u00e4cken,Sweden,,1100000,EUR,2027-12-31
1063325,Yunus Emre \u00c7ift,Samsunspor,T\u00fcrkiye,,620000,EUR,2027-06-30
1065202,Harry Wood,Stockport County,England,,355000,EUR,2029-06-30
1148427,Rafael Compri,\u0126amrun Spartans FC,Brazil,,320000,EUR,2027-06-30
1159176,Timothy Ouma,SK Slavia Praha,Kenya,,945000,EUR,2029-06-30
1397170,Nino Marcelli,\u0160K Slovan Bratislava,Slovakia,,5900000,EUR,2028-06-30
1485599,Newerton Palmares,Shakhtar Donetsk,Brazil,,6700000,EUR,2028-06-30
1858330,Florjan Jevsenak,NK Celje,Slovenia,,325000,EUR,2028-06-30
66758,Gu\u00f0mundur \u00de\u00f3rarinsson,\u00cdA Akranes,Iceland,,240000,EUR,2028-12-31
283219,Adam Lundqvist,BK H\u00e4cken,Sweden,,580000,EUR,2026-12-31
307462,Pa Konate,\u00d6sterlen FF,Guinea,,275000,EUR,
359350,Ali Gholizadeh,Lech Pozna\u0144,Iran,,1900000,EUR,2027-06-30
369056,Vasile Mogo\u0219,No team,Romania,,375000,EUR,
839301,Vitaliy Lisakovich,No team,Belarus,,735000,EUR,
856749,Vitalie Dama\u0219can,Hapoel Jerusalem,Moldova,,360000,EUR,2027-06-30
860157,Leo Bengtsson,Lech Pozna\u0144,Sweden,,1900000,EUR,2028-06-30
890996,Merveille Ndockyt,HNK Rijeka,Congo Republic,,390000,EUR,2027-06-30
905174,Ibrahim Sadiq,AZ Alkmaar,Ghana,,2100000,EUR,2028-06-30
920972,Marin Ljubi\u0107,No team,Croatia,,165000,EUR,
991541,Liridon Balaj,FC Drita,Kosovo,,380000,EUR,2027-06-30
1006268,Matthias Seidl,SK Rapid Wien,Austria,,2400000,EUR,2027-06-30
1014575,Assad Al-Hamlawi,Universitatea Craiova,Palestine,,2200000,EUR,2028-06-30
1130793,Martin Suchomel,AC Sparta Praha,Czechia,,930000,EUR,
1170900,Mat\u011bj \u0160\u00edn,AZ Alkmaar,Czechia,,2700000,EUR,2030-06-30
1182513,Samuel Pasanen,Kuopion Palloseura,Finland,,105000,EUR,2026-12-31
1216815,Juraj Badelj,Universitatea Craiova,Croatia,,920000,EUR,2027-06-30
1510500,Hamza Abdallah,FC Lausanne-Sport,Comoros,,320000,EUR,2027-06-30
1804850,Alasana Yirajang,\u0160K Slovan Bratislava,Gambia,,905000,EUR,2030-06-30
122701,Roberto Pereyra,No team,Argentina,,680000,EUR,
168749,Filip Helander,BK H\u00e4cken,Sweden,,465000,EUR,2028-12-31
280471,Kerim Memija,Persija Jakarta,Bosnia & Herzegovina,,325000,EUR,2028-06-30
577266,Brice Wembangomo,BK H\u00e4cken,Norway,,1100000,EUR,2028-06-30
791080,\u0110or\u0111e Ivanovi\u0107,AEK Larnaca,Serbia,,1000000,EUR,2027-05-31
807315,Sean Boyd,Shelbourne,Ireland,,145000,EUR,2027-11-30
892206,H\u00e9lder Ferreira,FC Noah,Portugal,,930000,EUR,2027-06-30
947853,Tyler Burey,No team,England,,220000,EUR,
985134,Eduardo Guerrero,Dynamo Kyiv,Panama,,2600000,EUR,2029-06-30
987620,Leo Miki\u0107,FK Sarajevo,Croatia,,275000,EUR,2028-06-30
1002005,Vladislav Bl\u0103nu\u021b\u0103,Dynamo Kyiv,Romania,,950000,EUR,2030-06-30
1126860,Sanders Ngabo,BK H\u00e4cken,Denmark,,825000,EUR,2029-12-31
1386461,Elijah Dijkstra,AZ Alkmaar,Netherlands,,5600000,EUR,2029-06-30
1513549,Kornel Lisman,Venezia,Poland,,580000,EUR,2030-06-30
1536342,Wojciech Urba\u0144ski,Legia Warszawa,Poland,,635000,EUR,2028-12-31
1548929,Oskar Pietuszewski,FC Porto,Poland,,26000000,EUR,2031-06-30
1561784,Aliou Thiare,Dynamo Kyiv,Senegal,,930000,EUR,2029-06-30
1935049,Mohamed Toure,FC Viktoria Plze\u0148,Guinea,,2100000,EUR,2029-06-30
2020718,Enzo Kana-Biyik,Manchester United U21,France,,455000,EUR,2030-06-30
2125619,Jorgo P\u00ebllumbi,FC Drita,Albania,,465000,EUR,2027-06-30
186745,Chambos Kyriakou,AEK Larnaca,Cyprus,,495000,EUR,2028-05-31
770399,Robert Mudra\u017eija,GNK Dinamo Zagreb,Croatia,,980000,EUR,2028-06-30
825274,Ryan Mmaee,Atlas FC,Morocco,,2100000,EUR,
852471,Bruno Bogojevi\u0107,HNK Gorica,Croatia,,550000,EUR,2027-06-30
862988,Artem Avanesyan,No team,Armenia,,160000,EUR,
876867,Neven \u0110urasek,H\u0160K Zrinjski Mostar,Croatia,,370000,EUR,2027-06-30
877560,Tyreke Wilson,Dundalk FC,Ireland,,185000,EUR,
881125,Sebastjan Spahiu,KF Shk\u00ebndija,Albania,,240000,EUR,2027-06-30
885512,Kike G\u00f3mez,Lincoln Red Imps,Philippines,,94000,EUR,2027-08-31
891420,Dominik Jano\u0161ek,SK Sigma Olomouc,Czechia,,630000,EUR,2027-06-30
909618,Alex Douglas,Lech Pozna\u0144,Sweden,,850000,EUR,2027-06-30
930247,Alpha Diounkou,NK Celje,Senegal,,670000,EUR,2028-06-30
997082,Oleg Ocheretko,Shakhtar Donetsk,Ukraine,,7200000,EUR,2030-12-31
1139268,Matej \u0160akota,H\u0160K Zrinjski Mostar,Bosnia & Herzegovina,,680000,EUR,2027-05-31
1150242,Dimitrios Kaloskamis,AEK Athens,Greece,,1900000,EUR,2030-06-30
1154114,Yannick Agnero,Lech Pozna\u0144,C\u00f4te d'Ivoire,,1500000,EUR,2030-06-30
1423483,Ante Su\u0161ak,NK Rude\u0161,Croatia,,210000,EUR,2028-05-31
1503765,Isak Brusberg,Rak\u00f3w Cz\u0119stochowa,Sweden,,525000,EUR,2030-06-30
1546458,Derrick Agyei,KTP,Ghana,,49000,EUR,2027-12-31
40963,Jeroen Zoet,AZ Alkmaar,Netherlands,,230000,EUR,2027-06-30
357638,Amer Gojak,HNK Rijeka,Bosnia & Herzegovina,,620000,EUR,2028-06-30
803025,Carel Eiting,Omonia Nicosia,Netherlands,,1300000,EUR,2027-05-31
882730,Marijan \u0106avar,H\u0160K Zrinjski Mostar,Bosnia & Herzegovina,,385000,EUR,2027-05-31
909631,Nicky Beloko,FC Lausanne-Sport,Switzerland,,770000,EUR,2028-06-30
921140,Bendeg\u00faz Bolla,SK Rapid Wien,Hungary,,2900000,EUR,2027-06-30
924969,Eric Boakye,FC Noah,Ghana,,630000,EUR,2028-06-30
927279,Marco Tilio,SK Rapid Wien,Australia,,485000,EUR,2029-06-30
928431,Jo\u00e3o Moutinho,Lech Pozna\u0144,Portugal,,640000,EUR,2027-06-30
942382,Peter Pokorn\u00fd,\u0160K Slovan Bratislava,Slovakia,,1600000,EUR,2029-06-30
954043,Leighton Clarkson,Blackpool,England,,670000,EUR,2028-06-30
963398,Janis Antiste,Sassuolo,Martinique,,1000000,EUR,
1001957,Oleksandr Yatsyk,FC Kharkiv,Ukraine,,940000,EUR,2030-06-30
1087830,Artur Gajdo\u0161,\u0160K Slovan Bratislava,Slovakia,,1100000,EUR,2028-06-30
1109961,Rahim Ibrahim,\u0160K Slovan Bratislava,Ghana,,1900000,EUR,2028-12-31
1124624,Albion Rrahmani,Venezia,Kosovo,,7200000,EUR,2029-06-30
1130937,Ga\u0161per Vodeb,NK Celje,Slovenia,,46000,EUR,2028-06-30
1149939,Dylan Lobban,Aberdeen,Scotland,,275000,EUR,2028-06-30
1499691,Rion Ichihara,AZ Alkmaar,Japan,,1600000,EUR,2031-06-30
1535558,Daniel Gleiber,1. FC Saarbr\u00fccken,Germany,,325000,EUR,2027-06-30
79083,Jan Navr\u00e1til,SK Artis Brno,Czechia,,48000,EUR,2027-06-30
138273,Kamer Qaka,FK Partizani,Albania,,190000,EUR,2027-06-30
239060,Aron Bjarnason,Breidablik K\u00f3pavogur,Iceland,,260000,EUR,2027-11-16
802281,Kevin Nisbet,Aberdeen,Scotland,,1200000,EUR,2028-06-30
840529,Vladimir Screciu,Universitatea Craiova,Romania,,2600000,EUR,2027-06-30
847822,Juanje Arg\u00fcez,Lincoln Red Imps,Spain,,73000,EUR,2027-06-30
850088,Jovan \u010ca\u0111enovi\u0107,FK Sutjeska Nik\u0161i\u0107,Montenegro,,310000,EUR,2027-06-01
855824,Kerr McInroy,Shelbourne,Scotland,,315000,EUR,2026-11-30
858266,Logi Tomasson,Samsunspor,Iceland,,2900000,EUR,2029-06-30
879682,Rafael Mu\u00f1oz,Malaga Juniors FC,Spain,,46000,EUR,
897598,Ante Palaversa,Aberdeen,Croatia,,590000,EUR,2027-05-31
902681,Enzo Cabrera,AEK Larnaca,Argentina,,985000,EUR,2027-05-31
904852,Yukhym Konoplya,Borussia M'gladbach,Ukraine,,5400000,EUR,2029-06-30
965260,Anzor Mekvabishvili,Universitatea Craiova,Georgia,,2100000,EUR,2028-06-30
1017655,Alexander Jensen,IF Elfsborg,Denmark,,1600000,EUR,2030-06-30
1020202,Carlos Mora,Universitatea Craiova,Costa Rica,,1900000,EUR,2028-06-30
1031451,Ilir Mustafa,FC Drita,Kosovo,,260000,EUR,2027-06-30
1129370,Gor Manvelyan,FC Noah,Armenia,,330000,EUR,2027-06-30
1384438,Lewis Temple,Bolton Wanderers,Ireland,,96000,EUR,2028-06-30
67227,Andri Yeoman,Breidablik K\u00f3pavogur,Iceland,,46000,EUR,2026-12-31
74873,Graeme Shinnie,Inverness Caledonian Thistle,Scotland,,93000,EUR,2028-05-31
137682,Oleksandr Karavaiev,Shakhtar Donetsk,Ukraine,,920000,EUR,2028-06-30
229678,Alexandru Cre\u021bu,Universitatea Craiova,Romania,,360000,EUR,2028-06-30
886867,Arbin Zejnullai,KF Shk\u00ebndija,Albania,,430000,EUR,2028-06-30
912182,Paulius Golubickas,FK \u017dalgiris,Lithuania,,360000,EUR,2029-12-31
918421,Niklas Hedl,SK Rapid Wien,Austria,,1300000,EUR,2027-06-30
927586,Daniel Kelly,Shelbourne,Ireland,,165000,EUR,2026-11-30
945739,Stijn Meijer,No team,Netherlands,,105000,EUR,
950892,Victor Villaca\u00f1as Morales,No team,Spain,,105000,EUR,
976407,\u0160t\u011bp\u00e1n Langer,FC Zbrojovka Brno,Czechia,,315000,EUR,
989887,Serge-Philippe Raux-Yao,SK Rapid Wien,France,,3700000,EUR,2028-06-30
1022355,Ademipo Odubeko,Shelbourne,Ireland,,140000,EUR,2026-11-30
1126520,Simion Michez,SK Slavia Praha B,Cameroon,,580000,EUR,2028-06-30
1129537,Dominik Weixelbraun,SC Austria Lustenau,Austria,,390000,EUR,2027-06-30
1149220,Jakob Sch\u00f6ller,SK Rapid Wien,Austria,,1900000,EUR,2028-06-30
1155400,Andreas Christou,Omonia Nicosia,Cyprus,,290000,EUR,2028-05-31
1162592,Pontus Dahbo,BK H\u00e4cken,Sweden,,2100000,EUR,2027-12-31
1648756,Ayoub Oufkir,AZ Alkmaar,Netherlands,,2800000,EUR,2030-06-30
2216420,Ebrima Ceesay,Samsunspor,Gambia,,47000,EUR,2028-06-30
139152,Pawe\u0142 Wszo\u0142ek,Legia Warszawa,Poland,,215000,EUR,2027-06-30
139254,Matija Boben,NK Aluminij Kidri\u010devo,Slovenia,,185000,EUR,2027-06-30
842556,Hovhannes Harutyunyan,Pyunik Yerevan,Armenia,,325000,EUR,
852435,Tudor B\u0103lu\u021b\u0103,Universitatea Craiova,Romania,,1600000,EUR,2027-06-30
879184,Dav\u00ed\u00f0 Ingvarsson,Breidablik K\u00f3pavogur,Iceland,,130000,EUR,2026-11-16
911719,Lassina Traor\u00e9,Shakhtar Donetsk,Burkina Faso,,7500000,EUR,2031-06-30
942070,Merlin Hadzi,NK Rude\u0161,Switzerland,,180000,EUR,
976127,Louka Prip,Hvidovre,Denmark,,550000,EUR,2028-06-30
981192,Daniel H\u00e5kans,Lech Pozna\u0144,Finland,,1600000,EUR,2028-06-30
983596,Muhamed Tijani,\u00dajpest,Nigeria,,740000,EUR,
1009281,Ariel Mos\u00f3r,MKS Korona Kielce,Poland,,660000,EUR,2030-06-30
1050245,Dan Lagumdzija,H\u0160K Zrinjski Mostar,Croatia,,360000,EUR,2027-06-30
1102081,Steven Nsimba,Universitatea Craiova,France,,1100000,EUR,2027-06-30
1169124,Garang Kuol,AC Sparta Praha,Australia,,1100000,EUR,2029-06-30
1381973,Kyle Clinton,FC Bruno's Magpies,Gibraltar,,26000,EUR,2027-06-30
1383377,Akseli Puukko,Kuopion Palloseura,Finland,,160000,EUR,
1518093,Severin Nioule,RC Sporting Charleroi,C\u00f4te d'Ivoire,,465000,EUR,2029-06-30
1638685,Mateo Ch\u00e1vez,AZ Alkmaar,Mexico,,4099999,EUR,2030-06-30
1647589,Shola Ogundana,Dynamo Kyiv,Nigeria,,860000,EUR,2029-06-30
2312772,Oniks Grezda,FC Drita,Albania,,145000,EUR,2028-06-30
36316,Petteri Pennanen,Kuopion Palloseura,Finland,,105000,EUR,2027-12-31
37126,Stevan Joveti\u0107,No team,Montenegro,,215000,EUR,
279521,Gustav Engvall,Kuopion Palloseura,Sweden,,155000,EUR,2026-12-31
341833,Claude Gon\u00e7alves,NK Maribor,Portugal,,220000,EUR,2028-06-30
576080,Lukas Grgi\u0107,No team,Austria,,580000,EUR,
799677,Andrej Kotnik,NK Celje,Slovenia,,330000,EUR,2027-06-30
858888,Imran Oulad Omar,Dinamo Batumi,Morocco,,630000,EUR,
904859,Dmytro Kryskiv,Shakhtar Donetsk,Ukraine,,3800000,EUR,2030-12-31
921289,Artur Dolznikov,SK Sigma Olomouc,Lithuania,,335000,EUR,2027-12-31
927616,Timothy Fayulu,FC Sion,DR Congo,,750000,EUR,2027-06-30
934255,Valgeir Valgeirsson,Breidablik K\u00f3pavogur,Iceland,,290000,EUR,2028-11-16
940729,Florent Ramadani,KF Shk\u00ebndija,North Macedonia,,245000,EUR,2028-06-30
993936,Joshua Honohan,Lincoln City,Ireland,,240000,EUR,
1082436,Kemelho Nguena,FC Drita,France,,260000,EUR,2027-06-30
1103971,Danilo Al-Saed,BK H\u00e4cken,Iraq,,650000,EUR,2028-06-30
1127213,Evangelos Andreou,Apollon Limassol,Cyprus,,365000,EUR,2029-05-31
1200406,Valent\u00edn Gasc,Kuopion Palloseura,Argentina,,290000,EUR,2027-12-31
1513806,Anes Meljichi,KF Shk\u00ebndija,North Macedonia,,415000,EUR,2027-05-31
1888815,Dimitris Rallis,Jagiellonia Bia\u0142ystok,Greece,,530000,EUR,2028-06-30
2328153,Mike Arthur,FC Drita,Ghana,,160000,EUR,2030-06-30
69351,Soner Aydo\u011fdu,Bursaspor,T\u00fcrkiye,,97000,EUR,2027-06-30
186987,Olivier Custodio,FC Lausanne-Sport,Switzerland,,430000,EUR,
319149,Marin Jakoli\u0161,FC Noah,Croatia,,825000,EUR,2027-06-30
801023,Vesel Limaj,FC Drita,Germany,,420000,EUR,2027-06-30
827688,Jannes Horn,SK Rapid Wien,Germany,,1200000,EUR,2027-06-30
840717,Aaron McEneff,Glentoran FC,Ireland,,290000,EUR,2027-05-31
846441,R\u00faben Vinagre,Legia Warszawa,Portugal,,1400000,EUR,2028-06-30
866484,Ederson,\u0126amrun Spartans FC,Brazil,,49000,EUR,2027-06-30
890634,Novica Erakovi\u0107,No team,Montenegro,,430000,EUR,
902070,Giorgos Naoum,AEK Larnaca,Cyprus,,330000,EUR,2028-05-31
942334,Kacper Chodyna,Legia Warszawa,Poland,,370000,EUR,2028-06-30
991366,Kusini Yengi,Aberdeen,Australia,,320000,EUR,2028-05-31
997215,Marko Lazeti\u0107,FC Noah,Serbia,,970000,EUR,
1006066,Nazar Voloshyn,Dynamo Kyiv,Ukraine,,5200000,EUR,2028-06-30
1050378,Jakov Pranjic,NK Celje,Croatia,,415000,EUR,2028-06-30
1123612,Vane Krstevski,KF Shk\u00ebndija,North Macedonia,,190000,EUR,2027-06-30
1123855,Patrik Vydra,AC Sparta Praha,Czechia,,7500000,EUR,
1187440,Boubacar Sidik Dabo,B36 T\u00f3rshavn,Senegal,,115000,EUR,
1382909,Adrian Svanback,BK H\u00e4cken,Finland,,1900000,EUR,2029-12-31
1799485,Michael Noonan,Shamrock Rovers,Ireland,,490000,EUR,2027-11-30
54979,Besart Ibraimi,KF Shk\u00ebndija,North Macedonia,,155000,EUR,
64386,Kristinn Steindorsson,Breidablik K\u00f3pavogur,Iceland,,53000,EUR,2026-11-16
97952,Mevlan Murati,KF Shk\u00ebndija,North Macedonia,,73000,EUR,2027-06-30
283831,Petar Mami\u0107,H\u0160K Zrinjski Mostar,Croatia,,260000,EUR,2028-05-31
285975,Domantas \u0160imkus,Marsaxlokk FC,Lithuania,,320000,EUR,2027-06-30
344177,Alen Grgi\u0107,NK Slaven Belupo,Croatia,,415000,EUR,2027-06-15
795169,Luka Menalo,Persib Bandung,Bosnia & Herzegovina,,410000,EUR,2027-06-30
858600,Imad Rondi\u0107,1. FC K\u00f6ln,Bosnia & Herzegovina,,690000,EUR,2029-06-30
888057,Ed McGinty,Shamrock Rovers,Ireland,,320000,EUR,
894463,Leonardo Rocha,JEF United Chiba,Portugal,,750000,EUR,
895011,Matias Garcia,\u0126amrun Spartans FC,Malta,,370000,EUR,
998972,Fiton Ademi,KF Llapi,North Macedonia,,310000,EUR,2028-06-30
1046302,Alban Ajdini,FC Lausanne-Sport,Kosovo,,480000,EUR,2027-06-30
1142416,Anton Glushchenko,Shakhtar Donetsk,Ukraine,,285000,EUR,2028-06-30
1144266,Ante Matej Juri\u0107,HNK Rijeka,Croatia,,825000,EUR,2028-06-30
1423502,Toni Maji\u0107,H\u0160K Zrinjski Mostar,Croatia,,140000,EUR,2028-06-30
1590941,Kasper Boogaard,AZ Alkmaar,Netherlands,,2300000,EUR,2029-06-30
1887752,Aleksander Trumci,KF Shk\u00ebndija,Albania,,485000,EUR,2027-06-14
1897251,Nikolaus Wurmbrand,SK Rapid Wien,Austria,,5300000,EUR,2028-06-30
134365,Moses Odubajo,Omonia Nicosia,England,,315000,EUR,2027-05-31
280461,Lyes Houri,Dinamo Tbilisi,France,,525000,EUR,
338695,Amor Layouni,AEK Larnaca,Tunisia,,555000,EUR,2028-05-31
892955,Ellis Chapman,Derry City,England,,160000,EUR,
895631,Claudy Mbuyi,SK Rapid Wien,France,,1300000,EUR,2028-06-30
909061,David Castro,NK Celje,Spain,,185000,EUR,2027-06-30
1014588,Patrik W\u00e5lemark,Lech Pozna\u0144,Sweden,,2400000,EUR,2029-06-30
1083777,Kacper Tobiasz,No team,Poland,,640000,EUR,
1091628,Nicolas Milanovi\u0107,Aberdeen,Australia,,580000,EUR,2028-06-30
1100965,Samed Ba\u017edar,Real Zaragoza,Bosnia & Herzegovina,,1600000,EUR,2029-06-30
1103241,Kevin-Prince Milla,FK Jablonec,Cameroon,,435000,EUR,2027-06-30
1120017,Gabriel Rukavina,HNK Rijeka,Croatia,,515000,EUR,2028-06-30
1153117,Mexx Meerdink,AZ Alkmaar,Netherlands,,8300000,EUR,2030-06-30
1173794,Salifu Ibrahim,Wolaita Dicha FC,Benin,,110000,EUR,
1175898,Otto Ruoppi,1. FSV Mainz 05,Finland,,1000000,EUR,2030-06-30
1397549,Atdhe Mazari,NK Vara\u017edin,Albania,,145000,EUR,2027-05-31
1434582,Aleksey Ploshchadnyi,No team,Russia,,165000,EUR,
1513676,Prosper Obah,Shakhtar Donetsk,Nigeria,,4200000,EUR,2030-12-31
1931626,Hugo Sochurek,AC Sparta Praha,Czechia,,3300000,EUR,
127712,Tomi Juri\u0107,H\u0160K Zrinjski Mostar,Australia,,97000,EUR,
146552,Ryan Camenzuli,\u0126amrun Spartans FC,Malta,,290000,EUR,2027-06-30
147138,Pico,Shamrock Rovers,Cape Verde,,260000,EUR,
166987,Andra\u017e \u0160porar,\u0160K Slovan Bratislava,Slovenia,,1600000,EUR,2028-06-30
171625,Jure Balkovec,Omonia Nicosia,Slovenia,,640000,EUR,2027-05-31
795251,Mats Knoester,Aberdeen,Netherlands,,640000,EUR,2029-05-31
890649,Endrit Krasniqi,KF Shk\u00ebndija,Kosovo,,310000,EUR,
930511,Daniel Grant,Shamrock Rovers,Ireland,,270000,EUR,2026-11-30
1001667,Samuel Teles,Universitatea Craiova,Portugal,,1100000,EUR,2027-06-30
1025669,Topi Keskinen,Odense Boldklub,Finland,,1400000,EUR,2031-06-30
1047014,Agon Sadiku,No team,Finland,,230000,EUR,
1128497,Evan Caffrey,Shelbourne,Ireland,,165000,EUR,2027-11-30
1129179,Jack Milne,Aberdeen,Scotland,,1600000,EUR,2029-05-31
1138128,Shaisen Attard,\u0126amrun Spartans FC,Malta,,230000,EUR,
1148468,Weslley Patati,AZ Alkmaar,Brazil,,4700000,EUR,2030-06-30
1211028,Dawid Drachal,Jagiellonia Bia\u0142ystok,Poland,,470000,EUR,2028-06-30
1212015,Fabrice Tamba,KF Shk\u00ebndija,Senegal,,580000,EUR,2028-06-30
1392809,Mohamed Yasser,SK Sigma Olomouc,Egypt,,390000,EUR,2027-06-30
1429107,Math\u00edas Gonz\u00e1lez,Omonia Aradippou,Venezuela,,140000,EUR,2027-05-31
94826,Nermin Zoloti\u0107,SC Farense,Bosnia & Herzegovina,,275000,EUR,2027-06-30
109785,Aaron Greene,Shamrock Rovers,Ireland,,52000,EUR,
150140,Tobias Thomsen,HB K\u00f8ge,Denmark,,160000,EUR,2028-06-30
151739,Jan Kliment,SK Sigma Olomouc,Czechia,,420000,EUR,2028-06-30
790567,Nicky Devlin,Aberdeen,Scotland,,210000,EUR,2027-05-31
824139,Jan Kuchta,AC Sparta Praha,Czechia,,2800000,EUR,
868285,Yahav Garfinkel,AEK Larnaca,Israel,,1300000,EUR,2028-05-31
886127,Afimico Pululu,No team,DR Congo,,4300000,EUR,
900127,Kristal Abazaj,FC Drita,Albania,,300000,EUR,2027-06-30
937325,Daniel Va\u0161ul\u00edn,FC Zbrojovka Brno,Czechia,,810000,EUR,
976373,Kristian Bilovar,Dynamo Kyiv,Ukraine,,1500000,EUR,2028-06-30
988833,Bryan Fiabema,Lech Pozna\u0144,Norway,,275000,EUR,2027-06-30
1000581,Andres Dumitrescu,FC Petrolul Ploie\u0219ti,Romania,,430000,EUR,2027-06-30
1009284,Gabriel Kobylak,GKS Katowice,Poland,,245000,EUR,2028-06-30
1025993,\u00deorleifur \u00dalfarsson,Loudoun United FC,Iceland,,310000,EUR,2027-11-30
1394226,Mat\u011bj Mikulenka,SK Sigma Olomouc,Czechia,,855000,EUR,2029-06-30
1396499,Milan Mbeng,Shelbourne,France,,180000,EUR,2027-11-30
1518820,Emmanuel Gyamfi,Aberdeen,Germany,,210000,EUR,2029-05-31
1886702,Ben Zidane,No team,C\u00f4te d'Ivoire,,97000,EUR,
279445,Dan Cleary,Shamrock Rovers,Ireland,,290000,EUR,
802859,Dimitar Mitov,Aberdeen,Bulgaria,,835000,EUR,2027-06-30
878471,Nenad Cvetkovi\u0107,SK Rapid Wien,Serbia,,1300000,EUR,2028-06-30
943278,Frantzdy Pierrot,AEK Athens,Haiti,,1400000,EUR,2027-06-30
964140,Jakub Surov\u010d\u00edk,AC Sparta Praha,Slovakia,,1700000,EUR,2027-06-30
981802,Darragh Nugent,St. Patrick's Athletic,Ireland,,160000,EUR,2027-11-30
996734,Tobias Fjeld Gulliksen,SK Rapid Wien,Norway,,2100000,EUR,2029-06-30
1019957,Steve Kapuadi,Widzew \u0141\u00f3d\u017a,DR Congo,,2600000,EUR,2030-06-30
1121279,David Tk\u00e1\u010d,SK Sigma Olomouc,Czechia,,205000,EUR,2029-06-30
1138152,Nikolai Micallef,Sliema Wanderers,Malta,,140000,EUR,
1187130,Olle Samuelsson,BK H\u00e4cken,Sweden,,530000,EUR,2029-12-31
1397134,Valentyn Rubchynskyi,Dynamo Kyiv,Ukraine,,775000,EUR,2028-06-30
1426622,Luca B\u0103sceanu,Universitatea Craiova,Romania,,620000,EUR,2029-06-30
1503303,Seydou Traore,FC Lausanne-Sport,C\u00f4te d'Ivoire,,620000,EUR,2027-06-30
1517711,Martin Ndzie,SK Rapid Wien,Cameroon,,935000,EUR,2029-06-30
1855215,Max Kovaleskis,Shamrock Rovers,Ireland,,69000,EUR,
56883,Rory Gaffney,Shamrock Rovers,Ireland,,77000,EUR,2026-11-30
234230,Florent Mollet,FC Lausanne-Sport,France,,310000,EUR,2027-06-30
337301,Zoran Arseni\u0107,Legia Warszawa,Croatia,,390000,EUR,2028-06-30
360892,Nauzet Garcia,Lincoln Red Imps,Spain,,71000,EUR,2027-06-30
556474,Joseph Mbong,Hibernians,Malta,,435000,EUR,
791170,Maryan Shved,Shakhtar Donetsk,Ukraine,,765000,EUR,2027-06-30
795899,Ognjen \u010can\u010darevi\u0107,FK IMT Beograd,Armenia,,77000,EUR,
834180,Nikola Stevanovi\u0107,Universitatea Craiova,Serbia,,875000,EUR,2027-06-30
938675,Laurit Behluli,FC Drita,Kosovo,,71000,EUR,2028-06-30
941892,Ilija Ma\u0161i\u0107,CFR 1907 Cluj,Bosnia & Herzegovina,,205000,EUR,
965818,Niko Jankovi\u0107,HNK Rijeka,Croatia,,3400000,EUR,2029-01-15
966999,Ayman El Ghobashy,Fursan Hispania FC,Egypt,,49000,EUR,
976366,Kostiantyn Vivcharenko,Dynamo Kyiv,Ukraine,,2600000,EUR,2028-06-30
985721,Fahd Ndzengue,KF Shk\u00ebndija,Gabon,,265000,EUR,2027-12-31
999133,James Norris,Shelbourne,England,,180000,EUR,
1033514,Joslyn Luyeye-Lutumba,Kuopion Palloseura,Finland,,275000,EUR,2026-12-31
1035622,Anton Logi L\u00fa\u00f0v\u00edksson,Breidablik K\u00f3pavogur,Iceland,,320000,EUR,2028-12-31
1067195,Tornike Morchiladze,HNK Rijeka,Georgia,,380000,EUR,2028-06-30
1390889,Cory O'Sullivan,Shamrock Rovers,Ireland,,230000,EUR,
64548,Gudmundur Magnusson,UMF Njar\u00f0v\u00edk,Iceland,,27000,EUR,2026-11-16
102624,Luke Ayling,Middlesbrough,England,,360000,EUR,2027-06-30
120538,Jannik Vestergaard,No team,Denmark,,970000,EUR,
197428,Danny Ward,Wrexham,Wales,,580000,EUR,2027-06-30
328701,Ryan Manning,Southampton,Ireland,,3000000,EUR,2027-06-30
340713,Matt Grimes,Coventry City,England,,5200000,EUR,2028-06-30
377166,Dillon Phillips,Hull City,England,,195000,EUR,2027-06-30
591620,Joe Lumley,Sheffield Wednesday,England,,410000,EUR,2028-06-30
808680,Harry Souttar,Leicester City,Australia,,3600000,EUR,2028-06-30
965943,Imr\u00e2n Louza,Watford,Morocco,,12900000,EUR,2028-06-30
980637,Taylor Harwood-Bellis,Southampton,England,,22000000,EUR,2028-06-30
1014841,Aidan Morris,Middlesbrough,USA,,10300000,EUR,2028-06-30
1048265,Daniel Peretz,Southampton,Israel,,3900000,EUR,2030-06-30
1146464,Lorik Kaba Jakupi,FK Arsimi 1973,North Macedonia,,69000,EUR,
1405747,Mathijs Menu,Jong AZ Alkmaar,Netherlands,,240000,EUR,2027-06-30
1514356,Marian Faryna,Shakhtar Donetsk,Ukraine,,340000,EUR,2029-06-30
1526938,Giorgio Puzzoli,Fiorentina U20,Italy,,435000,EUR,2028-06-30
1938983,Engjell Sylejmani,Dukagjini,Serbia,,27000,EUR,
1941359,Eryk Koz\u0142owski,Jagiellonia Bia\u0142ystok,Poland,,215000,EUR,2027-06-30
2049628,Sidoine Fogning,Boavista,Cameroon,,240000,EUR,
75756,Kenny McLean,Norwich City,Scotland,,380000,EUR,2028-06-30
358220,Jake Cooper,Millwall,England,,1700000,EUR,2027-06-30
373240,Lawrence Vigouroux,Swansea City,Chile,,410000,EUR,2028-06-30
548194,Dael Fry,Birmingham City,England,,4099999,EUR,2029-06-30
561430,Viktor Johansson,Stoke City,Sweden,,11600000,EUR,2030-06-30
775063,Ben Whiteman,Preston North End,England,,2100000,EUR,2027-06-30
837011,Victor Torp,Coventry City,Denmark,,14500000,EUR,
837495,Gustavo Hamer,Sheffield United,Netherlands,,14700000,EUR,2027-06-30
848457,William Mannion,Charlton Athletic,England,,390000,EUR,2027-06-30
856719,Dara O'Shea,Ipswich Town,Ireland,,17000000,EUR,2030-06-30
920518,Robert Atkinson,Bristol City,England,,2400000,EUR,2028-06-30
978728,Jacob Widell Zetterstr\u00f6m,Derby County,Sweden,,2400000,EUR,2027-06-30
978927,Tatsuhiro Sakamoto,Coventry City,Japan,,4300000,EUR,2027-06-30
1005800,Carl Rushworth,Brighton & Hove Albion,England,,15500000,EUR,2027-06-30
1007093,Femi Azeez,Millwall,Nigeria,,14500000,EUR,2028-06-30
1008471,Hayden Hackney,Everton,England,,35000000,EUR,2031-06-30
1019061,Mohamed Tour\u00e9,Norwich City,Australia,,8400000,EUR,2030-06-30
1033352,Bobby Thomas,Coventry City,England,,16500000,EUR,2029-06-30
1049459,Alfie Devine,Preston North End,England,,8199999,EUR,2031-06-30
1066311,Caleb Taylor,Millwall,England,,4600000,EUR,
23562,Richard O'Donnell,Derby County,England,,45000,EUR,2027-06-30
45682,Barry Bannan,Sheffield Wednesday,Scotland,,210000,EUR,2027-06-30
84258,Marlon Pack,Portsmouth,England,,105000,EUR,2027-06-30
228374,Sondre Tronstad,No team,Norway,,1000000,EUR,
372522,Cameron Brannagan,Oxford United,England,,740000,EUR,
802697,Rob Dickie,Bristol City,England,,1500000,EUR,2028-06-30
856495,Azor Matusiwa,Ipswich Town,Netherlands,,12800000,EUR,2029-06-30
862796,Ben Wilmot,Stoke City,England,,5900000,EUR,2027-06-30
865554,Christoph Klarer,Birmingham City,Austria,,7200000,EUR,2029-06-30
886802,C\u00e9dric Kipr\u00e9,Ipswich Town,C\u00f4te d'Ivoire,,1800000,EUR,2028-06-30
907070,Todd Cantwell,Blackburn Rovers,England,,2700000,EUR,2027-06-30
921005,Jack Clarke,Ipswich Town,England,,21000000,EUR,2029-06-30
921006,Liam Kitching,Coventry City,England,,15200000,EUR,2027-06-30
938306,Nicolas Madsen,Queens Park Rangers,Denmark,,5200000,EUR,2029-06-30
952461,Sam McCallum,Sheffield United,England,,1900000,EUR,2028-06-30
990821,Jacob Greaves,Ipswich Town,England,,13400000,EUR,2029-06-30
1096460,Lloyd Jones,Charlton Athletic,England,,1100000,EUR,2027-06-30
1131449,Shea Charles,Southampton,Northern Ireland,,14500000,EUR,2027-06-30
1154937,Pierce Charles,Queens Park Rangers,Northern Ireland,,970000,EUR,2027-05-31
1402791,Stephen Mfuni,Manchester City U21,England,,1400000,EUR,
98454,Jack Robinson,Birmingham City,England,,365000,EUR,2027-06-30
197904,Max Crocombe,Millwall,New Zealand,,1000000,EUR,
351498,Alex Mowatt,West Bromwich Albion,England,,1200000,EUR,2027-06-30
368134,Matt Targett,No team,England,,2800000,EUR,
557614,Ebou Adams,Portsmouth,Gambia,,725000,EUR,2028-06-30
788264,Ben Killip,Portsmouth,England,,95000,EUR,2027-06-30
796986,Daniel Iversen,Preston North End,Denmark,,2400000,EUR,2029-06-30
806201,Kai Wagner,Philadelphia Union,Germany,,2100000,EUR,2029-06-30
872321,Joe Ward,Derby County,England,,620000,EUR,2027-06-30
920393,Nathaniel Phillips,West Bromwich Albion,England,,2400000,EUR,2028-06-30
963493,Leif Davis,Ipswich Town,England,,21000000,EUR,2029-06-30
964115,Adam Randell,Bristol City,England,,2800000,EUR,2029-06-30
979565,Jack Rudoni,Coventry City,England,,21000000,EUR,2028-06-30
1007067,Finn Azaz,Southampton,Ireland,,18700000,EUR,2029-06-30
1014623,George Thomason,Wrexham,England,,2400000,EUR,2028-06-30
1018087,Tristan Crama,Millwall,France,,12400000,EUR,2028-06-30
1101358,Daniel Imray,Crystal Palace U21,England,,725000,EUR,
1101989,Radek Vitek,Manchester United,Czechia,,5400000,EUR,2028-06-30
1138398,Charlie Hughes,Hull City,England,,9100000,EUR,2028-06-30
1391824,Sydie Peck,Sheffield United,England,,14900000,EUR,2028-06-30
45959,Thomas Kaminski,Charlton Athletic,Belgium,,960000,EUR,2028-06-30
98431,Will Keane,No team,Ireland,,290000,EUR,
111398,Ryan Leonard,Millwall,England,,260000,EUR,2027-06-30
134361,Jack Stephens,Southampton,England,,910000,EUR,2028-06-30
358084,Cameron Burgess,Swansea City,Australia,,1500000,EUR,2028-06-30
358222,Carlton Morris,Derby County,England,,4700000,EUR,2028-06-30
367228,Oli McBurnie,Hull City,Scotland,,5400000,EUR,2028-06-30
545780,Harry Winks,Cagliari,England,,2300000,EUR,2028-06-30
788240,George Dobson,Wrexham,England,,1500000,EUR,2028-06-30
796143,Alex Palmer,Ipswich Town,England,,905000,EUR,2028-06-30
836693,Japhet Tanganga,Sheffield United,England,,5600000,EUR,2028-06-30
847125,Mikey Johnston,West Bromwich Albion,Ireland,,4099999,EUR,2028-06-30
911039,Sorba Thomas,Stoke City,Wales,,14500000,EUR,2028-06-30
920936,Lewis O'Brien,Wrexham,England,,6200000,EUR,2028-06-30
958718,Anthony Patterson,Sunderland,England,,7800000,EUR,2028-06-30
991595,Jeremy Ngakia,Watford,DR Congo,,2700000,EUR,2027-06-30
998928,Eiran Cashin,Brighton & Hove Albion,Ireland,,5300000,EUR,2030-06-30
1014461,Jaden Philogene-Bidace,Ipswich Town,England,,18800000,EUR,2029-06-30
1136409,Jordan James,Stade Rennais,Wales,,11000000,EUR,2028-06-30
1464637,Ali Ahmed,Norwich City,Canada,,5400000,EUR,2029-06-30
42707,Steve Cook,Wycombe Wanderers,England,,215000,EUR,
98449,Conor Coady,Wrexham,England,,905000,EUR,2027-06-30
291483,Josh Murphy,Portsmouth,England,,1600000,EUR,2028-06-30
340621,Josh Windass,Wrexham,England,,1100000,EUR,2028-06-30
370476,Josh Vickers,Derby County,England,,160000,EUR,2029-06-30
573812,Krystian Bielik,West Bromwich Albion,Poland,,2400000,EUR,2028-06-30
839416,Scott Twine,Bristol City,England,,13600000,EUR,2028-06-30
857997,Vladan Kova\u010devi\u0107,Norwich City,Bosnia & Herzegovina,,2600000,EUR,2029-06-30
893478,Luke Woolfenden,Coventry City,England,,2100000,EUR,2028-06-30
907500,Paris Maghoma,Norwich City,England,,1500000,EUR,2029-06-30
926762,Josh Edwards,Charlton Athletic,Scotland,,620000,EUR,2028-06-30
943212,Ivor Pandur,Rangers,Croatia,,4800000,EUR,2030-05-31
943634,Lewis Miller,Blackburn Rovers,Australia,,1100000,EUR,2028-06-30
945806,Joe Gelhardt,Leeds United,England,,15000000,EUR,2027-06-30
970437,Hayden Carter,Blackburn Rovers,England,,1900000,EUR,2027-06-30
981222,Brian De Keersmaecker,Oxford United,Belgium,,2700000,EUR,
1000160,\u017dan Vipotnik,Swansea City,Slovenia,,21000000,EUR,2030-06-30
1007072,Anis Mehmeti,Ipswich Town,Albania,,14600000,EUR,2029-06-30
1095645,Adilson Malanda,Middlesbrough,France,,7400000,EUR,
1171234,Caspar Jander,Southampton,Germany,,18500000,EUR,2028-06-30
73412,David Cornell,Preston North End,Wales,,52000,EUR,
100578,John Egan,Hull City,Ireland,,970000,EUR,2027-06-30
254849,Will Vaulks,Oxford United,Wales,,365000,EUR,
376394,Matt Clarke,Derby County,England,,2200000,EUR,2028-06-30
789229,Ben Sheaf,Wrexham,England,,6600000,EUR,2028-06-30
798176,Egil Selvik,Watford,Norway,,1600000,EUR,2028-06-30
866169,Harry Darling,Norwich City,England,,4400000,EUR,2028-06-30
881307,Seung Ho Paik,Birmingham City,South Korea,,1900000,EUR,2028-06-30
891514,Sean McLoughlin,Blackburn Rovers,Ireland,,810000,EUR,2027-06-30
939563,Ben Cabango,Swansea City,Wales,,9300000,EUR,2028-06-30
948257,Ciaron Brown,Oxford United,Northern Ireland,,1500000,EUR,2027-06-30
988202,Pelle Mattsson,Norwich City,Denmark,,4300000,EUR,2028-06-30
990222,Morgan Whittaker,Middlesbrough,England,,19000000,EUR,2029-06-30
999810,Akin Famewo,Bolton Wanderers,England,,830000,EUR,2029-06-30
1005710,Bosun Lawal,Stoke City,Ireland,,2900000,EUR,2028-05-31
1096585,Jack Currie,Oxford United,England,,930000,EUR,
1142324,Ruairi McConville,Norwich City,Northern Ireland,,3300000,EUR,2030-06-30
1198145,Terry Devlin,Portsmouth,Northern Ireland,,3900000,EUR,2028-06-30
1514870,Tyler Bindon,Nottingham Forest,New Zealand,,3600000,EUR,2028-06-30
2193236,Keenan Gough,Charlton Athletic U21,England,,105000,EUR,
54331,Matty James,Wrexham,England,,190000,EUR,2027-06-30
103117,Adam Forshaw,Blackburn Rovers,England,,155000,EUR,2027-06-30
158661,Ethan Galbraith,Stoke City,Northern Ireland,,2600000,EUR,2030-06-30
285989,Ja\u00efro Riedewald,Sheffield United,Netherlands,,2000000,EUR,2027-06-30
555406,James Bree,Southampton,England,,2600000,EUR,2029-06-30
786274,Callum Elder,Lincoln City,Australia,,415000,EUR,2028-06-30
842141,Oliver Rathbone,Wrexham,England,,850000,EUR,2028-06-30
842562,Paul Smyth,Queens Park Rangers,Northern Ireland,,880000,EUR,
845426,Alfie Jones,Middlesbrough,Canada,,5800000,EUR,2029-06-30
861315,Ephron Mason-Clark,Coventry City,Jamaica,,17200000,EUR,2028-06-30
892396,Conor Shaughnessy,Portsmouth,Ireland,,760000,EUR,2027-06-30
914891,Jimmy Dunne,Queens Park Rangers,Ireland,,4800000,EUR,
970396,Oliver Cooper,Swansea City,Wales,,1600000,EUR,2027-06-30
982254,Billy Mitchell,No team,England,,3300000,EUR,
993445,Zak Swanson,Portsmouth,England,,1200000,EUR,2028-06-30
1014441,Ryan Alebiosu,Blackburn Rovers,Nigeria,,1400000,EUR,2028-06-30
1109561,Arthur Okonkwo,Wrexham,Nigeria,,5200000,EUR,2027-06-30
1126433,Elias Jelert,Galatasaray,Denmark,,5400000,EUR,2029-06-30
1179246,Murphy Cooper,Plymouth Argyle,England,,410000,EUR,2028-06-30
1424937,Brandon Powell,Blackburn U21,USA,,48000,EUR,2027-06-30
45502,Alex McCarthy,Leicester City,England,,190000,EUR,
198038,Christian Walton,Ipswich Town,England,,2600000,EUR,2028-06-30
298366,Kieffer Moore,Wrexham,Wales,,1200000,EUR,2028-06-30
600620,Ryan Hedges,No team,Wales,,655000,EUR,
799389,Nicolas Schmid,Portsmouth,Austria,,1900000,EUR,2029-06-30
836696,Jamie Cumming,Oxford United,England,,1200000,EUR,
843108,Phil Neumann,Birmingham City,Germany,,2600000,EUR,2028-06-30
859763,Joel Latibeaudiere,Coventry City,Jamaica,,3300000,EUR,2027-06-30
896209,Michael Cooper,Sheffield United,England,,10300000,EUR,
906287,Max Bird,Bristol City,England,,2400000,EUR,2027-06-30
911710,Nathan Broadhead,Wrexham,Wales,,6800000,EUR,2029-06-30
920008,Neto Borges,Middlesbrough,Brazil,,2700000,EUR,2027-06-30
948723,Milan van Ewijk,Coventry City,Netherlands,,23000000,EUR,2027-06-30
988278,George Campbell,West Bromwich Albion,USA,,1800000,EUR,2029-06-30
1004556,Marc Leonard,Birmingham City,Scotland,,1800000,EUR,2028-06-30
1006189,Issa Kabor\u00e9,Manchester City,Burkina Faso,,4099999,EUR,2027-06-30
1014801,Marcelino N\u00fa\u00f1ez,Ipswich Town,Chile,,14900000,EUR,2029-06-30
1099074,Kaine Kesler-Hayden,Coventry City,England,,3200000,EUR,2029-06-30
1105688,Jos\u00e9 C\u00f3rdoba,Norwich City,Panama,,4700000,EUR,2028-06-30
1961133,William Grainger,Sheffield Wednesday,Wales,,105000,EUR,2029-06-30
307274,Semi Ajayi,Hull City,Nigeria,,650000,EUR,2027-06-30
331219,Liam Lindsay,Preston North End,Scotland,,970000,EUR,2027-06-30
369674,Amari'i Bell,Charlton Athletic,Jamaica,,825000,EUR,2027-06-30
823654,Casper De Norre,Millwall,Belgium,,2200000,EUR,2027-06-30
828620,Callum Brittain,Middlesbrough,England,,6600000,EUR,2029-06-30
835998,Riley McGree,Middlesbrough,Australia,,3600000,EUR,2028-06-30
846061,Brandon Thomas-Asante,Coventry City,Ghana,,16500000,EUR,2028-06-30
872307,Jakov Medi\u0107,Norwich City,Croatia,,1400000,EUR,2028-06-30
927367,George Tanner,Bristol City,England,,2600000,EUR,2028-06-30
962050,Noah Eile,Bristol City,Sweden,,4300000,EUR,2029-06-30
966458,Femi Seriki,Sheffield United,England,,5400000,EUR,2027-06-30
997830,Jakub Stolarczyk,Leicester City,Poland,,1700000,EUR,2027-06-30
1002181,Max Cleworth,Wrexham,England,,9400000,EUR,2029-06-30
1020075,Ryoya Morishita,Blackburn Rovers,Japan,,2100000,EUR,2028-06-30
1066059,Isaac Price,West Bromwich Albion,Northern Ireland,,13200000,EUR,2029-06-30
1089021,Camiel Neghli,Millwall,Algeria,,5300000,EUR,
1103589,Abdul Fatawu Issahaku,Leicester City,Ghana,,21000000,EUR,2029-06-30
1104987,Tommy Conway,Middlesbrough,Scotland,,13600000,EUR,2028-06-30
1125839,Mohamed Belloumi,Hull City,Algeria,,5700000,EUR,2028-06-30
1463508,Papa Amadou Diallo,Norwich City,Senegal,,4300000,EUR,2029-06-30
16807,Ben Hamer,No team,England,,52000,EUR,
98450,Nathaniel Chalobah,Sheffield Wednesday,England,,515000,EUR,
140479,Matt Crooks,Hull City,England,,725000,EUR,2027-06-30
204336,Patrick Bamford,Sheffield United,England,,970000,EUR,2027-06-30
791985,Jay DaSilva,Coventry City,Wales,,8700000,EUR,2027-06-30
794520,Tomoki Iwata,Birmingham City,Japan,,1800000,EUR,2027-06-30
826133,Andre Dozzell,DC United,England,,1900000,EUR,2028-12-31
845941,Jordan Storey,Preston North End,England,,4400000,EUR,2028-06-30
851309,Bal\u00e1zs T\u00f3th,Blackburn Rovers,Hungary,,1100000,EUR,2027-06-30
864918,Lewis Travis,Derby County,England,,1700000,EUR,2029-06-30
886117,Ross Stewart,No team,Scotland,,2600000,EUR,
902083,Liam Millar,Hull City,Canada,,2900000,EUR,2027-06-30
917305,Edo Kayembe,Watford,DR Congo,,4200000,EUR,2027-06-30
927363,Ethan Laird,Birmingham City,England,,2400000,EUR,2028-06-30
958918,Jason Knight,Bristol City,Ireland,,6400000,EUR,2027-06-30
959208,Matthew Pollock,Watford,England,,2200000,EUR,2029-06-30
996914,Harvey Vale,Queens Park Rangers,Ireland,,3900000,EUR,2028-06-30
1020336,Sonny Carey,Charlton Athletic,England,,4200000,EUR,2028-06-30
1144687,Nestory Irankunda,Watford,Australia,,8500000,EUR,2030-06-30
1461595,Harry Amass,Manchester United,England,,7200000,EUR,2027-06-30
78368,Andrew Hughes,Preston North End,Wales,,285000,EUR,2027-06-30
190859,Lewis Baker,Bursaspor,England,,1100000,EUR,
204300,Massimo Luongo,No team,Australia,,290000,EUR,
786022,Darnell Furlong,Ipswich Town,England,,2400000,EUR,2028-06-30
809512,Ilias Chair,Queens Park Rangers,Morocco,,5200000,EUR,
814577,Macauley Gillesphey,Bradford City,England,,375000,EUR,2028-06-30
818391,Haji Wright,Coventry City,USA,,16600000,EUR,2027-06-30
856669,Jack Taylor,Ipswich Town,Ireland,,3200000,EUR,2028-06-30
867443,Lewis Gibson,Preston North End,England,,2400000,EUR,2028-06-30
873627,Ousmane Diakit\u00e9,West Bromwich Albion,Mali,,1300000,EUR,2029-06-30
905789,Joe Rankin-Costello,Charlton Athletic,England,,1100000,EUR,2029-06-30
944200,Nathan Wood,Southampton,England,,10300000,EUR,2028-06-30
944245,Josh Eccles,Coventry City,England,,9600000,EUR,2028-06-30
945792,Alfie Doughty,Millwall,England,,5200000,EUR,
990355,Maksym Talovierov,Stoke City,Ukraine,,2200000,EUR,2028-06-30
996908,Pierre Ekwah,Saint-\u00c9tienne,France,,1900000,EUR,
1093070,Junior Tchamadeu,Stoke City,Cameroon,,2400000,EUR,2028-06-30
1118185,Jonathan Varane,Queens Park Rangers,Martinique,,2600000,EUR,2030-06-30
1149235,Rocco Vata,Watford,Ireland,,1700000,EUR,2028-06-30
1396445,Andre Brooks,Norwich City,Jamaica,,5400000,EUR,2031-06-30
43443,Aaron Cresswell,Stoke City,England,,320000,EUR,2027-06-30
108515,Sam Morsy,No team,Egypt,,285000,EUR,
298226,Seny Dieng,Middlesbrough,Senegal,,950000,EUR,2027-06-30
360388,Max O'Leary,West Bromwich Albion,Ireland,,2100000,EUR,2029-06-30
839940,Callum Styles,West Bromwich Albion,Hungary,,3100000,EUR,2030-06-30
845723,Scott Wharton,Blackburn Rovers,England,,1200000,EUR,2028-06-30
856718,Jayson Molumby,West Bromwich Albion,Ireland,,3600000,EUR,2028-06-30
864474,Regan Slater,Hull City,England,,5100000,EUR,2027-06-30
878705,Rhian Brewster,Derby County,England,,2600000,EUR,2027-06-30
932628,Tommy Doyle,Wolverhampton,England,,6700000,EUR,2028-06-30
981046,Karamoko Demb\u00e9l\u00e9,Queens Park Rangers,England,,2100000,EUR,
995962,Raphael Rodrigues,Coventry City,Australia,,480000,EUR,2028-06-30
1002508,Ji-sung Eom,Swansea City,South Korea,,1700000,EUR,2028-06-30
1014467,Jayden Fevrier,Stockport County,England,,475000,EUR,2027-06-30
1065214,Samuel Edozie,Southampton,England,,3800000,EUR,2027-06-30
1154000,Jacob Farrell,Western Sydney Wanderers,Australia,,525000,EUR,
1156443,Alex Williams,West Bromwich Albion U21,Wales,,91000,EUR,2028-06-30
1515917,Othmane Maamma,Watford,Morocco,,8500000,EUR,2029-06-30
41631,James McClean,Derry City,Ireland,,92000,EUR,2027-11-30
186809,Emiliano Marcondes,No team,Denmark,,620000,EUR,
190863,John Swift,Portsmouth,England,,750000,EUR,2027-06-30
309218,Ben Davies,Bolton Wanderers,England,,775000,EUR,2028-06-30
355152,Demarai Gray,Birmingham City,Jamaica,,3400000,EUR,2028-06-30
362704,Sam Gallagher,Stoke City,England,,985000,EUR,2027-06-30
560196,Mark Sykes,Millwall,Ireland,,1900000,EUR,2028-06-30
862083,Marc Bola,Watford,England,,1500000,EUR,2028-06-30
877996,Josef Bursik,Portsmouth,England,,850000,EUR,2027-06-30
879810,Flynn Downes,Southampton,England,,10900000,EUR,2028-06-30
897565,Harrison Burrows,Sheffield United,England,,9200000,EUR,2028-06-30
931257,Conor Coventry,Charlton Athletic,Ireland,,1900000,EUR,2027-06-30
988343,Mark McGuinness,Sheffield United,Ireland,,6700000,EUR,2029-06-30
1089677,Robert Apter,Charlton Athletic,Scotland,,1900000,EUR,2029-06-30
1119657,Stanley Mills,Oxford United,England,,970000,EUR,
1123234,Ronald,Swansea City,Brazil,,2900000,EUR,2027-06-30
1528049,Madiodio Dia,Portsmouth,Senegal,,470000,EUR,2028-06-30
1637690,George McCormick,Middlesbrough U21,England,,93000,EUR,2027-06-30
1798845,Derek Mazou-Sacko,Millwall,France,,1100000,EUR,
247459,Alan Browne,Sunderland,Ireland,,2100000,EUR,2027-06-30
252999,Brad Potts,Preston North End,England,,650000,EUR,
351726,Micha\u0142 Helik,Oxford United,Poland,,965000,EUR,2027-06-30
795421,Amir Had\u017eiahmetovi\u0107,Be\u015fikta\u015f JK,Bosnia & Herzegovina,,3600000,EUR,2027-06-30
802719,Dominic Hyam,Wrexham,Scotland,,2100000,EUR,2027-06-30
824751,Dan Scarr,Wrexham,England,,320000,EUR,2027-06-30
829186,Zak Vyner,Wrexham,Kenya,,3200000,EUR,2029-06-30
833057,Hamza Choudhury,Leicester City,Bangladesh,,4400000,EUR,2027-06-30
865740,Chris Mepham,West Bromwich Albion,Wales,,2800000,EUR,2028-06-30
875085,Callum O'Hare,Sheffield United,England,,5400000,EUR,2028-06-30
928047,Milutin Osmaji\u0107,Preston North End,Montenegro,,3300000,EUR,2027-06-30
987346,Hector Kyprianou,Watford,Cyprus,,1600000,EUR,2030-06-30
992045,Ben Chrisene,Norwich City,England,,1900000,EUR,2028-06-30
1093053,Sam Bell,Bristol City,England,,970000,EUR,2029-06-30
1134744,Ashley Phillips,Tottenham Hotspur,England,,7500000,EUR,2028-06-30
1142343,Kaelan Casey,West Ham United,England,,930000,EUR,2027-06-30
1154637,Kuryu Matsuki,Southampton,Japan,,2800000,EUR,2028-06-30
1502653,Lucien Mahovo,Norwich City,England,,370000,EUR,2028-06-30
1590568,Samuel Parker,Swansea City,Wales,,315000,EUR,2028-06-30
59932,Craig Forsyth,Derby County,Scotland,,48000,EUR,2027-06-30
221200,Ricardo Pereira,No team,Portugal,,1600000,EUR,
231646,Jed Wallace,Bristol City,England,,1300000,EUR,2028-06-30
305302,Wes Burns,Ipswich Town,Wales,,1600000,EUR,2027-06-30
357730,Yuri Ribeiro,Blackburn Rovers,Portugal,,840000,EUR,2027-06-30
816519,Keshi Anderson,Portsmouth,England,,465000,EUR,2027-06-30
830238,Josh Tymon,Swansea City,England,,9700000,EUR,2029-06-30
891870,Ali McCann,Preston North End,Northern Ireland,,2300000,EUR,2029-06-30
935556,Filip Krastev,Lommel SK,Bulgaria,,2900000,EUR,2027-06-30
967722,Caleb Okoli,Leicester City,Italy,,8700000,EUR,2029-06-30
970353,Alex Cochrane,Birmingham City,England,,2400000,EUR,2028-06-30
988966,Luke Cundle,Millwall,England,,2900000,EUR,
998832,Lewis Dobbin,Southampton,England,,7200000,EUR,2030-06-30
998924,Liam Thompson,Derby County,England,,1600000,EUR,2027-06-30
1008382,Mat\u011bj Jur\u00e1sek,Norwich City,Czechia,,4900000,EUR,2030-06-30
1015712,Kyle Joseph,Middlesbrough,Scotland,,5800000,EUR,2030-06-30
1065019,Aidomo Emakhu,Oxford United,Ireland,,930000,EUR,
1092974,Zak Sturge,Millwall,England,,3900000,EUR,
1101362,Jesurun Rak-Sakyi,Crystal Palace,Ghana,,5600000,EUR,2027-06-30
1125954,Adrian Sege\u010di\u0107,Portsmouth,Croatia,,4400000,EUR,2028-06-30
123166,Nampalys Mendy,No team,Senegal,,740000,EUR,
190857,Ben Pearson,Stoke City,England,,740000,EUR,2027-06-30
801483,Svante Ingelsson,Stoke City,Sweden,,1000000,EUR,2029-06-30
827587,Lewie Coyle,Hull City,England,,1300000,EUR,2029-06-30
843756,Callum Lang,Preston North End,England,,2600000,EUR,2029-06-30
858191,Giorgi Chakvetadze,Udinese,Georgia,,3300000,EUR,2030-06-30
910937,Jeremy Petris,Watford,Martinique,,1600000,EUR,2029-06-30
931304,Ryan Giles,Hull City,England,,10900000,EUR,2027-06-30
961677,Million Manhoef,Stoke City,Netherlands,,7600000,EUR,2027-06-30
990833,Matty Jacob,Hull City,England,,410000,EUR,2027-06-30
991584,Luke Thomas,Leicester City,England,,5400000,EUR,2029-06-30
1002620,Marko Stameni\u0107,Swansea City,New Zealand,,3100000,EUR,2029-06-30
1007050,Solomon Brynn,Middlesbrough,England,,9700000,EUR,2030-06-30
1088725,Tom\u00e1\u0161 Rigo,Stoke City,Slovakia,,3800000,EUR,2029-06-30
1090508,Callum Doyle,Wrexham,England,,12500000,EUR,2029-06-30
1097848,Leo Fuhr Hjelde,Sunderland,Norway,,1500000,EUR,2028-06-30
1133296,Jovon Makama,Norwich City,England,,7300000,EUR,2028-06-30
1138933,Brodie Spencer,Oxford United,Northern Ireland,,1600000,EUR,
1142342,Cameron Bragg,Southampton,Scotland,,2100000,EUR,2027-06-30
1166844,Yu Hirakawa,Bristol City,Japan,,1000000,EUR,2028-06-30
51652,Steven\u200b N'Zonzi,No team,France,,315000,EUR,
55570,Shane Duffy,No team,Ireland,,335000,EUR,
103115,Jake Bidwell,Coventry City,England,,580000,EUR,2027-06-30
115432,Ben Gibson,Stoke City,England,,550000,EUR,2027-06-30
148710,Jeffrey Schlupp,No team,Ghana,,745000,EUR,
583450,Jack Stacey,Norwich City,England,,1700000,EUR,2027-06-30
839819,Sam Field,Norwich City,England,,2600000,EUR,2029-06-30
857671,Jens-Lys Cajuste,SSC Napoli,Sweden,,6600000,EUR,2028-06-30
914412,Ben Johnson,Ipswich Town,England,,6600000,EUR,2028-06-30
936719,Gavin Bazunu,Southampton,Ireland,,7200000,EUR,2027-06-30
967178,Alex Bangura,Middlesbrough,Sierra Leone,,660000,EUR,2027-06-30
984866,Gon\u00e7alo Franco,Swansea City,Portugal,,3600000,EUR,2028-06-30
988990,Ruben Roosken,Oxford United,Netherlands,,525000,EUR,
1005686,Tayo Adaramola,Crystal Palace U21,Ireland,,770000,EUR,
1006147,Anis Ben Slimane,Norwich City,Tunisia,,4099999,EUR,2028-06-30
1012415,Ronnie Edwards,Queens Park Rangers,England,,5300000,EUR,
1026541,Sondre Lang\u00e5s,Derby County,Norway,,4099999,EUR,2029-06-30
1083366,Ibane Bowat,Portsmouth,Scotland,,580000,EUR,2027-06-30
1186345,Tyreece Campbell,Charlton Athletic,Jamaica,,1600000,EUR,2027-06-30
1440673,Jay Robinson,Southampton,England,,8199999,EUR,2029-06-30
122663,Tom Ince,No team,England,,285000,EUR,
255391,Sam Long,Oxford United,England,,330000,EUR,
258325,Marvin Ducksch,Birmingham City,Germany,,1400000,EUR,2028-06-30
310546,Jamie Allen,No team,England,,515000,EUR,
354782,Sammie Szmodics,Ipswich Town,Ireland,,3300000,EUR,2028-06-30
361788,Hidde ter Avest,No team,Netherlands,,875000,EUR,
795828,Ross McCrorie,Rangers,Scotland,,2700000,EUR,2029-06-30
800976,Jordan Thompson,Preston North End,Northern Ireland,,680000,EUR,2027-06-30
859901,Oliver Skipp,Leicester City,England,,3900000,EUR,2029-06-30
867583,Ben Brereton D\u00edaz,Southampton,Chile,,4800000,EUR,2028-06-30
887581,Boubakary Soumar\u00e9,Al Duhail,France,,9700000,EUR,
993439,Harry Clarke,Ipswich Town,England,,2400000,EUR,2027-06-30
1020071,Tatsuki Seko,Stoke City,Japan,,930000,EUR,2027-06-30
1069627,Odeluga Offiah,Preston North End,England,,2400000,EUR,2029-06-30
1083026,Tom Fellows,Southampton,England,,7800000,EUR,2029-06-30
1129118,Amadou Salif Mbengue,Queens Park Rangers,Senegal,,2300000,EUR,
1212155,David Ozoh,Crystal Palace,England,,2300000,EUR,2027-06-30
1391785,Miles Leaburn,Charlton Athletic,England,,770000,EUR,2028-06-30
1402923,Jaden Heskey,Manchester City U21,England,,310000,EUR,
1423085,Moussa Baradji,Blackburn Rovers,France,,1900000,EUR,2029-06-30
136375,Darragh Lenihan,No team,Ireland,,485000,EUR,
164291,Jay Fulton,Swansea City,Scotland,,420000,EUR,2028-06-30
257433,Jamal Lowe,Sheffield Wednesday,Jamaica,,485000,EUR,2027-06-30
313386,Greg Docherty,Charlton Athletic,Scotland,,770000,EUR,2027-06-30
555376,Ricardo Santos,Sheffield Wednesday,Cape Verde,,370000,EUR,2027-06-30
849309,Chiedozie Ogbene,Ipswich Town,Ireland,,3700000,EUR,2028-06-30
851096,Daniel Grimshaw,Norwich City,England,,515000,EUR,2028-06-30
927368,Brandon Williams,No team,England,,825000,EUR,
991569,Ryan Longman,Wrexham,England,,2600000,EUR,2027-06-30
991614,Ellis Simms,Coventry City,England,,11500000,EUR,2027-06-30
1004344,James Morris,Leyton Orient,England,,550000,EUR,2028-06-30
1005706,Andrew Moran,Preston North End,Ireland,,1400000,EUR,2029-06-30
1005765,Alexander Gilbert,No team,Ireland,,970000,EUR,
1009920,Welington,Southampton,Brazil,,2900000,EUR,2029-06-30
1018786,Leo Walta,Swansea City,Finland,,3100000,EUR,
1136418,Jamie McDonnell,Oxford United,Northern Ireland,,1000000,EUR,
1154598,Sindre Walle Egeli,Ipswich Town,Norway,,15900000,EUR,2030-06-30
1481356,Tom Atcheson,Blackburn Rovers,Northern Ireland,,870000,EUR,
1518589,Yunus Konak,Brentford,T\u00fcrkiye,,3300000,EUR,2029-06-30
2220696,Yisa Alao,Chelsea U18,England,,520000,EUR,2028-06-30
39327,Liam Cooper,Sheffield Wednesday,Scotland,,185000,EUR,2027-06-30
69416,Oriol Romeu,Avispa Fukuoka,Spain,,370000,EUR,
149815,John Lundstram,Trabzonspor,England,,1300000,EUR,2027-06-30
166381,Charlie Taylor,Derby County,England,,1200000,EUR,2027-06-30
784625,Conor Chaplin,Leicester City,England,,2100000,EUR,2029-06-30
893065,Pol Valent\u00edn,Preston North End,Spain,,645000,EUR,2028-06-30
918482,David Strelec,Middlesbrough,Slovakia,,7700000,EUR,2030-06-30
939585,Mads Fr\u00f8kj\u00e6r,Br\u00f8ndby IF,Denmark,,2400000,EUR,2029-06-30
967457,Kayne Ramsay,Charlton Athletic,England,,925000,EUR,2027-06-30
991166,Samuel Silvera,No team,Australia,,1600000,EUR,
994562,Lewis Brunt,Wrexham,England,,735000,EUR,2027-06-30
1018523,Mathias Kvistgaarden,Norwich City,Denmark,,5400000,EUR,2029-06-30
1067117,Darko Gyabi,Hull City,England,,1900000,EUR,2028-06-30
1090027,Ante Crnac,Norwich City,Croatia,,4099999,EUR,2028-06-30
1100606,Thierry Small,Preston North End,England,,7700000,EUR,2029-06-30
1113141,Forson Amankwah,Norwich City,Ghana,,3300000,EUR,2028-06-30
1142185,Leo Castledine,Middlesbrough,England,,2100000,EUR,2030-06-30
1191153,Oliver Arblaster,Sheffield United,England,,1500000,EUR,2028-06-30
1568186,Malick Yalcouy\u00e9,Brighton & Hove Albion,C\u00f4te d'Ivoire,,12600000,EUR,2029-06-30
2220445,Ernie Weaver,Sheffield Wednesday U21,England,,190000,EUR,2027-06-30
13918,Asmir Begovi\u0107,Leicester City,Bosnia & Herzegovina,,155000,EUR,
73409,Matt Godden,Charlton Athletic,England,,90000,EUR,2027-06-30
190843,Isaac Hayden,Leyton Orient,Jamaica,,430000,EUR,2028-06-30
605062,Regan Poole,Portsmouth,Wales,,1100000,EUR,2027-06-30
826202,Yan Valery,Sheffield Wednesday,Tunisia,,1500000,EUR,2027-06-30
864424,Ryan Barnett,Wrexham,England,,680000,EUR,2027-06-30
886532,Siriki Demb\u00e9l\u00e9,Oxford United,Scotland,,770000,EUR,
911708,Rhys Norrington-Davies,Sheffield United,Wales,,2300000,EUR,2027-06-30
1010009,Josh Coburn,Millwall,England,,7400000,EUR,
1015368,Taylor Gardner-Hickman,Birmingham City,England,,1800000,EUR,
1048192,Max Johnston,Derby County,Scotland,,3200000,EUR,2029-06-30
1185869,Jun-Ho Bae,Stoke City,South Korea,,3900000,EUR,2027-06-30
1186050,Alex Matos,G\u00f6ztepe,England,,1100000,EUR,2027-06-30
1394676,Joshua Quarshie,Southampton,Germany,,4099999,EUR,2029-06-30
1395695,Kellen Fisher,Norwich City,England,,2900000,EUR,2028-06-30
1400998,Karoy Anderson,Charlton Athletic,Jamaica,,350000,EUR,2028-06-30
1402922,Jacob Wright,Norwich City,England,,3100000,EUR,2029-06-30
1470298,Patrick Agyemang,Derby County,USA,,9200000,EUR,2029-06-30
2220446,Joe Emery,Sheffield Wednesday U21,England,,97000,EUR,2027-06-30
112761,Michael Smith,Mansfield Town,England,,165000,EUR,2028-06-30
803678,George Edmundson,Middlesbrough,England,,620000,EUR,2027-06-30
825845,Tahith Chong,Sheffield United,Curacao,,3400000,EUR,2029-06-30
826145,Tyrese Campbell,Sheffield United,England,,6300000,EUR,2027-06-30
858282,Stef\u00e1n Teitur \u00de\u00f3r\u00f0arson,Hannover 96,Iceland,,1300000,EUR,2029-06-30
905264,Liberato Cacace,Wrexham,New Zealand,,2300000,EUR,2028-06-30
917327,Augustus Kargbo,Blackburn Rovers,Sierra Leone,,960000,EUR,2027-06-30
930251,Josh Key,Swansea City,England,,1200000,EUR,2027-06-30
931035,Luke Le Roux,Portsmouth,South Africa,,840000,EUR,2028-06-30
943652,Jamie Shackleton,Sheffield United,England,,945000,EUR,2027-06-30
959206,Rumarn Burrell,Queens Park Rangers,Jamaica,,5600000,EUR,2030-06-30
1006994,Liam Cullen,Swansea City,Wales,,3100000,EUR,2028-06-30
1084356,Toby Collyer,Manchester United,England,,5200000,EUR,2027-06-30
1127789,Luca Kjerrumgaard,Udinese,Denmark,,7200000,EUR,2030-06-30
1134530,Luke Chambers,Liverpool U21,England,,1100000,EUR,
1142638,Bobby Clark,Derby County,England,,8800000,EUR,
1186812,Finley Munroe,Middlesbrough,England,,260000,EUR,2030-06-30
1198768,Collins Sichenje,Charlton Athletic,Kenya,,440000,EUR,2029-06-30
1391844,Benjamin Nelson,Leicester City,England,,1600000,EUR,2027-06-30
1521381,Kai Andrews,Coventry City,Wales,,485000,EUR,
151499,Bobby De Cordova-Reid,Leicester City,Jamaica,,640000,EUR,2027-06-30
280737,Andrija Vuk\u010devi\u0107,Preston North End,Montenegro,,550000,EUR,2028-06-30
556904,Marvelous Nakamba,No team,Zimbabwe,,760000,EUR,
795058,Tom Davies,No team,England,,2100000,EUR,
826146,Jordan Lee Williams,Portsmouth,England,,735000,EUR,2027-06-30
905356,Koki Saito,Queens Park Rangers,Japan,,3100000,EUR,
909763,Cameron Pring,Bristol City,England,,1800000,EUR,2028-06-30
921948,Ole Romeny,Fortuna Sittard,Indonesia,,775000,EUR,2027-06-30
990760,Joe Walsh,Wigan Athletic,England,,1400000,EUR,2027-05-31
991577,Cody Drameh,Hull City,England,,2900000,EUR,2027-06-30
1005723,Liam Gibbs,Norwich City,England,,1500000,EUR,2028-06-30
1011208,Joshua Griffiths,Stoke City,England,,1900000,EUR,2028-06-30
1119480,Lamine Ciss\u00e9,Stoke City,France,,3100000,EUR,2029-06-30
1150934,Jamie Donley,Tottenham U21,Northern Ireland,,1600000,EUR,2029-06-30
1386414,Millenic Alli,Luton Town,Ireland,,1400000,EUR,
1387353,Oscar Schwartau,Norwich City,Denmark,,6800000,EUR,2028-06-30
1403129,Kieran Morgan,Queens Park Rangers,England,,1600000,EUR,
1423723,Sean Fusire,Sheffield Wednesday,Zimbabwe,,820000,EUR,2027-06-30
1897054,Leo Pecover,Bristol City U18,England,,91000,EUR,
2023412,Raees Bangura-Williams,Millwall,England,,460000,EUR,
87185,Andreas Weimann,No team,Austria,,420000,EUR,
90121,Danny Batth,No team,England,,93000,EUR,
205028,Joe Bryan,No team,England,,415000,EUR,
288997,Adam Davies,Sheffield United,Wales,,195000,EUR,2027-06-30
609596,Karlan Grant,Charlton Athletic,England,,1700000,EUR,2028-06-30
817573,Corey Blackett-Taylor,Derby County,England,,470000,EUR,2027-06-30
839712,George Hirst,Ipswich Town,Scotland,,10900000,EUR,2029-06-30
846204,Lyndon Dykes,Charlton Athletic,Scotland,,850000,EUR,
862859,Przemys\u0142aw P\u0142acheta,Austin FC,Poland,,970000,EUR,2029-12-31
891803,Jamal Lewis,No team,Northern Ireland,,1400000,EUR,
892481,Sam Smith,Wrexham,England,,1200000,EUR,2028-06-30
895567,Josh Knight,Portsmouth,England,,830000,EUR,2028-06-30
993451,Cameron Archer,Southampton,England,,6300000,EUR,2028-06-30
1114837,Alfie Gilchrist,West Bromwich Albion,England,,3700000,EUR,2030-06-30
1127232,James Abankwah,Udinese,Ireland,,3200000,EUR,2029-06-30
1148507,James Beadle,Birmingham City,England,,5500000,EUR,2027-05-31
1167025,Divin Mubama,Manchester City U21,England,,5500000,EUR,
1414275,Vivaldo,FC Alverca,Portugal,,1900000,EUR,2027-06-30
1434770,Hayden Matthews,Portsmouth,Australia,,1400000,EUR,2029-06-30
1632572,Richard Kone,Queens Park Rangers,C\u00f4te d'Ivoire,,7200000,EUR,2030-06-30
284427,Connor Ogilvie,Portsmouth,England,,540000,EUR,2028-06-30
351496,Harry Cornick,No team,England,,420000,EUR,
784503,Kieran Dowell,Hull City,England,,550000,EUR,2027-06-30
879850,Adam Idah,Swansea City,Ireland,,4099999,EUR,2030-06-30
914276,Delano Burgzorg,Middlesbrough,Suriname,,3300000,EUR,2028-06-30
958056,Sinclair Armstrong,G\u00f6ztepe,Ireland,,2300000,EUR,2030-06-30
1035645,Caleb Wiley,Chelsea,USA,,7600000,EUR,2030-06-30
1046150,Eliot Matazo,Hull City,Belgium,,1500000,EUR,2028-06-30
1065865,Zeidane Inoussa,Swansea City,Sweden,,4600000,EUR,2030-06-30
1093309,Tammer Bany,West Bromwich Albion,Jordan,,265000,EUR,2028-06-30
1141109,Kristi Montgomery,Blackburn Rovers,Scotland,,775000,EUR,2027-06-30
1438868,Aodhan Doherty,Blackburn U21,Northern Ireland,,97000,EUR,2027-06-30
1493510,Josh Laqeretabua,Charlton Athletic U21,Fiji,,71000,EUR,
1514747,Gustavo Nunes,Brentford,Brazil,,8199999,EUR,2030-06-30
1521566,Rayan Kolli,Queens Park Rangers,Algeria,,1900000,EUR,
1566894,Harry Ashfield,Wrexham,Wales,,160000,EUR,2027-06-30
1594487,Barnaby Williams,Southampton U21,England,,190000,EUR,2029-06-30
39183,Joel Ward,No team,England,,190000,EUR,
103045,Jordan Ayew,No team,Ghana,,1100000,EUR,
115434,Curtis Nelson,Milton Keynes Dons,England,,265000,EUR,
138261,Ryan Fraser,Western Sydney Wanderers,Scotland,,1900000,EUR,
355154,Max Lowe,Sheffield Wednesday,England,,1900000,EUR,2027-06-30
544812,Dominic Iorfa,No team,England,,265000,EUR,
605338,Stephy Mavididi,Leicester City,England,,5300000,EUR,2028-06-30
886651,Harvey Knibbs,Charlton Athletic,England,,1600000,EUR,2029-06-30
932642,Aune Selland Heggeb\u00f8,West Bromwich Albion,Norway,,7400000,EUR,2030-06-30
964422,Charlie Kelman,Charlton Athletic,USA,,2400000,EUR,2029-06-30
970407,Dion Sanderson,Derby County,England,,3000000,EUR,2028-06-30
982523,Andri Gu\u00f0johnsen,Blackburn Rovers,Iceland,,2700000,EUR,2028-06-30
998357,Kwadwo Baah,Watford,Germany,,2900000,EUR,2029-06-30
1065134,Kasey McAteer,Ipswich Town,Ireland,,10300000,EUR,2029-06-30
1065260,Tony Springett,Leyton Orient,Ireland,,760000,EUR,2028-06-30
1165838,Mihailo Ivanovi\u0107,Millwall,Serbia,,8700000,EUR,
1391825,Will Lankshear,Tottenham U21,England,,6800000,EUR,2029-06-30
1394929,Djibril Soumar\u00e9,Stoke City,Senegal,,1900000,EUR,2029-06-30
1470252,Daniel Bennie,Queens Park Rangers,Australia,,370000,EUR,
1500794,Yang Min-hyeok,Tottenham Hotspur,South Korea,,3300000,EUR,2030-06-30
97465,Luke Berry,No team,England,,195000,EUR,
155717,Paul Nardi,No team,France,,1300000,EUR,
592876,Paddy McNair,Hull City,Northern Ireland,,1500000,EUR,2027-06-30
791616,Bright Osayi-Samuel,Birmingham City,Nigeria,,4200000,EUR,2028-06-30
791984,Jake Clarke-Salter,Queens Park Rangers,England,,860000,EUR,
865550,Thierno Ballo,Saint-\u00c9tienne,Austria,,5400000,EUR,2030-06-30
924274,Jin-woo Jeon,Oxford United,South Korea,,640000,EUR,
965226,Yuki Ohashi,Blackburn Rovers,Japan,,1500000,EUR,2027-06-30
993444,Tyler Goodrham,Oxford United,Ireland,,1600000,EUR,2027-06-30
1000696,Ivan Az\u00f3n,Como,Spain,,5200000,EUR,2029-06-30
1005766,Thomas Cannon,Sheffield United,Ireland,,6700000,EUR,2029-06-30
1006005,Florian Bianchini,Swansea City,France,,1000000,EUR,2028-06-30
1012480,Enis Destan,Hull City,T\u00fcrkiye,,1900000,EUR,2028-06-30
1102764,Melker Widell,Swansea City,Sweden,,2000000,EUR,2029-06-30
1142326,Jahnoah Markelo,Coventry City,Suriname,,3300000,EUR,2030-06-30
1146511,Sverre Nypan,Lommel SK,Norway,,11700000,EUR,2027-06-30
1149244,Daniel Kelly,Millwall,Scotland,,675000,EUR,
1492311,Christ Makosso,Auxerre,Congo Republic,,825000,EUR,2030-06-30
1549358,Gabriel Otegbayo,Sheffield Wednesday,Ireland,,880000,EUR,2027-06-30
1861707,Jeremy Monga,Manchester City,England,,15500000,EUR,2031-06-30
130181,Danny Ings,No team,England,,1200000,EUR,
190867,Chuba Akpom,Ipswich Town,England,,3400000,EUR,2029-06-30
267621,Robbie Brady,No team,Ireland,,110000,EUR,
788260,Kasey Palmer,Luton Town,Jamaica,,870000,EUR,
798676,David Akintola,Hull City,Nigeria,,1100000,EUR,2027-06-30
860764,Steven Benda,No team,Germany,,1100000,EUR,
909908,Macaulay Langstaff,Salford City,England,,720000,EUR,
923974,Dion De Neve,Blackburn Rovers,Belgium,,825000,EUR,2028-06-30
943646,Isaac Olaofe,Charlton Athletic,England,,535000,EUR,2028-06-30
1016016,Olaf Kobacki,Wis\u0142a P\u0142ock,Poland,,480000,EUR,2028-06-30
1017684,Eric Bocat,Stoke City,France,,2100000,EUR,2028-06-30
1104437,Charlie McNeill,Sheffield Wednesday,England,,725000,EUR,2027-06-30
1130909,Cameron Humphreys,Ipswich Town,England,,570000,EUR,2027-06-30
1134729,Luke Harris,Fulham,Wales,,930000,EUR,2027-06-30
1196791,Ish\u00e9 Samuels-Smith,Chelsea U21,England,,680000,EUR,2031-06-30
1403111,Lewis Koumas,Liverpool U21,Wales,,3700000,EUR,2029-06-30
1459620,Rio Shipston,Solihull Moors,England,,97000,EUR,
1512625,Abdoulaye Kant\u00e9,Middlesbrough,C\u00f4te d'Ivoire,,4700000,EUR,2030-06-30
1542789,Mamadou Doumbia,Watford,Mali,,3800000,EUR,2029-06-30
1655006,Amin Nabizada,Watford U21,Afghanistan,,220000,EUR,2030-06-30
36466,Matt Phillips,No team,Scotland,,105000,EUR,
137017,Onel Hern\u00e1ndez,Port Vale,Cuba,,275000,EUR,2027-06-30
329431,Greg Leigh,Oxford United,Jamaica,,140000,EUR,
552632,Benson Manuel,Maccabi Haifa,Angola,,2100000,EUR,2027-06-30
786028,Kalvin Phillips,Manchester City,England,,2400000,EUR,2028-06-30
842536,Alfons Sampsted,Go Ahead Eagles,Iceland,,1600000,EUR,2028-06-30
852145,Josh Maja,West Bromwich Albion,Nigeria,,4400000,EUR,
855652,Elliott Moore,Northampton Town,England,,370000,EUR,2027-06-30
928848,Nik Prelec,Jagiellonia Bia\u0142ystok,Slovenia,,1000000,EUR,2029-06-30
941164,Makhtar Gueye,Shanghai Shenhua,Senegal,,1800000,EUR,2027-12-31
944036,Louie Sibley,Oxford United,England,,1100000,EUR,
989889,Sidnei Tavares,Blackburn Rovers,Cape Verde,,1900000,EUR,2028-06-30
992301,Kwame Poku,Queens Park Rangers,Ghana,,1100000,EUR,
995670,Danny McNamara,No team,Ireland,,1400000,EUR,
1096136,Daniel Jebbison,Bournemouth,Canada,,5800000,EUR,2028-06-30
1102504,K\u00e9vin Keben Biakolo,Watford,Cameroon,,3600000,EUR,2028-06-30
1389768,Ryan One,Sheffield United,Scotland,,935000,EUR,2029-06-30
1498836,Dujuan Richards,Chelsea U21,Jamaica,,485000,EUR,2027-06-30
1536278,Devlan Moses,Sheffield Wednesday U21,Northern Ireland,,97000,EUR,
27014,Moussa Sissoko,Panathinaikos FC,France,,195000,EUR,2027-06-30
104857,Liam Palmer,Sheffield Wednesday,Scotland,,105000,EUR,2027-06-30
591876,Lars-J\u00f8rgen Salvesen,Derby County,Norway,,515000,EUR,2027-06-30
845571,Harry Pickering,Blackburn Rovers,England,,1900000,EUR,2027-06-30
865057,Patson Daka,No team,Zambia,,2900000,EUR,
903166,Aynsley Pears,Blackburn Rovers,England,,970000,EUR,2027-06-30
920597,Emil Riis Jacobsen,Bristol City,Denmark,,5800000,EUR,2028-06-30
970435,Will Smallbone,No team,Ireland,,3400000,EUR,
978321,Mamadou Kaly Sene,Middlesbrough,Senegal,,1900000,EUR,2029-06-30
980635,Haydon Roberts,Reading,England,,1100000,EUR,2028-06-30
1013987,Jay Stansfield,Birmingham City,England,,19100000,EUR,2031-06-30
1064263,Mark Harris,Oxford United,Wales,,630000,EUR,
1092409,Victor Kristiansen,Panathinaikos FC,Denmark,,9700000,EUR,2027-06-30
1133480,Connor O'Riordan,Blackburn Rovers,Ireland,,550000,EUR,
1153420,Silko Thomas,Wycombe Wanderers,England,,465000,EUR,
1199057,Sontje Hansen,Middlesbrough,Curacao,,3400000,EUR,2029-06-30
1424936,Matthew Litherland,Blackburn U21,England,,325000,EUR,2027-06-30
1597264,Esquerdinha,Queens Park Rangers,Brazil,,2900000,EUR,
1833884,Ibrahim Fullah,Charlton Athletic,England,,430000,EUR,
1845232,Cathal McCarthy,Hull City U21,Ireland,,290000,EUR,2027-06-30
547376,Ryan Hardie,Wrexham,Scotland,,775000,EUR,2028-06-30
838612,Nathan Baxter,Leyton Orient,England,,660000,EUR,2028-06-30
904845,Tom Dele-Bashiru,Watford,Nigeria,,1700000,EUR,2027-06-30
934228,Aji Alese,Sunderland,England,,680000,EUR,2027-06-30
980797,Mirko Topi\u0107,Norwich City,Serbia,,3700000,EUR,2029-06-30
986352,Edoardo Bove,Watford,Italy,,4300000,EUR,2031-06-30
987541,Liam Morrison,Queens Park Rangers,Scotland,,940000,EUR,2028-06-30
1000142,Aaron Ramsey,Burnley,England,,6600000,EUR,2028-06-30
1149851,Franco Umeh,Portsmouth,Ireland,,520000,EUR,2029-06-30
1170314,Zak Lovelace,Millwall,England,,515000,EUR,
1404653,Isak Alemayehu Mulugeta,Queens Park Rangers U21,Sweden,,535000,EUR,
1462283,Thomas Waddingham,Portsmouth,Australia,,525000,EUR,2028-06-30
1466787,Olly Thomas,Bristol City U21,England,,92000,EUR,2028-06-30
1467305,Dajaune Brown,Derby County,Jamaica,,440000,EUR,2027-06-30
1561770,Oliver Bostock,West Bromwich Albion U21,Wales,,190000,EUR,2027-06-30
1917669,Louis Page,Leicester City,England,,4099999,EUR,2029-06-30
2215523,Bruno Fernandes,Sheffield Wednesday U21,Portugal,,94000,EUR,
340689,Kayden Jackson,Bradford City,England,,205000,EUR,2028-06-30
372342,Reece Burke,Charlton Athletic,England,,970000,EUR,2027-06-30
374384,Colby Bishop,Portsmouth,England,,1200000,EUR,2028-06-30
784501,Joe Williams,Bristol City,England,,825000,EUR,2027-06-30
826057,Mads Roerslev,Southampton,Denmark,,4200000,EUR,2029-06-30
858911,Jacob Brown,Reading,Scotland,,970000,EUR,2028-06-30
925987,Kanya Fujimoto,Birmingham City,Japan,,1900000,EUR,2028-06-30
978823,Willum Thor Willumsson,NEC Nijmegen,Iceland,,1500000,EUR,2028-06-30
982559,M\u00e1rk Kosznovszky,Portsmouth,Hungary,,970000,EUR,2028-06-30
1015227,Daryl Dike,Orlando City SC,USA,,1100000,EUR,
1082714,Micah Hamilton,Middlesbrough,England,,2000000,EUR,2028-06-30
1089161,Miguel \u00c1ngel Brau,Coventry City,Spain,,1000000,EUR,2029-06-30
1093242,George Pratt,Blackburn Rovers,England,,745000,EUR,
1138456,Makenzie Kirk,Barnsley,Northern Ireland,,440000,EUR,2027-06-30
1143932,Tommy Simkin,Doncaster Rovers,England,,945000,EUR,2027-05-31
1152187,Joel Ndala,Manchester City U21,England,,2900000,EUR,
1153108,Harvey Blair,Portsmouth,England,,330000,EUR,2027-06-30
1214696,Jack Grieves,Watford U21,England,,205000,EUR,2027-06-30
2215525,Jarvis Thornton,Sheffield Wednesday,England,,460000,EUR,
52023,Ryan Allsop,Birmingham City,England,,620000,EUR,2028-06-30
59130,Tom Bradshaw,No team,Wales,,180000,EUR,
115346,Nathan Redmond,No team,England,,580000,EUR,
547380,Scott Wright,Birmingham City,Scotland,,380000,EUR,2027-06-30
754698,Ben Godfrey,Rangers,England,,4700000,EUR,2027-06-30
785799,Jerry Yates,Luton Town,England,,1400000,EUR,
818073,Joe Aribo,No team,Nigeria,,1900000,EUR,
867438,Jonathan Panzo,No team,England,,1600000,EUR,
881396,Davis Keillor-Dunn,Wrexham,England,,955000,EUR,2029-06-30
944201,Marcus Forss,No team,Finland,,1600000,EUR,
1001937,Louie Barry,Sheffield Wednesday,England,,2700000,EUR,2030-06-30
1093341,Gatlin O'Donkor,Oxford United,England,,210000,EUR,
1157614,August Priske,Birmingham City,Denmark,,7500000,EUR,2031-06-30
1394801,Harry Whitwell,West Bromwich Albion U21,England,,97000,EUR,2027-06-30
1425026,Bobby Wales,Swansea City,Scotland,,340000,EUR,2029-06-30
1434768,Kealey Adamson,Queens Park Rangers,Australia,,440000,EUR,2028-06-30
1656234,Errol Mundle-Smith,Norwich City,England,,435000,EUR,
1899688,Nathan Dlamini,Blackburn U21,England,,96000,EUR,
2215528,Reece Johnson,Sheffield Wednesday,England,,190000,EUR,2027-06-30
26989,Jay Rodriguez,No team,England,,210000,EUR,
134248,Michael Frey,No team,Switzerland,,415000,EUR,
791987,Ike Ugbo,Sheffield Wednesday,Canada,,1100000,EUR,2028-06-30
793229,Jack James Walton,Dundee United,England,,485000,EUR,2029-06-30
793958,Ryan Nyambe,Derby County,Namibia,,770000,EUR,2027-06-30
840740,\u017dan Celar,Basel,Slovenia,,825000,EUR,
877766,Kyogo Furuhashi,Birmingham City,Japan,,2100000,EUR,2028-06-30
878130,Andrew Fisher,Swansea City,England,,565000,EUR,2028-06-30
912033,R\u00f3bert Bo\u017een\u00edk,Stoke City,Slovakia,,2400000,EUR,2028-06-30
1109969,Axel Henriksson,Blackburn Rovers,Sweden,,925000,EUR,2029-06-30
1165974,Milo\u0161 Lukovi\u0107,RC Strasbourg,Serbia,,3400000,EUR,2028-06-30
1185196,Fally Mayulu,FC Arouca,France,,1400000,EUR,
1423747,Bailey Cadamarteri,Wrexham,Jamaica,,2100000,EUR,2029-06-30
1543805,Olabade Aluko,Leicester City,England,,290000,EUR,
1614475,Nicholas Oyekunle,Southampton U21,England,,190000,EUR,2028-06-30
1910827,Favour Onukwuli,No team,England,,105000,EUR,
1986853,Sydney Agina,Forest Green Rovers,Kenya,,205000,EUR,2027-01-03
2053383,Cole McGhee,Sheffield Wednesday,England,,290000,EUR,2027-06-30
353282,Oleksandr Zubkov,AEK Athens,Ukraine,,6200000,EUR,2030-06-30
359332,Majid Hosseini,Kayserispor,Iran,,675000,EUR,2027-06-30
553412,Joe Wildsmith,No team,England,,280000,EUR,
827418,Muhammed \u015eengezer,Ba\u015fak\u015fehir FK,T\u00fcrkiye,,3600000,EUR,2028-06-30
840297,Ali Emre Yanar,Kas\u0131mpa\u015fa,T\u00fcrkiye,,110000,EUR,2027-06-30
892397,Wes Harding,Plymouth Argyle,Jamaica,,775000,EUR,2028-06-30
907461,Orkun K\u00f6k\u00e7\u00fc,Be\u015fikta\u015f JK,T\u00fcrkiye,,24000000,EUR,2030-06-30
925285,Devis V\u00e1squez,AS Roma,Colombia,,1400000,EUR,2027-06-30
981395,Arseniy Batagov,Trabzonspor,Ukraine,,11500000,EUR,2028-06-30
996993,Pierre Dwomoh,No team,Belgium,,1400000,EUR,
1010010,Ali Al-Hamadi,Ipswich Town,Iraq,,1500000,EUR,2028-06-30
1065508,Deniz Dilmen,Ba\u015fak\u015fehir FK,T\u00fcrkiye,,1100000,EUR,2027-06-30
1132027,Noah Mawene,Southend United,England,,195000,EUR,
1210422,Jankat Y\u0131lmaz,Galatasaray,T\u00fcrkiye,,1600000,EUR,2027-06-30
1481134,Chibuike Nwaiwu,Trabzonspor,Nigeria,,9100000,EUR,2030-06-30
1543803,Hindolo Mustapha,Wigan Athletic,Sierra Leone,,105000,EUR,2027-06-30
1655005,Mackenzie Maltby,FC Halifax Town,England,,110000,EUR,
1822468,Tylon Smith,Queens Park Rangers U21,South Africa,,185000,EUR,
2266453,Bachir Gueye,Antalyaspor,Senegal,,105000,EUR,2027-06-30
43559,G\u00fcray Vural,Antalyaspor,T\u00fcrkiye,,79000,EUR,
76265,Stefan Savi\u0107,Trabzonspor,Montenegro,,430000,EUR,2027-06-30
180511,Alexandru Maxim,Gaziantep FK,Romania,,290000,EUR,2027-06-30
217110,Juli\u00e1n Cuesta,Antalyaspor,Spain,,195000,EUR,2027-06-30
254979,Haris Hajradinovi\u0107,Kas\u0131mpa\u015fa,Bosnia & Herzegovina,,1300000,EUR,2027-06-30
283847,Ivo Grbi\u0107,Sheffield United,Croatia,,1000000,EUR,2027-06-30
284395,Qazim Laci,\u00c7aykur Rizespor,Albania,,2900000,EUR,2028-06-30
295123,Paul Onuachu,Trabzonspor,Nigeria,,6200000,EUR,2028-06-30
354860,Florent Hadergjonaj,Alanyaspor,Kosovo,,1900000,EUR,2027-06-30
358524,Marcos Felipe,\u00c7orum FK,Brazil,,1400000,EUR,2028-06-30
787498,Andr\u00e9 Onana,Trabzonspor,Cameroon,,9300000,EUR,2027-06-30
791355,Eldor Shomurodov,Ba\u015fak\u015fehir FK,Uzbekistan,,7400000,EUR,2028-06-30
845792,Ricardo Velho,SC Farense,Portugal,,3100000,EUR,2028-06-30
867595,Batuhan \u015een,Fatih Karag\u00fcmr\u00fck,T\u00fcrkiye,,210000,EUR,2029-06-30
896364,Yusuf Sar\u0131,Ba\u015fak\u015fehir FK,T\u00fcrkiye,,4300000,EUR,2028-06-30
924670,Ernest Mu\u00e7i,Trabzonspor,Albania,,11700000,EUR,2029-06-30
997705,Erhan Erent\u00fcrk,\u00c7orum FK,T\u00fcrkiye,,190000,EUR,2028-06-30
1108094,Adamo Nagalo,PSV Eindhoven,Burkina Faso,,2900000,EUR,2029-06-30
1618417,Arda Yavuz,Ey\u00fcpspor,T\u00fcrkiye,,46000,EUR,2030-06-30
1888002,Christ Inao Oula\u00ef,Trabzonspor,C\u00f4te d'Ivoire,,22000000,EUR,2030-06-30
34142,Paulo Victor,Alanyaspor,Brazil,,55000,EUR,2027-06-30
97001,Jo\u00e3o M\u00e1rio,Be\u015fikta\u015f JK,Portugal,,1500000,EUR,2027-06-30
105974,Ertu\u011frul Ta\u015fk\u0131ran,Erzurumspor FK,T\u00fcrkiye,,105000,EUR,
142619,Kerem Demirbay,Kas\u0131mpa\u015fa,Germany,,1100000,EUR,2029-06-30
173933,Sokratis Dioudis,Aris Thessaloniki,Greece,,210000,EUR,2027-06-30
221566,Igor Lichnovsky,No team,Chile,,775000,EUR,
257497,Dimitris Goutas,Gen\u00e7lerbirli\u011fi,Greece,,845000,EUR,2027-06-30
357746,Diogo Gon\u00e7alves,Konyaspor,Portugal,,2400000,EUR,2028-06-30
792142,Felix Uduokhai,Be\u015fikta\u015f JK,Germany,,3200000,EUR,2027-06-30
798375,Mateusz Lis,Lech Pozna\u0144,Poland,,2600000,EUR,2029-06-30
825850,Bilal Bayazit,Samsunspor,T\u00fcrkiye,,1600000,EUR,2030-06-30
839110,Peter Etebo,Gen\u00e7lerbirli\u011fi,Nigeria,,195000,EUR,2027-06-30
839982,L\u00e9o Duarte,Atl\u00e9tico Mineiro,Brazil,,2400000,EUR,2030-12-31
868049,Ruan,No team,Brazil,,440000,EUR,
895009,Emirhan Top\u00e7u,Be\u015fikta\u015f JK,T\u00fcrkiye,,6500000,EUR,2028-06-30
913656,Ersin Destano\u011flu,Al-Jazira,T\u00fcrkiye,,4099999,EUR,
974582,Hrvoje Smol\u010di\u0107,\u00c7orum FK,Croatia,,1800000,EUR,2028-06-30
1016033,Alassane Ndao,No team,Senegal,,1200000,EUR,
1063395,Arda Kurtulan,G\u00f6ztepe,T\u00fcrkiye,,6800000,EUR,2029-06-30
2335264,Eren Yagmur,Konyaspor U19,T\u00fcrkiye,,55000,EUR,2028-06-30
60317,G\u00f6khan De\u011firmenci,No team,T\u00fcrkiye,,46000,EUR,
138154,Robin Yal\u00e7\u0131n,Fatih Karag\u00fcmr\u00fck,Germany,,425000,EUR,
186949,Ramzi Safouri,Antalyaspor,Israel,,870000,EUR,2027-06-30
280447,Olivier Kemen,Ba\u015fak\u015fehir FK,Cameroon,,2400000,EUR,2027-06-30
354558,L\u00e1szl\u00f3 B\u00e9nes,KAA Gent,Slovakia,,2300000,EUR,2030-06-30
603902,Ahmet O\u011fuz,No team,T\u00fcrkiye,,380000,EUR,
787949,Adil Demirba\u011f,Konyaspor,T\u00fcrkiye,,3300000,EUR,2027-06-30
807289,Bahad\u0131r Han G\u00fcng\u00f6rd\u00fc,Konyaspor,T\u00fcrkiye,,660000,EUR,2027-06-30
827522,Amine Harit,Olympique de Marseille,Morocco,,5300000,EUR,2027-06-30
858977,Christopher Operi,Ba\u015fak\u015fehir FK,C\u00f4te d'Ivoire,,3700000,EUR,2027-06-30
863600,Samet Akayd\u0131n,Trabzonspor,T\u00fcrkiye,,1300000,EUR,2028-06-30
876857,Berat Ayberk \u00d6zdemir,Ba\u015fak\u015fehir FK,T\u00fcrkiye,,2600000,EUR,2027-06-30
916182,Ivan Brni\u0107,Ba\u015fak\u015fehir FK,Croatia,,2100000,EUR,2028-06-30
958167,Drissa Camara,Gaziantep FK,C\u00f4te d'Ivoire,,3600000,EUR,2028-06-30
984602,Kacper Koz\u0142owski,Gaziantep FK,Poland,,5600000,EUR,2027-06-30
997165,Bartu\u011f Elmaz,Fenerbah\u00e7e,T\u00fcrkiye,,1500000,EUR,2028-06-30
1124357,Junior Olaitan,Be\u015fikta\u015f JK,Benin,,6800000,EUR,2029-06-30
1513625,Wagner Pina,Trabzonspor,Cape Verde,,11400000,EUR,2029-06-30
2119726,Renato Nhaga,Galatasaray,Guinea-Bissau,,5800000,EUR,2030-06-30
2430541,Ali Diabat\u00e9,Samsunspor,C\u00f4te d'Ivoire,,1100000,EUR,2029-06-30
251907,Ozan Tufan,Trabzonspor,T\u00fcrkiye,,1400000,EUR,2027-06-30
252207,Deniz T\u00fcr\u00fc\u00e7,Konyaspor,T\u00fcrkiye,,530000,EUR,2028-06-30
284767,Umut Nayir,Trabzonspor,T\u00fcrkiye,,625000,EUR,2027-06-30
385296,Fidan Aliti,Alanyaspor,Kosovo,,870000,EUR,2028-06-30
605580,Daniele Verde,Fatih Karag\u00fcmr\u00fck,Italy,,730000,EUR,
883355,Christopher Lungoyi,Wieczysta Krak\u00f3w,Switzerland,,1000000,EUR,2028-06-30
899069,Mustafa Eskihella\u00e7,Trabzonspor,T\u00fcrkiye,,4300000,EUR,2027-06-30
909318,Mohamed Bayo,Lille,Guinea,,4800000,EUR,2027-06-30
929631,Elayis Tavsan,Samsunspor,Netherlands,,1400000,EUR,2030-06-30
988906,Calegari,Ey\u00fcpspor,Brazil,,2400000,EUR,2027-06-30
1009928,Juan Santos da Silva,G\u00f6ztepe,Brazil,,12600000,EUR,2029-06-30
1035954,Yi\u011fit Emre \u00c7eltik,Kayserispor,T\u00fcrkiye,,53000,EUR,2027-06-30
1063942,O\u011fulcan \u00dclg\u00fcn,Gen\u00e7lerbirli\u011fi,T\u00fcrkiye,,1100000,EUR,2027-06-30
1102775,Serhat \u00d6zta\u015fdelen,Kocaelispor,T\u00fcrkiye,,550000,EUR,2027-06-30
1106446,Tim Jabol-Folcarelli,Trabzonspor,France,,6600000,EUR,2029-06-30
1118429,Abbosbek Fayzullaev,Ba\u015fak\u015fehir FK,Uzbekistan,,6500000,EUR,2030-06-30
1144096,Adedire Mebude,\u00c7aykur Rizespor,Scotland,,1600000,EUR,2030-06-30
1215071,\u00dcmit Akda\u011f,Alanyaspor,Romania,,6400000,EUR,2028-06-30
1215110,Baran Ali Gezek,Kayserispor,T\u00fcrkiye,,1600000,EUR,2028-06-30
1499364,Salih Malko\u00e7o\u011flu,Trabzonspor,T\u00fcrkiye,,1500000,EUR,2028-06-30
187437,Davie Selke,Ba\u015fak\u015fehir FK,Germany,,2900000,EUR,2027-06-30
217782,Halil Akbunar,Bursaspor,T\u00fcrkiye,,280000,EUR,2028-06-30
236746,Andreas Gianniotis,Kas\u0131mpa\u015fa,Greece,,330000,EUR,2027-06-30
309306,Bruno Petkovi\u0107,Kocaelispor,Croatia,,1400000,EUR,2027-06-30
325155,Semih G\u00fcler,Kayserispor,Germany,,825000,EUR,2028-06-30
355024,Enis Bardhi,Konyaspor,North Macedonia,,2700000,EUR,2027-06-30
787885,Wilfred Ndidi,Be\u015fikta\u015f JK,Nigeria,,7500000,EUR,2028-06-30
802150,Nicolas Janvier,No team,France,,720000,EUR,
849301,Serginho,No team,Brazil,,580000,EUR,
855672,Afonso Sousa,Samsunspor,Portugal,,2300000,EUR,2030-06-30
892735,Tiago Djal\u00f3,Be\u015fikta\u015f JK,Portugal,,7500000,EUR,2028-06-30
927649,Jackson Muleka,Konyaspor,DR Congo,,2900000,EUR,2027-06-30
983510,Botond Balogh,Parma,Hungary,,2300000,EUR,2027-06-30
987088,Allan,G\u00f6ztepe,Brazil,,105000,EUR,2027-06-30
998462,Melih \u0130brahimo\u011flu,Konyaspor,T\u00fcrkiye,,2600000,EUR,2027-06-30
1002146,Maestro,Alanyaspor,Angola,,7200000,EUR,2029-06-30
1106681,Felipe Augusto,Zenit St. Petersburg,Brazil,,14500000,EUR,2030-06-30
1110708,Loide Augusto,Vasco da Gama,Angola,,1100000,EUR,2027-12-31
1133301,Nuno Lima,Alanyaspor,Portugal,,2100000,EUR,2029-06-30
1388550,Baran Mogultay,I\u011fd\u0131r FK,T\u00fcrkiye,,180000,EUR,2028-06-30
98276,Veysel Sar\u0131,Antalyaspor,T\u00fcrkiye,,97000,EUR,2027-06-30
149796,Nikola Storm,Antalyaspor,Belgium,,1100000,EUR,2027-06-30
343527,Emre Akbaba,Fatih Karag\u00fcmr\u00fck,T\u00fcrkiye,,415000,EUR,
605548,Yhoan Andzouana,Konyaspor,Congo Republic,,825000,EUR,2028-06-30
756344,Ianis Hagi,Alanyaspor,Romania,,1700000,EUR,2027-06-30
758876,Cengiz \u00dcnder,Fenerbah\u00e7e,T\u00fcrkiye,,3800000,EUR,2027-06-30
790783,Bahad\u0131r \u00d6zt\u00fcrk,Esenler Erokspor,T\u00fcrkiye,,210000,EUR,
843180,Luis P\u00e9rez,Gaziantep FK,Spain,,875000,EUR,2027-06-30
857376,Jo\u00e3o Mendes,Kayserispor,Portugal,,1000000,EUR,2027-06-30
869839,Umut Bozok,No team,T\u00fcrkiye,,1500000,EUR,
904759,Modibo Sagnan,\u00c7aykur Rizespor,Mali,,2100000,EUR,2028-06-30
920514,Jerome Opoku,Ba\u015fak\u015fehir FK,Ghana,,5400000,EUR,2027-06-30
925242,Valentin Mih\u0103il\u0103,\u00c7aykur Rizespor,Romania,,3600000,EUR,2029-06-30
966811,Kartal Kayra Y\u0131lmaz,Be\u015fikta\u015f JK,T\u00fcrkiye,,2400000,EUR,2028-06-30
972410,Miguel Crespo,Ba\u015fak\u015fehir FK,Portugal,,1900000,EUR,2027-06-30
998209,Luccas Claro,Esenler Erokspor,Brazil,,140000,EUR,
1008173,Ibrahim Olawoyin,\u00c7aykur Rizespor,Nigeria,,2100000,EUR,2027-06-30
1019026,Jakub Ka\u0142uzi\u0144ski,Ba\u015fak\u015fehir FK,Poland,,2300000,EUR,2029-06-30
1103597,Novatus Miroshi,G\u00f6ztepe,Tanzania,,4600000,EUR,2028-06-30
1400494,Ruan Pereira Duarte,Alanyaspor,Brazil,,3100000,EUR,2030-06-30
169425,Naz\u0131m Sangar\u00e9,Gaziantep FK,T\u00fcrkiye,,220000,EUR,2028-06-30
344009,Miguel Cardoso,Kayserispor,Portugal,,1400000,EUR,2027-06-30
802850,Youssef A\u00eft Bennasser,Kayserispor,Morocco,,830000,EUR,2027-06-30
876782,Umut G\u00fcne\u015f,Ba\u015fak\u015fehir FK,T\u00fcrkiye,,2900000,EUR,2028-06-30
877977,Yahia Fofana,\u00c7aykur Rizespor,C\u00f4te d'Ivoire,,5200000,EUR,2028-06-30
900809,Metehan Mimaro\u011flu,Trabzonspor,T\u00fcrkiye,,420000,EUR,2027-06-30
922725,H\u00e9liton,No team,Brazil,,1100000,EUR,
928418,German Onugkha,Kayserispor,Russia,,1700000,EUR,2027-06-30
957798,Metehan Altunba\u015f,Ey\u00fcpspor,T\u00fcrkiye,,1800000,EUR,2028-06-30
967214,B\u00fcnyamin Balc\u0131,Antalyaspor,T\u00fcrkiye,,2100000,EUR,2027-06-30
992024,Rhaldney,G\u00f6ztepe,Brazil,,1100000,EUR,2028-06-30
1030711,David Jur\u00e1sek,SK Slavia Praha,Czechia,,4800000,EUR,2029-06-30
1082953,Habib Keita,Kocaelispor,Mali,,2300000,EUR,2028-06-30
1084164,Talha \u00dclvan,Ey\u00fcpspor,T\u00fcrkiye,,385000,EUR,2028-06-30
1124590,Enver Kula\u0161in,Gaziantep FK,Bosnia & Herzegovina,,680000,EUR,2028-06-30
1195772,Deniz Erta\u015f,Konyaspor,T\u00fcrkiye,,3400000,EUR,2027-06-30
1533919,Ege Yildirim,G\u00f6ztepe,T\u00fcrkiye,,53000,EUR,2029-06-30
1892942,Egemen Aydin,Konyaspor,T\u00fcrkiye,,45000,EUR,2027-06-30
2018238,Adem Arous,Kas\u0131mpa\u015fa,Tunisia,,3900000,EUR,2028-06-30
2434516,Ousmane Diabate,Gen\u00e7lerbirli\u011fi,Guinea,,1100000,EUR,2029-06-30
98199,Jonas Svensson,Rosenborg BK,Norway,,515000,EUR,2027-12-31
155998,Cl\u00e1udio Winck,Kas\u0131mpa\u015fa,Brazil,,850000,EUR,2027-06-30
234232,K\u00e9vin Rodrigues,Gen\u00e7lerbirli\u011fi,Portugal,,740000,EUR,2027-06-30
295495,Georgi Dzhikiya,Lokomotiv Moscow,Russia,,1000000,EUR,2027-06-30
355582,\u017dan \u017du\u017eek,Gen\u00e7lerbirli\u011fi,Slovenia,,675000,EUR,2027-06-30
800411,Milot Rashica,Be\u015fikta\u015f JK,Kosovo,,3300000,EUR,2027-06-30
800458,Efkan Bekiro\u011flu,G\u00f6ztepe,T\u00fcrkiye,,1100000,EUR,2027-06-30
800971,Aleksandar Jovanovi\u0107,Kocaelispor,Serbia,,530000,EUR,2027-06-30
804703,Bruno Viana,Alanyaspor,Brazil,,430000,EUR,2027-06-30
904303,U\u011furcan Yaz\u011f\u0131l\u0131,Konyaspor,T\u00fcrkiye,,1900000,EUR,2027-06-30
919225,Mortadha Ben Ouanes,Kas\u0131mpa\u015fa,Tunisia,,1400000,EUR,2027-06-30
930907,Zafer G\u00f6rgen,\u00c7aykur Rizespor,T\u00fcrkiye,,775000,EUR,2027-06-30
933115,Show,Kocaelispor,Angola,,1600000,EUR,2027-06-30
996405,Ibrahim Kaya,Alanyaspor,T\u00fcrkiye,,1600000,EUR,2029-06-30
1094487,Amine Cherni,G\u00f6ztepe,Tunisia,,3600000,EUR,2028-06-30
1101279,Taha Alt\u0131karde\u015f,G\u00f6ztepe,T\u00fcrkiye,,4099999,EUR,2028-06-30
1134704,Atakan Mujde,Kas\u0131mpa\u015fa,T\u00fcrkiye,,120000,EUR,2027-06-30
1484438,Anthony Dennis,G\u00f6ztepe,Nigeria,,7700000,EUR,2027-06-30
1562294,Hamza G\u00fcreler,Ba\u015fak\u015fehir FK,T\u00fcrkiye,,1700000,EUR,2028-06-30
1622183,Charles-Andre Raux Yao,Ey\u00fcpspor,France,,680000,EUR,2028-06-30
124728,Kamil Ahmet \u00c7\u00f6rek\u00e7i,Kas\u0131mpa\u015fa,T\u00fcrkiye,,96000,EUR,2027-06-30
143344,Massadio Ha\u00efdara,Kocaelispor,Mali,,650000,EUR,2027-06-30
229800,Sam Larsson,IFK G\u00f6teborg,Sweden,,580000,EUR,2028-12-31
797602,Deian Sorescu,Gaziantep FK,Romania,,1600000,EUR,2027-06-30
848385,Dario \u0160ari\u0107,Antalyaspor,Bosnia & Herzegovina,,665000,EUR,2027-06-30
885683,Nicholas Opoku,No team,Ghana,,1500000,EUR,
910086,R\u0131dvan Y\u0131lmaz,Be\u015fikta\u015f JK,T\u00fcrkiye,,4700000,EUR,2028-06-30
923888,Prince Ampem,Shanghai Port,Ghana,,720000,EUR,2026-12-31
929739,Rayyan Baniya,Konyaspor,T\u00fcrkiye,,970000,EUR,2030-06-30
932856,Andri Fannar Baldursson,Kas\u0131mpa\u015fa,Iceland,,2100000,EUR,2028-06-30
965015,Franco Tongya,Gen\u00e7lerbirli\u011fi,Italy,,1900000,EUR,2027-06-30
966663,Samuel Ballet,Antalyaspor,Switzerland,,2200000,EUR,2027-06-30
980612,Muhammet Tunahan Ta\u015f\u00e7\u0131,Konyaspor,T\u00fcrkiye,,580000,EUR,2027-06-30
982615,El Bilal Tour\u00e9,Atalanta,Mali,,11700000,EUR,2028-06-30
997155,Metehan Baltac\u0131,Galatasaray,T\u00fcrkiye,,2100000,EUR,2028-06-30
1015939,Pedrinho,Batman Petrolspor,Brazil,,720000,EUR,
1019710,Jo Jin-ho,Batman Petrolspor,South Korea,,920000,EUR,2027-06-30
1021269,Jesper Ceesay,Antalyaspor,Gambia,,1400000,EUR,2028-06-30
1066726,Erdem Canpolat,\u00c7aykur Rizespor,Germany,,545000,EUR,2027-06-30
1550760,Deniz Eren D\u00f6nmezer,Kayserispor,T\u00fcrkiye,,960000,EUR,2028-06-30
45377,Danijel Aleksi\u0107,\u00c7orum FK,Serbia,,190000,EUR,2027-06-30
103912,\u00d6mer Ali \u015eahiner,Ba\u015fak\u015fehir FK,T\u00fcrkiye,,185000,EUR,2028-06-30
220155,Sander van de Streek,Antalyaspor,Netherlands,,515000,EUR,2027-06-30
226992,Furkan Soyalp,Amed Sportif Faaliyetler,T\u00fcrkiye,,380000,EUR,2027-06-30
228342,Badou Ndiaye,No team,Senegal,,275000,EUR,
233856,Lautaro Giannetti,Newell's Old Boys,Argentina,,1200000,EUR,2028-06-30
310068,Marko Jevtovi\u0107,No team,Serbia,,435000,EUR,
796555,Yasir Suba\u015f\u0131,Batman Petrolspor,T\u00fcrkiye,,97000,EUR,
827922,Fatih Aksoy,Alanyaspor,T\u00fcrkiye,,1100000,EUR,2027-06-30
847013,Gaius Makouta,Alanyaspor,Congo Republic,,2100000,EUR,2027-06-30
889430,Ousseynou Ba,Ba\u015fak\u015fehir FK,Senegal,,1300000,EUR,2027-06-30
896596,Lenny Pintor,Ey\u00fcpspor,France,,195000,EUR,2027-06-30
913994,H\u00fcseyin T\u00fcrkmen,No team,T\u00fcrkiye,,275000,EUR,
962620,\u00c7a\u011ftay Kurukal\u0131p,Fatih Karag\u00fcmr\u00fck,T\u00fcrkiye,,550000,EUR,2027-06-30
980608,Samed Onur,Samsunspor,T\u00fcrkiye,,670000,EUR,2029-06-30
1008884,Kaz\u0131mcan Karata\u015f,Galatasaray,T\u00fcrkiye,,2100000,EUR,2027-06-30
1016393,Mithat Pala,\u00c7aykur Rizespor,T\u00fcrkiye,,2800000,EUR,2027-06-30
1138102,Bedirhan \u00d6zyurt,Alanyaspor,T\u00fcrkiye,,195000,EUR,2030-06-30
1394729,Taha \u015eahin,\u00c7aykur Rizespor,T\u00fcrkiye,,3200000,EUR,2028-06-30
135695,Salih U\u00e7an,No team,T\u00fcrkiye,,845000,EUR,
142494,Onur Bulut,Ba\u015fak\u015fehir FK,T\u00fcrkiye,,580000,EUR,2027-06-30
213542,Onurcan Piri,Kocaelispor,T\u00fcrkiye,,210000,EUR,2027-06-30
281233,Casper H\u00f8jer,No team,Denmark,,905000,EUR,
795001,G\u00f6rkem Sa\u011flam,Kayserispor,T\u00fcrkiye,,845000,EUR,2027-06-30
797732,Yohan Boli,Antalyaspor,C\u00f4te d'Ivoire,,750000,EUR,2027-06-30
823092,Attila Szalai,Pogo\u0144 Szczecin,Hungary,,2100000,EUR,2029-06-30
826162,G\u00fcven Yal\u00e7\u0131n,Alanyaspor,T\u00fcrkiye,,1100000,EUR,2028-06-30
828872,Melih Kabasakal,Trabzonspor,T\u00fcrkiye,,560000,EUR,2028-06-30
847782,Soner Dikmen,Antalyaspor,T\u00fcrkiye,,680000,EUR,2028-06-30
869199,Anfernee Jamal Dijksteel,Kocaelispor,Suriname,,1300000,EUR,2027-06-30
890695,Arbnor Muja,Samsunspor,Albania,,2600000,EUR,2027-06-30
945548,Yal\u00e7\u0131n Kayan,Samsunspor,T\u00fcrkiye,,970000,EUR,2028-06-30
957582,Muharrem Cinan,Kocaelispor,T\u00fcrkiye,,390000,EUR,2027-06-30
1088715,Talha Sariarslan,Kayserispor,T\u00fcrkiye,,515000,EUR,
1122632,Malcom Bokele,G\u00f6ztepe,Cameroon,,5400000,EUR,2027-06-30
1142614,Serkan Emrecan Terzi,I\u011fd\u0131r FK,T\u00fcrkiye,,425000,EUR,2028-06-30
1198959,An\u0131l Yi\u011fit \u00c7\u0131nar,Fatih Karag\u00fcmr\u00fck,T\u00fcrkiye,,520000,EUR,2027-06-30
1823965,Onuralp \u00c7ak\u0131ro\u011flu,Pendikspor,T\u00fcrkiye,,105000,EUR,2028-06-30
2161813,Ali Osman Kal\u0131n,Gaziantep FK,T\u00fcrkiye,,53000,EUR,2027-06-30
97967,Okay Yoku\u015flu,Trabzonspor,T\u00fcrkiye,,1200000,EUR,2027-06-30
109779,Edin Vi\u0161\u0107a,Ba\u015fak\u015fehir FK,Bosnia & Herzegovina,,90000,EUR,2027-06-30
122922,Lionel Carole,No team,France,,210000,EUR,
123917,Serdar Dursun,No team,T\u00fcrkiye,,230000,EUR,
171911,Ta\u015fk\u0131n Ilter,Ey\u00fcpspor,Azerbaijan,,160000,EUR,2027-06-30
190191,Emre Ta\u015fdemir,Mardin 1969 Spor,T\u00fcrkiye,,91000,EUR,2027-06-30
209374,Nuno Da Costa,Ba\u015fak\u015fehir FK,Cape Verde,,380000,EUR,2027-06-30
291237,Daniel Johnson,No team,Jamaica,,270000,EUR,
295159,Mat\u00edas Kranevitter,Racing Club,Argentina,,640000,EUR,2027-06-30
335317,Dorin Rotariu,No team,Romania,,270000,EUR,
555422,Myenty Abena,Gaziantep FK,Suriname,,625000,EUR,2027-06-30
859783,Og\u00fcn \u00d6z\u00e7i\u00e7ek,Gaziantep FK,T\u00fcrkiye,,540000,EUR,2027-06-30
863277,Thalisson,Gen\u00e7lerbirli\u011fi,Brazil,,720000,EUR,2027-06-30
865516,Alexis Antunes,G\u00f6ztepe,Switzerland,,1500000,EUR,2029-06-30
893009,Onur Erg\u00fcn,Ba\u015fak\u015fehir FK,T\u00fcrkiye,,145000,EUR,2027-06-30
897168,Enes Keskin,Alanyaspor,T\u00fcrkiye,,370000,EUR,2029-06-30
903999,Og\u00fcn Bayrak,G\u00f6ztepe,T\u00fcrkiye,,740000,EUR,2028-06-30
997007,G\u00f6ktan G\u00fcrp\u00fcz,Trabzonspor,T\u00fcrkiye,,2100000,EUR,2028-06-30
1046446,Benjamin Bouchouari,Trabzonspor,Morocco,,4800000,EUR,2028-06-30
1064080,Mateusz \u0141\u0119gowski,Motor Lublin,Poland,,1900000,EUR,2028-06-30
97404,Stefano Denswil,AEL Limassol,Suriname,,665000,EUR,2027-05-31
110956,Caf\u00fa,No team,Portugal,,260000,EUR,
139455,Anthony Nwakaeme,No team,Nigeria,,165000,EUR,
142541,Erdo\u011fan Ye\u015filyurt,Antalyaspor,T\u00fcrkiye,,320000,EUR,2028-06-30
180981,Mame Thiam,\u00c7orum FK,Senegal,,950000,EUR,2027-06-30
189135,Karol Linetty,Kocaelispor,Poland,,1200000,EUR,2027-06-30
190197,Taylan Antalyal\u0131,\u00c7aykur Rizespor,T\u00fcrkiye,,725000,EUR,2027-06-30
224112,Guilherme Haubert Sity\u00e1,No team,Brazil,,210000,EUR,
233252,Davide Biraschi,Fatih Karag\u00fcmr\u00fck,Italy,,415000,EUR,2028-06-30
788971,Juninho Bacuna,Gaziantep FK,Curacao,,1800000,EUR,2027-06-30
849329,Ahmed Ild\u0131z,\u00c7orum FK,T\u00fcrkiye,,340000,EUR,2027-06-30
862078,Meschak Elia,Alanyaspor,DR Congo,,1600000,EUR,2028-06-30
889382,Attila Mocsi,\u00c7aykur Rizespor,Hungary,,2100000,EUR,2027-06-30
904112,Firatcan \u00dcz\u00fcm,Gen\u00e7lerbirli\u011fi,T\u00fcrkiye,,220000,EUR,2027-06-30
921358,Morten Bj\u00f8rlo,Konyaspor,Norway,,950000,EUR,2027-06-30
991742,Altin Zeqiri,\u00c7aykur Rizespor,Kosovo,,920000,EUR,2027-06-30
1136280,Shavy Babicka,FK Crvena zvezda,Gabon,,1500000,EUR,2028-06-30
1149138,Joseph Nonge,Kocaelispor,Belgium,,2100000,EUR,2028-06-30
1480663,Emrecan Bulut,\u00c7aykur Rizespor,T\u00fcrkiye,,580000,EUR,2028-06-30
2031279,Hasan Yakub \u0130l\u00e7in,Antalyaspor,T\u00fcrkiye,,315000,EUR,
52797,Ryan Mendes,No team,Cape Verde,,220000,EUR,
255957,Tayfur Bing\u00f6l,Kocaelispor,T\u00fcrkiye,,425000,EUR,2027-06-30
791314,Hwang Ui-Jo,Alanyaspor,South Korea,,485000,EUR,2027-06-30
793227,Dan Agyei,Kocaelispor,Ghana,,1300000,EUR,2027-06-30
796374,Fousseni Diabat\u00e9,Kas\u0131mpa\u015fa,Mali,,775000,EUR,2027-06-30
806964,Berkay \u00d6zcan,Ba\u015fak\u015fehir FK,T\u00fcrkiye,,1300000,EUR,2027-06-30
883275,Abdurrahim Dursun,Gen\u00e7lerbirli\u011fi,T\u00fcrkiye,,240000,EUR,2027-06-30
930775,Halil Dervi\u015fo\u011flu,Galatasaray,T\u00fcrkiye,,660000,EUR,2027-06-30
934201,Burak Bozan,Amed Sportif Faaliyetler,T\u00fcrkiye,,550000,EUR,2029-06-30
1003161,Furkan Bay\u0131r,G\u00f6ztepe,T\u00fcrkiye,,970000,EUR,2028-06-30
1004346,Kazeem Olaigbe,Basel,Belgium,,4200000,EUR,2027-06-30
1066338,Atakan \u00c7ankaya,Manisa FK,T\u00fcrkiye,,1100000,EUR,2027-06-30
1084884,Yusuf \u00d6zdemir,Alanyaspor,T\u00fcrkiye,,3100000,EUR,2028-06-30
1121174,Husniddin Aliqulov,\u00c7aykur Rizespor,Uzbekistan,,1200000,EUR,2027-06-30
1134586,Muhamed Buljuba\u0161i\u0107,\u00c7aykur Rizespor,Bosnia & Herzegovina,,1600000,EUR,2028-06-30
1136727,Sam Mather,Kayserispor,England,,110000,EUR,2028-06-30
1172372,Adama Malouda Traor\u00e9,Gen\u00e7lerbirli\u011fi,Mali,,1600000,EUR,2027-06-30
1462989,Janderson,G\u00f6ztepe,Brazil,,5800000,EUR,2028-06-30
1528256,Karamba Gassama,Gaziantep FK,Gambia,,470000,EUR,2029-06-30
2166295,Ismail Esat Buga,Elaz\u0131\u011fspor,T\u00fcrkiye,,96000,EUR,2027-06-30
60510,Efecan Karaca,Sar\u0131yer,T\u00fcrkiye,,97000,EUR,
345035,Steve Mouni\u00e9,FC Augsburg,Benin,,1500000,EUR,2027-06-30
594618,\u0130rfan Can E\u011fribayat,Fenerbah\u00e7e,T\u00fcrkiye,,1100000,EUR,2027-06-30
609746,Umut Mera\u015f,Amed Sportif Faaliyetler,T\u00fcrkiye,,430000,EUR,2028-06-30
760480,Micha\u0142 Nalepa,Serikspor A.\u015e.,Poland,,210000,EUR,2027-06-30
851909,Tayyip Talha Sanu\u00e7,\u00c7aykur Rizespor,T\u00fcrkiye,,1400000,EUR,2028-06-30
858004,Nihad Mujaki\u0107,Erzurumspor FK,Bosnia & Herzegovina,,1100000,EUR,2027-06-30
876345,Darko Churlinov,Kocaelispor,North Macedonia,,1400000,EUR,2027-06-30
904228,Arda K\u0131z\u0131lda\u011f,Gaziantep FK,T\u00fcrkiye,,840000,EUR,2027-06-30
934507,Furkan Beklevi\u00e7,Band\u0131rmaspor,T\u00fcrkiye,,215000,EUR,2028-06-30
964758,Rob Nizet,POT Iraklis,Belgium,,240000,EUR,
988637,Marius \u0218tef\u0103nescu,FC Universitatea Cluj,Romania,,540000,EUR,
1000187,Yusuf Baras\u0131,Kas\u0131mpa\u015fa,T\u00fcrkiye,,775000,EUR,2028-06-30
1084880,Serdar Saat\u00e7\u0131,\u00c7orum FK,T\u00fcrkiye,,2000000,EUR,2029-06-30
1138095,Arif Bo\u015fluk,Konyaspor,T\u00fcrkiye,,725000,EUR,
1145695,Alper Demirol,No team,Sweden,,215000,EUR,
1156644,Mahamadou Susoho,Kocaelispor,Spain,,1000000,EUR,2028-06-30
1387006,Cem \u00dcst\u00fcndag,Amed Sportif Faaliyetler,Austria,,575000,EUR,2028-06-30
1931486,Oguzhan Ertem,Trabzonspor U19,T\u00fcrkiye,,105000,EUR,2030-06-30
2460449,Abdou Sy,Ey\u00fcpspor,Senegal,,90000,EUR,2028-06-30
69369,Sinan Osmano\u011flu,\u00c7orum FK,T\u00fcrkiye,,48000,EUR,2027-06-30
139228,M'Baye Niang,No team,Senegal,,860000,EUR,
238394,Ali Sowe,\u00c7aykur Rizespor,Gambia,,1600000,EUR,2028-06-30
595396,G\u00f6khan Sazda\u011f\u0131,\u00c7orum FK,T\u00fcrkiye,,1200000,EUR,2028-06-30
807291,Pedro Pereira,Gen\u00e7lerbirli\u011fi,Portugal,,1100000,EUR,2027-06-30
822710,Sekou Koita,Gen\u00e7lerbirli\u011fi,Mali,,2400000,EUR,2027-06-30
826155,Abd\u00fclkadir \u00d6m\u00fcr,Hull City,T\u00fcrkiye,,1400000,EUR,2027-06-30
826836,\u0130zzet \u00c7elik,Alanyaspor,T\u00fcrkiye,,245000,EUR,2029-06-30
828953,Kubilay Kanats\u0131zku\u015f,Kas\u0131mpa\u015fa,T\u00fcrkiye,,435000,EUR,2027-06-30
841199,Denis Dr\u0103gu\u015f,Trabzonspor,Romania,,1900000,EUR,2028-06-30
856988,Giannis Papanikolaou,\u00c7aykur Rizespor,Greece,,1200000,EUR,2027-06-30
879542,Kevin Csoboth,FC St. Gallen 1879,Hungary,,320000,EUR,2028-06-30
880207,Rodrigo Bec\u00e3o,Fenerbah\u00e7e,Brazil,,2100000,EUR,2028-06-30
955978,Denis Makarov,Krylya Sovetov Samara,Russia,,1100000,EUR,2027-06-30
983059,Festy Ebosele,Ba\u015fak\u015fehir FK,Ireland,,2700000,EUR,2028-06-30
995383,U\u011fur Kaan Y\u0131ld\u0131z,Kocaelispor,T\u00fcrkiye,,620000,EUR,2028-06-30
1127335,Cihan \u00c7anak,Trabzonspor,T\u00fcrkiye,,1900000,EUR,2027-06-30
1418644,Taylan Bulut,Be\u015fikta\u015f JK,Germany,,5200000,EUR,2030-06-30
1464661,Jeh,FK Partizan,Brazil,,1000000,EUR,2027-06-30
1632791,Gidado Victor Ntino-Emo,Gaziantep FK,Nigeria,,420000,EUR,2029-06-30
97000,Ricardo Esgaio,Gil Vicente,Portugal,,740000,EUR,2028-06-30
164099,Tarkan Serbest,Amed Sportif Faaliyetler,T\u00fcrkiye,,270000,EUR,2027-06-30
225850,V\u00e1clav Jure\u010dka,Ban\u00edk Ostrava,Czechia,,730000,EUR,2027-06-30
285997,Kenneth Paal,Antalyaspor,Suriname,,2100000,EUR,2028-06-30
339253,Cihat \u00c7elik,Sivasspor,Netherlands,,370000,EUR,2027-06-30
807093,Fatih Kurucuk,Fethiyespor,T\u00fcrkiye,,215000,EUR,
827515,Abdullah Yi\u011fiter,Antalyaspor,T\u00fcrkiye,,260000,EUR,2027-06-30
836686,Burak Kapacak,No team,T\u00fcrkiye,,195000,EUR,
881966,Mert Yilmaz,Antalyaspor,T\u00fcrkiye,,365000,EUR,2027-06-30
918408,Can Kele\u015f,Be\u015fikta\u015f JK,Austria,,1300000,EUR,2028-06-30
979109,Dal Vare\u0161anovi\u0107,\u00c7aykur Rizespor,Bosnia & Herzegovina,,1300000,EUR,2027-06-30
984096,Yaw Ackah,No team,Ghana,,285000,EUR,
985412,Indrit Tuci,AC Sparta Praha,Albania,,660000,EUR,
1011955,Mehmet Eray \u00d6zbek,No team,T\u00fcrkiye,,215000,EUR,
1102676,Denis Radu,FC Petrolul Ploie\u0219ti,Romania,,775000,EUR,2027-06-30
1130115,Ey\u00fcp Ayd\u0131n,Galatasaray,T\u00fcrkiye,,825000,EUR,2027-06-30
1534046,Baris Kalayci,Fatih Karag\u00fcmr\u00fck,T\u00fcrkiye,,1900000,EUR,2029-06-30
1631434,Guilherme Luiz,G\u00f6ztepe,Brazil,,1400000,EUR,2030-06-30
2266454,Christ Sadia,Ey\u00fcpspor,C\u00f4te d'Ivoire,,110000,EUR,2028-06-30
2273226,Devrim \u015eahin,Be\u015fikta\u015f JK,T\u00fcrkiye,,380000,EUR,2028-06-30
96520,Serdar G\u00fcrler,\u00c7orum FK,T\u00fcrkiye,,110000,EUR,2028-06-30
286087,Mateusz Wieteska,Cagliari,Poland,,1100000,EUR,2027-06-30
296438,Joshua Brenet,Kayserispor,Curacao,,905000,EUR,2027-06-30
320905,Mat\u011bj Hanousek,Dukla Praha,Czechia,,110000,EUR,
387050,O\u011fulcan \u00c7a\u011flayan,Vanspor FK,T\u00fcrkiye,,635000,EUR,2027-06-30
781408,Ramazan Civelek,Fatih Karag\u00fcmr\u00fck,T\u00fcrkiye,,720000,EUR,2028-06-30
796114,Do\u011fukan Sinik,Antalyaspor,T\u00fcrkiye,,1000000,EUR,2027-06-30
796133,Dorukhan Tok\u00f6z,Kayserispor,T\u00fcrkiye,,760000,EUR,2027-06-30
859748,Carlos Man\u00e9,No team,Guinea-Bissau,,635000,EUR,
880778,Habib Gueye,Kas\u0131mpa\u015fa,Senegal,,1300000,EUR,2029-06-30
945479,Danylo Sikan,RSC Anderlecht,Ukraine,,4300000,EUR,2030-06-30
976993,Nurettin Korkmaz,Kayserispor,T\u00fcrkiye,,105000,EUR,2027-06-30
999646,Seyfettin An\u0131l Ya\u015far,\u00c7aykur Rizespor,T\u00fcrkiye,,310000,EUR,2027-06-30
1091815,Emir Ortakaya,Kocaelispor,T\u00fcrkiye,,550000,EUR,2028-06-30
1105505,Musah Mohammed,G\u00f6ztepe,Ghana,,970000,EUR,2028-06-30
1134447,Tiago Cukur,Fatih Karag\u00fcmr\u00fck,T\u00fcrkiye,,560000,EUR,2028-06-30
1148625,Samet Karakoc,Antalyaspor,Azerbaijan,,515000,EUR,2028-06-30
1524303,Mustafa Hekimo\u011flu,Be\u015fikta\u015f JK,T\u00fcrkiye,,5200000,EUR,2028-06-30
2169898,Ismaila Manga,Ey\u00fcpspor,Senegal,,97000,EUR,2028-06-30
2430477,Ahmed Traore,Fatih Karag\u00fcmr\u00fck,C\u00f4te d'Ivoire,,430000,EUR,2028-06-30
39573,Mert G\u00fcnok,Fenerbah\u00e7e,T\u00fcrkiye,,545000,EUR,2028-06-30
73951,Andre Gray,No team,Jamaica,,180000,EUR,
227196,Riechedly Bazoer,No team,Curacao,,1600000,EUR,
317677,Jo\u00e3o Camacho,No team,Portugal,,210000,EUR,
327053,Sander Svendsen,Konyaspor,Norway,,570000,EUR,2027-06-30
803869,Ali Karimi,Sepahan S.C.,Iran,,335000,EUR,2027-06-30
900798,Abdulsamet Burak,Kayserispor,T\u00fcrkiye,,105000,EUR,2027-06-30
910091,Ali Yavuz Kol,Kas\u0131mpa\u015fa,T\u00fcrkiye,,240000,EUR,2027-06-30
930136,Aaron Opoku,Eintracht Braunschweig,Germany,,750000,EUR,2028-06-30
1022881,\u00d6mer Faruk Beyaz,Ba\u015fak\u015fehir FK,T\u00fcrkiye,,510000,EUR,2027-06-30
1129463,Furkan Gedik,No team,T\u00fcrkiye,,210000,EUR,
1133195,Melih Bostan,\u00dcmraniyespor,T\u00fcrkiye,,725000,EUR,
1195797,Poyraz Efe Y\u0131ld\u0131r\u0131m,Trabzonspor,T\u00fcrkiye,,1200000,EUR,2028-06-30
1392102,Yasin \u00d6zcan,Be\u015fikta\u015f JK,T\u00fcrkiye,,5300000,EUR,2027-01-27
1476229,Kaan Akyaz\u0131,No team,T\u00fcrkiye,,82000,EUR,
1907100,Dilhan Demir,Gen\u00e7lerbirli\u011fi,Germany,,97000,EUR,2028-06-30
2029551,Salem Bouajila,Mu\u011flaspor,Tunisia,,180000,EUR,2027-06-30
2311147,Ayaz \u00d6zcan,Gen\u00e7lerbirli\u011fi,T\u00fcrkiye,,52000,EUR,2028-06-30
225012,G\u00f6khan Akkan,No team,T\u00fcrkiye,,370000,EUR,
580392,Emmanuel Boateng,Hapoel Tel Aviv,Ghana,,735000,EUR,2027-06-30
580750,J\u00e9r\u00f4me Onguene,FC Petrolul Ploie\u0219ti,Cameroon,,260000,EUR,
809220,Henry Onyekuru,Gen\u00e7lerbirli\u011fi,Nigeria,,945000,EUR,2027-06-30
822228,Mamadou Fall,Kas\u0131mpa\u015fa,Senegal,,330000,EUR,2027-06-30
837742,Rigoberto Rivas,Kocaelispor,Honduras,,1200000,EUR,2027-06-30
845165,Daniel Popa,No team,Romania,,320000,EUR,
931743,Godfried Frimpong,Kas\u0131mpa\u015fa,Netherlands,,2200000,EUR,2027-06-30
984742,Mesut Can Tunal\u0131,No team,T\u00fcrkiye,,140000,EUR,
1082393,Tu\u011fbey Akg\u00fcn,No team,T\u00fcrkiye,,54000,EUR,
1099267,Moussa Kyabou,Gen\u00e7lerbirli\u011fi,Mali,,390000,EUR,2027-06-30
1130113,Yusuf Kabadayi,FC Augsburg,Germany,,1300000,EUR,2028-06-30
1142702,Jadel Katongo,Kayserispor,England,,485000,EUR,2028-06-30
1417078,Onuralp \u00c7evikkan,Trabzonspor,T\u00fcrkiye,,945000,EUR,2028-06-30
1498789,Taylan Utku Ayd\u0131n,Kas\u0131mpa\u015fa,T\u00fcrkiye,,185000,EUR,2029-06-30
1640309,Burhan Ersoy,Fatih Karag\u00fcmr\u00fck,T\u00fcrkiye,,97000,EUR,2027-06-30
1907330,Marius Tresor Doh,Fatih Karag\u00fcmr\u00fck,C\u00f4te d'Ivoire,,1200000,EUR,2027-06-30
1981253,Muzaffer Utku Eri\u015f,Konyaspor,T\u00fcrkiye,,46000,EUR,2028-06-30
2404778,Esat Yusuf Narin,Kocaelispor U19,T\u00fcrkiye,,47000,EUR,
2494206,Ahmet Dagdevir,Konyaspor U19,T\u00fcrkiye,,52000,EUR,
172331,Josip \u0106alu\u0161i\u0107,No team,Croatia,,110000,EUR,
288439,Gideon Jung,No team,Germany,,310000,EUR,
785850,Aaron Appindangoy\u00e9,Sivasspor,Gabon,,190000,EUR,2028-06-30
789102,Samet Yal\u00e7\u0131n,Kocaelispor,T\u00fcrkiye,,195000,EUR,2027-06-30
909289,Mirza Cihan,Gaziantep FK,T\u00fcrkiye,,195000,EUR,
941378,Ahmet Sivri,No team,T\u00fcrkiye,,220000,EUR,
962283,Yusuf Demir,SK Rapid Wien,Austria,,930000,EUR,2027-06-30
976367,Oleksandr Syrota,Dynamo Kyiv,Ukraine,,1000000,EUR,2027-06-30
1006105,Nikoloz Ugrekhelidze,Dinamo Tbilisi,Georgia,,270000,EUR,2027-12-31
1134270,\u00d6mer Faruk G\u00fcm\u00fc\u015f,\u00c7orluspor 1947,T\u00fcrkiye,,105000,EUR,2027-06-30
1431471,Enes Albak,Samsunspor,T\u00fcrkiye,,155000,EUR,2027-06-30
1522038,Ibrahim Sabra,G\u00f6ztepe,Jordan,,455000,EUR,2029-06-30
1907056,Ahmet Do\u011fan Y\u0131ld\u0131r\u0131m,Trabzonspor,T\u00fcrkiye,,190000,EUR,2029-06-30
1982283,Kayra Cihan,Kayserispor,T\u00fcrkiye,,105000,EUR,2029-06-30
2018983,Tarik Bugra Kalpakli,Fatih Karag\u00fcmr\u00fck,T\u00fcrkiye,,415000,EUR,2028-06-30
2044133,Muhammed Kad\u0131o\u011flu,Fatih Karag\u00fcmr\u00fck,T\u00fcrkiye,,220000,EUR,2027-06-30
2056436,Berk Can Yildizli,Kas\u0131mpa\u015fa,T\u00fcrkiye,,52000,EUR,2028-06-30
2128605,Yigithan Cubukcu,Trabzonspor U19,T\u00fcrkiye,,105000,EUR,2029-06-30
2430490,Abdul Kader Moussa Kone,Fatih Karag\u00fcmr\u00fck,C\u00f4te d'Ivoire,,92000,EUR,2028-06-30
2492573,Arda Ozyar,Kocaelispor,T\u00fcrkiye,,53000,EUR,
99527,Samu S\u00e1iz,No team,Spain,,48000,EUR,
289977,Alexander Djiku,FC Spartak Moscow,Ghana,,3800000,EUR,2027-06-30
845929,Mete Demir,No team,T\u00fcrkiye,,350000,EUR,
859546,Ufuk Akyol,No team,T\u00fcrkiye,,430000,EUR,
873812,Ensar Kemalo\u011flu,Gen\u00e7lerbirli\u011fi,T\u00fcrkiye,,190000,EUR,2027-06-30
940367,Salem M'Bakata,No team,France,,375000,EUR,
1173638,Arif Kocaman,No team,T\u00fcrkiye,,720000,EUR,
1195735,Batuhan Yavuz,Alanyaspor,T\u00fcrkiye,,52000,EUR,2029-06-30
1822943,Furkan Orak,\u00c7aykur Rizespor,T\u00fcrkiye,,205000,EUR,2029-06-30
1823934,Haydar Karata\u015f,Kocaelispor,T\u00fcrkiye,,110000,EUR,
1839258,Kerem Kayaarasi,Antalyaspor,T\u00fcrkiye,,47000,EUR,2027-06-30
1861964,Can Armando G\u00fcner,Galatasaray,Argentina,,485000,EUR,2030-06-30
1974312,Boran Ba\u015fkan,Trabzonspor,T\u00fcrkiye,,92000,EUR,2028-06-30
1974398,Taha Emre Ince,Trabzonspor,T\u00fcrkiye,,96000,EUR,2027-06-30
2023967,Tibet Durakcay,G\u00f6ztepe,T\u00fcrkiye,,52000,EUR,2027-06-30
2128081,Ada Y\u00fczge\u00e7,T\u00fcrkiye U17,T\u00fcrkiye,,95000,EUR,
2128089,Ali Demirbilek,Fenerbah\u00e7e U19,T\u00fcrkiye,,270000,EUR,2028-06-30
2128093,Ata Yan\u0131k,T\u00fcrkiye U17,T\u00fcrkiye,,48000,EUR,2027-06-30
2405904,Muhammet Akmelek,Gaziantep FK,T\u00fcrkiye,,52000,EUR,2028-06-30
79822,Esteban Andrada,CF Monterrey,Argentina,,210000,EUR,2027-06-30
129865,Ra\u00fal Lizoain,Granada,Spain,,145000,EUR,
343907,Alberto Jim\u00e9nez,CD Castell\u00f3n,Spain,,215000,EUR,2028-06-30
369780,Pedro L\u00f3pez,AD Ceuta,Spain,,195000,EUR,2028-06-30
605674,I\u00f1igo Vicente,Real Racing Club,Spain,,6600000,EUR,2030-06-30
813737,Cristian Carracedo,C\u00f3rdoba,Spain,,775000,EUR,2028-06-30
815131,Ahmet Sa\u011fat,No team,Germany,,205000,EUR,
922939,Andr\u00e9s Mart\u00edn,Real Racing Club,Spain,,8199999,EUR,2028-06-30
928825,\u00c1lex Pastor,M\u00e1laga CF,Spain,,310000,EUR,2028-06-30
997203,Sergio Arribas,Almer\u00eda,Spain,,18800000,EUR,2029-06-30
1002405,David Larrubia,M\u00e1laga CF,Spain,,5300000,EUR,2028-06-30
1120944,Gael Alonso,FC Andorra,Spain,,970000,EUR,2028-06-30
1149209,M\u00fccahit Ibrahimoglu,No team,Austria,,140000,EUR,
1402902,\u00c1ron Yaakobishvili,FC Barcelona,Hungary,,3200000,EUR,2028-06-30
1417051,G\u00f6kdeniz G\u00fcrp\u00fcz,1. FC Saarbr\u00fccken,T\u00fcrkiye,,260000,EUR,2028-06-30
1514913,Javier Hern\u00e1ndez,Espanyol,Spain,,1600000,EUR,2028-06-30
1525807,Dan\u00ed Martin,Levante UD,Spain,,325000,EUR,2028-06-30
31406,Andr\u00e9s Fern\u00e1ndez,Almer\u00eda,Spain,,110000,EUR,2027-06-30
96371,Alfonso Herrero,M\u00e1laga CF,Spain,,420000,EUR,2028-06-30
188349,Ander Cantero,Burgos Club de F\u00fatbol,Spain,,910000,EUR,2027-06-30
796512,Juan Otero,Sporting Gij\u00f3n,Colombia,,1700000,EUR,2027-06-30
910022,Rober Gonz\u00e1lez,No team,Spain,,630000,EUR,
916654,Manuel Fuster,Las Palmas,Spain,,2600000,EUR,2028-06-30
965822,Adri\u00e1n Rodr\u00edguez,Deportivo Alav\u00e9s,Argentina,,185000,EUR,2027-06-30
979146,Mika M\u00e1rmol,Feyenoord,Spain,,9100000,EUR,2030-06-30
984622,Mario Soriano,Deportivo de A Coru\u00f1a,Spain,,4600000,EUR,2028-06-30
988631,Jeremy Mellot,CD Castell\u00f3n,France,,720000,EUR,2027-06-30
990095,Jon Mikel Magunagoitia,Eibar,Spain,,1600000,EUR,2027-06-30
1000247,Aitor Fraga,Real Sociedad B,Spain,,910000,EUR,2029-06-30
1009869,Pepe S\u00e1nchez,Albacete Balompi\u00e9,Spain,,640000,EUR,2027-06-30
1009873,Isma Ruiz,C\u00f3rdoba,Spain,,1500000,EUR,2028-06-30
1096950,Yeremay Hern\u00e1ndez,Deportivo de A Coru\u00f1a,Spain,,23000000,EUR,2030-06-30
1136863,\u00c1lex Calatrava,Espanyol,Spain,,3900000,EUR,2031-06-30
1142255,Josep Cerd\u00e0,FC Andorra,Spain,,2100000,EUR,2027-06-30
1160969,Brian Cipenga,Almer\u00eda,DR Congo,,2100000,EUR,2029-06-30
1410734,Diego Murillo,M\u00e1laga CF,Spain,,1600000,EUR,2029-06-30
69379,Diego Mari\u00f1o,Albacete Balompi\u00e9,Spain,,97000,EUR,2027-06-30
96968,Dani Jim\u00e9nez,Real Murcia,Spain,,165000,EUR,2027-06-30
129471,Anaitz Arbilla,Eibar,Spain,,105000,EUR,2027-06-30
355072,Asier Villalibre,Real Racing Club,Spain,,2100000,EUR,2029-06-30
547246,Juan Soriano,Legan\u00e9s,Spain,,870000,EUR,2027-06-30
602242,Guillermo Vallejo,AD Ceuta,Spain,,365000,EUR,2027-06-30
605512,Sergio Molina,FC Andorra,Spain,,530000,EUR,2028-06-30
811557,\u00c9dgar Bad\u00eda,No team,Spain,,390000,EUR,
867365,Rub\u00e9n,C\u00f3rdoba,Spain,,380000,EUR,2028-06-30
904135,Rub\u00e9n D\u00edez,Real Zaragoza,Spain,,245000,EUR,2028-06-30
910021,Iv\u00e1n Morante,Girona FC,Spain,,970000,EUR,2029-06-30
910975,Peru Nolaskoain,Eibar,Spain,,760000,EUR,2030-06-30
912047,Oscar Sielva,Huesca,Spain,,430000,EUR,2029-06-30
913684,Miguel Atienza,Legan\u00e9s,Spain,,1000000,EUR,2029-06-30
1084706,Sergio Barcia,Sporting Braga,Spain,,1600000,EUR,2030-06-30
1094517,Jonathan Dubasin,Sporting Gij\u00f3n,Spain,,4300000,EUR,2028-06-30
1174889,Gustavo Puerta,Real Racing Club,Colombia,,10700000,EUR,2029-06-30
1464648,Peio Canales,Athletic Club,Spain,,9700000,EUR,2027-06-30
1580029,Pablo L\u00f3pez G\u00f3mez,Valencia Mestalla U21,Spain,,320000,EUR,2027-06-30
2012662,Unax del Cura,Mirand\u00e9s,Spain,,1900000,EUR,2028-06-30
138390,David Gil,C\u00e1diz,Spain,,360000,EUR,2027-06-30
346516,Adri\u00e1n Embarba,Almer\u00eda,Spain,,455000,EUR,2028-06-30
352654,\u00c1lex Corredera,Sporting Gij\u00f3n,Spain,,880000,EUR,2028-06-30
791989,Carlos Mar\u00edn,C\u00f3rdoba,Spain,,560000,EUR,2028-06-30
802133,Luca Zidane,Granada,Algeria,,910000,EUR,2027-06-30
856683,Pablo V\u00e1zquez,Sporting Gij\u00f3n,Spain,,325000,EUR,2027-06-30
883156,C\u00e9sar Gelabert,Sporting Gij\u00f3n,Spain,,3900000,EUR,2028-06-30
893768,Grego Sierra,Burgos Club de F\u00fatbol,Spain,,465000,EUR,2028-06-30
954688,Lucas Ribeiro,No team,Brazil,,1400000,EUR,
990659,Jes\u00fas Owono,Deportivo Alav\u00e9s,Equatorial Guinea,,935000,EUR,2029-06-30
990800,Ram\u00f3n Enr\u00edquez,M\u00e1laga CF,Spain,,190000,EUR,2027-06-30
991213,Romain Matthys,CD Castell\u00f3n,Belgium,,1100000,EUR,2027-06-30
1005638,Iker \u00c1lvarez,C\u00f3rdoba,Andorra,,1000000,EUR,2027-06-30
1082970,Kialy Abdoul Kone,AD Ceuta,C\u00f4te d'Ivoire,,840000,EUR,2028-06-30
1100207,Lorenzo Amatucci,Deportivo de A Coru\u00f1a,Italy,,8199999,EUR,2028-06-30
1122488,Adri\u00e1n Pica,Penafiel,Spain,,520000,EUR,2027-06-30
1122621,Plamen Andreev,Debreceni VSC,Bulgaria,,1600000,EUR,2029-06-30
1465424,Dani Lorenzo,M\u00e1laga CF,Spain,,1400000,EUR,2029-06-30
1913386,Chupete,M\u00e1laga CF,Spain,,10700000,EUR,2029-06-30
2236496,Manex Lozano,Athletic Club B U21,Spain,,1500000,EUR,2028-06-30
116692,Sergio \u00c1lvarez,Eibar,Spain,,380000,EUR,2028-06-30
259339,Rub\u00e9n Alcaraz,Granada,Spain,,280000,EUR,2027-06-30
318615,Bicho,Cultural Leonesa,Spain,,320000,EUR,2028-06-30
352486,Iv\u00e1n Alejo,Real Valladolid,Spain,,775000,EUR,2027-06-30
786969,Jokin Ezkieta,C\u00e1diz,Spain,,2300000,EUR,2027-06-30
824130,Jos\u00e9 Manuel Arn\u00e1iz,Granada,Spain,,825000,EUR,2027-06-30
852412,\u00c1lvaro Fern\u00e1ndez,Deportivo de A Coru\u00f1a,Spain,,2100000,EUR,2027-06-30
950678,Germ\u00e1n Parre\u00f1o,Deportivo de A Coru\u00f1a,Spain,,240000,EUR,2028-06-30
964985,Kirian Rodr\u00edguez,Las Palmas,Spain,,930000,EUR,2028-06-30
966526,Luismi Cruz,Deportivo de A Coru\u00f1a,Spain,,2100000,EUR,2029-06-30
966804,Jon Morcillo,Almer\u00eda,Spain,,1900000,EUR,2030-06-30
979476,Zakaria Eddahchouri,Deportivo de A Coru\u00f1a,Netherlands,,2400000,EUR,2028-06-30
982327,Dion Lopy,Almer\u00eda,Senegal,,16300000,EUR,2030-06-30
998748,Manuel Lama,Granada,Spain,,1500000,EUR,2027-06-30
1112734,Alvaro Aceves,Real Valladolid,Spain,,485000,EUR,2028-06-30
1137584,Chuki,SV Werder Bremen,Spain,,8700000,EUR,2030-06-30
1164708,Carlos Puga,M\u00e1laga CF,Spain,,825000,EUR,2029-06-30
1171619,Be\u00f1at Gerenabarrena,Athletic Club,Spain,,1000000,EUR,2027-06-30
1390389,Duk,Atlas FC,Cape Verde,,1800000,EUR,
150864,Ximo Navarro,Deportivo de A Coru\u00f1a,Spain,,95000,EUR,2027-06-30
255973,Rub\u00e9n Pe\u00f1a,Legan\u00e9s,Spain,,440000,EUR,2027-06-30
592068,Agustin Medina,Albacete Balompi\u00e9,Spain,,870000,EUR,2028-06-30
777067,Florian Miguel,Metz,France,,1100000,EUR,2028-06-30
807117,Llu\u00eds L\u00f3pez,Albacete Balompi\u00e9,Spain,,470000,EUR,2027-06-30
811572,Jos\u00e9 Corpas,Albacete Balompi\u00e9,Spain,,390000,EUR,2028-06-30
868227,Eric Curbelo,No team,Spain,,340000,EUR,
891314,Israel Suero,CD Castell\u00f3n,Spain,,385000,EUR,2027-06-30
904964,Joaqu\u00edn Mu\u00f1oz,M\u00e1laga CF,Spain,,1400000,EUR,2027-06-30
914731,Fran G\u00e1mez,Albacete Balompi\u00e9,Spain,,140000,EUR,2027-06-30
921355,Iuri Tabatadze,C\u00e1diz,Georgia,,1300000,EUR,2028-06-30
982545,Paulino de la Fuente,No team,Spain,,485000,EUR,
1010498,Guille Rosas,Sporting Gij\u00f3n,Spain,,1900000,EUR,2028-06-30
1092777,Kevin Medina,C\u00f3rdoba,Spain,,840000,EUR,2027-06-30
1108592,David Gonz\u00e1lez,Burgos Club de F\u00fatbol,Spain,,2600000,EUR,2029-06-30
1146312,David Mella,Deportivo de A Coru\u00f1a,Spain,,4500000,EUR,2029-06-30
1163771,Juan Palomares,CD Eldense,Spain,,485000,EUR,2027-06-30
1410332,Guilherme Fernandes,Real Betis,Portugal,,775000,EUR,2027-06-30
1521658,Daniel Requena,Levante UD,Spain,,1000000,EUR,2027-06-30
1594557,\u00c1lex Lizancos,Burgos Club de F\u00fatbol,Spain,,1300000,EUR,2029-06-30
101156,Nikola Mara\u0161,Deportivo Alav\u00e9s,Serbia,,620000,EUR,2027-06-30
112166,Ronaldo,No team,Brazil,,105000,EUR,
800403,Iza Carcel\u00e9n,C\u00e1diz,Spain,,390000,EUR,2027-06-30
825750,Javi Ontiveros,C\u00e1diz,Spain,,775000,EUR,2028-06-30
828247,Amir Abedzadeh,No team,Iran,,185000,EUR,
828966,Juanpe,M\u00e1laga CF,Spain,,310000,EUR,2028-06-30
862481,Alberto Rodr\u00edguez,Real Zaragoza,Spain,,485000,EUR,2027-06-30
913214,Carlos Isaac,Widzew \u0141\u00f3d\u017a,Spain,,580000,EUR,2028-06-30
936234,Juan Cruz,M\u00e1laga CF,Spain,,1700000,EUR,2027-06-30
986261,Jes\u00fas \u00c1lvarez,CD Tenerife,Spain,,880000,EUR,2028-06-30
992504,Enrique Clemente,Las Palmas,Spain,,2100000,EUR,2029-06-30
996933,Pedro Alema\u00f1,Granada,Spain,,1600000,EUR,2028-06-30
1082965,Marino Illescas,AD Ceuta,Spain,,280000,EUR,2027-06-30
1127337,Lucas Noubi,Deportivo de A Coru\u00f1a,Belgium,,1500000,EUR,2029-06-30
1150431,Yeray Cabanzon,Real Racing Club,Spain,,560000,EUR,2027-06-30
1152889,Stefan D\u017eodi\u0107,Almer\u00eda,Serbia,,2300000,EUR,2030-06-30
1391437,Lalo Aguilar,Legan\u00e9s,Spain,,835000,EUR,2029-06-30
1391487,Malcom Ares,Eibar,Spain,,1200000,EUR,2030-06-30
2235122,Izan Gonz\u00e1lez,Girona FC,Spain,,1000000,EUR,2029-06-30
96370,Suso,C\u00e1diz,Spain,,580000,EUR,2029-06-30
168745,Rodrigo Ely,Almer\u00eda,Brazil,,480000,EUR,2028-06-30
592098,Jorge S\u00e1enz,Sporting Gij\u00f3n,Spain,,565000,EUR,2028-06-30
782396,Carlos Fern\u00e1ndez,Real Sociedad,Spain,,1300000,EUR,2027-06-30
794946,Kuki Zalazar,AD Ceuta,Spain,,735000,EUR,2027-06-30
941238,Adrian Fuentes,Mallorca,Spain,,965000,EUR,2030-06-30
942844,Julien Ponceau,Real Valladolid,France,,1800000,EUR,2028-06-30
962381,Pablo Ram\u00f3n,Espanyol,Spain,,1500000,EUR,2028-06-30
964966,Franck Fomeyem,C\u00f3rdoba,Cameroon,,580000,EUR,2027-06-30
966945,Javi Mier,Real Murcia,Spain,,410000,EUR,2027-06-30
1010772,Sergio Cubero,Eibar,Spain,,845000,EUR,2027-06-30
1011486,Victor Wehbi Aznar,C\u00e1diz,Brazil,,1200000,EUR,2027-06-30
1012440,Daniel Villahermosa,FC Andorra,Spain,,1600000,EUR,2027-06-30
1016019,Fernando Ni\u00f1o,Burgos Club de F\u00fatbol,Spain,,1800000,EUR,2029-06-30
1082215,Javier Mart\u00f3n,Eibar,Spain,,1500000,EUR,2028-06-30
1142256,Estanis Pedrola,Sampdoria,Spain,,1100000,EUR,2027-06-30
1142691,Marvel,Legan\u00e9s,Spain,,825000,EUR,2028-06-30
1391612,Marc Domenech,FC Andorra,Spain,,735000,EUR,2028-06-30
1432130,Moussa Diakit\u00e9,C\u00e1diz,Mali,,1100000,EUR,2029-06-30
2335487,Bil Nsongo,Deportivo de A Coru\u00f1a,Cameroon,,3200000,EUR,2030-06-30
96373,Jos\u00e9 Campa\u00f1a,AD Ceuta,Spain,,290000,EUR,2027-06-30
110781,Jes\u00e9 Rodr\u00edguez,Las Palmas,Spain,,290000,EUR,2028-06-30
144606,Ignasi Miquel,Legan\u00e9s,Spain,,435000,EUR,2027-06-30
152770,Jos\u00e9 \u00c1ngel Jurado,Deportivo de A Coru\u00f1a,Spain,,165000,EUR,2027-06-30
845168,Amath Ndiaye,Real Valladolid,Senegal,,625000,EUR,2027-06-30
857227,Sergio Ruiz,Las Palmas,Spain,,825000,EUR,2028-06-30
862480,Keidi Bare,No team,Albania,,770000,EUR,
867406,\u00c1lvaro Rodr\u00edguez,Eibar,Spain,,225000,EUR,2027-06-30
868262,Mart\u00edn Aguirregabiria,No team,Spain,,370000,EUR,
905379,Diego Barri,CD Castell\u00f3n,Spain,,475000,EUR,2027-06-30
906065,Seydouba Cisse,Al-Kholood,Guinea,,2100000,EUR,2029-06-30
914123,Sergio Gonz\u00e1lez,Burgos Club de F\u00fatbol,Spain,,640000,EUR,2027-06-30
921417,Stanko Juri\u0107,Real Valladolid,Croatia,,1100000,EUR,2027-06-30
941077,Lucas Perrin,Nantes,France,,1900000,EUR,2028-06-30
964849,Diego Villares,Deportivo de A Coru\u00f1a,Spain,,1000000,EUR,2028-06-30
966384,Youness Lachhab,Real Oviedo,Morocco,,765000,EUR,2028-06-30
1020897,Federico Bonini,Almer\u00eda,Italy,,2900000,EUR,2031-06-30
1142244,Aleix Garrido,Eibar,Spain,,1100000,EUR,2028-06-30
1526535,Lorenzo Aguado,Albacete Balompi\u00e9,Spain,,580000,EUR,2028-06-30
2058724,Yussif Saidu,Real Zaragoza,Ghana,,1000000,EUR,2030-06-30
188407,Sandro Ram\u00edrez,Las Palmas,Spain,,470000,EUR,2027-06-30
217384,Sergio Postigo,No team,Spain,,93000,EUR,
327277,Ager Aketxe,Johor Darul Ta'zim,Spain,,750000,EUR,2027-06-30
591740,Ra\u00fal Guti,No team,Spain,,855000,EUR,
605650,\u00cd\u00f1igo Cordoba,CD Castell\u00f3n,Spain,,1500000,EUR,2028-06-30
788895,Amadou Diawara,Legan\u00e9s,Guinea,,720000,EUR,2027-06-30
795256,Diego Alende,FC Andorra,Spain,,535000,EUR,2027-06-30
811611,Miguel Loureiro,Deportivo de A Coru\u00f1a,Spain,,1200000,EUR,2028-06-30
855922,Dinko Horka\u0161,Las Palmas,Croatia,,4600000,EUR,2028-06-30
857908,\u00c1lvaro Mart\u00edn,CD Castell\u00f3n,Spain,,360000,EUR,2029-06-30
928698,Agust\u00edn Pastoriza,FK Aktobe,Argentina,,280000,EUR,2026-12-31
950110,Riki Rodr\u00edguez,Deportivo de A Coru\u00f1a,Spain,,1400000,EUR,2029-06-30
982575,Antonio Pacheco,Albacete Balompi\u00e9,Spain,,680000,EUR,2028-06-30
996926,Lo\u00efc Williams,Colorado Rapids,Spain,,3300000,EUR,2030-06-30
1010534,Albert Caparr\u00f3s,AD Ceuta,Spain,,195000,EUR,2027-06-30
1025190,Jonathan G\u00f3mez,PAOK,USA,,750000,EUR,2027-06-30
1084464,Juan Carlos Arana,Real Racing Club,Spain,,1100000,EUR,2028-06-30
1166968,Sergio Ortu\u00f1o,Albacete Balompi\u00e9,Spain,,960000,EUR,2028-06-30
1393974,Ousmane Camara,CD Castell\u00f3n,Guinea,,2600000,EUR,2027-06-30
316406,Antonio Puertas,Albacete Balompi\u00e9,Spain,,515000,EUR,2027-06-30
344797,Einar Galilea,M\u00e1laga CF,Spain,,365000,EUR,2027-06-30
362772,Sebas Moyano,Buriram United,Spain,,620000,EUR,2027-06-30
794942,\u00c1lex Mart\u00edn,C\u00f3rdoba,Spain,,580000,EUR,2027-06-30
823496,Fabrizio Brignani,CD Castell\u00f3n,Italy,,1100000,EUR,2029-06-30
826012,Iv\u00e1n Chapela,CD Tenerife,Spain,,460000,EUR,2028-06-30
914522,Edgar Gonz\u00e1lez,Almer\u00eda,Spain,,775000,EUR,2028-06-30
927376,Javi Montero,No team,Spain,,910000,EUR,
960401,Marvin Park,Las Palmas,Spain,,1100000,EUR,2028-06-30
1000676,Francho Serrano,Real Zaragoza,Spain,,3100000,EUR,2030-06-30
1009861,Adilson,C\u00f3rdoba,Portugal,,320000,EUR,2027-06-30
1010335,V\u00edctor Meseguer,Real Valladolid,Spain,,1100000,EUR,2029-06-30
1012159,Alejandro Mel\u00e9ndez,AD Ceuta,Spain,,410000,EUR,2028-06-30
1031543,Jacobo Gonz\u00e1lez,Real Oviedo,Spain,,1300000,EUR,2028-06-30
1048927,Peter Gonz\u00e1lez,G\u00f3rnik Zabrze,Dominican Republic,,1400000,EUR,2029-06-30
1134642,Jorge Moreno,CD Tenerife,Spain,,515000,EUR,2028-06-30
1139648,Guille Bueno,Real Valladolid,Spain,,1100000,EUR,2028-06-30
1142260,Jorge Pascual,Granada,Spain,,1700000,EUR,2028-06-30
1402927,Adri\u00e1n Ni\u00f1o,M\u00e1laga CF,Spain,,1900000,EUR,2029-06-30
1518119,Jastin Garc\u00eda,Girona FC,Portugal,,455000,EUR,2027-06-30
112877,Rub\u00e9n Y\u00e1\u00f1ez,Sporting Gij\u00f3n,Spain,,750000,EUR,2028-06-30
194446,Nemanja Radoja,No team,Serbia,,285000,EUR,
255235,\u00d3scar Plano,No team,Spain,,155000,EUR,
822923,Joaqu\u00edn Fern\u00e1ndez,Mirand\u00e9s,Spain,,320000,EUR,2027-06-30
829892,Anderson Arroyo,Rubin Kazan,Colombia,,2300000,EUR,2029-06-30
847993,Jos\u00e9 Antonio Caro,Las Palmas,Spain,,290000,EUR,2028-06-30
856062,Martin Hongla,Aris Thessaloniki,Cameroon,,1300000,EUR,2029-06-30
913732,Javi Mart\u00ednez,Eibar,Spain,,760000,EUR,2027-06-30
1001830,Iker Recio,C\u00e1diz,Spain,,755000,EUR,2028-06-30
1137857,Trilli,Real Valladolid,Spain,,190000,EUR,2027-06-30
1164647,Brais Mart\u00ednez,Burgos Club de F\u00fatbol,Spain,,370000,EUR,2027-06-30
1393242,Tam\u00e1s Nikitscher,Rio Ave,Hungary,,770000,EUR,2029-06-30
1413858,Alex Lebarbier,Real Sociedad B,France,,420000,EUR,2028-06-30
1516444,Angel Carvajal,Real Madrid Castilla U21,Spain,,630000,EUR,2029-06-30
1546406,Baba,CD Tenerife,Spain,,450000,EUR,2028-06-30
1595666,Rafa Garrido,M\u00e1laga CF,Spain,,940000,EUR,2029-06-30
1626701,Guzman Ortega,Cultural Leonesa,Spain,,160000,EUR,2027-06-30
1892533,Diego D\u00edaz,Rayo Cantabria,Spain,,245000,EUR,2029-06-30
1916260,Ismael Barea,Betis Deportivo,Spain,,320000,EUR,2028-06-30
1982594,Oier Llorente,Eibar B,Spain,,145000,EUR,2027-06-30
107128,Lucas P\u00e9rez,No team,Spain,,195000,EUR,
174105,Jeft\u00e9 Betancor,Olympiacos FC,Spain,,455000,EUR,2027-06-30
252857,L\u00e9o Baptist\u00e3o,Almer\u00eda,Brazil,,470000,EUR,2027-06-30
601962,Anuar,AD Ceuta,Morocco,,735000,EUR,2027-06-30
775699,Andr\u00e9 Horta,Almer\u00eda,Portugal,,1000000,EUR,2029-06-30
851268,Manu Hernando,Real Racing Club,Spain,,1400000,EUR,2028-06-30
863388,Luis Chac\u00f3n,Real Valladolid,Spain,,970000,EUR,2031-06-30
910981,Victor San Bartolome,Albacete Balompi\u00e9,Spain,,180000,EUR,2028-06-30
914014,Iddrisu Baba,Almer\u00eda,Ghana,,930000,EUR,2027-06-30
914212,Miguel de la Fuente,Almer\u00eda,Spain,,2100000,EUR,2029-06-30
933426,Enzo Loiodice,Las Palmas,France,,1200000,EUR,2028-06-30
949901,Ignasi Vilarrasa,C\u00f3rdoba,Spain,,775000,EUR,2027-06-30
958018,Roberto L\u00f3pez,Legan\u00e9s,Spain,,775000,EUR,2027-06-30
1010996,Dalisson de Almeida,HNK Hajduk Split,Brazil,,635000,EUR,2027-06-30
1017339,Javi Castro,C\u00e1diz,Spain,,1600000,EUR,2029-06-30
1096921,Rodri Su\u00e1rez,Cultural Leonesa,Spain,,525000,EUR,2027-06-30
1175743,Pablo S\u00e1enz,Real Oviedo,Spain,,970000,EUR,2028-06-30
1518156,Mawuli Mensah,No team,Ghana,,440000,EUR,
1841365,Rafael Bauz\u00e0,Espanyol,Spain,,1100000,EUR,2028-06-30
2010515,Juan D\u00edaz,C\u00e1diz,Spain,,330000,EUR,2027-06-30
69385,Jorge Pulido,Almer\u00eda,Spain,,390000,EUR,2028-06-30
129451,Jonathan Viera,No team,Spain,,210000,EUR,
235644,Pablo Insua,No team,Spain,,380000,EUR,
914848,Alex Su\u00e1rez,Las Palmas,Spain,,450000,EUR,2028-06-30
942907,Jordi Escobar,AD Ceuta,Spain,,290000,EUR,2027-06-30
990921,Marc-Olivier Dou\u00e9,CD Castell\u00f3n,France,,365000,EUR,2027-06-30
1010507,Lautaro De Le\u00f3n,FC Andorra,Uruguay,,1000000,EUR,2028-06-30
1031481,Diego Bri,C\u00f3rdoba,Spain,,630000,EUR,2028-06-30
1090128,Suleiman Camara,Real Racing Club,Gambia,,770000,EUR,2028-06-30
1116580,Thiago Ojeda,Real Valladolid,Argentina,,580000,EUR,2030-06-30
1136798,Alberto del Moral,HNK Hajduk Split,Spain,,740000,EUR,2028-06-30
1167987,Sa\u00fal del Cerro,Burgos Club de F\u00fatbol,Spain,,290000,EUR,2027-06-30
1175463,Victor Valverde,Albacete Balompi\u00e9,Spain,,620000,EUR,2028-06-30
1186926,Marc Bombardo,FC Andorra,Spain,,655000,EUR,2027-06-30
1214359,David Torres,Real Valladolid,Spain,,2100000,EUR,2030-06-30
1465149,Rafa Rodriguez,M\u00e1laga CF,Spain,,930000,EUR,2028-06-30
1476196,Kazunari Kita,Real Sociedad,Japan,,1800000,EUR,2030-06-30
1516620,Ander Madariaga,Eibar,Spain,,580000,EUR,2028-06-30
1542493,Matia Barzi\u0107,Elche,Croatia,,910000,EUR,2028-06-30
1923055,Tomy Carbonell,Real Sociedad B,Spain,,945000,EUR,2028-06-30
106288,Francisco Portillo,No team,Spain,,140000,EUR,
148588,\u00c1lex Fern\u00e1ndez,Dibba Al-Hisn,Spain,,325000,EUR,
307082,Awer Mabil,CD Castell\u00f3n,Australia,,520000,EUR,2028-06-30
807656,Lander Olaetxea,Eibar,Spain,,410000,EUR,2027-06-30
1021125,Haitam Abaida,M\u00e1laga CF,Morocco,,205000,EUR,2027-06-30
839309,Paul Akouokou,Olympique Lyonnais,C\u00f4te d'Ivoire,,410000,EUR,2027-06-30
901847,Marti Vila,FC Andorra,Spain,,180000,EUR,2027-06-30
925220,Peji\u00f1o,Eibar,Spain,,550000,EUR,2028-06-30
941405,Brian Ocampo,Coritiba,Uruguay,,930000,EUR,2029-06-30
975170,Cristian Rodr\u00edguez,Juventud Torremolinos CF,Spain,,425000,EUR,2027-06-30
975809,Douglas Aur\u00e9lio,CD Castell\u00f3n,Brazil,,545000,EUR,2027-06-30
981588,Mart\u00edn Fern\u00e1ndez,Atlante FC,Uruguay,,360000,EUR,
989878,Nicol\u00e1s Melamed,Almer\u00eda,Spain,,2700000,EUR,2030-06-30
997094,Marco Moreno,Bahia,Spain,,835000,EUR,2031-06-30
1085103,Facundo Gonz\u00e1lez,Real Racing Club,Uruguay,,3100000,EUR,2029-06-30
1085405,Jon Guruzeta,Eibar,Spain,,630000,EUR,2027-06-30
1087845,Dani Tasende,C\u00f3rdoba,Spain,,555000,EUR,2028-06-30
1101040,Charlie Pati\u00f1o,Deportivo de A Coru\u00f1a,England,,580000,EUR,2028-06-30
1493488,Izan Merino,M\u00e1laga CF,Spain,,1900000,EUR,2028-06-30
1531384,Antonio Cordero,C\u00e1diz,Spain,,2100000,EUR,2027-06-30
1535575,Joan Oleaga,Real Sociedad B,Spain,,110000,EUR,2027-06-30
227912,Ivan Calero,Cultural Leonesa,Spain,,680000,EUR,2028-06-30
273227,\u00c1lex Mu\u00f1oz,Almer\u00eda,Spain,,845000,EUR,2028-06-30
583608,Yann Bodiger,AD Ceuta,France,,525000,EUR,2027-06-30
813523,Toni Villa,No team,Spain,,235000,EUR,
850025,Daniel Ojeda,No team,Spain,,515000,EUR,
905350,Taisei Miyashiro,Las Palmas,Japan,,2300000,EUR,2030-06-30
910023,Arnau Puigmal,Mallorca,Spain,,1400000,EUR,2029-06-30
913909,Christian Sanchez,Uni\u00e3o de Leiria,Cuba,,545000,EUR,2027-06-30
965257,Giorgi Guliashvili,Real Racing Club,Georgia,,3400000,EUR,2029-06-30
1022258,Agust\u00edn Sienra,CD Castell\u00f3n,Argentina,,515000,EUR,2029-06-30
1142596,Salim El Jebari,C\u00f3rdoba,Morocco,,390000,EUR,2028-06-30
1152182,Nacho Mart\u00edn,Sporting Gij\u00f3n,Spain,,1000000,EUR,2029-06-30
1170447,Javier Moreno,Albacete Balompi\u00e9,Spain,,220000,EUR,2027-06-30
1216301,Jon Balda,Real Sociedad B,Spain,,920000,EUR,2028-06-30
1383421,Maguette Gueye,Real Racing Club,Senegal,,2100000,EUR,2029-06-30
1432276,Joaqu\u00edn Gonz\u00e1lez,C\u00e1diz,Spain,,205000,EUR,2030-06-30
1594178,Sergio Sanchis,CDA \u00c1guilas FC,Spain,,180000,EUR,2027-06-30
1626200,Sydney Osazuwa,Real Sociedad B,Spain,,740000,EUR,2028-06-30
1892528,Min-su Kim,Girona FC,South Korea,,5300000,EUR,2027-06-30
344909,Marco Sangalli,No team,Spain,,140000,EUR,
841854,Marc Cardona,No team,Spain,,465000,EUR,
964977,Manu Justo,No team,Spain,,515000,EUR,
965019,Stipe Biuk,Real Valladolid,Croatia,,2200000,EUR,2029-06-30
966679,Juanmi Latasa,Real Valladolid,Spain,,1500000,EUR,2029-06-30
966940,Jos\u00e9 Gragera,Espanyol,Spain,,1300000,EUR,2028-06-30
996765,Tom\u00e1s Ribeiro,No team,Portugal,,380000,EUR,
1005403,Michael Agbekpornu,No team,Ghana,,310000,EUR,
1014492,Daijiro Chirino,Almer\u00eda,Curacao,,1600000,EUR,2030-06-30
1085242,Juan Mar\u00eda Alcedo,Torreense,Spain,,410000,EUR,2028-06-30
1100590,Dani Barcia,Deportivo de A Coru\u00f1a,Spain,,1300000,EUR,2028-06-30
1101440,Mathis Lachuer,Real Valladolid,France,,1100000,EUR,2029-06-30
1142095,Marcelo Exp\u00f3sito,Burgos Club de F\u00fatbol,Spain,,190000,EUR,2028-06-30
1142253,Ander Astralaga,No team,Spain,,835000,EUR,
1165007,Pau Casades\u00fas,Granada,Spain,,310000,EUR,2028-06-30
1513452,I\u00f1aki Gonz\u00e1lez,Las Palmas,Spain,,210000,EUR,2029-06-30
1526574,Unax Agote,Real Sociedad B,Spain,,220000,EUR,2027-06-30
1534014,Andr\u00e9s Campos,Legan\u00e9s,Spain,,93000,EUR,2027-06-30
1535615,Unax Ayo Larra\u00f1aga,Real Sociedad B,Spain,,220000,EUR,2027-06-30
2414019,No\u00e9 Carrillo,Deportivo de A Coru\u00f1a,Spain,,1000000,EUR,2029-06-30
88859,Sergio Escudero,Real Zaragoza,Spain,,105000,EUR,2027-06-30
96368,Juan Bernat,Eibar,Spain,,435000,EUR,2027-06-30
175563,Carlos Hern\u00e1ndez,AD Ceuta,Spain,,105000,EUR,2027-06-30
591140,Kenan Kodro,Ferencv\u00e1ros TC,Bosnia & Herzegovina,,435000,EUR,
831014,N\u00e9lson Monte,Almer\u00eda,Portugal,,485000,EUR,2028-06-30
954047,Konrad de la Fuente,FC Lausanne-Sport,USA,,635000,EUR,2027-06-30
984620,\u00c1lvaro Carrillo,No team,Spain,,555000,EUR,
992397,Aritz Arambarri,Eibar,Spain,,645000,EUR,2027-06-30
1006232,Julen Lobete,M\u00e1laga CF,Spain,,1200000,EUR,2027-06-30
1010525,Iv\u00e1n Gil,Eibar,Spain,,745000,EUR,2029-06-30
1018516,Daniel Luna,Mallorca,Colombia,,570000,EUR,2028-06-30
1031637,Gaspar Campos,Sporting Gij\u00f3n,Spain,,2200000,EUR,2028-06-30
1110904,Justin Smith,CD Eldense,Canada,,840000,EUR,2029-06-30
1130503,Ale Garc\u00eda,Las Palmas,Spain,,1600000,EUR,2029-06-30
1130516,Pablo Tomeo,Real Valladolid,Spain,,1500000,EUR,2027-06-30
1177406,Andr\u00e9s Ferrari,Sint-Truidense VV,Uruguay,,1900000,EUR,
1485295,Thalys,Almer\u00eda,Brazil,,3900000,EUR,2031-06-30
1545062,Iker Calderon,Real Sociedad B,Spain,,97000,EUR,2027-06-30
1594117,Pablo Santiago,CD Castell\u00f3n,Spain,,865000,EUR,2028-06-30
2150615,Ibrahim Alani,Real Valladolid,Nigeria,,485000,EUR,2027-06-30
386230,Pablo Galdames,Burgos Club de F\u00fatbol,Chile,,765000,EUR,2027-06-30
566894,Stoichkov,Granada,Spain,,485000,EUR,2027-06-30
597618,Aitor C\u00f3rdoba,Tianjin Jinmen Tiger,Spain,,805000,EUR,2027-12-31
862063,Toni Moya,No team,Spain,,825000,EUR,
897788,Juan Guti\u00e9rrez,C\u00f3rdoba,Spain,,825000,EUR,2028-06-30
964890,Andy Escudero,H\u00e9rcules CF,Spain,,425000,EUR,2028-06-30
1009662,Imanol Garc\u00eda de Alb\u00e9niz,Eibar,Spain,,775000,EUR,2029-06-30
1085109,Diego S\u00e1nchez,Sporting Gij\u00f3n,Spain,,1500000,EUR,2027-06-30
1131043,Gui,Almer\u00eda,Portugal,,620000,EUR,2028-06-30
1466127,Capi,Albacete Balompi\u00e9,Spain,,415000,EUR,2029-06-30
1470881,Hodei Arrillaga,Mirand\u00e9s,Spain,,550000,EUR,2027-06-30
1490866,Thiago Helguera,Sporting Braga,Uruguay,,3900000,EUR,2029-06-30
1513451,Juanma Herzog,Las Palmas,Spain,,1500000,EUR,2028-06-30
1898862,Micha\u0142  Willmann,CD Castell\u00f3n B,Poland,,52000,EUR,2029-06-30
1978288,Manuel Ob\u00f3n,Arenas Club,Spain,,49000,EUR,2027-06-30
2310913,Marcos Leiva,Legan\u00e9s,Spain,,94000,EUR,2028-06-30
192430,Carlos Clerc,Real Valladolid,Spain,,140000,EUR,2027-06-30
788142,Mikel Rodriguez,Deportivo Alav\u00e9s,Spain,,720000,EUR,2029-06-30
813548,Liberto Beltr\u00e1n,UD Ibiza,Spain,,290000,EUR,2028-06-30
844028,Jair Amador,Eibar,Portugal,,96000,EUR,2027-06-30
862992,Kevin Appin,Burgos Club de F\u00fatbol,Martinique,,845000,EUR,2027-06-30
882586,Dani Escriche,Apollon Limassol,Spain,,485000,EUR,2027-05-31
888930,Dani G\u00f3mez,No team,Spain,,775000,EUR,
901843,Arnau Comas,Deportivo de A Coru\u00f1a,Spain,,470000,EUR,2028-06-30
912980,Fernando Medrano,Estoril Praia,Spain,,535000,EUR,2028-06-30
914844,Manuel Nieto,CD Eldense,Spain,,530000,EUR,2028-06-30
926418,Eneko Jauregi,M\u00e1laga CF,Spain,,720000,EUR,2027-06-30
927030,Samuele Mulattieri,Sassuolo,Italy,,1900000,EUR,2028-06-30
930269,Xavi Sintes,No team,Spain,,410000,EUR,
949459,\u00cd\u00f1igo S\u00e1inz-Maza,Real Racing Club,Spain,,1000000,EUR,2028-06-30
1010413,Toni Abad,No team,Spain,,520000,EUR,
1049557,Manu Rico,H\u00e9rcules CF,Spain,,210000,EUR,2028-06-30
1134395,Naim Garc\u00eda,Legan\u00e9s,Spain,,825000,EUR,2027-06-30
1142693,Javi Villar,Albacete Balompi\u00e9,Spain,,630000,EUR,2027-06-30
1210425,Kenneth Mamah,No team,Nigeria,,645000,EUR,
1215206,Efe Akman,FC Andorra,T\u00fcrkiye,,855000,EUR,2029-06-30
355048,Jes\u00fas Vallejo,Albacete Balompi\u00e9,Spain,,1000000,EUR,2029-06-30
846446,Rominigue Kouam\u00e9,C\u00e1diz,Mali,,635000,EUR,2027-06-30
850579,I\u00f1igo Pi\u00f1a,POT Iraklis,Spain,,310000,EUR,2028-06-30
861199,Adam Jakobsen,CD Castell\u00f3n,Denmark,,1900000,EUR,2030-06-30
880157,Marcos Andr\u00e9,Real Valladolid,Brazil,,580000,EUR,2029-06-30
885259,Enric Franquesa,Legan\u00e9s,Spain,,570000,EUR,2028-06-30
907233,Thomas Carrique,FC Andorra,France,,825000,EUR,2027-06-30
963301,Th\u00e9o Zidane,No team,France,,635000,EUR,
997221,Carlos Dotor,Celta Vigo,Spain,,1200000,EUR,2028-06-30
1010550,\u00c1lex Mill\u00e1n,Legan\u00e9s,Spain,,825000,EUR,2027-06-30
1032939,Pablo P\u00e9rez,Atl\u00e9tico Madrile\u00f1o,Spain,,310000,EUR,2027-06-30
1095729,Mohamed Jaouab,Real Valladolid,Morocco,,550000,EUR,2028-06-30
1130804,Peru Rodr\u00edguez,Mirand\u00e9s,Spain,,390000,EUR,
1170459,Egoitz Arana,Sporting Gij\u00f3n,Spain,,110000,EUR,2028-06-30
1482378,Gonzalo Petit,Real Betis,Uruguay,,4200000,EUR,2031-06-30
1526648,Sergio Rodelas,Granada,Spain,,875000,EUR,2028-06-30
1566178,Aar\u00f3n Ochoa,M\u00e1laga CF,Ireland,,870000,EUR,2029-06-30
2050599,Toni Tamarit,FC Alverca,Spain,,465000,EUR,2030-06-30
2065347,Roger Hinojo,Espanyol,Spain,,1000000,EUR,2030-06-30
2212821,Manuel Rodr\u00edguez,Sporting Gij\u00f3n,Spain,,960000,EUR,2030-06-30
351500,Brian Oliv\u00e1n,No team,Spain,,640000,EUR,
353262,Jon Bautista,Eibar,Spain,,1200000,EUR,2028-06-30
773651,Victor Garcia,No team,Spain,,240000,EUR,
789886,Gonzalo Melero,Legan\u00e9s,Spain,,485000,EUR,2027-06-30
826003,Jordi Mboula,AE Kifisia,Spain,,455000,EUR,
833740,Nicol\u00e1s Benedetti,Deportivo Cali,Colombia,,970000,EUR,2028-06-30
920738,Igor Niki\u0107,Mirand\u00e9s,Montenegro,,540000,EUR,2027-06-30
1010420,Aritz Aldasoro,Real Oviedo,Spain,,1400000,EUR,2027-06-30
1134396,Jon Magunazelaia,Eibar,Spain,,835000,EUR,2028-06-30
1183542,Marcos Fern\u00e1ndez,Espanyol,Spain,,1500000,EUR,2028-06-30
1398515,Aisar Ahmed,Real Oviedo,Spain,,760000,EUR,2028-06-30
1470379,Alex Calvo,FC Andorra,Spain,,440000,EUR,2028-06-30
1489952,Diego Aznar,Huesca,Spain,,190000,EUR,2028-06-30
1547308,Efe Ugiagbe,C\u00e1diz,Nigeria,,550000,EUR,2030-06-30
1602590,Alex Marchal,Real Sociedad B,Spain,,2100000,EUR,2029-06-30
1605227,Aingeru Olabarrieta,Athletic Club B U21,Spain,,855000,EUR,2029-06-30
1630988,Tincho Conde,CD Castell\u00f3n,Spain,,275000,EUR,2029-06-30
1929542,Alvaro Garcia-Pascual,C\u00e1diz,Spain,,1300000,EUR,2028-06-30
94539,Darko Bra\u0161anac,No team,Serbia,,155000,EUR,
138388,Salva Ruiz,No team,Spain,,230000,EUR,
605510,Jos\u00e9 Carlos Lazo,No team,Spain,,450000,EUR,
790833,Sergi Can\u00f3s,Valencia,Spain,,630000,EUR,2027-06-30
795726,Aitor Bu\u00f1uel,No team,Spain,,545000,EUR,
813573,Carlos Pomares,No team,Spain,,155000,EUR,
838636,Jaime Seoane,No team,Spain,,580000,EUR,
964981,Pedro Ortiz,UD Ibiza,Spain,,575000,EUR,
973300,Giacomo Quagliata,Deportivo de A Coru\u00f1a,Italy,,2100000,EUR,2028-06-30
1006074,Luka Gagnidze,Dynamo Moscow,Georgia,,775000,EUR,2027-06-30
1010551,Diego Collado,Huesca,Spain,,375000,EUR,
1049200,Lucas Alcazar,CD Castell\u00f3n,Spain,,760000,EUR,2028-06-30
1064103,Lu\u00eds Asu\u00e9,Shanghai Shenhua,Equatorial Guinea,,1400000,EUR,2027-12-31
1082985,Alvaro Garcia,CD Castell\u00f3n,Spain,,410000,EUR,2028-06-30
1177352,Ivan Garriel Mu\u00f1oz,Real Valladolid,Spain,,205000,EUR,2029-06-30
1441821,Iker Varela,UD Ibiza,Spain,,320000,EUR,2028-06-30
1472960,Simon Eriksson,Real Racing Club,Sweden,,2100000,EUR,2030-06-30
1489420,Jose Antonio de la Rosa,C\u00e1diz,Spain,,1000000,EUR,2027-06-30
1640614,Jerem\u00eda Recoba,Las Palmas,Uruguay,,1000000,EUR,2028-06-30
2209948,Hugo San Modesto,Real Valladolid,Spain,,285000,EUR,2027-06-30
591358,Kevin Ratti,FC Andorra,Argentina,,205000,EUR,2029-06-30
800987,Jose Matos,AD Ceuta,Spain,,650000,EUR,2027-06-30
811493,Salvi S\u00e1nchez,AD Ceuta,Spain,,135000,EUR,2027-06-30
889815,Patrick Soko,Almer\u00eda,Cameroon,,1200000,EUR,2028-06-30
900458,Jes\u00fas Bernal,Sporting Gij\u00f3n,Spain,,515000,EUR,2027-06-30
914178,Carlos Neva,No team,Spain,,1100000,EUR,
1009637,Pablo Garc\u00eda,Sporting Gij\u00f3n,Spain,,550000,EUR,2028-06-30
1031499,Viti Rozada,Las Palmas,Spain,,1600000,EUR,2027-06-30
1084456,Cristian Guti\u00e9rrez,Las Palmas,Spain,,775000,EUR,2028-06-30
1134538,Mateo Mej\u00eda,Burgos Club de F\u00fatbol,Colombia,,410000,EUR,2028-06-30
1143405,Bojan Kova\u010devi\u0107,C\u00e1diz,Serbia,,1000000,EUR,2029-06-30
1164676,Marcos Cuenca,Real Zaragoza,Spain,,370000,EUR,2028-06-30
1440403,Edward Cede\u00f1o,Las Palmas,Panama,,290000,EUR,2028-06-30
1513673,Selvi Cl\u00faa,Almer\u00eda,Spain,,290000,EUR,2030-06-30
1520752,Benjamin Pauwels,Legan\u00e9s,Belgium,,840000,EUR,2029-06-30
1526651,Alex Rubio,Albacete Balompi\u00e9,Spain,,960000,EUR,2030-06-30
1585723,Ferm\u00edn Garc\u00eda,Burgos Club de F\u00fatbol,Spain,,320000,EUR,2029-06-30
1636036,Aboubacar Bassinga,Las Palmas,Burkina Faso,,290000,EUR,2028-06-30
2008273,Samu Fernandez,Deportivo Fabril,Spain,,460000,EUR,2028-06-30
2144390,Ale Gomes,Venezia,Spain,,515000,EUR,2031-06-30
106272,Sergi Enrich,Huesca,Spain,,105000,EUR,2028-06-30
169317,Sinan Bak\u0131\u015f,No team,T\u00fcrkiye,,220000,EUR,
193946,V\u00edctor Garc\u00eda,Huesca,Venezuela,,220000,EUR,2028-06-30
796059,Mamadou Loum,Sporting Gij\u00f3n,Senegal,,515000,EUR,2027-06-30
847147,Mario Gonz\u00e1lez,FC Noah,Spain,,825000,EUR,
914838,Julio Alonso,PS Kalamata,Spain,,620000,EUR,2028-06-30
962378,Valery Fern\u00e1ndez,No team,Spain,,580000,EUR,
1010792,Alvaro Mantilla,Real Racing Club,Spain,,1200000,EUR,2028-06-30
1012182,Tommaso De Nipoti,Atalanta U23,Italy,,440000,EUR,2027-06-30
1014687,Enol Rodr\u00edguez,C\u00f3rdoba,Spain,,725000,EUR,2028-06-30
1085265,\u00c1lex Cardero,Real Oviedo,Spain,,390000,EUR,2028-06-30
1099547,Mario Climent,C\u00e1diz,Spain,,775000,EUR,2028-06-30
1131011,Th\u00e9o Le Normand,FC Andorra,France,,410000,EUR,
1170458,Alberto Dadie,Burgos Club de F\u00fatbol,Spain,,330000,EUR,2028-06-30
1503832,Andr\u00e9s Cuenca,Como,Spain,,460000,EUR,2030-06-30
1545065,Jon Garro,Real Sociedad B,Spain,,485000,EUR,2027-06-30
1546391,Jon Eceizabarrena,Real Sociedad B,Spain,,220000,EUR,2027-06-30
1592334,Rub\u00e9n L\u00f3pez,Deportivo de A Coru\u00f1a,Spain,,515000,EUR,2028-06-30
2333377,Diego Fuentes,Real Ja\u00e9n,Spain,,260000,EUR,2027-06-30
212074,Roger Mart\u00ed,No team,Spain,,210000,EUR,
914723,Sergio Maestre,Cultural Leonesa,Spain,,91000,EUR,2027-06-30
930265,V\u00edctor Mollejo,Burgos Club de F\u00fatbol,Spain,,310000,EUR,2028-06-30
947201,Mart\u00edn Pascual,FC Dinamo Bucure\u0219ti,Spain,,390000,EUR,2028-06-30
990232,Alberto Mari,Valencia,Spain,,660000,EUR,2027-06-30
1082976,Youssouf Diarra,C\u00f3rdoba,Mali,,825000,EUR,2027-06-30
1086415,Mario Maroto,UD Logro\u00f1\u00e9s,Spain,,195000,EUR,2027-06-30
1099804,Ba\u00efla Diallo,Granada,Senegal,,845000,EUR,2028-06-30
1116361,Alfred Caicedo,Jong KRC Genk U23,Ecuador,,310000,EUR,2027-06-30
1134532,Juan Larios,Southampton,Spain,,1200000,EUR,2027-06-30
1395903,Marcos Luna,Almer\u00eda,Spain,,485000,EUR,2030-06-30
1520813,Gorka Gorosabel,Real Sociedad B,Spain,,1000000,EUR,2028-06-30
1547525,Oscar Naasei,Granada,Ghana,,1500000,EUR,2027-06-30
1632259,Carlos Guirao,Legan\u00e9s,Spain,,275000,EUR,2029-06-30
1657026,Rodrigo Abajas,No team,Spain,,190000,EUR,
1861680,Jorge Salinas,Real Racing Club,Spain,,8500000,EUR,2029-06-30
1895195,Amadou Coundoul,Sporting Gij\u00f3n,Senegal,,190000,EUR,2029-06-30
2025179,Samu Cortes,Recreativo Granada,Spain,,105000,EUR,2029-06-30
329563,Rub\u00e9n Sobrino,No team,Spain,,270000,EUR,
362032,Cristian Herrera,No team,Spain,,91000,EUR,
823996,Aleksandar Radovanovi\u0107,No team,Serbia,,230000,EUR,
867780,Josu\u00e9 Dorrio,No team,Spain,,310000,EUR,
933433,Homam Al-Amin,Al Duhail,Qatar,,460000,EUR,
950142,Samuel Obeng,Albacete Balompi\u00e9,Ghana,,540000,EUR,2027-06-30
964174,\u00c1lex Centelles,Levski Sofia,Spain,,865000,EUR,2029-06-30
966681,Daniel S\u00e1nchez,M\u00e1laga CF,Spain,,430000,EUR,2027-06-30
987423,Rafa Tresaco,Huesca,Spain,,280000,EUR,2028-06-30
1010409,Xeber Alkain,Karpaty Lviv,Spain,,745000,EUR,2027-06-30
1010513,Jordi Mart\u00edn,No team,Spain,,425000,EUR,
1086193,Hugo Perez,Torreense,Spain,,205000,EUR,2029-06-30
1120497,Diego Percan,C\u00f3rdoba,Spain,,205000,EUR,2027-06-30
1129368,Samuel Ntamack Ndimba,Piast Gliwice,France,,515000,EUR,2028-06-30
1160061,Dani Queipo,Sporting Gij\u00f3n,Spain,,1100000,EUR,2027-06-30
1423518,Marko Perovi\u0107,Almer\u00eda,Montenegro,,185000,EUR,2028-06-30
1531155,Mario Cantero,Burgos Club de F\u00fatbol,Spain,,190000,EUR,2027-06-30
1869133,Aar\u00f3n Mart\u00edn,Al-Qadsiah,Spain,,730000,EUR,2028-06-30
1918355,Jakes Gorosabel,Girona B,Spain,,105000,EUR,2027-06-30
2197894,Sergio Martinez,Real Racing Club,Spain,,1900000,EUR,2029-06-30
350858,Quique Fornos,Huesca,Spain,,315000,EUR,2028-06-30
790817,Shon Weissman,Beitar Jerusalem,Israel,,780000,EUR,2028-06-30
828969,Manu Vallejo,No team,Spain,,270000,EUR,
948004,Ignacio Laquintana,Red Bull Bragantino,Uruguay,,970000,EUR,2027-12-31
1010352,Diego Gonz\u00e1lez,AD Ceuta,Spain,,565000,EUR,2027-06-30
1121475,Diego Garc\u00eda,Malm\u00f6 FF,Spain,,1600000,EUR,2029-06-30
1123218,\u00c1ngel Recio,M\u00e1laga CF,Spain,,315000,EUR,2029-06-30
1164997,Yayo Gonz\u00e1lez,Cultural Leonesa,Spain,,310000,EUR,2027-06-30
1184319,V\u00edctor Moreno,CD Tenerife,Spain,,285000,EUR,2029-06-30
1469468,Pau Sans,Real Zaragoza,Spain,,1500000,EUR,2029-06-30
1471513,Antal Yaakobishvili,Girona FC,Hungary,,185000,EUR,2028-06-30
1526614,Nico Toca,Real \u00c1vila CF,Spain,,53000,EUR,2027-06-30
1546226,Houssam Kounia Ait Tamlihat,Almer\u00eda B,Morocco,,160000,EUR,2028-06-30
1804805,Terrer Lucas,Real Zaragoza,Spain,,330000,EUR,2029-06-30
1978871,Dominique Moubeke,Juventud Torremolinos CF,Cameroon,,27000,EUR,2027-06-30
1979785,Willy Chatiliez,Huesca,Chile,,195000,EUR,2027-06-30
2142442,Daniel Bernabeu,Albacete Balompi\u00e9,Spain,,390000,EUR,2029-06-30
349878,Carlos Albarr\u00e1n,C\u00f3rdoba,Spain,,290000,EUR,2027-06-30
351140,Jaime Mata,No team,Spain,,95000,EUR,
804770,Jordy Caicedo,Hurac\u00e1n,Ecuador,,2200000,EUR,2026-12-31
807576,Nikola \u010cumi\u0107,Rubin Kazan,Serbia,,730000,EUR,2027-06-30
914048,\u00c1lex Petxarroman,AD Ceuta,Spain,,450000,EUR,2028-06-30
943713,Javi S\u00e1nchez,FC Arouca,Spain,,750000,EUR,
1001967,Hugo Novoa,Deportivo Alav\u00e9s,Spain,,725000,EUR,2029-06-30
1001983,Juan Sebastian Serrano,FC Andorra,Spain,,275000,EUR,2028-06-30
1015281,Lucas Sanseviero,Real Valladolid,Uruguay,,775000,EUR,2029-06-30
1100456,Noah Ohio,FC Utrecht,Netherlands,,620000,EUR,2027-06-30
1103233,Etienne Eto'o Pineda,Rayo Vallecano,Cameroon,,280000,EUR,2027-06-30
1173564,Oscar Cort\u00e9s,Hurac\u00e1n,Colombia,,2400000,EUR,2026-12-31
1177661,Sebasti\u00e1n Figueredo,Legan\u00e9s,Uruguay,,365000,EUR,2028-06-30
1200744,Jeronimo Domina,C\u00e1diz,Argentina,,1400000,EUR,2030-06-30
1514893,Siren Diao,Atalanta U23,Spain,,935000,EUR,2028-06-30
1522234,Selu Diallo,Deportivo Alav\u00e9s,Guinea,,365000,EUR,2028-06-30
1546390,Dario Ramirez,Gimn\u00e0stic de Tarragona,Spain,,105000,EUR,2028-06-30
2203490,Enol Prendes,Sporting Atl\u00e9tico,Spain,,94000,EUR,2027-06-30
2269439,Mario Dominguez,Real Valladolid B,Spain,,480000,EUR,2028-06-30
793949,Nikolay Obolskiy,No team,Russia,,310000,EUR,
795257,Kevin V\u00e1zquez,No team,Spain,,280000,EUR,
836678,Cl\u00e9ment Michelin,Real Valladolid,France,,565000,EUR,2028-06-30
858230,Vegard Erlien,Real Valladolid,Norway,,1000000,EUR,2027-06-30
914798,Gonzalo Almenara,UD Ibiza,Spain,,310000,EUR,2027-06-30
942111,Mohamed Bouldini,Deportivo de A Coru\u00f1a,Morocco,,410000,EUR,2028-06-30
980143,\u00c1lejandro Cantero,No team,Spain,,430000,EUR,
1012407,Jokin Gabilondo,Real Zaragoza,Spain,,410000,EUR,2028-06-30
1092305,\u202aIgnacio Schor,No team,Argentina,,550000,EUR,
1092984,Daniel Paraschiv,Real Oviedo,Romania,,775000,EUR,2027-06-30
1100519,Jorge Delgado,Real Valladolid,Spain,,275000,EUR,2027-06-30
1153345,Xavi Moreno,Real Valladolid,Spain,,310000,EUR,2027-06-30
1428531,Diego Sia,Milan Futuro U23,Italy,,410000,EUR,2028-06-30
1466657,Mario Garcia,Widzew \u0141\u00f3d\u017a,Spain,,875000,EUR,2029-06-30
1531213,Ra\u00fal Pereira,Real Zaragoza,Spain,,195000,EUR,2030-06-30
1563953,Iker Cordoba,Valencia,Spain,,485000,EUR,2028-06-30
2058130,Pedro Cedillo,Almer\u00eda B,Spain,,215000,EUR,2028-06-30
2165565,Hugo Pinilla,Real Zaragoza,Spain,,460000,EUR,2030-06-30
2201655,Aitor Uzkudun,FC Andorra,Spain,,205000,EUR,2027-06-30
41013,Aridane Hern\u00e1ndez,No team,Spain,,52000,EUR,
254731,Miguel Ba\u00f1uz,AD Alcorc\u00f3n,Spain,,195000,EUR,2027-06-30
813645,\u00c1lvaro Lemos,No team,Spain,,210000,EUR,
893074,Redru,AD Ceuta,Spain,,310000,EUR,2027-06-30
913455,Chumi,Almer\u00eda,Spain,,775000,EUR,2028-06-30
949456,Mario Sober\u00f3n,Albacete Balompi\u00e9,Spain,,725000,EUR,2028-06-30
1120038,Leonardo Buta,Udinese,Portugal,,1100000,EUR,2027-06-30
1164477,Yago Cantero,H\u00e9rcules CF,Spain,,290000,EUR,2028-06-30
1216296,Ekain Orobengoa,Real Sociedad B,Spain,,205000,EUR,2028-06-30
1542697,Adri\u00e1n Arnu,Real Valladolid,Spain,,1900000,EUR,2027-06-30
1807149,Miguel Conde,Sporting Atl\u00e9tico,Spain,,24000,EUR,2027-06-30
2201715,Alejandro Galdeano,Real Valladolid B,Spain,,97000,EUR,2028-06-30
2209303,Santi Franco,Rayo Cantabria,Spain,,205000,EUR,2027-06-30
2277692,Marcelo Timor\u00e1n,C\u00f3rdoba B,Bolivia,,91000,EUR,
218518,Juanto Ortu\u00f1o,Real Murcia,Spain,,97000,EUR,2027-06-30
353252,Mart\u00edn Merquelanz,No team,Spain,,105000,EUR,
360866,Micka\u00ebl Malsa,No team,Martinique,,270000,EUR,
592064,Jon Garc\u00eda,CF Intercity,Spain,,47000,EUR,2027-06-30
804629,Oscar Gil,Real Murcia,Spain,,195000,EUR,2027-06-30
848926,Lucas Robertone,V\u00e9lez Sarsfield,Argentina,,1900000,EUR,2026-12-31
950596,Eneko Satrustegui,No team,Spain,,105000,EUR,
957597,Rub\u00e9n Pulido,Legan\u00e9s,Spain,,410000,EUR,2028-06-30
963203,Yann Kembo,Sporting Gij\u00f3n,France,,97000,EUR,2028-06-30
1063318,William Agada,No team,Nigeria,,625000,EUR,
1142091,Diego Hormigo,Granada,Spain,,290000,EUR,2028-06-30
1398533,Isaac Obeng,H\u00e9rcules CF,Ghana,,205000,EUR,2029-06-30
1580024,Hugo Barrachina,Real Zaragoza,Spain,,215000,EUR,2029-06-30
1893819,Valentin Pezzolesi,Las Palmas,Spain,,245000,EUR,2029-06-30
1962431,Ismael Fadel,UD Ibiza,Morocco,,220000,EUR,2027-06-30
1968344,Andrews Adjabeng,Real Sociedad C,Ghana,,52000,EUR,
1968535,Laro G\u00f3mez,Rayo Cantabria,Spain,,210000,EUR,2027-06-30
97923,Timo Horn,VfL Bochum 1848,Germany,,565000,EUR,2028-06-30
142096,Christian Mathenia,1. FC N\u00fcrnberg,Germany,,280000,EUR,2028-06-30
229858,Bar\u0131\u015f Atik,1. FC Magdeburg,Germany,,870000,EUR,
253945,Daniel Mesenh\u00f6ler,SG Dynamo Dresden,Germany,,120000,EUR,
263493,Higinio Mar\u00edn,Albacete Balompi\u00e9,Spain,,185000,EUR,2027-06-30
270885,Marvin Wanitzek,Karlsruher SC,Germany,,945000,EUR,2029-06-30
882019,Florent Muslija,SC Freiburg,Kosovo,,1900000,EUR,2028-06-30
930702,Marcel Hoffmeier,SC Paderborn 07,Germany,,1100000,EUR,2028-06-30
995669,Leo Oppermann,Arminia Bielefeld,Germany,,230000,EUR,2027-06-30
997113,Marcel Lotka,Energie Cottbus,Poland,,540000,EUR,
1006116,Simon Simoni,FC Luzern,Albania,,580000,EUR,2027-06-30
1009161,Enzo Leopold,Borussia M'gladbach,Germany,,4200000,EUR,2030-06-30
1019319,Tjark Ernst,Feyenoord,Germany,,3900000,EUR,2030-06-30
1106691,Alex Oy\u00f3n,Arenas Club,Spain,,73000,EUR,2027-06-30
1142833,Mohamed Ali Zoma,1. FC N\u00fcrnberg,Italy,,8400000,EUR,2029-06-30
1520998,Adam Arvelo,Las Palmas,Spain,,52000,EUR,2027-06-30
1526564,Pablo Arana,C\u00e1diz C,Spain,,46000,EUR,
1962417,Pere Haro,CD Lugo,Spain,,52000,EUR,2027-06-30
116570,Felix Klaus,SpVgg Greuther F\u00fcrth,Germany,,530000,EUR,2027-06-30
340719,Philipp Hofmann,VfL Bochum 1848,Germany,,580000,EUR,2028-06-30
352556,Dominik Reimann,1. FC Magdeburg,Germany,,955000,EUR,
795024,Florian Kastenmeier,No team,Germany,,940000,EUR,
796672,Ivan Prtajin,1. FC Kaiserslautern,Croatia,,965000,EUR,
802899,Sven K\u00f6hler,No team,Germany,,775000,EUR,
820465,Raphael Obermair,SC Paderborn 07,Philippines,,1300000,EUR,2027-06-30
846398,Maximilian Rohr,SV 07 Elversberg,Germany,,765000,EUR,2028-06-30
852096,Hasan Kuru\u00e7ay,FC Schalke 04,T\u00fcrkiye,,2100000,EUR,2027-06-30
857917,Tim Handwerker,Arminia Bielefeld,Germany,,620000,EUR,
858360,Aleksandar Vukoti\u0107,Darmstadt 98,Serbia,,770000,EUR,
944100,Julian Krahl,1. FC Kaiserslautern,Germany,,960000,EUR,
980916,Alexander Bernhardsson,Holstein Kiel,Sweden,,3200000,EUR,2027-06-30
981788,Laurin Curda,SC Paderborn 07,Germany,,2800000,EUR,
984183,Maik Nawrocki,RC Lens,Poland,,1400000,EUR,2030-06-30
993996,Mateusz \u017bukowski,1. FC Magdeburg,Poland,,5700000,EUR,
1086085,Jonas Krumrey,VfL Osnabr\u00fcck,Germany,,960000,EUR,2027-06-30
1131080,Nicolas Kristof,SV 07 Elversberg,Austria,,2300000,EUR,2029-06-30
1195736,Dennis Seimen,VfB Stuttgart,Germany,,9500000,EUR,2029-06-30
1402999,Grayson Dettoni,Darmstadt 98,USA,,185000,EUR,
132654,Marcel Schuhen,Darmstadt 98,Germany,,625000,EUR,
137053,Toni Leistner,No team,Germany,,280000,EUR,
148076,Branimir Hrgota,FC St. Pauli,Sweden,,485000,EUR,
169233,Marlon Ritter,1. FC Kaiserslautern,Germany,,875000,EUR,
174135,Loris Karius,FC Schalke 04,Germany,,825000,EUR,2028-06-30
339889,Vincent Vermeij,SG Dynamo Dresden,Netherlands,,485000,EUR,
347116,Carl Johansson,No team,Sweden,,435000,EUR,
352986,Marcus Mathisen,FC St. Pauli,Denmark,,940000,EUR,
817968,Fabian Reese,VfL Wolfsburg,Germany,,5200000,EUR,2030-06-30
827473,Luka Lochoshvili,1. FC K\u00f6ln,Georgia,,2600000,EUR,2029-06-30
877306,Boris Tomiak,Hannover 96,Germany,,1600000,EUR,2028-06-30
928416,Kai Klefisch,Darmstadt 98,Germany,,1900000,EUR,
960017,Lukas Petkov,SV 07 Elversberg,Bulgaria,,3200000,EUR,2027-06-30
964603,Luca Sirch,No team,Germany,,2300000,EUR,
984804,Stefano Russo,Arminia Bielefeld,Germany,,1300000,EUR,2028-06-30
1047004,Adam Markhiev,1. FC N\u00fcrnberg,Finland,,3700000,EUR,2030-06-30
1048651,Nahuel Noll,SC Paderborn 07,Germany,,1900000,EUR,2027-06-30
1064986,Jan Reichert,1. FC N\u00fcrnberg,Germany,,1500000,EUR,2027-06-30
1195734,Vitalie Becker,FC Schalke 04,Germany,,3100000,EUR,2027-06-30
130433,Robin Knoche,No team,Germany,,380000,EUR,
253517,Gerrit Holtmann,VfL Bochum 1848,Philippines,,750000,EUR,2027-06-30
253687,Paul Seguin,Hertha BSC,Germany,,725000,EUR,2027-06-30
254125,Maximilian Wittek,VfL Bochum 1848,Germany,,870000,EUR,2028-06-30
352290,C\u00e9dric Itten,SV Werder Bremen,Switzerland,,1600000,EUR,2029-06-30
796027,Marco Richter,1. FSV Mainz 05,Germany,,1600000,EUR,2027-06-30
797871,Luca Marseiler,Darmstadt 98,Germany,,925000,EUR,
802863,Alexander Rossipal,SG Dynamo Dresden,Germany,,550000,EUR,2027-06-30
831488,Nikola Kati\u0107,FC Schalke 04,Bosnia & Herzegovina,,1900000,EUR,2028-06-30
886316,Philipp Strompf,VfL Bochum 1848,Germany,,905000,EUR,2028-06-30
926995,Naatan Skytt\u00e4,1. FC Kaiserslautern,Finland,,5200000,EUR,2028-06-30
1017574,Noel Futkeu,Eintracht Frankfurt,Germany,,7300000,EUR,
1069125,Marten Winkler,Hertha BSC,Germany,,2100000,EUR,2027-06-30
1108551,Daisuke Yokota,Hannover 96,Japan,,1800000,EUR,2029-06-30
1128792,Calvin Brackelmann,FC Augsburg,Germany,,3200000,EUR,2030-06-30
1130119,Fabio Gruber,1. FSV Mainz 05,Peru,,2900000,EUR,2030-06-30
1172815,Mika Baur,SC Paderborn 07,Germany,,4700000,EUR,
1185359,Bambas\u00e9 Cont\u00e9,TSG Hoffenheim,Germany,,3800000,EUR,
1402749,Silas Pr\u00fcfrock,SpVgg Greuther F\u00fcrth,Germany,,515000,EUR,
1518796,Husseyn Chakroun,Hannover 96,Lebanon,,1700000,EUR,2027-06-30
168943,Kenan Karaman,FC Schalke 04,T\u00fcrkiye,,1700000,EUR,2028-06-30
843132,Julian Justvan,1. FC N\u00fcrnberg,Germany,,2100000,EUR,2027-06-30
844131,Felix G\u00f6tze,SC Paderborn 07,Germany,,2100000,EUR,
857470,Alexander Nollenberger,1. FC Magdeburg,Germany,,770000,EUR,
878683,Rayan Ghrieb,1. FC N\u00fcrnberg,France,,1000000,EUR,
879710,Ron Thorben Hoffmann,Eintracht Braunschweig,Germany,,1000000,EUR,2027-06-30
880741,Ivan Neki\u0107,Holstein Kiel,Croatia,,1400000,EUR,2029-06-30
914877,Fraser Hornby,VfL Wolfsburg,Scotland,,4400000,EUR,2030-06-30
930135,Patric Pfeiffer,Darmstadt 98,Ghana,,2200000,EUR,
940393,Maximilian Bauer,Arminia Bielefeld,Germany,,1500000,EUR,
942336,\u0141ukasz Por\u0119ba,SV 07 Elversberg,Poland,,2600000,EUR,2029-06-30
980615,Tim Schreiber,SG Dynamo Dresden,Germany,,940000,EUR,2027-06-30
980632,Mehmet Ayd\u0131n,Eintracht Braunschweig,T\u00fcrkiye,,1500000,EUR,2027-06-30
981067,Satoshi Tanaka,FC Schalke 04,Japan,,2100000,EUR,2030-06-30
989420,Jean Hugonet,Hannover 96,France,,1200000,EUR,2030-06-30
1014486,Maximilian Gro\u00dfer,Arminia Bielefeld,Germany,,720000,EUR,2027-06-30
1082797,Matej Maglica,Darmstadt 98,Croatia,,1100000,EUR,2027-06-30
1152486,Laurin Ulrich,VfB Stuttgart II U21,Germany,,3200000,EUR,
1195724,Berkay Y\u0131lmaz,SC Freiburg,T\u00fcrkiye,,6300000,EUR,
1403035,Ayoub Chaikhoun,1. FC N\u00fcrnberg,Morocco,,515000,EUR,2029-06-30
121551,Danilo Soares,SC Austria Lustenau,Brazil,,315000,EUR,2028-06-30
795002,Niklas Schmidt,Toulouse,Germany,,1600000,EUR,2027-06-30
814735,Timo Becker,FC Schalke 04,Germany,,1500000,EUR,2029-06-30
823226,Fabian Kunze,1. FC Kaiserslautern,Germany,,1200000,EUR,
849623,Mustapha Bundu,Hannover 96,Sierra Leone,,910000,EUR,2028-06-30
856291,Hans Christian Bernat,Karlsruher SC,Denmark,,1000000,EUR,
886973,Joel Grodowski,Arminia Bielefeld,Germany,,815000,EUR,
888731,Lars B\u00fcnning,SG Dynamo Dresden,Germany,,380000,EUR,2027-06-30
939693,Paul Will,SpVgg Greuther F\u00fcrth,Germany,,580000,EUR,2029-06-30
989630,Filip Bilbija,No team,Germany,,3100000,EUR,
990105,Lukas Finn Pinckert,SV 07 Elversberg,Germany,,2300000,EUR,2028-06-30
997175,Lasse G\u00fcnther,SV 07 Elversberg,Germany,,2300000,EUR,2030-06-30
1007962,Lilian Egloff,Karlsruher SC,Germany,,1600000,EUR,
1022459,Johannes Schenk,Preu\u00dfen M\u00fcnster,Germany,,1600000,EUR,2027-06-30
1083338,Soufiane El-Faouzi,FC Schalke 04,Morocco,,9800000,EUR,2030-06-30
1083891,Henri Koudossou,Arminia Bielefeld,Germany,,1200000,EUR,
1130986,Paul Joly,1. FC Kaiserslautern,France,,1800000,EUR,2029-06-30
1445608,Mika Haas,1. FC Kaiserslautern,Germany,,2900000,EUR,
1516945,Max Marie,Eintracht Braunschweig,Germany,,1700000,EUR,2027-06-30
2579520,David Schramm,1. FC Kaiserslautern,Germany,,485000,EUR,
254409,Daniel Heber,1. FC Magdeburg,Germany,,415000,EUR,
787816,Florian Yves Le Joncour,SV 07 Elversberg,France,,480000,EUR,2027-06-30
788286,Maurice Neubauer,Hannover 96,Germany,,875000,EUR,2028-06-30
789138,Noah Loosli,No team,Switzerland,,775000,EUR,
798175,Isac Lidberg,Borussia M'gladbach,Sweden,,5300000,EUR,2030-06-30
828972,Arne Sicker,Arminia Bielefeld,Germany,,370000,EUR,2028-06-30
836092,Joel Felix,Arminia Bielefeld,Denmark,,460000,EUR,2027-06-30
843600,Christoph Kobald,Karlsruher SC,Austria,,850000,EUR,
844199,Tim Oberdorf,Fortuna D\u00fcsseldorf,Germany,,760000,EUR,2027-06-30
887457,Tom Zimmerschied,SV 07 Elversberg,Germany,,1600000,EUR,2029-06-30
907685,Oliver Batista Meier,SC Paderborn 07,Germany,,1500000,EUR,
979821,Finn Ole Becker,1. FC N\u00fcrnberg,Germany,,1600000,EUR,
980618,M\u00e1rton D\u00e1rdai,Hertha BSC,Hungary,,2600000,EUR,2028-06-30
1083387,Mattes Hansen,SC Paderborn 07,Germany,,2700000,EUR,
1126690,Sacha Banse,SpVgg Greuther F\u00fcrth,Burkina Faso,,600000,EUR,2027-06-30
1127332,Killian Corredor,Nantes,France,,2900000,EUR,2030-06-30
1131347,Frederik Schmahl,SV 07 Elversberg,Germany,,820000,EUR,2027-06-30
1140362,Timon Weiner,Holstein Kiel,Germany,,840000,EUR,2027-06-30
1173109,Yosuke Furukawa,Darmstadt 98,Japan,,620000,EUR,
1871035,Leon Parduzi,Holstein Kiel,Kosovo,,280000,EUR,2028-06-30
124318,Diego Demme,No team,Germany,,280000,EUR,
254411,Jan Gyamerah,SV 07 Elversberg,Ghana,,760000,EUR,2027-06-30
286103,Dawid Kownacki,SV Werder Bremen,Poland,,1600000,EUR,2027-06-30
843156,Deyovaisio Zeefuik,Hertha BSC,Netherlands,,1100000,EUR,2027-06-30
872358,Ron Schallenberg,FC Schalke 04,Germany,,1900000,EUR,2027-06-30
879504,Leon Klassen,Grazer AK 1902,Russia,,620000,EUR,2029-06-30
887911,David Zec,Holstein Kiel,Slovenia,,2300000,EUR,2029-06-30
940886,Fabian N\u00fcrnberger,Darmstadt 98,Bulgaria,,1600000,EUR,
951531,Jonas Thomas Kersken,Arminia Bielefeld,Germany,,910000,EUR,
973430,Kevin Ehlers,Eintracht Braunschweig,Germany,,965000,EUR,2027-06-30
982315,Moussa Ndiaye,RSC Anderlecht,Senegal,,3900000,EUR,2028-06-30
1007952,Hiroki Akiyama,Darmstadt 98,Japan,,3300000,EUR,
1015186,John Tolkin,Holstein Kiel,USA,,2400000,EUR,2028-06-30
1128640,Luka Hyryl\u00e4inen,1. FC Magdeburg,Finland,,1600000,EUR,2028-06-30
1130872,Kolja Oudenne,Hannover 96,Sweden,,1400000,EUR,2028-06-30
1134404,Monju Momuluh,Arminia Bielefeld,Germany,,1900000,EUR,
1141977,Dariusz Stalmach,SV Werder Bremen,Poland,,1600000,EUR,
1199101,Santiago Casta\u00f1eda,SC Paderborn 07,USA,,5200000,EUR,2027-06-30
1201926,Julian Eitschberger,Hertha BSC,Germany,,1000000,EUR,2027-06-30
1410926,No\u00ebl As\u00e9ko,Eintracht Frankfurt,Germany,,12400000,EUR,2028-06-30
253477,Torge Paetow,Preu\u00dfen M\u00fcnster,Germany,,280000,EUR,2027-06-30
312986,Herbert Bockhorn,1. FC Magdeburg,Uganda,,435000,EUR,
576154,Jan Elvedi,1. FC Kaiserslautern,Switzerland,,725000,EUR,2028-06-30
829211,Mael Corboz,Grenoble Foot 38,USA,,440000,EUR,
814388,Morten Behrens,Preu\u00dfen M\u00fcnster,Germany,,240000,EUR,2028-06-30
817978,Amara Cond\u00e9,SV 07 Elversberg,Germany,,830000,EUR,2028-06-30
844203,Christopher Antwi-Adjei,No team,Ghana,,370000,EUR,
845653,Carlo Sickinger,SV 07 Elversberg,Germany,,540000,EUR,2027-06-30
867544,Virgil Ghi\u021b\u0103,Hannover 96,Romania,,1800000,EUR,2028-06-30
883327,Roberts Uldri\u0137is,Arminia Bielefeld,Latvia,,530000,EUR,2027-06-30
886132,Moritz Kwarteng,1. FC Magdeburg,Germany,,695000,EUR,
910241,Jan Luca Schuler,Hertha BSC,Germany,,740000,EUR,2027-06-30
935283,Romario R\u00f6sch,No team,Germany,,415000,EUR,
940870,Claudio Kammerknecht,SV Waldhof Mannheim,Sri Lanka,,425000,EUR,2029-06-30
941561,Jannis Heuer,SpVgg Greuther F\u00fcrth,Germany,,900000,EUR,2029-06-30
978767,Semih \u015eahin,1. FC Kaiserslautern,Germany,,1600000,EUR,
980466,Shinta Appelkamp,SpVgg Greuther F\u00fcrth,Germany,,1400000,EUR,2028-06-30
1046188,Adrian Gantenbein,FC Schalke 04,Switzerland,,850000,EUR,2028-06-30
1082633,Lukas Frenkert,Eintracht Braunschweig,Germany,,875000,EUR,2027-06-30
1385752,Jonas Therkelsen,Holstein Kiel,Norway,,2700000,EUR,2029-06-30
2077300,Cajetan Lenz,TSG Hoffenheim,Germany,,9600000,EUR,2031-06-30
270897,Fabian Schleusener,Fortuna D\u00fcsseldorf,Germany,,330000,EUR,2028-06-30
289203,Tobias M\u00fcller,1. FC Magdeburg,Germany,,595000,EUR,
794679,Benjamin K\u00e4llman,Hannover 96,Finland,,3700000,EUR,2028-06-30
798154,Niklas Hauptmann,SG Dynamo Dresden,Germany,,620000,EUR,2028-06-30
803749,Niklas Kolbe,Hertha BSC,Germany,,770000,EUR,2027-06-30
874816,Robin Heu\u00dfer,Eintracht Braunschweig,Germany,,680000,EUR,2027-06-30
987512,Maxwell Gyamfi,1. FC Kaiserslautern,Germany,,1000000,EUR,
992144,Jakob Lemmer,SG Dynamo Dresden,Germany,,950000,EUR,
1014806,Florian Kleinhansl,Darmstadt 98,Germany,,515000,EUR,
1049177,Tim Breithaupt,FC Augsburg,Germany,,740000,EUR,2028-06-30
1065557,Falko Michel,1. FC Magdeburg,Germany,,1200000,EUR,
1387705,Marius W\u00f6rl,Arminia Bielefeld,Germany,,1600000,EUR,2029-06-30
1424870,David Abrangao,SpVgg Greuther F\u00fcrth,Germany,,365000,EUR,2028-06-30
1475013,Louis K\u00f6ster,Alemannia Aachen,Germany,,245000,EUR,2028-06-30
1606561,Louey Ben Farhat,Karlsruher SC,Tunisia,,10800000,EUR,2029-06-30
1609271,Friedrich M\u00fcller,SG Dynamo Dresden,Germany,,1100000,EUR,
1864750,Ruben M\u00fcller,SC Paderborn 07,Germany,,1100000,EUR,
2203217,Ikem Ugoh,Holstein Kiel,Germany,,730000,EUR,2028-06-30
2331052,Dion Hofmeister,1. FC Kaiserslautern,Germany,,1000000,EUR,
121793,Marcel Franke,Karlsruher SC,Germany,,390000,EUR,
787931,Nicolai Rapp,SG Dynamo Dresden,Germany,,1000000,EUR,2029-06-30
789714,Finn Porath,FC Schalke 04,Germany,,855000,EUR,2027-06-30
800444,Matthias Bader,Darmstadt 98,Germany,,530000,EUR,
826884,Steffen Tigges,SC Paderborn 07,Germany,,680000,EUR,2027-06-30
833213,Erhan Ma\u0161ovi\u0107,No team,Serbia,,820000,EUR,
851256,Etienne Amenyido,\u00dajpest,Togo,,435000,EUR,
867399,Silas Gnaka,ML Vitebsk,C\u00f4te d'Ivoire,,945000,EUR,
877798,Jason Ceka,SV 07 Elversberg,Albania,,825000,EUR,2028-06-30
881718,Brynjar Ingi Bjarnason,SpVgg Greuther F\u00fcrth,Iceland,,485000,EUR,2027-06-30
886258,Christopher Lannert,Darmstadt 98,Germany,,385000,EUR,
900264,Nicholas Mickelson,SV 07 Elversberg,Thailand,,970000,EUR,2027-06-30
904840,Tobias Raschl,SG Dynamo Dresden,Germany,,515000,EUR,
982528,Marcel Beifus,No team,Germany,,2100000,EUR,
1137717,Tjark Lasse Scheller,SC Paderborn 07,Germany,,2700000,EUR,
1153365,Maurice Krattenmacher,SV 07 Elversberg,Germany,,3200000,EUR,2030-06-30
1198077,Niklas Niehoff,SCR Altach,Germany,,620000,EUR,2027-06-30
1214874,Rafael Lubach,1. FC N\u00fcrnberg,Germany,,3300000,EUR,2027-06-30
1517850,Jonah Sticker,SC Paderborn 07,Germany,,700000,EUR,
1648780,Frederik Roslyng,Holstein Kiel,Denmark,,1100000,EUR,2029-06-30
98953,Mikkel Kirkeskov,No team,Denmark,,230000,EUR,
122573,Steven Skrzybski,Holstein Kiel,Germany,,485000,EUR,2027-06-30
142613,Marcel Sobottka,No team,Germany,,315000,EUR,
190875,Jorrit Hendrix,Fortuna D\u00fcsseldorf,Netherlands,,715000,EUR,2028-06-30
254191,Julian Green,No team,USA,,745000,EUR,
790775,Emmanuel Iyoha,1. FC Magdeburg,Germany,,845000,EUR,
826208,Micha\u00ebl Cuisance,RC Lens,France,,3100000,EUR,2030-06-30
843709,Benedikt Pichler,Hannover 96,Austria,,855000,EUR,2027-06-30
878628,Sebastian Klaas,SC Paderborn 07,Germany,,875000,EUR,
886133,Lino Tempelmann,Eintracht Braunschweig,Germany,,775000,EUR,2028-06-30
901416,Leon Schneider,Arminia Bielefeld,Germany,,560000,EUR,
980625,Marco John,No team,Germany,,725000,EUR,
996989,Christian Rasmussen,VfL Bochum 1848,Denmark,,1200000,EUR,2030-06-30
1063364,Kenneth Schmidt,SG Dynamo Dresden,Germany,,825000,EUR,
1140597,Hendry Blank,Red Bull Salzburg,Germany,,1300000,EUR,2028-06-30
1153298,Tarek Buchmann,FC Bayern M\u00fcnchen,Germany,,310000,EUR,2027-06-30
1184040,Hayate Matsuda,Hannover 96,Japan,,2200000,EUR,2028-06-30
1195798,Mertcan Ayhan,FC Schalke 04,T\u00fcrkiye,,8199999,EUR,2028-06-30
1215028,Felix Keidel,SV 07 Elversberg,Germany,,1200000,EUR,2028-06-30
1382299,Shin Yamada,Oud-Heverlee Leuven,Japan,,775000,EUR,2027-06-30
142329,Fabio Kaufmann,Eintracht Braunschweig,Germany,,285000,EUR,2027-06-30
142852,Philipp Ziereis,Melbourne Victory,Germany,,430000,EUR,2028-06-30
187207,Mat\u00fa\u0161 Bero,No team,Slovakia,,955000,EUR,
579260,Marco Komenda,Arka Gdynia,Germany,,640000,EUR,2028-06-30
800448,Tom Baack,SC Paderborn 07,Germany,,565000,EUR,
836710,Lennart Grill,SG Dynamo Dresden,Germany,,390000,EUR,
842368,Sebastian Gr\u00f8nning,Hertha BSC,Denmark,,460000,EUR,2027-06-30
887762,Luca Herrmann,SG Dynamo Dresden,Germany,,425000,EUR,
910043,Micha\u0142 Karbownik,Ba\u015fak\u015fehir FK,Poland,,1700000,EUR,2029-06-30
994197,Faride Alidou,Holstein Kiel,Germany,,860000,EUR,2027-06-30
1021104,Anouar El Azzouzi,Frosinone,Morocco,,1600000,EUR,2029-06-30
1049495,Bastian Allgeier,Hannover 96,Germany,,760000,EUR,2027-06-30
1121902,Phil Harres,Holstein Kiel,Germany,,2400000,EUR,
1129364,Linus Gechter,Hertha BSC,Germany,,3200000,EUR,2027-06-30
1167764,Stefano Marino,SC Paderborn 07,Germany,,965000,EUR,
1197157,Mats Pannewig,VfL Bochum 1848,Germany,,2900000,EUR,2028-06-30
1467703,Kofi Jeremy Amoako,Hamburger SV,Germany,,3800000,EUR,
1516761,Paul Friedrich P\u00f6pperl,No team,Germany,,550000,EUR,
1961762,Kennet Eichhorn,Bayer 04 Leverkusen,Germany,,21000000,EUR,2031-06-30
169341,Simon Scherder,Preu\u00dfen M\u00fcnster,Germany,,220000,EUR,2027-06-30
187187,Jeremy Dudziak,No team,Tunisia,,390000,EUR,
252457,Marius Gersbeck,Hertha BSC,Germany,,380000,EUR,2027-06-30
295111,Lukas Boeder,SG Dynamo Dresden,Germany,,385000,EUR,2027-06-30
566918,Vinko \u0160apina,FC Ingolstadt 04,Croatia,,390000,EUR,
787465,Lubambo Musonda,1. FC Magdeburg,Zambia,,630000,EUR,2027-06-30
823969,Yassine Bouchama,Fortuna D\u00fcsseldorf,Germany,,520000,EUR,2028-06-30
842202,Leon Jensen,Hertha BSC,Germany,,745000,EUR,2027-06-30
886170,Daniel Hanslik,VfL Bochum 1848,Germany,,775000,EUR,2028-06-30
896159,Jannik Rochelt,Arminia Bielefeld,Germany,,855000,EUR,
944288,Florian Flick,Eintracht Braunschweig,Germany,,680000,EUR,2028-06-30
987600,Dominik Kother,MSV Duisburg,Germany,,465000,EUR,2028-06-30
1032926,Sayfallah Ltaief,FC Twente,Tunisia,,1300000,EUR,2027-06-30
1046449,Dickson Abiama,1. FC Kaiserslautern,Nigeria,,430000,EUR,2027-06-30
1152497,Tim Hoffmann,SC Verl,Germany,,240000,EUR,
1394183,Patrick Nkoa,RAAL La Louvi\u00e8re,Cameroon,,720000,EUR,2028-06-30
1440919,Elias Egouli,Fortuna D\u00fcsseldorf,Germany,,930000,EUR,2029-06-30
1493496,Shio Fukuda\u00a0,Karlsruher SC,Japan,,955000,EUR,
1507710,Ime Okon,Hannover 96,South Africa,,1900000,EUR,2029-06-30
1927775,Eryk Grzywacz,VfL Wolfsburg,Poland,,230000,EUR,2027-06-30
97938,Amin Younes,No team,Germany,,275000,EUR,
281269,Rico Prei\u00dfinger,Preu\u00dfen M\u00fcnster,Germany,,385000,EUR,2028-06-30
358984,Koji Miyoshi,VfL Bochum 1848,Japan,,915000,EUR,2028-06-30
572922,Jannik Dehm,SpVgg Greuther F\u00fcrth,Germany,,640000,EUR,2027-06-30
794536,Joshua Mees,Preu\u00dfen M\u00fcnster,Germany,,455000,EUR,2027-06-30
843133,Christoph Daferner,SG Dynamo Dresden,Germany,,680000,EUR,2028-06-30
856653,Oliver Olsen,VfL Bochum 1848,Denmark,,1600000,EUR,2030-06-30
886154,Isaiah Young,Arminia Bielefeld,USA,,290000,EUR,2027-06-30
929806,Kevin Sessa,Hertha BSC,Germany,,770000,EUR,2027-06-30
930279,Merveille Papela,Darmstadt 98,Germany,,620000,EUR,
977919,Magnus Knudsen,AGF,Norway,,3300000,EUR,2030-06-30
1031650,Adri\u00e1n Kapr\u00e1lik,Holstein Kiel,Slovakia,,1300000,EUR,2029-06-30
1131338,Robert Wagner,SG Dynamo Dresden,Germany,,2700000,EUR,
1185061,Kim Ji-Soo,Brentford,South Korea,,1900000,EUR,2027-06-30
1403004,Reno M\u00fcnz,KVC Westerlo,Germany,,1700000,EUR,2030-06-30
1428576,Kjell W\u00e4tjen,FC Midtjylland,Germany,,2600000,EUR,2031-06-30
1479484,Javier Fernandez,1. FC N\u00fcrnberg,Spain,,3100000,EUR,2027-06-30
1536861,Benjamin Boakye,Arminia Bielefeld,Germany,,1300000,EUR,
1544498,Kennedy Okpala,SC Paderborn 07,Germany,,1500000,EUR,
1838178,Luis Engelns,TSG Hoffenheim,Germany,,4400000,EUR,
39718,Fabian Holland,No team,Germany,,195000,EUR,
359032,Jordy de Wijs,RKC Waalwijk,Netherlands,,415000,EUR,2028-06-30
856668,Paul Jaeckel,1. FC Magdeburg,Germany,,865000,EUR,
886068,Lars Lokotsch,FC Ingolstadt 04,Germany,,360000,EUR,
939622,Konrad Faber,VfL Osnabr\u00fcck,Germany,,480000,EUR,2028-06-30
947477,Sotiris Alexandropoulos,Sporting CP,Greece,,1100000,EUR,2027-06-30
958915,Jesper Daland,Cardiff City,Norway,,1600000,EUR,2028-06-30
964111,Williams Kokolo,Hannover 96,France,,520000,EUR,2028-06-30
1000541,Andi Hoti,Eintracht Braunschweig,Kosovo,,800000,EUR,2028-06-30
1002623,Waniss Taibi,Hannover 96,France,,1300000,EUR,2029-06-30
1033202,Jonas Sterner,SG Dynamo Dresden,Germany,,725000,EUR,
1135938,Leandro Morgalla,Red Bull Salzburg,Germany,,3200000,EUR,2028-06-30
1137328,Norman Bassette,Coventry City,Belgium,,1500000,EUR,2028-06-30
1141131,Lucas Copado,Energie Cottbus,Germany,,655000,EUR,
1146136,Jovan Mijatovi\u0107,Eintracht Braunschweig,Serbia,,2200000,EUR,2026-12-31
1387930,Sidi San\u00e9,Eintracht Braunschweig,Germany,,575000,EUR,2027-06-30
1409371,Luca Raimund,VfL Osnabr\u00fcck,Germany,,410000,EUR,
1418706,Paul Scholl,Karlsruher SC,Germany,,775000,EUR,
1926445,Kacper Ko\u015bcierski,VfL Bochum 1848,Germany,,720000,EUR,
1991619,Raul Mari\u021ba,SpVgg Greuther F\u00fcrth,Romania,,420000,EUR,2028-06-30
39733,Sebastian Polter,No team,Germany,,270000,EUR,
254133,Luca Schnellbacher,SV 07 Elversberg,Germany,,480000,EUR,2028-06-30
797691,Marvin Mehlem,Arminia Bielefeld,Germany,,850000,EUR,
851103,Marcel Benger,No team,Germany,,515000,EUR,
862011,Bryan Lasme,FC Schalke 04,France,,565000,EUR,2027-06-30
933117,Valgeir Lunddal Fridriksson,No team,Iceland,,865000,EUR,
963073,Max Geschwill,Rot-Weiss Essen,Germany,,750000,EUR,2028-06-30
980616,Lasse Rosenboom,Holstein Kiel,Germany,,1300000,EUR,
1049628,Andreas M\u00fcller,Karlsruher SC,Germany,,775000,EUR,
1121305,Mikkel Rakneberg,VfL Bochum 1848,Norway,,660000,EUR,2029-06-30
1127115,Franz Roggow,Hannover 96,Germany,,415000,EUR,2028-06-30
1146247,Meiko W\u00e4schenbach,Karlsruher SC,Germany,,390000,EUR,
1152499,Tim Drexler,Red Bull Salzburg,Germany,,3200000,EUR,2028-06-30
1168680,Tim Rossmann,No team,Germany,,965000,EUR,
1414916,Francis Onyeka,SV 07 Elversberg,Germany,,10600000,EUR,2027-06-30
1467314,Felipe S\u00e1nchez,Santos Laguna,Argentina,,835000,EUR,2027-06-30
1607321,Rafael Pinto Pedrosa,Karlsruher SC,Germany,,4800000,EUR,
1616590,Kasper Davidsen,Holstein Kiel,Denmark,,2600000,EUR,2029-06-30
1831055,Mehmet Avlayici,SpVgg Greuther F\u00fcrth,Germany,,145000,EUR,2027-06-30
1885160,Leon Robinson,1. FC Kaiserslautern,Germany,,865000,EUR,
38658,Robin Himmelmann,Karlsruher SC,Germany,,145000,EUR,
48555,Sebastian Jung,Karlsruher SC,Germany,,290000,EUR,2027-06-30
82240,Matthias Zimmermann,Fortuna D\u00fcsseldorf,Germany,,290000,EUR,2027-06-30
168897,Christopher Lenz,No team,Germany,,390000,EUR,
171995,Connor Krempicki,No team,Germany,,310000,EUR,
246431,Sven Michel,SC Paderborn 07,Germany,,310000,EUR,2027-06-30
268791,Philipp F\u00f6rster,No team,Germany,,580000,EUR,
795000,Felix Passlack,Hibernian,Germany,,750000,EUR,2029-06-30
836708,Sam Schreck,Arminia Bielefeld,Germany,,320000,EUR,2027-06-30
886130,Stephan Ambrosius,FC St. Gallen 1879,Ghana,,630000,EUR,2027-06-30
939669,Marvin Rittm\u00fcller,TSV 1860 M\u00fcnchen,Germany,,340000,EUR,2027-06-30
959635,Nick B\u00e4tzner,SC Paderborn 07,Germany,,475000,EUR,2028-06-30
997010,Colin Noah Kleine-Bekel,FC St. Gallen 1879,Germany,,825000,EUR,2027-06-30
1066446,Johan Gomez,Eintracht Braunschweig,USA,,735000,EUR,2027-06-30
1128642,Fabio Di Michele Sanchez,Eintracht Braunschweig,Germany,,875000,EUR,2027-06-30
1175679,Leon Tasov,Preu\u00dfen M\u00fcnster,North Macedonia,,145000,EUR,2028-06-30
1409353,Pascal Klemens,Hertha BSC,Germany,,2100000,EUR,2028-06-30
1540234,Sima Suso,FC Augsburg,Germany,,2700000,EUR,2031-06-30
1609276,Lukas Reich,SpVgg Greuther F\u00fcrth,Germany,,1200000,EUR,2028-06-30
1885927,Julian Pauli,1. FC K\u00f6ln,Germany,,2300000,EUR,2028-06-30
121908,Kevin M\u00fcller,FC Schalke 04,Germany,,280000,EUR,
138830,Jean-Paul Bo\u00ebtius,No team,Suriname,,340000,EUR,
579554,Ondrej Karafiat,Mlad\u00e1 Boleslav,Czechia,,415000,EUR,
599378,Jan-Hendrik Marx,Kickers Offenbach,Germany,,195000,EUR,2028-06-30
770083,Mergim Berisha,1. FC Kaiserslautern,Germany,,1300000,EUR,2027-06-30
796043,Erik Wekesser,1. FC Kaiserslautern,Germany,,425000,EUR,2028-06-30
801378,Noah Sarenren Bazee,SV Waldhof Mannheim,Germany,,440000,EUR,
842212,Luca Pfeiffer,SV 07 Elversberg,Germany,,480000,EUR,2028-06-30
861980,Moussa Sylla,FC Schalke 04,Mali,,5200000,EUR,2028-06-30
1021087,Andu Kelati,Holstein Kiel,Germany,,675000,EUR,2028-06-30
1064672,Sascha Risch,Fortuna D\u00fcsseldorf,Germany,,410000,EUR,2028-06-30
1083408,Tim-Justin Dietrich,Preu\u00dfen M\u00fcnster,Germany,,165000,EUR,2029-06-30
1121903,Jonas Oehmichen,SG Dynamo Dresden,Germany,,415000,EUR,
1129120,Zidan Sertdemir,Preu\u00dfen M\u00fcnster,Denmark,,955000,EUR,
1140582,Niclas D\u00fchring,Karlsruher SC,Germany,,170000,EUR,
1147373,Juan Cabrera,FC Vaduz,Uruguay,,280000,EUR,2028-06-30
1568502,Boris Mamuzah Lum,Hertha BSC,Germany,,1000000,EUR,
1880642,Dylan Leonard,FC Schalke 04,Australia,,410000,EUR,2030-06-30
1963743,Zaid Amoussou-Tchibara,FC Schalke 04,Togo,,285000,EUR,2028-06-30
2311165,Marko Soldic,1. FC N\u00fcrnberg U19,Germany,,1100000,EUR,2029-06-30
168801,Dennis Srbeny,SpVgg Greuther F\u00fcrth,Germany,,275000,EUR,2027-06-30
254135,Marco Meyerh\u00f6fer,No team,Germany,,430000,EUR,
254445,Marvin Schulz,Preu\u00dfen M\u00fcnster,Germany,,470000,EUR,2028-06-30
286071,Mahir Emreli,Rak\u00f3w Cz\u0119stochowa,Azerbaijan,,625000,EUR,2027-06-30
790864,Levente Szab\u00f3,Zag\u0142\u0119bie Lubin,Hungary,,470000,EUR,2027-06-30
875613,Pelle Boevink,SpVgg Greuther F\u00fcrth,Netherlands,,330000,EUR,2027-06-30
927409,Sergio L\u00f3pez,Darmstadt 98,Spain,,1300000,EUR,
928271,Simon Asta,1. FC Kaiserslautern,Germany,,760000,EUR,
935281,Maximilian Breunig,1. FC Heidenheim,Germany,,570000,EUR,2027-06-30
956436,Alexander Ahl Holmstrom,1. FC Magdeburg,Sweden,,580000,EUR,2029-06-30
986817,Micka\u00ebl Biron,Batman Petrolspor,Martinique,,580000,EUR,2027-06-30
988354,Styopa Mkrtchyan,1. FC N\u00fcrnberg,Armenia,,620000,EUR,
993211,Oscar Vilhelmsson,Preu\u00dfen M\u00fcnster,Sweden,,560000,EUR,2027-06-30
996662,Fynn Lakenmacher,Darmstadt 98,Germany,,385000,EUR,2027-06-30
997178,David Herold,Borussia M'gladbach,Germany,,4300000,EUR,2030-06-30
1129677,Aaron Keller,SpVgg Greuther F\u00fcrth,Switzerland,,1600000,EUR,2029-06-30
1432398,David Mokwa,SV 07 Elversberg,France,,3800000,EUR,2029-06-30
1481688,Leon Opitz,VfL Osnabr\u00fcck,Germany,,580000,EUR,2027-06-30
1510769,Max Gr\u00fcger,FC Schalke 04,Germany,,1100000,EUR,2028-06-30
1516941,Omar Sillah,SpVgg Greuther F\u00fcrth,Germany,,310000,EUR,2027-06-30
48912,Stefan Schwab,SV Ried,Austria,,320000,EUR,
94002,H\u00e5vard Nielsen,No team,Norway,,320000,EUR,
168959,Kenny Prince Redondo,No team,Germany,,435000,EUR,
836026,Charalampos Makridis,Preu\u00dfen M\u00fcnster,Germany,,430000,EUR,2028-06-30
842199,Felix Higl,SpVgg Greuther F\u00fcrth,Germany,,365000,EUR,2027-06-30
844447,D\u017eenis Burni\u0107,No team,Bosnia & Herzegovina,,1200000,EUR,
932418,Nils Fr\u00f6ling,SG Dynamo Dresden,Sweden,,455000,EUR,2027-06-30
965242,Giovanni Haag,No team,France,,1900000,EUR,
988274,Alja\u017e Casar,MSV Duisburg,Slovenia,,465000,EUR,2027-06-30
994490,Mathias Olesen,S\u00f8nderjyske Fodbold,Luxembourg,,620000,EUR,2029-06-30
1105869,Marko Ivezi\u0107,Holstein Kiel,Serbia,,1600000,EUR,2027-06-30
1130663,Noah Pesch,Rot-Weiss Essen,Croatia,,620000,EUR,
1197579,Felix Hagmann,Arminia Bielefeld,Germany,,535000,EUR,2027-06-30
1402920,Farid Alfa-Ruprecht,Bayer 04 Leverkusen,Germany,,3200000,EUR,2030-06-30
1418665,Jarzinho Malanga,VfB Stuttgart II U21,Germany,,1600000,EUR,2028-06-30
1493248,Tim Janisch,1. FC N\u00fcrnberg,Germany,,850000,EUR,
1568536,Owono Keumo,VfL Bochum 1848,Germany,,330000,EUR,2028-06-30
2069061,Raif Adam,SV 07 Elversberg,Germany,,480000,EUR,2029-06-30
2399060,Eyyub Yasar,Arminia Bielefeld,T\u00fcrkiye,,275000,EUR,
922967,Aremu Afeez,Aberdeen,Nigeria,,530000,EUR,2028-06-30
962577,Henning Matriciani,No team,Germany,,340000,EUR,
980631,Jomaine Consbruch,Fortuna D\u00fcsseldorf,Germany,,620000,EUR,2029-06-30
987479,Frederik J\u00e4kel,Eintracht Braunschweig,Germany,,420000,EUR,2028-06-30
1002568,Maximilian Dietz,G\u00f3rnik Zabrze,USA,,1200000,EUR,2027-06-30
1005840,Danny Schmidt,No team,Germany,,365000,EUR,
1048950,Roko \u0160imi\u0107,Cardiff City,Croatia,,1600000,EUR,2028-06-30
1127405,Louis Breunig,Eintracht Braunschweig,Germany,,980000,EUR,2028-06-30
1142701,Sanoussy Ba,Eintracht Braunschweig,Germany,,230000,EUR,2027-06-30
1149349,Florian Micheler,TSG Hoffenheim II U23,Austria,,410000,EUR,
1152342,Jano Ter-Horst,SC Paderborn 07,Germany,,1200000,EUR,
1154189,Antonio Tikvi\u0107,Preu\u00dfen M\u00fcnster,Croatia,,645000,EUR,
1213238,Hamza Anhari,Fortuna D\u00fcsseldorf,Morocco,,115000,EUR,2028-06-30
1465024,Robert Geller,Bahlinger SC,Germany,,45000,EUR,
1511779,Tony Menzel,Rot-Weiss Essen,Germany,,580000,EUR,2027-06-30
1884149,Peter Remmert,MSV Duisburg,Germany,,365000,EUR,2027-06-30
2038020,Piet Scobel,1. FC N\u00fcrnberg,Germany,,580000,EUR,2029-06-30
2076815,Niklas Mohr,SC Paderborn 07,Germany,,465000,EUR,2028-06-30
2267716,Ayman Emran Gulasi,FC Schalke 04 II U23,T\u00fcrkiye,,115000,EUR,2028-06-30
2407934,Owen Gibs,1. FC Kaiserslautern,Germany,,210000,EUR,
48445,Adriano Grimaldi,1. FC N\u00fcrnberg,Germany,,340000,EUR,
231820,Moritz Heyer,No team,Germany,,390000,EUR,
579254,Janik Bachmann,FC Schalke 04,Germany,,450000,EUR,2027-06-30
807418,Leon Bell Bell,No team,Cameroon,,515000,EUR,
921216,Michael Obafemi,Burnley,Ireland,,565000,EUR,2027-06-30
941115,Niko Koulis,Preu\u00dfen M\u00fcnster,Germany,,435000,EUR,2027-06-30
941562,Richmond Tachie,1. FC Magdeburg,Germany,,485000,EUR,
1090054,Julian Hettwer,FK Austria Wien,Germany,,875000,EUR,2030-06-30
1113440,Christian Gomis,FC Schalke 04,Senegal,,1200000,EUR,2029-06-30
1149078,Emil H\u00f8jlund,FC Schalke 04,Denmark,,530000,EUR,2028-06-30
1470015,Justin von der Hitz,1. FC N\u00fcrnberg,Germany,,765000,EUR,2029-06-30
1482770,Marco W\u00f6rner,SSV Jahn Regensburg,Germany,,370000,EUR,2027-06-30
1514419,Julian Kania,Arminia Bielefeld,Germany,,390000,EUR,2027-06-30
1548802,Jordi Paulina,Fortuna D\u00fcsseldorf,Curacao,,515000,EUR,2030-06-30
1568515,Kilian Sauck,Fortuna D\u00fcsseldorf,Germany,,430000,EUR,2029-06-30
1818220,Mateo Kritzer,Karlsruher SC,Germany,,520000,EUR,
1861973,Eymen Laghrissi,Karlsruher SC U19,Germany,,970000,EUR,
1891060,Noah Le Bret Maboulou,1. FC N\u00fcrnberg,Congo Republic,,285000,EUR,2029-06-30
1971140,Keyan Varela,RKC Waalwijk,Portugal,,1600000,EUR,2027-06-30
2579519,Ben Jungfleisch,1. FC Kaiserslautern,Germany,,245000,EUR,2029-06-30
254207,David Kinsombi,No team,Germany,,390000,EUR,
284391,Elhan Kastrati,No team,Albania,,450000,EUR,
795721,Philipp Hercher,SV Wehen Wiesbaden,Germany,,580000,EUR,
836939,Luca Itter,SpVgg Greuther F\u00fcrth,Germany,,970000,EUR,2027-06-30
892527,Lukas Kunze,Arminia Bielefeld,Germany,,290000,EUR,2027-06-30
914738,Ibrahim Sissoko,VfL Bochum 1848,Mali,,580000,EUR,2027-06-30
1005211,Bartosz Bia\u0142ek,No team,Poland,,635000,EUR,
1049178,Luca Bolay,Preu\u00dfen M\u00fcnster,Germany,,540000,EUR,2028-06-30
1085199,Marcus M\u00fcller,Holstein Kiel,Germany,,540000,EUR,2028-06-30
1121455,Lars Raebiger,Eintracht Braunschweig,Germany,,270000,EUR,2027-06-30
1129765,Semir Telalovi\u0107,Rot-Weiss Essen,Bosnia & Herzegovina,,630000,EUR,2027-06-30
1195634,Ali Eren Ersungur,VSG Altglienicke,T\u00fcrkiye,,290000,EUR,2028-06-30
1418659,Robert Ramsak,RB Leipzig,Germany,,260000,EUR,2027-06-30
1425329,Soufian Gouram,Hertha BSC,Estonia,,130000,EUR,2027-06-30
1469741,Marvin Benjamins,Kickers Emden,Germany,,48000,EUR,2028-06-30
1489193,Artem Stepanov,FC Utrecht,Ukraine,,4800000,EUR,2027-06-30
1517174,Vincent Ocansey,Arminia Bielefeld II,Germany,,135000,EUR,
1995784,Mika Wallentowitz,FC Schalke 04,Germany,,970000,EUR,2030-06-30
1995790,Daniel Richter,Arminia Bielefeld,Germany,,475000,EUR,2028-06-30
489180,Ado Onaiwu,Urawa Red Diamonds,Japan,,620000,EUR,
788275,Raoul Petretta,Darmstadt 98,Italy,,650000,EUR,
817975,Anton Donkor,FC Schalke 04,Germany,,390000,EUR,2027-06-30
946837,Malik Batmaz,Preu\u00dfen M\u00fcnster,T\u00fcrkiye,,470000,EUR,2027-06-30
987435,Anas Bakhat,No team,Germany,,210000,EUR,
989168,Erencan Yard\u0131mc\u0131,1. FC Kaiserslautern,T\u00fcrkiye,,1600000,EUR,2027-06-30
1003316,Kandet Diawara,Troyes,Guinea,,1200000,EUR,2027-06-30
1031642,Atanas Chernev,CF Estrela Amadora,Bulgaria,,740000,EUR,2028-06-30
1049730,Serhat-Semih G\u00fcler,SF Siegen,Germany,,260000,EUR,2027-06-30
1120654,Noah K\u00f6nig,SpVgg Greuther F\u00fcrth,Germany,,330000,EUR,2028-06-30
1131179,Mladen Cvjetinovi\u0107,1. FC Saarbr\u00fccken,Bosnia & Herzegovina,,490000,EUR,2027-06-30
1143364,Eldin D\u017eogovi\u0107,1. FC Magdeburg,Luxembourg,,320000,EUR,
1168617,Mathis Clairicia,Sochaux,France,,375000,EUR,2028-06-30
1432391,Aldin Jakupovic,NK Bravo,Slovenia,,425000,EUR,2027-06-30
1632596,Ken Izekor,Alemannia Aachen,Germany,,390000,EUR,
1921682,Janne Berner,Hertha BSC,Germany,,285000,EUR,2028-06-30
2026468,Daniel Hulsenbusch,SSV Ulm 1846,Germany,,47000,EUR,2027-06-30
2078829,Eric Porstner,1. FC N\u00fcrnberg,Germany,,550000,EUR,
2152106,Enis Kamga,1. FC Kaiserslautern,Germany,,280000,EUR,
2185564,Timo Schlieck,SC Verl,Germany,,390000,EUR,2027-06-30
123865,Jasper Cillessen,No team,Netherlands,,275000,EUR,
132149,John Brooks,VSG Altglienicke,USA,,185000,EUR,2028-06-30
227192,Nick Olij,PSV Eindhoven,Netherlands,,1800000,EUR,2029-06-30
268701,Ronald Koeman Jr,SC Telstar,Netherlands,,640000,EUR,2028-06-30
367118,Stijn van Gassel,Excelsior,Netherlands,,1000000,EUR,2027-06-30
385300,Jeff Hardeveld,SC Telstar,Netherlands,,435000,EUR,2028-06-30
610396,Jo\u00ebl Drommel,PSV Eindhoven,Netherlands,,3700000,EUR,2027-06-30
856648,Victor Jensen,FC Utrecht,Denmark,,2300000,EUR,2027-06-30
875293,Agust\u00edn Rogel,Nacional,Uruguay,,480000,EUR,2027-12-31
897603,Darko Neja\u0161mi\u0107,NEC Nijmegen,Croatia,,4099999,EUR,2027-06-30
916942,Daan Reiziger,SC Telstar,Netherlands,,97000,EUR,2027-06-30
939460,Daniel Bielica,NAC Breda,Poland,,825000,EUR,2027-06-30
946506,Bart van Rooij,FC Twente,Netherlands,,9700000,EUR,2028-06-30
989076,Samuel Loric,No team,France,,465000,EUR,
1133678,Levi Smans,SC Heerenveen,Netherlands,,1400000,EUR,2028-06-30
1394059,Duke Verduin,PEC Zwolle,Netherlands,,24000,EUR,2028-06-30
1440629,Winners Osawe,1. FC N\u00fcrnberg,Germany,,475000,EUR,
1823241,Mauro Zalazar,FC Schalke 04,Uruguay,,330000,EUR,2028-06-30
2122582,Albert Millgramm,SC Paderborn 07,Germany,,155000,EUR,
138842,Joris van Overeem,SC Heerenveen,Netherlands,,940000,EUR,2027-06-30
196082,Robin Pr\u00f6pper,FC Twente,Netherlands,,1200000,EUR,2029-06-30
333571,Ryan Thomas,PEC Zwolle,New Zealand,,670000,EUR,2028-06-30
796943,Tobias Lauritsen,Sampdoria,Norway,,3600000,EUR,2029-06-30
798180,Thomas Ouwejan,NEC Nijmegen,Netherlands,,660000,EUR,2027-06-30
843250,Maarten Paes,AFC Ajax,Indonesia,,1900000,EUR,2029-06-30
856743,Fabian De Keijzer,Heracles Almelo,Netherlands,,370000,EUR,2027-06-30
918420,Leo Greiml,NAC Breda,Austria,,840000,EUR,2027-06-30
929633,Mohamed Ihattaren,Fortuna Sittard,Morocco,,3200000,EUR,2027-06-30
961616,Calvin Raatsie,FC Dordrecht,Netherlands,,310000,EUR,2028-06-30
989882,Ramiz Zerrouki,Feyenoord,Algeria,,6000000,EUR,2027-06-30
990798,Gonzalo Crettaz,NEC Nijmegen,Argentina,,3800000,EUR,2028-06-30
1015627,Jacob Trenskow,SC Heerenveen,Denmark,,7700000,EUR,2028-06-30
1090328,Stije Resink,FC Groningen,Netherlands,,7600000,EUR,2028-06-30
1157777,Jochem Ritmeester van de Kamp,Almere City FC,Netherlands,,1600000,EUR,2027-06-30
1184054,Kodai Sano,NEC Nijmegen,Japan,,12900000,EUR,2028-06-30
1200962,Sondre \u00d8rjas\u00e6ter,FC Twente,Norway,,6800000,EUR,2029-06-30
1393970,Kayne van Oevelen,FC Volendam,Netherlands,,2100000,EUR,2028-06-30
1470010,Dies Janse,Jong Ajax,Netherlands,,6200000,EUR,2029-06-30
1548834,Sem van Duijn,Jong AZ Alkmaar,Netherlands,,720000,EUR,2031-06-30
35208,Tjaronn Chery,NEC Nijmegen,Suriname,,440000,EUR,2028-06-30
116946,Jordy Clasie,AZ Alkmaar,Netherlands,,775000,EUR,2028-06-30
146871,Mattijs Branderhorst,Fortuna Sittard,Netherlands,,840000,EUR,2029-06-30
192308,Alassane Pl\u00e9a,PSV Eindhoven,France,,2600000,EUR,2028-06-30
302690,Danny Bakker,FC Anyang,Netherlands,,490000,EUR,
339941,Hidde Jurjus,No team,Netherlands,,240000,EUR,
544532,Bilal Ould-Chikh,Raja Club Athletic,Morocco,,670000,EUR,2027-06-30
827103,Marco Rente,FC Groningen,Germany,,1400000,EUR,2027-06-30
855847,Kaj Sierhuis,NEC Nijmegen,Netherlands,,1900000,EUR,2029-06-30
914392,Jizz Hornkamp,AZ Alkmaar,Netherlands,,2600000,EUR,2030-06-30
1002479,Shunsuke Mito,Sparta Rotterdam,Japan,,2100000,EUR,2028-06-30
1048430,Daan Rots,FC Twente,Netherlands,,4700000,EUR,2027-06-30
1066319,Patrick Brouwer,SC Telstar,Netherlands,,730000,EUR,2028-06-30
1066450,Walid Ould-Chikh,Heracles Almelo,Netherlands,,535000,EUR,2029-06-30
1095753,Gibson Yah,Bristol City,Netherlands,,1300000,EUR,2030-06-30
1121401,Thijmen Blokzijl,FC Groningen,Netherlands,,3800000,EUR,2027-06-30
1189737,Timo Jansink,Heracles Almelo,Netherlands,,160000,EUR,2029-06-30
1384483,Irakli Yegoian,Excelsior,Georgia,,1700000,EUR,2028-06-30
1394147,Sami Ouaissa,NEC Nijmegen,Netherlands,,8199999,EUR,2028-06-30
1627623,Marcus Linday,SC Heerenveen,Sweden,,5200000,EUR,2029-06-30
47753,Bryan Linssen,NEC Nijmegen,Netherlands,,290000,EUR,2028-06-30
74577,Patrick van Aanholt,No team,Netherlands,,240000,EUR,
94835,Lars Unnerstall,FC Twente,Germany,,1000000,EUR,2027-06-30
116947,Bruno Martins Indi,Sparta Rotterdam,Netherlands,,320000,EUR,2027-06-30
121588,Gernot Trauner,No team,Austria,,1400000,EUR,
128992,Luuk Koopmans,Fortuna Sittard,Netherlands,,215000,EUR,2027-06-30
339339,Andries Noppert,SC Heerenveen,Netherlands,,330000,EUR,2027-06-30
794014,Luuk Brouwers,SC Heerenveen,Netherlands,,1400000,EUR,2027-06-30
809408,Etienne Vaessen,FC Groningen,Suriname,,2400000,EUR,2029-06-30
913584,Joshua Kitolano,Bod\u00f8/Glimt,Norway,,2700000,EUR,2030-06-30
966299,Teo Quintero,Sparta Rotterdam,Venezuela,,1200000,EUR,2027-06-30
992018,Ringo Meerveld,SC Heerenveen,Netherlands,,4800000,EUR,2029-06-30
1031721,Casper Widell,Excelsior,Sweden,,1500000,EUR,2027-06-30
1046142,Derensili Sanches Fernandes,Excelsior,Netherlands,,875000,EUR,2027-06-30
1064177,Ahmetcan Kaplan,AFC Ajax,T\u00fcrkiye,,6500000,EUR,2027-06-30
1189738,Sem Scheperman,Heracles Almelo,Netherlands,,580000,EUR,2029-06-30
1193676,Ba\u015far \u00d6nal,Lille,T\u00fcrkiye,,7700000,EUR,2030-06-30
1214957,Noe Lebreton,NEC Nijmegen,France,,4099999,EUR,2029-06-30
1387012,Mats Rots,TSG Hoffenheim,Netherlands,,11200000,EUR,2031-06-30
1648759,Marvin Young,Sparta Rotterdam,Netherlands,,5200000,EUR,2029-06-30
842275,Philippe Sandler,NEC Nijmegen,Netherlands,,1900000,EUR,2029-06-30
846003,Odysseus Velanas,PEC Zwolle,Netherlands,,575000,EUR,2027-06-30
927605,Kaj de Rooij,Real Valladolid,Netherlands,,970000,EUR,2030-06-30
945233,Thomas Van den Belt,FC Twente,Netherlands,,4400000,EUR,2029-06-30
946505,Lance Duijvestijn,Darmstadt 98,Netherlands,,745000,EUR,
1064426,Vasilios Zagaritis,SC Heerenveen,Greece,,3200000,EUR,2028-06-30
1088895,Mohamed Nassoh,NAC Breda,Morocco,,680000,EUR,2029-06-30
1091627,Max Bruns,FC Twente,Netherlands,,1400000,EUR,2029-06-30
1091923,Stav Lemkin,FC Twente,Israel,,5700000,EUR,2028-06-30
1096511,Maximilien Balard,NAC Breda,Australia,,820000,EUR,2027-06-30
1132766,Philip Brittijn,Fortuna Sittard,Netherlands,,1500000,EUR,2028-06-30
1134720,Niek Schiks,RKC Waalwijk,Netherlands,,525000,EUR,2027-06-30
1145525,Tom de Graaff,PEC Zwolle,Netherlands,,970000,EUR,2030-06-30
1146623,Younes Taha,FC Twente,Morocco,,4200000,EUR,2027-06-30
1150154,Nils Rossen,SC Telstar,Netherlands,,770000,EUR,2027-06-30
1160026,Kristian Hlynsson,FC Twente,Iceland,,5700000,EUR,2029-06-30
1177177,Deveron Fonville,NEC Nijmegen,Curacao,,1500000,EUR,2029-06-30
1195719,Bernt Klaverboer,SC Heerenveen,Netherlands,,2800000,EUR,2027-06-30
1441117,Tygo Land,FC Groningen,Netherlands,,2300000,EUR,2027-06-30
1896133,Luka Tunji\u0107,No team,Croatia,,290000,EUR,
788284,Ajdin Hrusti\u0107,No team,Australia,,580000,EUR,
827662,Mitchell Van Bergen,Sparta Rotterdam,Netherlands,,1600000,EUR,2029-06-30
831860,Koki Ogawa,NEC Nijmegen,Japan,,2100000,EUR,2027-06-30
847072,Sam Kersten,SC Heerenveen,Netherlands,,1800000,EUR,2027-06-30
858242,Boy Kemper,Queens Park Rangers,Netherlands,,1100000,EUR,
899644,Ilias Bronkhorst,Huddersfield Town,Netherlands,,765000,EUR,2028-06-30
996982,Yannick Leliendal,FC Volendam,Suriname,,1100000,EUR,2028-06-30
1008697,Anthony Descotte,RC Sporting Charleroi,Belgium,,660000,EUR,
1046143,Julian Baas,Sparta Rotterdam,Netherlands,,765000,EUR,2027-06-30
1048011,\u00c9douard Michut,Fortuna Sittard,France,,1200000,EUR,2027-06-30
1126595,Lennard Hartjes,Excelsior,Netherlands,,825000,EUR,2027-06-30
1132765,Maas Willemsen,SC Heerenveen,Netherlands,,4600000,EUR,2029-06-30
1135884,Lewis Holtby,No team,Germany,,315000,EUR,
1150061,Oliver Braude,SC Heerenveen,Norway,,4900000,EUR,2027-06-30
1424404,Jorg Schreuders,FC Groningen,Netherlands,,1600000,EUR,2027-06-30
1469336,Tyrese Noslin,Barnsley,Curacao,,775000,EUR,2029-06-30
1523582,Nick Verschuren,Sparta Rotterdam,Netherlands,,1100000,EUR,2030-06-30
1878212,David van der Werff,FC Groningen,Netherlands,,1900000,EUR,2029-06-30
1890313,Ruud Nijstad,FC Twente,Netherlands,,10500000,EUR,2029-06-30
2216656,Robin van Cruijsen,FC Volendam,Netherlands,,1100000,EUR,2030-06-30
190435,Marko Pjaca,FC Twente,Croatia,,1600000,EUR,2027-06-30
591044,Dimitris Limnios,APOEL Nicosia,Greece,,1400000,EUR,2027-05-31
795135,Pelle Clement,FC Groningen,Netherlands,,550000,EUR,2028-06-30
847073,Koen Kostons,PEC Zwolle,Netherlands,,1400000,EUR,2029-06-30
927155,Simon Graves,PEC Zwolle,Denmark,,1400000,EUR,2028-06-30
954317,Naci \u00dcn\u00fcvar,FC Twente,T\u00fcrkiye,,910000,EUR,2028-06-30
961686,Syb Van Ottele,Fortuna Sittard,Netherlands,,620000,EUR,2027-06-30
966655,Shola Shoretire,PAOK,England,,1900000,EUR,2028-06-30
987647,S\u00f8ren Tengstedt,Go Ahead Eagles,Denmark,,770000,EUR,2027-06-30
1048487,Noah Naujoks,Excelsior,Netherlands,,1400000,EUR,2027-06-30
1050672,Casper Terho,Sparta Rotterdam,Finland,,1100000,EUR,2030-06-30
1136902,Makan A\u00efko,Motor Lublin,France,,975000,EUR,
1142147,Ryan Fosso,SK Sturm Graz,Cameroon,,1800000,EUR,
1149130,Brahim Ghalidi,NAC Breda,Morocco,,165000,EUR,2028-06-30
1638564,Cedric Hatenboer,RSC Anderlecht,Netherlands,,2100000,EUR,2029-06-30
1886210,Fabian Meri\u00e9n,PSV Eindhoven,Netherlands,,685000,EUR,2028-06-30
2026504,Yousri Sbai,NEC Nijmegen,Netherlands,,245000,EUR,2028-06-30
2186070,Sil Blokhuis,Heracles Almelo,Netherlands,,49000,EUR,2028-06-30
148623,Virgil Misidjan,No team,Suriname,,370000,EUR,
856636,Jasper Schendelaar,PEC Zwolle,Netherlands,,1500000,EUR,2027-06-30
876233,Thijs Oosting,PEC Zwolle,Netherlands,,935000,EUR,2029-06-30
955148,Nigel Ogidi Nwankwo,SC Telstar,Netherlands,,120000,EUR,2027-06-30
958317,Youssef el Kachati,Stade de Reims,Morocco,,600000,EUR,2028-06-30
961685,Dirk Wanner Proper,NEC Nijmegen,Netherlands,,1400000,EUR,2027-06-30
974020,Xavier Mbuyamba,LASK,Netherlands,,1400000,EUR,2028-06-30
998999,Luka Kulenovi\u0107,Heracles Almelo,Bosnia & Herzegovina,,620000,EUR,2028-06-30
1048906,Rick Meissen,Excelsior,Netherlands,,760000,EUR,2027-06-30
1049063,Joel Ideho,Sparta Rotterdam,Netherlands,,290000,EUR,2028-06-30
1084609,Tyrone Owusu,SC Telstar,Netherlands,,620000,EUR,2027-06-30
1095406,Aurelio Oehlers,FC Luzern,Netherlands,,470000,EUR,2029-06-30
1121402,Tika de Jonge,FC Groningen,Netherlands,,1700000,EUR,2028-06-30
1126966,Gyan de Regt,Excelsior,Netherlands,,875000,EUR,2027-06-30
1145987,Lewis Schouten,AZ Alkmaar,Netherlands,,655000,EUR,2028-06-30
1413536,Thom van Bergen,FC Groningen,Netherlands,,3100000,EUR,2028-06-30
1461935,Moussa Soumano,NAC Breda,France,,805000,EUR,2029-06-30
1648751,Ayoni Santos,Sparta Rotterdam,Cape Verde,,2100000,EUR,2029-06-30
1939011,Tobias van den Elshout,Feyenoord,Netherlands,,1900000,EUR,2029-06-30
1960315,Lushendry Edward Martes,Sparta Rotterdam,Netherlands,,3200000,EUR,2030-06-30
76160,Marvin Peersman,SC Telstar,Belgium,,235000,EUR,2028-06-30
106154,Mawouna Amevor,FC Volendam,Togo,,190000,EUR,2027-06-30
163541,Mats Seuntjens,No team,Netherlands,,265000,EUR,
252885,Brandley Kuwas,No team,Curacao,,270000,EUR,
366942,Kristoffer Peterson,Fortuna Sittard,Sweden,,430000,EUR,2028-06-30
385708,Vito van Crooij,NEC Nijmegen,Netherlands,,955000,EUR,2027-06-30
804901,Sam Lammers,FC Twente,Netherlands,,4300000,EUR,2027-06-30
815080,Jamiro Monteiro,NEC Nijmegen,Cape Verde,,590000,EUR,2028-06-30
862479,Iv\u00e1n M\u00e1rquez,Fortuna Sittard,Spain,,465000,EUR,2028-06-30
907517,Stef\u00e1n Ingi Sigur\u00f0arson,Go Ahead Eagles,Iceland,,1900000,EUR,2030-06-30
990814,Charles-Andreas Brym,NAC Breda,Canada,,385000,EUR,2028-06-30
1012639,Brayann Pereira,NEC Nijmegen,France,,1100000,EUR,2027-06-30
1012927,Rio Hillen,NAC Breda,Netherlands,,645000,EUR,2029-06-30
1014408,Maxence Rivera,SC Heerenveen,France,,2900000,EUR,2028-06-30
1028070,Lasse Selv\u00e5g Nord\u00e5s,Luton Town,Norway,,3200000,EUR,
1083398,Raul Paula,NAC Breda,Germany,,375000,EUR,2027-06-30
1123613,Yvandro Borges Sanches,Heracles Almelo,Luxembourg,,375000,EUR,2028-06-30
1149147,Juho Talvitie,Lommel SK,Finland,,650000,EUR,2028-06-30
1511723,Nordin Bukala,FC Volendam,Netherlands,,630000,EUR,2028-06-30
1625485,Nils Eggens,FC Groningen,Netherlands,,260000,EUR,2029-06-30
35193,Ricky van Wolfswinkel,No team,Netherlands,,190000,EUR,
226762,Fredrik Jensen,NAC Breda,Norway,,270000,EUR,2027-06-30
794269,Jeff Reine-Ad\u00e9la\u00efde,Heracles Almelo,France,,515000,EUR,2027-06-30
875673,Justin Lonwijk,Dynamo Kyiv,Suriname,,765000,EUR,2027-06-30
910053,Arthur Zagre,FC Utrecht,Burkina Faso,,1800000,EUR,2029-06-30
974203,Alec Van Hoorenbeeck,HNK Hajduk Split,Belgium,,635000,EUR,2029-06-30
991039,Adam Carl\u00e9n,SK Artis Brno,Sweden,,440000,EUR,
1010846,Yassin Oukili,Fortuna Sittard,Morocco,,655000,EUR,2028-06-30
1050828,Zico Buurmeester,Legan\u00e9s,Netherlands,,1300000,EUR,2029-06-30
1100399,Ozan K\u00f6k\u00e7\u00fc,Vanspor FK,Azerbaijan,,385000,EUR,2028-06-30
1121247,Nikolai Soyset Hopland,SC Heerenveen,Norway,,1600000,EUR,2028-06-30
1142678,Daouda Weidmann,FC Twente,France,,795000,EUR,2030-06-30
1465822,Nicolas Verkooijen,Darmstadt 98,Belgium,,550000,EUR,
1479476,Eus Waayers,Go Ahead Eagles,Netherlands,,360000,EUR,2029-06-30
1514878,Mats Egbring,SC Heerenveen,Netherlands,,320000,EUR,2028-06-30
1528458,Chris-K\u00e9vin Nadje,Monterey Bay FC,C\u00f4te d'Ivoire,,485000,EUR,2026-07-31
1542618,Jordy Bawuah,Jong PSV Eindhoven,Belgium,,520000,EUR,2027-06-30
1862924,Jop Tijink,No team,Netherlands,,47000,EUR,
99960,Jens Toornstra,Sparta Rotterdam,Netherlands,,195000,EUR,2027-06-30
127846,Eli Dasa,No team,Israel,,725000,EUR,
138828,Jetro Willems,No team,Netherlands,,230000,EUR,
313264,Henk Veerman,FC Volendam,Netherlands,,260000,EUR,2027-06-30
318575,Damon Mirani,Heracles Almelo,Netherlands,,420000,EUR,2027-06-30
336811,Clint Leemans,De Graafschap,Netherlands,,365000,EUR,2028-06-30
794362,Emil Hansson,Real Zaragoza,Sweden,,730000,EUR,2028-06-30
916926,Shurandy Sambo,Burnley,Curacao,,1400000,EUR,2028-06-30
943595,Sydney van Hooijdonk,CF Estrela Amadora,Netherlands,,1000000,EUR,2028-06-30
989586,Shawn Adewoye,No team,Belgium,,930000,EUR,
1047396,Guus Offerhaus,FC Utrecht,Netherlands,,735000,EUR,2029-06-30
1048427,Casper Staring,FC Emmen,Netherlands,,320000,EUR,2028-06-30
1068610,Devon Koswal,Sandefjord Fotball,Netherlands,,430000,EUR,2029-12-31
1137227,Milan Zonneveld,Sparta Rotterdam,Netherlands,,410000,EUR,2029-06-30
1142574,Oualid Agougil,Jong FC Utrecht,Netherlands,,535000,EUR,2029-06-30
1402994,Emirhan Demircan,FC Utrecht,T\u00fcrkiye,,465000,EUR,2028-06-30
1515525,Cherrion Valerius,NAC Breda,Curacao,,600000,EUR,2028-06-30
1548838,Soufiane Hetli,SC Telstar,Netherlands,,435000,EUR,2027-06-30
2007289,Jelani Seedorf,SC Telstar,Netherlands,,260000,EUR,2028-06-30
127554,Mike te Wierik,Heracles Almelo,Netherlands,,195000,EUR,2027-06-30
138534,Raheem Sterling,No team,England,,2900000,EUR,
277331,Alen Halilovi\u0107,No team,Croatia,,360000,EUR,
845119,Houboulang Mendes,Servette FC,Guinea-Bissau,,760000,EUR,2028-06-30
860161,Alex Plat,FC Volendam,Netherlands,,310000,EUR,2027-06-30
906024,Taylor Booth,FC Twente,USA,,1100000,EUR,2028-06-30
930295,Jan \u017damb\u016frek,ADO Den Haag,Czechia,,410000,EUR,2029-06-30
966546,Mathias Kj\u00f8l\u00f8,FC Twente,Norway,,925000,EUR,2027-06-30
996988,Bryan Limbombe,Heracles Almelo,Belgium,,420000,EUR,2027-06-30
1005693,Anselmo Garcia McNulty,1. FC Magdeburg,Ireland,,1400000,EUR,
1022376,Amourricho van Axel-Dongen,AFC Ajax,Netherlands,,370000,EUR,2027-06-30
1129996,Hristiyan Petrov,SC Heerenveen,Bulgaria,,530000,EUR,2029-06-30
1193084,Mike Kleijn,Sparta Rotterdam,Netherlands,,280000,EUR,2028-06-30
1400656,Travis Hernes,FC Groningen,Norway,,325000,EUR,2030-06-30
1423743,Deron Payne,FC Volendam,Trinidad and Tobago,,365000,EUR,2028-06-30
1509752,Nick Fichtinger,PEC Zwolle,Netherlands,,360000,EUR,2028-06-30
1586644,Eser G\u00fcrb\u00fcz,SC Heerenveen,Netherlands,,560000,EUR,2029-06-30
27691,Przemys\u0142aw Tyto\u0144,No team,Poland,,82000,EUR,
97401,Hobie Verhulst,AZ Alkmaar,Netherlands,,160000,EUR,2028-06-30
339879,Bas Kuipers,Sparta Rotterdam,Netherlands,,775000,EUR,2028-06-30
571964,Enes Mahmutovi\u0107,No team,Luxembourg,,265000,EUR,
927440,Kamal Sowah,NAC Breda,Ghana,,675000,EUR,2027-06-30
966542,Mathijs Tielemans,Excelsior,Netherlands,,340000,EUR,2028-06-30
1101593,Alwande Roaldsoy,Sparta Rotterdam,Norway,,830000,EUR,2030-06-30
1112604,Justin Hubner,Fortuna Sittard,Indonesia,,1000000,EUR,2028-06-30
1126965,Espen Van Ee,FC Arouca,Netherlands,,1200000,EUR,2029-06-30
1130306,Jayden Candelaria,NAC Breda,Curacao,,155000,EUR,2028-06-30
1130308,Mimeirhel Benita,Heracles Almelo,Netherlands,,530000,EUR,2028-06-30
1153163,Nolan Martens,Excelsior,Belgium,,480000,EUR,2027-06-30
1381819,Jan Faberski,Jong Ajax,Poland,,540000,EUR,2030-06-30
1383661,Remi van Ekeris,FC Lisse,Netherlands,,140000,EUR,
1386737,Tristan Schenkhuizen,VVV-Venlo,Netherlands,,49000,EUR,2028-06-30
1469273,Rojendro Oudsten,SC Telstar,Suriname,,105000,EUR,2028-06-30
1586639,Jim Koller,Jong PSV Eindhoven,Netherlands,,525000,EUR,2029-06-30
2193004,Sam de Laat,NEC Nijmegen,Netherlands,,68000,EUR,2027-06-30
58994,Denis Odoi,No team,Ghana,,155000,EUR,
146401,Thomas Bruns,Heracles Almelo,Netherlands,,170000,EUR,2027-06-30
148615,Paul Gladon,NAC Breda,Netherlands,,145000,EUR,2028-06-30
318745,Oskar Zawada,FC Groningen,Poland,,525000,EUR,2028-06-30
352964,Samuel Bastien,No team,DR Congo,,320000,EUR,
578344,Arno Verschueren,FC Twente,Belgium,,675000,EUR,2028-06-30
860158,Kay Tejan,SC Telstar,Netherlands,,245000,EUR,2027-06-30
907520,Brynj\u00f3lfur Darri Willumsson,FC Groningen,Iceland,,970000,EUR,2027-06-30
912651,Boyd Lucassen,NAC Breda,Netherlands,,365000,EUR,2027-06-30
961678,Neraysho Kasanwirjo,Feyenoord,Netherlands,,1400000,EUR,2027-06-30
1142572,Tristan Gooijer,Jong Ajax,Netherlands,,1400000,EUR,2029-06-30
1403072,David Voute,FC Emmen,Netherlands,,97000,EUR,2028-06-30
1425327,Nolhan Courtens,SC Heerenveen,Belgium,,145000,EUR,2027-06-30
1500752,Yoon Do-young,1. FC Magdeburg,South Korea,,725000,EUR,2027-06-30
1540010,Joel Van Den Berg,PSV Eindhoven,Netherlands,,1600000,EUR,2028-06-30
1592152,Sebastiaan Hagedoorn,Almere City U21,Netherlands,,93000,EUR,2027-06-30
1594488,Adil Lechkar,No team,Netherlands,,155000,EUR,
1597274,Maher Carrizo,AFC Ajax,Argentina,,7600000,EUR,2030-06-30
1885838,Gabriel Reiziger,PEC Zwolle,Netherlands,,260000,EUR,2028-06-30
132674,Mario Engels,Heracles Almelo,Germany,,290000,EUR,2027-06-30
150494,Mike van Duinen,No team,Netherlands,,145000,EUR,
787640,Jeremiah St Juste,Feyenoord,Netherlands,,2900000,EUR,2027-06-30
804434,Takehiro Tomiyasu,No team,Japan,,5400000,EUR,
923968,Dylan Mbayo,PEC Zwolle,Belgium,,835000,EUR,2027-06-30
960112,Eliano Reijnders,Persib Bandung,Indonesia,,540000,EUR,2027-05-31
961674,Tijs Velthuis,PEC Zwolle,Netherlands,,515000,EUR,2029-06-30
983068,V\u00e1clav Sejk,SK Sigma Olomouc,Czechia,,1600000,EUR,
987077,N\u00f6kkvi \u00de\u00f3risson,Sparta Rotterdam,Iceland,,410000,EUR,2028-06-30
995365,Dylan Mertens,\u015e\u0259fa FK,Netherlands,,195000,EUR,2027-06-30
1019892,Stefan Mitrovi\u0107,FK Vojvodina,Serbia,,865000,EUR,2027-06-30
1120949,Milan de Haan,Almere City FC,Netherlands,,510000,EUR,2028-06-30
1147503,Marko Kerkez,Aris Thessaloniki,Serbia,,215000,EUR,2027-06-30
1172732,Damian van der Haar,PEC Zwolle,Netherlands,,365000,EUR,2028-06-30
1213453,Tristan van Gilst,Heracles Almelo,Netherlands,,330000,EUR,2028-06-30
1218004,Jaden Slory,Willem II Tilburg,Netherlands,,730000,EUR,2027-06-30
1388442,Dion Versluis,NAC Breda,Netherlands,,52000,EUR,2027-06-30
1481354,Precious Ugwu,FC Volendam,Netherlands,,475000,EUR,2028-06-30
1891895,Stijn Middendorp,Anorthosis Famagusta,Netherlands,,210000,EUR,2029-05-31
78730,Ivo Pinto,Fortuna Sittard,Portugal,,260000,EUR,2027-06-30
286097,Pawe\u0142 Bochniewicz,G\u00f3rnik Zabrze,Poland,,635000,EUR,2029-06-30
946950,Simon Janssen,Excelsior,Netherlands,,365000,EUR,2027-06-30
996986,Luca Oyen,SC Heerenveen,Belgium,,975000,EUR,2029-06-30
1009285,Szymon W\u0142odarczyk,SK Sturm Graz,Poland,,815000,EUR,2027-06-30
1049446,Olivier Aertssen,PEC Zwolle,Netherlands,,610000,EUR,2027-06-30
1066313,Rijk Janse,FC Groningen,Netherlands,,55000,EUR,2028-06-30
1402736,Kiano Dyer,Chelsea U21,England,,93000,EUR,2030-06-30
1481249,Wouter Prins,FC Groningen,Netherlands,,470000,EUR,2028-06-30
1592993,Tyrique Mercera,FC Groningen,Curacao,,655000,EUR,2029-06-30
1801303,Isaiah Ahmed,SC Heerenveen U21,Curacao,,120000,EUR,2027-06-30
1823943,Jinairo Johnson,AFC Ajax,Netherlands,,340000,EUR,2028-06-30
1841361,Myron Mau-Asam,No team,Netherlands,,48000,EUR,
2195123,Jadiel Pereira da Gama,PEC Zwolle,Netherlands,,1500000,EUR,2029-06-30
2197943,Pepijn Reulen,NAC Breda,Netherlands,,315000,EUR,2028-06-30
27035,Andr\u00e9 Ayew,No team,Ghana,,235000,EUR,
581080,Mohamed Hamdaoui,No team,Netherlands,,230000,EUR,
803021,Sherel Constancio Floranus,PEC Zwolle,Curacao,,855000,EUR,2027-06-30
825843,Dylan Vente,SC Heerenveen,Suriname,,2300000,EUR,2029-06-30
896210,Sa\u00efd Bakari,No team,Comoros,,320000,EUR,
940979,Rui Mendes,SC Telstar,Portugal,,180000,EUR,2028-06-30
964766,Thibo Baeten,Go Ahead Eagles,Belgium,,515000,EUR,2029-06-30
974530,Djevencio van der Kust,Heracles Almelo,Suriname,,360000,EUR,2028-06-30
980742,Erik Ahlstrand,FC St. Pauli,Sweden,,380000,EUR,
984880,Jannes Wieckhoff,No team,Germany,,370000,EUR,
1048758,Jasper Dahlhaus,Fortuna Sittard,Netherlands,,1500000,EUR,2028-06-30
1069509,Noam Emeran,FC Groningen,Rwanda,,185000,EUR,2027-06-30
1175856,Amine Salama,Stade de Reims,Morocco,,1100000,EUR,2027-06-30
1418395,Neville Nwankwo,FC Utrecht,Netherlands,,850000,EUR,2027-06-30
1652148,Giannino Vianello,Sparta Rotterdam,Netherlands,,280000,EUR,2029-06-30
1893852,Jerolldino Bergraaf,Jong AZ Alkmaar,Netherlands,,330000,EUR,2027-06-30
2076787,Mark Hoekstra,FC Groningen U21,Netherlands,,73000,EUR,2028-06-30
2166694,Key Shawn Soij,FC Volendam U21,Netherlands,,47000,EUR,2027-06-30
70930,Bram Nuytinck,NEC Nijmegen,Netherlands,,190000,EUR,2027-06-30
856736,Thomas Buitink,VV Sparta Nijkerk,Netherlands,,235000,EUR,2027-06-30
918484,Ivan Mes\u00edk,Charlton Athletic,Slovakia,,540000,EUR,2030-06-30
996813,Antonio Satriano,Pro Vercelli,Italy,,78000,EUR,2027-06-30
1011489,Silvinho Esajas,FC Volendam,Suriname,,145000,EUR,2028-06-30
1014566,Sava Arangel \u010cesti\u0107,No team,Serbia,,165000,EUR,
1133679,Stan Henderikx,Excelsior,Netherlands,,385000,EUR,2028-06-30
1144148,Rhys Bozinovski,Heracles Almelo,Australia,,340000,EUR,2029-06-30
1198088,Nesto Groen,Excelsior,Netherlands,,105000,EUR,2027-06-30
1403023,Roy Steur,FC Volendam,Netherlands,,195000,EUR,2028-06-30
1470065,Guilherme Peixoto,FC Twente,Portugal,,195000,EUR,2028-06-30
1634542,Lucas Vennegoor of Hesselink,FC Twente,Netherlands,,270000,EUR,2028-06-30
1893851,Tijmen Holla,Excelsior,Netherlands,,72000,EUR,2027-06-30
1922946,Luca Blondeau,FC Volendam,Netherlands,,69000,EUR,2029-06-30
1939251,Jesper Tielemans,FC Volendam,Netherlands,,49000,EUR,2028-06-30
42876,Kostas Lamprou,NAC Breda,Greece,,145000,EUR,2027-06-30
788197,Andr\u00e9 Ferreira,Moreirense,Portugal,,555000,EUR,2028-06-30
876255,Justin De Haas,Valencia,Netherlands,,7700000,EUR,2030-06-30
913401,Nehu\u00e9n P\u00e9rez,FC Porto,Argentina,,10900000,EUR,2029-06-30
920684,Jordan Holsgrove,Estoril Praia,Scotland,,5300000,EUR,2028-06-30
945955,Nordin Bakker,FC Midtjylland,Netherlands,,370000,EUR,2029-06-30
983550,Samuel Soares,Benfica,Portugal,,3100000,EUR,2027-06-30
1083104,Martin Turk,Estoril Praia,Slovenia,,320000,EUR,2028-06-30
1106840,Adriel,Torreense,Brazil,,940000,EUR,2029-06-30
1195449,Joao Carvalho,SC Braga B,Portugal,,1400000,EUR,2028-06-30
1467980,Emeka Adeile,FC Utrecht,England,,680000,EUR,2030-06-30
1499082,Jalen Blesa,Rio Ave,Spain,,1900000,EUR,2030-06-30
1515290,Andrey,Santa Clara,Brazil,,190000,EUR,2027-06-30
1916795,Hasip Korkmazy\u00fcrek,No team,T\u00fcrkiye,,53000,EUR,
1961109,Daniel Banjaqui,SL Benfica B U21,Portugal,,5200000,EUR,2031-06-30
1961855,Jo\u00e3o Afonso,FC Porto,Portugal,,1400000,EUR,2031-06-30
252095,Tiago Silva,Al-Rayyan,Portugal,,2300000,EUR,
352874,Rochinha,Casa Pia,Portugal,,465000,EUR,
548044,Jo\u00e3o Carvalho,Estoril Praia,Portugal,,4800000,EUR,2027-06-30
583838,Gil Dias,Famalic\u00e3o,Portugal,,2100000,EUR,2027-06-30
794928,Lincoln,Bursaspor,Brazil,,3700000,EUR,
826054,J\u00e9r\u00e9my Livolant,Casa Pia,France,,2700000,EUR,2027-06-30
838502,Pedro Pacheco,Santa Clara,Portugal,,410000,EUR,2028-06-30
845802,Jovane Cabral,No team,Cape Verde,,910000,EUR,
856119,Guilherme Schettine,Tianjin Jinmen Tiger,Brazil,,945000,EUR,2027-12-31
886204,Lazar Carevi\u0107,Famalic\u00e3o,Montenegro,,4600000,EUR,2028-06-30
947893,Andrew,Flamengo,Brazil,,7200000,EUR,
991924,Rodrigo Pinheiro,Famalic\u00e3o,Portugal,,4700000,EUR,2027-06-30
1015826,Chiquinho,FC Alverca,Portugal,,5200000,EUR,2028-06-30
1018555,Matheus Mendes,FC Alverca,Brazil,,620000,EUR,2028-06-30
1090543,Abraham Marcus,CF Estrela Amadora,Nigeria,,970000,EUR,2028-06-30
1097527,Lu\u00eds Esteves,Atlas FC,Portugal,,5800000,EUR,
1130376,Gon\u00e7alo Esteves,Catanzaro,Portugal,,525000,EUR,2028-06-30
1146225,Stefan Lekovi\u0107,CF Estrela Amadora,Serbia,,2700000,EUR,
1394935,Bernardo Fontes,Sporting Braga,Brazil,,4700000,EUR,2030-06-30
1595506,Ibrahima Ba,Famalic\u00e3o,Senegal,,11600000,EUR,2030-06-30
129617,Aderllan Santos,AVS - Futebol SAD,Brazil,,105000,EUR,
190137,Rafa Soares,No team,Portugal,,935000,EUR,
190147,Rony Lopes,No team,Portugal,,1300000,EUR,
826210,Rafik Guitane,Estoril Praia,Algeria,,5200000,EUR,2027-06-30
836676,Tom Van De Looi,Famalic\u00e3o,Netherlands,,4500000,EUR,2027-06-30
846416,Rodrigo Abascal,Vit\u00f3ria SC,Uruguay,,380000,EUR,2027-06-30
848521,Marios Vrousai,Rio Ave,Greece,,3100000,EUR,2027-06-30
912781,Paulinho B\u00f3ia,CD Nacional,Brazil,,1100000,EUR,
938292,Cezary Miszta,Rio Ave,Poland,,4900000,EUR,2027-06-30
987597,Jes\u00fas Ram\u00edrez,CD Nacional,Venezuela,,5200000,EUR,2027-06-30
1017590,Bernardo Schappo,CF Estrela Amadora,Brazil,,705000,EUR,2028-06-30
1105790,Figueiredo,FC Alverca,Brazil,,3700000,EUR,2028-06-30
1105841,Matheus Ara\u00fajo,Santa Clara,Brazil,,3400000,EUR,2028-06-30
1105857,Taichi Fukui,FC Arouca,Japan,,5300000,EUR,2028-06-30
1112474,Ze Vitor,CD Nacional,Brazil,,2400000,EUR,2027-06-30
1167067,Kaique,Palmeiras,Brazil,,2200000,EUR,2030-06-30
1167068,Kaiky Naves,Palmeiras,Brazil,,3800000,EUR,2028-12-31
1175004,Juan Castillo,Vit\u00f3ria SC,Colombia,,520000,EUR,2029-06-30
1511656,Mathias De Amorim,Famalic\u00e3o,Portugal,,9700000,EUR,2028-06-30
1819304,Kevyn Monteiro,Moreirense,Brazil,,515000,EUR,2030-06-30
9668,Ricardo Batista,Casa Pia,Angola,,110000,EUR,
107264,Mika,No team,Portugal,,92000,EUR,
611880,Murilo,Gil Vicente,Brazil,,830000,EUR,2028-06-30
822510,Liziero,CD Nacional,Brazil,,1600000,EUR,2028-06-30
850976,Alexander Bah,Benfica,Denmark,,7400000,EUR,2029-06-30
862060,Dani Figueira,FC Noah,Portugal,,520000,EUR,
905452,Weverson,Gil Vicente,Brazil,,750000,EUR,2028-06-30
905455,Alan,No team,Brazil,,4900000,EUR,
930246,Yanis Begraoui,Estoril Praia,Morocco,,11500000,EUR,2028-06-30
989837,Facundo C\u00e1seres,Gil Vicente,Argentina,,2700000,EUR,2028-06-30
1002367,Beni Mukendi,Vit\u00f3ria SC,Angola,,4099999,EUR,2029-06-30
1019184,Serginho,Levski Sofia,Portugal,,2800000,EUR,2029-06-30
1046440,Roni,AVS - Futebol SAD,Brazil,,1000000,EUR,2028-06-30
1084746,Santi Garc\u00eda,Gil Vicente,Spain,,4400000,EUR,2028-06-30
1087321,Jo\u00e3o Marques,Sporting Braga,Portugal,,1400000,EUR,2029-06-30
1105595,Sorriso,Famalic\u00e3o,Brazil,,4800000,EUR,2029-06-30
1142578,Diogo Travassos,Sporting Braga,Portugal,,5500000,EUR,2031-06-30
1168093,\u00d3scar Rivas,Vit\u00f3ria SC,Spain,,930000,EUR,2028-06-30
1489200,Leandro Santos,Moreirense,Portugal,,1100000,EUR,2030-06-30
1563665,Gustavo S\u00e1,Famalic\u00e3o,Portugal,,23000000,EUR,2029-06-30
82598,Renan Ribeiro,No team,Brazil,,95000,EUR,
254815,Frederico Ven\u00e2ncio,Santa Clara,Portugal,,290000,EUR,
822526,Gabriel Batista,Santa Clara,Brazil,,4200000,EUR,2028-06-30
849719,Gaizka Larrazabal,No team,Spain,,3800000,EUR,
851276,Abdu Cont\u00e9,Casa Pia,Portugal,,660000,EUR,2028-06-30
931485,Marac\u00e1s,Moreirense,Brazil,,745000,EUR,
977676,L\u00e9o Realpe,Famalic\u00e3o,Ecuador,,4800000,EUR,2029-06-30
1001753,Vin\u00edcius Lopes,Santa Clara,Brazil,,2600000,EUR,2028-06-30
1002443,Gustavo Garc\u00eda,Famalic\u00e3o,Brazil,,1600000,EUR,2029-06-30
1002565,Luan Patrick,CF Estrela Amadora,Brazil,,2100000,EUR,2028-06-30
1005270,Ennio Van Der Gouw,Rio Ave,Netherlands,,390000,EUR,2029-06-30
1020203,Brandon Aguilera,Rio Ave,Costa Rica,,1500000,EUR,2027-06-30
1068519,Jo\u00e3o Silva,Sport Recife,Portugal,,1400000,EUR,2027-12-31
1100204,Nikolaos Athanasiou,OFI Crete,Greece,,1200000,EUR,2027-06-30
1139990,Andr\u00e9 Gomes,SL Benfica B U21,Portugal,,3100000,EUR,2028-06-30
1142261,Antonio Espigares,Gil Vicente,Spain,,465000,EUR,2029-06-30
1161004,Gon\u00e7alo Nogueira,Vit\u00f3ria SC,Portugal,,3900000,EUR,2028-06-30
1166097,Matija Mitrovi\u0107,Vit\u00f3ria SC,Serbia,,1800000,EUR,2029-06-30
1434543,Diogo Sousa,RC Strasbourg,Portugal,,8500000,EUR,2031-06-30
1506777,Steven Baseya,FC Alverca,France,,410000,EUR,2028-06-30
72020,Jakub Brabec,Rio Ave,Czechia,,380000,EUR,2027-06-30
126076,Toman\u00e9,AVS - Futebol SAD,Portugal,,165000,EUR,
156318,Marcelo,Uni\u00e3o de Leiria,Brazil,,48000,EUR,2027-06-30
357734,Ferro,Estoril Praia,Portugal,,965000,EUR,2027-06-30
822509,L\u00e9o Santos,CD Nacional,Brazil,,970000,EUR,2027-06-30
832672,Lucas Fran\u00e7a,No team,Brazil,,580000,EUR,
865335,Bebeto,Tondela,Brazil,,53000,EUR,2027-06-30
955133,Na\u00efs Djouahra,FC Arouca,France,,1400000,EUR,2027-06-30
1014259,Pedro Santos,FC Arouca,Portugal,,570000,EUR,2028-06-30
1020610,Matheus Dias,CD Nacional,Brazil,,1600000,EUR,2030-06-30
1046794,Gabriel Silva,Sporting Braga,Brazil,,7400000,EUR,2031-06-30
1102988,Pedro Bondo,Famalic\u00e3o,Angola,,2100000,EUR,2029-06-30
1116982,Alan N\u00fa\u00f1ez,Cerro Porte\u00f1o,Paraguay,,940000,EUR,
1131145,Sidney Lima,Santa Clara,Brazil,,3300000,EUR,2027-06-30
1162051,Gustavo Klismahn,Neft\u00e7i PFK,Brazil,,460000,EUR,2028-06-30
1485103,Tobias Medina,Rio Ave,Argentina,,620000,EUR,2028-06-30
1915110,Isaac James,FC Alverca,Nigeria,,580000,EUR,2027-06-30
1961103,Bernardo Lima,FC Porto B,Portugal,,970000,EUR,2031-06-30
2163561,An\u00edsio Cabral,Benfica,Portugal,,5200000,EUR,2031-06-30
2217380,Rica Rocha,Vit\u00f3ria SC B,Portugal,,205000,EUR,2028-06-30
93796,Joel Robles,Estoril Praia,Spain,,380000,EUR,2028-06-30
155985,Charles,Vit\u00f3ria SC,Brazil,,310000,EUR,2027-06-30
345843,Caio Secco,Leix\u00f5es SC,Brazil,,105000,EUR,2027-06-30
789933,Ignacio de Arruabarrena,FC Arouca,Uruguay,,1000000,EUR,2028-06-30
800348,Jonathan Buatu,Gil Vicente,Angola,,565000,EUR,2028-06-30
821628,Patrick Sequeira,Casa Pia,Costa Rica,,3400000,EUR,2027-06-30
851030,Filipe Soares,CD Nacional,Portugal,,680000,EUR,2027-06-30
861283,Cicero,Tondela,Brazil,,525000,EUR,2027-06-30
879917,Maranh\u00e3o,Henan FC,Brazil,,1400000,EUR,
888592,Nico Mantl,FC Arouca,Germany,,825000,EUR,2028-06-30
943525,Felix Bacher,Estoril Praia,Austria,,6500000,EUR,2028-06-30
994532,Antef Tsoungui,Estoril Praia,Belgium,,970000,EUR,2029-06-30
1035280,Telmo Arcanjo,Vit\u00f3ria SC,Cape Verde,,2900000,EUR,2027-06-30
1049465,K\u00e9vin Boma,Red Bull Salzburg,Togo,,6400000,EUR,2031-06-30
1063375,Vasco Moreira,FC Alverca,Portugal,,960000,EUR,2028-06-30
1083250,Mat\u00edas Rocha,FC Arouca,Uruguay,,365000,EUR,2027-06-30
1142254,Rodrigo Alonso,Moreirense,Spain,,1800000,EUR,2028-06-30
1160980,Dinis Pinto,Moreirense,Portugal,,3300000,EUR,2027-06-30
1176881,Diogo Bezerra,Rio Ave,Brazil,,1600000,EUR,2030-06-30
138890,Gon\u00e7alo Paci\u00eancia,Santa Clara,Portugal,,665000,EUR,2028-06-30
167857,Andr\u00e9 Sousa,UD Santar\u00e9m,Portugal,,48000,EUR,2027-06-30
352448,H\u00e9ctor Hern\u00e1ndez,Gil Vicente,Spain,,880000,EUR,2027-06-30
785808,Samu,Vit\u00f3ria SC,Portugal,,2400000,EUR,2027-06-30
831781,Ghislain Konan,Gil Vicente,C\u00f4te d'Ivoire,,2800000,EUR,
851277,Pedro Ferreira,Santa Clara,Portugal,,3200000,EUR,2028-06-30
863637,Tiago Esgaio,FC Arouca,Portugal,,1000000,EUR,2027-06-30
904849,Nabil Touaizi,FC Alverca,Morocco,,880000,EUR,2028-06-30
983537,Rafael Brito,No team,Portugal,,545000,EUR,
989383,Adriano Firmino,Wuhan Three Towns,Brazil,,1900000,EUR,
1001313,Nodar Lominadze,Estoril Praia,Georgia,,745000,EUR,2029-06-30
1001662,Z\u00e9 Carlos,No team,Portugal,,1900000,EUR,
1067648,Pedro Lima,Sporting CP,Brazil,,3200000,EUR,2031-06-30
1082948,Kiko Bondoso,Moreirense,Portugal,,825000,EUR,2027-06-30
1153328,Noah Saviolo,Trabzonspor,Portugal,,9100000,EUR,2031-06-30
1190120,Fabr\u00edcio Garcia,Estoril Praia,Cape Verde,,410000,EUR,2028-06-30
1482435,Juan Rodr\u00edguez,LDU,Ecuador,,1000000,EUR,2028-12-31
1501056,Miro,Dinamo Makhachkala,Angola,,830000,EUR,2029-06-30
1511976,Jo\u00e3o Costa,Santa Clara,Portugal,,360000,EUR,2028-06-30
1799336,Agust\u00edn Moreira,Gil Vicente,Uruguay,,955000,EUR,2029-06-30
801339,Rodrigo Pinho,CF Estrela Amadora,Brazil,,155000,EUR,2027-06-30
869875,Kikas,KAS Eupen,Portugal,,775000,EUR,2028-06-30
883908,Guilherme Rom\u00e3o,Santa Clara,Brazil,,420000,EUR,2028-12-31
925839,Andr\u00e9 Ceitil,Acad\u00e9mico Viseu FC,Portugal,,205000,EUR,2027-06-30
986726,Ricard S\u00e1nchez,Estoril Praia,Spain,,3200000,EUR,2027-06-30
1003071,Diego Duarte,Internacional de Bogot\u00e1,Paraguay,,245000,EUR,2027-06-30
1006114,Gustavo Mendonca,Kairat Almaty,Portugal,,455000,EUR,2028-06-30
1100957,Marko Milovanovi\u0107,Almer\u00eda,Serbia,,2700000,EUR,2028-06-30
1131047,Miguel Maga,Vit\u00f3ria SC,Portugal,,1600000,EUR,2027-06-30
1146305,Gustavo Varela,SL Benfica B U21,Portugal,,3200000,EUR,2028-06-30
1158067,Francisco Chissumba,Sporting Braga,Portugal,,5500000,EUR,2028-06-30
1164070,Jorge Meireles,AVS - Futebol SAD,Portugal,,630000,EUR,2029-06-30
1176165,Paulo Vitor,Akron Togliatti,Brazil,,485000,EUR,2028-06-30
1393731,Omar Fayed,Fenerbah\u00e7e,Egypt,,560000,EUR,2027-06-30
1463265,Antoine Joujou,Parma,Guadeloupe,,2100000,EUR,2028-06-30
1493216,Marcos Pe\u00f1a,Famalic\u00e3o,Spain,,1500000,EUR,2029-06-30
2033832,Davy Gui,FC Alverca,C\u00f4te d'Ivoire,,620000,EUR,2028-06-30
2034540,Gustavo Mancha,Rio Ave,Brazil,,1500000,EUR,2027-06-30
2155276,Jos\u00e9 Tavares,Santa Clara,Cape Verde,,775000,EUR,2030-06-30
2368703,Eddy Dou\u00e9,CF Estrela Amadora,C\u00f4te d'Ivoire,,390000,EUR,2028-06-30
44685,Nen\u00ea,AVS - Futebol SAD,Brazil,,52000,EUR,
822874,Kobamelo Kodisang,Mamelodi Sundowns,South Africa,,680000,EUR,
857766,Issiar Drame,CF Estrela Amadora,Mali,,290000,EUR,2027-06-30
913033,Diogo Martins,Uni\u00e3o de Leiria,Portugal,,165000,EUR,2027-06-30
936367,Miguel Sousa,Leix\u00f5es SC,Portugal,,275000,EUR,2027-06-30
987596,Jo\u00e3o Gon\u00e7alves,CD Nacional,Portugal,,520000,EUR,2028-06-30
1032547,Joelson Fernandes,Gil Vicente,Portugal,,945000,EUR,2029-06-30
1086990,Ryan,Figueirense,Brazil,,390000,EUR,2026-12-31
1105850,Ryan Guilherme,Rio Ave,Brazil,,815000,EUR,2030-06-30
1108505,Paulo Victor,Quer\u00e9taro FC,Brazil,,775000,EUR,2030-06-30
1146008,Diogo Prioste,Gil Vicente,Portugal,,1900000,EUR,2027-06-30
1158555,Or Israelov,Hapoel Tel Aviv,Israel,,220000,EUR,
1187281,Brayan Medina,Tondela,Colombia,,2700000,EUR,2030-06-30
1561865,Edney Henrique,Santa Clara,Brazil,,550000,EUR,2027-06-30
1586645,Eduardo Felic\u00edssimo,Sporting U19,Portugal,,1900000,EUR,2030-06-30
2058164,Robinho,CF Estrela Amadora,Brazil,,565000,EUR,2028-06-30
2140143,Miguel Nogueira,Vit\u00f3ria SC,Portugal,,1400000,EUR,2029-06-30
158597,Sebasti\u00e1n P\u00e9rez,Casa Pia,Colombia,,485000,EUR,2027-06-30
845811,Bernardo Martins,AE Kifisia,Portugal,,940000,EUR,
878283,Lenny Vallier,USL Dunkerque,France,,485000,EUR,2028-06-30
892483,Omar Richards,Nottingham Forest,England,,2100000,EUR,2027-06-30
910316,Ianis Stoica,CF Estrela Amadora,Romania,,1500000,EUR,2028-06-30
988778,Daniel Rivas,AVS - Futebol SAD,Paraguay,,485000,EUR,2027-06-30
988964,Christian Marques,Tondela,Portugal,,1900000,EUR,2029-06-30
1005992,Andreas Ndoj,Rio Ave,Greece,,5400000,EUR,2028-06-30
1018546,Tiago Galletto,Deportes Limache,Uruguay,,310000,EUR,
1090646,Paulo Moreira,Famalic\u00e3o,Portugal,,1500000,EUR,
1091103,Pedro Rosas,Casa Pia,Portugal,,480000,EUR,
1133070,Tiago Manso,AE Kifisia,Portugal,,970000,EUR,2027-06-30
1133568,Jo\u00e3o Mendes,Vit\u00f3ria SC,Portugal,,2400000,EUR,2028-06-30
1153099,Gilberto Batista,Moreirense,Guinea-Bissau,,1400000,EUR,2027-06-30
1459627,Henrique Silva,Santa Clara,Brazil,,460000,EUR,
1459634,Luis Fernando,Santa Clara,Brazil,,390000,EUR,2029-06-30
1464186,Kevin Prieto,Casa Pia,Uruguay,,480000,EUR,2029-06-30
1563640,Oumar Camara,Vit\u00f3ria SC,France,,7300000,EUR,2029-06-30
1799251,Brenner,Santa Clara,Brazil,,1400000,EUR,2028-06-30
116372,Cl\u00e1udio Ramos,FC Porto,Portugal,,845000,EUR,2027-06-30
343909,H\u00e9lder Tavares,Tondela,Cape Verde,,48000,EUR,2027-06-30
877920,Jandro Orellana,Estoril Praia,Spain,,1000000,EUR,2027-06-30
930273,Olinho,SpVgg Greuther F\u00fcrth,Germany,,1400000,EUR,2029-06-30
973517,Alfonso Trezza,FC Arouca,Uruguay,,1600000,EUR,2027-06-30
981217,Gustavo Assun\u00e7\u00e3o,Apollon Limassol,Brazil,,780000,EUR,2027-05-31
991358,Lucas Soares,Santa Clara,Brazil,,1400000,EUR,2027-06-30
1002819,Gabriel Veron,FC Porto,Brazil,,2600000,EUR,2027-06-30
1114164,Marvin Elimbi Gilbert,Gil Vicente,France,,3900000,EUR,2028-06-30
1119693,Tom\u00e1s Mendes,Deportivo Alav\u00e9s,Guinea-Bissau,,520000,EUR,2027-06-30
1120043,Diogo Spencer,FC Alverca,Portugal,,875000,EUR,
1120679,Andr\u00e9 Lacximicant,Estoril Praia,Portugal,,770000,EUR,2028-06-30
1394244,Francisco Gon\u00e7alves,CD Nacional,Portugal,,195000,EUR,2029-06-30
1395583,Kiko,Moreirense,Portugal,,1600000,EUR,2029-06-30
1403144,Tiago Parente,Estoril Praia,Portugal,,480000,EUR,2029-06-30
1410927,Max Scholze,CF Estrela Amadora,Germany,,390000,EUR,2028-06-30
1488511,Tony Strata,Vit\u00f3ria SC,Romania,,1900000,EUR,2029-06-30
1900362,Guilherme Neiva,AVS - Futebol SAD,Brazil,,320000,EUR,2027-06-30
1972885,Francisco Dias,Vit\u00f3ria SC B,Portugal,,215000,EUR,2029-06-30
851283,Jefferson Encada,CF Estrela Amadora,Guinea-Bissau,,420000,EUR,2028-06-30
892170,Lawrence Ofori,Casa Pia,Ghana,,1500000,EUR,2027-06-30
945121,Rodrigo Concei\u00e7\u00e3o,Jagiellonia Bia\u0142ystok,Portugal,,540000,EUR,2028-06-30
966219,\u00c1ngel Algobia,AVS - Futebol SAD,Spain,,485000,EUR,2027-06-30
989385,Welinton Torrao,Santa Clara,Brazil,,425000,EUR,2028-06-30
989449,Kevin H\u00f6\u00f6g Jansson,CF Estrela Amadora,Sweden,,370000,EUR,2028-06-30
996932,Pablo Goz\u00e1lbez,FC Arouca,Spain,,680000,EUR,2029-06-30
1015932,David Sousa,Casa Pia,Brazil,,1100000,EUR,2028-06-30
1095652,Diogo Monteiro,FC Arouca,Portugal,,310000,EUR,2028-06-30
1131015,Iyad Mohamed,Casa Pia,Comoros,,410000,EUR,2027-06-30
1146013,Hugo F\u00e9lix,Tondela,Portugal,,775000,EUR,2029-06-30
1166006,Mateja Stjepanovi\u0107,Moreirense,Serbia,,2700000,EUR,2029-06-30
1173124,Jo\u00e3o Tom\u00e9,Rio Ave,Portugal,,580000,EUR,2027-06-30
1191120,Hyun-ju Lee,FC Arouca,South Korea,,2400000,EUR,2028-06-30
1468082,Gustavo Silva,Vit\u00f3ria SC,Brazil,,4099999,EUR,2028-06-30
1579664,Pablo Messias Cardozo,CD Nacional,Brazil,,470000,EUR,2030-06-30
1649069,Sandro Vidigal,SC Braga B,Portugal,,2800000,EUR,2030-06-30
2030567,Afonso Assis,Moreirense,Portugal,,460000,EUR,2030-06-30
61123,Pedro Trigueira,AVS - Futebol SAD,Portugal,,52000,EUR,
344181,Jos\u00e9 Gomes,CD Nacional,Portugal,,1000000,EUR,2027-06-30
786269,Witi,CD Nacional,Mozambique,,480000,EUR,2028-06-30
826024,Dario \u0160piki\u0107,Rio Ave,Croatia,,970000,EUR,2028-06-30
858705,Xeka,Estoril Praia,Portugal,,750000,EUR,2028-06-30
892424,Kiki Silva,CD Trofense,Portugal,,205000,EUR,2027-06-30
929688,Mateus Piv\u00f4,AVS - Futebol SAD,Brazil,,290000,EUR,2027-06-30
946909,Georgios Liavas,Rio Ave,Greece,,650000,EUR,2029-06-30
964173,Guillem Molina,AVS - Futebol SAD,Spain,,275000,EUR,2027-06-30
1063255,Alioune Ndoye,Vit\u00f3ria SC,Senegal,,970000,EUR,2029-06-30
1067284,Tiago Morais,Lille,Portugal,,1900000,EUR,2028-06-30
1115751,Lu\u00eds Semedo,Sunderland,Portugal,,620000,EUR,2028-06-30
1133063,Tunde Akinsola,AVS - Futebol SAD,Nigeria,,860000,EUR,2027-06-30
1172052,Daniel J\u00fanior,CD Nacional,Brazil,,655000,EUR,2030-06-30
1190517,Oluwakorede Osundina,Casa Pia,USA,,360000,EUR,2028-06-30
1405454,C\u00e9dric Nuozzi,FC Alverca,Belgium,,775000,EUR,2028-06-30
1476213,Juli\u00e1n Jose Martinez,FC Alverca,Honduras,,475000,EUR,2029-06-30
1562325,Ikker dos Santos,Azuriz U20,Brazil,,46000,EUR,
1982641,Gonzalo Pastor,Famalic\u00e3o U23,Spain,,110000,EUR,2029-06-30
2455955,Miguel Silva,Moreirense U19,Portugal,,105000,EUR,2027-06-30
97012,Bruma,Benfica,Portugal,,3200000,EUR,2028-06-30
110950,Ivan Cavaleiro,Atl\u00e9tico Petr\u00f3leos de Luanda,Angola,,340000,EUR,
309296,Jo\u00e3o Gra\u00e7a,No team,Portugal,,290000,EUR,
822684,Sphephelo Sithole,Tondela,South Africa,,640000,EUR,2027-06-30
844409,Orest Lebedenko,Vit\u00f3ria SC,Ukraine,,550000,EUR,2028-06-30
892083,Diogo Calila,Santa Clara,Mozambique,,465000,EUR,2027-06-30
910033,Cedric Teguia,AD Ceuta,Spain,,845000,EUR,2028-06-30
973352,Jo\u00e3o Valido,Chaves,Portugal,,425000,EUR,
984626,\u00d3scar Aranda,Famalic\u00e3o,Spain,,3100000,EUR,
1006995,Vasco Sousa,FC Porto,Portugal,,1800000,EUR,2030-06-30
1066681,Elias Manoel,Botafogo,Brazil,,1600000,EUR,
1094384,Tambl\u00e9 Monteiro,Rio Ave,Guinea-Bissau,,1100000,EUR,
1148442,Thiago Balieiro,Vit\u00f3ria SC,Brazil,,1000000,EUR,2029-06-30
1185986,\u00d3scar Perea,RC Strasbourg,Colombia,,1600000,EUR,2029-06-30
1445615,Tidjany Tour\u00e9,Gil Vicente,France,,460000,EUR,2027-06-30
1520997,Vando F\u00e9lix,Vit\u00f3ria SC,Guinea-Bissau,,485000,EUR,2029-06-30
1562121,Theofanis Bakoulas,Olympiacos FC,Greece,,975000,EUR,2028-06-30
1640310,Motez Nourani,CD Nacional,Tunisia,,180000,EUR,2028-06-30
2456624,Zakaria Kassary,FC Alverca,Morocco,,160000,EUR,2027-06-30
125625,Sergi G\u00f3mez,FC Alverca,Spain,,290000,EUR,2027-06-30
344023,Sandro Lima,FC Ararat-Armenia,Brazil,,165000,EUR,
845787,Luquinhas,Radomiak Radom,Brazil,,1000000,EUR,2027-06-30
902051,Miguel Baeza,CD Nacional,Spain,,385000,EUR,
913728,Ivan Barbero,FC Arouca,Spain,,950000,EUR,2027-06-30
917006,Arjen Van Der Heide,Tondela,Netherlands,,330000,EUR,
980407,Kelian Nsona,Casa Pia,France,,560000,EUR,2027-06-30
981817,Sim\u00e3o,Leix\u00f5es SC,Brazil,,210000,EUR,2028-06-30
988882,Joe Hodge,Tondela,Ireland,,650000,EUR,2029-06-30
1014254,Carlos Eduardo,Gil Vicente,Brazil,,470000,EUR,2028-06-30
1087355,Hevertton Santos,Queens Park Rangers,Brazil,,860000,EUR,
1397915,Moudjatovic,Tondela,C\u00f4te d'Ivoire,,220000,EUR,
1411154,Michel Augusto,No team,Brazil,,580000,EUR,
1467139,Francisco Petrasso,Rio Ave,Argentina,,1200000,EUR,2028-06-30
1529932,Fahem Benaissa-Yahia,Mantova,France,,720000,EUR,2030-06-30
1537180,Mohamed Bamba,Gil Vicente,C\u00f4te d'Ivoire,,1600000,EUR,2027-06-30
1835218,Domingos Jose Gabriel Bandeira,Casa Pia,Angola,,365000,EUR,2027-06-30
1893864,Mateo Flores,FC Arouca,Spain,,1100000,EUR,2029-06-30
2037671,Alex Sola,Hapoel Ironi Kiryat Shmona,Angola,,280000,EUR,2027-06-30
2154588,Rodrigo Rodrigues,Sporting CP B U21,Portugal,,90000,EUR,
141012,Lu\u00eds Rocha,Vizela,Portugal,,48000,EUR,2027-06-30
157023,Cassiano,Casa Pia,Brazil,,145000,EUR,
796139,Andre Green,AVS - Futebol SAD,England,,290000,EUR,
823128,Rafael Barbosa,Leix\u00f5es SC,Portugal,,205000,EUR,
834881,St\u00e9phane Diarra,FC Alverca,France,,430000,EUR,2028-06-30
964609,Jose Font\u00e1n,FC Arouca,Spain,,1900000,EUR,2027-06-30
973924,Darlan,Buriram United,Brazil,,720000,EUR,2027-06-30
981586,Luc\u00e3o,Gil Vicente,Brazil,,1300000,EUR,2028-06-30
1000680,Miguel Puche,FC Arouca,Spain,,380000,EUR,2028-06-30
1006110,Jo\u00e3o Resende,SC Farense,Portugal,,260000,EUR,2028-06-30
1049526,Simon Elisor,Universitatea Craiova,France,,1400000,EUR,2028-06-30
1064359,Nelson Abbey,Rio Ave,England,,1600000,EUR,2028-06-30
1100596,Xabi Huarte,Tondela,Spain,,210000,EUR,2028-06-30
1111880,Emmanuel Maviram,Tondela,Nigeria,,420000,EUR,
1195796,Romeo Beney,Famalic\u00e3o,Switzerland,,1400000,EUR,2030-06-30
1471229,Landerson,Moreirense,Brazil,,955000,EUR,2030-06-30
1478890,Julien Lomboto,Rio Ave,France,,310000,EUR,2028-06-30
1513647,Peixinho,Estoril Praia,Portugal,,215000,EUR,2028-06-30
1937022,Flavio Goncalves,Sporting U19,Portugal,,930000,EUR,
2218660,Joao Gastao,CF Estrela Amadora,Angola,,210000,EUR,2029-06-30
42898,N\u00e9lson Oliveira,No team,Portugal,,190000,EUR,
253837,Lucas Jo\u00e3o,Atl\u00e9tico Petr\u00f3leos de Luanda,Angola,,210000,EUR,
324345,Kiki,AVS - Futebol SAD,Portugal,,270000,EUR,
929894,Alejandro Marqu\u00e9s,No team,Venezuela,,1500000,EUR,
949449,Sergio Bermejo,Gil Vicente,Spain,,645000,EUR,2027-06-30
982610,Amadou Dante,FC Zbrojovka Brno,Mali,,1100000,EUR,
997025,Arnau Sol\u00e0,FC Arouca,Spain,,310000,EUR,2028-06-30
1011997,Chiheb Labidi,CD Nacional,Tunisia,,485000,EUR,2027-06-30
1084291,Khayon Edwards,Estoril Praia,England,,390000,EUR,2028-06-30
1099301,Gian Cabezas,Athletic Club,Colombia,,280000,EUR,2026-12-31
1158181,Ivan Lima,Piast Gliwice,Portugal,,330000,EUR,2029-06-30
1393991,Joel Silva,CD Nacional,Portugal,,410000,EUR,2029-06-30
1405973,Bastien Meupiyou,FC Alverca,France,,7500000,EUR,2028-06-30
1651509,Tiago Brito,Estoril Praia,Portugal,,270000,EUR,2029-06-30
1828923,Jo\u00e3o Vasconcelos,SC Braga B,Portugal,,1500000,EUR,2028-06-30
1963845,Andr\u00e9 Miranda,FC Porto B,Portugal,,1100000,EUR,2031-06-30
2115909,Otavio,CF Estrela Amadora,Brazil,,1600000,EUR,2029-06-30
2158739,Gon\u00e7alo Maia Pereira,Gil Vicente U23,Portugal,,94000,EUR,2028-06-30
2194737,Umar Abubakar,Famalic\u00e3o,Nigeria,,970000,EUR,2030-06-30
125039,Andr\u00e9 Geraldes,Casa Pia,Portugal,,165000,EUR,2027-06-30
370010,Anthony Carter,Vizela,Australia,,195000,EUR,2028-06-30
878493,Daniel Azevedo,Casa Pia,Portugal,,185000,EUR,2027-06-30
902050,Boris Popovi\u0107,FC Arouca,Serbia,,930000,EUR,2028-06-30
1001848,Nile John,Moreirense,England,,485000,EUR,2029-06-30
1006067,Otar Mamageishvili,Wolfsberger AC,Georgia,,735000,EUR,2027-06-30
1015993,Alan Godoy,Barcelona Atl\u00e8tic,Spain,,290000,EUR,2027-06-30
1031485,Sabit Abdulai,FC Alverca,Ghana,,645000,EUR,2028-06-30
1116649,Brian Mansilla,FC Arouca,Uruguay,,825000,EUR,2028-06-30
1130363,Fabio Blanco,Vit\u00f3ria SC,Spain,,750000,EUR,2029-06-30
1130513,Fabiano Souza,Vit\u00f3ria,Brazil,,1400000,EUR,2027-06-30
1155358,Dailon Rocha Livramento,Hellas Verona,Cape Verde,,775000,EUR,2028-06-30
1188685,Yan Maranh\u00e3o,Moreirense,Brazil,,630000,EUR,2029-06-30
1196014,Antonis Papakanellos,Olympiacos FC,Greece,,540000,EUR,2029-06-30
1210450,Tom Moustier,CF Estrela Amadora,France,,410000,EUR,2028-06-30
1410338,Martim Gustavo Watts,CD Nacional,Portugal,,195000,EUR,2028-06-30
1418646,Eric da Silva Moreira,Nottingham Forest,Germany,,830000,EUR,2028-06-30
1495552,Afonso Rodrigues,Acad\u00e9mica Coimbra,Portugal,,160000,EUR,
1510444,Dylan Nand\u00edn,FC Arouca,Uruguay,,1100000,EUR,2028-06-30
1807776,Yarlen,Am\u00e9rica Mineiro,Brazil,,940000,EUR,2026-12-31
788786,Jordan Siebatcheu,Stade de Reims,USA,,1400000,EUR,2027-06-30
834247,Pedro Amaral,No team,Portugal,,2100000,EUR,
838633,Jaume Grau,Tianjin Jinmen Tiger,Spain,,770000,EUR,2027-12-31
860683,Marc Gual,Kairat Almaty,Spain,,435000,EUR,2027-12-31
963990,Kaique Rocha,Casa Pia,Brazil,,960000,EUR,2028-06-30
1006996,Guilherme Mont\u00f3ia,Jagiellonia Bia\u0142ystok,Portugal,,730000,EUR,2029-06-30
1035696,R\u00e9my Vita,Tondela,Comoros,,410000,EUR,2028-06-30
1050457,Yahya Kalley,CF Estrela Amadora,Sweden,,285000,EUR,2028-06-30
1083277,Martin Fern\u00e1ndez,Gil Vicente,Uruguay,,420000,EUR,2029-06-30
1087354,Gon\u00e7alo Costa,Estoril Praia,Portugal,,565000,EUR,2028-06-30
1145658,Romualdas Jansonas,FC Arouca,Lithuania,,390000,EUR,2030-06-30
1151667,Jo\u00e3o Goulart,Casa Pia,Portugal,,1400000,EUR,2027-06-30
1158547,Leandro Antonetti,CF Estrela Amadora,Puerto Rico,,205000,EUR,2028-06-30
1175474,\u00c1lvaro Mart\u00ednez,Moreirense,Spain,,375000,EUR,2028-06-30
1211830,Sidi Bane,Stade Lavallois,Senegal,,980000,EUR,2028-06-30
1214878,Karem Zoabi,Torreense,Israel,,570000,EUR,2029-06-30
1411034,Jimi Gower,Moreirense,England,,105000,EUR,2028-06-30
1478262,Yefrei Rodriguez,UD Oliveirense,Colombia,,270000,EUR,2027-06-30
1485731,Rafael Lobato,Rio Ave,Brazil,,830000,EUR,2029-06-30
1511977,Pedro Carvalho,Estoril Praia,Portugal,,870000,EUR,2028-06-30
233370,Jo\u00e3o Novais,No team,Portugal,,360000,EUR,
344159,Tiago S\u00e1,Sporting Braga,Portugal,,325000,EUR,2027-06-30
584116,Ponck,AVS - Futebol SAD,Cape Verde,,105000,EUR,
926869,Ulisses,CD Nacional,Brazil,,1100000,EUR,2028-06-30
937265,Wendel,Cear\u00e1,Brazil,,1900000,EUR,2026-12-31
950339,Benjamin Mbunga-Kimpioka,No team,Sweden,,365000,EUR,
984810,Bruno Louren\u00e7o,NK Olimpija Ljubljana,Portugal,,380000,EUR,2029-06-30
1004444,Jonathan Mutombo,Torreense,France,,380000,EUR,
1012448,Claudio Mendes,Casa Pia,Guinea-Bissau,,105000,EUR,
1066233,Miguel N\u00f3brega,Vit\u00f3ria SC,Portugal,,420000,EUR,2028-06-30
1067320,Cristian Castro,AVS - Futebol SAD,Colombia,,860000,EUR,2028-06-30
1084416,Joel Jorquera,Real Murcia,Spain,,260000,EUR,2028-06-30
1110159,Xander Severina,Sabah FK,Curacao,,620000,EUR,2028-06-30
1134514,F\u00e1bio Ronaldo,Motor Lublin,Portugal,,1900000,EUR,2027-06-30
1401840,Edson Mucuana,Caldas SC,Mozambique,,53000,EUR,2027-06-30
1459763,Felipe Lima,FC Alverca B,Brazil,,185000,EUR,2028-06-30
1528310,Tiago Leite,Felgueiras,Portugal,,220000,EUR,
1617764,Ejike Opara,Vit\u00f3ria SC B,Nigeria,,970000,EUR,2029-06-30
1864305,Alisson Souza de Jesus,CF Estrela Amadora,Brazil,,110000,EUR,2028-06-30
344199,R\u00faben Semedo,AVS - Futebol SAD,Portugal,,325000,EUR,
802149,Yann Karamoh,No team,C\u00f4te d'Ivoire,,1000000,EUR,
905406,Kevin Chamorro,Rio Ave,Costa Rica,,290000,EUR,2029-06-30
929640,David Grilo,CF Estrela Amadora,Portugal,,105000,EUR,2028-06-30
998414,Nilton Varela,K. Beerschot V.A.,Portugal,,775000,EUR,2028-06-30
1034711,Alex Pinto,SC Farense,Portugal,,375000,EUR,2027-06-30
1085569,Max Svensson,Casa Pia,Spain,,210000,EUR,2027-06-30
1117102,R\u00f4mulo,Atl\u00e9tico Mineiro,Brazil,,430000,EUR,2027-12-31
1163947,Gonzalo Cal\u00e7ada,Rayo Majadahonda,Spain,,205000,EUR,2027-06-30
1165190,Jakub Vinar\u010d\u00edk,FC Arouca,Slovakia,,275000,EUR,2028-06-30
1215905,Jo\u00e3o Veloso,Moreirense,Portugal,,1500000,EUR,2027-06-30
1410195,Gon\u00e7alo Moreira,SL Benfica B U21,Portugal,,2000000,EUR,2029-06-30
1410239,Gil Martins,Gil Vicente,Portugal,,220000,EUR,2028-06-30
1520738,Jos\u00e9 Silva,Gil Vicente,Portugal,,465000,EUR,2029-06-30
1536297,Jonat\u00e1s Noro,SC Braga B,Portugal,,1000000,EUR,2027-06-30
1799243,Hugo Nunes,Acad\u00e9mica Coimbra,Portugal,,105000,EUR,2028-06-30
1806732,Deivison Souza Brito,CD Nacional,Brazil,,180000,EUR,2030-06-30
1961096,Martim Guedes,Vit\u00f3ria SC B,Portugal,,91000,EUR,2029-06-30
50302,Miroslav Stevanovi\u0107,Servette FC,Bosnia & Herzegovina,,260000,EUR,2027-06-30
98210,Stefanos Kapino,AEL Limassol,Greece,,370000,EUR,2028-05-31
174243,Lukas G\u00f6rtler,FC St. Gallen 1879,Germany,,820000,EUR,2028-06-30
234958,Leonardo Bertone,FC Luzern,Switzerland,,390000,EUR,2028-06-30
242883,David von Ballmoos,FC Lugano,Switzerland,,550000,EUR,2029-06-30
243049,Renato Steffen,FC Lugano,Switzerland,,525000,EUR,2028-06-30
318741,Anto Grgi\u0107,FC Lugano,Switzerland,,1200000,EUR,2027-06-30
791092,Lawrence Ati Zigi,FC St. Gallen 1879,Ghana,,1600000,EUR,2027-06-30
802140,Timoth\u00e9 Cognat,Servette FC,France,,2300000,EUR,2029-06-30
825856,Kreshnik Hajrizi,FC Sion,Kosovo,,1600000,EUR,2028-06-30
850351,Ali Kabacalman,FC Sion,Switzerland,,620000,EUR,2028-06-30
857764,Anthony Racioppi,FC Sion,Switzerland,,1600000,EUR,2029-06-30
914516,Gen\u00eds Montolio,FC Thun,Spain,,775000,EUR,2027-06-30
966218,Ylyas Chouaref,FC Sion,Malta,,3800000,EUR,2028-06-30
985068,Amir Saipi,CD Castell\u00f3n,Kosovo,,1700000,EUR,2030-06-30
993127,Matteo Di Giusto,FC Luzern,Switzerland,,3900000,EUR,2028-06-30
999033,Junior Kadile,Servette FC,France,,2200000,EUR,2029-06-30
1149300,Antonio Spagnoli,FC Winterthur,Switzerland,,110000,EUR,
1974264,Agon Rexhaj,FC Wil 1900,Switzerland,,91000,EUR,2029-06-30
37752,Steven Zuber,APS Atromitos Athinon,Switzerland,,825000,EUR,2027-06-30
137127,Thomas Castella,FC Lausanne-Sport,Switzerland,,96000,EUR,2028-06-30
142208,Alexander Hack,FC Z\u00fcrich,Germany,,430000,EUR,2028-06-30
794669,Lukas Watkowiak,FC St. Gallen 1879,Germany,,320000,EUR,2027-06-30
814022,Jan Bamert,FC Thun,Switzerland,,1000000,EUR,2027-06-30
826169,Hannes Delcroix,FC Lugano,Haiti,,2100000,EUR,2028-06-30
877844,Lars Lukas Mai,FC Lugano,Germany,,2400000,EUR,2027-06-30
909982,Niklas Steffen,FC Thun,Switzerland,,2300000,EUR,2028-06-30
927386,Uran Bislimi,FC Lugano,Switzerland,,2600000,EUR,2027-06-30
935548,Ismajl Beka,Grasshopper Club Z\u00fcrich,Kosovo,,190000,EUR,2027-06-30
939661,Baltazar,FC Sion,Brazil,,2100000,EUR,2028-06-30
954621,Maksim Paskotsi,KAA Gent,Estonia,,3400000,EUR,2029-06-30
1012175,Mattia Zanotti,FC Lugano,Italy,,7400000,EUR,2028-06-30
1122385,Michael Heule,FC Thun,Switzerland,,2700000,EUR,2028-06-30
1127824,R\u00faben Dantas,FC Luzern,Switzerland,,925000,EUR,2029-06-30
1130617,Tim Spycher,FC Thun,Switzerland,,290000,EUR,2028-06-30
1143490,Silas Huber,FC Z\u00fcrich,Switzerland,,1500000,EUR,2029-06-30
1542021,Leart Kabashi,Grasshopper Club Z\u00fcrich,Switzerland,,105000,EUR,2028-06-30
104818,Pajtim Kasami,No team,Switzerland,,120000,EUR,
164171,Kevin Behrens,FC Lugano,Germany,,465000,EUR,2027-06-30
800465,Chima Okoroji,FC St. Gallen 1879,Nigeria,,1100000,EUR,2028-06-30
865517,Nishan Burkart,FC Winterthur,Switzerland,,450000,EUR,2027-06-30
865520,Kastriot Imeri,BSC Young Boys,Switzerland,,2100000,EUR,2027-06-30
869708,Jozo Stani\u0107,FC St. Gallen 1879,Croatia,,2100000,EUR,2030-06-30
888954,Antonios Papadopoulos,FC Lugano,Germany,,3400000,EUR,2027-06-30
927394,Justin Hammel,Grasshopper Club Z\u00fcrich,Switzerland,,1500000,EUR,2027-06-30
993155,Kevin Spadanuda,FC Z\u00fcrich,Switzerland,,515000,EUR,2028-06-30
1000192,Adrian Bajrami,Sporting Braga,Switzerland,,2600000,EUR,2031-06-30
1009784,Fabio Fehr,FC Thun,Switzerland,,1400000,EUR,2027-06-30
1031346,Tyron Owusu,FC Luzern,Switzerland,,1500000,EUR,2029-06-30
1036153,Nils Reichmuth,FC Thun,Chile,,945000,EUR,2028-06-30
1049523,Yanis Cimignani,FC Lugano,France,,2200000,EUR,2027-06-30
1127583,Pascal Loretz,Hannover 96,Switzerland,,1900000,EUR,2030-06-30
1130613,Nelson Palacio,Toronto FC,Colombia,,1600000,EUR,2026-12-31
1142247,Behar Neziri,FC St Gallen II U21,Kosovo,,145000,EUR,
1146545,Jonathan Asp Jensen,Deportivo de A Coru\u00f1a,Denmark,,3900000,EUR,2031-06-30
1529968,Rodolfo Lippo,FC Lausanne-Sports II U21,Finland,,165000,EUR,
2268394,Oscar Kabwit,FC Luzern,DR Congo,,2900000,EUR,2029-06-30
98197,Valon Berisha,FC Z\u00fcrich,Kosovo,,270000,EUR,
354052,Mattias K\u00e4it,FC Thun,Estonia,,1500000,EUR,2027-06-30
877297,Lukas Daschner,FC St. Gallen 1879,Germany,,1000000,EUR,2028-06-30
921160,Nias Hefti,FC Sion,Switzerland,,1500000,EUR,2027-06-30
922557,Marquinhos Cipriano,FC Sion,Brazil,,140000,EUR,2028-06-30
927739,Justin Roth,FC Thun,Switzerland,,765000,EUR,2027-06-30
960081,Matthias Pha\u00ebton,CSKA Sofia,Guadeloupe,,1500000,EUR,2027-06-30
988909,Philippe Keny,FC Z\u00fcrich,Senegal,,2300000,EUR,2028-06-30
1001201,\u0141ukasz \u0141akomy,Oud-Heverlee Leuven,Poland,,1800000,EUR,2029-06-30
1084939,Elmin Rastoder,Panathinaikos FC,North Macedonia,,4099999,EUR,2030-06-30
1112804,Daniel Dos Santos,FC Lugano,Switzerland,,2400000,EUR,2028-06-30
1173336,Selmin Hodza,FC Z\u00fcrich,Switzerland,,185000,EUR,2028-06-30
1389778,Lilian Njoh,Servette FC,France,,1600000,EUR,2027-06-30
1831492,Bung Meng Freimann,FC Luzern,Switzerland,,2300000,EUR,2029-06-30
1931506,Pantaleo Creti,Grasshopper Club Z\u00fcrich,Italy,,290000,EUR,2028-06-30
1973305,Erblin Sadikaj,FC Luzern,Switzerland,,95000,EUR,2029-06-30
2572783,Dominik Papic,Grasshopper Club Z\u00fcrich II U21,Switzerland,,140000,EUR,
94057,Numa Lavanchy,FC Sion,Switzerland,,170000,EUR,2027-06-30
137060,Ezgjan Alioski,FC Lugano,North Macedonia,,425000,EUR,2027-06-30
147699,Steve Rouiller,Servette FC,Switzerland,,160000,EUR,2028-06-30
234956,Marco B\u00fcrki,FC Thun,Switzerland,,160000,EUR,2028-06-30
276301,Benjamin Kololli,FC Sion,Kosovo,,105000,EUR,2027-06-30
308042,David Douline,Servette FC,France,,155000,EUR,2028-06-30
583606,Dirk Abels,No team,Netherlands,,485000,EUR,
789166,Christopher Ibayi,FC Thun,Congo Republic,,775000,EUR,2027-06-30
865510,Jan Kronig,FC Sion,Switzerland,,1500000,EUR,2030-06-30
910080,Randy Schneider,FC Andorra,Philippines,,380000,EUR,2028-06-30
994053,Donat Rrudhani,FC Sion,Kosovo,,1300000,EUR,2029-06-30
1010087,Anthony Baron,Yverdon-Sport FC,Guadeloupe,,120000,EUR,2028-06-30
1067063,Claudio Cassano,FC Lugano,Italy,,415000,EUR,2026-12-31
1105053,Andrin Hunziker,FC St. Gallen 1879,Switzerland,,1300000,EUR,2030-06-30
1117324,Taisei Abe,Holstein Kiel,Japan,,2400000,EUR,2027-06-30
1136227,Tom Gaal,FC St. Gallen 1879,Germany,,1900000,EUR,2027-06-30
1176134,Liam Scott Chipperfield,FC Sion,Switzerland,,850000,EUR,2027-06-30
1408406,Alessandro Vogt,TSG Hoffenheim,Switzerland,,7600000,EUR,2031-06-30
1417059,Loun Srdanovic,Lille,Switzerland,,1300000,EUR,2030-06-30
1819079,Franz-Ethan Meichtry,Genoa,Switzerland,,5500000,EUR,2030-06-30
37803,Luca Zuffi,FC Winterthur,Switzerland,,93000,EUR,2027-06-30
115569,No\u00eb Dussenne,Oud-Heverlee Leuven,Belgium,,310000,EUR,2028-06-30
254725,Jordi Quintill\u00e0,Nea Salamina Famagusta,Spain,,145000,EUR,2027-05-31
354576,Samuel Mr\u00e1z,Servette FC,Slovakia,,1100000,EUR,2027-06-30
358746,Anton Miranchuk,Dynamo Moscow,Russia,,1900000,EUR,2027-06-30
769277,J\u00e9r\u00e9my Guillemenot,Wis\u0142a Krak\u00f3w,Switzerland,,375000,EUR,2028-06-30
801280,Florian Ay\u00e9,Servette FC,France,,1900000,EUR,2028-06-30
892104,Hicham Mahou,No team,France,,950000,EUR,
929622,Christian Witzig,FC St. Gallen 1879,Switzerland,,2800000,EUR,2029-06-30
939623,Carlo Boukhalfa,FC St. Gallen 1879,Germany,,3600000,EUR,2029-06-30
988250,Hugo Vandermersch,FC St. Gallen 1879,France,,1300000,EUR,2028-06-30
1092662,Franck Surdez,FC Sion,Switzerland,,930000,EUR,2030-06-30
1103547,Emmanuel Essiam,FC Winterthur,Ghana,,215000,EUR,2027-06-30
1127203,Simone Stroscio,Grasshopper Club Z\u00fcrich,Switzerland,,1100000,EUR,2027-06-30
1171456,Lucien D\u00e4hler,FC Thun,Switzerland,,515000,EUR,2028-06-30
1183576,Theo Golliard,FC Winterthur,Switzerland,,485000,EUR,2028-06-30
1417045,Demir Xhemalija,FC Luzern,Switzerland,,180000,EUR,2027-06-30
1991605,Mio Zimmermann,FC Luzern,Switzerland,,180000,EUR,2028-06-30
2524680,Denis Sahin,Grasshopper Club Z\u00fcrich II U21,Switzerland,,220000,EUR,
286033,Andrejs Ciga\u0146iks,FC Luzern,Latvia,,325000,EUR,2027-06-30
793469,Pius Dorn,FC Luzern,Germany,,730000,EUR,2029-06-30
822562,Dominik Franke,FK \u017dalgiris,Germany,,215000,EUR,2028-12-31
842160,Stefan Kne\u017eevi\u0107,FC Luzern,Switzerland,,410000,EUR,2029-06-30
845271,Dylan Bronn,Servette FC,Tunisia,,560000,EUR,2027-06-30
865650,Rilind Nivokazi,FC Sion,Kosovo,,2400000,EUR,2028-06-30
909987,Alexandre Jankewitz,FC Winterthur,Switzerland,,720000,EUR,2027-06-30
930028,Lindrit Kamberi,FC Z\u00fcrich,Switzerland,,620000,EUR,2028-06-30
964845,\u00d3scar Clemente,Grasshopper Club Z\u00fcrich,Spain,,320000,EUR,2027-06-30
1002357,Aliou Balde,FC St. Gallen 1879,Guinea,,1700000,EUR,2029-06-30
1120914,Lovro Zvonarek,CF Estrela Amadora,Croatia,,1700000,EUR,2029-06-30
1133522,No\u00e9 Sow,FC Sion,France,,380000,EUR,2028-06-30
1137658,Enoch Owusu,FC St. Gallen 1879,Italy,,270000,EUR,2027-06-30
1158308,Miguel Reichmuth,FC Z\u00fcrich,Switzerland,,470000,EUR,2030-06-30
1171540,Julien Duranville,Olympique Lyonnais,Belgium,,6500000,EUR,2031-06-30
1214223,Mouhamed El Ngom,KAA Gent,Senegal,,775000,EUR,2031-06-30
1417029,Cheveyo Tsawa,Club Brugge KV,Switzerland,,5800000,EUR,2030-06-30
1485011,Lars Villiger,FC Luzern,Switzerland,,1200000,EUR,2028-06-30
1539103,Tim Meyer,Grasshopper Club Z\u00fcrich,Switzerland,,1100000,EUR,2028-06-30
37353,Joel Mall,BSC Young Boys,Cyprus,,145000,EUR,
282095,Adrian Grbi\u0107,FC Luzern,Austria,,580000,EUR,2027-06-30
557878,Albert Vallci,SK Sturm Graz,Austria,,775000,EUR,2027-06-30
822878,Lamine Fomba,Servette FC,France,,1000000,EUR,2028-06-30
840392,Bradley Mazikou,Servette FC,Congo Republic,,760000,EUR,2028-06-30
844481,Yoan Severin,Servette FC,France,,580000,EUR,2028-06-30
886534,Ablie Jallow,Servette FC,Gambia,,380000,EUR,2028-06-30
910073,Ilan Sauter,FC Z\u00fcrich,Switzerland,,480000,EUR,2030-06-30
940918,Be\u0107ir Omeragi\u0107,Basel,Switzerland,,2600000,EUR,2029-06-30
999237,Georgios Koutsias,FC Lugano,Greece,,1800000,EUR,2028-06-30
1008597,Mohamed Belhadj Mahmoud,Esp\u00e9rance Sportive De Tunis,Tunisia,,2100000,EUR,2029-06-30
1014357,Ashvin Balaruban,FC Thun,Switzerland,,120000,EUR,2027-06-30
1082694,Luke Plange,Grasshopper Club Z\u00fcrich,England,,1100000,EUR,2028-06-30
1197167,Ryan Kessler,FC Sion,Switzerland,,280000,EUR,2029-06-30
1424931,Valmir Matoshi,FC Thun,Kosovo,,1600000,EUR,2027-06-30
1470464,Corsin Konietzke,FC St. Gallen 1879,Switzerland,,1400000,EUR,2030-06-30
1542032,Andrej Vasovic,Club Brugge KV,Switzerland,,1600000,EUR,2030-06-30
1587220,Matteo Mantini,Grasshopper Club Z\u00fcrich,Italy,,325000,EUR,2028-06-30
2077294,Sandro Wyss,FC Luzern,Switzerland,,480000,EUR,2028-06-30
37805,Amir Abrashi,Grasshopper Club Z\u00fcrich,Albania,,105000,EUR,2027-06-30
77678,Milan Rodi\u0107,OFK Beograd Mozzart Bet,Serbia,,160000,EUR,2026-12-31
813881,Chris Kablan,FC Z\u00fcrich,Switzerland,,210000,EUR,2027-06-30
844690,Vasilije Janji\u010di\u0107,No team,Switzerland,,265000,EUR,
897290,Sinan Karweina,SV Wehen Wiesbaden,Germany,,320000,EUR,2029-06-30
910077,Bledian Krasniqi,FC Z\u00fcrich,Kosovo,,1100000,EUR,2027-06-30
1005763,St\u00e9phane Cueni,FC Winterthur,Cape Verde,,310000,EUR,2028-06-30
1018588,Ahmed Kendouci,FC Lugano,Algeria,,755000,EUR,2028-06-30
1091323,Carmine Chiappetta,Schaffhausen,Switzerland,,120000,EUR,
1133254,Noah Rupp,FC Wil 1900,Switzerland,,485000,EUR,
1136642,Livano Comenencia,FC Z\u00fcrich,Curacao,,480000,EUR,2029-06-30
1142189,Elias Maluvunu,FC Winterthur,Switzerland,,260000,EUR,
1149221,Furkan Dursun,FC Thun,Austria,,470000,EUR,2029-06-30
1155428,Ledjan Sahitaj,FC Winterthur II U21,Kosovo,,52000,EUR,
1197018,Levin Winkler,FC Luzern,Switzerland,,485000,EUR,2029-06-30
1391384,Teo Allix,Servette II U21,France,,110000,EUR,
1407546,Damian Kelvin,FC Lugano,Switzerland,,860000,EUR,2028-06-30
1510504,Dircssi Ngonzo,FC Lausanne-Sport,Switzerland,,375000,EUR,2027-06-30
1612734,Sascha Meyer,FC Luzern,Switzerland,,140000,EUR,2029-06-30
2239194,Lucas Silva,FC Luzern,Portugal,,2400000,EUR,2028-06-30
179543,Roman Buess,FC Winterthur,Switzerland,,97000,EUR,2027-06-30
837020,Giotto Morandi,Servette FC,Switzerland,,380000,EUR,2028-06-30
910075,Julian Von Moos,Servette FC,Switzerland,,645000,EUR,2027-06-30
966658,Benjamin Kabeya,BSC Young Boys,Switzerland,,97000,EUR,
979103,Layton Stewart,FC Thun,England,,195000,EUR,2028-06-30
1006837,Josias Lukembila,FC Sion,Switzerland,,620000,EUR,2029-06-30
1047733,Mihailo Stevanovi\u0107,FC St. Gallen 1879,Serbia,,775000,EUR,2029-06-30
1065145,Shkelqim Vladi,FC Aarau,Kosovo,,730000,EUR,2029-06-30
1109112,Young-Jun Lee,Grasshopper Club Z\u00fcrich,South Korea,,430000,EUR,2028-06-30
1127297,Damienus Reverson,FC Z\u00fcrich,Netherlands,,855000,EUR,2030-06-30
1194332,Ayman El Wafi,Wydad Casablanca,Morocco,,2100000,EUR,2030-06-30
1214772,Hassane Imourane,Grasshopper Club Z\u00fcrich,Benin,,840000,EUR,2028-06-30
1418246,Umeh Emmanuel,FC Z\u00fcrich,Nigeria,,1200000,EUR,2029-06-30
1459394,Theo Bouchlarhem,FC Stade-Lausanne-Ouchy,France,,280000,EUR,
1495869,Winsley Boteli Mokango,FC Sion,Switzerland,,5400000,EUR,2030-06-30
1963439,David Vujevi\u0107,FC Z\u00fcrich,Croatia,,1200000,EUR,2030-06-30
1973301,Adrien Llukes,FC Sion,Switzerland,,535000,EUR,2028-06-30
1990896,Din Ramic,FC Z\u00fcrich II U21,Bosnia & Herzegovina,,105000,EUR,2028-06-30
2027616,Jamie Atangana,FC Stade-Lausanne-Ouchy,Switzerland,,530000,EUR,2027-06-30
2113579,Luka Mikulic,Grasshopper Club Z\u00fcrich,Bosnia & Herzegovina,,720000,EUR,2030-06-30
347456,Ousmane Doumbia,Yverdon-Sport FC,C\u00f4te d'Ivoire,,155000,EUR,2027-06-30
355648,Remo Arnold,FC Winterthur,Switzerland,,410000,EUR,2029-06-30
576078,Maximilian Ullmann,Grasshopper Club Z\u00fcrich,Austria,,320000,EUR,2027-06-30
838388,Jorge Segura,FC Z\u00fcrich,Colombia,,210000,EUR,2028-06-30
845356,Silvan Sidler,No team,Switzerland,,285000,EUR,
857760,Zachary Brault Guillard,No team,Canada,,290000,EUR,
868208,Bafode Dansoko,No team,Guinea,,290000,EUR,
982317,Lamine Diack,Nantes,Senegal,,310000,EUR,2027-06-30
1007839,Lisandru Tramoni,FC Rouen,France,,410000,EUR,
1083236,Salifou Diarrassouba,FC Rapperswil-Jona,C\u00f4te d'Ivoire,,245000,EUR,2027-06-30
1127584,Severin Ottiger,FC Winterthur,Switzerland,,410000,EUR,2028-06-30
1142560,Martim Marques,FC Lugano,Portugal,,4300000,EUR,2027-06-30
1152947,Stefan Bukinac,BSC Young Boys,Serbia,,3700000,EUR,2030-06-30
1409813,Tiemoko Ouattara,Servette FC,Switzerland,,620000,EUR,2029-06-30
1424780,Pirosch Fischer,FC Wil 1900,Switzerland,,105000,EUR,
1441645,Samuel Marques,Grasshopper Club Z\u00fcrich II U21,Switzerland,,91000,EUR,
1542024,Neil Volken,FC Z\u00fcrich,Switzerland,,290000,EUR,2030-06-30
1650143,Diego Besio,TSV 1860 M\u00fcnchen,Switzerland,,825000,EUR,2030-06-30
70143,Mattia Bottani,No team,Switzerland,,105000,EUR,
359244,Souleymane Diaby,FC Winterthur,C\u00f4te d'Ivoire,,315000,EUR,2027-06-30
1100975,Th\u00e9o Berdayes,FC Sion,Switzerland,,1100000,EUR,2030-06-30
1113453,Nikolas Muci,Grasshopper Club Z\u00fcrich,Switzerland,,990000,EUR,2027-06-30
1143141,Brian Beyer,FC Winterthur,France,,325000,EUR,2027-06-30
1149328,Nevio Di Giusto,FC Z\u00fcrich,Switzerland,,530000,EUR,2029-06-30
1197168,Samuel Krasniqi,Grasshopper Club Z\u00fcrich II U21,Switzerland,,110000,EUR,
1214249,Finn van Breemen,Famalic\u00e3o,Netherlands,,970000,EUR,2030-06-30
1385508,Malamine Efekele,FC St. Gallen 1879,France,,450000,EUR,2027-06-30
1503377,Lo\u00efc L\u00fcthi,FC Luzern,Switzerland,,580000,EUR,2029-06-30
1504959,Ilija Maslarov,FC Rapperswil-Jona,North Macedonia,,235000,EUR,2027-06-30
1562128,Evann Senaya,Basel,France,,105000,EUR,2028-06-30
1595209,Leandro Maksutaj,FC Winterthur,Kosovo,,210000,EUR,
1636495,Tobias Okafor,FC Winterthur II U21,Switzerland,,27000,EUR,
1900090,Mohamed Bangoura,FC Z\u00fcrich,Guinea,,310000,EUR,2027-06-30
1926089,Giacomo Koloto,Basel,Switzerland,,2700000,EUR,2030-06-30
1973310,Jill Stiel,FC Z\u00fcrich,Switzerland,,140000,EUR,2028-06-30
2368357,Malek Ishuayed,SC Kriens,Spain,,485000,EUR,2027-06-30
2418019,Andrew Lachhab,FC Lausanne-Sports II U21,Switzerland,,105000,EUR,
244345,Basil Stillhart,No team,Switzerland,,90000,EUR,
537854,Marvin Martins,FK Liepaja,Luxembourg,,260000,EUR,2026-11-15
561124,Ga\u00ebl Ondoua,No team,Cameroon,,245000,EUR,
798826,Mirlind Kryeziu,No team,Kosovo,,285000,EUR,
814024,Dario Ulrich,No team,Switzerland,,205000,EUR,
833067,Lukas M\u00fchl,No team,Germany,,195000,EUR,
873896,Fabian Rohner,FC Winterthur,Switzerland,,270000,EUR,2027-06-30
886289,Brighton Labeau,FC Thun,Martinique,,470000,EUR,2027-06-30
906042,Abdoulaye Diaby,Grasshopper Club Z\u00fcrich,Mali,,680000,EUR,2027-06-30
927734,Allan Arigoni,Grasshopper Club Z\u00fcrich,Switzerland,,185000,EUR,2027-06-30
945145,Juan Jos\u00e9 Perea,FC Z\u00fcrich,Colombia,,760000,EUR,2028-06-30
988905,Betim Fazliji,FC St. Gallen 1879,Kosovo,,185000,EUR,2027-06-30
999854,Francis Momoh,FC Winterthur,Nigeria,,185000,EUR,2027-06-30
1104096,Adrian Durrer,No team,Switzerland,,245000,EUR,
1148623,Th\u00e9o Magnin,Red Star FC,Switzerland,,875000,EUR,
1158197,Dinis Rodrigues,FC Sion,Portugal,,185000,EUR,2028-06-30
1408521,Marc Gutbub,FC Thun,Switzerland,,240000,EUR,2028-06-30
1597198,Sekou Kone,Manchester United U21,Mali,,440000,EUR,
1799477,Elias Pihlstr\u00f6m,FC Lugano,Sweden,,625000,EUR,2030-06-30
2144329,Cyrill May,FC St. Gallen 1879,Switzerland,,3600000,EUR,2030-06-30
94056,Jeremy Frick,Servette FC,Switzerland,,120000,EUR,2027-06-30
122010,Saulo Decarli,Grasshopper Club Z\u00fcrich,Switzerland,,105000,EUR,2027-06-30
971175,Tomas Veron Lupi,Nacional,Argentina,,875000,EUR,2026-12-31
1148604,Mauricio Willimann,SC Kriens,Mexico,,95000,EUR,2027-06-30
1150094,Junior Ligue,Venezia,Switzerland,,2700000,EUR,2028-06-30
1152439,Nicolas Glaus,No team,Switzerland,,185000,EUR,
1163070,Daniel Ihendu,FC Z\u00fcrich,Germany,,195000,EUR,2029-06-30
1397357,Dorian Paloschi,Grasshopper Club Z\u00fcrich,Italy,,625000,EUR,2028-06-30
1536628,Tibault Citherlet,FC Winterthur,Switzerland,,410000,EUR,2027-06-30
1540233,Sebastian Walker,FC Z\u00fcrich,Switzerland,,430000,EUR,2028-06-30
1542043,Gian Stork,FC Z\u00fcrich II U21,Switzerland,,195000,EUR,2027-06-30
1640597,Carbone,FC Lugano,Brazil,,310000,EUR,2029-06-30
1885211,Vincent Nvendo,Neuch\u00e2tel Xamax,Switzerland,,160000,EUR,
1912471,Alexandre Parsemain,Moreirense,Martinique,,380000,EUR,2030-06-30
1926084,Olivier Mambwa,BSC Young Boys,Switzerland,,1100000,EUR,2028-06-30
1963441,Damien Osborne Odera,FK Otrant-Olympic,Kenya,,135000,EUR,2030-06-30
2128128,Aaron Tchamda,FC Z\u00fcrich II U21,Switzerland,,140000,EUR,2029-06-30
2399227,Miguel Mardochee,Stade Nyonnais,Switzerland,,240000,EUR,2027-06-30
190339,Vyacheslav Karavaev,Zenit St. Petersburg,Russia,,2200000,EUR,2028-06-30
845347,Ivan Oblyakov,CSKA Moscow,Russia,,10300000,EUR,2030-06-30
848473,Ezequiel Barco,FC Spartak Moscow,Argentina,,16700000,EUR,2027-06-30
870788,Nino,Zenit St. Petersburg,Brazil,,9500000,EUR,2028-06-30
892212,Willyan Rocha,Al-Jazira,Brazil,,5200000,EUR,2027-06-30
939492,Eduard Spertsyan,FC Krasnodar,Armenia,,26000000,EUR,2029-06-30
1106839,Bitello,Dynamo Moscow,Brazil,,14600000,EUR,2031-06-30
1195760,Isaiah Okafor,FC Wil 1900,Switzerland,,69000,EUR,2028-06-30
1394703,Antonio Verinac,FC St. Gallen 1879,Croatia,,190000,EUR,2030-06-30
1415147,Aleksey Batrakov,Lokomotiv Moscow,Russia,,29000000,EUR,2029-06-30
1432296,Matvey Kislyak,CSKA Moscow,Russia,,26000000,EUR,2029-06-30
1490938,Marvin Akahomen,SC Kriens,Switzerland,,680000,EUR,2027-06-30
1548920,Gjan Ajdin,FC Lugano,Sweden,,93000,EUR,2030-06-30
2052671,Imran Firov,CSKA Moscow U20,Russia,,485000,EUR,2029-06-30
2162672,Ibrahim Bah Mendes,FC Lausanne-Sports II U21,Switzerland,,190000,EUR,
156225,Vitali Gudiev,Akron Togliatti,Russia,,750000,EUR,2028-06-30
243583,Douglas Santos,Zenit St. Petersburg,Brazil,,7000000,EUR,2027-06-30
281253,Jhon C\u00f3rdoba,FC Krasnodar,Colombia,,9500000,EUR,2027-06-30
309652,W\u00edlmar Barrios,Zenit St. Petersburg,Colombia,,5400000,EUR,2027-06-30
333595,Lucas Olaza,FC Krasnodar,Uruguay,,3300000,EUR,2027-06-30
809034,Augusto Douglas,FC Krasnodar,Brazil,,6800000,EUR,2028-06-30
818406,C\u00e9sar Montes,Lokomotiv Moscow,Mexico,,7800000,EUR,2029-06-30
832255,Maksim Osipenko,Dynamo Moscow,Russia,,3200000,EUR,2028-06-30
842609,Nazmi Gripshi,Rubin Kazan,Albania,,2400000,EUR,2029-06-30
868630,Igor Diveev,Zenit St. Petersburg,Russia,,11000000,EUR,2029-06-30
872368,Wendel,Zenit St. Petersburg,Brazil,,15800000,EUR,2029-06-30
891714,Maksim Borisko,Baltika Kaliningrad,Russia,,1900000,EUR,2028-06-10
892426,V\u00edtor Tormena,FC Krasnodar,Brazil,,7700000,EUR,2029-06-30
921347,Maksim Glushenkov,Zenit St. Petersburg,Russia,,15800000,EUR,2028-06-30
995293,Diego Costa,FC Krasnodar,Brazil,,11400000,EUR,2029-06-30
1015289,Nicol\u00e1s Marichal,Dynamo Moscow,Uruguay,,5700000,EUR,2029-06-30
1152496,Vadim Rakov,Lokomotiv Moscow,Russia,,2900000,EUR,2030-06-30
1157157,Artem Karpukas,Lokomotiv Moscow,Russia,,7300000,EUR,2027-06-30
1218042,Alex Opoku Sarfo,Aris Limassol,Ghana,,1100000,EUR,2028-05-31
1512516,Nikita Karabashev,Dinamo Makhachkala,Russia,,310000,EUR,2027-06-30
19367,Artem Dzyuba,No team,Russia,,970000,EUR,
307464,Ismael Silva,Akhmat Grozny,Brazil,,750000,EUR,2027-06-30
318961,Dmitriy Barinov,CSKA Moscow,Russia,,7200000,EUR,2029-06-30
329195,Jubal,FC Krasnodar,Brazil,,1600000,EUR,2027-06-30
788155,Aleksandr Filin,Baltika Kaliningrad,Russia,,1200000,EUR,2028-06-30
800496,Denis Adamov,Zenit St. Petersburg,Russia,,3600000,EUR,2027-06-30
821475,Danil Krugovoy,CSKA Moscow,Russia,,4900000,EUR,2028-06-30
842947,Mingiyan Beveev,Baltika Kaliningrad,Russia,,1900000,EUR,2028-06-10
879506,Danyl Prutsev,FC Spartak Moscow,Russia,,5800000,EUR,2028-06-30
939507,Nail Umyarov,FC Spartak Moscow,Russia,,7200000,EUR,2029-06-30
952410,Aleksey Mironov,FC Rostov,Russia,,1600000,EUR,2030-06-30
992635,Vladislav Torop,CSKA Moscow,Russia,,1400000,EUR,2030-06-30
1018450,Pablo Solari,FC Spartak Moscow,Argentina,,8600000,EUR,2029-06-30
1035995,Luiz Henrique,Zenit St. Petersburg,Brazil,,25000000,EUR,2028-12-31
1066790,Gustavo Mantuan,Zenit St. Petersburg,Brazil,,4600000,EUR,2030-06-30
1104947,Nikita Krivtsov,FC Krasnodar,Russia,,7200000,EUR,2029-06-30
1119507,Jordhy Thompson,Orenburg,Chile,,1400000,EUR,2027-06-30
1157005,Matvey Lukin,CSKA Moscow,Russia,,3700000,EUR,2029-06-01
43155,Sergey Pesyakov,Krylya Sovetov Samara,Russia,,195000,EUR,2027-06-30
243091,Dmitriy Kabutov,Rubin Kazan,Russia,,415000,EUR,2027-06-30
280641,Anton Mitryushkin,Lokomotiv Moscow,Russia,,3400000,EUR,2030-06-30
338455,Maksim Rudakov,Orenburg,Russia,,240000,EUR,2027-06-30
605934,Sven Kari\u010d,Pari Nizhny Novgorod,Slovenia,,1200000,EUR,2027-06-30
822804,Konstantin Kuchaev,FC Rostov,Russia,,1900000,EUR,2029-06-30
827482,Mutalip Alibekov,Dinamo Makhachkala,Russia,,635000,EUR,2027-06-30
919378,Ruslan Litvinov,FC Spartak Moscow,Russia,,5600000,EUR,2029-06-30
954075,Kirill Shchetinin,Akhmat Grozny,Russia,,3000000,EUR,2030-06-30
978175,Bogdan Ovsyannikov,Orenburg,Russia,,810000,EUR,2028-06-09
982998,Jo\u00e3o Victor,CSKA Moscow,Brazil,,2700000,EUR,2029-06-30
983232,Kevin Andrade,Zenit St. Petersburg,Colombia,,3600000,EUR,2031-06-30
989801,Juan C\u00e1ceres,Dynamo Moscow,Paraguay,,4500000,EUR,2029-12-31
1100654,Emircan G\u00fcrl\u00fck,\u00c7orum FK,T\u00fcrkiye,,1200000,EUR,2028-06-30
1109356,Rom\u00e1n Vega,Zenit St. Petersburg,Argentina,,3600000,EUR,2030-06-30
1122975,Marat Bokoev,Akron Togliatti,Russia,,1000000,EUR,2029-06-30
1127149,Viktor Melekhin,FC Rostov,Russia,,3100000,EUR,2027-06-30
1167069,Jhon Jhon,Zenit St. Petersburg,Brazil,,15500000,EUR,2031-06-30
1199285,Pedro,Zenit St. Petersburg,Brazil,,18300000,EUR,2030-06-30
2067016,Kirill Danilov,CSKA Moscow,Russia,,2400000,EUR,2029-12-31
280469,Eldar \u0106ivi\u0107,Baltika Kaliningrad,Bosnia & Herzegovina,,705000,EUR,2028-06-30
590404,Giovanni Gonz\u00e1lez,River Plate,Uruguay,,2200000,EUR,2027-12-31
834920,Evgeniy Staver,Rubin Kazan,Russia,,2600000,EUR,2027-06-30
855645,Ivan Oleynikov,Krylya Sovetov Samara,Russia,,1800000,EUR,2027-06-30
878909,Fernando Costanza,Krylya Sovetov Samara,Brazil,,2400000,EUR,2028-06-30
906838,Kevin Pina,FC Krasnodar,Cape Verde,,4900000,EUR,2027-06-30
908617,Vanja Drku\u0161i\u0107,Zenit St. Petersburg,Slovenia,,5500000,EUR,2029-06-30
984890,Stanislav Agkatsev,FC Krasnodar,Russia,,12900000,EUR,2029-06-30
989605,Konstantin Tyukavin,Dynamo Moscow,Russia,,15900000,EUR,2030-06-30
996969,Ilya Vakhaniya,FC Krasnodar,Russia,,2900000,EUR,2030-06-30
1001695,Maksim Samorodov,Akhmat Grozny,Kazakhstan,,2900000,EUR,2028-06-30
1102947,Houssem Eddine Mrezigue,Dinamo Makhachkala,Algeria,,1100000,EUR,2027-06-30
1117103,Ronaldo,FC Rostov,Brazil,,3200000,EUR,2028-06-30
1126249,Mohamed Azzi,Dinamo Makhachkala,Algeria,,1100000,EUR,2027-06-30
1126401,Konstantin Nizhegorodov,Rubin Kazan,Russia,,730000,EUR,2029-06-30
1142193,Vladislav Saus,FC Spartak Moscow,Russia,,2100000,EUR,2030-06-30
1152508,Nikita Lobov,Rubin Kazan,Russia,,1000000,EUR,2029-06-30
1157193,David Semenchuk,FC Rostov,Russia,,845000,EUR,2028-06-30
1191258,Nathan Gassama,Baltika Kaliningrad,Mali,,1600000,EUR,2028-06-30
1591134,Dmitriy Pestryakov,Akron Togliatti,Russia,,3200000,EUR,2029-06-30
13274,Igor Akinfeev,CSKA Moscow,Russia,,970000,EUR,2027-06-30
81168,Sergey Petrov,FC Krasnodar,Russia,,270000,EUR,2027-06-30
347028,Nader Ghandri,Swehly SC,Tunisia,,870000,EUR,
348422,Nikita Medvedev,Pari Nizhny Novgorod,Russia,,730000,EUR,2027-06-30
800504,Dmitry Vorobyev,FC Krasnodar,Russia,,5800000,EUR,2030-06-30
801494,Dmitry Ivanisenya,Tekstilshchik Ivanovo,Ukraine,,325000,EUR,2027-06-30
873720,Juan Boselli,FC Krasnodar,Uruguay,,1600000,EUR,2028-06-30
875697,Rustam Yatimov,FC Rostov,Tajikistan,,2100000,EUR,2029-06-30
889593,Amine Talal,FC Tobol,Morocco,,310000,EUR,2026-12-31
892708,Chinedu Geoffrey,Krylya Sovetov Samara,Nigeria,,935000,EUR,2027-12-31
919370,Maksim Petrov,Baltika Kaliningrad,Russia,,2600000,EUR,2030-06-30
923985,Aleksandr Silyanov,Lokomotiv Moscow,Russia,,7800000,EUR,2029-06-30
1014728,El Mehdi Moubarik,Levski Sofia,Morocco,,825000,EUR,2029-06-30
1017449,Ousmane N\u2019Dong,Akhmat Grozny,Senegal,,1100000,EUR,2028-06-30
1093196,Rubens,Dynamo Moscow,Brazil,,7700000,EUR,2030-06-30
1117952,Emil Tsenov,Orenburg,Bulgaria,,755000,EUR,2029-06-30
1131245,Egas Cacintura,Akhmat Grozny,Angola,,2400000,EUR,2028-06-30
1186587,David Ricardo,Dynamo Moscow,Brazil,,6200000,EUR,2030-06-30
1188545,Valentin Paltsev,FC Krasnodar,Russia,,2800000,EUR,2030-06-30
1836780,Matheus Alves,CSKA Moscow,Brazil,,6400000,EUR,2030-06-30
138452,Roman Zobnin,FC Spartak Moscow,Russia,,2100000,EUR,2027-06-30
226478,Ilya Petrov,Baltika Kaliningrad,Russia,,1300000,EUR,2027-06-30
322483,Sergey Bozhin,Krylya Sovetov Samara,Russia,,750000,EUR,2027-06-30
798386,Dmitry Chistyakov,FC Rostov,Russia,,700000,EUR,2027-06-30
800750,Aleksey Tataev,Orenburg,Russia,,645000,EUR,2028-06-15
801066,Fahd Moufi,Baltika Kaliningrad,Morocco,,945000,EUR,2028-06-30
822524,Arthur Gomes,Dynamo Moscow,Brazil,,3100000,EUR,2029-06-30
887323,Nuraly Alip,Zenit St. Petersburg,Kazakhstan,,2100000,EUR,2028-06-30
919364,Danila Prokhin,FC Rostov,Russia,,1000000,EUR,2027-06-30
921345,Yury Gorshkov,Zenit St. Petersburg,Russia,,1400000,EUR,2027-06-30
966520,Lechii Sadulaev,Akhmat Grozny,Russia,,3200000,EUR,2028-06-30
986124,David Volk,Dinamo Makhachkala,Russia,,875000,EUR,2027-06-30
986778,Roberto Fern\u00e1ndez,Akron Togliatti,Bolivia,,1600000,EUR,2028-06-30
1009926,Lucas Fasson,Lokomotiv Moscow,Brazil,,5200000,EUR,2030-06-30
1128407,Egor Teslenko,Rubin Kazan,Russia,,3000000,EUR,2029-06-30
1144349,Vadim Ulyanov,Akhmat Grozny,Russia,,825000,EUR,2028-06-30
1392061,Idar Shumakhov,Dinamo Makhachkala,Russia,,950000,EUR,2027-06-30
1396296,Maksim Boldyrev,Akron Togliatti,Russia,,1200000,EUR,2030-06-30
1475112,Kirill Glebov,CSKA Moscow,Russia,,10900000,EUR,2028-06-30
1512473,Aleksandr Degtev,FC Sochi,Russia,,825000,EUR,2028-06-30
112416,Giorgi Shelia,Akhmat Grozny,Russia,,145000,EUR,
187337,Igor Vuja\u010di\u0107,Rubin Kazan,Montenegro,,2500000,EUR,2029-06-30
800497,Daniil Fomin,Dynamo Moscow,Russia,,6900000,EUR,2029-06-30
822001,Denil Maldonado,Rubin Kazan,Honduras,,2200000,EUR,2029-06-30
840158,Mois\u00e9s,CSKA Moscow,Brazil,,3800000,EUR,2029-06-30
856582,Khetag Khosonov,Akron Togliatti,Russia,,970000,EUR,2028-06-30
939497,Maksim Vityugov,Krylya Sovetov Samara,Russia,,1100000,EUR,2027-06-30
942162,Aleksandr Chernikov,FC Krasnodar,Russia,,7600000,EUR,2029-06-30
976243,Nikolay Titkov,Baltika Kaliningrad,Russia,,1200000,EUR,2028-06-30
1000414,Vladislav Shitov,Krylya Sovetov Samara,Russia,,580000,EUR,2029-06-30
1007963,Zelimkhan Bakaev,Lokomotiv Moscow,Russia,,2700000,EUR,2029-06-30
1065361,Brayan Gil,Baltika Kaliningrad,El Salvador,,3200000,EUR,2029-05-31
1138131,Luka Ti\u010di\u0107,Pari Nizhny Novgorod,Slovenia,,825000,EUR,2027-06-30
1138499,Artem Kasimov,Orenburg,Russia,,675000,EUR,2028-06-15
1156540,Dmitriy Vasiljev,Zenit St. Petersburg,Russia,,950000,EUR,2028-06-30
1157345,Sergey Varatynov,Baltika Kaliningrad,Russia,,1900000,EUR,2027-06-30
1390062,Timur Magomedov,Dinamo Makhachkala,Russia,,660000,EUR,2027-06-30
1464131,Manuel Keliano,Akhmat Grozny,Angola,,730000,EUR,2029-06-30
1464885,Mohammadjavad Hosseinnejad,Dinamo Makhachkala,Iran,,1600000,EUR,2027-06-30
2072998,Kevin Arevalo,Akron Togliatti,Uruguay,,530000,EUR,2030-06-30
120787,Andrey Lunev,Dynamo Moscow,Russia,,840000,EUR,2027-06-30
370150,Miroslav Bogosavac,Akhmat Grozny,Serbia,,1300000,EUR,2027-06-30
791651,Ilzat Akhmetov,No team,Russia,,1400000,EUR,
798525,Yury Dyupin,No team,Russia,,210000,EUR,
799634,Victor S\u00e1,S\u00e3o Paulo,Brazil,,2600000,EUR,2029-12-31
822442,Ignacio Saavedra,Rubin Kazan,Chile,,2600000,EUR,2029-06-30
843109,Andrey Mostovoy,Zenit St. Petersburg,Russia,,3600000,EUR,2027-06-30
846154,Nicolas Moumie Ngamaleu,No team,Cameroon,,2700000,EUR,
861135,Aleksandr Sobolev,Zenit St. Petersburg,Russia,,7200000,EUR,2027-06-30
883953,Kirill Pechenin,Krylya Sovetov Samara,Belarus,,1300000,EUR,2029-06-30
885194,Marquinhos,FC Spartak Moscow,Brazil,,6500000,EUR,2029-06-30
928168,Danil Glebov,Dynamo Moscow,Russia,,7200000,EUR,2030-12-31
988241,Jo\u00e3o Batxi,FC Krasnodar,Angola,,7200000,EUR,2029-06-30
1004394,Evgeniy Morozov,Lokomotiv Moscow,Russia,,3800000,EUR,2029-06-30
1047375,Sergey Pinyaev,Lokomotiv Moscow,Russia,,8199999,EUR,2028-06-30
1128129,Du Queiroz,Zenit St. Petersburg,Brazil,,1400000,EUR,2028-06-30
1147349,Eduardo Anderson,Baltika Kaliningrad,Panama,,450000,EUR,2030-06-30
1509269,Igor Dmitriev,FC Spartak Moscow,Russia,,3200000,EUR,2030-06-30
1601756,Ivan Belikov,Baltika Kaliningrad,Russia,,875000,EUR,2029-06-30
1807899,Henrique Carmo,CSKA Moscow,Brazil,,3800000,EUR,2030-06-30
155704,Lucas Vera,Lokomotiv Moscow,Argentina,,2300000,EUR,2028-06-30
280645,Nikita Chernov,Krylya Sovetov Samara,Russia,,1600000,EUR,2029-06-30
757770,Luis Ch\u00e1vez,Dynamo Moscow,Mexico,,5800000,EUR,2027-06-30
798531,Nikolay Kalinskiy,Pari Nizhny Novgorod,Russia,,380000,EUR,2027-05-31
800905,Aleksandr Maksimenko,FC Spartak Moscow,Russia,,3900000,EUR,2027-06-30
842517,Darko Todorovi\u0107,Fakel Voronezh,Bosnia & Herzegovina,,650000,EUR,2028-06-30
860112,Maksim Sidorov,Akhmat Grozny,Russia,,825000,EUR,2028-06-30
862055,Gedson Fernandes,FC Spartak Moscow,Portugal,,16900000,EUR,2029-06-30
891597,Arsen Adamov,Akhmat Grozny,Russia,,1100000,EUR,2029-06-30
970516,Mirlind Daku,Rubin Kazan,Albania,,9600000,EUR,2029-06-30
989614,Ruslan Bezrukov,Rubin Kazan,Russia,,930000,EUR,2029-06-30
994005,Danila Vedernikov,Orenburg,Russia,,800000,EUR,2027-06-30
1017134,Dardan Shabanhaxhaj,Rubin Kazan,Kosovo,,1600000,EUR,2030-06-30
1023126,Aleksa \u0110urasovi\u0107,Akron Togliatti,Serbia,,1500000,EUR,2028-06-30
1111527,Ramiro Di Luciano,CSKA Moscow,Argentina,,830000,EUR,2028-06-30
1152476,Ilya Rozhkov,Rubin Kazan,Russia,,5300000,EUR,2028-06-30
1157229,Ilya Kirsch,Baltika Kaliningrad,Russia,,725000,EUR,2030-06-30
1217937,Edgardo Fari\u00f1a,Pari Nizhny Novgorod,Panama,,815000,EUR,2028-06-30
1983378,Mehdi Zare,Persepolis FC,Iran,,775000,EUR,2030-06-30
2066185,Timofey Marinkin,Dynamo Moscow,Russia,,930000,EUR,2029-12-31
112833,Irakli Kvekveskiri,No team,Russia,,185000,EUR,
138123,Amar Rahmanovi\u0107,Krylya Sovetov Samara,Bosnia & Herzegovina,,790000,EUR,2027-06-30
287607,Jemal Tabidze,No team,Georgia,,940000,EUR,
580800,Fran\u00e7ois Kamano,No team,Guinea,,1100000,EUR,
790003,Brian Mansilla,Akhmat Grozny,Argentina,,1200000,EUR,2028-06-30
796658,Kristijan Bistrovi\u0107,Akron Togliatti,Croatia,,1500000,EUR,2028-06-30
825885,Aleksandr Rudenko,Lokomotiv Moscow,Russia,,2600000,EUR,2028-06-30
830724,Alexander Erokhin,Zenit St. Petersburg,Russia,,97000,EUR,2027-06-30
858628,Ivan Sergeev,Dynamo Moscow,Russia,,2600000,EUR,2028-06-30
887073,Soslan Kagermazov,Dinamo Makhachkala,Russia,,620000,EUR,2027-06-30
901109,Soltmurad Bakaev,Rodina Moscow,Russia,,635000,EUR,2028-06-30
901470,Gerzino Nyamsi,Lokomotiv Moscow,Cameroon,,3800000,EUR,2027-06-30
947271,Andrey Mendel,Baltika Kaliningrad,Russia,,960000,EUR,2027-06-30
993560,Manfred Ugalde,FC Spartak Moscow,Costa Rica,,12400000,EUR,2028-06-30
1001955,Kirill Kravtsov,FC Sochi,Russia,,1200000,EUR,
1047376,Maksim Saveljev,Orenburg,Russia,,720000,EUR,2029-06-15
1152478,Ivan Lepskiy,Krylya Sovetov Samara,Russia,,825000,EUR,2029-06-30
1185703,Alexis Cantero,Sportivo Luque\u00f1o,Paraguay,,935000,EUR,2026-12-31
1435965,Kurban Rasulov,Dynamo Moscow,Russia,,1200000,EUR,2028-06-30
799711,Milo\u0161 \u0160atara,FK TSC Ba\u010dka Topola,Bosnia & Herzegovina,,435000,EUR,2028-06-30
803483,Levi Garc\u00eda,FC Spartak Moscow,Trinidad and Tobago,,7400000,EUR,2028-06-30
864201,Stefan Lon\u010dar,Akron Togliatti,Montenegro,,1100000,EUR,2028-06-30
874936,Dominik Oroz,Krylya Sovetov Samara,Croatia,,1100000,EUR,2027-06-30
878939,Diego Luna,Zhetysu Taldykorgan,Venezuela,,410000,EUR,2026-12-31
939494,Aleksandr Soldatenkov,FC Sochi,Russia,,1900000,EUR,2028-06-30
965025,Veldin Hod\u017ea,Rubin Kazan,Kosovo,,3800000,EUR,2028-06-30
983539,Daniil Denisov,FC Spartak Moscow,Russia,,3900000,EUR,2030-06-30
1031284,Ugochukwu Iwu,Rubin Kazan,Armenia,,2900000,EUR,2028-06-30
1095726,El Mehdi Maouhoub,Dynamo Moscow,Morocco,,1100000,EUR,2029-06-30
1132017,Oumar Sako,FC Rostov,Niger,,2700000,EUR,2027-06-30
1135967,Turpal-Ali Ibishev,Akhmat Grozny,Russia,,1100000,EUR,2028-06-30
1153952,Milan Majstorovi\u0107,Dynamo Moscow,Serbia,,1200000,EUR,2027-06-30
1493291,Ivan Bober,Krylya Sovetov Samara,Russia,,640000,EUR,2029-06-30
1803813,Dmitriy Aleksandrov,Dynamo Moscow,Russia,,365000,EUR,2027-12-31
1812304,Artem Khmarin,FC Krasnodar,Russia,,390000,EUR,2028-06-30
2122550,Denis Popenkov,Akron Togliatti,Russia,,190000,EUR,2030-06-30
2124327,Ivan Ivashchenko,Orenburg-2,Russia,,195000,EUR,2029-06-30
2363735,Pavel Polekh,Spartak-2 Moscow U21,Russia,,270000,EUR,2028-06-30
280815,Sr\u0111an Babi\u0107,FC Spartak Moscow,Serbia,,4099999,EUR,2027-06-30
541426,Daler Kuzyaev,No team,Russia,,2900000,EUR,
795746,Georgiy Melkadze,Akhmat Grozny,Russia,,1700000,EUR,2027-06-30
800844,Dmitry Rybchinskiy,Orenburg,Russia,,680000,EUR,2027-06-12
825675,Joao Escoval,Akron Togliatti,Portugal,,770000,EUR,2027-06-30
848073,Anton Zinkovski,FC Spartak Moscow,Russia,,2200000,EUR,2027-06-30
858859,Egor Golenkov,FC Rostov,Russia,,1800000,EUR,2026-12-31
875283,Nikita Kakkoev,Pari Nizhny Novgorod,Russia,,825000,EUR,2027-06-30
891991,Mihajlo Banjac,Krylya Sovetov Samara,Serbia,,1500000,EUR,2028-06-30
943471,Daniil Lesovoy,Dinamo Makhachkala,Russia,,1200000,EUR,2027-06-30
963121,Danila Khotulev,Orenburg,Russia,,855000,EUR,2028-06-30
1111215,Gilson Tavares,Akron Togliatti,Cape Verde,,1200000,EUR,2028-06-30
1127504,Sergey Babkin,Krylya Sovetov Samara,Russia,,2100000,EUR,2029-06-30
1127856,Daniil Kuznetsov,Rubin Kazan,Russia,,485000,EUR,2027-06-30
1133573,Gustavo Furtado,NPS Volos,Brazil,,620000,EUR,2029-06-30
1384968,Renaldo Cephas,Qaraba\u011f FK,Jamaica,,965000,EUR,2029-06-30
1510561,Artem Bandikyan,CSKA Moscow,Armenia,,730000,EUR,2028-06-30
1514910,German Ignatov,FC Rostov,Russia,,620000,EUR,2027-06-30
2057441,Ilyas Akhmedov,Dinamo Makhachkala,Russia,,760000,EUR,2027-06-30
2076904,Daniil Kondakov,Zenit St. Petersburg,Russia,,1400000,EUR,2031-06-30
227756,Christopher Martins,FC Spartak Moscow,Luxembourg,,3800000,EUR,2028-06-30
366138,Nikolay Komlichenko,Lokomotiv Moscow,Russia,,2900000,EUR,2028-06-30
796162,Maksim Kuzmin,FC Sochi,Russia,,850000,EUR,2028-06-30
800900,Nikolay Rasskazov,Krylya Sovetov Samara,Russia,,1300000,EUR,2028-06-30
857050,Mikhail Ignatov,FC Sochi,Russia,,1200000,EUR,2028-06-30
887382,Baktiyor Zaynutdinov,Dynamo Moscow,Kazakhstan,,2300000,EUR,2029-06-30
919367,Edgar Sevikyan,Ferencv\u00e1ros TC,Armenia,,1100000,EUR,2028-06-30
942617,Ilya Samoshnikov,Rubin Kazan,Russia,,1900000,EUR,2027-06-30
956843,Evgeniy Bolotov,Orenburg,Russia,,730000,EUR,2028-06-30
963400,Vyacheslav Litvinov,FC Sochi,Russia,,755000,EUR,2029-06-30
996977,Ivan Kukushkin,Baltika Kaliningrad,Russia,,290000,EUR,2028-06-30
1092265,Andrey Langovich,FC Rostov,Russia,,1400000,EUR,2028-06-30
1126180,Artem Shumanskiy,CSKA Moscow,Belarus,,670000,EUR,2029-06-30
1130027,Jhon Palacios,Orenburg,Colombia,,675000,EUR,2029-06-30
1152461,Danila Kozlov,CSKA Moscow,Russia,,2800000,EUR,2029-06-30
1467032,Mikhail Ryadno,Baltika Kaliningrad,Russia,,970000,EUR,2029-12-31
1510564,Renat Golybin,Orenburg,Russia,,390000,EUR,2028-06-30
1809445,Nikita Bazilevskiy,Akron Togliatti,Russia,,285000,EUR,2029-06-30
2006660,Viktor Okishor,Dynamo Moscow,Russia,,735000,EUR,2029-06-30
2053191,Vladimir Ignatenko,Krylya Sovetov Samara,Russia,,415000,EUR,2027-06-30
44578,Aleksandr Zotov,No team,Russia,,97000,EUR,
798240,Konstantin Savichev,No team,Russia,,645000,EUR,
811055,Vladislav Kamilov,Spartak Kostroma,Russia,,480000,EUR,2027-06-30
814892,Dmitri Skopintsev,Dynamo Moscow,Russia,,2300000,EUR,2029-06-30
850011,Mohamed Konat\u00e9,Akhmat Grozny,Burkina Faso,,1000000,EUR,2028-06-30
859209,Gedeon Guzina,Orenburg,Bosnia & Herzegovina,,320000,EUR,2027-06-11
918949,Aleksandar Juki\u0107,Rubin Kazan,Austria,,680000,EUR,2028-06-30
996805,Mohammad Mohebi,FC Rostov,Iran,,2300000,EUR,
997122,Maksim Mukhin,FC Rostov,Russia,,1300000,EUR,2029-06-30
1016660,Marcelo Alves,FC Sochi,Brazil,,775000,EUR,2028-06-30
1016865,Alexandre Jesus,Orenburg,Brazil,,750000,EUR,2029-06-08
1026451,Kirill Zinovich,Dinamo Makhachkala,Belarus,,340000,EUR,2027-06-30
1032896,Ivan Komarov,FC Rostov,Russia,,1600000,EUR,2029-06-30
1046478,Ifet \u0110akovac,FK Vojvodina,Bosnia & Herzegovina,,2100000,EUR,
1047454,Nikita Glushkov,Dinamo Makhachkala,Russia,,930000,EUR,2027-06-30
1084244,Sergey Pryakhin,Akhmat Grozny,Russia,,1200000,EUR,2029-06-30
1429958,Matija Popovi\u0107,CSKA Moscow,Serbia,,2000000,EUR,2028-06-30
1510565,Dzhamalutdin Abdulkadyrov,CSKA Moscow,Russia,,960000,EUR,2027-06-30
1809161,Daniil Chevardin,Lokomotiv Moscow,Russia,,485000,EUR,2028-06-30
2070025,Artem Sidorenko,Pari Nizhny Novgorod,Russia,,240000,EUR,2029-06-30
256169,Hidajet Hanki\u0107,No team,Bosnia & Herzegovina,,240000,EUR,
336287,Artem Timofeev,Pari Nizhny Novgorod,Russia,,650000,EUR,2028-06-30
836628,Roman Ezhov,FC Sochi,Russia,,775000,EUR,2028-06-30
913905,Stefan Kova\u010d,Baltika Kaliningrad,Bosnia & Herzegovina,,970000,EUR,2030-06-30
943154,Amir Mokhammad,Spartak Kostroma,Russia,,390000,EUR,2027-06-30
957543,Tigran Avanesyan,Arsenal Tula,Armenia,,620000,EUR,2027-06-30
978648,Ilya Agapov,FC Ufa,Russia,,530000,EUR,2027-06-30
996980,Aleksandr Sandrachuk,Dinamo Makhachkala,Russia,,415000,EUR,2027-06-30
1008379,Daniil Odoevski,Zenit St. Petersburg,Russia,,645000,EUR,2027-06-30
1011367,Aymane Mourid,Baltika Kaliningrad,Morocco,,720000,EUR,2029-06-05
1152451,Aleksey Baranovskiy,Orenburg,Russia,,230000,EUR,2027-06-30
1157095,Daniil Zorin,FC Spartak Moscow,Russia,,660000,EUR,2028-06-30
1157245,Nikita Saltykov,Lokomotiv Moscow,Russia,,1500000,EUR,2028-01-31
1400982,Kirill Pomeshkin,Mashuk-KMV Pyatigorsk,Russia,,53000,EUR,2027-06-30
1479428,Gonzalo Requena,Krylya Sovetov Samara,Argentina,,1200000,EUR,2026-12-31
1516489,Vakhtang Bedoshvili,FC Iberia 1999,Georgia,,375000,EUR,2026-12-31
1798240,Artem Korneev,Tekstilshchik Ivanovo,Russia,,270000,EUR,2027-06-30
2114050,Gadzhi Budunov,Dinamo Makhachkala,Russia,,110000,EUR,2027-06-30
280663,Igor Leshchuk,Dynamo Moscow,Russia,,625000,EUR,2028-06-30
280811,Milan Gaji\u0107,CSKA Moscow,Serbia,,3600000,EUR,2027-06-30
326399,Rifat Zhemaletdinov,No team,Russia,,1200000,EUR,
334977,Vladimir Iljin,No team,Russia,,430000,EUR,
344953,Th\u00e9o Bongonda,No team,DR Congo,,3100000,EUR,
798207,Aleksey Gritsaenko,Rubin Kazan,Russia,,1000000,EUR,2027-06-30
798599,Artem Makarchuk,FC Sochi,Russia,,720000,EUR,2027-06-30
919677,Yahia Attiyat Allah,FC Sochi,Morocco,,770000,EUR,2027-06-30
943341,Gamid Agalarov,Dinamo Makhachkala,Russia,,1400000,EUR,2027-06-30
954073,Ruslan Kul,Orenburg,Russia,,390000,EUR,2028-06-15
994190,Derik Lacerda,Cuiab\u00e1,Brazil,,1500000,EUR,2028-12-31
1026752,Vadim Pigas,Pari Nizhny Novgorod,Belarus,,760000,EUR,2028-06-30
1029781,Nemanja Stoji\u0107,FC Sochi,Serbia,,2100000,EUR,2028-06-30
1089228,Aleksandr Kutitskiy,Dynamo Moscow,Russia,,1100000,EUR,2029-06-30
1126118,Irakliy Manelov,Baltika Kaliningrad,Russia,,485000,EUR,2028-06-30
1131236,Moses David Cobnan,FC Krasnodar,Nigeria,,830000,EUR,2028-06-30
1138476,Nikita Ermakov,Pari Nizhny Novgorod,Russia,,455000,EUR,2028-06-30
1179168,Andr\u00e9s Alarc\u00f3n,Dinamo Makhachkala,Colombia,,790000,EUR,2029-06-30
1218681,Abakar Gadzhiev,Akhmat Grozny,Russia,,440000,EUR,2029-06-30
1432336,Matvey Urvantsev,Chelyabinsk,Russia,,485000,EUR,2027-06-30
227446,Aleksandr Vasyutin,No team,Russia,,635000,EUR,
368422,Adri\u00e1n Balboa,Pari Nizhny Novgorod,Uruguay,,460000,EUR,2027-06-30
546336,Martin Kramari\u010d,Krylya Sovetov Samara,Slovenia,,680000,EUR,2029-06-30
857061,Vladislav Karapuzov,Pari Nizhny Novgorod,Russia,,320000,EUR,2027-06-30
939498,Vladislav Sarvelyi,Pari Nizhny Novgorod,Russia,,770000,EUR,2028-06-30
954026,Bogdan Jo\u010di\u0107,Rubin Kazan,Serbia,,980000,EUR,2027-06-30
1006699,Yuri Kovalev,BATE Borisov,Belarus,,360000,EUR,2026-12-31
1017043,Maksim Nenakhov,Lokomotiv Moscow,Russia,,2400000,EUR,2028-06-30
1023558,Tamerlan Musaev,CSKA Moscow,Russia,,2600000,EUR,2028-06-30
1091613,Viktor Aleksandrov,Pari Nizhny Novgorod,Russia,,865000,EUR,2026-12-31
1114408,Jacques Siwe,Rubin Kazan,France,,2400000,EUR,2029-06-30
1138502,Aleksandr Kovalenko,Lokomotiv Moscow,Russia,,1200000,EUR,2027-06-30
1152473,Egor Smelov,Dynamo Moscow,Russia,,775000,EUR,2027-06-30
1466522,Dami\u00e1n Puebla,Orenburg,Argentina,,2100000,EUR,2029-06-30
1546488,Papa Amady Gadio,Akhmat Grozny,Senegal,,465000,EUR,2029-06-30
1809458,Aleksandr Tarasov,Spartak Kostroma,Russia,,280000,EUR,2027-06-30
1819700,Vladislav Pospelov,Baltika-2 Kaliningrad,Russia,,110000,EUR,2030-06-30
1919299,Anas El Mahraoui,Akhmat Grozny,Morocco,,425000,EUR,2029-06-30
1961776,Vadim Shilov,Zenit St. Petersburg,Russia,,865000,EUR,2031-06-30
1991585,Hazem Mastouri,Dinamo Makhachkala,Tunisia,,855000,EUR,2028-06-30
138451,Serder Serderov,Dinamo Makhachkala,Russia,,265000,EUR,2027-06-30
790050,Dani Fern\u00e1ndez,Krylya Sovetov Samara,Spain,,680000,EUR,2028-06-30
825888,Vyacheslav Grulev,Pari Nizhny Novgorod,Russia,,765000,EUR,2027-06-30
852142,Thomas Galdames,Krylya Sovetov Samara,Chile,,970000,EUR,2027-06-30
855666,Oleg Reabciuk,No team,Moldova,,2300000,EUR,
886726,Roman Evgenyev,Pari Nizhny Novgorod,Russia,,760000,EUR,2028-06-30
921346,Ivan Lomaev,Chelyabinsk,Russia,,515000,EUR,2027-06-30
989299,Nnamdi Chinonso Offor,Baltika Kaliningrad,Nigeria,,1000000,EUR,2029-06-30
1002552,Olakunle Olusegun,FC Rostov,Nigeria,,2300000,EUR,2029-06-30
1005881,Galymzhan Kenzhebek,Akhmat Grozny,Kazakhstan,,580000,EUR,2030-06-30
1126652,Yaroslav Gladyshev,Dynamo Moscow,Russia,,3200000,EUR,2030-06-30
1156865,Yaroslav Krashevskiy,Arsenal Tula,Russia,,270000,EUR,2027-06-30
1156886,Ulvi Babaev,Dynamo Moscow,Russia,,730000,EUR,2030-06-30
1157270,Yuriy Koledin,Pari Nizhny Novgorod,Russia,,775000,EUR,2029-06-30
1396573,Danila Godyaev,Lokomotiv Moscow,Russia,,740000,EUR,2028-06-30
1415150,Maksim Shnaptsev,Baltika Kaliningrad,Russia,,730000,EUR,2030-06-30
1423683,Daniil Shantaliy,FC Rostov,Russia,,730000,EUR,2027-06-30
1472147,Andrey Ivlev,Pari Nizhny Novgorod,Russia,,1300000,EUR,2028-06-30
1592493,Abdulpasha Dzhabrailov,Dinamo Makhachkala,Russia,,420000,EUR,2027-06-30
1872204,Arseniy Dmitriev,Akron Togliatti,Russia,,520000,EUR,2030-06-30
149159,Khoren Bayramyan,Ural Yekaterinburg,Armenia,,290000,EUR,2027-06-30
279595,Ionu\u021b Nedelcearu,Akron Togliatti,Romania,,1500000,EUR,2027-06-30
800753,Evgeny Latyshonok,Zenit St. Petersburg,Russia,,1400000,EUR,2028-06-30
812891,Kirill Zaika,FC Sochi,Russia,,310000,EUR,2027-06-30
890635,Vladan Bubanja,FC Rapid Bucure\u0219ti,Montenegro,,805000,EUR,2027-06-30
924031,Stepan Oganesyan,No team,Russia,,325000,EUR,
940692,Adolfo Gaich,CSKA Moscow,Argentina,,970000,EUR,2028-12-31
955051,Tenton Yenne,Baltika Kaliningrad,Nigeria,,540000,EUR,2028-06-30
957547,Konstantin Maradishvili,Akron Togliatti,Russia,,550000,EUR,2029-06-30
1032901,Pavel Gorelov,Rotor Volgograd,Armenia,,525000,EUR,2029-06-30
1109891,Valeriy Tsarukyan,Pari Nizhny Novgorod,Russia,,245000,EUR,2027-06-30
1157277,Zakhar Fedorov,FC Sochi,Russia,,360000,EUR,2027-06-30
1415444,Egor Lyubakov,Baltika Kaliningrad,Russia,,375000,EUR,2027-12-31
1523447,Lionel Verde,Club Atl\u00e9tico Uni\u00f3n de Santa Fe,Argentina,,650000,EUR,2027-12-31
1621232,Nikita Vasiljev,Neftekhimik Nizhnekamsk,Russia,,180000,EUR,2027-06-30
1989011,Ibraheem Ajasa,FC Rostov,Nigeria,,160000,EUR,2027-06-30
2124312,Nikolay Koserik,Orenburg,Russia,,110000,EUR,2027-12-31
2161682,Dmitriy Nikitin,Baltika Kaliningrad,Russia,,180000,EUR,2030-06-30
68475,Evgeni Frolov,Krylya Sovetov Samara,Russia,,52000,EUR,
798536,Ruslan Magal,FC Sochi,Russia,,145000,EUR,2027-06-30
799136,Alexey Sutormin,Fakel Voronezh,Russia,,650000,EUR,
881200,Jimmy Mar\u00edn,Krylya Sovetov Samara,Costa Rica,,770000,EUR,2028-06-30
954065,Timur Suleymanov,FC Rostov,Russia,,1600000,EUR,2030-06-30
996967,Vladimir Khubulov,Dinamo Makhachkala,Russia,,420000,EUR,2028-06-30
1022272,Sa\u00fal Guarirapa,Zhejiang,Venezuela,,860000,EUR,2026-12-31
1028771,Maksim Voronov,CSKA Moscow,Russia,,2200000,EUR,2030-06-30
1047581,Temirkan Sundukov,Dinamo Makhachkala,Russia,,1000000,EUR,2027-06-30
1136806,Nabil Aberdin,FC Sochi,France,,465000,EUR,2028-06-30
1157210,Egor Pogostnov,Lokomotiv Moscow,Russia,,1600000,EUR,2029-06-30
1157264,Kirill Stolbov,Krylya Sovetov Samara,Russia,,645000,EUR,2029-12-31
1390714,Daniil Motorin,Rubin Kazan,Russia,,635000,EUR,2027-06-30
1397782,Ruslan Bart,FC Sochi,Russia,,310000,EUR,2027-06-30
1434577,Ilya Zhbanov,FC Rostov,Russia,,245000,EUR,2027-06-30
1466333,Anton Shamonin,FC Rostov,Russia,,340000,EUR,2027-06-30
1825383,Makar Chirkov,FC Sochi,Russia,,155000,EUR,2028-06-30
1845520,Atsamaz Revazov,Rotor Volgograd,Russia,,280000,EUR,2027-06-30
1961732,Eldar Guseynov,Krasnodar U20,Russia,,290000,EUR,2029-06-30
155778,Cristian Ram\u00edrez,Lokomotiv Moscow,Ecuador,,1500000,EUR,2027-06-30
190353,Aleksandr Lomakin,Torpedo Moscow,Russia,,470000,EUR,2027-06-30
295481,Georgiy Zotov,Sibir Novosibirsk,Russia,,47000,EUR,2027-06-30
836607,Anri Chichinadze,Navbahor Namangan,Georgia,,670000,EUR,2026-12-31
956766,Daniil Khlusevich,FC Spartak Moscow,Russia,,2100000,EUR,2027-06-30
988861,Ivan Ignatyev,Orenburg,Russia,,515000,EUR,2027-06-30
1018826,Imadeddine Azzi,USM Alger,Algeria,,330000,EUR,2028-06-30
1048340,Aleksandr Osipov,FC Sochi,Russia,,390000,EUR,2028-06-30
1096378,Luciano Gondou,CSKA Moscow,Argentina,,6500000,EUR,2030-06-30
1120365,Juan Castillo,No team,Colombia,,330000,EUR,
1138178,Jan \u0110apo,Dinamo Makhachkala,Slovenia,,620000,EUR,2028-06-30
1151998,Ruslan Myalkovskiy,Lokomotiv Moscow,Belarus,,325000,EUR,2028-06-30
1156975,Pavel Meleshin,FC Sochi,Russia,,660000,EUR,2028-06-30
1157027,Leon Zaydenzal,Dynamo Moscow,Russia,,720000,EUR,2028-06-30
1390061,Razhab Magomedov,Dinamo Makhachkala,Russia,,530000,EUR,2027-06-30
1390571,Yomar Rocha,Akron Togliatti,Bolivia,,875000,EUR,2029-06-30
1436409,Stanislav Poroykov,Orenburg,Russia,,315000,EUR,2028-06-09
1822156,Nikita Massalyga,FC Spartak Moscow,Russia,,375000,EUR,2028-06-30
1838909,Kirill Stepanov,Volga Ulyanovsk,Russia,,240000,EUR,2027-06-30
1906371,Gleb Popolitov,Pari Nizhny Novgorod,Russia,,720000,EUR,2027-06-30
42869,Anton Zabolotnyi,No team,Russia,,320000,EUR,
825882,Daniil Utkin,FC Krasnodar,Russia,,1600000,EUR,2029-06-30
963113,Sergey Volkov,Zenit St. Petersburg,Russia,,1400000,EUR,2028-06-30
1000257,Yaroslav Mikhailov,FC Rostov,Russia,,680000,EUR,2029-06-30
1022020,Vadim Lukyanov,No team,Russia,,265000,EUR,
1023535,Ilya Lantratov,Lokomotiv Moscow,Russia,,1400000,EUR,2029-06-30
1048200,Mamadou Maiga,Pari Nizhny Novgorod,Mali,,665000,EUR,2027-06-30
1098305,Daniel Ruiz,Millonarios,Colombia,,965000,EUR,2027-06-30
1142781,Marat Apshatsev,Dinamo Makhachkala,Russia,,230000,EUR,2027-06-30
1473247,Saeid Saharkhizan,Esteghlal FC,Iran,,875000,EUR,2028-06-30
1802588,Enri Mukba,Neftekhimik Nizhnekamsk,Russia,,93000,EUR,2027-06-30
1812299,Ignat Terekhovskiy,Akron Togliatti,Russia,,415000,EUR,2028-06-30
1838113,Shamil Gadzhiev,Naftan Novopolotsk,Russia,,185000,EUR,2026-12-31
1872206,Nikita Shershov,Enisey Krasnoyarsk,Russia,,380000,EUR,2027-06-30
1885942,Egor Guziev,Tekstilshchik Ivanovo,Russia,,220000,EUR,2027-06-30
1961698,Efim Burkin\u00a0,Krasnodar U20,Russia,,310000,EUR,2028-06-30
1994995,Kazbek Mukailov,FC Krasnodar,Russia,,655000,EUR,2028-06-30
